,Ticker,MA20,MACD,Signal_Line,Volume
0,AMGN,0.19468646719205696,0.3229233291596651,0.270161594600476,0.0
1,AMGN,0.1919332480261997,0.3270008088556422,0.27282670035119033,0.0
2,AMGN,0.19104682608117352,0.3289151525559303,0.2754338811798192,0.04755371208843013
3,AMGN,0.18978459629812416,0.3241595803097455,0.27633940181290095,0.04119146376215052
4,AMGN,0.18832220417151646,0.3219186793650864,0.27650767806822046,0.037412004348330856
5,AMGN,0.18693334239709536,0.31855631809842655,0.2758078380742153,0.03360475220494851
6,AMGN,0.18599585976440292,0.32026781869834453,0.27567272129888976,0.029246394860807677
7,AMGN,0.18468607675838045,0.3211951431512988,0.27579476855280277,0.0379122734804589
8,AMGN,0.1829377422377565,0.32258642255329767,0.27623769001422516,0.08061949642388486
9,AMGN,0.1815304986855859,0.32449618113963,0.2770659854912314,0.0
10,AMGN,0.1801947358078062,0.3268330751059237,0.2783085853917119,0.0
11,AMGN,0.1790346266521221,0.32947798802841366,0.2799590720758484,0.0
12,AMGN,0.17858308236934195,0.3318216684532228,0.28186110918548546,0.0
13,AMGN,0.17765581122594498,0.334927464767883,0.2841535263310522,0.0
14,AMGN,0.17643034275449532,0.329670380529805,0.2846827722363694,0.0
15,AMGN,0.17521712896775998,0.32646136557220895,0.2843097650014468,0.0
16,AMGN,0.1734197752096338,0.32677239352376497,0.2840885492220649,0.0
17,AMGN,0.17086875709495475,0.31534061742763675,0.28107447179734185,0.11443586036088331
18,AMGN,0.16896110868117598,0.3140545316146872,0.27834403283694875,0.03720179984309421
19,AMGN,0.1669227438797649,0.31554380394837017,0.2765292849264905,0.04798625843016813
20,AMGN,0.16502502550043774,0.31675658624132486,0.2753784713652537,0.0236108032802457
21,AMGN,0.1621839828393825,0.3094334767767306,0.2726403925989279,0.04828265557771938
22,AMGN,0.15877309310062526,0.29665904712955143,0.26727960894801805,0.08088018519104863
23,AMGN,0.15606888843514888,0.28815008628542416,0.2608792529782563,0.10310504596354579
24,AMGN,0.15332792370468384,0.2829945902484491,0.2544794922543382,0.0
25,AMGN,0.15097910963304972,0.2818916329535754,0.24908595495531705,0.0
26,AMGN,0.14837090149376997,0.2830795821810523,0.24506594688557296,0.0
27,AMGN,0.14590362546989555,0.2854937455057503,0.24244908043233102,0.0
28,AMGN,0.14361608606844478,0.29033565397752575,0.24155723797185213,0.0
29,AMGN,0.14117331891535456,0.2936937567224781,0.24167716813425083,0.0
30,AMGN,0.13873463665716956,0.29755911941227947,0.24273240668644216,0.0
31,AMGN,0.13639807677160554,0.30280269113335095,0.2448779318423285,0.0
32,AMGN,0.13392671535418166,0.3060772045932798,0.24740701115321267,0.0
33,AMGN,0.13148803309599688,0.3105472812082202,0.2505396451598644,0.0
34,AMGN,0.12991534606441424,0.3156895786487933,0.25432195272419034,0.05208339929709021
35,AMGN,0.12858979916372948,0.323371027326893,0.2592541582723459,0.045918690434727544
36,AMGN,0.12714783176096778,0.33103268788441176,0.2651013712495971,0.037675859375824544
37,AMGN,0.12690110251305398,0.33780580286142897,0.27146007352325013,0.02531161278747005
38,AMGN,0.12617603616066808,0.3455265072211823,0.2784631371992808,0.02987665656981428
39,AMGN,0.12543258852917716,0.3535215782058751,0.2860497815048117,0.04389914405429081
40,AMGN,0.12485661685166272,0.3611494076721816,0.2940121493865612,0.08186225360338016
41,AMGN,0.12510375124814965,0.3669507545484317,0.3018218050149377,0.0
42,AMGN,0.1261821657469251,0.37249332143788855,0.3094450675793468,0.0
43,AMGN,0.12726874928754373,0.37755647047196506,0.31680023516953365,0.0
44,AMGN,0.1282899730137521,0.38133228013391646,0.32362143865507326,0.0
45,AMGN,0.12895989577814437,0.3824338093652202,0.3293517757507459,0.0
46,AMGN,0.12995661013492343,0.3876192501654962,0.33522295297928506,0.0
47,AMGN,0.13112897497261078,0.3938101749690218,0.3414563403971921,0.0
48,AMGN,0.13179481284209804,0.3950817395281902,0.3467586235097832,0.0
49,AMGN,0.13265264077211292,0.39645584105652476,0.3513414705036358,0.0
50,AMGN,0.13435604119946154,0.4064348846033466,0.357484317979039,0.047949846436374
51,AMGN,0.13616156399943113,0.4162951619981449,0.36484569080296975,0.0390083272646677
52,AMGN,0.13793738753908147,0.42158293042164763,0.3720470919847658,0.03208494724658484
53,AMGN,0.13986954108381178,0.42794823164509266,0.37938793479584937,0.028835484631324165
54,AMGN,0.1419671386065986,0.4349669545072007,0.38700249518411023,0.05422519850693235
55,AMGN,0.14432411847888726,0.4454706990717817,0.39570093214106306,0.05897634803533546
56,AMGN,0.14661166211881538,0.453226260555532,0.40458443430295526,0.09020939534981899
57,AMGN,0.14891105230301882,0.4588042629077023,0.41307556836381204,0.0
58,AMGN,0.15064917508502518,0.4583425277693559,0.41975388353451437,0.0
59,AMGN,0.15220551904647772,0.45674098153787834,0.4246990686051987,0.0
60,AMGN,0.15429698548707416,0.46126769673934953,0.42977864361866386,0.0
61,AMGN,0.15624956525158384,0.4620465973579665,0.434035608909925,0.0
62,AMGN,0.15817355075175987,0.4622715763365243,0.43749701576870614,0.0
63,AMGN,0.1600362628283638,0.4615048894588377,0.4400758671457919,0.0
64,AMGN,0.16211955922982813,0.462062360670911,0.44227729982459196,0.0
65,AMGN,0.1642355347905311,0.4600640097011753,0.44354250106081433,0.0
66,AMGN,0.1644642876585909,0.4422080490862539,0.44012322189867686,0.0577573378083146
67,AMGN,0.16494426430584164,0.4323506621768081,0.43494142107757083,0.027050593322005156
68,AMGN,0.16564135446362482,0.42287914716978403,0.4284453674909653,0.02071349917501328
69,AMGN,0.16649305629789324,0.41713575659569085,0.4218231467244925,0.01930416152149363
70,AMGN,0.16652573620509847,0.4127411191089881,0.4154347218158707,0.02592358054790376
71,AMGN,0.16640318811134258,0.4096454266865101,0.40955570198556623,0.03549008432806679
72,AMGN,0.16660853610731396,0.40828594236029037,0.40451509327206936,0.05594307063926796
73,AMGN,0.16656360400861603,0.4069785165551822,0.4001581331837338,0.0
74,AMGN,0.16607954246646028,0.4036343836161858,0.39584262796792213,0.0
75,AMGN,0.16528503339933653,0.4031308907859426,0.3922652684152821,0.0
76,AMGN,0.16448847590102833,0.40272364003007,0.38930231047008934,0.0
77,AMGN,0.16322215848053,0.39757117889987553,0.38565322136012686,0.0
78,AMGN,0.1626911221429017,0.3970864448943792,0.3826136502025003,0.0
79,AMGN,0.16179652916145448,0.3923645223234373,0.37901012032469444,0.03965318895186229
80,AMGN,0.16048936179461948,0.3908672947801589,0.37575571886391196,0.023422586693966865
81,AMGN,0.159353761011076,0.38952233386053686,0.37281840922266163,0.031024953649466835
82,AMGN,0.15828760344091486,0.3896357293696848,0.37049670367591225,0.016713808764912207
83,AMGN,0.1573113128106931,0.39054880079381193,0.3688659426376226,0.02598778527126056
84,AMGN,0.15622881815413447,0.3921207366295639,0.36795145225134435,0.021061611907953293
85,AMGN,0.15534648185197963,0.39380660113362853,0.36763825287081014,0.04076894391145729
86,AMGN,0.1562165657133201,0.3979110943893164,0.36840633451403626,0.0
87,AMGN,0.15660667168079812,0.40074656030749584,0.3697244974782658,0.0
88,AMGN,0.1569471448288431,0.40106091310694497,0.3708570430092444,0.0
89,AMGN,0.15693284645006478,0.3995245565706043,0.37138179095628054,0.0
90,AMGN,0.15746796768259808,0.4043700730258344,0.3730041354348196,0.0
91,AMGN,0.15749656394150935,0.4033142650325924,0.3740399836737278,0.0
92,AMGN,0.15788054655578576,0.4073401550992658,0.3758677959026451,0.0
93,AMGN,0.15732499860482863,0.4004414534349043,0.3756179460566796,0.0360499846964084
94,AMGN,0.1567286036994009,0.3923641948634511,0.37341347573997496,0.025243362287025017
95,AMGN,0.1558582762502725,0.3854172994037577,0.36992583926215256,0.013838140771934269
96,AMGN,0.15461238629616458,0.3762377276752156,0.3648575707803097,0.02176416989449317
97,AMGN,0.15415488006140077,0.3727555531278529,0.35993876008652453,0.017068078115160406
98,AMGN,0.15408470284346554,0.37791118370681215,0.35728322086984177,0.0349023912301625
99,AMGN,0.15442374986853324,0.3821046893548315,0.35619952147968736,0.0424868160437929
100,AMGN,0.15454221281806224,0.3854035337520661,0.35615125953469284,0.0
101,AMGN,0.15465250498049277,0.387793030972629,0.3567056684195719,0.0
102,AMGN,0.15424401549000932,0.3854289172395112,0.3565624766863737,0.0
103,AMGN,0.15418274281440358,0.38807848526656624,0.35710548535382136,0.0
104,AMGN,0.15408878773837054,0.3906974310457289,0.3581898546017464,0.0
105,AMGN,0.15454221007551805,0.39894182163066094,0.361103418774959,0.0
106,AMGN,0.1543461351200861,0.4013367329038313,0.3640286321981664,0.0
107,AMGN,0.15348830719007145,0.395876122279063,0.3650136045414141,0.0
108,AMGN,0.15302671406582524,0.3938882364091815,0.36530823470710966,0.0
109,AMGN,0.15170729450749798,0.38166259959488025,0.3625098160041478,0.07168026399575017
110,AMGN,0.14980985808165892,0.37229459079660254,0.3579461559806197,0.0289093640390224
111,AMGN,0.14868855742214881,0.36858168266265934,0.35337376926590336,0.02768929839189156
112,AMGN,0.14701987984810216,0.3651996180934002,0.3488765089877805,0.02161711469250335
113,AMGN,0.14620290086713572,0.36188041207811655,0.3444549499112587,0.02030118171871647
114,AMGN,0.1457719474465422,0.36108235441606873,0.3407196430304681,0.024267626395353337
115,AMGN,0.14569457653520534,0.36389119268311815,0.33842848680280185,0.0383710294215946
116,AMGN,0.14598868597648695,0.36648357647530966,0.33723893205829236,0.0
117,AMGN,0.14584979755514516,0.36780926768863,0.3366162944358827,0.0
118,AMGN,0.14508665621249484,0.3702624968195624,0.3367270195781949,0.0
119,AMGN,0.14435137537894716,0.3727171401885868,0.33742478591376346,0.0
120,AMGN,0.14390203693941528,0.3777497019690396,0.33923196546561385,0.0
121,AMGN,0.14239471071953247,0.3705250932520812,0.33888472681760173,0.0
122,AMGN,0.14219863576410052,0.3745324855324299,0.33960147881040165,0.0
123,AMGN,0.14210876807619366,0.38340838568984575,0.3423776753806786,0.0
124,AMGN,0.14150420338095637,0.3855783572692208,0.3451371698453428,0.025314075434393325
125,AMGN,0.1397844611300887,0.3818718375842732,0.3464248921877924,0.034917870725108796
126,AMGN,0.13858350352400128,0.3805211349935634,0.3471198566379676,0.015433584171512804
127,AMGN,0.13841193843664268,0.3831238760690787,0.34832176887605476,0.01873476237216224
128,AMGN,0.13795443145391229,0.3846096676933878,0.34965203809209494,0.027042677671180345
129,AMGN,0.13863660815505274,0.3871249729650023,0.3513404945804473,0.025892621558011166
130,AMGN,0.13948013995018926,0.390930608383125,0.35363573125356984,0.037781401386822025
131,AMGN,0.13999279126887987,0.39386770258139264,0.3562008400514295,0.0
132,AMGN,0.14087716902119807,0.39929342906966625,0.3595994680419309,0.0
133,AMGN,0.14160836745306304,0.40088512354946276,0.3627133925212526,0.0
134,AMGN,0.14220680181407674,0.4021022927324638,0.36550660559739817,0.0
135,AMGN,0.14282770858215565,0.406257463616315,0.36877239423170466,0.0
136,AMGN,0.14310139654077947,0.4057922148350286,0.3712695610555246,0.0
137,AMGN,0.14308505696116036,0.4012425660535274,0.3721381759687562,0.0
138,AMGN,0.14335466002487918,0.40170069818827703,0.3729467657944157,0.0
139,AMGN,0.14364468756312232,0.40244746812108123,0.37377896883567574,0.0
140,AMGN,0.14373647553060365,0.4037308517712341,0.37476323767442815,0.02685235024468156
141,AMGN,0.14476587153984322,0.4030740387237226,0.3753876468017406,0.023479931186608828
142,AMGN,0.14474132128157358,0.40083880490735196,0.37533244030379037,0.03306508072204808
143,AMGN,0.14442678387525754,0.40149259656741415,0.3754505312100076,0.01842974596037953
144,AMGN,0.14464303971742543,0.40256329427226706,0.3758107265640416,0.019065284769936006
145,AMGN,0.1455866494431528,0.40540533926141137,0.37680421327153313,0.03641797450808628
146,AMGN,0.1463505227957791,0.40703821977694965,0.37800424615449985,0.05595995736102756
147,AMGN,0.14628924887356187,0.4030506759809424,0.3779746554885334,0.0
148,AMGN,0.14676309543591137,0.40473992453702984,0.37837021572839546,0.0
149,AMGN,0.1481192797963491,0.41640872975615223,0.3815825939169247,0.0
150,AMGN,0.14956124944301052,0.4279489475115172,0.38701651400321474,0.0
151,AMGN,0.1503496341596431,0.4296918009023392,0.39179618633619573,0.0
152,AMGN,0.15089292518198594,0.43121153464109707,0.39599708728297556,0.0
153,AMGN,0.15225319518529523,0.43791951317815003,0.40102257456083384,0.0
154,AMGN,0.1532172303828354,0.4385810898624851,0.4052071525522831,0.0
155,AMGN,0.15394434167589566,0.4394085752646316,0.4087601778555998,0.0
156,AMGN,0.1550104992460568,0.43950258870820375,0.4116259300800812,0.0
157,AMGN,0.1550554769707171,0.4243320608855775,0.4101535545752395,0.12359162981491449
158,AMGN,0.15426709399933958,0.40749434352462177,0.4047969186569005,0.05514306219590708
159,AMGN,0.15353181291646978,0.39517930933294343,0.39745530070670837,0.02663634092884006
160,AMGN,0.15240450259468008,0.3822138437620076,0.38836427497113174,0.033547935422361536
161,AMGN,0.15092781084268347,0.36698635849302164,0.37731234156556925,0.033287598461901095
162,AMGN,0.1490140385770582,0.3491775988122825,0.3640510688799831,0.053496079114291446
163,AMGN,0.14691440284529667,0.3362757216607136,0.3502401005442785,0.07156117742667469
164,AMGN,0.14470888513169555,0.3263622581354453,0.33673103145359445,0.0
165,AMGN,0.14269503443683496,0.3234704541263877,0.3252060967085586,0.0
166,AMGN,0.14047693700215524,0.31940964436973607,0.31497834900807503,0.0
167,AMGN,0.1390267993109402,0.3199877006071037,0.30693961115627183,0.0
168,AMGN,0.13658403215785042,0.31582414007397586,0.2994753205827865,0.0
169,AMGN,0.13315272043779114,0.3135869650024813,0.2929486725491716,0.0
170,AMGN,0.12912501406162624,0.30916954202385877,0.28663105099000413,0.0
171,AMGN,0.12606542777790675,0.30988380634663804,0.28175421777605003,0.0
172,AMGN,0.1230834544973789,0.3127743247494917,0.2785701116193827,0.0
173,AMGN,0.11953776571998409,0.3160132026904425,0.2768266419612094,0.0
174,AMGN,0.11436424432843628,0.2983295522111544,0.2710431895097275,0.14492765095146123
175,AMGN,0.10890274033931968,0.2833718840291508,0.26270427714799727,0.08278627390966307
176,AMGN,0.10372104890863976,0.2758018229479814,0.2541544316103797,0.03714744570743051
177,AMGN,0.10068592512177599,0.278931317223977,0.2480912239289692,0.035949895689312464
178,AMGN,0.09812673871322075,0.2830634146700649,0.24426614965884044,0.03174949955496452
179,AMGN,0.0951896982793572,0.2846458491451818,0.2415988142087436,0.037214464884413906
180,AMGN,0.09296138736080461,0.2912370444969505,0.241100729459281,0.07062871375951198
181,AMGN,0.09114973622118927,0.29672404700001664,0.24206400991429874,0.0
182,AMGN,0.09003664225117425,0.30324765073902704,0.24445364319989735,0.0
183,AMGN,0.08924008799405403,0.3132419510231319,0.24884570608119388,0.0
184,AMGN,0.08822695235975742,0.31926555195321793,0.2538542760711218,0.0
185,AMGN,0.08699331409849775,0.32663590622846045,0.25969028505951297,0.0
186,AMGN,0.08563712899009324,0.3292981343632609,0.26501979625279437,0.0
187,AMGN,0.08432179283073737,0.3354578523294054,0.2708121060207439,0.0
188,AMGN,0.08331282378924354,0.33869369327266285,0.27624901538904717,0.0
189,AMGN,0.08203425168403111,0.33917485800027464,0.28071795694038615,0.0
190,AMGN,0.08053305529972721,0.3342683899353731,0.2830754372680886,0.050036236090442464
191,AMGN,0.07873570378550054,0.33121762063077154,0.284204290515025,0.03536167488135319
192,AMGN,0.07671368080760854,0.32856660719785125,0.284449452341962,0.03682431125042657
193,AMGN,0.07462629801530607,0.3266006225631124,0.28415766947917676,0.028176902482699905
194,AMGN,0.07459974520113599,0.32626128002125543,0.2838400261480737,0.029067677055518614
195,AMGN,0.0750204888776893,0.32924995196377616,0.2843276313564716,0.04107870971373489
196,AMGN,0.07559033346216881,0.3367762102271683,0.28658556031604804,0.07561750871601107
197,AMGN,0.07556174218970146,0.34478270272997424,0.2903789314074205,0.0
198,AMGN,0.07500823693551895,0.3464981889484237,0.2938393726395629,0.0
199,AMGN,0.07529418057614623,0.35423952632696226,0.2985289481247216,0.0
200,AMGN,0.0752124849219491,0.3610198724027158,0.3039633349976641,0.0
201,AMGN,0.07529418282004552,0.36756785533518194,0.30993590377462676,0.0
202,AMGN,0.0754616635111438,0.37501210345782826,0.3165614505518627,0.0
203,AMGN,0.0756291442022421,0.3849098778006953,0.32431828870030893,0.0
204,AMGN,0.07566999315129008,0.38871738203138595,0.3314686944979512,0.0
205,AMGN,0.0754494088264297,0.39082711671959813,0.3377126069288008,0.0
206,AMGN,0.07570267231052918,0.3935896118870264,0.3433933248553432,0.0
207,AMGN,0.07575986183648564,0.39704556492810233,0.3487955875280464,0.05475994469598624
208,AMGN,0.07570676019730027,0.39630829070483115,0.3529344231029331,0.03343764402086917
209,AMGN,0.07541468971296039,0.3905219831323289,0.35480946265034236,0.035103272857761034
210,AMGN,0.07597227387831484,0.3890017982225763,0.35593221923757506,0.028468198433052944
211,AMGN,0.07596001969224475,0.3820235631020363,0.3550985864974116,0.03362163892670811
212,AMGN,0.07612137478624104,0.37753131144381075,0.3533168064098635,0.03118660882964464
213,AMGN,0.07646450446231379,0.3754649359773364,0.351378555312095,0.0388953973129004
214,AMGN,0.07676678967713779,0.37406311459644226,0.3494800544980574,0.0
215,AMGN,0.07705273232047594,0.37550377309349914,0.34831879226470264,0.0
216,AMGN,0.07691793128726077,0.3768918554006305,0.3477342726906448,0.0
217,AMGN,0.07662790374901762,0.3780094200873345,0.34754401097112386,0.0
218,AMGN,0.07756742957712914,0.3868020583301579,0.3495739328727748,0.0
219,AMGN,0.07701188387007196,0.3840001683773581,0.350502505529465,0.0
220,AMGN,0.07684440317897412,0.38623762863721006,0.3518006500068573,0.0
221,AMGN,0.07653395116620687,0.3874444407790837,0.3531386687012435,0.0
222,AMGN,0.07593755651010126,0.3874884012790416,0.3542199936452307,0.0
223,AMGN,0.07484084674837899,0.3862160152245732,0.35476927654585083,0.053149197704813064
224,AMGN,0.0739789334248151,0.3837115245273528,0.35458714568031224,0.02349875284523671
225,AMGN,0.07350916826685938,0.3850323240725446,0.3547692331611709,0.01490622592322874
226,AMGN,0.07305243867074496,0.3873790121757998,0.3554972973450375,0.016463850102199848
227,AMGN,0.07214150885222259,0.385831993328909,0.35569581407329454,0.03002810935559566
228,AMGN,0.07138580080160661,0.3829254095064351,0.3551332799724873,0.03685966782411072
229,AMGN,0.07152673017446776,0.38496499372340043,0.3551894307455211,0.09832205792849177
230,AMGN,0.07138376034873173,0.3866717982806564,0.3556579411336753,0.0
231,AMGN,0.07180450178138509,0.3881411286385173,0.35639740356074256,0.0
232,AMGN,0.07214967365558844,0.389407659206451,0.35730329735942074,0.0
233,AMGN,0.07238251565703036,0.3905435690227043,0.35830991917875704,0.0
234,AMGN,0.07222728965064684,0.3874221629693306,0.3583405551970086,0.0
235,AMGN,0.07192500742768915,0.38582607935164953,0.3579689526412689,0.0
236,AMGN,0.07190049805826004,0.38762100775127467,0.3581171306842083,0.0
237,AMGN,0.07234575384678643,0.3938457378951701,0.35978050846426873,0.05262518162021059
238,AMGN,0.07248463753100642,0.4032565909063381,0.36344676870108994,0.038682906064092144
239,AMGN,0.07363045129977874,0.4112774652600317,0.3683703740600045,0.04382297790302096
240,AMGN,0.07412267939055539,0.41485120170989753,0.37319617782097314,0.0414558464996992
241,AMGN,0.07438411465904249,0.41436628500453837,0.3769364756181732,0.037382100778548234
242,AMGN,0.0746578018696995,0.4129060907159829,0.3795663271023846,0.03349340538334617
243,AMGN,0.07496612616682241,0.4105276536410746,0.38107993472352264,0.08177465373425225
244,AMGN,0.07543997447442763,0.40860984506861187,0.38181486469051973,0.0
245,AMGN,0.07561562719923498,0.4069893725836686,0.38200064453593513,0.0
246,AMGN,0.07560667877619887,0.4048516979963985,0.3816187465769913,0.0
247,AMGN,0.07593346762604103,0.4031017937001064,0.3808789420727623,0.0
248,AMGN,0.07650943830626677,0.40244426461500926,0.38012391482157293,0.0
249,AMGN,0.07638280656421714,0.3986788509082803,0.3785854036450336,0.0
250,AMGN,0.07667283410246029,0.400036836576129,0.37769161562039827,0.0
251,AMGN,0.07700371058975186,0.4015075813466874,0.3773415903420459,0.0
252,AMGN,0.07733050218213822,0.4025801944559226,0.3773277681078892,0.0
253,AMGN,0.07758654361417672,0.4026744748528465,0.37734010855409506,0.04606627334677235
254,AMGN,0.07807673324665632,0.4010463970905309,0.37694592932735305,0.0320612002941104
255,AMGN,0.07763556659151205,0.3907291232668693,0.37407007506344664,0.029702688155020106
256,AMGN,0.07701057792039512,0.3837137553252964,0.37002833812730673,0.013341917416894462
257,AMGN,0.07576059484375008,0.37654699187597573,0.3650163221584683,0.017554450882507115
258,AMGN,0.07400000613705604,0.37032546464007493,0.3594626689260396,0.03425928857648454
259,AMGN,0.07201679140601547,0.3641468143083947,0.3534863469475919,0.04961424394980422
260,AMGN,0.0699314543023537,0.35606513423052966,0.34669960160835456,0.0
261,AMGN,0.06816269281398335,0.3504277246592032,0.33987112949549014,0.0
262,AMGN,0.0665654996541607,0.34745280773227355,0.33367004561151153,0.0
263,AMGN,0.06516438144976955,0.3466831942419275,0.32851817807620776,0.0
264,AMGN,0.06426570457070646,0.35200569279317223,0.32571760619227824,0.0
265,AMGN,0.06312601889225822,0.35418350637385293,0.32401763209855616,0.0
266,AMGN,0.061925059790237436,0.3549829526496828,0.32285605706526416,0.0
267,AMGN,0.06039322420092508,0.3526437052909318,0.32134624946168877,0.0
268,AMGN,0.05870616260522943,0.35047680910123397,0.3196006294116132,0.0
269,AMGN,0.0573949113407779,0.3500495905205427,0.3180981075120313,0.0
270,AMGN,0.05438638898591308,0.3368347605154822,0.31361647208003385,0.08839653540758566
271,AMGN,0.0511143854245979,0.324854013023165,0.30705781681556654,0.04533205275693323
272,AMGN,0.04754418852438547,0.31314409436469526,0.29890475919406145,0.05358649343704595
273,AMGN,0.04414073482020697,0.30598583224142445,0.29060579651119905,0.04077527643211714
274,AMGN,0.04111382619979276,0.3037136346257586,0.2834027189973651,0.045009621913335934
275,AMGN,0.03890389656034521,0.30254118764736027,0.2773492825197219,0.04326782692517423
276,AMGN,0.03690230055019916,0.30587337234284717,0.27333350520257516,0.07792254623619599
277,AMGN,0.03505184615017698,0.3092806915751389,0.2709665018837143,0.0
278,AMGN,0.03336478629973616,0.31381831132247706,0.27019903244388616,0.0
279,AMGN,0.03175125031910553,0.31748172860870355,0.27049423309388587,0.0
280,AMGN,0.03064832869480072,0.3229805632561806,0.27209507833551355,0.0
281,AMGN,0.03001516998455167,0.33327084772916504,0.2759295672731089,0.0
282,AMGN,0.03009278298774376,0.35040045161471556,0.2832483334827727,0.0
283,AMGN,0.029145087369822464,0.3546306082144435,0.2901531743598392,0.0
284,AMGN,0.027192507605312333,0.35327519985943256,0.2953406657748686,0.0
285,AMGN,0.02537881426756683,0.3516584143376619,0.29908940979846105,0.0
286,AMGN,0.02379795869278567,0.35194762511122096,0.30216018050238025,0.1255133739318269
287,AMGN,0.022387646732314526,0.35102598557375725,0.3043880672570639,0.05583612140145718
288,AMGN,0.021082525054120227,0.3510877909039545,0.3061857153271361,0.04619749724711254
289,AMGN,0.019491461231232243,0.34941065259106335,0.30720760649534307,0.022625392704232587
290,AMGN,0.019101353019854272,0.3477779882066713,0.3076199295517317,0.02004401101858595
291,AMGN,0.019005769121896554,0.3478256820307235,0.3079616245107902,0.03910700904495034
292,AMGN,0.019357070333034132,0.3499494752477856,0.3087620572754001,0.06233856469901177
293,AMGN,0.019616461907457916,0.35224938123546945,0.309973187437468,0.0
294,AMGN,0.019755347586255745,0.3556005033239527,0.31177376325897094,0.0
295,AMGN,0.019869724144946588,0.3579862821993409,0.31380631954900323,0.0
296,AMGN,0.019763514134876425,0.3611685003494016,0.31622211818678037,0.0
297,AMGN,0.020114815096692107,0.36861076255903463,0.3200017559945767,0.0
298,AMGN,0.020482455638127117,0.3758043417294019,0.32481074770806534,0.0
299,AMGN,0.02096038834199221,0.3819951823705928,0.3301943658267696,0.0
300,AMGN,0.019898315666736055,0.37264057968987796,0.3321796623516741,0.0
301,AMGN,0.01830520665385138,0.36517645157849826,0.3319154740583943,0.0
302,AMGN,0.016487428421200656,0.3656837312118114,0.33183001860148653,0.0
303,AMGN,0.015784825250958923,0.36837399168356066,0.3324293152220349,0.07675577930461887
304,AMGN,0.015194557687888466,0.3668297903324607,0.3325255171375134,0.04654719311021752
305,AMGN,0.015492756013229858,0.3741981826805094,0.33443114476098446,0.07491899650655943
306,AMGN,0.015672448754946666,0.3800314034557084,0.33740331855388095,0.046687563984844166
307,AMGN,0.016349520584066912,0.3883326610526059,0.34184123945200123,0.040348534900984
308,AMGN,0.016702860004179865,0.3918111052033851,0.3462548462798801,0.046191692436507684
309,AMGN,0.017509623008051145,0.39708659192412715,0.3510949866277163,0.07610458509676443
310,AMGN,0.01776288449757324,0.3945718080263158,0.3543429871834926,0.0
311,AMGN,0.018924628708236302,0.4028919261188602,0.35900625023463806,0.0
312,AMGN,0.0195863801868863,0.4056427635798982,0.36341955548189536,0.0
313,AMGN,0.0204319534321864,0.4097208394604953,0.3679622846403654,0.0
314,AMGN,0.020468717486329835,0.4053552980631567,0.37051304065417134,0.0
315,AMGN,0.022082250973738615,0.4176109803521261,0.3755952248988798,0.0
316,AMGN,0.02304220127637424,0.42101432596692495,0.38050560466871997,0.0
317,AMGN,0.0232791251808544,0.42038969009413657,0.3842788881781411,0.0
318,AMGN,0.02385101046753113,0.4241744890124225,0.3882368153264491,0.0
319,AMGN,0.0240144067623691,0.42287327439693967,0.3910802254024568,0.05078910243555781
320,AMGN,0.02573006012917678,0.42340946975151833,0.39348802486022466,0.029034959032109398
321,AMGN,0.027721448888504474,0.42599837409112584,0.3960567711436831,0.028979725379687384
322,AMGN,0.029175670477336046,0.42807356731295665,0.398626783562949,0.02494854826963873
323,AMGN,0.03077694853206392,0.43281850673368855,0.40186037870461894,0.03353509447769018
324,AMGN,0.032845948798650326,0.4370390111953175,0.4054946872878492,0.05256959616108525
325,AMGN,0.03396112336241419,0.43815300743934765,0.4086786024884788,0.08774586890978621
326,AMGN,0.035415389829241306,0.4419019210260436,0.41215612907297466,0.0
327,AMGN,0.03666332671860095,0.4457082350685631,0.4158827902420326,0.0
328,AMGN,0.037896966725115666,0.4448616949144113,0.41865402731442475,0.0
329,AMGN,0.037999090095025334,0.4343158088983142,0.4182537697836453,0.0
330,AMGN,0.03985771727672427,0.4373426764396004,0.41868476290444073,0.0
331,AMGN,0.04111994980231759,0.44328272699759874,0.4205037417986598,0.0
332,AMGN,0.042292314640003825,0.4427691150281783,0.42183145819563955,0.0
333,AMGN,0.04296632229930153,0.43865691444155763,0.4218730773826909,0.0
334,AMGN,0.044681978159331504,0.43843358313119357,0.4218509470200395,0.0
335,AMGN,0.04158562582689074,0.40325539218589873,0.41310282205076915,0.2030304629424409
336,AMGN,0.03969431873798679,0.38225596025856085,0.4008927443954796,0.1053318064922409
337,AMGN,0.03770905806898295,0.3619718879877219,0.3860906404614779,0.09213360211365468
338,AMGN,0.035202974795545794,0.3455753155479711,0.37017970385784443,0.06013449570268112
339,AMGN,0.032719357945440786,0.3295930545918315,0.3534845237323732,0.08265434639591623
340,AMGN,0.030754524493505464,0.32511312026925465,0.3390165626169633,0.08701428687022203
341,AMGN,0.028436345388401785,0.3211985028884966,0.3264706754170261,0.0887543228248671
342,AMGN,0.026512360885514452,0.3234933504661533,0.3170034942260305,0.0
343,AMGN,0.023501795335230335,0.3182436272607829,0.308126888301695,0.0
344,AMGN,0.021361309657131677,0.325034615237968,0.3027109711230561,0.0
345,AMGN,0.01883276045900706,0.32538231198486467,0.2984645277432254,0.0
346,AMGN,0.01636139904158318,0.3304137959560738,0.2963160720352064,0.0
347,AMGN,0.013408020025389433,0.3314567311890348,0.2948561400886668,0.0
348,AMGN,0.010908309437326569,0.3344895761837922,0.2944408771437974,0.0
349,AMGN,0.00934787958368033,0.3380596492913641,0.29499467710414845,0.0
350,AMGN,0.0071587820605518715,0.34667120000730095,0.29757490657620084,0.13761534862285266
351,AMGN,0.004597553453866254,0.35412994272823894,0.3014901791365763,0.07383068246982379
352,AMGN,0.002452981135607102,0.36017768384083937,0.3061233079097543,0.08477327817004225
353,AMGN,0.0012213830779004287,0.37169111606099736,0.3126871809078719,0.03384749883024271
354,AMGN,0.0,0.38458001475037235,0.32113700853676236,0.04019321224146605
355,AMGN,0.0017993957069342148,0.391866306608914,0.329705161271279,0.047439199006497866
356,AMGN,0.003086141341789528,0.39890758121126485,0.33830716642331,0.09987897849405622
357,AMGN,0.0049325155840291846,0.4062530281545805,0.3470117421124961,0.0
358,AMGN,0.006707402669501095,0.41025159694786595,0.3549677557878071,0.0
359,AMGN,0.00908889664834045,0.4158525369657047,0.36272259166226745,0.0
360,AMGN,0.010890336797305,0.4212359224673565,0.3702624932516606,0.0
361,AMGN,0.012217926394764378,0.4190001732437346,0.3757395528111088,0.0
362,AMGN,0.013668064085980092,0.4227768785299256,0.38105849214546533,0.0
363,AMGN,0.016323245774121364,0.43015362271210283,0.3871443824378385,0.0
364,AMGN,0.01783874178381417,0.4336481324697233,0.39288035189650056,0.0
365,AMGN,0.019562567433653033,0.4323531273205533,0.39714773686800425,0.0
366,AMGN,0.020914667647152996,0.43099272888991463,0.40022402513618915,0.0
367,AMGN,0.023835368501397003,0.4422789166624204,0.4054860288670373,0.06123371574721985
368,AMGN,0.02660468364911206,0.45049166353963094,0.41173384738363206,0.04523776856044215
369,AMGN,0.029696948094781517,0.46017404742602963,0.41913504794919887,0.046230391173873425
370,AMGN,0.03206578323762255,0.4646204744039703,0.4261595096617628,0.03763241124796392
371,AMGN,0.03461884255314285,0.46939757607053356,0.43296464617030095,0.03388461443744349
372,AMGN,0.036957447379381225,0.4697889292627785,0.4385058802693051,0.045824582141588126
373,AMGN,0.0386955721559652,0.4693444810077662,0.442828565678739,0.07378318856487491
374,AMGN,0.04017838850777511,0.46908294941245615,0.44622180785885246,0.0
375,AMGN,0.04203906063014817,0.46905310913998854,0.4489289959312807,0.0
376,AMGN,0.04414277851427073,0.47202342384928064,0.4518319104179794,0.0
377,AMGN,0.04557249173096212,0.4683004486479122,0.45323028489605505,0.0
378,AMGN,0.046940931524081186,0.46227956307738105,0.4528547386836281,0.0
379,AMGN,0.048468682218488324,0.4611029453495502,0.4522622921626984,0.0
380,AMGN,0.04969415068993821,0.4575007029804904,0.4508943409563532,0.0
381,AMGN,0.05187956946402328,0.45784647987991534,0.44988579389221944,0.0
382,AMGN,0.05271288902189797,0.4490689125656195,0.44690056522266697,0.04275559636513314
383,AMGN,0.0528885365109395,0.4394351016912913,0.442121491242996,0.04058459719891503
384,AMGN,0.05311320822392718,0.4300089554296094,0.4359588786122429,0.03159646363901818
385,AMGN,0.05373411274810613,0.4227744132680945,0.429233340964892,0.030174285040827167
386,AMGN,0.05451024302934648,0.41849233998897467,0.4227901984078242,0.024351884100799658
387,AMGN,0.054142598748078585,0.4156754957098491,0.416936608176511,0.025806956625751547
388,AMGN,0.053958779723972006,0.41506364513846267,0.4121018887037677,0.04457760328165293
389,AMGN,0.053472678227585835,0.4150760047838663,0.40823718050626884,0.0
390,AMGN,0.05315405418110908,0.4142108620153096,0.4049307053429077,0.0
391,AMGN,0.05255357413145423,0.4124545696852829,0.401849653711591,0.0
392,AMGN,0.052604635317764936,0.41518696368026337,0.4000629299673428,0.0
393,AMGN,0.05233094760846324,0.4138041525626289,0.39829036894773134,0.0
394,AMGN,0.05195922217212323,0.4124155391321423,0.39652769810677324,0.0
395,AMGN,0.05160792121030777,0.4123619468362005,0.3951042610545341,0.0
396,AMGN,0.05084404586310409,0.41164686723166505,0.393788045045118,0.0
397,AMGN,0.05046619183779599,0.4097597931378309,0.3922667437008074,0.07104419747613872
398,AMGN,0.0501005947411024,0.40597254916802306,0.3901097954788427,0.03337027303718245
399,AMGN,0.04944292915464632,0.4041344786404838,0.3879280699264451,0.028928537504353608
400,AMGN,0.049087545292503476,0.4038231134404555,0.38610541577863,0.02748507460061144
401,AMGN,0.04820112135289967,0.4018077062129005,0.3841471145813132,0.025856913177623685
402,AMGN,0.04820112135289967,0.4010850422238273,0.382401124985433,0.030556347120638035
403,AMGN,0.048532003075957286,0.4017677434303838,0.3811737641001152,0.052079881230056954
404,AMGN,0.049246857191080684,0.40486744012761133,0.38096114906447964,0.0
405,AMGN,0.049483780596916604,0.4027370662163613,0.38026234706114553,0.0
406,AMGN,0.050104684373129205,0.4066962623221723,0.38068588718386404,0.0
407,AMGN,0.05029259228129557,0.40594436738484035,0.38083811619265207,0.0
408,AMGN,0.050406966596086455,0.4062925686785189,0.3810463149797095,0.0
409,AMGN,0.05066431497509094,0.4086516375968142,0.38179834084304937,0.0
410,AMGN,0.0501700426916063,0.40184124490487844,0.3807097781674628,0.0
411,AMGN,0.05040288170118168,0.4031688012854967,0.38016839709196365,0.0
412,AMGN,0.05003524365296874,0.40214606154742705,0.3794814716706231,0.06568090428395022
413,AMGN,0.049929039127987185,0.4007026986040039,0.37857372173407544,0.027754910342061657
414,AMGN,0.0499290401252761,0.40052616596362034,0.3778037104297694,0.025411525891214332
415,AMGN,0.0499583297492221,0.4018638691353607,0.3775196886522783,0.03521039799892347
416,AMGN,0.04968872768279198,0.39923401358064553,0.37663980136008757,0.02446622127938026
417,AMGN,0.049524312158805595,0.39708778139557516,0.375403245891432,0.031556357674839136
418,AMGN,0.049579455996121125,0.3955370632388677,0.3740291488137661,0.05609874510548924
419,AMGN,0.04954268944875562,0.39460939602360223,0.3726996454117107,0.0
420,AMGN,0.05025754406252392,0.40297691490578036,0.3737126690861122,0.0
421,AMGN,0.05113579821231817,0.40947894034299304,0.3761367417073043,0.0
422,AMGN,0.050772241568499465,0.40236081214316755,0.3763094435384957,0.0
423,AMGN,0.05067420184688376,0.40079385930812395,0.3760587232256567,0.0
424,AMGN,0.049918496289489855,0.395267207918855,0.3744865587760277,0.0
425,AMGN,0.04959578959200761,0.39101404869499595,0.372173290582919,0.0
426,AMGN,0.04834172685622429,0.38370777733091704,0.36850942694170025,0.0
427,AMGN,0.04804761392443213,0.38442645507683465,0.3657566953725688,0.04744570743050938
428,AMGN,0.047328670675926166,0.3817310773796182,0.3628855791531191,0.03762906908428233
429,AMGN,0.04612362792561142,0.3769040472139609,0.35939072793,0.027532744408911968
430,AMGN,0.04590917343632994,0.3751804109269586,0.3561670799322519,0.02018279876304763
431,AMGN,0.045124871121380083,0.3748402517768956,0.35350374182973915,0.019695370575590947
432,AMGN,0.044424306908079414,0.3737090843961586,0.3510923415311297,0.0216721724415737
433,AMGN,0.04353379657763745,0.37051924109632817,0.34837157529909285,0.05576083476694565
434,AMGN,0.04260652443695179,0.3689340655479952,0.3458015580759126,0.0
435,AMGN,0.041470228293795985,0.3673431267072641,0.3433507097427439,0.0
436,AMGN,0.04088200243021145,0.3685413918352391,0.34168741301573635,0.0
437,AMGN,0.04033768993482023,0.37020322050846083,0.3407692034203249,0.0
438,AMGN,0.039545221569893485,0.3693483100245971,0.339822466557162,0.0
439,AMGN,0.03872824258892704,0.36900801735316047,0.3389806242253729,0.0
440,AMGN,0.037286274687521104,0.37159417404978945,0.33894897517517675,0.0
441,AMGN,0.035803457837066954,0.37349726659746996,0.33939595988488586,0.0
442,AMGN,0.035537939668252694,0.3759110414967473,0.3403525912569202,0.0
443,AMGN,0.03402738372860625,0.36909854768500955,0.3394271915385137,0.08503748500423927
444,AMGN,0.0327345982634859,0.36209980152007426,0.3369499433827502,0.04581525926395001
445,AMGN,0.03125586605861441,0.35512747720373017,0.3332377737743106,0.04864343335197909
446,AMGN,0.029877213030944594,0.3471459453477538,0.32828720482427187,0.03525296661002579
447,AMGN,0.02810845278918528,0.34367425373241367,0.3234651553793804,0.03777348573599721
448,AMGN,0.02709131794703734,0.3460173371584026,0.3201890154243716,0.04221557307552938
449,AMGN,0.026413223896901927,0.3490889697819865,0.31833041227315684,0.07708753302585428
450,AMGN,0.025549266131307702,0.351927802718348,0.3175480630185716,0.0
451,AMGN,0.024671016219990793,0.35527781203854075,0.31775357914316793,0.0
452,AMGN,0.02390101577432957,0.3583923197604363,0.31869094147230514,0.0
453,AMGN,0.023378149725155284,0.3612868247176052,0.3201591811215168,0.0
454,AMGN,0.0225938499034275,0.3618409085543942,0.3214712837491136,0.0
455,AMGN,0.02228339789066003,0.36696022018583685,0.32379146165922323,0.0
456,AMGN,0.021772786027556057,0.37132780056586595,0.3267315373290496,0.0
457,AMGN,0.020914958097541625,0.37181134064387467,0.32920360142913063,0.0
458,AMGN,0.020359412390484444,0.37317484476057916,0.33151964317831006,0.0
459,AMGN,0.01980386668342682,0.37452901897294044,0.33370855157835944,0.0
460,AMGN,0.019852885920929264,0.38469963992662604,0.33798379329998973,0.07312900400004221
461,AMGN,0.020004025037830386,0.3934631346842367,0.3435788852095249,0.054108222778076816
462,AMGN,0.020371666825876433,0.4032875437800216,0.3504931518910774,0.02405865321357833
463,AMGN,0.02176477954378675,0.412688859882434,0.35835775640693296,0.02216417411617361
464,AMGN,0.023617193616291887,0.42269778322229556,0.3671334253797013,0.030396626877328522
465,AMGN,0.025851631627879623,0.43235346062051777,0.37655027837197647,0.04285674079233906
466,AMGN,0.028435326408575268,0.4401704460888735,0.38602375738721667,0.06585663173226103
467,AMGN,0.030686104747749132,0.4445362663974437,0.39468603713175365,0.0
468,AMGN,0.033651736204757476,0.45934312913132236,0.40529058487229,0.0
469,AMGN,0.035596146428780395,0.4602130527070793,0.41399011815684816,0.0
470,AMGN,0.03810018700544271,0.4659106136095479,0.4223637488076401,0.0
471,AMGN,0.04111075455030422,0.47549638745756106,0.43144162268342,0.0
472,AMGN,0.0432553243753413,0.47307376310830207,0.4381026819491282,0.0
473,AMGN,0.04550201657299913,0.47139068237773313,0.44301382730198147,0.0
474,AMGN,0.047842661353468374,0.4680857253611568,0.44612252900512084,0.0
475,AMGN,0.04994229733455202,0.46645142399832346,0.44820389422892726,0.0
476,AMGN,0.05218898953220985,0.4659311585526392,0.4497398684492714,0.0
477,AMGN,0.05439891518250195,0.46112275045959294,0.44977531114957603,0.08450608097886697
478,AMGN,0.0567477272595589,0.45877419405271486,0.4492208074405041,0.03327000812673485
479,AMGN,0.05895152731274944,0.454728687208007,0.44777320240078056,0.022139723550292527
480,AMGN,0.06000543094616284,0.4477344126309462,0.44487929973358137,0.022298564276843732
481,AMGN,0.060867344020404834,0.4403243128514566,0.4407251606802192,0.03170728275056553
482,AMGN,0.06169657718744137,0.4366014530011185,0.436477920953728,0.05296344376545751
483,AMGN,0.06234096910935638,0.43307693190341473,0.4322054238210477,0.05245015778530644
484,AMGN,0.06281073401798998,0.43090097202907535,0.42824740274890744,0.0
485,AMGN,0.06344797737382168,0.4326673375605632,0.42551935732953944,0.0
486,AMGN,0.06426087370378308,0.43613584623529117,0.4241977253460012,0.0
487,AMGN,0.06454273145221645,0.431589517147241,0.42201212508517055,0.0
488,AMGN,0.06348882856676963,0.4255981201554594,0.4187767174709614,0.0
489,AMGN,0.06355418688524694,0.4222578446225892,0.4153594115542365,0.0
490,AMGN,0.06355827178015194,0.42444883392257426,0.4131693201458109,0.0
491,AMGN,0.06251253868451467,0.4207855408127576,0.41050810163494705,0.0
492,AMGN,0.06339896013089663,0.4288038186917623,0.4103690796102092,0.06028014367785764
493,AMGN,0.0643597668552851,0.436583017862092,0.4121884809187623,0.03525648467705904
494,AMGN,0.06573229004737535,0.4453920666302802,0.4158302059591252,0.032061552100813726
495,AMGN,0.06711094182843436,0.4535714777197498,0.4207735283448985,0.02849440803245065
496,AMGN,0.06871834697619716,0.4632780672090492,0.4271371392816355,0.03493546106027504
497,AMGN,0.07087517098730434,0.47225572635592766,0.43445607725584584,0.0512202415504825
498,AMGN,0.07305242071954665,0.4807948681391804,0.44243044690156663,0.09494031599278092
499,AMGN,0.07528073163809923,0.485562428429004,0.4499931418056198,0.0
500,AMGN,0.07743347000633549,0.4843316006793186,0.4557378344929889,0.0
501,AMGN,0.0801376721785898,0.48678467609197773,0.46094238573377194,0.0
502,AMGN,0.08193094029384462,0.4807374808828961,0.46360525148226156,0.0
503,AMGN,0.08426341802704806,0.48052554189217966,0.4656829456813758,0.0
504,AMGN,0.08668167581070874,0.48130088506773555,0.46753752344532806,0.0
505,AMGN,0.08818491713568699,0.47524006033758837,0.46751702787762445,0.0
506,AMGN,0.0899986104734325,0.4753362998308127,0.46752451585979043,0.0
507,AMGN,0.09214318029847002,0.47115996160990736,0.46649403482424934,0.0
508,AMGN,0.09501282196098115,0.4725870226120824,0.46602381382712804,0.2633952161324482
509,AMGN,0.0975495434421374,0.47104326856208273,0.4652645126583513,0.04607207815737721
510,AMGN,0.10014753685093303,0.4747263345946414,0.4655711242936661,0.03467846626349618
511,AMGN,0.10309274782257294,0.4752887165387243,0.4659559839101761,0.028676468001421297
512,AMGN,0.10444893592284377,0.4693857700109914,0.46479889557565796,0.02861578134509775
513,AMGN,0.10568580465183275,0.4645482518764776,0.46267266378700694,0.03234686733721024
514,AMGN,0.10713594358965928,0.4653831320223778,0.4611788764721494,0.1252495189043332
515,AMGN,0.1084206432865511,0.4653577408077074,0.45997754510276995,0.0
516,AMGN,0.10985648484288846,0.47008170848202235,0.4601888605067528,0.0
517,AMGN,0.11074291002910375,0.46933475638994837,0.4601725364414511,0.0
518,AMGN,0.11128211790179687,0.466658558739612,0.4594953062730782,0.0
519,AMGN,0.1118580880833786,0.4631845638034612,0.4580913562220884,0.0
520,AMGN,0.11287114201977677,0.46032074204308,0.45625746126155287,0.0
521,AMGN,0.11381475274279329,0.46104211093249464,0.4549693725171006,0.0
522,AMGN,0.11528531490853267,0.4594400048180235,0.45354129550553535,0.0
523,AMGN,0.11575099267836131,0.45244885228741144,0.45066379008123136,0.07384299570444015
524,AMGN,0.11589805014154653,0.44490211692196424,0.4464888590015523,0.031572716686543746
525,AMGN,0.11700914454752698,0.4428134873878277,0.44263056416056706,0.04316316443093507
526,AMGN,0.11787923015412316,0.44387199842411024,0.43980662646502855,0.033168687796177265
527,AMGN,0.11886981592193369,0.4420677902824377,0.43709971320178975,0.024528139259165443
528,AMGN,0.11903525366693501,0.4370592236712011,0.4336911711588134,0.02901015665952499
529,AMGN,0.11906384469008024,0.42944766189190187,0.4290753223541538,0.06473524786541282
530,AMGN,0.11854506278784438,0.42312881929203877,0.42381445141028207,0.0
531,AMGN,0.1181692507113441,0.41793748619807514,0.4183173847709466,0.0
532,AMGN,0.118671690540739,0.4173610077578809,0.41377666272398866,0.0
533,AMGN,0.118475613590729,0.409987591602294,0.4083141722014529,0.0
534,AMGN,0.11762187080494169,0.40258253394731924,0.40210641420355636,0.0
535,AMGN,0.11694377825073943,0.3986531836179516,0.3961650331174765,0.0
536,AMGN,0.11565703635571722,0.39471615571820556,0.3904348481638583,0.0
537,AMGN,0.11510557554356482,0.3957286365248165,0.3861019747302602,0.0
538,AMGN,0.1148196329002269,0.39804531713562324,0.38321062301073233,0.0
539,AMGN,0.11400878250822832,0.3937779257525459,0.37983847290599954,0.0498228653248759
540,AMGN,0.11368607356684723,0.3961862330838591,0.3777384395014328,0.03969786840318455
541,AMGN,0.11314891038550567,0.39952727181411957,0.3768875820112361,0.02933311521317727
542,AMGN,0.1124422220710366,0.3989065097075255,0.37605283709260734,0.021844557726202914
543,AMGN,0.11199492558031321,0.3960856042250617,0.37468495707446287,0.021160997301642587
544,AMGN,0.11137810246052826,0.39067632933173624,0.3722481950165155,0.029904977009431937
545,AMGN,0.11024249594257407,0.3854572138500627,0.36900352053408547,0.06471273223640003
546,AMGN,0.10880052504930182,0.3815141236662773,0.3654291963434413,0.0
547,AMGN,0.10756076069229614,0.37861567523402856,0.3618504085248969,0.0
548,AMGN,0.10705014633596988,0.38109505422521656,0.3596027033062402,0.0
549,AMGN,0.1068295635070422,0.38301972373476084,0.3582821979885535,0.0
550,AMGN,0.10658855470765705,0.3844878582429104,0.3575901510684596,0.0
551,AMGN,0.10625767822036591,0.38489835584502885,0.35713838962828287,0.0
552,AMGN,0.10536308623620738,0.38319450142594563,0.35635412286308926,0.0
553,AMGN,0.10501587016929692,0.38104915888833163,0.3551942846061386,0.0
554,AMGN,0.10642515891146398,0.3964315418620557,0.3580839688776107,0.0
555,AMGN,0.10646396591170415,0.39609939198447397,0.36031328430832477,0.03846302687451407
556,AMGN,0.10680301418338267,0.3981483528548219,0.3626052417770245,0.023035247513606125
557,AMGN,0.10713388967338555,0.40372616353104684,0.36582309251375106,0.025138172082730864
558,AMGN,0.10702768090992643,0.40495947789005665,0.36870345345844496,0.016817943549096385
559,AMGN,0.1075362483310005,0.4061910523127692,0.3713133907572045,0.014379395384999666
560,AMGN,0.10760160814541098,0.4081331439624668,0.37388332322930684,0.018220772778604524
561,AMGN,0.10772211179713698,0.4115492118942427,0.3767870589685297,0.058833514513785545
562,AMGN,0.10815919704788723,0.41415961076968294,0.37975788872827315,0.0
563,AMGN,0.10914161502046626,0.4193970421528492,0.3834343629590748,0.0
564,AMGN,0.11024453938731527,0.4212953328843916,0.38684665459287826,0.0
565,AMGN,0.11162932150259763,0.4243989780817512,0.3903467414997695,0.0
566,AMGN,0.11298550661100193,0.4262338502976929,0.3936021842524779,0.0
567,AMGN,0.11387192880535046,0.42244201148713123,0.3952654909739709,0.0
568,AMGN,0.11450508751559973,0.4210745104209872,0.3962567539308132,0.0
569,AMGN,0.11515867070037311,0.41974314307230665,0.3967193494363944,0.0
570,AMGN,0.11568970703800097,0.41696070996439605,0.39639888971916326,0.0
571,AMGN,0.11618397932148605,0.41328661746034706,0.3952306963991375,0.0
572,AMGN,0.11708265445529364,0.412286489982257,0.39404793302681074,0.04244758959637217
573,AMGN,0.117868999217696,0.4091867244760669,0.3923324315795234,0.03716222158897015
574,AMGN,0.11750136116948329,0.41143754729063076,0.39151863305353235,0.025353301881814058
575,AMGN,0.11807937105597288,0.410531441706381,0.3906427195954243,0.0243334142488751
576,AMGN,0.11808345370697793,0.40596671718730115,0.388809128830595,0.03014754773137447
577,AMGN,0.1173788130757274,0.3988651423107502,0.38557980810839,0.03822098386262652
578,AMGN,0.11665987381637666,0.39007039096239,0.3808136958289982,0.12412971816764996
579,AMGN,0.11607981948785695,0.38506672587477003,0.37575901101891407,0.0
580,AMGN,0.11527509593957141,0.38001581611128643,0.370461743138614,0.0
581,AMGN,0.11427838183211425,0.37626649259585404,0.3652934326754654,0.0
582,AMGN,0.11328983726514497,0.3737504631970224,0.36053436347764845,0.0
583,AMGN,0.11204394431917097,0.3727417790050561,0.35647677582283177,0.0
584,AMGN,0.11096553206429505,0.3720288294989683,0.35305376797296467,0.0
585,AMGN,0.10976865785717904,0.3724097331264737,0.35040989324278904,0.0
586,AMGN,0.10852684980610983,0.3722341582222577,0.34825121979174534,0.0
587,AMGN,0.10791003067548055,0.3740158734049159,0.3469664619008483,0.0
588,AMGN,0.10483002016655907,0.3518180585945621,0.340429666744628,0.11238728992742228
589,AMGN,0.10179902640191796,0.3354682877619803,0.3311425922493871,0.0613206120029411
590,AMGN,0.09976475173117749,0.3322988800846431,0.32292635831314637,0.04173694005565582
591,AMGN,0.09833503851448633,0.3356061809518357,0.317174167433297,0.025430347549842216
592,AMGN,0.09614962348023393,0.33306133900836465,0.3119408432889476,0.041573877648664714
593,AMGN,0.0943767743544146,0.33396692754612584,0.30797893029169593,0.03612843759124986
594,AMGN,0.09219911324054442,0.3359813596806277,0.3053093357772135,0.056028383764824254
595,AMGN,0.09024653571993402,0.33810285425975967,0.30370016649374315,0.0
596,AMGN,0.08857581395317982,0.3396819517976084,0.3028047268816285,0.0
597,AMGN,0.08730745134268547,0.3423553482737597,0.30275185092084084,0.0
598,AMGN,0.08634750029208349,0.3450870107618888,0.30338748616978206,0.0
599,AMGN,0.08526500314230212,0.3483456096354629,0.3047047039195525,0.0
600,AMGN,0.08477481575372225,0.3563781564256793,0.30775197212002947,0.0
601,AMGN,0.08381486545108685,0.35823812184136394,0.31065138746462556,0.0
602,AMGN,0.08269968914206793,0.3586996339636133,0.313085456470802,0.0
603,AMGN,0.08163353157190634,0.3607077173020787,0.3155310719334055,0.0
604,AMGN,0.08059188337117429,0.3627516806212209,0.3179948291499556,0.0
605,AMGN,0.07819405205661534,0.35122144738532723,0.31710429531660816,0.06313294423511946
606,AMGN,0.07586565996628303,0.3426811287201349,0.31427235690845534,0.04971996186415336
607,AMGN,0.07401111917542202,0.34319945173149174,0.31213544207295624,0.04493521479558271
608,AMGN,0.07443594550298038,0.344190303865755,0.31067181699312385,0.0648188019574525
609,AMGN,0.07463610759721706,0.3437466948233901,0.3093908233328322,0.03308460599408261
610,AMGN,0.07407239010577271,0.34495983850923095,0.30866710286115956,0.05047687398635694
611,AMGN,0.07288777307659333,0.3450659165758007,0.30811445262854636,0.0755564702529842
612,AMGN,0.07234039516476787,0.346566557550213,0.3080447571363623,0.0
613,AMGN,0.0712640276012444,0.3449579953305895,0.3075897924692921,0.0
614,AMGN,0.07013292134897853,0.3443051870792147,0.30706380869055416,0.0
615,AMGN,0.0692669236291541,0.34701341186113743,0.3073151409836665,0.0
616,AMGN,0.06863376491890483,0.3513846315446356,0.3086010433516002,0.0
617,AMGN,0.06794750257489324,0.3555571064323369,0.31066527787647064,0.0
618,AMGN,0.06708150485506859,0.357433952913035,0.31278245577398966,0.0
619,AMGN,0.06616240350148161,0.35932700044968524,0.3149460091003733,0.0
620,AMGN,0.06374619090781741,0.35051450356225955,0.3144897920237989,0.044681034452430456
621,AMGN,0.06172008278569807,0.34332155694290134,0.31233969387994964,0.07600379247626184
622,AMGN,0.06015965392934075,0.34172829020336104,0.31022420307911874,0.026983925951725083
623,AMGN,0.05824792336320139,0.33864758410209767,0.30776724979647335,0.02993875045295113
624,AMGN,0.056581286740674086,0.33951808642816383,0.30601772589504744,0.03291697009994828
625,AMGN,0.056062503342504844,0.3393323065728546,0.30457200047204813,0.026674863762854138
626,AMGN,0.05595629831887905,0.3441284612031564,0.3046057157810258,0.08134386642603088
627,AMGN,0.055073959523502136,0.3469657949790844,0.30533684923733695,0.0
628,AMGN,0.05419570961218523,0.3497733576684018,0.3066185287101963,0.0
629,AMGN,0.05361565403705448,0.3538066414981762,0.30864484088880484,0.0
630,AMGN,0.05294981517027786,0.3575159450974471,0.3111864547646989,0.0
631,AMGN,0.05282726582991093,0.3651138809677723,0.3151053793974025,0.0
632,AMGN,0.05209606964194591,0.3658932662949229,0.3184339446776025,0.0
633,AMGN,0.05197352279480105,0.3698618743907896,0.3220817144673495,0.0
634,AMGN,0.05182646657822709,0.37303863091589456,0.32578832845476935,0.0
635,AMGN,0.05143431666736298,0.37585769814349923,0.3294532475152249,0.0
636,AMGN,0.05077460389633304,0.37719008723094705,0.3327158511956249,0.043144342772307186
637,AMGN,0.04980239816101606,0.3754209935474088,0.33488688563679325,0.033512227041974055
638,AMGN,0.049324466454439664,0.3775832797952106,0.33716034307502835,0.024515826024549072
639,AMGN,0.048493191338594865,0.3757766720643917,0.33853075039578295,0.027286303813232857
640,AMGN,0.04867496592067133,0.3744680195290634,0.33930229868852557,0.04458692615929104
641,AMGN,0.04911613531835979,0.37559275735962994,0.34019867147233723,0.028907605005505776
642,AMGN,0.04931629117954128,0.3776290016789572,0.3414211188670257,0.0602217437651057
643,AMGN,0.0498840913219909,0.3808259670221394,0.3431924903038426,0.0
644,AMGN,0.05020271262592346,0.3835294214288997,0.3452805228716245,0.0
645,AMGN,0.05028032537979321,0.38175878327703006,0.34651151712105893,0.0
646,AMGN,0.04994944864317952,0.3805596102588371,0.3471987052635367,0.0
647,AMGN,0.05001480696165683,0.382426615657299,0.3482118037240964,0.0
648,AMGN,0.05058669224833312,0.3893648074509867,0.3507441826665955,0.0
649,AMGN,0.05086855224066644,0.3931513807701827,0.353709826527001,0.060731687581575176
650,AMGN,0.051097304360759654,0.39566385745261645,0.35670588073984466,0.053828360545581835
651,AMGN,0.0509216518852742,0.39766193880117895,0.359598602103142,0.04820930388007613
652,AMGN,0.05124844472427159,0.3989353580005433,0.3622288126512321,0.03574479238127403
653,AMGN,0.05141592566469222,0.40124911778579436,0.3649072032350997,0.03628886144796603
654,AMGN,0.05164059588174652,0.40336947834136627,0.3675761405916545,0.04069664763392402
655,AMGN,0.05180807557555611,0.4044173942041671,0.36997135917494006,0.07837743230359512
656,AMGN,0.05206746864591283,0.4049974771600482,0.37203149733523305,0.0
657,AMGN,0.05254948699264994,0.404649285503214,0.3735931946750844,0.0
658,AMGN,0.05220006408520139,0.39890027315794885,0.3734157794550279,0.0
659,AMGN,0.05279441529656581,0.4005181502525419,0.3736753672907685,0.0
660,AMGN,0.05339489534622066,0.40167461217323924,0.3741700449010064,0.0
661,AMGN,0.053815639022773976,0.40254179016465086,0.37478100069022235,0.0
662,AMGN,0.054101584657978874,0.40266002239973936,0.3752991078523627,0.0
663,AMGN,0.054203707030599624,0.4021474250263067,0.3755863786631482,0.0
664,AMGN,0.05435893303698336,0.40225666510123487,0.3758433061945002,0.0
665,AMGN,0.05559665694111393,0.40955597767311674,0.37786037029359154,0.06461932755666726
666,AMGN,0.05660562772786282,0.41275484799843054,0.38026790786683196,0.06063564435156747
667,AMGN,0.05805576816162272,0.42231247487632423,0.38456592184773897,0.042084525078540845
668,AMGN,0.08608851785538785,0.4283328166049062,0.4246291152206875,0.0
669,AMGN,0.08584750656278106,0.42116708867089525,0.419770629127843,0.0
670,AMGN,0.08509588590029171,0.4148648822672649,0.41431977707601275,0.0
671,AMGN,0.08331487271907334,0.40025836419765815,0.40633409244324725,0.06728303201089193
672,AMGN,0.08252444655227698,0.39573074119825813,0.39882189248547867,0.04322490650736859
673,AMGN,0.08169930002540049,0.3897569970153385,0.39132958613626156,0.028013488269005477
674,AMGN,0.08121320027426981,0.3861130798110901,0.38443140432841455,0.02296910785338104
675,AMGN,0.08063519038778044,0.3850619672074025,0.37865199682627915,0.025758759107396032
676,AMGN,0.07935662252104492,0.3848585995798708,0.37397799964077305,0.024554524761914814
677,AMGN,0.07786563837400329,0.38164941681607734,0.36944235628753985,0.05992341168068616
678,AMGN,0.07681990802091021,0.3794097993421144,0.3652580198818159,0.0
679,AMGN,0.07644205648882418,0.3839335558858574,0.36303324344312127,0.0
680,AMGN,0.0757476233577139,0.3858903488041189,0.3617390534431525,0.0
681,AMGN,0.07416268214006139,0.37906687188376104,0.35901027087132603,0.0
682,AMGN,0.07263084655074925,0.37820973604644914,0.35661452334531224,0.0
683,AMGN,0.07185471651883102,0.38032879711707823,0.35522382771158445,0.0
684,AMGN,0.07109901096143689,0.38390146015964527,0.35499792428335103,0.0
685,AMGN,0.07020441897727858,0.38472914779049744,0.35502261463945106,0.0
686,AMGN,0.06934250615235893,0.3833113785835434,0.35469050910361766,0.0
687,AMGN,0.06712440921632368,0.3715248390399219,0.3514996757175397,0.05621660035110309
688,AMGN,0.06486341839056564,0.35629659792611135,0.3451677086082153,0.05285156923380018
689,AMGN,0.06284956595044977,0.3464025096780186,0.33764664899833285,0.03276006431026537
690,AMGN,0.061056298832483646,0.3411206014071442,0.3303189527433382,0.031008418734410566
691,AMGN,0.060110644664726376,0.33701435836475085,0.3234377203347354,0.02999310458861483
692,AMGN,0.05846238807469306,0.33408953522931994,0.3172068603450246,0.08006891893318135
693,AMGN,0.05670996467000933,0.32898510404106107,0.3109553695301497,0.08528761957030329
694,AMGN,0.0548513347457662,0.32560460191550733,0.3051152137346152,0.0
695,AMGN,0.052870158223700336,0.3241683854746533,0.3000866530968462,0.0
696,AMGN,0.050946169980980116,0.32495505883338727,0.29625903888305927,0.0
697,AMGN,0.04920600200897751,0.3251257722633869,0.29323931467246156,0.0
698,AMGN,0.04749851593875709,0.32652000532979336,0.2911695519940808,0.0
699,AMGN,0.045378455483149116,0.33018069015768964,0.29042223991971106,0.0
700,AMGN,0.04342996061354443,0.3338673130727587,0.29073932556726373,0.0
701,AMGN,0.04222491661661887,0.33676362040489005,0.29171179117936147,0.0
702,AMGN,0.04195940094102668,0.35382512951283085,0.2967240391656136,0.08666828497750197
703,AMGN,0.041971657620318625,0.37316459013193903,0.30553344840371255,0.043532385566074576
704,AMGN,0.04203292855066931,0.3908230321067437,0.31696339634612214,0.0439067078984123
705,AMGN,0.0421513877603652,0.40320552467505094,0.3291804055384478,0.037900136149194186
706,AMGN,0.04275288828577972,0.41567957131328576,0.34204978535236663,0.04235189817306779
707,AMGN,0.04426838080496176,0.4239624623031848,0.35440091289642567,0.03512948245715874
708,AMGN,0.046639665538405595,0.4328065615090876,0.36647671764044876,0.07260762646571468
709,AMGN,0.049315270953104395,0.4440818708565821,0.3789356347762222,0.0
710,AMGN,0.051451669243076426,0.44863592665236757,0.3900329807505983,0.0
711,AMGN,0.05383112052514116,0.4535514271154184,0.4001307720776585,0.0
712,AMGN,0.05600428511315658,0.4542104498351154,0.4083725594729852,0.0
713,AMGN,0.05776487606375014,0.44623214528287386,0.4129859570687739,0.0
714,AMGN,0.060354699433414094,0.4479322493122948,0.41709860199770504,0.0
715,AMGN,0.06280563637631342,0.4476306709355597,0.4203138731001722,0.0
716,AMGN,0.06525248842430842,0.4478566267590412,0.4229421670384381,0.0
717,AMGN,0.06770342536720775,0.44623014527954324,0.42464114676615133,0.0
718,AMGN,0.06944767848343769,0.4374489072088596,0.4238210285324779,0.05965252051912597
719,AMGN,0.07128792214213164,0.43287664505340967,0.422030203278618,0.0258535710139421
720,AMGN,0.07325202059222513,0.43023734276015874,0.4199425287413548,0.04079163544382174
721,AMGN,0.07501261054552999,0.42495183481537524,0.4169606471878988,0.021949044317090417
722,AMGN,0.07534961312856758,0.4197166530158791,0.41327588981723185,0.021628900217064737
723,AMGN,0.0751045169410558,0.41475133753244237,0.40909580642688087,0.03454425200617772
724,AMGN,0.07498197508035487,0.4141747722316139,0.40560864942229197,0.06247594521666016
725,AMGN,0.0750105720872325,0.4135843887029395,0.4026724041588867,0.0
726,AMGN,0.07502997558735269,0.41568011928040216,0.4008435202415962,0.0
727,AMGN,0.0752097134563876,0.4175078969246474,0.3998340256248776,0.0
728,AMGN,0.07513618360284524,0.41872059823506147,0.3993273946006221,0.0
729,AMGN,0.07477671285121978,0.4211883383207403,0.3995345263078225,0.0
730,AMGN,0.07436822336073656,0.41859035541337675,0.39905547186390994,0.0
731,AMGN,0.07377591359953595,0.41632324479887156,0.3981095834183257,0.0
732,AMGN,0.07375548912501162,0.41775731018434564,0.39770877482055833,0.0
733,AMGN,0.07527098563334911,0.4268573732970717,0.39964655502588764,0.06160909349966754
734,AMGN,0.07610634589342102,0.4350489688976427,0.4032297454600104,0.0466639929357214
735,AMGN,0.07666597450080537,0.43709777950944306,0.4066047656407096,0.035230099174309665
736,AMGN,0.07696621676953241,0.43657375109357965,0.4091747299436199,0.031739648967271425
737,AMGN,0.07743185589442025,0.4362172277220168,0.4111422204569393,0.04786119114713612
738,AMGN,0.07837137673608763,0.4334987917036747,0.4120415593566629,0.04754790727782527
739,AMGN,0.07918222862401936,0.43237656529315693,0.4124825196037164,0.07344703725984796
740,AMGN,0.07987331186206625,0.43119398212157894,0.4125417977639661,0.0
741,AMGN,0.0804819609535643,0.42617715271183143,0.4113441582225803,0.0
742,AMGN,0.08123562281689489,0.4226543984902443,0.4095117797361382,0.0
743,AMGN,0.08153790553849705,0.41427876688846743,0.4059672371598847,0.0
744,AMGN,0.08278788088615374,0.4209423733427947,0.4047853574854289,0.0
745,AMGN,0.08372740671426526,0.4227020873808807,0.40427657443600395,0.0
746,AMGN,0.08433197116018065,0.4230336448011429,0.4039518329486005,0.0
747,AMGN,0.08547574148421155,0.4290320127939076,0.40518069720688527,0.044933983472121075
748,AMGN,0.08627842034114463,0.42981534867464183,0.40635819462439965,0.026927460975841432
749,AMGN,0.08715054315942661,0.43254618654026067,0.40797792392357657,0.027706361017002818
750,AMGN,0.08822078362991514,0.4320959192270371,0.4091619613362783,0.024036137584565537
751,AMGN,0.08938089228695434,0.4322970175507667,0.4101590992610481,0.02033266841866405
752,AMGN,0.09044296246898886,0.4344579842806408,0.41149311201205907,0.03504786330198736
753,AMGN,0.09081877205226685,0.43676342410466534,0.4131324795345874,0.06771874461295986
754,AMGN,0.09106999383688041,0.4382163313035418,0.4148045518175266,0.0
755,AMGN,0.09130283484103341,0.4347573043112388,0.41528375842817167,0.0
756,AMGN,0.09202790119341908,0.43509015869591283,0.41574973054566366,0.0
757,AMGN,0.09270603264188426,0.43493125617878664,0.4160830722770848,0.0
758,AMGN,0.09364147556966884,0.4350721068031788,0.41638470155878204,0.0
759,AMGN,0.09380078771756795,0.4280588647119244,0.41488547904644785,0.0
760,AMGN,0.09459325732910617,0.4289287172063892,0.41390197848796206,0.0
761,AMGN,0.09552869826231225,0.4270402843522265,0.4126465122912262,0.0
762,AMGN,0.09640490547685476,0.42533951828947275,0.41122004818003843,0.0502272671303479
763,AMGN,0.09783053155474142,0.42410411003014753,0.4097722768777113,0.030520462836898896
764,AMGN,0.09792040123722545,0.42228663534963584,0.40816300427818186,0.02262416138077095
765,AMGN,0.09863117045744452,0.4238768697127516,0.40727024591798594,0.029593628076989377
766,AMGN,0.09966056397346201,0.42739298895577776,0.407428659433563,0.030468571348158467
767,AMGN,0.09987093581173867,0.4272750777092375,0.40752612737725746,0.03269867404053517
768,AMGN,0.10022428146490658,0.4247810529654026,0.40698514195592017,0.05975331313962856
769,AMGN,0.10016913762759083,0.4207313920983479,0.40554732061325166,0.0
770,AMGN,0.10079821343751272,0.4222558865299829,0.4047754081143649,0.0
771,AMGN,0.10152124133160134,0.4250984262675279,0.40486333132473296,0.0
772,AMGN,0.10125981055091393,0.4191199140045066,0.4034499401818322,0.0
773,AMGN,0.10153349875886009,0.4208169179071432,0.4027403847394014,0.0
774,AMGN,0.10146814044038277,0.41843064059495116,0.4015805210520367,0.0
775,AMGN,0.1015171591792412,0.4133848218101702,0.39940037353413677,0.0
776,AMGN,0.10129248995947537,0.4098570325557716,0.39678073908674677,0.0
777,AMGN,0.10116994311233007,0.40802850046707306,0.39423123177590014,0.0
778,AMGN,0.10121078981747877,0.40887585218522576,0.3924019192016603,0.05104539361893001
779,AMGN,0.10196445193013148,0.4101660714013571,0.3912586719788118,0.03504522475171242
780,AMGN,0.10200734307731008,0.41031536076737696,0.3903811243993424,0.034928952636263534
781,AMGN,0.10231779259685525,0.4108714184134255,0.38981708709821117,0.02442699483195953
782,AMGN,0.10273649806443363,0.4124017634874759,0.38974565382790016,0.030414041309143103
783,AMGN,0.10312865071784172,0.41356772203242337,0.38997787139776513,0.037762931534897466
784,AMGN,0.10341867476557409,0.4126841334956573,0.38994435903141794,0.057802017259636865
785,AMGN,0.10334923404541363,0.4113578173003345,0.3895883878589343,0.0
786,AMGN,0.1027643587929401,0.4073434722186465,0.3883073424838094,0.0
787,AMGN,0.10271738300017885,0.40717703059290994,0.3872411991871825,0.0
788,AMGN,0.10286852485962439,0.40694504006880283,0.38633070981921397,0.0
789,AMGN,0.10328109924501239,0.40760376746383586,0.38576579936570504,0.0
790,AMGN,0.10351802314949277,0.4111306137533759,0.38618915341370363,0.0
791,AMGN,0.10294613786281603,0.4072138602739864,0.38555578821377406,0.0
792,AMGN,0.10345266483101545,0.4074165797038885,0.38509940636983375,0.0
793,AMGN,0.10292162849338693,0.40324365245120114,0.38369867599753715,0.0
794,AMGN,0.10468221720008075,0.4204141491747612,0.3868394154243834,0.06587756423110885
795,AMGN,0.10762742817172022,0.44305141096121187,0.39497005647633915,0.06381474562616316
796,AMGN,0.10911841730520622,0.4456728844676473,0.4021251589558421,0.03495762488258451
797,AMGN,0.11051136671707629,0.447229136659371,0.40823546706283226,0.027969688334441523
798,AMGN,0.11203601559400855,0.4516583717923318,0.41422294818666233,0.0278995028971282
799,AMGN,0.11384358283600782,0.45822484146675657,0.4206425803499576,0.050195956333751984
800,AMGN,0.11580228919490843,0.46354019682090697,0.42709743544711654,0.09017491829289315
801,AMGN,0.11770993760868764,0.46700345799036747,0.43312082156626963,0.0
802,AMGN,0.11926628157013996,0.4664994910028005,0.43781445740662167,0.0
803,AMGN,0.12104321035509757,0.4677609961528225,0.44188244274238864,0.0
804,AMGN,0.12297536714101631,0.46795735178567477,0.44518556197844134,0.0
805,AMGN,0.12532826660620056,0.47124547688062834,0.4486440946492817,0.0
806,AMGN,0.12764513729832294,0.4697873282748984,0.45104904172399385,0.0
807,AMGN,0.12985506544183734,0.4697940719395322,0.45297467300675526,0.0
808,AMGN,0.13180764520634702,0.4662939971069541,0.4536465396841525,0.0
809,AMGN,0.13426266878940707,0.4689682048784772,0.4548477100998901,0.047377632833416006
810,AMGN,0.1361376362986917,0.4673112165257855,0.45539741990289695,0.041077478390273245
811,AMGN,0.13884183747365708,0.4673611973392282,0.455849591837597,0.048904825732549506
812,AMGN,0.14122422951105684,0.4666222917302297,0.4560279499495364,0.02610863087385267
813,AMGN,0.14365065583791647,0.4614972266815942,0.45489871276478144,0.030878953867586992
814,AMGN,0.14394068611870403,0.4549251136034441,0.4523642751892932,0.031359697727680505
815,AMGN,0.1431563870449426,0.4473368472250241,0.44845349134317225,0.05432124173694006
816,AMGN,0.1436996755740636,0.440106425667188,0.44353043936291237,0.0
817,AMGN,0.1442388814521791,0.43396471416978816,0.4380677657581992,0.0
818,AMGN,0.14451567347217797,0.4297708045199946,0.4326567946272566,0.0
819,AMGN,0.14492007781843408,0.43116467301540484,0.428673943934435,0.0
820,AMGN,0.14516108761510793,0.4310277568513392,0.42545368392648925,0.0
821,AMGN,0.14537758704506354,0.4303335888161563,0.4227051993247105,0.0
822,AMGN,0.14592904785721617,0.43049177926376214,0.42054567088652633,0.0
823,AMGN,0.1464314899305108,0.43216999658950356,0.41923454321008735,0.0
824,AMGN,0.14695027158342477,0.43326923703496806,0.4184584473519928,0.0
825,AMGN,0.1467705362076115,0.4303581224979637,0.4171150987626055,0.0
826,AMGN,0.14829420250575853,0.4423154487771822,0.41900795420170767,0.06522285195622117
827,AMGN,0.15029069239727355,0.4580886142234829,0.4244367766826554,0.09050104310687536
828,AMGN,0.15228820874828108,0.46708527465276733,0.43101259957500226,0.05513989593557716
829,AMGN,0.15332168666055912,0.46946379740434907,0.4368635527180973,0.04154643672580537
830,AMGN,0.15325428240411876,0.4560614488898289,0.4382181595242741,0.14576917258581445
831,AMGN,0.15334415059066941,0.4486814713512541,0.437470303699381,0.058878018061756146
832,AMGN,0.15309815684324168,0.43882332147939546,0.4344254521982873,0.10821767687961527
833,AMGN,0.1532207049369978,0.43072289173516376,0.4299792300034991,0.0
834,AMGN,0.15324521256117118,0.42114549300153187,0.424045361403947,0.0
835,AMGN,0.15381709535462584,0.4173095867128752,0.4183462825056318,0.0
836,AMGN,0.15448701811901855,0.41438609834789425,0.41306147658358267,0.0
837,AMGN,0.15574108085480187,0.41801816967685096,0.4097350286996867,0.0
838,AMGN,0.15617407971471398,0.413080533936051,0.4058484623764322,0.0
839,AMGN,0.15653355046633965,0.413313288914037,0.4027969737684265,0.0
840,AMGN,0.156905275902679,0.4125982071120838,0.4001783159690484,0.0
841,AMGN,0.15772021293483762,0.416294187453056,0.3990006473352236,0.0690123378610856
842,AMGN,0.15838604905906983,0.4184933225771876,0.39860428735996223,0.04140360320425546
843,AMGN,0.15911316110009666,0.4225478517855162,0.39929344059606964,0.04244934862988879
844,AMGN,0.15941952672202575,0.4212202646111405,0.39951528647768064,0.04041397094780244
845,AMGN,0.16024876113567355,0.4220108983712662,0.39988898036024756,0.03580407181078428
846,AMGN,0.15979125490090995,0.423512661526726,0.4005606386598223,0.05043536079536459
847,AMGN,0.15843200637064925,0.4218820776997477,0.4006932917679672,0.1283573793215056
848,AMGN,0.15730457263437114,0.4200792035731008,0.4003519822196278,0.0
849,AMGN,0.15654886583036665,0.41841807450291996,0.399666680420201,0.0
850,AMGN,0.1571758999408024,0.4168869294977212,0.39873844388548957,0.0
851,AMGN,0.1574373319681004,0.41543237143619366,0.39763486668653314,0.0
852,AMGN,0.1580868320032245,0.4146522127223302,0.39655838741647537,0.0
853,AMGN,0.15863829281537667,0.4129147723340404,0.39526601111963827,0.0
854,AMGN,0.1594593566912481,0.41134385358392284,0.3938422440551572,0.0
855,AMGN,0.159904610235875,0.40996400408212263,0.39236078338452685,0.0
856,AMGN,0.1601456190352597,0.40691341860541536,0.39041852945466693,0.0
857,AMGN,0.16024569696585056,0.409057853073806,0.3893969257936072,0.05467727012070488
858,AMGN,0.16089519824758525,0.4088001880594486,0.38851569631409294,0.042415399283017935
859,AMGN,0.1611321211547767,0.4084354856285193,0.3877202019464087,0.024056014663303395
860,AMGN,0.16148239914761087,0.4084928530990905,0.38709804374354684,0.01994972682209487
861,AMGN,0.16169277098588775,0.41137830713562384,0.3873164207361121,0.021001628865036395
862,AMGN,0.16183574480077878,0.412293892030362,0.387718349515069,0.03248196111128701
863,AMGN,0.16177446763737335,0.41327830587068565,0.3882842014898167,0.047599622863214036
864,AMGN,0.16211351541040764,0.41383578243792885,0.3888752359757768,0.0
865,AMGN,0.16225240108920524,0.4140950810753282,0.3894124155430064,0.0
866,AMGN,0.1623136720195557,0.41445942051057133,0.3899325798936537,0.0
867,AMGN,0.16261595648641336,0.4145602938955745,0.39037374583622725,0.0
868,AMGN,0.1632450303017574,0.4176134997924566,0.39148441431186687,0.0
869,AMGN,0.16377606663938526,0.41876025814589934,0.39265754823104526,0.0
870,AMGN,0.1640906035470575,0.4171619528324746,0.39319939262208664,0.0
871,AMGN,0.16440922534963476,0.4156943434961933,0.3932686411364846,0.0
872,AMGN,0.1644623289833973,0.41212538497646306,0.39243830624691145,0.0
873,AMGN,0.16494842873452842,0.4127580997213048,0.3919310636325731,0.028599070526689814
874,AMGN,0.16541002235741886,0.41278975122920375,0.391533124719884,0.018762379198373244
875,AMGN,0.1658961243524495,0.4129051970411528,0.39124342459414413,0.018489201293241442
876,AMGN,0.16657196976567423,0.41297610049372896,0.39102926110531544,0.01518116286187717
877,AMGN,0.1669498237909819,0.41438200837907263,0.3912068444268136,0.018690082920839974
878,AMGN,0.16748085514216626,0.4150862877326283,0.3915236970768945,0.02400711353154123
879,AMGN,0.16768509988740798,0.41198755152848254,0.3910081438967082,0.04890218718227457
880,AMGN,0.1679189618659649,0.41017199353526834,0.39014512147274666,0.0
881,AMGN,0.16787402777268956,0.40865653101069266,0.38907860047064263,0.0
882,AMGN,0.16786585723491343,0.4065394288585498,0.3876999674405444,0.0
883,AMGN,0.16781684148792175,0.4047864091668518,0.38616200170965964,0.0
884,AMGN,0.16777190764396854,0.4033386166984801,0.38457232021891274,0.0
885,AMGN,0.16772288890511033,0.4021037600581061,0.38299411191211835,0.0
886,AMGN,0.16764527590191847,0.4011352086615644,0.3814911730100669,0.0
887,AMGN,0.16730622887685076,0.39761074176690153,0.37941412998889085,0.03892019968548481
888,AMGN,0.16648925213978427,0.3930207096916057,0.37661335481822455,0.029193975662012265
889,AMGN,0.16603787299805584,0.3922812032522772,0.3741892061335545,0.023335338631542284
890,AMGN,0.16579686619324807,0.39170593389465524,0.3721071185169101,0.014360925533075107
891,AMGN,0.16554360520237021,0.39120184664162466,0.37031634552149256,0.02417422171562057
892,AMGN,0.16543948077249349,0.3902258972529416,0.3686415188564613,0.04102875316186275
893,AMGN,0.16520664500410676,0.39179425719714983,0.36769088851447096,0.04293062020003729
894,AMGN,0.16491253207231416,0.3921573086135841,0.3670204852809964,0.0
895,AMGN,0.16429162854542412,0.38935142665212114,0.3657878071045362,0.0
896,AMGN,0.16365254718634303,0.3872119379592835,0.3642706925086707,0.0
897,AMGN,0.16400793379103007,0.39757531732668105,0.3656289540536689,0.0
898,AMGN,0.16444501954042456,0.4063431283299624,0.3688915330151418,0.0
899,AMGN,0.16513128288172507,0.4122663841556585,0.37297161251429484,0.0
900,AMGN,0.16514762246134485,0.41051312584855215,0.3758005575879359,0.0
901,AMGN,0.1649923964549611,0.4072491285564609,0.37725366433249163,0.0
902,AMGN,0.16501282092948544,0.4056142894163905,0.3780104201254472,0.0
903,AMGN,0.16597277272805422,0.41407098461728215,0.3807145826741666,0.06442319531956361
904,AMGN,0.1669041272704226,0.42021750853452877,0.3844033390659487,0.039748704471815006
905,AMGN,0.1680724087091381,0.42721697353175225,0.3890914509581104,0.025710209782337193
906,AMGN,0.16893023813508612,0.42916831918961074,0.3933262197376504,0.02519006357147129
907,AMGN,0.1695225466496757,0.42483643759956774,0.39563896104097235,0.043605913167069486
908,AMGN,0.1702088060018212,0.42028566457565325,0.3963597565266071,0.04482246074716707
909,AMGN,0.17068061086468478,0.41702440908467736,0.39612702405295025,0.05032489349052057
910,AMGN,0.17117896604849703,0.4144689798208968,0.3953066391033242,0.0
911,AMGN,0.17170999989290303,0.4124956830458997,0.39416060411367676,0.0
912,AMGN,0.17224303828778753,0.4101469333029958,0.39266087027107294,0.0
913,AMGN,0.1725616595917201,0.40817131217187513,0.3909707793151296,0.0
914,AMGN,0.17297014908220332,0.4065105424731285,0.38920654157737244,0.0
915,AMGN,0.173680920795644,0.40511537739745934,0.38744890339373267,0.0
916,AMGN,0.17471439920656695,0.4072749132429357,0.3865787401453056,0.0
917,AMGN,0.17428957013646462,0.40553344745474984,0.3854504176537843,0.0
918,AMGN,0.17214091541652232,0.38670673658374866,0.37987540154629834,0.0
919,AMGN,0.17167523989059363,0.3888271195677551,0.37594161911599366,0.038489236473911774
920,AMGN,0.17269238046715207,0.399862105884455,0.37553322384446597,0.024083103779459415
921,AMGN,0.17381164192039833,0.40780628631068383,0.37717807112179347,0.023255126703184203
922,AMGN,0.17445296742859084,0.40995033951115883,0.379026053804526,0.016827442330086158
923,AMGN,0.17404038905404762,0.41030132794031837,0.3805915472338819,0.018206700510471525
924,AMGN,0.1737033864710098,0.41093021601045077,0.38200001758173446,0.022905958550134213
925,AMGN,0.17296402149052392,0.40950649753780904,0.3827734595679215,0.051931594704605503
926,AMGN,0.17253919092448822,0.40834829109514315,0.38310477286485906,0.0
927,AMGN,0.17265356997640136,0.4074540332642611,0.3831478892059194,0.0
928,AMGN,0.1728904946288483,0.40707567333709105,0.3830884820171691,0.0
929,AMGN,0.17303346470390624,0.4062517913300837,0.38283648763609235,0.0
930,AMGN,0.17324179434405274,0.40641198498293984,0.3826746485240977,0.0
931,AMGN,0.17358901041096364,0.4081099771650713,0.3829665799747102,0.0
932,AMGN,0.1737769155765858,0.4070222195614741,0.3829301686302987,0.0
933,AMGN,0.17396073584730343,0.4060274631386526,0.3826541638112721,0.0
934,AMGN,0.17396073584730343,0.40323804689034365,0.38174109077896706,0.0
935,AMGN,0.1736339430083056,0.3975797853878095,0.3796063815402664,0.04305691880653094
936,AMGN,0.17267807859786344,0.389909176680237,0.3759949448848347,0.030164082646430744
937,AMGN,0.17179982868654653,0.3814752724749138,0.37101269384884594,0.028185521746931366
938,AMGN,0.17231452644184442,0.37224051673862646,0.36473503831461107,0.02368855256168051
939,AMGN,0.1712728769945011,0.3657715762917503,0.3581074711418183,0.023301916994726418
940,AMGN,0.16958989605523267,0.363635630665224,0.3522753246567352,0.030662592745042162
941,AMGN,0.16809074037312577,0.3635951559416537,0.347599562569993,0.08192188483959373
942,AMGN,0.16668962441263457,0.361012112060748,0.3432179006148784,0.0
943,AMGN,0.1655050073834552,0.36048040236433204,0.3395806128913659,0.0
944,AMGN,0.16504137206107905,0.36852224590867627,0.3386665839545016,0.0
945,AMGN,0.16388125941488418,0.3661090680912856,0.3373364653827819,0.0
946,AMGN,0.16260677220457653,0.36347458953320744,0.3356185533317366,0.0
947,AMGN,0.16128326625541045,0.3614226730315555,0.33373498504682786,0.0
948,AMGN,0.16117705898788537,0.3733868975599206,0.33519737671683736,0.0
949,AMGN,0.1604050138508719,0.3756567260383666,0.33693060945483366,0.0
950,AMGN,0.15844018064825827,0.3661206418144318,0.335950558115853,0.03955468307493131
951,AMGN,0.15606685770583906,0.3564108561489864,0.33275677079888977,0.02780222834365886
952,AMGN,0.15377523415745054,0.3478285876566877,0.3280718186182816,0.026077671883960075
953,AMGN,0.15166129855097754,0.34349409219092103,0.32324813444944256,0.021550447322223276
954,AMGN,0.14977816175052738,0.34121335311544854,0.3188231599522806,0.03246771293980236
955,AMGN,0.14825041504527525,0.34037552542194227,0.31507525072473225,0.024420310504596355
956,AMGN,0.14730271643548765,0.343197031748141,0.3127771565415781,0.05806956625751547
957,AMGN,0.146518414120538,0.34522383771412163,0.31144168797972827,0.0
958,AMGN,0.14572663794384555,0.3445197889703557,0.31019858436943,0.0
959,AMGN,0.1448728936621244,0.34440257421738396,0.30917501146616366,0.0
960,AMGN,0.1437250406870887,0.3444121137433093,0.30835852063523145,0.0
961,AMGN,0.14258535401135175,0.34635701234923566,0.30818800722577855,0.0
962,AMGN,0.1418092239794333,0.34932633877649977,0.30878851525802525,0.0
963,AMGN,0.1406817929856996,0.34960563019378255,0.309338235412,0.0
964,AMGN,0.13896205223076508,0.3522151039343843,0.3104256231062829,0.0
965,AMGN,0.13821860135808595,0.35593725959336453,0.31221928698135637,0.0
966,AMGN,0.13731992447902286,0.35660293224559747,0.313819422775927,0.0
967,AMGN,0.1364498413656492,0.35751381815708333,0.31532559241654956,0.04024105795311824
968,AMGN,0.13453810955289858,0.3609550175702379,0.3173845549482323,0.057992696492838974
969,AMGN,0.13362717749047692,0.3671507768327314,0.3205693704105602,0.03531171832948105
970,AMGN,0.13294295634730635,0.3631574163831153,0.3221261622479795,0.034646275950141955
971,AMGN,0.1321096342962096,0.35626536608014286,0.3216611468042577,0.031106924611341544
972,AMGN,0.13148464587441477,0.35207019455547717,0.3202479890336881,0.06197250982420219
973,AMGN,0.1310822834769667,0.3534517627369784,0.3194603363731862,0.08443994131864188
974,AMGN,0.13068196402561494,0.35555729927620155,0.3193527601531665,0.0
975,AMGN,0.12948917197085996,0.3497084515918181,0.3178151492423532,0.0
976,AMGN,0.12944015522657937,0.3604540199255449,0.31925186427674623,0.0
977,AMGN,0.12967299423615497,0.37143884938618627,0.3231274191949399,0.0
978,AMGN,0.12858980265424025,0.3636973483640864,0.3243066000174691,0.0
979,AMGN,0.12775648409365425,0.360459955255014,0.3244464979095705,0.0
980,AMGN,0.1274746263452211,0.3636066053717084,0.32533934265837033,0.0
981,AMGN,0.12720502328150185,0.36791871761847467,0.32712378587984886,0.0
982,AMGN,0.1269190806381637,0.3723261756910505,0.32964517052803044,0.0
983,AMGN,0.12584067087651007,0.36518606241983204,0.3298902657900099,0.04327662209275736
984,AMGN,0.1249256514259609,0.363513054914076,0.32967113988339203,0.06298852758340458
985,AMGN,0.12426185700121439,0.3663774145644278,0.33020670756980314,0.032882141236319114
986,AMGN,0.1239759168510981,0.37020194099973525,0.33158432151884004,0.03407617318740391
987,AMGN,0.12383703192026685,0.37496997676864346,0.3338697298685565,0.03234528420704528
988,AMGN,0.12358785308175002,0.38008127388782786,0.33696656333811875,0.04733295338209374
989,AMGN,0.12290567638060956,0.3828412164918778,0.34012898460790764,0.06737643669062471
990,AMGN,0.12314055783763767,0.38556361807817313,0.34333455929774254,0.0
991,AMGN,0.12377371904110857,0.38784127294827403,0.3464642807826205,0.0
992,AMGN,0.12484395851430818,0.39503949316229453,0.35075449123843255,0.0
993,AMGN,0.12533823354033702,0.3988369961040134,0.3551291127912825,0.0
994,AMGN,0.12668624885893198,0.411242705922975,0.3617076228614141,0.0
995,AMGN,0.12867150778268077,0.41949061666791004,0.36901737331541967,0.0
996,AMGN,0.1294639773942181,0.4280166156406958,0.37698113120066296,0.0
997,AMGN,0.12983570283055768,0.43209428109746967,0.3843641206117361,0.0
998,AMGN,0.13200069713011953,0.43699585552530906,0.3914869705654108,0.0
999,AMGN,0.13397370136915354,0.44082173087478604,0.3981347450978372,0.0
1000,AMGN,0.13985390683669308,0.48943032909086753,0.415516504651402,0.3018881465767449
1001,AMGN,0.14575862541349505,0.5281831354644702,0.43903947058954246,0.11034223756099448
1002,AMGN,0.15141620485668805,0.5551642040947181,0.4645539261454888,0.07352021305413953
1003,AMGN,0.158425879776259,0.5777604475406495,0.49057336028878235,0.04408349076683307
1004,AMGN,0.1642713696208402,0.5847928692661156,0.5131341934867073,0.0705944126059378
1005,AMGN,0.16948369327550683,0.585337224170917,0.5313179564553506,0.0722705956439294
1006,AMGN,0.17475320520951865,0.5854466311504338,0.5458921191348821,0.1245831970082358
1007,AMGN,0.179896086897414,0.5835273030371566,0.5570751160333929,0.0
1008,AMGN,0.18424650121767128,0.5727384486237261,0.5633439671763285,0.0
1009,AMGN,0.18926683680638856,0.567848493134905,0.5671454732202093,0.0
1010,AMGN,0.193752051411894,0.5568751630001362,0.5674633490337421,0.0
1011,AMGN,0.19959345112580507,0.5606471300553355,0.5686537654510382,0.0
1012,AMGN,0.2049242389766115,0.5617091389863405,0.5698696648594203,0.0
1013,AMGN,0.21043476220323032,0.5606785600563339,0.5705866183174267,0.0
1014,AMGN,0.21422554467491461,0.5494799598198965,0.5683809451864046,0.0
1015,AMGN,0.21810619483450577,0.5385985420570012,0.5639158882040058,0.0
1016,AMGN,0.22177034556414044,0.5285166475359898,0.5578417474834019,0.0
1017,AMGN,0.22791402625439772,0.5427898977498352,0.5565247284551973,0.09142383208969664
1018,AMGN,0.2346969962384493,0.5611007756185411,0.5600154534190553,0.11890714765679145
1019,AMGN,0.2421805266959689,0.5813415096822869,0.5678313196502593,0.0954601103969435
1020,AMGN,0.245460696805905,0.5972696415798457,0.5780370098861305,0.073389165057151
1021,AMGN,0.24836709554153824,0.605281944177233,0.5881900319308415,0.06643852001956045
1022,AMGN,0.2517616858415499,0.612403254643866,0.598079795598054,0.060938549923130234
1023,AMGN,0.25479267711296893,0.6149866862596326,0.6066327550444504,0.11769939524427699
1024,AMGN,0.25824849595855737,0.6103562506970412,0.6123259546283767,0.0
1025,AMGN,0.26226190644916647,0.607300492176701,0.616122145071303,0.0
1026,AMGN,0.2662446789813777,0.6040187305153732,0.6183446394020166,0.0
1027,AMGN,0.2702151968288753,0.5991027519300751,0.6189026016600452,0.0
1028,AMGN,0.2749740993930052,0.5940299607431001,0.6180900209664653,0.0
1029,AMGN,0.2786545897022594,0.5821026025303413,0.6144798594881916,0.0
1030,AMGN,0.2838914249702551,0.581722419534456,0.6114973776001053,0.0
1031,AMGN,0.28912009044844034,0.5934252984863222,0.6120157784057443,0.0
1032,AMGN,0.2949655750572555,0.6067753512289986,0.6157436761466457,0.0
1033,AMGN,0.3008110596660707,0.6148585819834338,0.6207320669382279,0.0
1034,AMGN,0.3074204251071784,0.6181682082003603,0.6255441529391419,0.3124346079290195
1035,AMGN,0.31537371349230936,0.6319195348105076,0.632806585812638,0.13244273466386627
1036,AMGN,0.3232126293079052,0.6388777204590972,0.640343394301997,0.14322209205374198
1037,AMGN,0.3285556725913925,0.6391532298368137,0.6464412162061288,0.07200533338962241
1038,AMGN,0.3326017604959848,0.6318413612876963,0.6495048355496682,0.04956411149458042
1039,AMGN,0.3359881293964917,0.6243047737332788,0.650085322738365,0.05164416862798904
1040,AMGN,0.3392254098551821,0.6164219438407073,0.6485933747910211,0.08935151470376117
1041,AMGN,0.3427751845247706,0.6088273267929228,0.645515006556842,0.0
1042,AMGN,0.3460185484451115,0.6004775316367268,0.6409800841959992,0.0
1043,AMGN,0.3493150616251781,0.5916312270811304,0.6351566962813036,0.0
1044,AMGN,0.35263608118280665,0.5785682060367516,0.6272560435416683,0.0
1045,AMGN,0.35564256383276405,0.5659799724740685,0.6178114103125133,0.0
1046,AMGN,0.3589104797566298,0.5584335242160623,0.6083828482424395,0.0
1047,AMGN,0.3620966977823987,0.5498417291004536,0.5987077119697954,0.0
1048,AMGN,0.365164453855928,0.5412120641421707,0.5888259179081519,0.0
1049,AMGN,0.3696156412868765,0.541561567593978,0.581007221404665,0.0
1050,AMGN,0.37299384488537335,0.5400455988897577,0.5743760355167549,0.06195052190524438
1051,AMGN,0.374617588116823,0.532993349456129,0.5673208801404384,0.052491143266243795
1052,AMGN,0.3748014083875404,0.5172856898188569,0.5577784747500724,0.05904811660281375
1053,AMGN,0.37519356228755907,0.5058005433420625,0.5472942003313743,0.032549156191622075
1054,AMGN,0.3755366919636316,0.49450917275641104,0.5361045214246873,0.028874007465338244
1055,AMGN,0.37452772242349397,0.4840960488850877,0.5245684796319584,0.0323934817254008
1056,AMGN,0.37340437632466505,0.472610937759768,0.5124893048647957,0.0669898011236706
1057,AMGN,0.3727793879028698,0.46554092117854,0.5010713489862808,0.0
1058,AMGN,0.372652754664887,0.4596620449892481,0.4904779819620315,0.0
1059,AMGN,0.3724403461135686,0.45431367912831444,0.4806759465249541,0.0
1060,AMGN,0.3721707430498493,0.4494846066702457,0.4716358530775674,0.0
1061,AMGN,0.37135376406888243,0.44046297091703945,0.4621648151091272,0.0
1062,AMGN,0.3710269724764963,0.438037987609877,0.453986159460177,0.0
1063,AMGN,0.37081047304654025,0.4368377295285825,0.44714535839615577,0.0
1064,AMGN,0.3707124355688243,0.4327675689111423,0.44066259697116567,0.0
1065,AMGN,0.37104331205611585,0.43337021322730074,0.43562595033733387,0.0
1066,AMGN,0.37221158601516535,0.4464234388557294,0.4348361444404274,0.0723235425527798
1067,AMGN,0.37339281974210703,0.4553829322683837,0.4364278406288623,0.04327521486594405
1068,AMGN,0.37403578828358963,0.45595398572263557,0.4378429199579342,0.03926461844803991
1069,AMGN,0.37392358150618454,0.456589420771796,0.43913268383569204,0.0283695166527703
1070,AMGN,0.3741482582056159,0.4597874209738149,0.4409581652872078,0.03098168142495787
1071,AMGN,0.3743668015789581,0.4572789605274853,0.4417960080616468,0.02353709977589913
1072,AMGN,0.37531041130468523,0.45357355857327825,0.4415466864470667,0.03859952787540414
1073,AMGN,0.3760456883984,0.4500401533966727,0.4404703189791624,0.0
1074,AMGN,0.37739369972783976,0.4520194310067723,0.44010043634097223,0.0
1075,AMGN,0.3791420372403298,0.45667255417450936,0.440959328747189,0.0
1076,AMGN,0.379816042406405,0.44607348893018367,0.4390159976179352,0.0
1077,AMGN,0.3806330213873719,0.441494662901197,0.4363249730446487,0.0
1078,AMGN,0.3814254909989092,0.43758539739852237,0.4332019632918811,0.0
1079,AMGN,0.3820014611804905,0.43176858696229026,0.4292599564655402,0.0
1080,AMGN,0.3827816761073133,0.42896449212125926,0.42541043893711583,0.0
1081,AMGN,0.3840071445787636,0.42641767401789465,0.4216987630363161,0.0
1082,AMGN,0.3853306515252175,0.43025045719627986,0.41968063124996474,0.06901937399515211
1083,AMGN,0.38602916556207756,0.42750840318028815,0.4173856108642792,0.03380440250908541
1084,AMGN,0.38684614304711085,0.4235749552449005,0.4145734029360746,0.017300094636003193
1085,AMGN,0.3874098635304217,0.4217420526268977,0.41186875217537905,0.019881476321649834
1086,AMGN,0.3870323024586968,0.4231799324423353,0.41006188037960983,0.023543256393207316
1087,AMGN,0.38652915779544683,0.42199118132721847,0.4083213621633893,0.02170700130520287
1088,AMGN,0.38662555822360556,0.4212591966712704,0.4067472857765053,0.039511059043719016
1089,AMGN,0.38641232142394255,0.4180323283910561,0.40468718992236097,0.0
1090,AMGN,0.38624892263588295,0.41916468521484895,0.40332013824814816,0.0
1091,AMGN,0.38614680126055134,0.4161413426057201,0.401476172570726,0.0
1092,AMGN,0.3861468022578398,0.4135688819434804,0.39936257425536403,0.0
1093,AMGN,0.3862039907865076,0.4119768113305783,0.3972765801685383,0.0
1094,AMGN,0.38584452003488234,0.4115553081592231,0.39550317747315156,0.0
1095,AMGN,0.3855830867609731,0.4158134401941653,0.3951412260879775,0.0
1096,AMGN,0.38616722673236437,0.41420972335878575,0.3944536592198244,0.0
1097,AMGN,0.38637555637251086,0.41311312882209317,0.3936314560961561,0.0
1098,AMGN,0.3867248103990746,0.41372869398336776,0.3931264627609829,0.12100567464212462
1099,AMGN,0.3868922925861056,0.4098287016727987,0.39175457939243724,0.027428433721376128
1100,AMGN,0.38665230750366897,0.40451696342395155,0.3893388210137072,0.018439420644720966
1101,AMGN,0.3865011683867676,0.40121282132467745,0.3865862019753757,0.01314033217588928
1102,AMGN,0.3857924326384019,0.3989106687425648,0.38381276524108715,0.015691458485049974
1103,AMGN,0.38496524391339504,0.39048094382480725,0.3795019513453939,0.02550158840726551
1104,AMGN,0.38460169474924255,0.38735995595074185,0.37527874257414107,0.044772328291943275
1105,AMGN,0.384099247689504,0.38512433621148945,0.37134534598012514,0.0
1106,AMGN,0.38330853480217897,0.38365061160845143,0.36783288403743525,0.0
1107,AMGN,0.382283229671577,0.3781788600804043,0.3636649511711302,0.0
1108,AMGN,0.38121298421464456,0.37412075120562405,0.3593234752706053,0.0
1109,AMGN,0.3806451838228724,0.3740774351215416,0.3558395444909569,0.0
1110,AMGN,0.37961579030685444,0.3733796837178481,0.35287923396188553,0.0
1111,AMGN,0.3791419424978941,0.3752516482697703,0.35097556423342685,0.0
1112,AMGN,0.38003653448205243,0.3912854803954757,0.3534318580754564,0.06075648995415959
1113,AMGN,0.38089435742562383,0.40414056704979845,0.35858723100737655,0.047964622317913645
1114,AMGN,0.38204629778878596,0.4182019143896363,0.366201233464853,0.03688851597378336
1115,AMGN,0.3831594376340859,0.43332566381690196,0.37604580338973237,0.035456486787899255
1116,AMGN,0.3846933146735614,0.44443349365408213,0.3866781680945009,0.04958873796381316
1117,AMGN,0.38566960206259493,0.44712290511314,0.39585151013890035,0.05779427751216372
1118,AMGN,0.38696247479048473,0.4536265571700066,0.4048042411458055,0.1047812290015374
1119,AMGN,0.3882247058201447,0.4535647494533191,0.4119510866927321,0.0
1120,AMGN,0.39050713835499806,0.46142637597207975,0.4196196386371939,0.0
1121,AMGN,0.3922922354338323,0.4625958193282286,0.4260447092291425,0.0
1122,AMGN,0.39347073309896485,0.4567580161023098,0.42973595674934667,0.0
1123,AMGN,0.3958583546694836,0.457538518715874,0.4328826576244258,0.0
1124,AMGN,0.39775782581378705,0.4557664612026405,0.4349602342667406,0.0
1125,AMGN,0.4001393195433045,0.4588469481372158,0.43738680183042455,0.0
1126,AMGN,0.4021858518906254,0.4571966083583233,0.43891847937541456,0.0
1127,AMGN,0.4046572133080488,0.45518929451842427,0.4396456521256508,0.0
1128,AMGN,0.4071122351458536,0.4527970714095675,0.43963369538197017,0.0
1129,AMGN,0.40962240904860536,0.45373887127733414,0.439857863127367,0.05704844730111488
1130,AMGN,0.4122367368012547,0.45399388197497037,0.44010048513378,0.035491491554880086
1131,AMGN,0.4144384986454699,0.4513808825420707,0.4396460961717907,0.027885958339050193
1132,AMGN,0.41525180012400487,0.4485190409568724,0.4385723415165488,0.02741225061302318
1133,AMGN,0.41629753222235255,0.4483472994997244,0.43767071549914854,0.03315373601128596
1134,AMGN,0.4161504819895119,0.4392299351605418,0.4346866938338372,0.04982726290866746
1135,AMGN,0.41565824517245753,0.4323456884889301,0.4305909642703689,0.07981825665706234
1136,AMGN,0.4151843983607857,0.42641419371326733,0.4258423195710815,0.0
1137,AMGN,0.41526609875210463,0.42176645699616305,0.42088994208846775,0.0
1138,AMGN,0.41524159037996444,0.4217003422665965,0.4169116319419031,0.0
1139,AMGN,0.41528243932901265,0.41753832436393135,0.4126960663781311,0.0
1140,AMGN,0.41422036665375606,0.4110687233053094,0.40771800723301505,0.0
1141,AMGN,0.4135667834689829,0.4058540102316447,0.402441387657611,0.0
1142,AMGN,0.4128805211249711,0.39531939439287106,0.39560564180828445,0.0
1143,AMGN,0.41171632607709396,0.38812415307706477,0.38835135115517144,0.0
1144,AMGN,0.4106134044527896,0.38153486078296134,0.380912607317359,0.0
1145,AMGN,0.4092694740290992,0.37916772429261525,0.3743741432269475,0.0
1146,AMGN,0.40912650420336316,0.38671154706966454,0.3710155758571729,0.062341203249286714
1147,AMGN,0.4088446454576409,0.39125901288063325,0.36945729874392685,0.038365224610989734
1148,AMGN,0.4088691503392705,0.39793341733001897,0.3698671112547516,0.03471716500086192
1149,AMGN,0.4084136760804271,0.4015864745484931,0.3711015663339187,0.030822137085000017
1150,AMGN,0.4076457263098505,0.4012935623484931,0.37201643630300435,0.031314314662951585
1151,AMGN,0.40704524626019634,0.4006024935063494,0.372576824831527,0.04168416905015708
1152,AMGN,0.4060562972926198,0.39576425682151156,0.37182439620558794,0.07225757879590637
1153,AMGN,0.40480224054056935,0.39187395271954867,0.3702569689957438,0.0
1154,AMGN,0.4042466888497791,0.3877885645695316,0.3679891275295376,0.0
1155,AMGN,0.4036217009266285,0.38470712552666664,0.36541011181528615,0.0
1156,AMGN,0.4028067643931146,0.38031230394110205,0.36225620525932367,0.0
1157,AMGN,0.40190808751405127,0.3765185130438946,0.3587915480707179,0.0
1158,AMGN,0.4002537050775943,0.3697373369289129,0.3543368898383065,0.0
1159,AMGN,0.39938770735776963,0.3691477663431271,0.35062684534643485,0.0
1160,AMGN,0.3982398518895116,0.3630821561064757,0.3461534643210456,0.0
1161,AMGN,0.3975331650709757,0.36334256342138177,0.34263938662754106,0.0
1162,AMGN,0.397000090773695,0.3593968878639774,0.3388488982375639,0.08769749548807904
1163,AMGN,0.3967059753486799,0.3602712469130466,0.33603350340052257,0.03371944119023244
1164,AMGN,0.3964527113659364,0.3607487428801419,0.3338996910853168,0.05836473208160508
1165,AMGN,0.39571335037460553,0.35907373707450746,0.33177694318472367,0.02163646406118622
1166,AMGN,0.39409573548280274,0.3582080087287516,0.32986389093204815,0.025923932354607084
1167,AMGN,0.3929029531516135,0.36093260043936465,0.3290096303425678,0.03884368172751163
1168,AMGN,0.3912077242593295,0.36127211196616604,0.32841048085004826,0.08652035025875383
1169,AMGN,0.3896636364785251,0.36195967731072715,0.3281017992149816,0.0
1170,AMGN,0.3883973135729386,0.3626985711930199,0.3280382304324494,0.0
1171,AMGN,0.3872698795873384,0.3647075990113854,0.3284859700623489,0.0
1172,AMGN,0.38587284253801934,0.3595755909188374,0.32757051498760337,0.0
1173,AMGN,0.384753581334095,0.35877125487730804,0.32663853315835223,0.0
1174,AMGN,0.38384264977031757,0.35965865653291884,0.3261131804458879,0.0
1175,AMGN,0.3828581900982533,0.36002522198227144,0.32578387141846,0.0
1176,AMGN,0.38184922105675945,0.3583568954552911,0.3251063837919564,0.0
1177,AMGN,0.3808484267915193,0.35703490636007135,0.3242363062984125,0.04695229852909617
1178,AMGN,0.3798680470279159,0.3526257650979577,0.32244599650351546,0.04484409685942156
1179,AMGN,0.3788549930915175,0.35374807121496543,0.321292279321647,0.03593670293793778
1180,AMGN,0.37858947591999215,0.3570135310473816,0.3211797178594954,0.022022220111382003
1181,AMGN,0.37788687898280493,0.3600847590894558,0.32185187709470897,0.030369010051117515
1182,AMGN,0.3776887550975432,0.36365191871166885,0.3232748917388398,0.033121193891228404
1183,AMGN,0.3769820762573173,0.36504774248229743,0.3247597149205696,0.06650800184346713
1184,AMGN,0.37596902281956357,0.3626766795385244,0.32535912999004896,0.0
1185,AMGN,0.37527458569929806,0.3620785754959155,0.32569022633130035,0.0
1186,AMGN,0.374580148579033,0.3620223304297808,0.32594114466807067,0.0
1187,AMGN,0.37366104124171207,0.36298907889090826,0.3263818041468578,0.0
1188,AMGN,0.3731626860579005,0.3663262515989426,0.3275625415052402,0.0
1189,AMGN,0.37279913041137025,0.3707139391934249,0.3295960548834379,0.0
1190,AMGN,0.3723457070769336,0.3733125954592602,0.3318677925078076,0.0
1191,AMGN,0.37169620878706544,0.3746080787950263,0.3340066918776821,0.0
1192,AMGN,0.37165944473292223,0.37520940531081864,0.33586704683189617,0.0
1193,AMGN,0.3710181207206631,0.37239907920713133,0.3366578722713502,0.04272305424507559
1194,AMGN,0.37008880463659155,0.36854901386648564,0.33633503465207343,0.02618075124803428
1195,AMGN,0.3690961761720062,0.36444073929791826,0.3350571849738128,0.021478151044690006
1196,AMGN,0.3682056710773298,0.3602837093566818,0.3330032256823824,0.022223629449035522
1197,AMGN,0.36739276851431324,0.3578011399657668,0.3307439414289737,0.0263137341818911
1198,AMGN,0.3668719469071693,0.35552724272955555,0.32837218485184,0.03155283960780589
1199,AMGN,0.3657240924362002,0.35173471971855286,0.32553356230659236,0.06245905849490056
1200,AMGN,0.36419634074450435,0.3472012259205472,0.32213755502118774,0.0
1201,AMGN,0.362174312780168,0.339107076398758,0.31741196680621303,0.0
1202,AMGN,0.36043006465038196,0.337069261093098,0.3131257571837947,0.0
1203,AMGN,0.3591719120332497,0.33945804899358156,0.3102896318897493,0.0
1204,AMGN,0.35779530245032154,0.3369182822508722,0.3073904197625442,0.0
1205,AMGN,0.35659025845339576,0.33827500337142047,0.30540775714572077,0.0
1206,AMGN,0.35572426073357155,0.34356579592167497,0.30513468049385767,0.0
1207,AMGN,0.3547255447782889,0.34754478225407026,0.30590371237838276,0.0
1208,AMGN,0.3539820939056093,0.3560863823431497,0.30863876724751516,0.0
1209,AMGN,0.35263612003717837,0.35836984401132427,0.31139351399001625,0.05263221775427709
1210,AMGN,0.3511349226555853,0.35783793769561695,0.3134653044281949,0.02739149401752701
1211,AMGN,0.34937024556347573,0.35410277040889027,0.31419575387132137,0.033960956492065
1212,AMGN,0.3479977258618958,0.35509579236666666,0.3150265587148513,0.023445454129682988
1213,AMGN,0.3471603149267395,0.3584153141969204,0.31651503182173557,0.02456718980323451
1214,AMGN,0.34652102787684447,0.36159827959405366,0.3184957493625902,0.03231027944006445
1215,AMGN,0.34597365345552955,0.3640402318145012,0.32068635996480754,0.057409400978726245
1216,AMGN,0.34418446749263554,0.35203845733830436,0.3194602831122692,0.0
1217,AMGN,0.34289838267130923,0.34876284155731535,0.3176664888732424,0.0
1218,AMGN,0.34180567577748855,0.3479920846336478,0.3160401692799581,0.0
1219,AMGN,0.34074360210494303,0.34578333018679874,0.31419095137811665,0.0
1220,AMGN,0.33977548201249785,0.34354064472990575,0.3121549939304636,0.0
1221,AMGN,0.3394895393691595,0.3444141327842055,0.31074300768634366,0.0
1222,AMGN,0.34010635849978943,0.35877876771870176,0.3131783918323778,0.0
1223,AMGN,0.3390361160347237,0.3561354108212578,0.31447067855520394,0.0
1224,AMGN,0.3399511379784941,0.3702159479559378,0.31899897451263903,0.04204846489145004
1225,AMGN,0.3405271046695644,0.38067050661341567,0.32521619311017025,0.023127596773228915
1226,AMGN,0.3402166506622195,0.38333991339375856,0.33085245356604676,0.019028696872790213
1227,AMGN,0.33974888436022344,0.3831673801489479,0.33531864313399184,0.020756067786115596
1228,AMGN,0.3391443224075301,0.38662041898013716,0.3397485598797194,0.018123674128486846
1229,AMGN,0.33924162039560457,0.3919060291354355,0.3446042605662539,0.030077714100764475
1230,AMGN,0.3391006910227432,0.390853749627528,0.3482276694607427,0.06308316358659898
1231,AMGN,0.33932536273573133,0.3901564378148236,0.35095333976738874,0.0
1232,AMGN,0.33961130039262555,0.3937591203181601,0.35402797923354634,0.0
1233,AMGN,0.3389700974312806,0.3889907938493955,0.35530430147094416,0.0
1234,AMGN,0.3384308947943535,0.38655494585597583,0.35572083762056306,0.0
1235,AMGN,0.33808367623422075,0.38631718921130964,0.3559950607906326,0.0
1236,AMGN,0.3394194368681007,0.38955504953145353,0.3570180020436892,0.0
1237,AMGN,0.33943512535775744,0.38399243057492916,0.3564558405209905,0.06951647686695023
1238,AMGN,0.33968225601441127,0.3834477614381674,0.3558709369073581,0.03158116004742354
1239,AMGN,0.3403072429402729,0.38496200115868606,0.3557788136074478,0.020546566894285603
1240,AMGN,0.34083828127247884,0.38420762109722306,0.3555178951272845,0.015223379666276161
1241,AMGN,0.34154496759237096,0.38761985188286757,0.35615599781297563,0.015315377119195629
1242,AMGN,0.3407525034659211,0.38780981737841447,0.35671362504335574,0.021296794689126007
1243,AMGN,0.3413203098414259,0.3879496732897383,0.3571944358592362,0.04515245543488586
1244,AMGN,0.34038486342313057,0.38813401073114984,0.3576248328397311,0.0
1245,AMGN,0.3393309640281945,0.3862587931124182,0.3575037643927094,0.0
1246,AMGN,0.3385589208857591,0.38215081343955226,0.3563874032386067,0.0
1247,AMGN,0.3380197197447652,0.37911592236174435,0.354741123912047,0.0
1248,AMGN,0.33762348244577467,0.3818670133470152,0.35410685817604387,0.0
1249,AMGN,0.3368664749278585,0.38288552976442597,0.353852218016797,0.0
1250,AMGN,0.3367888609273777,0.3856949102764043,0.35434572973912837,0.0
1251,AMGN,0.3368521812862024,0.3895551603481991,0.35569856470466205,0.04921371201806879
1252,AMGN,0.33611281381249425,0.38834455274492935,0.3564803876180933,0.020457559798344398
1253,AMGN,0.33611269151496925,0.38759451957847324,0.35691970490830954,0.018998617399655932
1254,AMGN,0.33601465154403165,0.387299238541958,0.35719787675530706,0.039526538538665314
1255,AMGN,0.33554080223913774,0.3848015667425297,0.3568005493410075,0.022773327422980716
1256,AMGN,0.3350465289583644,0.3860726086826585,0.3567981308857666,0.026597290384770992
1257,AMGN,0.33552445468120773,0.3891715844589642,0.3575652908781438,0.043128687374009225
1258,AMGN,0.33566538904051324,0.39183131068298244,0.3588391019577038,0.0
1259,AMGN,0.33528549580894085,0.3903161164590073,0.35948211434447636,0.0
1260,AMGN,0.3352323901806007,0.39054330055756675,0.36005290613990787,0.0
1261,AMGN,0.3351792870454826,0.39465238768003164,0.36152932081634526,0.0
1262,AMGN,0.33523238519415655,0.39641835343575343,0.3631487247806575,0.0
1263,AMGN,0.3346686637135572,0.39124695241735213,0.3631608247521641,0.0
1264,AMGN,0.3345542866562221,0.3919296860297999,0.36333994356315513,0.0
1265,AMGN,0.3347544465065586,0.39368969962717365,0.3639200336458367,0.0
1266,AMGN,0.3361800753269897,0.40515556891935295,0.3672296716630149,0.04090685213916066
1267,AMGN,0.33704403109800607,0.4081888106118467,0.3706301631404052,0.03263693196410165
1268,AMGN,0.33776705500293946,0.41388959318772894,0.3747653598909607,0.047443772493641095
1269,AMGN,0.33879032616304405,0.41999282069040383,0.37958819846650493,0.019506626279257124
1270,AMGN,0.3398524013315227,0.42676871103992625,0.3851280900026343,0.024199024088204978
1271,AMGN,0.3406673358704593,0.43068506825041875,0.3905319533250088,0.035360091751188226
1272,AMGN,0.3421991714597712,0.43654381351395327,0.3963090502699903,0.06490517050311877
1273,AMGN,0.34382528617416463,0.4417687127981533,0.40222742806926515,0.0
1274,AMGN,0.34544699194460504,0.4454911881114957,0.4078859633592181,0.0
1275,AMGN,0.34734320165536126,0.44834769659477064,0.41312171152317273,0.0
1276,AMGN,0.3489526512451544,0.4500917953617265,0.41774315539209667,0.0
1277,AMGN,0.3503088408413584,0.45018438790974047,0.42146328983535447,0.0
1278,AMGN,0.35161192231600014,0.4492382183596755,0.4242045797946297,0.0
1279,AMGN,0.3532091162237898,0.44731818094230885,0.4259211024839183,0.0
1280,AMGN,0.35392736329490626,0.4373905303706002,0.42483050531348127,0.0
1281,AMGN,0.3549281625465901,0.43596333260089426,0.4236038298032537,0.0
1282,AMGN,0.3553386914926593,0.42675059405908405,0.42033609885264456,0.046216318905740426
1283,AMGN,0.35643753320850324,0.4198272416763151,0.4160036967197643,0.029407522330930493
1284,AMGN,0.3571442145419508,0.4147122215916518,0.41126834426897263,0.01991648108863066
1285,AMGN,0.35766707859654767,0.40974867518590885,0.4062482238590568,0.015018628164941055
1286,AMGN,0.3570053276165419,0.4033804395529922,0.4006516774123056,0.017552340042287166
1287,AMGN,0.3571748542456037,0.40115106562359804,0.3956211607447387,0.04546960917793327
1288,AMGN,0.35708090964110273,0.4000547271103333,0.39132466132068583,0.04435930722223981
1289,AMGN,0.3564375337071475,0.3952467674214952,0.3866942363891196,0.0
1290,AMGN,0.355943258930441,0.39531463918882426,0.3830067406608401,0.0
1291,AMGN,0.3555511065263546,0.3954014114815502,0.38007827897237784,0.0
1292,AMGN,0.3551099393725665,0.39814948792352955,0.37841751920630345,0.0
1293,AMGN,0.35430897317962673,0.3976136434323602,0.37695592707273834,0.0
1294,AMGN,0.3535859467814717,0.39814064930489934,0.3759174441440364,0.0
1295,AMGN,0.35261292481514017,0.3964198683364977,0.3746595994064524,0.0
1296,AMGN,0.35138745634369073,0.39253059715723615,0.37268809565503125,0.0
1297,AMGN,0.35072161498369203,0.39471559996475786,0.37165316026863476,0.04138302251211094
1298,AMGN,0.35018444631726275,0.39738598362032607,0.37148793997540924,0.022381062948773425
1299,AMGN,0.3497514509478612,0.3999793102508359,0.3719993679693123,0.021638574901406173
1300,AMGN,0.35023416397605445,0.4036995853400461,0.37333179736976924,0.012003117007391458
1301,AMGN,0.3496867920479616,0.40258117616545563,0.3741201773678724,0.015069991943626494
1302,AMGN,0.3494600833726098,0.3973428365187447,0.37345084553315444,0.02816863502517177
1303,AMGN,0.3489086200672351,0.39047364435795595,0.3712106040186851,0.06007803072679747
1304,AMGN,0.3485287303261746,0.3875291123414779,0.3686876454517492,0.0
1305,AMGN,0.3479936115868636,0.3829531864853246,0.3655336386847398,0.0
1306,AMGN,0.34814883510002526,0.3844104831651747,0.36337210090461597,0.0
1307,AMGN,0.34781795462357845,0.3834469275374627,0.3614037382592173,0.0
1308,AMGN,0.34736044090914886,0.3822203254798494,0.3595246336269408,0.0
1309,AMGN,0.3473114221702911,0.38178374278191196,0.35791300010233107,0.0
1310,AMGN,0.34689476288999765,0.3815867840974809,0.3565748126516248,0.0
1311,AMGN,0.3477158267658691,0.39456102586846564,0.35872417211817703,0.0
1312,AMGN,0.34755651387000297,0.39716735009257137,0.3610904896247172,0.03797894085073897
1313,AMGN,0.3470949207457572,0.3933717581393813,0.3620415647053003,0.025763508497890917
1314,AMGN,0.34636372356050327,0.388574870582199,0.36161194722673734,0.01684608808536238
1315,AMGN,0.34588171144682134,0.38539681105848,0.3604795317138745,0.01686139167695701
1316,AMGN,0.34589139761424414,0.38563137472237785,0.35963181262856886,0.015298138590732707
1317,AMGN,0.345262332774499,0.38444875465666134,0.35866013816665165,0.020328270834872486
1318,AMGN,0.3445985373524638,0.3842346329630724,0.35782965850061693,0.0395383240632267
1319,AMGN,0.3437652153013673,0.3829457491287212,0.3568454033423955,0.0
1320,AMGN,0.3427684999472991,0.3821104922755117,0.3558507076096354,0.0
1321,AMGN,0.34215167682751435,0.3816401597733833,0.3549382252768122,0.0
1322,AMGN,0.341355122321072,0.37526939801339837,0.3526271623648978,0.0
1323,AMGN,0.341163129767323,0.37408430631660466,0.35048419943951203,0.0
1324,AMGN,0.34099973397112926,0.37607883809631143,0.3492648261705949,0.0
1325,AMGN,0.3406770272736481,0.37383768316635096,0.347733124270985,0.0
1326,AMGN,0.3402195190443065,0.3758189515160475,0.34699946814336896,0.0
1327,AMGN,0.339913151926444,0.37694377486359604,0.34669169861424853,0.0
1328,AMGN,0.33993765531214004,0.38088622553308515,0.34742390888286223,0.04352306268843646
1329,AMGN,0.3392513917215174,0.37708468513080984,0.34706622190438474,0.03499966578363184
1330,AMGN,0.33866929718944494,0.3753938433139154,0.34636044413815403,0.021406558380563382
1331,AMGN,0.33654923947638116,0.3711911704623077,0.344752814852167,0.020066526647598743
1332,AMGN,0.33528700844672166,0.36957339572774434,0.3430652168150048,0.018571524061819472
1333,AMGN,0.33450475381499034,0.36780020948879777,0.3412750742036758,0.0294435825180213
1334,AMGN,0.33356114408926274,0.36319251915727824,0.3386994369864344,0.06316935622891358
1335,AMGN,0.3325685091423001,0.359939464447954,0.33583159359651377,0.0
1336,AMGN,0.3313292696085228,0.3578275071620014,0.3330131794940261,0.0
1337,AMGN,0.3302345122889392,0.3566336399631459,0.3304621577377118,0.0
1338,AMGN,0.3290866618071253,0.35617267943878417,0.3283069404961134,0.0
1339,AMGN,0.32847392757140037,0.360604024967117,0.32768252509283197,0.0
1340,AMGN,0.3280531833962028,0.36651200020086977,0.328649216807505,0.0
1341,AMGN,0.3278489386509609,0.37376575991334293,0.3312227870776574,0.0
1342,AMGN,0.3278693631254854,0.37588494942085865,0.333807577555954,0.0
1343,AMGN,0.327779495437579,0.38019157714014756,0.33694421622702,0.0
1344,AMGN,0.32721169504580727,0.38142307934326114,0.33975915778362803,0.0
1345,AMGN,0.3248465386520092,0.3597345801873604,0.33662852265690746,0.07054920544456054
1346,AMGN,0.32201366528211883,0.3417507740960622,0.32966084608750384,0.03976435987011297
1347,AMGN,0.3191052208578449,0.3268317058952855,0.32038413406203287,0.027870478844103895
1348,AMGN,0.31578420553869346,0.31446243195068424,0.3098929941626802,0.026148385031328387
1349,AMGN,0.313447645154485,0.3089289971432949,0.3001268105549443,0.023058994466080555
1350,AMGN,0.31088845251287456,0.3043306790264197,0.2911726665094331,0.031376760352791765
1351,AMGN,0.3085845720358713,0.3013288062779751,0.283264355262287,0.05998110798003145
1352,AMGN,0.3058150137890392,0.2965800281371087,0.2757591683759622,0.0
1353,AMGN,0.30324356970390287,0.2952565923348639,0.26942657243503754,0.0
1354,AMGN,0.30120112225148654,0.2973578344744805,0.2648819758191284,0.0
1355,AMGN,0.29952223044560045,0.30391174058354986,0.2628728278016786,0.0
1356,AMGN,0.2969487466555556,0.30077019228742086,0.2604858491075263,0.0
1357,AMGN,0.29516773247704897,0.30770395694105873,0.26029706761156923,0.0
1358,AMGN,0.29353785941002064,0.31574835304358273,0.26214247714318273,0.0
1359,AMGN,0.2914872421677952,0.32290587455407027,0.2653951375510147,0.0
1360,AMGN,0.2892487197599465,0.3294150882102445,0.26961270351013733,0.0
1361,AMGN,0.2873982628667018,0.34161929580498895,0.27601556087183543,0.045258173349234994
1362,AMGN,0.2863075929352452,0.3559258010390011,0.28468839344324504,0.032097084577849544
1363,AMGN,0.2857969825680744,0.3760719915471679,0.2966264822170125,0.04008204132321537
1364,AMGN,0.2852904536052976,0.3898030193419987,0.3095846796080956,0.02414871572962951
1365,AMGN,0.287128656312472,0.40232270479136656,0.32305833648786403,0.04066762358089971
1366,AMGN,0.28913229676464836,0.41238424843013244,0.3363343065038495,0.04420468817612851
1367,AMGN,0.29129729231082013,0.42031981503916166,0.3489245082591945,0.06355036288861447
1368,AMGN,0.2940586830117424,0.4310256075972903,0.3616536019907046,0.0
1369,AMGN,0.2938830342760901,0.4115402887139078,0.36700106744881555,0.0
1370,AMGN,0.296195087784092,0.42084679484293447,0.3735887013236472,0.0
1371,AMGN,0.29861334257588634,0.4285213692347722,0.38076346187992144,0.0
1372,AMGN,0.30112146804745343,0.4316273023873444,0.38727409174283123,0.0
1373,AMGN,0.30400540385026487,0.4388473683789603,0.3942744505223445,0.0
1374,AMGN,0.3060478513026812,0.437209393061769,0.3994682296159885,0.0
1375,AMGN,0.3071793671913201,0.4297175575106984,0.4017639510262465,0.0
1376,AMGN,0.30935253128069107,0.4250266754387592,0.40243635874312667,0.0
1377,AMGN,0.3128287828284364,0.44295234569275943,0.4074230254023624,0.05995454657393042
1378,AMGN,0.31653378549898603,0.46045858687938895,0.4157570065346254,0.029366185043289816
1379,AMGN,0.3203286483777754,0.4743194673448131,0.42586414426901464,0.03781464712028623
1380,AMGN,0.3244768546658334,0.48804875783503654,0.437357149669412,0.04594665906764187
1381,AMGN,0.32739755202956644,0.4912701890201826,0.44735103937199394,0.03568674427522542
1382,AMGN,0.32976679855403557,0.49106890256559094,0.4552961964496833,0.03511083670188252
1383,AMGN,0.33182558907658155,0.49506315151330516,0.46264360314914055,0.07077559305815014
1384,AMGN,0.3341008775331509,0.4970466565653681,0.46901378899903845,0.0
1385,AMGN,0.33621277044284925,0.49743224054793017,0.47420563078552225,0.0
1386,AMGN,0.3384431223129214,0.498141448617304,0.4785351134018875,0.0
1387,AMGN,0.34065713335676273,0.4976015782490936,0.48186471604386893,0.0
1388,AMGN,0.34226249705436196,0.49442388413529675,0.48373976731380885,0.0
1389,AMGN,0.3465026179655779,0.4908810854410346,0.4843605668977454,0.0
1390,AMGN,0.34854915031289924,0.48884336606959433,0.4843514913231305,0.0
1391,AMGN,0.35008507079711615,0.4815174536228356,0.48252610731017576,0.0
1392,AMGN,0.35181298134186,0.47427388897760886,0.479268113383409,0.0
1393,AMGN,0.35421081514964126,0.47990240288234504,0.4780585863829186,0.0652803723522148
1394,AMGN,0.35700488176861356,0.4806916333882558,0.47728683370427194,0.041269037140233666
1395,AMGN,0.36050972608475895,0.48203603154278546,0.477003080368582,0.02654786154295384
1396,AMGN,0.36414528404599356,0.4850383152156917,0.47752117569279995,0.024563847639552924
1397,AMGN,0.36591608249672714,0.48881427393742216,0.47887275835878496,0.030269976464131546
1398,AMGN,0.3672028218985277,0.4896518138886258,0.48016188271034754,0.0336306099976429
1399,AMGN,0.3681913719505854,0.48700336768068075,0.4805358985473814,0.0665760764405605
1400,AMGN,0.3691492842935684,0.4873331839523519,0.4809169640559733,0.0
1401,AMGN,0.37055040524050353,0.48469767878208364,0.48056774448756256,0.0
1402,AMGN,0.3721026608165401,0.481562407833963,0.47951026644653516,0.0
1403,AMGN,0.373156558715543,0.4781567148237596,0.47781906906990473,0.0
1404,AMGN,0.37462303598637803,0.478848100933833,0.4766376973539744,0.0
1405,AMGN,0.3760813434674031,0.47834332922452877,0.4755673272127693,0.0
1406,AMGN,0.3769841052413714,0.4727651163820204,0.4733266465295849,0.0
1407,AMGN,0.3781237909198194,0.47006507238588646,0.470864012950457,0.0
1408,AMGN,0.3789938735345486,0.4626904505001477,0.46706369396759795,0.0
1409,AMGN,0.378573126866129,0.44272743630687417,0.45906907622747345,0.04064809830886518
1410,AMGN,0.3784464986145899,0.43144819641507004,0.4498741332238126,0.026038445436539347
1411,AMGN,0.3790469786642445,0.42513666492492613,0.44095180137059536,0.020305755205859692
1412,AMGN,0.3800477809077951,0.4235151195698495,0.4334115054980634,0.018203710153493265
1413,AMGN,0.3795514676727909,0.4184767294312305,0.42612885585173627,0.019003014983447496
1414,AMGN,0.3789632418092066,0.41064789973462057,0.4183598000472814,0.022840346599964114
1415,AMGN,0.37856700650479347,0.40804544518166086,0.41149868583410154,0.05455536909800279
1416,AMGN,0.3779134218240867,0.40610846620477636,0.4055290806786684,0.0
1417,AMGN,0.37702903958396883,0.4045014799142489,0.40035457939047886,0.0
1418,AMGN,0.37611810752154673,0.4018049043151978,0.3955457501040043,0.0
1419,AMGN,0.3759587956229695,0.4052457152988878,0.3925526170947193,0.0
1420,AMGN,0.37468430841266187,0.39962056483433955,0.3887620772751301,0.0
1421,AMGN,0.37349151910045064,0.3941730888300633,0.3843777067358903,0.0
1422,AMGN,0.3726622854347701,0.3936667479657576,0.3807445481077326,0.0
1423,AMGN,0.3719596835111383,0.39464616040586226,0.37808108892389053,0.0
1424,AMGN,0.37004386630483843,0.3870425353219411,0.3740632761124155,0.07165651704327575
1425,AMGN,0.36798507578229245,0.3795904717108223,0.3689995944824684,0.02737865307285565
1426,AMGN,0.3662367412616683,0.372939958367752,0.36329814420207257,0.01810133440282571
1427,AMGN,0.36454355531548144,0.3711138960850218,0.3582837971740527,0.028453950261568283
1428,AMGN,0.36364079204558086,0.3738143345071939,0.35494250647171915,0.029735054371725998
1429,AMGN,0.36323434699712775,0.36794597218407765,0.35081308088901325,0.03475093844438112
1430,AMGN,0.36224170806100986,0.36243399472714843,0.3461415939571586,0.09035715416521546
1431,AMGN,0.3607139568679578,0.35583367475429545,0.3407663562792509,0.0
1432,AMGN,0.35883898711477347,0.3511460058196343,0.335302794152623,0.0
1433,AMGN,0.3574031445611472,0.3491205089888716,0.33042926256400185,0.0
1434,AMGN,0.3563165241607349,0.3480931794995982,0.326275477661116,0.0
1435,AMGN,0.35478059968736275,0.3468356185703785,0.3226403519405201,0.0
1436,AMGN,0.35351019737195966,0.3494255097727866,0.32037500299801497,0.0
1437,AMGN,0.35196610709793275,0.3491501845097421,0.31849439442440786,0.0
1438,AMGN,0.3533590562604805,0.3788300016756887,0.32435575789994947,0.0
1439,AMGN,0.3525788473173903,0.38518168862469043,0.3306211917951632,0.052746379029506026
1440,AMGN,0.35337744925772885,0.3985698577156691,0.3389561756117146,0.06064373590574395
1441,AMGN,0.35483983814314835,0.41496971493218715,0.3496942313276916,0.06657730776402214
1442,AMGN,0.35589170356758704,0.4270518329799306,0.36128318066770176,0.028797841314068397
1443,AMGN,0.3568373567380556,0.4364032535893019,0.37287514839259694,0.04665924354522651
1444,AMGN,0.3586510510730898,0.4439570812797986,0.38402340946526425,0.061756500508360686
1445,AMGN,0.3604198175479043,0.44726226352961757,0.3937622888002697,0.09794597656263743
1446,AMGN,0.36229069891567267,0.44933605935140775,0.4020680608581127,0.0
1447,AMGN,0.36415545044786235,0.4534105930725192,0.40972388438225615,0.0
1448,AMGN,0.36536458083562584,0.45294262859806106,0.4157324051451464,0.0
1449,AMGN,0.3677113534570964,0.45558247334715146,0.4211943707147398,0.0
1450,AMGN,0.37019906043787243,0.4572110181090073,0.425968110652703,0.0
1451,AMGN,0.37231503599857607,0.4512391571703611,0.42830502359813455,0.0
1452,AMGN,0.3746965297280931,0.4487322177166296,0.4295523890432065,0.0
1453,AMGN,0.37753961658185675,0.4521284307848087,0.43139314363875036,0.0
1454,AMGN,0.3794350506612254,0.44426873041684706,0.43091514983474427,0.31907953294142066
1455,AMGN,0.3815428579280522,0.43878219366917703,0.42917112212676545,0.03554373485032384
1456,AMGN,0.38364862573929326,0.4369896411019851,0.42733102950000507,0.02539024158566317
1457,AMGN,0.3852213122722312,0.42671034066380303,0.4233078686399783,0.02112141904751853
1458,AMGN,0.38403260386576976,0.41880222084692303,0.4181267258741084,0.03338029952822721
1459,AMGN,0.38464329365946437,0.4140591196287356,0.41280468265489373,0.03652756229617199
1460,AMGN,0.3843920641458629,0.40941564662645313,0.4073946445126291,0.07296154400925955
1461,AMGN,0.3835791735503111,0.4056932370005241,0.40214279725039465,0.0
1462,AMGN,0.38256815707492153,0.4000446560867903,0.3965394711280035,0.0
1463,AMGN,0.38174096585669304,0.3977338912804848,0.39148333136982194,0.0
1464,AMGN,0.3814223445527607,0.4019076813129125,0.388474258582577,0.0
1465,AMGN,0.38101793646667126,0.4021471108934726,0.38612642128675045,0.0
1466,AMGN,0.3803643532818981,0.3997283494883963,0.38364787030937775,0.0
1467,AMGN,0.37942482745378703,0.3978593075846891,0.3812011761669786,0.0
1468,AMGN,0.37942074604939213,0.40314640870601887,0.3805559581666065,0.048675447761981655
1469,AMGN,0.3795228659287915,0.4119728593248886,0.3822303065003033,0.02364492853046822
1470,AMGN,0.3797271156604767,0.4200130480497595,0.3855651757209432,0.02416138077094921
1471,AMGN,0.38039703343842524,0.424356315240328,0.3893109704628481,0.024988830137169432
1472,AMGN,0.38073404125722954,0.42675731827170843,0.3929034801757689,0.020788609906173153
1473,AMGN,0.38040317075367014,0.4272675585801017,0.3959041178955154,0.025564737710512337
1474,AMGN,0.38112619266402614,0.4284469270695529,0.39859732029828504,0.04494612080338579
1475,AMGN,0.38240884816821064,0.4360727062125165,0.40264442581456694,0.0
1476,AMGN,0.3827581021947739,0.4348269187755174,0.4055729343402163,0.0
1477,AMGN,0.38362409792002117,0.4304023912774333,0.4068176748495713,0.0
1478,AMGN,0.3842000720907577,0.4240075349488112,0.4062264104917313,0.0
1479,AMGN,0.3852682681192161,0.4255361508215204,0.4061327664279152,0.0
1480,AMGN,0.38620371254293406,0.4242879075852546,0.405748065816397,0.0
1481,AMGN,0.38713506858123603,0.42301335594757017,0.40512399082449563,0.0
1482,AMGN,0.3881195282532999,0.4196403500184264,0.40378762807146984,0.0
1483,AMGN,0.3895696659445158,0.42375708646728133,0.4037402174966225,0.0
1484,AMGN,0.3907052662294146,0.429382096795426,0.40509828767026246,0.06479399958486809
1485,AMGN,0.3913915330612263,0.4257483250729579,0.40528292495673607,0.024054607436490096
1486,AMGN,0.3927354594957606,0.42690087639781876,0.4057166716073079,0.027755438052116645
1487,AMGN,0.3940303731751702,0.4270078592248524,0.4060902196132995,0.018105028373210624
1488,AMGN,0.39462880878279494,0.42623033067140487,0.40619609325273,0.013436377516737204
1489,AMGN,0.3946860032951953,0.4243843729084282,0.4058226677583949,0.020086579629688264
1490,AMGN,0.3949596842727976,0.42618458341638027,0.4059706983486744,0.03390026983574145
1491,AMGN,0.3956541213930631,0.42996701404798354,0.40702783540719756,0.0
1492,AMGN,0.39651807267628003,0.43363668863359206,0.4087842741741623,0.0
1493,AMGN,0.3973799795174666,0.43504113346388446,0.41053797620356597,0.0
1494,AMGN,0.3979151032432222,0.43341648085472406,0.411537736287888,0.0
1495,AMGN,0.3974167460648328,0.42798527175572143,0.4109896427448149,0.0
1496,AMGN,0.397878339189079,0.42663663653232486,0.4102164675597535,0.0
1497,AMGN,0.3990016852879079,0.4291424886782249,0.4102198224780958,0.0
1498,AMGN,0.4017671646235672,0.4453577826759523,0.4142467707149446,0.07076380753358874
1499,AMGN,0.40446931861395896,0.4636956258590406,0.4220193616638077,0.07990480110608028
1500,AMGN,0.4078107596542453,0.48186491408462306,0.4327466353052496,0.05645125542222081
1501,AMGN,0.4115055525807554,0.49884113696750476,0.44554156362874875,0.07700362712711128
1502,AMGN,0.41514519942604977,0.5083265681612444,0.45813157289584094,0.0862927313217026
1503,AMGN,0.4186010145318044,0.5195852280441071,0.47099772163456777,0.07849194538552738
1504,AMGN,0.42132972133636626,0.5221128913574093,0.4819179487237597,0.10518668622711937
1505,AMGN,0.424733047038528,0.522047777584364,0.4906379706491054,0.0
1506,AMGN,0.4277967222063075,0.5213483260811955,0.4974404003583073,0.0
1507,AMGN,0.43090532523430713,0.5193976378412812,0.5023982280159234,0.0
1508,AMGN,0.43406498944861793,0.5164888659841457,0.5056425996385517,0.0
1509,AMGN,0.4364914135315776,0.5042796319604287,0.5052080448977936,0.0
1510,AMGN,0.4388198056219097,0.4960252036704289,0.5028118412019892,0.0
1511,AMGN,0.4412258087208558,0.4919454689564111,0.49988238160024834,0.0
1512,AMGN,0.4434806707083232,0.48716906954147066,0.49635342106312524,0.0
1513,AMGN,0.44607457897289216,0.48489037796494106,0.49296473361364335,0.0
1514,AMGN,0.44835190937826974,0.4765026541239076,0.4881721428503386,0.0650826569849462
1515,AMGN,0.45044745697393784,0.4633814689068343,0.4810816928173247,0.04245005224329544
1516,AMGN,0.4523939138838897,0.45404603157100354,0.4730924912201693,0.03582729105320373
1517,AMGN,0.45379095342643083,0.4442387361358322,0.4642671840068255,0.03286859667824111
1518,AMGN,0.45421781796296434,0.44049323462852563,0.4562773906120551,0.03549043613477011
1519,AMGN,0.4539788551015427,0.4362875006098127,0.4488417891117251,0.039135329484568
1520,AMGN,0.4532517443071269,0.43200394041277934,0.4418302264533295,0.07164297248519773
1521,AMGN,0.45217536901461486,0.42830608687538346,0.43530325383651824,0.0
1522,AMGN,0.4509498950580766,0.4208390980993554,0.4282285402784688,0.0
1523,AMGN,0.4496100555130247,0.4186174372160724,0.42201740412311856,0.0
1524,AMGN,0.44860517485694684,0.4152357119791968,0.4162092285070084,0.0
1525,AMGN,0.4472116129601633,0.4076956371488713,0.4096914142660366,0.0
1526,AMGN,0.44605967259700074,0.40496867897098837,0.4038003943576642,0.0
1527,AMGN,0.4448178645459313,0.4018163220083386,0.39830523568748705,0.0
1528,AMGN,0.44357197159995687,0.39926332845296164,0.39327551426764207,0.0
1529,AMGN,0.44341265920273587,0.4000272902996085,0.3894413349514612,0.038147104454928284
1530,AMGN,0.4427059708882668,0.39740312418117385,0.3857227336159969,0.026415406319152006
1531,AMGN,0.44176235468016145,0.39638174074868826,0.38249436859064256,0.018270729330476663
1532,AMGN,0.44068803330392337,0.39372420690390647,0.3792521375829762,0.019878310061319907
1533,AMGN,0.43927466565058415,0.3906262802486188,0.3758895183880631,0.029929955285368008
1534,AMGN,0.4385659299022189,0.39003679620299975,0.37305312660347595,0.03457890496645523
1535,AMGN,0.43811251255151484,0.3866796748238904,0.3699508525975329,0.0499498675447762
1536,AMGN,0.4375385803295866,0.38460843971136344,0.36695500031228534,0.0
1537,AMGN,0.4370238780864897,0.3819029418238493,0.3638868759206741,0.0
1538,AMGN,0.43622528262852756,0.38146423393870266,0.3613234991658423,0.0
1539,AMGN,0.4352367385602025,0.37853636370580956,0.35854616747940016,0.0
1540,AMGN,0.4330308978048154,0.3631871242202822,0.3525149727073079,0.0
1541,AMGN,0.4322384281932776,0.36637846390681444,0.3484820342516644,0.0
1542,AMGN,0.43186261786203284,0.369370258766198,0.3459981783968155,0.0
1543,AMGN,0.43082096966130123,0.3689690178518146,0.34391151491476274,0.0
1544,AMGN,0.42957099281771116,0.3654015821144904,0.3413568283477188,0.03975767554274979
1545,AMGN,0.42854569018033084,0.3606325453593497,0.33812951348175724,0.03705879041819263
1546,AMGN,0.427651102683972,0.3619793881222076,0.33588191709197,0.02311510763526088
1547,AMGN,0.42680144254918906,0.362978309291842,0.3343317493183372,0.016989449316967286
1548,AMGN,0.42594974644933137,0.3640990571377943,0.3333697590263211,0.013562852026582514
1549,AMGN,0.4250592423519439,0.36773636019668365,0.33350286204190516,0.019894669073024517
1550,AMGN,0.4244138344420687,0.3702934833705201,0.334243963814723,0.05635697122572973
1551,AMGN,0.4237112380035257,0.37304263722960435,0.33551912220790286,0.0
1552,AMGN,0.4233885253223115,0.37757630819906357,0.3376644021415471,0.0
1553,AMGN,0.4230208787971441,0.37982682294391407,0.33993915226445964,0.0
1554,AMGN,0.4221712256433827,0.3785121370394412,0.34143267745499684,0.0
1555,AMGN,0.4213787535386233,0.3753159136961363,0.34183426823372276,0.0
1556,AMGN,0.4214236873825761,0.3822540466412404,0.3438774264258853,0.0
1557,AMGN,0.42094166978380576,0.38112552448782105,0.3452318796478055,0.0
1558,AMGN,0.4204126743976975,0.3814401169723752,0.34639351686928593,0.04800121021505944
1559,AMGN,0.420599522935841,0.3865857747082184,0.34859986095374007,0.03740496821426435
1560,AMGN,0.4222436906418139,0.39270427526008483,0.3518834078171415,0.02746414210176361
1561,AMGN,0.4226480917468818,0.399418815561525,0.35617664030781687,0.026297023363483166
1562,AMGN,0.4230422826092646,0.40468769198578747,0.36091884066181756,0.027088940252667573
1563,AMGN,0.4239593390221774,0.4111337763222318,0.36631237132769495,0.05845760905128286
1564,AMGN,0.4252297353538479,0.41614417599834563,0.37187066221746934,0.09233378012784656
1565,AMGN,0.4268024139084754,0.42067730372236606,0.377442313327323,0.0
1566,AMGN,0.4279788591532676,0.4244858791430318,0.38284483533889035,0.0
1567,AMGN,0.42925743325305765,0.4277687855500763,0.3879815950714201,0.0
1568,AMGN,0.43035422304720594,0.42804034881146874,0.39215839863446506,0.0
1569,AMGN,0.43122430416600244,0.42791376589729085,0.39546842650698805,0.0
1570,AMGN,0.4321556562151483,0.42747668763660485,0.3980079759989024,0.0
1571,AMGN,0.43304616330440204,0.4268013247398818,0.3998720060013481,0.0
1572,AMGN,0.43376101991274796,0.42620317626097726,0.40121478326090243,0.0
1573,AMGN,0.4346637816867158,0.42584314539308316,0.4021996536593423,0.0
1574,AMGN,0.43581572204987884,0.42456354121827733,0.40266998155150224,0.0
1575,AMGN,0.43755589276442564,0.42701905576692023,0.4036556462937621,0.08833637646131709
1576,AMGN,0.4381277745605914,0.4255832934114879,0.40408785477982223,0.051998437978237236
1577,AMGN,0.4389896858895779,0.4204320645650729,0.40315520463945115,0.03564593469763973
1578,AMGN,0.4393226058216104,0.4116172247173814,0.4002214433204376,0.021477271527931694
1579,AMGN,0.4398832940483399,0.41164726607724605,0.3978818898421721,0.03844051124550127
1580,AMGN,0.4406083604007258,0.41519052757802105,0.3968896033495436,0.04323950648555658
1581,AMGN,0.44083303710015764,0.4144003633574084,0.3958996735071076,0.04752926152254905
1582,AMGN,0.44142391864407493,0.41744687085375526,0.3958638029652597,0.0
1583,AMGN,0.4415158312726555,0.416790417357295,0.3956721898204215,0.0
1584,AMGN,0.4414954117845751,0.414997425898516,0.39507391992134155,0.0
1585,AMGN,0.4413973743068591,0.4134019516555784,0.3941993438645806,0.0
1586,AMGN,0.4413238461985718,0.4127480340600853,0.39333739566030707,0.0
1587,AMGN,0.4412012993514267,0.4121560334384617,0.3925009161117492,0.0
1588,AMGN,0.4413892045170491,0.4128149280557333,0.3919952550144956,0.0
1589,AMGN,0.44098479992147066,0.4069736203832272,0.39014104746001993,0.0
1590,AMGN,0.4410215659701917,0.40690959654850606,0.3886417921681412,0.06679613153349023
1591,AMGN,0.4414259700671259,0.4106039927488174,0.38835925239291375,0.048310448307282046
1592,AMGN,0.4421653375408341,0.41711556282381534,0.38974924301472985,0.0389328647268045
1593,AMGN,0.44262896962202136,0.41954699225573566,0.39146466056679513,0.045757562964604724
1594,AMGN,0.44345002851144866,0.4242625348448362,0.3940072841948935,0.04074414153887288
1595,AMGN,0.44388505834999226,0.42738318480090437,0.3968158568885689,0.03677013301811453
1596,AMGN,0.4445508982140578,0.4288771584222827,0.399433485053214,0.06133837824145901
1597,AMGN,0.44567424580881987,0.43076631800368914,0.4019964336919221,0.0
1598,AMGN,0.4471938272120619,0.4314917051330255,0.404226817061912,0.0
1599,AMGN,0.4477493719218306,0.4286922546747529,0.4053163643198997,0.0
1600,AMGN,0.448831874058055,0.4353329721767476,0.40783607599950183,0.0
1601,AMGN,0.44957123604667437,0.43315303733868893,0.4093108354823018,0.0
1602,AMGN,0.45017110286344897,0.43343877746052945,0.41056155721738075,0.0
1603,AMGN,0.4510902042170364,0.4337741976516999,0.41164537820878183,0.0
1604,AMGN,0.45222580500057985,0.43482794043233036,0.41277394980739196,0.0
1605,AMGN,0.45304686887645085,0.4319488193138641,0.4129622752165337,0.0
1606,AMGN,0.452952921280084,0.4205127805397836,0.41027477284366604,0.046846932421450355
1607,AMGN,0.4530836334292392,0.4137332382195314,0.40644224393424905,0.034967651373629276
1608,AMGN,0.45314899324364966,0.4088432105533132,0.40216262802347214,0.021255809208188654
1609,AMGN,0.45319801746759625,0.39852895460814597,0.3961791733806079,0.024578271714389244
1610,AMGN,0.452564851277681,0.38792545541037843,0.3887608642064748,0.031206310005030834
1611,AMGN,0.4518026109854567,0.38222949776483783,0.38141261073564453,0.026451818312946136
1612,AMGN,0.45092436107414,0.38049460477551766,0.3751034472842252,0.06762234957624882
1613,AMGN,0.45037494619995044,0.3803199336150164,0.3700127671446619,0.0
1614,AMGN,0.44953346283599904,0.3803875592329332,0.3659570061613427,0.0
1615,AMGN,0.4487185322862177,0.380644247846843,0.3627761016051426,0.0
1616,AMGN,0.44764012152727517,0.3776727293299971,0.3594939151739839,0.0
1617,AMGN,0.4466883410144491,0.3779705370312313,0.3569420750745024,0.0
1618,AMGN,0.4456997964474798,0.377666487496406,0.35482514486944244,0.0
1619,AMGN,0.4445805352435559,0.3733074473136399,0.3520497868448681,0.0
1620,AMGN,0.4430119356000999,0.3746602792952178,0.350165242314999,0.0
1621,AMGN,0.4420356457178456,0.3752205394699058,0.34879665042483093,0.0
1622,AMGN,0.4401320851908377,0.3686201497889112,0.3460637114803094,0.05326159994652538
1623,AMGN,0.4383265561578136,0.36532389817228916,0.3430593062262825,0.042972837004436285
1624,AMGN,0.4356188417837452,0.3548813975219087,0.3380641927124599,0.034909779170932326
1625,AMGN,0.4332618534345012,0.3475726274648994,0.3322542326963569,0.025258314071916328
1626,AMGN,0.43186890277601986,0.34370516730536466,0.32664644971729007,0.019963799090227864
1627,AMGN,0.43030234907052733,0.3419159674064774,0.3217161849290865,0.030056781601916643
1628,AMGN,0.4289461609702565,0.34395323537642136,0.3182775763127829,0.05781274736408828
1629,AMGN,0.42818636503286944,0.3460402085746053,0.31604462833236324,0.0
1630,AMGN,0.4275818060720429,0.34737370115801575,0.31458921224246783,0.0
1631,AMGN,0.42710632370674695,0.3528415154341344,0.31478186554702114,0.0
1632,AMGN,0.42587676635123684,0.35230536494088716,0.3148029279272563,0.0
1633,AMGN,0.4250965514244145,0.35808831673060854,0.31625497391557555,0.0
1634,AMGN,0.4240181391695379,0.35995974744962994,0.3178810569159394,0.0
1635,AMGN,0.4229233873350431,0.3616916637766053,0.3196117452516192,0.0
1636,AMGN,0.42184089018526283,0.3602200384203335,0.3206310722376168,0.0
1637,AMGN,0.42041934675838055,0.3583476534942472,0.3209818508043842,0.0
1638,AMGN,0.41796840433039284,0.34580613076555505,0.31814995517869654,0.06318061404341999
1639,AMGN,0.41530403412193806,0.32999134452235074,0.31195957122067236,0.05220230996281403
1640,AMGN,0.4123179709600615,0.31949969665547584,0.3044034775310132,0.053521233293579176
1641,AMGN,0.40954024441935255,0.3135865471452303,0.2968910944051609,0.04207520220090274
1642,AMGN,0.40749575252490633,0.31028163352681726,0.2900609840957652,0.033743891756113524
1643,AMGN,0.40513877265261744,0.30696554700002676,0.2837739191797678,0.042145387638216056
1644,AMGN,0.4034593133894071,0.30425500711751385,0.2780715733759647,0.08749802108729379
1645,AMGN,0.4013515116076687,0.29910330981962907,0.27223116354478555,0.0
1646,AMGN,0.399125240394024,0.29623980292490903,0.2668481789025387,0.0
1647,AMGN,0.3971501947048268,0.29840427306191286,0.263078963065285,0.0
1648,AMGN,0.39517310706682096,0.304013660053305,0.2614557116749179,0.0
1649,AMGN,0.39264455712072976,0.30358975334812194,0.2600519066346929,0.0
1650,AMGN,0.3907777601492213,0.31035742004778455,0.2606084423568046,0.0
1651,AMGN,0.3883309081012265,0.3144410216524922,0.2620671272532281,0.0
1652,AMGN,0.38661525224119675,0.32090153164094637,0.26483742566922464,0.0
1653,AMGN,0.3842582668838195,0.3258199505031185,0.26827430322935103,0.05764370424314065
1654,AMGN,0.3830818176498729,0.3397224826755051,0.27447409510500725,0.04669354469880069
1655,AMGN,0.38236696004423765,0.355936338845216,0.2834578360717497,0.044058336587545335
1656,AMGN,0.3815826622170877,0.36515065839744926,0.2929316117581196,0.03793883488655993
1657,AMGN,0.38136207390307186,0.3774869895568681,0.3035722269419854,0.04736303285522802
1658,AMGN,0.3826100187707415,0.3912108227454263,0.3154906599247766,0.0376835991232977
1659,AMGN,0.3843961380705907,0.40108267037617795,0.3274753726219819,0.07043609958944158
1660,AMGN,0.38608728954763505,0.4089129762610504,0.3390064452232306,0.0
1661,AMGN,0.3878723866264697,0.4173177375883484,0.35031717242152627,0.0
1662,AMGN,0.3893613323152141,0.4209526257585476,0.36026785010933804,0.0
1663,AMGN,0.39023958571704176,0.4154286380473869,0.36685746512408246,0.0
1664,AMGN,0.3915263241215534,0.414022304460753,0.37178013737401405,0.0
1665,AMGN,0.3936137054179225,0.41701101673303,0.3764600050561608,0.0
1666,AMGN,0.3960115387270591,0.42242695010751313,0.38154800972771535,0.0
1667,AMGN,0.3979314343458862,0.4246440186823229,0.3861686390681662,0.04795758618384715
1668,AMGN,0.3993897448187784,0.42403081435417517,0.3897129592814351,0.029162840768768006
1669,AMGN,0.4012851400437758,0.4219329981334227,0.3920277855497568,0.03667250665794186
1670,AMGN,0.40261886371529165,0.42016913364168673,0.39344189582681033,0.021984752697477898
1671,AMGN,0.40433860496887064,0.4203522989058712,0.39461864146872316,0.024241768602658954
1672,AMGN,0.4055211850356857,0.4169347413395739,0.39471187852756795,0.08774674842654452
1673,AMGN,0.40705302062499804,0.4166704737419822,0.39472088301415514,0.07125756824170527
1674,AMGN,0.40767800904679286,0.41599745376030317,0.39456105847015144,0.0
1675,AMGN,0.4078577454198946,0.41526805371894715,0.39425217846314115,0.0
1676,AMGN,0.4088054390432383,0.41855942361118326,0.39482191702384317,0.0
1677,AMGN,0.4093405642649266,0.4213338444887682,0.3959662555421812,0.0
1678,AMGN,0.4093793667773675,0.421878173484974,0.3970168163372353,0.0
1679,AMGN,0.4096203740808191,0.423188457112868,0.3981824473369284,0.0
1680,AMGN,0.4093671105967198,0.4188922170744944,0.3980487238325631,0.0
1681,AMGN,0.4092915410382689,0.41953991978611244,0.3981024899962082,0.08003004429246395
1682,AMGN,0.4097572190574197,0.42272993738780795,0.39893719217800133,0.08870120001266504
1683,AMGN,0.4115075945295632,0.4302667099246614,0.4014754081179711,0.04855512986944453
1684,AMGN,0.4132232563733256,0.43856119263105575,0.4055644813612133,0.030539108592175113
1685,AMGN,0.4143506923535032,0.4427216064796246,0.4098682593128669,0.025355940432088993
1686,AMGN,0.4153474042170604,0.44739601948121377,0.41447136383974004,0.03173173331644661
1687,AMGN,0.41614396370994644,0.44665528808928523,0.4179700149079431,0.06422020285174514
1688,AMGN,0.4171202506003353,0.4453526552907095,0.4204456521593291,0.0
1689,AMGN,0.4181455552322926,0.4429841106244078,0.42183834346328086,0.0
1690,AMGN,0.4183681765195182,0.43237740350729503,0.42032015491454733,0.0
1691,AMGN,0.41929953205917503,0.43290202985302484,0.41923580430969726,0.0
1692,AMGN,0.420085871336489,0.42809305722136776,0.417174847044303,0.0
1693,AMGN,0.42095595494850757,0.4274869090937879,0.4153756491601429,0.0
1694,AMGN,0.421772933929474,0.4258676415480339,0.4135344257629212,0.0
1695,AMGN,0.423108694563354,0.42970747259746406,0.4130144050994825,0.0
1696,AMGN,0.423112779458259,0.4224935261890689,0.4108080524198356,0.0
1697,AMGN,0.4245588307586363,0.4320660208331519,0.41141864403721934,0.09019989656882922
1698,AMGN,0.42667394765368716,0.4448082361718304,0.41506944311598454,0.037469172937621156
1699,AMGN,0.42843453636038076,0.4517079035839344,0.4197024216845499,0.03739881159695617
1700,AMGN,0.4307302482941857,0.4570597026908862,0.424736998410049,0.024634912593624558
1701,AMGN,0.4331505435388552,0.46613378254598864,0.43101663842500726,0.045742962986416745
1702,AMGN,0.4351317200609208,0.4708043593681357,0.437199480550715,0.033868431329090544
1703,AMGN,0.43670236265047313,0.47466174906360104,0.4431030699591071,0.04581226890697175
1704,AMGN,0.437731750182758,0.47390959883360834,0.44763927503864703,0.0
1705,AMGN,0.4391982224671489,0.4751484209664897,0.45157568636082374,0.0
1706,AMGN,0.44032157105920033,0.4735774644204072,0.4543349400114616,0.0
1707,AMGN,0.4412365875178823,0.46546747728143456,0.4545296300117473,0.0
1708,AMGN,0.44268264031419324,0.4637280051635378,0.4542536849024654,0.0
1709,AMGN,0.443985721788835,0.45931325384340993,0.4529372887271661,0.0
1710,AMGN,0.4462650931457315,0.457122933551539,0.451340584494452,0.0
1711,AMGN,0.44728631687193987,0.45080757303890895,0.4484958933823755,0.0430111839350987
1712,AMGN,0.44909597019277614,0.44867741799739413,0.44569148483634025,0.026461141190584247
1713,AMGN,0.4510608046420006,0.45155766187633917,0.44416276851267456,0.0289693470819393
1714,AMGN,0.45295211297751514,0.45162698366729853,0.4429569995333449,0.023946954585272667
1715,AMGN,0.45412448379893533,0.44898083049853577,0.4413356697854316,0.021926704591429286
1716,AMGN,0.4561669277608411,0.44556092576215967,0.43918986401860094,0.030698477028781306
1717,AMGN,0.456828678740846,0.44341003660687794,0.4369394180169687,0.05664598043251116
1718,AMGN,0.4573115550052691,0.444968124746308,0.4355257429791899,0.0
1719,AMGN,0.45780174339113744,0.4431799143657378,0.4339510101197825,0.0
1720,AMGN,0.458434901104098,0.4433166837536791,0.4327251668594752,0.0
1721,AMGN,0.45852477278115966,0.4427822997085719,0.43161187037976173,0.0
1722,AMGN,0.4582143182751701,0.43600618954756504,0.42903955796812476,0.0
1723,AMGN,0.45878620505778,0.4405154750234027,0.4281008093373346,0.0
1724,AMGN,0.46004647683381883,0.4478592198138405,0.4291723595649342,0.0
1725,AMGN,0.4612923697797924,0.4555875412366532,0.4319475919845841,0.0
1726,AMGN,0.46441730939554526,0.47896644404180344,0.4399698857325934,0.14937132142115836
1727,AMGN,0.46812230807693966,0.4964062907890791,0.4507158909578434,0.09455878162302504
1728,AMGN,0.4726851411707256,0.5232992710608333,0.4659869164319579,0.12815983985758864
1729,AMGN,0.4775502490078041,0.543798301132191,0.48329112622009623,0.10264118882521188
1730,AMGN,0.48210898623650866,0.556961893480015,0.5004013959508227,0.05656875886113134
1731,AMGN,0.48740096210063033,0.5692030815859583,0.517127594045059,0.05411895288252822
1732,AMGN,0.4926418393801124,0.5797281383870246,0.5331206303753937,0.10201462108659018
1733,AMGN,0.49738031746971867,0.5857781586200681,0.5474165357899938,0.0
1734,AMGN,0.5022699346762249,0.5883812749308746,0.5594992939244192,0.0
1735,AMGN,0.5076211410178231,0.5909870479896624,0.5698121935786593,0.0
1736,AMGN,0.5130377151521421,0.5907469167457013,0.5780029182313084,0.0
1737,AMGN,0.5184338648119362,0.589219255063836,0.5841763673392686,0.0
1738,AMGN,0.5238177562965052,0.5894758427248925,0.5891788058019078,0.0
1739,AMGN,0.5293282795231247,0.5863448690881155,0.5924037206798978,0.0
1740,AMGN,0.5355250650937551,0.5909719365870305,0.5961319846792749,0.0
1741,AMGN,0.5412602575401402,0.5874476566852971,0.5982399503866005,0.0
1742,AMGN,0.5473549207381505,0.5804381479767668,0.598186723554789,0.0
1743,AMGN,0.5525263951944464,0.5734680875492688,0.5964143328508323,0.11476972492233867
1744,AMGN,0.5576058773188413,0.569341273275169,0.5939722395748602,0.07036116476163337
1745,AMGN,0.5622749077072653,0.5624076293464263,0.5902977934558695,0.04696777802404247
1746,AMGN,0.5644685067426924,0.5472050409343774,0.583585302572811,0.04715898496729957
1747,AMGN,0.5668173213129712,0.5352621183683377,0.5752513502272181,0.044173553282884255
1748,AMGN,0.5679529215978705,0.5260092970507653,0.566287850182103,0.044149630427058155
1749,AMGN,0.5690517593245588,0.5177737867285335,0.5570731852487976,0.07925026473454425
1750,AMGN,0.5704487988670999,0.5118383850713617,0.548228422655199,0.0
1751,AMGN,0.5716926548507102,0.5080289005488674,0.5402071858383991,0.0
1752,AMGN,0.5728037442702467,0.5052879130069621,0.5331099461027786,0.0
1753,AMGN,0.573988363792648,0.5025612759111595,0.5267554654839001,0.0
1754,AMGN,0.5749278896207595,0.4966743521241155,0.5202108814380554,0.0
1755,AMGN,0.5752383416335269,0.4870974666139381,0.5125984507279562,0.0
1756,AMGN,0.5755773879106285,0.47879535384198657,0.5044481120612265,0.0
1757,AMGN,0.5766312907960747,0.47969986579930635,0.4981523202634813,0.0
1758,AMGN,0.5757693794670882,0.46308316020098206,0.4889918013645306,0.190753992126566
1759,AMGN,0.5748788753697012,0.4478738484102537,0.47788878366902116,0.06309635633797367
1760,AMGN,0.5739781505580974,0.4445090057533813,0.46817129269017765,0.05526689815547745
1761,AMGN,0.5733654163223725,0.4394028548913257,0.45913007030037667,0.05996035138453528
1762,AMGN,0.5730590531936652,0.4360437532473839,0.45106344035392043,0.031127857110189377
1763,AMGN,0.5725852038887713,0.4318284050386564,0.44356398359064564,0.04666047486868815
1764,AMGN,0.5716334288610341,0.4264779812695613,0.43623656563671104,0.07758551541441071
1765,AMGN,0.5708491335271053,0.42196448635745243,0.4292544852894453,0.0
1766,AMGN,0.5709839295738766,0.4198662216159288,0.42314807979676433,0.0
1767,AMGN,0.570775600931019,0.4160545266737435,0.4173169800851959,0.0
1768,AMGN,0.5704283798776641,0.4130789072521015,0.41191361977916824,0.0
1769,AMGN,0.5697257789513217,0.40733343202468514,0.406165036273985,0.0
1770,AMGN,0.5685615839034446,0.3997822269367511,0.399692133446931,0.0
1771,AMGN,0.5674137284351866,0.39615459828812544,0.39361351690297275,0.0
1772,AMGN,0.566474202607075,0.397008781082821,0.38896261225886763,0.0
1773,AMGN,0.5656572236261086,0.39961386418683337,0.38588841045932215,0.0
1774,AMGN,0.5653651526431243,0.4045645194817065,0.38465768819072543,0.06843766161120433
1775,AMGN,0.5659513340646787,0.41370909385909244,0.38594258413504445,0.0586416039571218
1776,AMGN,0.5663925047089782,0.41939525893401136,0.3883816767304491,0.03852811111462918
1777,AMGN,0.5662495308940869,0.42582982925679547,0.39192986367517,0.03416957786713668
1778,AMGN,0.5676710788087682,0.4305143914789184,0.3959310142004049,0.02584284090949069
1779,AMGN,0.569640001144764,0.4380872291054295,0.40101133934373917,0.029582194359131318
1780,AMGN,0.5704222620095503,0.4402784346369134,0.40561940644706274,0.0693806794794668
1781,AMGN,0.5713577029427572,0.44117478948376615,0.40952831485750985,0.0
1782,AMGN,0.5719173295555642,0.4385697450299498,0.41200892926222166,0.0
1783,AMGN,0.5725341526753489,0.43551429871073843,0.4132351290429406,0.0
1784,AMGN,0.5744417961026835,0.44452419046678643,0.41645213748713406,0.0
1785,AMGN,0.5752791995581745,0.43986826748375774,0.41787025087573865,0.0
1786,AMGN,0.5756427552047048,0.4325010232526171,0.4171763604318348,0.0
1787,AMGN,0.5766884883003414,0.4315483528245175,0.4163848171124581,0.0
1788,AMGN,0.5763576153035608,0.4162458170518511,0.4119538438250622,0.07252055430664175
1789,AMGN,0.5766966670657498,0.40780945667163404,0.406315353917191,0.05809120236976995
1790,AMGN,0.5772971446221833,0.40087739290169083,0.4000841826518766,0.032415645547710266
1791,AMGN,0.5781549760427089,0.40041260956946384,0.394983897069788,0.045473654955021516
1792,AMGN,0.5781202529400846,0.3943659793898259,0.3894030335873372,0.03240649857342382
1793,AMGN,0.577789377450082,0.38849873682107333,0.38348222767790474,0.05802928438998477
1794,AMGN,0.5774646352861694,0.38700231284468634,0.378374204818705,0.08752071261965826
1795,AMGN,0.5766415299601344,0.38608626622715625,0.3740604447574266,0.0
1796,AMGN,0.5759552656215448,0.38563543304409487,0.37049755024584063,0.0
1797,AMGN,0.5750688459204185,0.3855542210211778,0.3676270796739311,0.0
1798,AMGN,0.5741865026372417,0.385635419611206,0.3653508548453091,0.0
1799,AMGN,0.5727894625960563,0.38473270203876647,0.36330584117197157,0.0
1800,AMGN,0.5714128550077051,0.38110513436700555,0.3607695510840467,0.0
1801,AMGN,0.5704447349152599,0.3823870770143942,0.3590586677955941,0.0
1802,AMGN,0.5693785773450983,0.37972924384014006,0.357030347890735,0.0
1803,AMGN,0.5680795837572283,0.3748690390780387,0.3542015005448404,0.05060018223587232
1804,AMGN,0.5662087028881033,0.3771778478014326,0.3525114160734497,0.03326877680327321
1805,AMGN,0.5652201628089335,0.3772628005080493,0.3511804318109326,0.04230299704130563
1806,AMGN,0.5646850360913125,0.3790631179403115,0.3505624419228294,0.04004105584227802
1807,AMGN,0.5635984590330709,0.38013741364069525,0.35033466558142884,0.04756338677277157
1808,AMGN,0.5636964925216317,0.3793921396947513,0.34996748459722543,0.08377977603985266
1809,AMGN,0.5634105448918492,0.37876708720706376,0.3495186161091429,0.08734744781827072
1810,AMGN,0.563189962561566,0.37896925606808834,0.3492096949961043,0.0
1811,AMGN,0.5625894795200455,0.38037235191964786,0.3493107743359035,0.0
1812,AMGN,0.5627053694844282,0.38350613013043844,0.3501693697308511,0.0
1813,AMGN,0.5620150212482229,0.37652727884085485,0.349124255117826,0.0
1814,AMGN,0.5609978764331864,0.3708802015441676,0.34688668827808916,0.0
1815,AMGN,0.5608671597962323,0.3761622060412397,0.34640750725452496,0.0
1816,AMGN,0.5602748500350314,0.37585523577098445,0.3459479794506109,0.0
1817,AMGN,0.5581752125580142,0.36024137114640237,0.3417053538904566,0.07831956010089816
1818,AMGN,0.5565616785719611,0.3535230514803132,0.3366439204906992,0.06670008830348254
1819,AMGN,0.5553402994832157,0.3517584125170253,0.3321568308272019,0.04587700134038354
1820,AMGN,0.5549808267370131,0.35684124686929464,0.32982860207983516,0.037650001583130165
1821,AMGN,0.5536654955641005,0.355232042639597,0.3275666514764337,0.02687099599995778
1822,AMGN,0.5524441114889118,0.35160059914000064,0.3248558499528262,0.03192768965019859
1823,AMGN,0.5515086670651943,0.349287213204211,0.322113079369412,0.05797070857388117
1824,AMGN,0.5510225635742305,0.3585801002799292,0.3222251444741525,0.0
1825,AMGN,0.5494988932869282,0.35350266507035494,0.32105469351797783,0.0
1826,AMGN,0.547476875794124,0.3463196845431053,0.31833568162607856,0.0
1827,AMGN,0.5461043461196566,0.3475183366486487,0.31645795009104916,0.0
1828,AMGN,0.5443437569143184,0.3431856475522192,0.3138804907381391,0.0
1829,AMGN,0.5425178083932138,0.3394793194302384,0.3108986975680669,0.0
1830,AMGN,0.5404426817815589,0.3351103289775239,0.30742897974255,0.0
1831,AMGN,0.5380039995233741,0.3296314271599093,0.30329346763200327,0.0
1832,AMGN,0.5359579942232351,0.3320564119524887,0.3005868835864104,0.08611524483987518
1833,AMGN,0.5351491805442787,0.3380415182992059,0.29990698256156256,0.034896938226260964
1834,AMGN,0.5341565515810491,0.3410684625365888,0.30011427992131656,0.02377773556097338
1835,AMGN,0.5326451379730388,0.34806298257807194,0.3020159973631835,0.044322543421742355
1836,AMGN,0.5316096156187307,0.3543926657977633,0.30510825361018645,0.03699440979148417
1837,AMGN,0.5317689325037516,0.3567132748985047,0.30815798059629707,0.03680161971806211
1838,AMGN,0.5310214022212558,0.35460667808930635,0.3100749531420981,0.05753886584554982
1839,AMGN,0.5300328531664866,0.35392337823679315,0.31143895181714765,0.0
1840,AMGN,0.5282232467182237,0.3512458361342982,0.31186564617884593,0.0
1841,AMGN,0.5263033411265083,0.34246732029612403,0.3100283752480735,0.0
1842,AMGN,0.5266750670614924,0.35731988726501207,0.3122446251919125,0.0
1843,AMGN,0.5256415891492141,0.35473382776350354,0.31337582445334966,0.0
1844,AMGN,0.5231947371012198,0.348976332994075,0.3128519056273087,0.0
1845,AMGN,0.521977438419579,0.34506984491025827,0.3114632697640373,0.0
1846,AMGN,0.5211114406997552,0.342572691383571,0.3097326248049377,0.0
1847,AMGN,0.5197266613270166,0.34206220233143636,0.308221417155753,0.0
1848,AMGN,0.5194121244193446,0.34764037948139836,0.30839682674855373,0.0
1849,AMGN,0.5178026748295514,0.3381118643531651,0.3061723953694797,0.07233585578739617
1850,AMGN,0.5166834176147828,0.33432113136257724,0.30345207722471795,0.03888941659894388
1851,AMGN,0.5157479756842869,0.33122578346586795,0.30050762830890043,0.03487495030730316
1852,AMGN,0.513685108743791,0.32371454032545294,0.29628795079275216,0.033996137162397494
1853,AMGN,0.510903296310889,0.31449443405519223,0.2906239897360795,0.03712651320858268
1854,AMGN,0.5083032646931178,0.30777704747906365,0.28442571951064854,0.04850218296059413
1855,AMGN,0.5052804449567638,0.30309690227584607,0.27830559856369613,0.07489454594067835
1856,AMGN,0.5018225829157563,0.2962444956925104,0.27170889155502365,0.0
1857,AMGN,0.49784797568555517,0.2834981280851006,0.26326816966530187,0.0
1858,AMGN,0.49584637219574335,0.2910460367542165,0.25838881008083775,0.0
1859,AMGN,0.49346896336113133,0.2947226720784709,0.25539777902919875,0.0
1860,AMGN,0.4913407331157127,0.298740469060469,0.254002079307562,0.0
1861,AMGN,0.4902378114914079,0.3065239847402954,0.2548172097173152,0.0
1862,AMGN,0.48693721640830345,0.3117887762483516,0.2567759146240054,0.0
1863,AMGN,0.48498463664379354,0.31630125182081253,0.2594627715567391,0.0
1864,AMGN,0.4832240469398106,0.3185502298156293,0.26217040189278845,0.0
1865,AMGN,0.48179433372311964,0.3247221663943287,0.2658682393545277,0.0
1866,AMGN,0.4806709916134455,0.33355574130877913,0.27101880014478197,0.06783044324126551
1867,AMGN,0.48006642766617524,0.34744839829216034,0.27858708780897695,0.038220807959274856
1868,AMGN,0.4787531279705388,0.3568409550604273,0.2869727352449828,0.04413555815892516
1869,AMGN,0.4788429961570895,0.3648640522833096,0.29567240202842776,0.02282574662177613
1870,AMGN,0.4789941352739908,0.37516020877053896,0.305187405498821,0.022601293945054828
1871,AMGN,0.47955564626397607,0.3869260094434349,0.315719410320185,0.028848325575995523
1872,AMGN,0.4803522057568621,0.3928804308637321,0.32562276509348936,0.06005551509778467
1873,AMGN,0.48150823450544067,0.3971798362786765,0.3346124627901645,0.0
1874,AMGN,0.48273574093654315,0.40085956648984555,0.34271744564343165,0.0
1875,AMGN,0.48506821592720284,0.41481530839824066,0.35266492719046627,0.0
1876,AMGN,0.48555840331578226,0.40203220623774144,0.3574504394712199,0.0
1877,AMGN,0.4880583589975398,0.4044427980606741,0.36187710293349984,0.0
1878,AMGN,0.48941454410594387,0.410531147122787,0.3669294223905024,0.0
1879,AMGN,0.4902764569308635,0.40653573346253047,0.36997970786384177,0.0
1880,AMGN,0.49319307189291406,0.42474723174640916,0.376939612693844,0.0
1881,AMGN,0.4941366826159306,0.42159043274614033,0.3817240914024448,0.0
1882,AMGN,0.4938405317244854,0.40401263017093675,0.3811892666680537,0.05202798974131653
1883,AMGN,0.4944083261325245,0.3986087377356919,0.3794202846398342,0.04374364549142119
1884,AMGN,0.4949393624701526,0.39176625471512583,0.3763069515669711,0.027294571270760994
1885,AMGN,0.49482090500571196,0.38319141027485587,0.3716882052611911,0.02085686040661819
1886,AMGN,0.4942326791421272,0.3748942083868645,0.3659340328867543,0.03104307169468807
1887,AMGN,0.4930746149271177,0.36893742883208525,0.35985235883606365,0.032123294177247255
1888,AMGN,0.491806263037478,0.3613806534592267,0.35311160115556106,0.08809046357569297
1889,AMGN,0.4905317763258146,0.35600849470610335,0.34638574834299246,0.0
1890,AMGN,0.48891824084382796,0.35236647083396194,0.3401011992460965,0.0
1891,AMGN,0.4866369900961969,0.34649185388901893,0.3336156146939643,0.0
1892,AMGN,0.48510923341805645,0.34696285898769086,0.3285440397219192,0.0
1893,AMGN,0.48346302077140946,0.34625114051427974,0.3243101475323635,0.0
1894,AMGN,0.48144099779351723,0.34265663452262507,0.32003095978266516,0.0
1895,AMGN,0.4786183354142781,0.3432070013946773,0.31674419802568216,0.0
1896,AMGN,0.4784671943027994,0.34866385720083376,0.315469055155498,0.0
1897,AMGN,0.47661264653091706,0.3481666723143168,0.3143255509664094,0.05316678803997931
1898,AMGN,0.4738675946616473,0.34330930485544175,0.31220526034675866,0.034620066350744244
1899,AMGN,0.47192318319101423,0.33987372707801566,0.3096563961929886,0.02194851660703543
1900,AMGN,0.4675605164299417,0.33400433957606734,0.3061606574232453,0.023608868343377415
1901,AMGN,0.46537101276095116,0.33573197485159567,0.3037928258839955,0.023109478728007685
1902,AMGN,0.4644457780812741,0.33617546349327104,0.30200862436833,0.0244922549754263
1903,AMGN,0.46238700002483757,0.33381441580407706,0.29999530523652157,0.05780764616689006
1904,AMGN,0.4609572868081462,0.33667024184876043,0.29909340049745076,0.0
1905,AMGN,0.45635769065750553,0.3031853529178976,0.29006169477513266,0.0
1906,AMGN,0.4550791155604266,0.3109997133146999,0.2847756753361075,0.0
1907,AMGN,0.45418247713966053,0.3223866626525877,0.28337283961217624,0.0
1908,AMGN,0.45274459213858176,0.32329086132779006,0.2824749724192288,0.0
1909,AMGN,0.4517437928868979,0.3295508099281633,0.2833102544242411,0.0
1910,AMGN,0.44999545786762996,0.3275094219537027,0.2834718543233047,0.0
1911,AMGN,0.44913762993761486,0.3324810342161879,0.2848349744526052,0.0
1912,AMGN,0.4478508880425931,0.33712582091364046,0.28707820015196883,0.0
1913,AMGN,0.4456940680206407,0.3307009174754336,0.28727826694224157,0.044927475048109566
1914,AMGN,0.4433207465741553,0.3205442865073572,0.284917677366635,0.03781323989347293
1915,AMGN,0.44022439673493663,0.3086472167065764,0.2800766256723572,0.03864526274683638
1916,AMGN,0.43614971855516593,0.29451871474050795,0.2726974139660041,0.03726758769661597
1917,AMGN,0.43201851205190955,0.2787029972595676,0.2628689460315863,0.038720901188051236
1918,AMGN,0.4281092646361184,0.26495578430931477,0.25159442852738445,0.052966785929139094
1919,AMGN,0.4245268162923801,0.25886433322486524,0.24106305598600136,0.0936222721787741
1920,AMGN,0.4213120030049877,0.2556803831869515,0.2318477745322748,0.0
1921,AMGN,0.4178806912849282,0.2581414122296499,0.2250863203688533,0.0
1922,AMGN,0.4149518236327414,0.26529600935108355,0.22145276405432335,0.0
1923,AMGN,0.4118595551979167,0.2672925888011591,0.21904142425894216,0.0
1924,AMGN,0.4088244782836261,0.27491844412862243,0.21900491492395,0.0
1925,AMGN,0.40924522245882367,0.2819998403377065,0.22073314768354435,0.0
1926,AMGN,0.40630818302224947,0.2867378074559639,0.2232915887318138,0.0
1927,AMGN,0.4030035030442396,0.2921478428685219,0.22668098835730296,0.0
1928,AMGN,0.40146758505324476,0.3072035951750452,0.2331290006897749,0.07180409995532056
1929,AMGN,0.39884099713079335,0.313332977104949,0.23980858266020924,0.06285413742273445
1930,AMGN,0.3971396324191976,0.321045914746554,0.24706642257224018,0.038530925568255776
1931,AMGN,0.3952238157115424,0.3314916933468863,0.2554650973245107,0.043070815171312275
1932,AMGN,0.3930396285891189,0.337631226435425,0.26370772851568414,0.04063050797369893
1933,AMGN,0.3915200471858764,0.33931910394436715,0.27072072597878216,0.06421263900762365
1934,AMGN,0.3906499625765698,0.3422099295321109,0.2770485606000054,0.10234004228716574
1935,AMGN,0.3902292179027276,0.3449854903366351,0.2827996588704985,0.0
1936,AMGN,0.3905335380853385,0.34951797911882093,0.2885253973142089,0.0
1937,AMGN,0.3914050039396262,0.35362456998523417,0.2941251497957336,0.0
1938,AMGN,0.39432570928166966,0.3760538811931693,0.30417139272424537,0.0
1939,AMGN,0.39589839082816436,0.3829482450202261,0.31391941014436187,0.0
1940,AMGN,0.3962782860543137,0.37605553622933136,0.32000721174518854,0.0
1941,AMGN,0.3996074754017518,0.4050694346996251,0.332078037603428,0.0
1942,AMGN,0.3983003090322055,0.3828871143018886,0.33622955480458366,0.0
1943,AMGN,0.3950323931083397,0.34006220242554097,0.32892260702049225,0.0
1944,AMGN,0.39139377546508225,0.3078670981623306,0.3150869618537288,0.26482232002448575
1945,AMGN,0.3872700735600092,0.2783034347277825,0.29668142207968345,0.09076173187403913
1946,AMGN,0.3838142497279766,0.2613546597534671,0.2777506927918787,0.049602458425242836
1947,AMGN,0.37972935731636603,0.24348696839751646,0.25817175790947444,0.04404936551661055
1948,AMGN,0.3743209542184682,0.22702443215868157,0.23842298584413155,0.06595425809243369
1949,AMGN,0.37066497452525393,0.2276926448965277,0.22278980327739745,0.05676225254796005
1950,AMGN,0.36738685509040314,0.23605280178735863,0.2123580565425466,0.12903531083881273
1951,AMGN,0.3637104506733424,0.24381077916773494,0.20593801132116407,0.0
1952,AMGN,0.35946092832065446,0.24285262059777526,0.20056418214878752,0.0
1953,AMGN,0.355371944531762,0.24173791339900635,0.19598847403417047,0.0
1954,AMGN,0.35181808546591364,0.24913893397715167,0.19416467121240882,0.0
1955,AMGN,0.3488401970802908,0.26252965976060877,0.19602890016785152,0.0
1956,AMGN,0.3456948280035701,0.27456778468053816,0.20050787001346992,0.0
1957,AMGN,0.34246776102875254,0.2845549655822315,0.20656963527525,0.0
1958,AMGN,0.33716148254737455,0.29064369764515724,0.21293013122387566,0.0
1959,AMGN,0.33284374863296673,0.2960426802461126,0.2193584317151497,0.0
1960,AMGN,0.33044591731840756,0.3090384177564772,0.22772631628510004,0.05537314377988158
1961,AMGN,0.32497216063915424,0.32224403416832803,0.23769795525074083,0.03270377523773338
1962,AMGN,0.32345053479388186,0.3299337095851314,0.24758366760793082,0.03214422667609509
1963,AMGN,0.32506610524365476,0.34391086106774293,0.2589610461236989,0.03018167298159699
1964,AMGN,0.3270176622885055,0.35968716787442184,0.27197826667962255,0.031633403342867294
1965,AMGN,0.33021409753798103,0.3801307112980573,0.2874656620190439,0.05548202795456065
1966,AMGN,0.33302451346013795,0.39716570156474107,0.3040832724185888,0.09210105999359712
1967,AMGN,0.3363741247888785,0.4100122318179752,0.3205655750938908,0.0
1968,AMGN,0.3401322278520027,0.4199859810160268,0.3362266731784397,0.0
1969,AMGN,0.34449080996749215,0.4454444872794845,0.3550737693704745,0.0
1970,AMGN,0.34739108260737916,0.4555013266063611,0.37264732333388906,0.0
1971,AMGN,0.34987878360442215,0.4577749660567915,0.38727043170250525,0.0
1972,AMGN,0.3529914735219042,0.4566149327377485,0.39868102471654276,0.0
1973,AMGN,0.3583018368981863,0.47587936055854274,0.4125904885561429,0.0
1974,AMGN,0.36176582777748445,0.4772776423397994,0.4240650811161464,0.0
1975,AMGN,0.3648703479051574,0.47960777581301545,0.433823040883599,0.0
1976,AMGN,0.3677542837079688,0.4782004958745365,0.4412801540728605,0.0
1977,AMGN,0.3714837872709924,0.48417205310263733,0.4487278482552126,0.06440630859780402
1978,AMGN,0.37625290556289537,0.49570739499832783,0.4575488110599487,0.0512900751810925
1979,AMGN,0.38083411619595386,0.5010724672176954,0.4659370692566552,0.028177606096106554
1980,AMGN,0.38523987630450796,0.5098710463322205,0.4748312814794747,0.02666026378466615
1981,AMGN,0.3894064616277708,0.5149993908931099,0.48321938883180904,0.0332439744306888
1982,AMGN,0.39329732153140196,0.5112817868668547,0.48900725060494443,0.03823048264361629
1983,AMGN,0.39685322952708013,0.5107535531424326,0.49350644452060877,0.07456877293339947
1984,AMGN,0.40011705955875243,0.510210669375346,0.496971068345498,0.0
1985,AMGN,0.4032795807062741,0.5150941241907172,0.5009547289577275,0.0
1986,AMGN,0.40615125633928306,0.5153597693256692,0.5042075844811983,0.0
1987,AMGN,0.4089248999796644,0.51269620729275,0.5061488338544674,0.0
1988,AMGN,0.41185785452133405,0.511013340437374,0.5072841843722902,0.0
1989,AMGN,0.41306289851825984,0.5082391422204479,0.5075039723760438,0.0
1990,AMGN,0.41520338344839214,0.5052393462762195,0.506935322183514,0.0
1991,AMGN,0.4179239234550107,0.5027802075951469,0.5058701001743573,0.0
1992,AMGN,0.41994390498273937,0.49007600254758066,0.5018650300652002,0.08588076567210912
1993,AMGN,0.42112240115193833,0.49111807782311406,0.49891959317602763,0.09128416482847664
1994,AMGN,0.4240226790275914,0.49606453863970595,0.49779084186236067,0.031911858348548976
1995,AMGN,0.42649200348265115,0.4964555255809988,0.4969848748085092,0.02204579116050477
1996,AMGN,0.42889800907481934,0.4926750716445376,0.4954018791495553,0.026327278739969113
1997,AMGN,0.4306422671774932,0.4897047875788522,0.49339832619867685,0.028628622289769107
1998,AMGN,0.4319719024635935,0.48983711071020275,0.4918283234062188,0.06656833669308734
1999,AMGN,0.43352211908268856,0.4886409343684971,0.4902754576216003,0.0
2000,AMGN,0.43448799377941194,0.48633219709996084,0.48846018932203833,0.0
2001,AMGN,0.4359994098806439,0.48872928370698104,0.4876028766350271,0.0
2002,AMGN,0.4376129483544968,0.48423871389152995,0.48580256998482824,0.0
2003,AMGN,0.439651309416075,0.48785393801274635,0.48525954042760333,0.0
2004,AMGN,0.44090537215185854,0.48261967011376766,0.4835260914630821,0.0
2005,AMGN,0.4419298637939906,0.48174214945205107,0.4819215517767325,0.0
2006,AMGN,0.44284488025267343,0.4767298925955539,0.47939399276097727,0.0
2007,AMGN,0.44415613151712474,0.474513481512876,0.4768218831196428,0.0
2008,AMGN,0.4469481621710214,0.489095375913085,0.47838308736752705,0.046400313811579365
2009,AMGN,0.4493950152163051,0.4957056942218213,0.48127258025605457,0.053485524913191695
2010,AMGN,0.45156408842703843,0.4972975049355255,0.4839792255003889,0.028028791860600113
2011,AMGN,0.45351462225358485,0.49624178699208976,0.4858825367002313,0.036059131670694855
2012,AMGN,0.4564700377334985,0.49521615083391723,0.48715064627408283,0.024475192350315044
2013,AMGN,0.45813054850960144,0.4918132637048678,0.4873206153447448,0.05888030480532776
2014,AMGN,0.45928249186463077,0.48795298213165983,0.4864985571956771,0.08321495037766449
2015,AMGN,0.46062437435577985,0.48352206413346865,0.48474125838960747,0.0
2016,AMGN,0.4622501600346811,0.47907893077007413,0.48223273548427925,0.0
2017,AMGN,0.4637697384460564,0.47463415959289834,0.4791228268317037,0.0
2018,AMGN,0.4649584373782747,0.4703241606300917,0.4755652569558452,0.0
2019,AMGN,0.4663432167510133,0.4679196253765844,0.4721224505191911,0.0
2020,AMGN,0.46758910969698686,0.46344846187641553,0.468258565071922,0.0
2021,AMGN,0.4685286355250984,0.46120952049913,0.46461180278266795,0.0
2022,AMGN,0.4688893299500756,0.44734954775110886,0.45825466539733967,0.03803171185623771
2023,AMGN,0.46826433903505826,0.4337406184033757,0.4497915311529793,0.03536308210816649
2024,AMGN,0.4686809938275518,0.42651714251395195,0.44122832260982736,0.027017699395244277
2025,AMGN,0.4687218372915116,0.42079193419654737,0.43295689029747514,0.06273821711398889
2026,AMGN,0.46905680266286254,0.41575081843986106,0.4250886550633609,0.026706878172856705
2027,AMGN,0.46924878823559046,0.41271207878875066,0.41803992134511087,0.06020081126625787
2028,AMGN,0.4677312388082684,0.40948339729826994,0.4115996496286458,0.06835445932586799
2029,AMGN,0.46663648597648466,0.40746651570764947,0.4059468884732898,0.0
2030,AMGN,0.4663097003678307,0.4113326293297589,0.4023841603354642,0.0
2031,AMGN,0.4655601256433042,0.4086188115447432,0.39886047045392964,0.0
2032,AMGN,0.46466553864559046,0.4057767637645569,0.3953361874317649,0.0
2033,AMGN,0.46397110152532495,0.40406227724077254,0.3920912647562908,0.0
2034,AMGN,0.4632889185911293,0.40265292679200854,0.3891455581380159,0.0
2035,AMGN,0.4626435051961657,0.4014987040424584,0.38650254121270555,0.0
2036,AMGN,0.4630479127836109,0.41153180441603315,0.386878113218151,0.04426783747937533
2037,AMGN,0.46273337088949473,0.41168305521233595,0.38721610780335536,0.03618789292411177
2038,AMGN,0.46238207042632373,0.41130706468257106,0.3873931912400477,0.02554556424518113
2039,AMGN,0.46185103907513936,0.4107784759254551,0.38740367437558043,0.022089591095068726
2040,AMGN,0.46170807224126964,0.41248487714790133,0.38783555055527874,0.020816402635735823
2041,AMGN,0.4616018684642551,0.4160509916235256,0.3890660793735697,0.02694223685738108
2042,AMGN,0.4626749761400295,0.4195816759938306,0.39092673736268196,0.06377270472511583
2043,AMGN,0.4638718523417227,0.42120816021758023,0.39281891985793166,0.0
2044,AMGN,0.4648195524474432,0.4234593244778656,0.39489135322497204,0.0
2045,AMGN,0.4651545193147286,0.41878691921790806,0.3953897160285079,0.0
2046,AMGN,0.46595923962182484,0.41950405677824115,0.3959663833764204,0.0
2047,AMGN,0.4667721381956862,0.42101948856175886,0.39680381268845927,0.0
2048,AMGN,0.46771167000753033,0.4225879768570443,0.3978630189819204,0.0
2049,AMGN,0.4687288088388337,0.4249914851527318,0.39930687968526446,0.0
2050,AMGN,0.46950493887075195,0.4296017716576544,0.40160613568685005,0.0
2051,AMGN,0.4673195176034448,0.39630428106662763,0.3951818665296781,0.06544853595640411
2052,AMGN,0.465256644679215,0.3709220595228219,0.38374316559845306,0.049878274880649574
2053,AMGN,0.46287106755072616,0.34857171518620067,0.3690453616776546,0.02896723624171935
2054,AMGN,0.4606264197950982,0.33310024340454597,0.3534474538638447,0.02938799705889596
2055,AMGN,0.4579794034089675,0.3175151596487109,0.3371012670477152,0.025337646483516097
2056,AMGN,0.45384549175985445,0.3016558766167349,0.3200884070542679,0.03608692440025752
2057,AMGN,0.4505775758359887,0.2918258888280626,0.30403854140187936,0.06900371859685414
2058,AMGN,0.44779167701224853,0.29003448958955297,0.29075406464933484,0.0
2059,AMGN,0.4447280008471801,0.2868752460002775,0.2793424314009388,0.0
2060,AMGN,0.4416275611266123,0.28754828837516483,0.2703801584929765,0.0
2061,AMGN,0.4371178336611665,0.2769966079866075,0.26059165494748066,0.0
2062,AMGN,0.4332780284614688,0.2780540266758177,0.2530232791928278,0.0
2063,AMGN,0.4297609339484083,0.28272906772066575,0.24812881662059733,0.0
2064,AMGN,0.425970151476724,0.28608581999064353,0.24504631553666012,0.0
2065,AMGN,0.4229881781961957,0.2922999973283711,0.24412253105060747,0.0
2066,AMGN,0.41901766433785426,0.2926542654257182,0.24347142468340668,0.08834306078868026
2067,AMGN,0.41511250979527814,0.29601421177594067,0.24378440126099893,0.02246197849053816
2068,AMGN,0.4116056325059234,0.30461577764267955,0.24616949401613447,0.017360077678920095
2069,AMGN,0.4082886998377768,0.3158595268276636,0.25086800905184803,0.023468145662047444
2070,AMGN,0.40501261512139,0.3290666002991318,0.2579045139988994,0.018414618272136557
2071,AMGN,0.40558858679890486,0.34391758063569494,0.2672193908792213,0.023942557001481107
2072,AMGN,0.40606243610379833,0.35578798527493233,0.2776172547353641,0.04185725794819294
2073,AMGN,0.4068222250601643,0.3657857040893988,0.28841675047397614,0.0
2074,AMGN,0.40765758407362496,0.3762519557367506,0.2996538308285225,0.0
2075,AMGN,0.4086502180232987,0.3821407632461852,0.31010496215962224,0.0
2076,AMGN,0.4099982283554495,0.38608419998221183,0.3194445378355253,0.0
2077,AMGN,0.411203277338819,0.38931257376559086,0.327717406752263,0.0
2078,AMGN,0.41155049340573013,0.3876737855165973,0.33392899220464634,0.0
2079,AMGN,0.41236747238669613,0.3884320678948278,0.3390864488723653,0.0
2080,AMGN,0.4125696786736408,0.38459053990126807,0.3422590350095641,0.061311289125302995
2081,AMGN,0.41387685002963126,0.3809466392021798,0.34389277128705237,0.03362990638423625
2082,AMGN,0.4150532957730677,0.3848649826079905,0.3461722033306666,0.028554918785422538
2083,AMGN,0.41578245200680186,0.38588853782875726,0.34824977191061307,0.01487544283668781
2084,AMGN,0.41663007168871014,0.3864471882354668,0.35005047100078235,0.014033393492279602
2085,AMGN,0.4175344655257911,0.3899188887538535,0.3523526267673103,0.019389650550401587
2086,AMGN,0.41893149260222273,0.3921617586598479,0.35475098028275176,0.03922820645424578
2087,AMGN,0.42015287119232303,0.39403125223058894,0.3571336285490112,0.0
2088,AMGN,0.42063284135719714,0.3925977825804603,0.35868399285117664,0.0
2089,AMGN,0.42143686922673806,0.398364211431366,0.36135537976234566,0.0
2090,AMGN,0.4210488032134898,0.3938781825273323,0.3623791597408233,0.0
2091,AMGN,0.4209671063126823,0.3973310756444094,0.36405511265207413,0.0
2092,AMGN,0.4200602591451652,0.39103696191312065,0.3638338202193046,0.0
2093,AMGN,0.4207628610687961,0.4032258674859629,0.3666817932563879,0.0
2094,AMGN,0.4226541644178674,0.42740825958939155,0.37496168712553185,0.0654073745721151
2095,AMGN,0.4242431870399135,0.4403004674686849,0.38478515271633174,0.0274379325023659
2096,AMGN,0.4254118349822611,0.44467373160927337,0.39372926910980455,0.029036893968977684
2097,AMGN,0.4262206486612179,0.4438096573139394,0.4006701187897843,0.020403381566032358
2098,AMGN,0.42747879080681805,0.44304053209855854,0.40603191928430193,0.02102062642701594
2099,AMGN,0.4290187966845842,0.44679567136844656,0.4112532991757787,0.03138238926004496
2100,AMGN,0.4309448231362798,0.4486722544446021,0.41589612799561276,0.062095642170365915
2101,AMGN,0.4334161795672591,0.4544786756747402,0.42105141171278354,0.0
2102,AMGN,0.43464573692276876,0.451982023058506,0.4245560267325308,0.0
2103,AMGN,0.43659627174660454,0.45475144162431935,0.42804702495898045,0.0
2104,AMGN,0.43869794618598545,0.45747310627713345,0.4315152783241451,0.0
2105,AMGN,0.4405263470402372,0.4589734038001079,0.4346622204734087,0.0
2106,AMGN,0.4425361183252816,0.4607807334287176,0.4376283119811382,0.0
2107,AMGN,0.4444560189305524,0.4605875477185391,0.4399532409220331,0.0
2108,AMGN,0.4467027111282107,0.46019565205358404,0.4417159245532826,0.0
2109,AMGN,0.448092269827987,0.4570477544646521,0.4423448354291472,0.0
2110,AMGN,0.45125193853009726,0.463412618812622,0.44442757757300627,0.07552727029660823
2111,AMGN,0.4531391644639293,0.46127305307282584,0.44556278011210715,0.03953146383251187
2112,AMGN,0.456157907782333,0.46169699471759107,0.44657615474252255,0.02307869564146675
2113,AMGN,0.45766931989440973,0.4625872340129845,0.4476077914349444,0.018438013417907663
2114,AMGN,0.45828614301419446,0.46788934326791376,0.44974896277718956,0.0856638768395093
2115,AMGN,0.4596504964164754,0.47334227712286775,0.45281519304799395,0.042901596147012985
2116,AMGN,0.46094912848715763,0.4708234887182383,0.45464307171533913,0.08765580639373502
2117,AMGN,0.46260350643581516,0.46798043783901855,0.45539979458609003,0.0
2118,AMGN,0.4643273375707433,0.4661114094351232,0.4555413228725336,0.0
2119,AMGN,0.4656671826008836,0.46472789393633274,0.45531118866621767,0.0
2120,AMGN,0.465879594642713,0.4505885108217318,0.45161801049857336,0.0
2121,AMGN,0.46573662332104426,0.4401099796372127,0.4460629367011335,0.0
2122,AMGN,0.4666353002001067,0.4359070561920794,0.4405758083986099,0.0
2123,AMGN,0.46728888338487984,0.4349607612244714,0.4359512570355004,0.0
2124,AMGN,0.46799148530851165,0.43550920555779493,0.4323877272577423,0.0
2125,AMGN,0.46757686598244863,0.4238782878550272,0.4266503762520421,0.06173099452236963
2126,AMGN,0.4673358611722187,0.417612448651193,0.42050545777535014,0.044787280076834586
2127,AMGN,0.466821166408788,0.4087250643294826,0.41338387791160824,0.026444782178879637
2128,AMGN,0.4657590912403089,0.3963904696334844,0.40462545033626474,0.027864849936850695
2129,AMGN,0.46499154038525115,0.38769168533022236,0.39545986939531075,0.02849018635201075
2130,AMGN,0.4629511373748647,0.37719221167479505,0.38552167593796266,0.04431163741393929
2131,AMGN,0.4618400454621061,0.3725369497249621,0.37641579185862173,0.0702607239478341
2132,AMGN,0.46004677061515187,0.3648699559260327,0.36722831246814636,0.0
2133,AMGN,0.4585026793438365,0.3631294209327711,0.3594463680649521,0.0
2134,AMGN,0.45644797620941713,0.3621661334359271,0.35298174666503274,0.0
2135,AMGN,0.45411141931571963,0.3609687507774087,0.3475128866142621,0.0
2136,AMGN,0.4524611182836562,0.3616939727161519,0.34331778203615,0.0
2137,AMGN,0.4508394150064374,0.3629351126641577,0.3402697208607927,0.0
2138,AMGN,0.4497160689076085,0.37067261365915793,0.33975154231749055,0.0
2139,AMGN,0.4480412619966274,0.372138518041743,0.3397008033508555,0.0
2140,AMGN,0.4464583632264274,0.36224749594541644,0.3372054872037141,0.08702431336126679
2141,AMGN,0.44400742379030556,0.34703014173850144,0.33143263576629356,0.04100465440268499
2142,AMGN,0.44125624557596765,0.33703666388016457,0.32433420247076433,0.0497085281462953
2143,AMGN,0.4382313838908063,0.3298193930371594,0.3168642946369736,0.03140279404883781
2144,AMGN,0.43500431940921036,0.32453914886509677,0.30957793279403484,0.03519474260062551
2145,AMGN,0.43297617058489424,0.32213905239597374,0.30315319438826016,0.046509549792961756
2146,AMGN,0.4306681949907758,0.3213395958834041,0.29781499688143054,0.055127758604312446
2147,AMGN,0.42853179296097066,0.3196256574670648,0.29311907864592923,0.0
2148,AMGN,0.42689375259735485,0.31913627575897796,0.28924089073461795,0.0
2149,AMGN,0.4254064414649452,0.32217396374135665,0.2868922249364535,0.0
2150,AMGN,0.42404208207893124,0.3229016462957402,0.2851938864288289,0.0
2151,AMGN,0.42253475186989364,0.326166742538604,0.2846455376714793,0.0
2152,AMGN,0.4213623870322065,0.3287351469817176,0.28484427777840865,0.0
2153,AMGN,0.4200347976840688,0.33380295494002177,0.2862609836408186,0.059707226461493
2154,AMGN,0.4185601456369805,0.336970726949866,0.2881805167356137,0.0332270877089292
2155,AMGN,0.417485812791921,0.3434817855038773,0.2913320387056635,0.018080753710681203
2156,AMGN,0.41615617750582024,0.34777686701645144,0.2949191970662741,0.021194770745161778
2157,AMGN,0.41479182310625085,0.35161056940899166,0.29874036081693517,0.03673829451146362
2158,AMGN,0.4126997056853936,0.3539006783373043,0.30236564436226476,0.06648566211780599
2159,AMGN,0.4110494021601081,0.3559083090797009,0.30576411913222046,0.06207506147822141
2160,AMGN,0.4104795613154617,0.35792127172359395,0.30898247013761676,0.0
2161,AMGN,0.41066338407940073,0.3599581108565374,0.31206264772867887,0.0
2162,AMGN,0.4107185316565496,0.36199044479847875,0.31503116850312957,0.0
2163,AMGN,0.4107818445357081,0.36399608853160026,0.31790373992622395,0.0
2164,AMGN,0.4108308607813438,0.365402846991303,0.3205509222703206,0.0
2165,AMGN,0.41081860709391815,0.3671356879255362,0.32309871954731534,0.0
2166,AMGN,0.41067155686107704,0.3676524125470405,0.3252651965762092,0.0
2167,AMGN,0.41096975418912995,0.3710962755041623,0.32785306604907105,0.0
2168,AMGN,0.41060210965853994,0.36710098160425975,0.3289318212568727,0.08056795674184776
2169,AMGN,0.4096401169084518,0.3606322584025082,0.3281894365929696,0.03836047522049485
2170,AMGN,0.4085045101411757,0.3516587560914211,0.3253685112683916,0.04246623535164839
2171,AMGN,0.4073464364519226,0.34676063503847343,0.3218961696324069,0.024323211854478676
2172,AMGN,0.4062872180171979,0.3437320496612547,0.3183666708506959,0.019902936530552653
2173,AMGN,0.4049657480331077,0.34150240529239906,0.3149897251982855,0.027294747174112656
2174,AMGN,0.4039772104471595,0.34234535944508293,0.31249737057584115,0.05812884568702572
2175,AMGN,0.40231057881107635,0.33988528717427874,0.3098929533271801,0.0
2176,AMGN,0.40114842820522956,0.3424662733051702,0.30844996112758394,0.0
2177,AMGN,0.4004458257829535,0.3498214210576958,0.3091209464539637,0.0
2178,AMGN,0.3994007439168996,0.351310784101393,0.3100273604850701,0.0
2179,AMGN,0.39808541374127593,0.34989552885277475,0.31040125779607874,0.0
2180,AMGN,0.39712954833354575,0.3530529228822426,0.31148396847289533,0.0
2181,AMGN,0.39594901370604907,0.35369330073302296,0.3125090641189179,0.0
2182,AMGN,0.3953771284193719,0.3610654389673015,0.31515873636992764,0.0
2183,AMGN,0.39454380886149787,0.36453233336166363,0.3181388778953054,0.03754146921515442
2184,AMGN,0.39370641089109526,0.36703520166983894,0.3211441456618679,0.036622198299366394
2185,AMGN,0.39293028285375486,0.37024869984699976,0.32434587646663116,0.030824775635274953
2186,AMGN,0.39258715317768234,0.37641634758740355,0.3284379299119803,0.016658926919193517
2187,AMGN,0.3922154282399868,0.3838887780478727,0.3335660586342103,0.01882007549771853
2188,AMGN,0.39257898987024964,0.39059028955602026,0.33933172316408416,0.025704229068380668
2189,AMGN,0.3931774254778744,0.3946898204833921,0.3449616643994893,0.03805317206514053
2190,AMGN,0.39313249761765423,0.386882781497148,0.3475280892552718,0.0
2191,AMGN,0.39293438619850285,0.38089584146376065,0.34809540784926934,0.0
2192,AMGN,0.39363821877650684,0.3860536416067109,0.3498293104988671,0.0
2193,AMGN,0.39379957711169133,0.38408479076047203,0.3507278089662121,0.0
2194,AMGN,0.3943632906139811,0.38885281288334894,0.35262992154394285,0.0
2195,AMGN,0.3952864768624731,0.39269567820456114,0.35510532269717443,0.0
2196,AMGN,0.3956949663529561,0.39423266294003495,0.3574670880021324,0.0
2197,AMGN,0.39616677121581967,0.4008417965283926,0.3609967357158757,0.022273058290852674
2198,AMGN,0.39731257925018193,0.40821092579937623,0.36564930286534014,0.02136117531583447
2199,AMGN,0.3985748162635745,0.4119709784060823,0.3703045154583548,0.01414685115410189
2200,AMGN,0.40133006690670747,0.39066242995665146,0.3642369460968833,0.0
2201,AMGN,0.4008521376933527,0.393085894827431,0.36448778516123265,0.0
2202,AMGN,0.40043547841306015,0.3949582133297564,0.3651531229498879,0.0
2203,AMGN,0.4004191388334406,0.4006475219771421,0.36709734918339443,0.04805943422445971
2204,AMGN,0.400549854971751,0.4073409477068004,0.3703138850174012,0.0286164849585044
2205,AMGN,0.40070099059814135,0.41269508385354914,0.3742158875549642,0.018854552554644376
2206,AMGN,0.40088072846717626,0.41467586619662095,0.3778290743613818,0.017373974043701428
2207,AMGN,0.4011503305336057,0.41693740910737676,0.38128088692051604,0.018316640105260566
2208,AMGN,0.4012177263130918,0.41685241186268335,0.3840212425998982,0.02407079054484304
2209,AMGN,0.40192440515331773,0.41804717274078396,0.38651003940843287,0.04159621737432585
2210,AMGN,0.40264335064572343,0.4165373508549135,0.38812637366956426,0.0
2211,AMGN,0.4044182394764504,0.4198006333781732,0.3902293130035856,0.0
2212,AMGN,0.40566413142513547,0.4206173420182972,0.39211435283563834,0.0
2213,AMGN,0.4067057741407796,0.41984952300280043,0.3934318296206864,0.0
2214,AMGN,0.4073021677995965,0.41870304240330447,0.3942012808422214,0.0
2215,AMGN,0.4082151482932028,0.42229038668440044,0.3957071384450948,0.08224800965357594
2216,AMGN,0.4089953602281602,0.4234393179049144,0.3971969629218634,0.034441348545455185
2217,AMGN,0.4099369334901679,0.4257393524333168,0.3989596383545183,0.015961470129851853
2218,AMGN,0.41141566744029534,0.431733213012478,0.40185731751210707,0.01850679162840769
2219,AMGN,0.41330697278394357,0.43574888668882394,0.4051720590020576,0.023916875112138386
2220,AMGN,0.4144548342359342,0.43560695825550605,0.40778862880998656,0.02175220846658012
2221,AMGN,0.4153984474521728,0.4338318092435585,0.4094413333594601,0.04291777925536593
2222,AMGN,0.416350227964998,0.432035651215547,0.4103177317459264,0.0
2223,AMGN,0.41742455532496914,0.4357093035167456,0.41193056675308254,0.0
2224,AMGN,0.4179229130020028,0.4344030589752921,0.4128966548038329,0.0
2225,AMGN,0.41811490854761857,0.4299786964804509,0.41257149988329167,0.0
2226,AMGN,0.4185274804397845,0.42640708823958884,0.4114249846457161,0.0
2227,AMGN,0.41866636786383804,0.4213238231849374,0.40924622258176535,0.0
2228,AMGN,0.4191586026863141,0.41912806929467394,0.4069582771435516,0.0
2229,AMGN,0.41960386071874023,0.41815209907736217,0.40488570735509516,0.0
2230,AMGN,0.4213950911236646,0.42901046221170497,0.4059224483715356,0.035648573247914664
2231,AMGN,0.4228288917284835,0.43808538900370725,0.4090040300095729,0.03743152962036539
2232,AMGN,0.42367037509243444,0.4370552301542604,0.41121363350567,0.03489324425587605
2233,AMGN,0.42452002824619584,0.43473851156368937,0.41240635984949003,0.016242739589160133
2234,AMGN,0.4257128205502734,0.4357958290042238,0.4136229428786892,0.0199064545975859
2235,AMGN,0.42667072890410074,0.43845965128660797,0.41525730893550816,0.031094963183428498
2236,AMGN,0.42807593374865194,0.44337656542479015,0.4177850671702876,0.06285273019592115
2237,AMGN,0.42967925001235496,0.4504724720872855,0.4215683151476443,0.0
2238,AMGN,0.4308720373299879,0.45565046708055146,0.4258799732028949,0.0
2239,AMGN,0.4318728375789611,0.45674743544105634,0.429601542050743,0.0
2240,AMGN,0.43336790313039675,0.4592462650952924,0.43319894937394343,0.0
2241,AMGN,0.4345320956850527,0.45581191785069125,0.4352245489644966,0.0
2242,AMGN,0.43632944944317886,0.4590840709404527,0.4376571020333403,0.0
2243,AMGN,0.4376243611280106,0.46116810972883343,0.4401203551477844,0.0
2244,AMGN,0.43884982959946006,0.4576003893693288,0.4412055312212365,0.0
2245,AMGN,0.4395769354074317,0.4459302338884594,0.43917740697934227,0.04266201578204871
2246,AMGN,0.440598153149907,0.4395744317937493,0.4359775431862042,0.03282919432746872
2247,AMGN,0.4423138115031584,0.4394190844940887,0.4333790985126076,0.034451199133148286
2248,AMGN,0.4440580591343002,0.4411768784838975,0.4317365869518967,0.033372735684105724
2249,AMGN,0.4457553389509914,0.44255617167412126,0.4307648866585914,0.02177630722575788
2250,AMGN,0.44630066893027553,0.4429398323504474,0.43008274220998866,0.022786520174355403
2251,AMGN,0.4474811970753949,0.45028937583428996,0.43136101488613043,0.08778351222704198
2252,AMGN,0.4493765932976812,0.4552412037083328,0.4336125632053569,0.0
2253,AMGN,0.4513128384690157,0.4578309929849089,0.4360565281990544,0.0
2254,AMGN,0.45299172728303594,0.45977900866547894,0.43849515303578585,0.0
2255,AMGN,0.4544214380065048,0.4602625805392155,0.44056606436036183,0.0
2256,AMGN,0.4553936449884328,0.45844034838941716,0.44177055716752317,0.0
2257,AMGN,0.4553977298833374,0.4499643846914717,0.4406306114995786,0.0
2258,AMGN,0.4559900396445382,0.4490969837185336,0.43950338592529337,0.0
2259,AMGN,0.4572073383261781,0.452065523828625,0.43933832907977494,0.0
2260,AMGN,0.4576607616606143,0.4480988836643381,0.4382218544332847,0.0
2261,AMGN,0.4581957622212034,0.44057879902031094,0.4354623620740563,0.0371479734174855
2262,AMGN,0.4588448476335101,0.4420160563734844,0.4336114625185941,0.03112873662694769
2263,AMGN,0.4594238809876261,0.4421247182482385,0.4321577102609176,0.022321607615911513
2264,AMGN,0.4604124310396842,0.4415072314540719,0.4308414623857764,0.02530563207351353
2265,AMGN,0.4620545667697371,0.43916415550650134,0.4292069663407312,0.030385017256118797
2266,AMGN,0.46343321880011823,0.43743867893505,0.4274711457690228,0.034261927126759475
2267,AMGN,0.4644258452701262,0.4369001079318375,0.42594882833315517,0.051601424113535056
2268,AMGN,0.4651978929003615,0.4360805451060552,0.42452757767616545,0.0
2269,AMGN,0.46590661618261775,0.4348366596796204,0.4230818732986238,0.0
2270,AMGN,0.4666541514515572,0.43365881542837376,0.42163299585060354,0.0
2271,AMGN,0.466658240335617,0.43211912187101686,0.42009177724231167,0.0
2272,AMGN,0.4666786648101411,0.43048427998801697,0.41845307207225696,0.0
2273,AMGN,0.46676036270823795,0.42883622374217273,0.41673309815081816,0.0
2274,AMGN,0.46693192829424035,0.42873384492952976,0.4153317109389769,0.0
2275,AMGN,0.4658535125488541,0.41489811788389686,0.4107768908431799,0.035627992555770156
2276,AMGN,0.4653837521280204,0.4087366023205612,0.40560388783079737,0.019651042930972005
2277,AMGN,0.4653776227910855,0.4022738981218785,0.3998615903693481,0.01767406516163759
2278,AMGN,0.4648737550934583,0.3983242202717726,0.39428753288770246,0.017544424391462355
2279,AMGN,0.4638892899363056,0.39443256188919973,0.38886246649188694,0.020065295324137106
2280,AMGN,0.4636135535464967,0.3931565906069825,0.38420574654931405,0.026182686184902566
2281,AMGN,0.4636626949518763,0.3917668065821492,0.38013545805530097,0.049870886939879754
2282,AMGN,0.46296050590580684,0.3907092497822017,0.3766167659024273,0.0
2283,AMGN,0.4622548408096412,0.3894116413142826,0.3734797755006591,0.0
2284,AMGN,0.46187902499330846,0.3917411676159953,0.37154831821264406,0.0
2285,AMGN,0.4616298439108917,0.39359791342035927,0.37046395413271294,0.0
2286,AMGN,0.4615134303898363,0.3970700520200185,0.37045816808489124,0.0
2287,AMGN,0.46100281902537654,0.39694298848134646,0.37042200498873773,0.0
2288,AMGN,0.46065151806356086,0.3985665317717319,0.3707960007435224,0.0
2289,AMGN,0.4604472733183189,0.4012015202459687,0.3717491410905225,0.0
2290,AMGN,0.4598467882822206,0.3993038960244212,0.37204070653146415,0.04009013287739185
2291,AMGN,0.45908291492959474,0.39588380475612783,0.3714251706227711,0.021483779951943203
2292,AMGN,0.4580249246560206,0.39011410937952323,0.36950083574957293,0.013899179234961144
2293,AMGN,0.4572079416858994,0.3882059196349484,0.36748779889371125,0.015264892857268503
2294,AMGN,0.45625208026732356,0.38691099277541746,0.36555599824328977,0.029463987306814144
2295,AMGN,0.45661564189758685,0.3864101100835091,0.36388625011947,0.025964566028841115
2296,AMGN,0.4559988187778017,0.38077233889977175,0.36115128603502766,0.05863192927278036
2297,AMGN,0.4555106758312517,0.37638381249107034,0.35787418310151914,0.0
2298,AMGN,0.4549320463790987,0.37340834749517926,0.3545140585428712,0.0
2299,AMGN,0.45420494057112615,0.36901180816526225,0.35073483860661536,0.0
2300,AMGN,0.4533940949162498,0.3667545972260834,0.34715127463966355,0.0
2301,AMGN,0.4526261326795642,0.3653451940873604,0.3439346419117664,0.0
2302,AMGN,0.45186634222726463,0.3646587907729757,0.3411909861597548,0.0
2303,AMGN,0.4513761548386852,0.3667671337816658,0.33951930396792235,0.0
2304,AMGN,0.4503549311124768,0.36647201962775067,0.3381087176457172,0.05293811368281811
2305,AMGN,0.44976466928381686,0.371065442504137,0.3381202308607892,0.03487653343746812
2306,AMGN,0.4500036371316831,0.38560681790169615,0.3417382775060702,0.029296527316031478
2307,AMGN,0.45066538761304376,0.39870241851564303,0.3478827427325897,0.03310307584600717
2308,AMGN,0.4505530525045165,0.40257365982522575,0.3537590682747645,0.03231643605737264
2309,AMGN,0.4503774050154754,0.4062621652512513,0.3593755312116235,0.028664154766804926
2310,AMGN,0.45045501901595575,0.4077797389338287,0.3642453285650721,0.05354797060303187
2311,AMGN,0.4507327898749067,0.4090311175424296,0.36845172993584435,0.0
2312,AMGN,0.45118213080766045,0.4085650831895636,0.3717011919879769,0.0
2313,AMGN,0.4515170961790118,0.40940629320730576,0.3745095306748514,0.0
2314,AMGN,0.4515130072949516,0.4064795577197683,0.37602985295956226,0.0
2315,AMGN,0.4520236166648339,0.40985757707866227,0.3780844577651877,0.0
2316,AMGN,0.4526200128168729,0.4078883945752609,0.37923943564764895,0.0
2317,AMGN,0.45294680440925905,0.40324679765895266,0.3790114799882624,0.0
2318,AMGN,0.4535554522541454,0.4027133060152371,0.37869671506285635,0.0421967514169015
2319,AMGN,0.45395577145617505,0.39771827461467346,0.37720525081919687,0.030991883819354294
2320,AMGN,0.4542846025041478,0.3939177203852415,0.37506886897639663,0.017648910982349858
2321,AMGN,0.45477887129712213,0.3927189941404297,0.3730622671239993,0.01726544167572569
2322,AMGN,0.4550872868461693,0.38994288566392843,0.37076801914893526,0.022063909205726005
2323,AMGN,0.45520778775535087,0.3881614954183537,0.3684905205408824,0.10076359644956676
2324,AMGN,0.45526089338369147,0.38387054380953956,0.36560360581732165,0.05627095448676679
2325,AMGN,0.45486669554028714,0.3804591728866434,0.3624474499668767,0.0
2326,AMGN,0.45342268369549554,0.377647724894746,0.35922478833566435,0.0
2327,AMGN,0.4517070303286883,0.37439891115759905,0.3558403779266548,0.0
2328,AMGN,0.4507736323415781,0.3739189540663321,0.3530137352504114,0.0
2329,AMGN,0.4500097540025081,0.37629702061205533,0.35134260271879686,0.0
2330,AMGN,0.4493684299902485,0.3784104995667871,0.3505302137273695,0.0
2331,AMGN,0.44882922386281043,0.38153093503397845,0.3506547230942013,0.0
2332,AMGN,0.448432989057042,0.38433720179032976,0.35145078167461885,0.0
2333,AMGN,0.44810211256975085,0.3887015036064508,0.3531707482162769,0.0
2334,AMGN,0.4490824848536885,0.4024780907615383,0.3579657546106297,0.09778414547910796
2335,AMGN,0.4490538900907106,0.4084411422838643,0.3632816524358395,0.057069731606666035
2336,AMGN,0.4489190890574948,0.4074031864075892,0.36727677383833013,0.03503994765116254
2337,AMGN,0.44971156215954355,0.4131899545715901,0.3719090141810755,0.03010744176719543
2338,AMGN,0.4498953874167051,0.4143510336958446,0.37590295968101,0.0409525870105929
2339,AMGN,0.4506347523971912,0.4163583574668693,0.3795962878313911,0.04556969818502922
2340,AMGN,0.4515763176808889,0.41994525328052495,0.38344113567800203,0.07719166781003846
2341,AMGN,0.4523647058880318,0.4226365715952019,0.38718493747373345,0.0
2342,AMGN,0.4534410697117224,0.4255776252785818,0.39090988102313035,0.0
2343,AMGN,0.4541212082038881,0.4237274654429039,0.39343066859863896,0.0
2344,AMGN,0.45715219822869546,0.4435519050824081,0.4003672701848819,0.0
2345,AMGN,0.4602444636716543,0.45899477112983256,0.40974911684347876,0.0
2346,AMGN,0.4626913157196486,0.46331335228092707,0.4183263670265765,0.0
2347,AMGN,0.46514225266254794,0.4647171986162594,0.42553656965615544,0.0
2348,AMGN,0.467752500506736,0.4685185731943244,0.4322481457994189,0.0
2349,AMGN,0.4694916400246689,0.4640667871467937,0.43651257545568123,0.07090769647524864
2350,AMGN,0.47115011134518614,0.4589857532982083,0.43866312304100535,0.025257082748454687
2351,AMGN,0.47325383820490785,0.4602056958161738,0.44068632288012377,0.025831758998335955
2352,AMGN,0.4755413813461913,0.4625479138225261,0.4428861675750052,0.05774432096029158
2353,AMGN,0.4771875934941945,0.45895321345502904,0.44375392109322775,0.03527038104184037
2354,AMGN,0.4777594762876487,0.4544630448477953,0.4433337669778994,0.04081151252255961
2355,AMGN,0.478662234571106,0.4489809149554637,0.44163710470134887,0.08321037689052127
2356,AMGN,0.4801001170789627,0.44410785555993415,0.43907039323272323,0.0
2357,AMGN,0.4805290275534593,0.4359243566421332,0.4349860671990442,0.0
2358,AMGN,0.4814726347859648,0.4312613608595431,0.43056135769861414,0.0
2359,AMGN,0.4822937001577694,0.4272319637422651,0.4260215860909039,0.0
2360,AMGN,0.4834742407689987,0.42972308660840713,0.42300800840149866,0.0
2361,AMGN,0.4842381161162028,0.42708886282395164,0.4199433922852785,0.0
2362,AMGN,0.48456490770858895,0.42123769835045366,0.41603957448354945,0.0
2363,AMGN,0.4857740366004193,0.4217720021548631,0.41304912219973183,0.0
2364,AMGN,0.4852838517050615,0.42572315218364293,0.4116373452461672,0.040237363982733323
2365,AMGN,0.4847364747905254,0.4283350012284674,0.4111561247504827,0.043536783149866136
2366,AMGN,0.4849325502446016,0.43072185523797063,0.41136351081040945,0.02568575921645611
2367,AMGN,0.4851980709066379,0.4317095973395258,0.4117745546080841,0.019163790646866984
2368,AMGN,0.4859047537360186,0.44017279946007853,0.4142037624288946,0.029369879013674726
2369,AMGN,0.48872843983220626,0.4618265236188651,0.4215210867003383,0.05921434527013478
2370,AMGN,0.49193916124367165,0.4812699210387066,0.43220035169821436,0.09016770625547499
2371,AMGN,0.4945861671582703,0.4955574219510602,0.44428959394152556,0.0
2372,AMGN,0.4970248474218777,0.5055571586953748,0.4564426931938081,0.0
2373,AMGN,0.49992103840804836,0.5122543844125167,0.4678272705126302,0.0
2374,AMGN,0.5025884797673479,0.512829040132501,0.47707754874579966,0.0
2375,AMGN,0.5041652531897691,0.49924866184340366,0.48110743271457684,0.0
2376,AMGN,0.5071104624161533,0.5017628861754514,0.4849553127406945,0.0
2377,AMGN,0.5105867079801656,0.5042612858010873,0.48865366228326845,0.0
2378,AMGN,0.5138056051651732,0.5044983441526035,0.4916711743665989,0.0
2379,AMGN,0.5172369168852327,0.5056938825001588,0.4943818892483905,0.0
2380,AMGN,0.519009759777997,0.4940476912352135,0.4936601434222804,0.0613206120029411
2381,AMGN,0.5213381463832407,0.4854115456476113,0.4909394533742083,0.04294768282514855
2382,AMGN,0.5243609711060389,0.4814526701792645,0.4877803991852342,0.028634778907077295
2383,AMGN,0.5258519517625699,0.4667702239473808,0.48160930921321327,0.035202658251450324
2384,AMGN,0.5261787383685124,0.4461167387147999,0.47154671559597516,0.05261322019229754
2385,AMGN,0.5260521076237512,0.4244792568730296,0.4581267136581855,0.0751613913251503
2386,AMGN,0.526399326183884,0.41286466196314053,0.44450823586752053,0.0698543872054938
2387,AMGN,0.5267955584964308,0.4035984729880546,0.43131379792015095,0.0
2388,AMGN,0.5267669682212519,0.39990744846297566,0.4198422198764909,0.0
2389,AMGN,0.5254475491615689,0.3990038411933911,0.41044070282868417,0.0
2390,AMGN,0.5232948115412999,0.3927789643447156,0.40137461743596603,0.0
2391,AMGN,0.521142071926453,0.3879644170647213,0.39292688884033566,0.0
2392,AMGN,0.5189975021014157,0.3843096954841813,0.38526168783680775,0.0
2393,AMGN,0.5174615816171988,0.38805322528172476,0.3800585853249109,0.0
2394,AMGN,0.5158970668686478,0.3874302200159423,0.37574148768822646,0.0
2395,AMGN,0.5144244602608783,0.37530130969219766,0.36927769204126487,0.32196258887516843
2396,AMGN,0.511791747489291,0.3682380822516594,0.3623537243680172,0.058036496427402925
2397,AMGN,0.5090752973640216,0.36387908373576894,0.3557327467096562,0.022136029579907616
2398,AMGN,0.5061300836498379,0.3579519581545671,0.3489649878683743,0.018187351141788655
2399,AMGN,0.5027273716792009,0.3512056028284275,0.3418764900354911,0.02014832170612179
2400,AMGN,0.5008442411118059,0.350982595023546,0.33615034634353774,0.02647662068553054
2401,AMGN,0.49910408435930176,0.35442118250605814,0.33242280998784196,0.06261139079744026
2402,AMGN,0.49700036099009104,0.3576147991072951,0.3302333633433565,0.0
2403,AMGN,0.4932586032409976,0.33282425447417097,0.3223293610697836,0.0
2404,AMGN,0.49311154951764546,0.34335493731357414,0.31861963335963245,0.0
2405,AMGN,0.49341791663550794,0.35206039658542065,0.3178123466463975,0.0
2406,AMGN,0.4927888398282976,0.3552654025245689,0.3179619262884973,0.0
2407,AMGN,0.4921597660129535,0.3582664450278574,0.31882637996509644,0.0
2408,AMGN,0.491314192767653,0.36243993102495,0.3205537064710746,0.0
2409,AMGN,0.49059933615930706,0.36949140137516173,0.3236855809911988,0.0
2410,AMGN,0.4902112711433477,0.3732515688504663,0.3271242679884945,0.0
2411,AMGN,0.4898027841460868,0.3762691156326326,0.33062410353297594,0.044731518714357585
2412,AMGN,0.48995265421299594,0.3847207045785854,0.3355214626274799,0.03264431990487147
2413,AMGN,0.48905806771392646,0.38702634524583274,0.340011557069487,0.030046227400816895
2414,AMGN,0.4882124914767596,0.38580081882295303,0.34329948505502156,0.029263457485918937
2415,AMGN,0.48860872678117273,0.38619966922642807,0.3460288129716078,0.04057122854418868
2416,AMGN,0.48917856513259705,0.3906421971815759,0.34931480891689903,0.04727209082241853
2417,AMGN,0.48939506406390887,0.3913487350864344,0.3521189521866798,0.047497247112546485
2418,AMGN,0.4898893408351932,0.3919810354068602,0.3545191892491836,0.0
2419,AMGN,0.49043262637244744,0.390498347857504,0.3560714098338714,0.0
2420,AMGN,0.4914620154006655,0.3990329891026515,0.35943128863757257,0.0
2421,AMGN,0.4922830742900932,0.40660762464511424,0.3639990426052094,0.0
2422,AMGN,0.49390069267240655,0.4207738366116985,0.37116897488803297,0.0
2423,AMGN,0.4980754552651452,0.43059135086796463,0.37934140272708317,0.0
2424,AMGN,0.49926415968245186,0.4359077537778004,0.38719875434415624,0.0
2425,AMGN,0.5010002400170057,0.44519520154618836,0.3957895672978806,0.0
2426,AMGN,0.5026137779922144,0.44651382191079914,0.4029894690114781,0.06945121672348345
2427,AMGN,0.5048134973889775,0.45312469505597486,0.41039005757026314,0.034453309973368235
2428,AMGN,0.5063575896575814,0.4521918048172823,0.41607900644266993,0.027412426516374842
2429,AMGN,0.5074645986700133,0.44965069835472044,0.41999952116086675,0.020685178735395625
2430,AMGN,0.5083714433443083,0.4428894039200484,0.4214579346312456,0.01665312210858866
2431,AMGN,0.5095438061874176,0.4396456355385117,0.42181963644512765,0.022836828532930866
2432,AMGN,0.5102844427111171,0.4379563534579526,0.42168975680359255,0.046422477633888834
2433,AMGN,0.5114159531146671,0.43579618568915235,0.42104974896299496,0.0
2434,AMGN,0.5126005756289351,0.4310712312615116,0.4193651173014723,0.0
2435,AMGN,0.5136687771424819,0.42699545776532677,0.4170058984106286,0.0
2436,AMGN,0.514604220568911,0.42607953290318223,0.41489121174093097,0.0
2437,AMGN,0.515948146504801,0.42645407247197814,0.41329241454138876,0.0
2438,AMGN,0.516977540020819,0.42313824077968426,0.4111904633573552,0.0
2439,AMGN,0.5172961613247513,0.4107771760511927,0.4064411694704288,0.03759494383405981
2440,AMGN,0.5173288349989016,0.40756862647146397,0.40184544589783106,0.03581902359567559
2441,AMGN,0.5175453304397024,0.407767061422281,0.39821811404625107,0.019938820814291797
2442,AMGN,0.5163729690925267,0.4016225984860649,0.3937913337004329,0.04598342286813933
2443,AMGN,0.515968561505082,0.4037732282233254,0.39078364643033936,0.02235151118569413
2444,AMGN,0.514723202108613,0.3945975590356594,0.3861003058358755,0.04314135241532892
2445,AMGN,0.5127420255865474,0.3853097407075171,0.3800486097358011,0.05976949624798151
2446,AMGN,0.5112918834075324,0.3783087024809166,0.37346975563753393,0.0
2447,AMGN,0.5103053777975046,0.3840252067644232,0.3696253776950411,0.0
2448,AMGN,0.5088858748234975,0.3786527292175206,0.3652165495555713,0.0
2449,AMGN,0.5076399793843014,0.37528616874123943,0.36085398389815615,0.0
2450,AMGN,0.5071130299361557,0.37624109803246175,0.35760092293452966,0.0
2451,AMGN,0.5063409843004982,0.3772402207060883,0.35524643351049773,0.0
2452,AMGN,0.5060795515252332,0.3849239954390216,0.35526977874146154,0.0
2453,AMGN,0.5056914865092743,0.38938800039283467,0.35639631863705273,0.0
2454,AMGN,0.5060019370261082,0.39768371161862576,0.3593563559351476,0.0477628611735568
2455,AMGN,0.506404300171523,0.4051506057755222,0.3635774977559242,0.024156279573750997
2456,AMGN,0.5062613273539207,0.40782636679956763,0.36761847376803947,0.02023293121827143
2457,AMGN,0.5058977737019683,0.4089170811108825,0.3711219448697184,0.02052493078203112
2458,AMGN,0.5060693447730595,0.4119561226200367,0.37467894219626785,0.018538981941761918
2459,AMGN,0.5075542080601214,0.41842985332515137,0.37913117163521043,0.030240072894348928
2460,AMGN,0.5083711870410879,0.4229089842580485,0.3838045728184933,0.03769538464785908
2461,AMGN,0.5089185669474903,0.4261374631490224,0.38834452822643073,0.0
2462,AMGN,0.5100582491354282,0.4283492373310983,0.3925254042090632,0.0
2463,AMGN,0.5096375079520965,0.4204303440598964,0.3939048171928945,0.0
2464,AMGN,0.5102497086383164,0.41397346049769257,0.39340589707697643,0.0
2465,AMGN,0.5115813868705139,0.4141159814018704,0.39304213140596095,0.0
2466,AMGN,0.5129008079247743,0.4140469791754517,0.39273399409814,0.0
2467,AMGN,0.5131704109884931,0.41381304004872876,0.3924294259227105,0.0
2468,AMGN,0.5148431754520222,0.4181069920933301,0.3932514318588752,0.0
2469,AMGN,0.5166201047356243,0.42295310880523407,0.3951117316986651,0.0
2470,AMGN,0.5201534934516645,0.44816037330069697,0.40285583684674736,0.06195808574936587
2471,AMGN,0.5231926507730607,0.46217458215126295,0.4125291263845698,0.032868948484944434
2472,AMGN,0.5258192411887337,0.47477468865098915,0.42339481564311104,0.019499941951893952
2473,AMGN,0.5290136280070241,0.4880020296111031,0.4353700898945588,0.02236400032366217
2474,AMGN,0.5311153019477608,0.490617142974668,0.4455993204919746,0.0202119987194236
2475,AMGN,0.5330923895857667,0.49127199533648863,0.4539452243163489,0.02659869761158429
2476,AMGN,0.5355555807147363,0.49271071962598173,0.46097900576774004,0.05352738991088736
2477,AMGN,0.5381208927203933,0.49293242115786406,0.4666610521674821,0.0
2478,AMGN,0.5403594096431528,0.4909170263854922,0.47070651449930195,0.0
2479,AMGN,0.5419259633486453,0.48550653488828655,0.47260012438812854,0.0
2480,AMGN,0.5438989730727681,0.4841591389751508,0.4737806195169875,0.0
2481,AMGN,0.5458066189933248,0.4814413884705212,0.47405053223793364,0.0
2482,AMGN,0.5480492262960781,0.48186570404646034,0.47437176781497176,0.0
2483,AMGN,0.5510516240511301,0.4798789606888665,0.47413569211306206,0.0
2484,AMGN,0.5538497770609401,0.4752572273449031,0.47279982326954506,0.0
2485,AMGN,0.5555552171931968,0.4647165006938757,0.4691151614421916,0.028671190900871425
2486,AMGN,0.5572912990236838,0.45602110102084453,0.4640094330872745,0.018030269448754077
2487,AMGN,0.5591111157146318,0.44942557155979124,0.4582879911661428,0.011003634163245346
2488,AMGN,0.5606423030662269,0.4453123496349858,0.45269003022597754,0.010700728591682586
2489,AMGN,0.5619760247431653,0.4411974129818351,0.447190428514313,0.014132427079265568
2490,AMGN,0.5616533644196129,0.44186103985872976,0.44295544412494514,0.02049766576252344
2491,AMGN,0.5617105589320128,0.44068849540932786,0.4392764579568059,0.0421869008292084
2492,AMGN,0.5615389903541437,0.43924363364512503,0.435974687449856,0.0
2493,AMGN,0.560795540478753,0.4358938443818446,0.4325019301291133,0.0
2494,AMGN,0.560411811435126,0.42987533784439,0.4282300688991118,0.0
2495,AMGN,0.5600607560656488,0.4247997260105113,0.4235529293951979,0.0
2496,AMGN,0.5599708903723202,0.42523663031106423,0.41991964742525306,0.0
2497,AMGN,0.5600403335857025,0.42710769818965133,0.4174773780103264,0.0
2498,AMGN,0.5597952398914128,0.42384667585660624,0.41471425148067464,0.0
2499,AMGN,0.5612862240384544,0.43637265574524825,0.41561241135940924,0.04755863738227668
2500,AMGN,0.561956141816403,0.44105497973655516,0.41749298475426866,0.03240632267007215
2501,AMGN,0.5627323067534293,0.4446632368582818,0.4198929301835064,0.0214992594468895
2502,AMGN,0.5633082814228101,0.4483702653826823,0.4227328860384676,0.03205434006339557
2503,AMGN,0.5640558117053058,0.45113051578881597,0.42568988160599774,0.022654592660608555
2504,AMGN,0.5647992655698517,0.4505129419530136,0.42790221038928306,0.028210148216164112
2505,AMGN,0.5664066707176145,0.45242266139753196,0.4301460220096785,0.04963376922183875
2506,AMGN,0.5679875235498515,0.45334442135282527,0.43216983099939177,0.0
2507,AMGN,0.5696602920025353,0.45527504518835255,0.4342680147756319,0.0
2508,AMGN,0.571495058052522,0.4594686359609383,0.43698731490578213,0.0
2509,AMGN,0.5732821960828756,0.46120268211721493,0.43959310552010616,0.0
2510,AMGN,0.5743075037066991,0.4582570857763163,0.44094670851527895,0.0
2511,AMGN,0.5754471878892149,0.4552655859433673,0.4412871692205501,0.0
2512,AMGN,0.576713505309713,0.4535532540844711,0.4411345762654632,0.0
2513,AMGN,0.5783474632716463,0.4536739591283888,0.4410424581266338,0.0
2514,AMGN,0.5787434529837205,0.43723080143400067,0.43688794876671005,0.0
2515,AMGN,0.5809020693621418,0.4423294884822358,0.4348297185379839,0.03192980049041855
2516,AMGN,0.5828546461347854,0.44838410918774185,0.43468575243715385,0.01901181015103062
2517,AMGN,0.5843803553790288,0.44993048149230325,0.4349543537183391,0.016641160680675608
2518,AMGN,0.5863859978884607,0.4511719523911045,0.43547733936482147,0.01321966458748905
2519,AMGN,0.5868843555654952,0.4511577548607865,0.4358922043804017,0.010688767163769538
2520,AMGN,0.5878116346872022,0.4503303843423002,0.43601876199419987,0.01603833989452835
2521,AMGN,0.588857329387221,0.450754081568562,0.43622516002530276,0.050887608312488786
2522,AMGN,0.589984755893155,0.4527510550410079,0.4368858814937488,0.0
2523,AMGN,0.5909978153146418,0.4529260611046037,0.43745789116220524,0.0
2524,AMGN,0.5917861970394083,0.44791388494600387,0.4366715916576633,0.0
2525,AMGN,0.5925051430304582,0.44568431368446565,0.43548922357054853,0.0
2526,AMGN,0.5934283292789511,0.44557485145544434,0.4345161630845793,0.0
2527,AMGN,0.5937183568171935,0.4401673675308993,0.4323957011297729,0.0
2528,AMGN,0.5932281694286141,0.430627934286597,0.42833186288645714,0.0
2529,AMGN,0.5935345365464761,0.43025792469142743,0.424988964391212,0.0
2530,AMGN,0.5937918794403925,0.42550402465928483,0.42113483657039125,0.02684425869050509
2531,AMGN,0.5937224357283655,0.41805295950580723,0.4162023507272686,0.0199762882281959
2532,AMGN,0.5936489106119454,0.4132280768469853,0.411058936767185,0.0190906148525754
2533,AMGN,0.5935100216919591,0.4106864406448608,0.40631342975017226,0.020383856293997825
2534,AMGN,0.5952134218699854,0.4119056225484673,0.4028195971403712,0.01302757812747364
2535,AMGN,0.595070460521204,0.4118300266821792,0.40000576989123793,0.017563070146738576
2536,AMGN,0.5948294532177525,0.4131533727620547,0.3980831322567607,0.042359286113837616
2537,AMGN,0.594811070193392,0.41372159441619183,0.3966860417396215,0.0
2538,AMGN,0.594737582973945,0.4140333142263703,0.3956457310379185,0.0
2539,AMGN,0.5946967360194746,0.4140551159520604,0.3948188931651586,0.0
2540,AMGN,0.5944638940180327,0.41167175558679986,0.3935659274529002,0.0
2541,AMGN,0.5942841621327308,0.41187211218834574,0.3926132787992568,0.0
2542,AMGN,0.5939655403301534,0.4126853200081351,0.39205297941781236,0.0
2543,AMGN,0.5934304190976207,0.41012629134391576,0.39096964765326864,0.0
2544,AMGN,0.5928128646859085,0.4025980982141637,0.3882346572592938,0.0
2545,AMGN,0.5922899981380896,0.39990352554982755,0.38537793377067825,0.0
2546,AMGN,0.5958193443439983,0.442311191543873,0.3936171656604379,0.12810706885208992
2547,AMGN,0.6006395208303452,0.4837457098917577,0.4104916489124762,0.07728120261603465
2548,AMGN,0.605974396069278,0.5157896251870531,0.43194380081713785,0.047738938317730704
2549,AMGN,0.6102267766516531,0.5357128217379921,0.4540500030685306,0.034161486312960204
2550,AMGN,0.6145976191862679,0.5468947317947533,0.4745100586470294,0.03257870795470137
2551,AMGN,0.6185599722303992,0.5462754811132322,0.4907244192844169,0.043585684281628304
2552,AMGN,0.6228817855546236,0.5490995453769434,0.504396775814672,0.07481257497880364
2553,AMGN,0.6273179839144931,0.5521980027985111,0.5161036271516812,0.0
2554,AMGN,0.6313885826844481,0.5524016058980471,0.5255196378438405,0.0
2555,AMGN,0.6357716704295342,0.5531958322267285,0.533249555168017,0.0
2556,AMGN,0.6398198027761559,0.550088206860609,0.5386622476408521,0.0
2557,AMGN,0.643896527891179,0.5459232527077921,0.5419587554626136,0.0
2558,AMGN,0.6479691681112971,0.5409773709204171,0.5433685072241315,0.0
2559,AMGN,0.6521275911244162,0.5363300419561045,0.5433429481050589,0.0
2560,AMGN,0.6572541342299814,0.5390153088650452,0.543988922508043,0.0
2561,AMGN,0.6619231691062049,0.5369530502332417,0.5439938967067043,0.0
2562,AMGN,0.6672212748059061,0.5411441096285363,0.5450380009449691,0.09339482914507453
2563,AMGN,0.6726541800428891,0.5411767523836803,0.5458813855192084,0.05761045850967644
2564,AMGN,0.6782553112249414,0.53594416514591,0.5452574849614484,0.04091037020619391
2565,AMGN,0.6839700752076472,0.5347163890786779,0.5444536586370048,0.023888730575872392
2566,AMGN,0.6862290215913749,0.5406116037248555,0.5452736547293953,0.0375799920491685
2567,AMGN,0.6868580988972299,0.5352814633353288,0.5446068329298898,0.03590451262458355
2568,AMGN,0.6873033509459234,0.5281774852047142,0.5423103309473699,0.0643262725727976
2569,AMGN,0.6882183624181617,0.5221987040824585,0.5389893329254594,0.0
2570,AMGN,0.6888188424678163,0.5099531008207397,0.5332934564578113,0.0
2571,AMGN,0.6911758223401052,0.5097614847548027,0.5286892005681273,0.0
2572,AMGN,0.6927199151073542,0.5048392047662267,0.5237841987859777,0.0
2573,AMGN,0.6935328091934161,0.4947294092146258,0.5173511778292956,0.0
2574,AMGN,0.6942109017476179,0.4838304335245651,0.5094998851112889,0.0
2575,AMGN,0.695248465053445,0.480465216607244,0.5023836812315825,0.0
2576,AMGN,0.6967476214835191,0.47975286185277877,0.49651392800552413,0.0
2577,AMGN,0.6989861438913674,0.48599503447531245,0.4933672895937882,0.0
2578,AMGN,0.7006078476672299,0.48343792558174364,0.490215363048084,0.06240382484247855
2579,AMGN,0.7032426023876255,0.49190777084472664,0.4897958432698763,0.05882735789647736
2580,AMGN,0.7045599785012113,0.4916050711818586,0.489385104329115,0.05471262669438903
2581,AMGN,0.7056833295864844,0.4857138638497547,0.4875944505480626,0.049073868853497134
2582,AMGN,0.7066605230123879,0.48596110076567733,0.4862232860588765,0.03545525546443762
2583,AMGN,0.7081188334852793,0.48856206800148444,0.4857718549191168,0.025827009607841067
2584,AMGN,0.7094423354452899,0.48453208017477445,0.4844105593994014,0.07767768877068183
2585,AMGN,0.7105493459536549,0.48256931515200135,0.48283440969318797,0.0
2586,AMGN,0.710974178514268,0.48135181849527897,0.4812713351640574,0.0
2587,AMGN,0.7119300399328439,0.47667546606748434,0.47886031205407176,0.0
2588,AMGN,0.7133720068369609,0.4758330838202248,0.476722433600417,0.0
2589,AMGN,0.7147159372606509,0.47433180639250794,0.4746395481904645,0.0
2590,AMGN,0.7166399227608271,0.4722033050135057,0.4724449946072608,0.0
2591,AMGN,0.7174405621621744,0.4686255137874201,0.469801425964342,0.0
2592,AMGN,0.7182575411431404,0.4616898390338254,0.465965295547614,0.0
2593,AMGN,0.7194544153502567,0.45446555545989514,0.46110348961778624,0.0
2594,AMGN,0.7203612615204849,0.4432543534229072,0.45443168149844376,0.04844941195509539
2595,AMGN,0.7206717175224076,0.4338725671744894,0.44676589069447714,0.03388584576090513
2596,AMGN,0.7199609428171003,0.41830193108522845,0.4367689830659134,0.031740352580678075
2597,AMGN,0.7195769661865565,0.417019472921316,0.42845318024178997,0.026454105056517747
2598,AMGN,0.7199813667929797,0.41759433041984584,0.42194320443741307,0.029412447624777044
2599,AMGN,0.7191480447418832,0.4163298401482133,0.41642140629166385,0.022450192965976775
2600,AMGN,0.7190357126252223,0.41679866553674416,0.412120319490629,0.03767128588868132
2601,AMGN,0.7193339049668315,0.4166558334870247,0.4086440024088904,0.0
2602,AMGN,0.7191083351952834,0.41671863227286,0.4058785339627433,0.0
2603,AMGN,0.7191614408236235,0.42287731253083977,0.40519460248376876,0.0
2604,AMGN,0.7198967209092046,0.4295143483393022,0.40629461746185386,0.0
2605,AMGN,0.7194024486257202,0.4236828189485056,0.40572737751304305,0.0
2606,AMGN,0.7187692899154712,0.4186534637193717,0.40402541486313936,0.0
2607,AMGN,0.719034808084285,0.4210994248455394,0.40327087623126245,0.0
2608,AMGN,0.7183322061606536,0.4163503234393482,0.4014886272101089,0.0
2609,AMGN,0.7177439812943578,0.41366173071638196,0.39939558090413324,0.0
2610,AMGN,0.717601003988956,0.41594878014472747,0.3982887371063879,0.07524652854735495
2611,AMGN,0.7177766604535969,0.41980237516894825,0.3983596360255916,0.032033407564547735
2612,AMGN,0.7187978811879385,0.4280844902655836,0.40047178629495467,0.04084071247893557
2613,AMGN,0.7206054516711267,0.44138603525460696,0.40546264509421687,0.04503776644960193
2614,AMGN,0.7233709210338986,0.4564187544938981,0.41318610848635734,0.05296643412243577
2615,AMGN,0.7266755995159748,0.4730850354016473,0.42350106811631605,0.051944259745925196
2616,AMGN,0.7311403866550901,0.48960273667521603,0.43585235067689476,0.10188480441306329
2617,AMGN,0.7344940818814472,0.5010333912822608,0.4485702031986902,0.0
2618,AMGN,0.7376762185028225,0.5088178566591685,0.4606764110962368,0.0
2619,AMGN,0.7406949618212266,0.5104543065104864,0.4707675067585759,0.0
2620,AMGN,0.7437668027896605,0.5126783599948328,0.4793923423861014,0.0
2621,AMGN,0.7466548234873769,0.510896498938578,0.48584999381570076,0.0
2622,AMGN,0.7497348342456207,0.5106081548541369,0.4909445545667088,0.0
2623,AMGN,0.7520019509178031,0.5069241845950543,0.4941059261888815,0.0
2624,AMGN,0.7536391767956596,0.49830739180349815,0.4944965330198321,0.0
2625,AMGN,0.7557469800733312,0.4846600624850651,0.4914220641559265,0.09291549251179432
2626,AMGN,0.757842126758904,0.4726800144826474,0.48598931574329274,0.04661157373692598
2627,AMGN,0.759631312721798,0.46586623449287085,0.4799520929972429,0.038167333340369466
2628,AMGN,0.761318376312071,0.4522846528529508,0.47175167753855224,0.03959478903911035
2629,AMGN,0.7630626254391464,0.44286430562763035,0.46285343091248965,0.022916336847882298
2630,AMGN,0.7648150488438303,0.43962984519854326,0.45493211466967043,0.03620407603246472
2631,AMGN,0.7659874116869396,0.43282394947970054,0.44690599435480394,0.09886946915886535
2632,AMGN,0.7666328280737691,0.42709779317768104,0.4390639973570272,0.0
2633,AMGN,0.7664959796066579,0.4212580507384238,0.4313411095371489,0.0
2634,AMGN,0.765862825882853,0.41633529620967946,0.42394108444085093,0.0
2635,AMGN,0.7649028730869953,0.4144075504785396,0.4175426420588835,0.0
2636,AMGN,0.7635303543827043,0.4127132217534957,0.41200339459918095,0.0
2637,AMGN,0.7621700843793953,0.4108794672343614,0.4071169007909526,0.0
2638,AMGN,0.7611937944971401,0.4133129131490702,0.40381163124379094,0.0
2639,AMGN,0.7595761761148263,0.4051412292622765,0.3991393909671688,0.0
2640,AMGN,0.7581382931083254,0.4027598567641826,0.3948105966748877,0.0
2641,AMGN,0.7563817932856911,0.39529173380534877,0.3894941442982865,0.04538939724957519
2642,AMGN,0.7542045487892151,0.38746752818095265,0.3832991938983482,0.04096296530834098
2643,AMGN,0.7520640628617943,0.37966695986897997,0.37640731131889693,0.027666958666230427
2644,AMGN,0.7507965154850251,0.3784003831305648,0.3705794699398563,0.031238148511681742
2645,AMGN,0.7496997222003663,0.3736632063099341,0.36474153812978655,0.03773513880533479
2646,AMGN,0.7486809418317066,0.3707444749540264,0.3593468304589511,0.04704851766245554
2647,AMGN,0.7471164201021341,0.36648677899538434,0.3539744017752899,0.07208431399451885
2648,AMGN,0.7462749297571607,0.3635985512128247,0.348959666893319,0.0
2649,AMGN,0.7458378469996325,0.3677943224507369,0.34598917323841627,0.0
2650,AMGN,0.7443264383780659,0.3648528149695013,0.3428827635794559,0.0
2651,AMGN,0.7432398523442263,0.3635694753347587,0.3400791403701592,0.0
2652,AMGN,0.7421859494587788,0.3633009854199283,0.33776960875987366,0.0
2653,AMGN,0.7413608006880028,0.36485549826444974,0.3363077779289247,0.0
2654,AMGN,0.7406418591847519,0.3674789634227741,0.3357893971844524,0.0
2655,AMGN,0.7392529949171092,0.3650172408153964,0.33476374946245846,0.0
2656,AMGN,0.7370471541617216,0.354927158851737,0.3314391042145762,0.07343067824814334
2657,AMGN,0.7344205627487592,0.3427757568049613,0.3257636885485291,0.039068838017639586
2658,AMGN,0.7311363102371402,0.331026838900639,0.3183075438868349,0.028854130386600386
2659,AMGN,0.7295064321836682,0.3299753206585262,0.31208166543146215,0.028272593906004284
2660,AMGN,0.7278193685933951,0.33343122917210666,0.30795863994792944,0.01872913346490904
2661,AMGN,0.7266347390981056,0.3365787293935445,0.3054413569727343,0.029956516691469037
2662,AMGN,0.7258259254191488,0.3416692848486381,0.3046908897767561,0.05813042881719068
2663,AMGN,0.7252540411297614,0.3469857731587348,0.30540994656019393,0.0
2664,AMGN,0.7242757132878532,0.35211977804218536,0.3072593343233432,0.0
2665,AMGN,0.7236813625751335,0.3567106934465425,0.30987820450961445,0.0
2666,AMGN,0.7239530115768154,0.37034619864967366,0.3153573205128981,0.0
2667,AMGN,0.7244432039518394,0.3813474238113534,0.32247086524339896,0.0
2668,AMGN,0.7234628291746801,0.37487229401798877,0.3265547222284612,0.0
2669,AMGN,0.7221556628051333,0.37271322913854027,0.3292859774009995,0.0
2670,AMGN,0.7227479725663342,0.3845929423098258,0.33441925405521034,0.0
2671,AMGN,0.7226376804039032,0.387352075883441,0.33921062908990784,0.0
2672,AMGN,0.7222332768056137,0.3869052508735254,0.3429328373918067,0.03896012974631219
2673,AMGN,0.722143408619063,0.391339037818378,0.34701096832694384,0.027237578584822356
2674,AMGN,0.7218125291399051,0.39339713093177037,0.3507842446125871,0.023035775223661112
2675,AMGN,0.7223374421243314,0.3991430991533604,0.3552288832513169,0.018591577043908996
2676,AMGN,0.7236691093863521,0.40352803566594186,0.35987283489832184,0.019047342628066434
2677,AMGN,0.7253970244188954,0.40630577227409886,0.36427736677403083,0.028288249304302245
2678,AMGN,0.727925575362276,0.4138989161099348,0.36968543653346353,0.05336151305026966
2679,AMGN,0.7303560928170953,0.4260322325421818,0.3770231033737624,0.0
2680,AMGN,0.731961458509272,0.4300977661737664,0.3839022091079395,0.0
2681,AMGN,0.7336689495659363,0.4336888454655139,0.3902967172649608,0.0
2682,AMGN,0.7347922956647652,0.4319139184396735,0.39497182758557187,0.0
2683,AMGN,0.7359074719737841,0.43073763587242675,0.3984199894702474,0.0
2684,AMGN,0.7371697044993777,0.43136752412261675,0.40133484280412113,0.0
2685,AMGN,0.7379417496363909,0.4264023006723639,0.40243447081792943,0.0
2686,AMGN,0.7380438720090114,0.424753571566176,0.40290499645506633,0.0
2687,AMGN,0.7374331822153168,0.41570857412418694,0.4010366559185585,0.06429197141922342
2688,AMGN,0.7383502446119623,0.4091064621067499,0.3979034906125376,0.037730917124894896
2689,AMGN,0.7383461592184135,0.39682857625788714,0.3923498685194158,0.026093327282258036
2690,AMGN,0.7372779606967326,0.38938193359099943,0.3860588848182568,0.02423913005238402
2691,AMGN,0.7361791299510658,0.3766245466259132,0.3778600068225433,0.02688348513792582
2692,AMGN,0.7357379543203222,0.371017939523809,0.3699094730513406,0.023830154759768792
2693,AMGN,0.7352069229691383,0.3706509091072842,0.3634579574976402,0.0466330339458288
2694,AMGN,0.7350271905851917,0.3728557371465793,0.3588439328375356,0.0
2695,AMGN,0.7348658332472957,0.3791428417732413,0.3567130283721083,0.0
2696,AMGN,0.7341877466768261,0.37877804973695445,0.3549177717776978,0.0
2697,AMGN,0.7334197859360736,0.3771770422802875,0.35308423314785065,0.0
2698,AMGN,0.7317735693002709,0.3724906666073721,0.35045435121759394,0.0
2699,AMGN,0.7300946774943844,0.3751335965003016,0.3490063602946564,0.0
2700,AMGN,0.7285424174305479,0.3736674259905551,0.3474840976416382,0.0
2701,AMGN,0.7275865520228173,0.37980202977971383,0.347788755569458,0.0
2702,AMGN,0.7255563592551151,0.36940352721339637,0.34545181191710445,0.0
2703,AMGN,0.7242573591848682,0.3698267598101954,0.343687293624903,0.05688520899077211
2704,AMGN,0.7228848389846436,0.37163542924621673,0.3427245492889506,0.03105591263935943
2705,AMGN,0.7224150760705879,0.37771141566922545,0.3434622743837036,0.026416109932558655
2706,AMGN,0.7211710206292192,0.377174037130343,0.3439190894233196,0.02784145479107959
2707,AMGN,0.720482554775614,0.37534981780715704,0.3438318120316258,0.02403701710132385
2708,AMGN,0.7199372123302199,0.37636107719357964,0.34401296151907246,0.02989160835470559
2709,AMGN,0.7204437353092641,0.3814169049983565,0.34541262168638587,0.053383852775930794
2710,AMGN,0.7211442932895094,0.3897547799078676,0.348601619261731,0.0
2711,AMGN,0.7225168119938004,0.39638425961149076,0.35279810223124297,0.0
2712,AMGN,0.7234522589107395,0.4011726897223512,0.35734366720555677,0.0
2713,AMGN,0.7236973481172297,0.40138963445955633,0.3610339598962278,0.0
2714,AMGN,0.7235053580567032,0.3991326944119205,0.3634260732598894,0.0
2715,AMGN,0.7231009534611248,0.39940418807727357,0.3654071424556981,0.0
2716,AMGN,0.7232194154133653,0.3995611872809429,0.36703096141614316,0.0
2717,AMGN,0.7229743217190756,0.3943317238751298,0.3670321836308387,0.0
2718,AMGN,0.7222124848301683,0.3812052809569245,0.3637754791393149,0.056139026973019944
2719,AMGN,0.7213219742504045,0.37579122278401533,0.35982647040230814,0.030804370846482108
2720,AMGN,0.721164701807413,0.37566999351662406,0.35663717708721215,0.028334863692492798
2721,AMGN,0.7207439516484828,0.3800812457398713,0.3551805141273656,0.03424292956477993
2722,AMGN,0.7224447025288248,0.3905064268434776,0.3566024747555586,0.028224748194352094
2723,AMGN,0.7235190318833733,0.4004557372019976,0.36020923404260713,0.033280738231186255
2724,AMGN,0.7240582285365678,0.40378481041877257,0.3639208411395151,0.058538348689695936
2725,AMGN,0.7241562660142837,0.40607397281355867,0.36745824445391634,0.0
2726,AMGN,0.724505729471494,0.40487476591255606,0.36999055143943066,0.0
2727,AMGN,0.7252942732556895,0.40680625992900554,0.3724957495712713,0.0
2728,AMGN,0.7262174649892699,0.4118090915128869,0.3757414962067912,0.0
2729,AMGN,0.7267566756045074,0.415574314347656,0.37927253552074947,0.0
2730,AMGN,0.7271651650949909,0.4211452825567245,0.3834799535901697,0.0
2731,AMGN,0.7277901540154303,0.4275124039181668,0.38842606162788446,0.0
2732,AMGN,0.7282925960887248,0.43045950485181106,0.39311435095977565,0.0
2733,AMGN,0.7283354864879366,0.4240961454066616,0.39528574246450765,0.09958187773309833
2734,AMGN,0.7296303991700577,0.4295129233008176,0.39836717578455616,0.029239006920037853
2735,AMGN,0.7304391629845739,0.4303684279795384,0.40104463909297283,0.023869908917244508
2736,AMGN,0.7315747592803179,0.4340466538220751,0.40409946108582,0.0213933656291887
2737,AMGN,0.7339868852338216,0.44452716738650505,0.4091443419246783,0.04602458425242834
2738,AMGN,0.7369749868539954,0.4491580335620785,0.4143295214372276,0.054963640777211366
2739,AMGN,0.739458609937155,0.4516084501296044,0.41908580227373576,0.06017337034339852
2740,AMGN,0.7415807168293709,0.4530057299161511,0.42323759975914527,0.0
2741,AMGN,0.7433739916763256,0.4542879388896872,0.42687725262540555,0.0
2742,AMGN,0.7446838083408451,0.4563621093573525,0.43030373648677145,0.0
2743,AMGN,0.745974636626705,0.4588196183597815,0.4336548209821113,0.0
2744,AMGN,0.7476902974731789,0.46005491009116123,0.436642259672195,0.0
2745,AMGN,0.7494304627026374,0.46031854678988415,0.43909763921011197,0.0
2746,AMGN,0.7510685055594748,0.455846683538786,0.43995212888035795,0.0
2747,AMGN,0.7526003411487872,0.45352301839851966,0.4400590401890835,0.0
2748,AMGN,0.7543976949069138,0.45743524012795744,0.44111549299792574,0.0
2749,AMGN,0.75689357068021,0.4671280267375769,0.4443661827147548,0.11852068799318902
2750,AMGN,0.7577616108474872,0.4597390430902284,0.44513295810861336,0.05286001259467998
2751,AMGN,0.7583375820263574,0.45245940359471165,0.443939738756321,0.03055159773014315
2752,AMGN,0.7589605280007001,0.4449213516919304,0.4411143915706526,0.024692608892969845
2753,AMGN,0.7608089404519149,0.44298871151437086,0.4383744768277722,0.021085182957076065
2754,AMGN,0.7615891568746709,0.4404951843595441,0.4355637087473617,0.02319848582394889
2755,AMGN,0.7633130328875946,0.4448925297855524,0.4344064146269443,0.06292660960361939
2756,AMGN,0.7645385058468435,0.4459701386285507,0.43374801714574923,0.0
2757,AMGN,0.766223529482887,0.45908115564150354,0.43647515306796436,0.0
2758,AMGN,0.767714519115017,0.463578769466704,0.43977306646809156,0.0
2759,AMGN,0.7690339366787668,0.4639669218953348,0.4425077277242021,0.0
2760,AMGN,0.7699898020864975,0.45980724499545195,0.4436631202658031,0.0
2761,AMGN,0.7708721393859412,0.4558895781826316,0.4436151591923324,0.0
2762,AMGN,0.7715910808891921,0.4521634648186163,0.4426520544022329,0.0
2763,AMGN,0.7723345317618717,0.4503806479191036,0.44143911627934423,0.0
2764,AMGN,0.7732454633256491,0.450140673741345,0.44040920969052194,0.0
2765,AMGN,0.7741716329635717,0.4495207489880901,0.4394314333048986,0.04961987285705742
2766,AMGN,0.7748742383777141,0.4421426642994932,0.4368181406885441,0.04033428672949935
2767,AMGN,0.7754951379154491,0.43684410541166196,0.43341252572688915,0.028650962015430242
2768,AMGN,0.775538029810594,0.4325734513682875,0.42962815531095183,0.022048253807428045
2769,AMGN,0.7748558468763984,0.42855892257784844,0.4256043449487627,0.01936467227446552
2770,AMGN,0.7755441506705738,0.425196479558416,0.4215508153715864,0.03410185507674663
2771,AMGN,0.7763161893252102,0.4223405053183217,0.41759920436476516,0.05432458390062164
2772,AMGN,0.777073937828701,0.4184621415084036,0.4134753945570194,0.0
2773,AMGN,0.777167893902023,0.4127593665339409,0.40876104867451934,0.0
2774,AMGN,0.7774579189470439,0.4097061272059823,0.4042318279501116,0.0
2775,AMGN,0.777441574380981,0.41081319537631567,0.4008832003155364,0.0
2776,AMGN,0.777535526963792,0.410854309251592,0.3982145017293556,0.0
2777,AMGN,0.776587831345871,0.41266458875015155,0.39652881273883755,0.0
2778,AMGN,0.7763509074413903,0.416267350399803,0.3960743844095652,0.0
2779,AMGN,0.7757790221547141,0.4129920569984256,0.39489798899638157,0.0
2780,AMGN,0.7746822263768336,0.40105592754118813,0.3909945989205895,0.04821493278732933
2781,AMGN,0.77385299470573,0.3945121053358351,0.3862478601784493,0.04178619299412131
2782,AMGN,0.7728767003356753,0.38789060413602355,0.38080716435727335,0.026508810998884774
2783,AMGN,0.7714919179710709,0.3803016539330102,0.37457120420501205,0.021073221529163015
2784,AMGN,0.7696782281238357,0.37182775990589145,0.36747940981439,0.022959609072391265
2785,AMGN,0.7678595099464962,0.3655966496551875,0.3602595555599109,0.03508304397231985
2786,AMGN,0.766205120030373,0.35649653928648206,0.35222523334493355,0.06055173845282448
2787,AMGN,0.764456789498904,0.3498428328017016,0.34414647813193056,0.0
2788,AMGN,0.7626492230048711,0.3448826989450839,0.3364524824287201,0.0
2789,AMGN,0.7609008884842474,0.3419464845132783,0.329568584744661,0.0
2790,AMGN,0.7591402997775534,0.340287812116378,0.3236498221266576,0.0
2791,AMGN,0.7581149966415288,0.3474206144481377,0.3206850100812199,0.0
2792,AMGN,0.75639117099169,0.34492001161178315,0.3176925681367889,0.0
2793,AMGN,0.7551248535711914,0.34591731931970654,0.31554612349522637,0.0
2794,AMGN,0.7535685086124504,0.3458433680244403,0.3138106147655165,0.0
2795,AMGN,0.7520734370772812,0.3506529374929351,0.313615832684486,0.0
2796,AMGN,0.7509460020943921,0.35812354000427393,0.3153140393305363,0.06710871178939444
2797,AMGN,0.7494550104676847,0.36255513207753076,0.3177724242241729,0.023721094681738067
2798,AMGN,0.7475922993883697,0.36489691452430234,0.32032030886676427,0.02651004232234641
2799,AMGN,0.746930546413787,0.37377328470771143,0.32456152820655254,0.0348869117352162
2800,AMGN,0.7475820876497519,0.3855331224515719,0.3308730258611213,0.028629501806527423
2801,AMGN,0.7479354270698653,0.39461416789804604,0.33817593131945645,0.03368127016292168
2802,AMGN,0.748940320192053,0.40704421296485316,0.3471031079647073,0.06593543643380581
2803,AMGN,0.7501984708146079,0.4168108355075279,0.3566687011368664,0.0
2804,AMGN,0.7517343878083143,0.424422178742122,0.36621013660708557,0.0
2805,AMGN,0.7532519252681706,0.4300019656615109,0.37522806020328386,0.0
2806,AMGN,0.7539545311809568,0.4209025724201626,0.38018413824342123,0.0
2807,AMGN,0.7554904516651741,0.4222264935585836,0.3844775675567107,0.0
2808,AMGN,0.7573490788468731,0.42606516091475827,0.3888649802596878,0.0
2809,AMGN,0.7594119507738135,0.4312325063654721,0.39365732712306967,0.0
2810,AMGN,0.760845748885409,0.428329261484977,0.3967706857792301,0.0
2811,AMGN,0.7620875569364784,0.4314766856925209,0.4000424912508832,0.0
2812,AMGN,0.764275013670217,0.4347810517670672,0.40348000354908203,0.05624105091698417
2813,AMGN,0.766431836185391,0.43898212039512297,0.40727262232912814,0.0414769549018987
2814,AMGN,0.7689195356865008,0.44381648679788777,0.4115064962866217,0.024641245114284407
2815,AMGN,0.7707597828357056,0.44458697097903216,0.41508481196623664,0.024743972671655286
2816,AMGN,0.7725285493105192,0.44707535282530575,0.4185650238483866,0.026899668246278763
2817,AMGN,0.7744566202042447,0.4482550854304888,0.4216419759462579,0.03027173549764817
2818,AMGN,0.7766992235178427,0.45036043561906247,0.4246260372849769,0.07847769721404271
2819,AMGN,0.7780308992568181,0.44855525991578626,0.4265652831225314,0.0
2820,AMGN,0.7792318593561278,0.44972771548971535,0.4284076563923647,0.0
2821,AMGN,0.7803776743715103,0.44920578301993425,0.4297520233323592,0.0
2822,AMGN,0.7811987337595827,0.4500951741406417,0.43104824337492814,0.0
2823,AMGN,0.7819748637915005,0.4498596963965348,0.43202677923024224,0.0
2824,AMGN,0.7825753433425104,0.4474218521926448,0.4322045908605102,0.0
2825,AMGN,0.7832738603712373,0.4458910724354373,0.43196693571573425,0.0
2826,AMGN,0.7851284026580312,0.44312413749701274,0.4310901217686528,0.0
2827,AMGN,0.7857779009478993,0.4365592451811852,0.4287594148110058,0.0
2828,AMGN,0.7865233997531194,0.4350574215541469,0.42652213104370734,0.05051152694663444
2829,AMGN,0.787230086073011,0.435532420182702,0.4248501878021112,0.031144919735300636
2830,AMGN,0.7883248389047952,0.4329604790640585,0.4228743363742222,0.029673840005347462
2831,AMGN,0.7887496654816757,0.42931163326664507,0.42038809533958166,0.024069559221381404
2832,AMGN,0.7893889525315707,0.4295578177184128,0.418460199850045,0.03428954395297048
2833,AMGN,0.7901446605821869,0.4326394038041492,0.41768266249237257,0.040903861782182395
2834,AMGN,0.7909738937492232,0.437437557789483,0.4182514244477037,0.08747744039514929
2835,AMGN,0.7919726485588772,0.44002445595894113,0.41934844284376477,0.0
2836,AMGN,0.7927406058091195,0.44157531085424406,0.4206109441987403,0.0
2837,AMGN,0.7929407701472555,0.436147780178688,0.42027395657257705,0.0
2838,AMGN,0.7936556297474677,0.4385948314881757,0.42061166851820453,0.0
2839,AMGN,0.7946891081583902,0.44052212683555747,0.4213601486047101,0.0
2840,AMGN,0.7950690033845405,0.43787820966091207,0.42130277303195407,0.0
2841,AMGN,0.7957348412540282,0.4374903745239934,0.4211606207822708,0.0
2842,AMGN,0.7962209437477026,0.4367394763323626,0.42086054326257416,0.0
2843,AMGN,0.7959881032421938,0.4278556166649075,0.4184157109028267,0.04884554630303926
2844,AMGN,0.7962536268960965,0.42410237344505347,0.41552837607532556,0.04634050667201413
2845,AMGN,0.7965824664210239,0.42246863068462776,0.4128130507069334,0.06280365316080733
2846,AMGN,0.7973647272858102,0.42462778029380194,0.4111766418557071,0.029196086502232214
2847,AMGN,0.7985575205871767,0.4264246334640026,0.4103134525461968,0.04443424205004802
2848,AMGN,0.7994398469164437,0.4283440686313221,0.4100992609120625,0.04200747941051269
2849,AMGN,0.8004202192003818,0.4326009676001698,0.4109843723571487,0.08232399990149412
2850,AMGN,0.8016170924102086,0.4352886488970803,0.41235948240721415,0.0
2851,AMGN,0.8034226184513664,0.4420965985724303,0.41514914751280435,0.0
2852,AMGN,0.8045623076203259,0.4434294186510432,0.4177116549914406,0.0
2853,AMGN,0.8052363147809789,0.4423362787004087,0.4194903686942814,0.0
2854,AMGN,0.8058817301705199,0.4434542467137571,0.4211907936927079,0.0
2855,AMGN,0.807135792906303,0.44945172523157,0.4240395703923611,0.0
2856,AMGN,0.8078874135687926,0.4483149855320601,0.42603647901368724,0.0
2857,AMGN,0.8092926174160553,0.4475372032716407,0.42744097818113,0.0
2858,AMGN,0.8105671046263625,0.45213098204720537,0.429704648113939,0.0
2859,AMGN,0.8108544394848591,0.44526675034907726,0.42981203908662563,0.05705900150221462
2860,AMGN,0.8109238851914631,0.43340311484098937,0.42695366945608687,0.033824807297878255
2861,AMGN,0.8112874438298592,0.4289173557009161,0.42355371115043006,0.027473289076050053
2862,AMGN,0.8115427467695455,0.42392188267033004,0.41959398260012093,0.028951229036718065
2863,AMGN,0.8126109427980039,0.42035613293606433,0.4155412624057864,0.033513634268787354
2864,AMGN,0.8132726937780093,0.4166061988588606,0.4113684385639731,0.06401721038392666
2865,AMGN,0.8138180237572934,0.41384347055671633,0.40734453364996687,0.0889103490977917
2866,AMGN,0.8141223449371928,0.4126969989620496,0.40384088174705063,0.0
2867,AMGN,0.8141672747919904,0.4093283991196888,0.4002019509549613,0.0
2868,AMGN,0.8142918695716763,0.4082284315646882,0.3970178195863123,0.0
2869,AMGN,0.8138098549647723,0.4040077602292285,0.39342304060723887,0.0
2870,AMGN,0.8137036476972468,0.4043078137172439,0.39062168382222934,0.0
2871,AMGN,0.8131031681462364,0.4044313070766752,0.3884112466154618,0.0
2872,AMGN,0.8129397723500427,0.40552529812392607,0.3869144003527883,0.0
2873,AMGN,0.8118736147798815,0.39523999456095793,0.38316434674605576,0.0
2874,AMGN,0.8109749379008182,0.3914435909228223,0.37922212349442186,0.0
2875,AMGN,0.8109626792269489,0.4034496477479609,0.3790479730082794,0.058826126573015725
2876,AMGN,0.8121554650486491,0.42014163303278257,0.3830512207728353,0.04984977853768026
2877,AMGN,0.8144879789335713,0.4455674140274512,0.3925639150472528,0.060808733249603335
2878,AMGN,0.8167183355407652,0.46964559867973965,0.4061497240054129,0.056317744778309003
2879,AMGN,0.8202095319597498,0.4910274948113898,0.4223248677009259,0.0548730505511052
2880,AMGN,0.8246600204707648,0.5108004676888348,0.4401721813124904,0.05341445995912006
2881,AMGN,0.8288960544924988,0.5279774081439457,0.4587129551129008,0.11946282634469317
2882,AMGN,0.8331872395818918,0.5394017667770823,0.4763808381101464,0.0
2883,AMGN,0.8374171537409341,0.5467440529665167,0.49233733164883814,0.0
2884,AMGN,0.8411180650342014,0.5445700615391347,0.5045629916372117,0.0
2885,AMGN,0.8449864585145006,0.5433345402853633,0.5140368915719021,0.0
2886,AMGN,0.848993740416141,0.5433607841333198,0.5216225246411863,0.0
2887,AMGN,0.8535361435503148,0.545015811848859,0.528101771040995,0.0
2888,AMGN,0.8575556801366702,0.5408396642445934,0.5322487440462491,0.0
2889,AMGN,0.8616038109873592,0.5329965508019234,0.5336198414646823,0.0
2890,AMGN,0.8651331601851346,0.5235654769796497,0.5323761430448176,0.0
2891,AMGN,0.8686216664175941,0.5142788549126929,0.5290764575690294,0.058993762467150046
2892,AMGN,0.8714157355297885,0.49948913957149793,0.5227662408333236,0.037335486390357685
2893,AMGN,0.8756701485867273,0.49095420070621654,0.5155998912463126,0.037283418998265594
2894,AMGN,0.8797305351194198,0.48541015274089194,0.5084909059459128,0.036257902458073435
2895,AMGN,0.8823509986913805,0.4799239218944681,0.5014421609584969,0.03890155393020859
2896,AMGN,0.8848550412626204,0.48082261702548584,0.4960262005012409,0.046050793851826054
2897,AMGN,0.8857495968457378,0.47635847554321037,0.49058553454138093,0.09484427276277323
2898,AMGN,0.8860518750795401,0.4704763747296543,0.4847731991742243,0.0
2899,AMGN,0.885524920146306,0.45970727242203974,0.4774506865245547,0.0
2900,AMGN,0.88554738906286,0.4603910337427825,0.4717623702922477,0.0
2901,AMGN,0.8852655303171377,0.46000522240491,0.4671159677754598,0.0
2902,AMGN,0.8852982094763768,0.46173221798995423,0.46382744648205837,0.0
2903,AMGN,0.8850817100464203,0.4597571945968007,0.46070647391033975,0.0
2904,AMGN,0.886266329568822,0.4659211896808291,0.45973945814891304,0.0
2905,AMGN,0.8863276029923948,0.4603716857942468,0.4575885858743789,0.0
2906,AMGN,0.8861560374063915,0.455529496297984,0.4546661676088005,0.0
2907,AMGN,0.884861128713426,0.44262830542994885,0.44912645312894506,0.15594025618564136
2908,AMGN,0.8830882883138838,0.42321847246073563,0.4398776058916602,0.09117299391022596
2909,AMGN,0.8823257627970644,0.41534185485260433,0.43052373215013834,0.0349009840033492
2910,AMGN,0.8816517576309892,0.40815067134806376,0.4212559462390168,0.04355841926212062
2911,AMGN,0.8813944072574067,0.4062897103095108,0.4133798696351296,0.040598141756993035
2912,AMGN,0.8819744553528714,0.4073021946860327,0.4073302837672864,0.03625174584076525
2913,AMGN,0.8818171953759903,0.40449102451106617,0.4017929470699499,0.11419328963894078
2914,AMGN,0.8817600058500337,0.40546283055777393,0.3976042576982685,0.0
2915,AMGN,0.8817906430604645,0.4069107892131182,0.39461265635076,0.0
2916,AMGN,0.880834779148667,0.4037619421018033,0.3914379035939265,0.0
2917,AMGN,0.8807939277063968,0.4065698986667009,0.38959497184716124,0.0
2918,AMGN,0.8803813533210083,0.4032948234322077,0.38730782784400336,0.0
2919,AMGN,0.8817538780090324,0.4139943626885377,0.38813349304253564,0.0
2920,AMGN,0.8826321304135711,0.4268523639205482,0.3919850863910354,0.0
2921,AMGN,0.883318392757583,0.43438001743666715,0.39693455213243983,0.0
2922,AMGN,0.8833633266015362,0.4358949312288618,0.40127009160569854,0.0
2923,AMGN,0.8837125891050541,0.4372294826227762,0.4050697282512442,0.1112507783723311
2924,AMGN,0.8808633724157118,0.4128079354579372,0.40204856932359484,0.13936066167804761
2925,AMGN,0.879274342313999,0.39707401511993184,0.39572684378815765,0.14057386709446362
2926,AMGN,0.8765047790807232,0.3726332428200525,0.38460382387786113,0.10754519836620967
2927,AMGN,0.8744296454880467,0.3525809303209066,0.3707288836030608,0.07973769292200093
2928,AMGN,0.872801808386094,0.33327035280478945,0.35483648865826073,0.09709266940372281
2929,AMGN,0.870839705012235,0.3230023032675554,0.3395742781595375,0.18046171111744364
2930,AMGN,0.8686542837449274,0.31265534408678225,0.32479663165282424,0.0
2931,AMGN,0.8660848808606323,0.30539623070341604,0.3111729688906345,0.0
2932,AMGN,0.8634297051562241,0.3024325521794423,0.29953852160121575,0.0
2933,AMGN,0.8611258209393879,0.3013734690322213,0.28996812360760943,0.0
2934,AMGN,0.8587484121047755,0.30412453351170005,0.2829945563598389,0.0
2935,AMGN,0.856371003270163,0.30812135044965727,0.2784076209152461,0.0
2936,AMGN,0.8514691293843644,0.28170583135357247,0.2681823461856503,0.0
2937,AMGN,0.8460566436354608,0.262338195509273,0.2551955231077835,0.0
2938,AMGN,0.8419717487306286,0.25721069182865897,0.24353353575862205,0.0
2939,AMGN,0.8331769645154359,0.2188889384187165,0.22469336504949133,0.49556477289118267
2940,AMGN,0.8233384911479913,0.18465318336417794,0.20112469878970668,0.1863896540684686
2941,AMGN,0.8136654600133482,0.15977357106021253,0.17609521626949684,0.08354969445587816
2942,AMGN,0.8044948659655553,0.14427981137762408,0.1522264342300033,0.0923584065970793
2943,AMGN,0.7946237139375172,0.12828845900816827,0.12916272147544164,0.08427740662170577
2944,AMGN,0.7861700209400997,0.10863056164114071,0.10583311172069726,0.12114692503350959
2945,AMGN,0.7763213453082813,0.0855128305522403,0.08143213293831203,0.2229594331690396
2946,AMGN,0.7680757034880328,0.07559485890855017,0.059449936678620974,0.0
2947,AMGN,0.7598936629828086,0.07097071694901202,0.04071657362570075,0.0
2948,AMGN,0.752203850817684,0.07210247001088671,0.026010758352597863,0.0
2949,AMGN,0.7444834034367052,0.08050651897505096,0.0163317984592104,0.0
2950,AMGN,0.7370325551302903,0.09037043019850466,0.0110366272210905,0.0
2951,AMGN,0.7292835094958234,0.09836200578480825,0.008783816117538201,0.0
2952,AMGN,0.7215222091766416,0.10957813302820302,0.00976515293351693,0.0
2953,AMGN,0.7136751260644587,0.12092962671493812,0.013367402933645745,0.0
2954,AMGN,0.7055911190477944,0.13298373826046178,0.019240757129058816,0.0
2955,AMGN,0.6949499618369734,0.11948846993943912,0.020590224210915664,0.21058005889244213
2956,AMGN,0.6863716825368251,0.1030822421987101,0.01759814819557376,0.1511264850640464
2957,AMGN,0.6781998482851299,0.09784100560458348,0.013903732594151619,0.11587861965121883
2958,AMGN,0.6705856066757443,0.11148458933239014,0.014334224871938583,0.10468729661174964
2959,AMGN,0.6659512929075673,0.12068084236951998,0.01696091791219506,0.07399233765000159
2960,AMGN,0.6623177833775187,0.13525536285792522,0.022679334269458562,0.06158605016059976
2961,AMGN,0.6594461027580656,0.15714412124625743,0.03268635547865717,0.13101035367127886
2962,AMGN,0.6566683792092234,0.17930439108327284,0.04619164348769833,0.0
2963,AMGN,0.654143913659393,0.1950623460483274,0.06090663713178884,0.0
2964,AMGN,0.6527795642462673,0.21164555760529552,0.07679420505446244,0.0
2965,AMGN,0.6528490074596491,0.2307360209809172,0.09424207483308977,0.0
2966,AMGN,0.652124224556685,0.243929755177167,0.1114747530721103,0.0
2967,AMGN,0.6515237450056746,0.25679413133292806,0.12845353896295703,0.0
2968,AMGN,0.6507271904992318,0.2674604033474311,0.14468369190978445,0.0
2969,AMGN,0.6496487782443565,0.2781618212942547,0.16032366091622433,0.0
2970,AMGN,0.6487255919958645,0.28919583544115235,0.17557402552383028,0.0
2971,AMGN,0.6465932763568976,0.28319873119060396,0.18628597339355957,0.11820793183393316
2972,AMGN,0.6436991258236016,0.2733848388648753,0.19241994855669345,0.053079012267499746
2973,AMGN,0.6408192808994273,0.2665426218133372,0.1956290472443296,0.05481236389478165
2974,AMGN,0.6382437586510861,0.26586422540299337,0.19802796375480267,0.04561472944305481
2975,AMGN,0.6385583035370681,0.2710902984471578,0.20124408850679032,0.03835660534675828
2976,AMGN,0.6395627852776284,0.2748363736202913,0.20474667830318521,0.06660879446396972
2977,AMGN,0.6400586995971143,0.2781103666603327,0.2083612801701886,0.11201560614535949
2978,AMGN,0.6390987468012566,0.28115219634052,0.21200787406914087,0.0
2979,AMGN,0.6385942682642423,0.2848699891387412,0.21584782014590978,0.0
2980,AMGN,0.6376874210967252,0.28907501466136976,0.21996336795934965,0.0
2981,AMGN,0.6359431704737175,0.2923328136234459,0.22406431724101977,0.0
2982,AMGN,0.6340028453939222,0.29630590552908,0.22833110701075449,0.0
2983,AMGN,0.6321687275816523,0.2975915320277819,0.23206360185588862,0.0
2984,AMGN,0.630436732142003,0.30273513516423234,0.23632612213478957,0.0
2985,AMGN,0.6284433034284445,0.30909199686385047,0.24131376572718416,0.0
2986,AMGN,0.6269441469983712,0.31658318261488544,0.2471630212002821,0.0
2987,AMGN,0.6252121515587223,0.3217178128163805,0.25311672310476535,0.1020946571115966
2988,AMGN,0.6237681397139307,0.32859857595484665,0.25958733232648995,0.063849222683089
2989,AMGN,0.622914390695088,0.341807709023851,0.26804202376725095,0.038089232252231334
2990,AMGN,0.6222587231767327,0.3561517890902812,0.27836564881407055,0.04798643433351979
2991,AMGN,0.6230716132736394,0.36733654897633816,0.28940034989122154,0.07509542756827689
2992,AMGN,0.6243910388156997,0.37532045400666475,0.300209532983708,0.04286061066607563
2993,AMGN,0.6261761358945339,0.3861286091001974,0.3115392158199839,0.098103058255672
2994,AMGN,0.6275302745663303,0.39341103323801585,0.3224102928407768,0.0
2995,AMGN,0.6285188171387226,0.3995989398108357,0.332642851036806,0.0
2996,AMGN,0.6297610275958205,0.4052858146171544,0.34224024957264465,0.0
2997,AMGN,0.6309011156802975,0.4075262396189524,0.35047419053435236,0.0
2998,AMGN,0.6320653107281746,0.4085354706804011,0.35731181132075257,0.0
2999,AMGN,0.633290779199625,0.40984963097840954,0.3631080524141885,0.0
3000,AMGN,0.6349206522666528,0.4149746347935458,0.3690169537664926,0.0
3001,AMGN,0.6367057513400645,0.41914111300088064,0.3747780992402413,0.0
3002,AMGN,0.6376657016427005,0.4137553476447224,0.3780503921040752,0.0
3003,AMGN,0.637726980052717,0.39697583179275286,0.37650393516117986,0.0972891534475298
3004,AMGN,0.6375717520517559,0.38457000320505913,0.37218792730333494,0.07820170485528431
3005,AMGN,0.6371101604234428,0.37304215282858966,0.3658741727815635,0.04710955612548241
3006,AMGN,0.6360143080807625,0.3591620910304431,0.35737845596843787,0.06280066280382907
3007,AMGN,0.6345805059800109,0.3435348853683688,0.3467035682611964,0.0619705748873339
3008,AMGN,0.6333264402523611,0.33577949595893014,0.3362389482039734,0.05303925811002403
3009,AMGN,0.6322643775499928,0.3394468239862085,0.3287773989163488,0.10267355504191777
3010,AMGN,0.6306733528706898,0.34081254181060555,0.3231470993468729,0.0
3011,AMGN,0.6294397190972298,0.34573985428821374,0.31986570571012357,0.0
3012,AMGN,0.6284164509289916,0.35126636974757997,0.31861214526539566,0.0
3013,AMGN,0.6271419597295291,0.3577971851711132,0.31923009560599847,0.0
3014,AMGN,0.6268927811403344,0.37276936791191884,0.32344020845983434,0.0
3015,AMGN,0.6267375551339502,0.3861993782806463,0.33014131948938374,0.0
3016,AMGN,0.6260962266338916,0.39263150462872837,0.33709851464291735,0.0
3017,AMGN,0.625140361226161,0.3923120193824526,0.34258498185048686,0.0
3018,AMGN,0.6240211000222367,0.3897809494075073,0.3463460020629956,0.0
3019,AMGN,0.6223667225722238,0.3829412690485774,0.34765736633909394,0.1013162847804902
3020,AMGN,0.6196625201506469,0.3710102592518373,0.345745454597116,0.03504874281874567
3021,AMGN,0.6167111840805499,0.3597313755699436,0.34141676479510746,0.034793682958835094
3022,AMGN,0.6151017369839789,0.35694898752728577,0.3372632880159673,0.03887235397383262
3023,AMGN,0.6145829473527549,0.354257687276298,0.3332725875572061,0.03520758354529687
3024,AMGN,0.6144593458727088,0.3575075425553452,0.3308865667810635,0.04479290898408778
3025,AMGN,0.6145001973149795,0.3602730508958981,0.3296640859425172,0.07282486710501782
3026,AMGN,0.6151181169537945,0.36376937751291333,0.32955380939930157,0.0
3027,AMGN,0.6163190800449705,0.3677984800742441,0.3304655190700606,0.0
3028,AMGN,0.6169747101649956,0.36946619634509614,0.33160877575964565,0.0
3029,AMGN,0.6160719444018721,0.36384174441337175,0.3311275210589884,0.0
3030,AMGN,0.6153775122680507,0.35982738440370937,0.32974624515654355,0.0
3031,AMGN,0.6146626556597052,0.36010933597519335,0.32871119835206486,0.0
3032,AMGN,0.6135597340354009,0.3577759387882091,0.3273040652100818,0.0
3033,AMGN,0.6122362280862346,0.3557686459220415,0.3256801946159391,0.0
3034,AMGN,0.6103367519554874,0.3580536517509281,0.3249481842131154,0.0
3035,AMGN,0.6088784469676845,0.36632304067657073,0.32641484868091053,0.09412940154161697
3036,AMGN,0.6066399295462799,0.36078252057191695,0.32621315015851293,0.07870988963823716
3037,AMGN,0.6047731310788387,0.3553314650038648,0.3246989642913437,0.06459804325111611
3038,AMGN,0.603069730900812,0.350909445608932,0.32239017174015827,0.036606542901068434
3039,AMGN,0.6022200657795849,0.35195573507726774,0.32080280276342366,0.04661139783357432
3040,AMGN,0.6021383753611547,0.3545843117810402,0.3201852600707422,0.04044369861423339
3041,AMGN,0.6026551080842384,0.36115530649073097,0.3213219961908637,0.07817338441566665
3042,AMGN,0.6029573888112636,0.37009986900460273,0.32445122048607183,0.0
3043,AMGN,0.6021804039432812,0.3651644010351028,0.3257297298972502,0.0
3044,AMGN,0.601740291921038,0.37005320595682045,0.3279658267522774,0.0
3045,AMGN,0.6011520630655869,0.3724114846955886,0.3303399749655461,0.0
3046,AMGN,0.6010540255878714,0.38057463308099415,0.3342651998592502,0.0
3047,AMGN,0.5999756133329952,0.3778202359415703,0.33672180153728787,0.0
3048,AMGN,0.5993587942023653,0.37888429116878797,0.33895115699808026,0.0
3049,AMGN,0.5995875483170359,0.3815187401796414,0.3413884512274397,0.0
3050,AMGN,0.5994813410495108,0.38027206951988984,0.3430288915279081,0.0
3051,AMGN,0.5977330065288866,0.3653235055188581,0.3406313528167798,0.11078727304070052
3052,AMGN,0.5959274849755283,0.3504001439414009,0.3350096855602449,0.05987134428859407
3053,AMGN,0.595263687060271,0.35054795933925387,0.33054903614871184,0.11257005350979958
3054,AMGN,0.5940545626562401,0.3488803754674538,0.3265666605249176,0.03022019581561107
3055,AMGN,0.5924206046943072,0.3497165555100113,0.32358828074650114,0.02833433598243781
3056,AMGN,0.5911644945246275,0.34249136849076917,0.3194124511129039,0.04322420289396194
3057,AMGN,0.5898001411223466,0.3347973448435496,0.3141623070902246,0.09506450375905462
3058,AMGN,0.6050796895165838,0.5028387249362737,0.35166621076252713,0.0
3059,AMGN,0.6033762903358459,0.45974361159869576,0.37097411434591876,0.0
3060,AMGN,0.6015054029843445,0.424809281951888,0.377750537318263,0.0
3061,AMGN,0.599295480824563,0.39760627084674155,0.37642051185554126,0.0
3062,AMGN,0.5966811480854695,0.3754468239662165,0.36985702468261966,0.0
3063,AMGN,0.5951828494833262,0.3577476250437154,0.36021369945211695,0.0
3064,AMGN,0.5934671936232965,0.3504487376544295,0.35068762271427983,0.0
3065,AMGN,0.5919108486645555,0.34514702076220544,0.3417509967111326,0.0
3066,AMGN,0.5897376845751845,0.34117154743015526,0.33361507454876405,0.0
3067,AMGN,0.5880935203597222,0.33488576203272313,0.32554634895866985,0.10091680826886476
3068,AMGN,0.5859101395452897,0.3280356516057647,0.31739132808886694,0.07254131090213793
3069,AMGN,0.5828178775928423,0.31554804386373236,0.3077681733778356,0.044888776310743825
3070,AMGN,0.5803904302915788,0.31015503776977976,0.29873122910868855,0.06146678768817261
3071,AMGN,0.5793079356350201,0.30681641116175773,0.2906731030933659,0.04241258482939134
3072,AMGN,0.5790260768892979,0.3100253338095778,0.28502298333111364,0.05230204716320665
3073,AMGN,0.5778394154180879,0.3153811289070602,0.28183207310521685,0.08638033119083051
3074,AMGN,0.5774390912296155,0.3264145940966299,0.28201759808832727,0.0
3075,AMGN,0.5762953181630399,0.3296861304218978,0.28297793840440627,0.0
3076,AMGN,0.5761380497092041,0.33490965980194376,0.28504257092174734,0.0
3077,AMGN,0.5761176252346796,0.3384858011027429,0.28758179323833766,0.0
3078,AMGN,0.5595145698939881,0.34196883970329806,0.29047758143811836,0.0
3079,AMGN,0.5600742004959502,0.35118932945426273,0.29508252621281794,0.0
3080,AMGN,0.5602784452411922,0.35476507462309614,0.29965390002442077,0.0
3081,AMGN,0.5604295863526709,0.3579768813384781,0.3041080958831725,0.0
3082,AMGN,0.5604295863526705,0.35851837398548886,0.3078058386336989,0.0
3083,AMGN,0.560527626323609,0.35982258718251386,0.3110877086559676,0.03403677083663152
3084,AMGN,0.5598372815779142,0.3591474024042073,0.3135456392876049,0.027531864892153656
3085,AMGN,0.5587118950262102,0.35438836496739773,0.3143308997822055,0.023917402822193373
3086,AMGN,0.5577764520984263,0.3527183253599342,0.31454464262601406,0.03794938908765968
3087,AMGN,0.5569247425351693,0.34898250934015757,0.31378849299297096,0.027103012520800572
3088,AMGN,0.5560567023678922,0.343798879824851,0.3118971152539487,0.03302356753105574
3089,AMGN,0.5569553717672897,0.3509055456730758,0.3121477246355525,0.07030628291591468
3090,AMGN,0.5574874278327111,0.35662885858472543,0.3137686072224022,0.0
3091,AMGN,0.5578836596466132,0.3600501463568085,0.315914398498144,0.0
3092,AMGN,0.5579531018627066,0.3645325572644506,0.31874346316541824,0.0
3093,AMGN,0.5579939528063322,0.36996605632394397,0.3223551848254742,0.0
3094,AMGN,0.5579612736470936,0.3796697047314948,0.3276527852725593,0.0
3095,AMGN,0.5581450939178114,0.38355563854257224,0.33285526533329324,0.0
3096,AMGN,0.5580919902840487,0.38616995652002983,0.33766606318153713,0.0
3097,AMGN,0.5580879053891437,0.3876300973802721,0.3418770749539982,0.0
3098,AMGN,0.5584678006152934,0.3929091806418327,0.34655603183649564,0.0
3099,AMGN,0.5577325150446235,0.39129879042314386,0.34989953540170177,0.05345931531379399
3100,AMGN,0.5576528551061801,0.3927852853378487,0.35294325221999334,0.03148546862411916
3101,AMGN,0.5578632237032677,0.3969587439720791,0.35641398244849026,0.03173876945051311
3102,AMGN,0.5584800468230529,0.40205829430355006,0.36045615813761256,0.03470537947630054
3103,AMGN,0.5591867256632783,0.40737675891323905,0.36500981970139107,0.04138953093612246
3104,AMGN,0.5602140702494665,0.4126567881588695,0.3699631311885059,0.04848089865504297
3105,AMGN,0.561511019395307,0.4147720291440667,0.37445073470763623,0.0752486393875749
3106,AMGN,0.5626507070683324,0.4161557575377596,0.3783842271940464,0.0
3107,AMGN,0.5640845081717956,0.41716407011778606,0.3817812612541719,0.0
3108,AMGN,0.5658941211024358,0.41884889425381977,0.3849170232352616,0.0
3109,AMGN,0.5665436233814596,0.41835436226341516,0.3873029013152006,0.0
3110,AMGN,0.5674913189993811,0.42047083152686837,0.38973686293910037,0.0
3111,AMGN,0.5686432593625432,0.4224737692650567,0.39218111547583523,0.0
3112,AMGN,0.5693867102352228,0.42086342000972454,0.3937368657305975,0.0
3113,AMGN,0.5699790199964236,0.41930149120507726,0.3945938310058047,0.0
3114,AMGN,0.5700811423690442,0.4178379997788322,0.39491619819842033,0.0
3115,AMGN,0.5725075709398033,0.43683687325287757,0.399889176878747,0.07484388577539956
3116,AMGN,0.5755303971585346,0.4569190511245582,0.40885149607049526,0.07484283035528959
3117,AMGN,0.5784388413334871,0.47006288924355544,0.41928335077729817,0.0359356475178278
3118,AMGN,0.5803056432914389,0.4726676746849171,0.4282752825854319,0.035149359535896596
3119,AMGN,0.5826667120477875,0.47321991653946593,0.43560588180239407,0.02915386969783322
3120,AMGN,0.5848786861292656,0.47390864894245516,0.4416412887720647,0.03966145640939042
3121,AMGN,0.5867556958366804,0.4730310536247294,0.44625181530515823,0.07140004995655187
3122,AMGN,0.588373310229839,0.47059472072550634,0.44933559454882765,0.0
3123,AMGN,0.5898643023551915,0.46790431800744625,0.45113492165541463,0.0
3124,AMGN,0.5916555327601154,0.4693583559093432,0.4529352422201738,0.0
3125,AMGN,0.5934937384591561,0.46832090893974676,0.45411802811327695,0.0
3126,AMGN,0.5953891296949987,0.4672221269199122,0.45479156431543677,0.0
3127,AMGN,0.5972722662461263,0.4655753956730547,0.45492171232614803,0.0
3128,AMGN,0.5993310532781622,0.4664645201335111,0.4552464910463282,0.0
3129,AMGN,0.6015695756860104,0.4666828087552115,0.45556048825502116,0.0
3130,AMGN,0.6033587596543271,0.4641098535442674,0.4551731375128983,0.0
3131,AMGN,0.6041920757216905,0.451949283471588,0.45184528215756825,0.06321051761320261
3132,AMGN,0.6047680444073387,0.43621608969395564,0.44527837979561774,0.043400106245624404
3133,AMGN,0.6052500644993306,0.42243220521776353,0.4366040137171936,0.0316638346227049
3134,AMGN,0.6055441829162116,0.40939320333876617,0.4264285394528839,0.03130499178531348
3135,AMGN,0.6040368556990399,0.40058780480290906,0.41610286195191404,0.03707831569022716
3136,AMGN,0.6022047738518452,0.3959042874685405,0.406679978298871,0.03390906500332457
3137,AMGN,0.6003706600287306,0.3903188868538608,0.397755502965913,0.0692513905159949
3138,AMGN,0.5991860355198848,0.3859479547741988,0.38953115754278284,0.0
3139,AMGN,0.5980626944075005,0.3826637745875401,0.3821366229580987,0.0
3140,AMGN,0.5968331420384345,0.3802684647465294,0.3756265342903116,0.0
3141,AMGN,0.5960325056289544,0.38252538625984256,0.3709785795451631,0.0
3142,AMGN,0.5954524505524676,0.38588211767998803,0.3680932795484409,0.0
3143,AMGN,0.5947171694695976,0.38707317432042604,0.3660806325092084,0.0
3144,AMGN,0.5929157308165665,0.3813443368531541,0.3630487487281778,0.0
3145,AMGN,0.5907180573577668,0.3715402569076065,0.3581900937785567,0.0
3146,AMGN,0.5871437743160386,0.3502855821711878,0.3490282467241508,0.0
3147,AMGN,0.5830588744247622,0.32884208398131615,0.33637698433276103,0.1553787726871348
3148,AMGN,0.5784000482952898,0.30977960856483755,0.3215251049491127,0.0622578250605987
3149,AMGN,0.5742783898349582,0.3017671566569915,0.30765509453074624,0.056160487181922764
3150,AMGN,0.5705284617974105,0.2985108729536645,0.2957509512176254,0.0422942018737225
3151,AMGN,0.5671359595708134,0.2914384431854505,0.28447242160464625,0.03576941885050678
3152,AMGN,0.5639722104615985,0.28391213374612767,0.2735817404207118,0.047113425999218986
3153,AMGN,0.5607574001660725,0.27776003490682266,0.2633423855528847,0.10133563414917308
3154,AMGN,0.557775420901812,0.27478293261574416,0.2544120531076445,0.0
3155,AMGN,0.5546913252486636,0.27432733723757574,0.24715471882121695,0.0
3156,AMGN,0.5513315016826601,0.27474223782904056,0.24145182020900893,0.0
3157,AMGN,0.5483045915663136,0.27801219256030096,0.23770102913345195,0.0
3158,AMGN,0.5452899391265476,0.28198720069991556,0.23568690218275726,0.0
3159,AMGN,0.5425734840148335,0.28954380047041106,0.23595097548167002,0.0
3160,AMGN,0.5396405294731634,0.2944400029073898,0.23737735934061532,0.0
3161,AMGN,0.5363154250206299,0.29928841838139536,0.23972173201869382,0.0
3162,AMGN,0.5326553591858998,0.3021225797057556,0.24230060404052176,0.0
3163,AMGN,0.5292669428514967,0.30669842274650194,0.24549932101855887,0.06885033087420447
3164,AMGN,0.5265668318072021,0.31173262099895666,0.24930766721922565,0.04334487259320239
3165,AMGN,0.5244998709962014,0.31777303844835303,0.253853437339294,0.04236350779427751
3166,AMGN,0.5239933430307131,0.325856829946106,0.2594962651978484,0.0379258180385369
3167,AMGN,0.5235521798660798,0.32836098958772375,0.26463200251031416,0.04448331908516185
3168,AMGN,0.5229945957007254,0.3268494020445054,0.26836545097890707,0.06133802643475569
3169,AMGN,0.5217405299730755,0.32511246174266,0.2709211409829836,0.09968161493349094
3170,AMGN,0.5201351607903879,0.3228345022167532,0.2724003556446467,0.0
3171,AMGN,0.5190138566403673,0.3213115377943013,0.2732057625119393,0.0
3172,AMGN,0.5181989196082082,0.32099526864368955,0.2737715972517442,0.0
3173,AMGN,0.5177822558401157,0.32423280375738456,0.2750277470518025,0.0
3174,AMGN,0.51732883250568,0.3276983826691998,0.27689274414380294,0.0
3175,AMGN,0.5167446925342882,0.33032100310124324,0.2790356160959891,0.0
3176,AMGN,0.5163770519928539,0.3347726793606992,0.28185471766920267,0.0
3177,AMGN,0.5158051667061772,0.3383861740049149,0.2850067854741572,0.0
3178,AMGN,0.51524145120931,0.3420277175052379,0.2884321873476871,0.0
3179,AMGN,0.5137790618252467,0.33924456339794123,0.2904817937892932,0.09607665164452044
3180,AMGN,0.5127976653257162,0.34050147836375616,0.29243341642755405,0.05382642560871355
3181,AMGN,0.512274793791454,0.34676686493879944,0.29554963987820326,0.053727392021727584
3182,AMGN,0.5117641804324169,0.3502982644848841,0.2989190310634382,0.05115375008355409
3183,AMGN,0.5106040717753775,0.3480818796743247,0.30106448810303355,0.037536543921307876
3184,AMGN,0.5095399521648689,0.3483263451729516,0.30284152446811596,0.034978557381432344
3185,AMGN,0.507256497409001,0.33745080428499147,0.3015640935882568,0.18658631401562725
3186,AMGN,0.5045727224538141,0.32787236461278235,0.29816499970355237,0.0
3187,AMGN,0.5024812557638958,0.32270730772112605,0.294163875862691,0.0
3188,AMGN,0.50079827856446,0.31952164110972003,0.2901723673551863,0.0
3189,AMGN,0.49933997357665705,0.31890521423835005,0.2868261775287265,0.0
3190,AMGN,0.49914389862122555,0.33077058479805577,0.28709393867628935,0.0
3191,AMGN,0.4990009272995559,0.3407932551101653,0.2897955446378434,0.0
3192,AMGN,0.4990050121944609,0.35083794660511103,0.29444969160342643,0.0
3193,AMGN,0.49910946295717773,0.3629021286263854,0.3011670626324604,0.0
3194,AMGN,0.49893381247626944,0.36991446267233424,0.30828126003734796,0.0
3195,AMGN,0.5003756133318027,0.3917427810081908,0.3193899062489578,0.10781239555738495
3196,AMGN,0.5017358379584711,0.40968893767782666,0.3327306479627724,0.14388806214313607
3197,AMGN,0.5032819761650389,0.4249647283906715,0.34719434245489,0.06697080356169106
3198,AMGN,0.5045482995692692,0.433831709656124,0.3609658795600642,0.04927475048109567
3199,AMGN,0.5066356748819061,0.4426792103046233,0.374178856113068,0.0464615281779579
3200,AMGN,0.5083401037633246,0.44786659613484436,0.38603662761932267,0.049564463301283744
3201,AMGN,0.509361327489533,0.4488460055471206,0.3957659117915729,0.10364929093358945
3202,AMGN,0.5105827125620106,0.4491650576832444,0.40362852055661796,0.0
3203,AMGN,0.5122432168557371,0.4478955136023695,0.40960353582678993,0.0
3204,AMGN,0.5140303583766013,0.4490681283637291,0.41467456414938875,0.0
3205,AMGN,0.5172574278446409,0.45282397421673687,0.4196635016610652,0.0
3206,AMGN,0.5207132489341295,0.4557853283994541,0.4243895919018494,0.0
3207,AMGN,0.5238341086414215,0.45548568643837456,0.42809609982778035,0.0
3208,AMGN,0.5268569308709976,0.45357397781881903,0.4305868639071073,0.0
3209,AMGN,0.5295121125591384,0.44858488097963467,0.43134129568934343,0.0
3210,AMGN,0.5307661752949224,0.4408999698431869,0.430037622315638,0.0
3211,AMGN,0.5325390181876859,0.4397734904364316,0.4287151172477644,0.08293860621220277
3212,AMGN,0.5336153860005322,0.43267452453376803,0.42589531257064306,0.01090389696285273
3213,AMGN,0.5345893499859131,0.42930397915116913,0.4228029767206959,0.03638244203105046
3214,AMGN,0.5354063239804359,0.4218257699914177,0.4184731879340782,0.02716299556371747
3215,AMGN,0.534364842825577,0.412282192041868,0.41264085960447117,0.030613339806576673
3216,AMGN,0.5332006951489174,0.4041328682290235,0.4059525215597354,0.0342482066653298
3217,AMGN,0.5324061800980608,0.4028907464184113,0.4002935849610205,0.15689576319187185
3218,AMGN,0.5317566758244601,0.4005837659168694,0.39519389599948296,0.0
3219,AMGN,0.5310213977334564,0.4001589971298541,0.3910087269533705,0.0
3220,AMGN,0.5302084976636618,0.3977549253883685,0.387063956213573,0.0
3221,AMGN,0.5298367772137662,0.39796954737551343,0.3839614038796294,0.0
3222,AMGN,0.5289789492837511,0.3931876806963076,0.3802926123070678,0.0
3223,AMGN,0.5289340154397975,0.39705718158856396,0.37831790047828906,0.0
3224,AMGN,0.5284111488919794,0.39783940762671566,0.3769322615886623,0.0
3225,AMGN,0.5279658953473523,0.40268452247303943,0.3770261969277455,0.0
3226,AMGN,0.5273327366371037,0.405106419304366,0.37770240448065234,0.0
3227,AMGN,0.5265504842492721,0.40340311514010996,0.3778206494705613,0.08526897381502707
3228,AMGN,0.5250921737763803,0.3939180447139629,0.37556126838844295,0.04230739462509719
3229,AMGN,0.5238932526340125,0.3863867633130687,0.3718846721022967,0.0011498802098175178
3230,AMGN,0.5229373832371267,0.3799596592855226,0.3673483351683268,0.02066635707676774
3231,AMGN,0.5215832395788857,0.376349765520528,0.36282337273045484,0.030285455959077844
3232,AMGN,0.5205354630385077,0.37123048480543047,0.35793291464485316,0.03627021569268981
3233,AMGN,0.5191302581939565,0.36637482197987853,0.35281548395891116,0.19901564484409687
3234,AMGN,0.5179946623968572,0.3612685535920406,0.3474542806362259,0.0
3235,AMGN,0.5173410792120836,0.35931215398986904,0.34267978443912916,0.0
3236,AMGN,0.5164260607588238,0.3549779393419482,0.337784534749652,0.0
3237,AMGN,0.515662182918398,0.3588649787586947,0.33483300908712177,0.0
3238,AMGN,0.5152332689533905,0.3645798283726764,0.33389008324216884,0.0
3239,AMGN,0.5146695534565233,0.3694411253123929,0.33434220504166423,0.0
3240,AMGN,0.5137177729436981,0.36747198918111834,0.3342152080277205,0.0
3241,AMGN,0.5123370784658645,0.36388883358442664,0.333224353326381,0.0
3242,AMGN,0.5115282692747076,0.36249807605724205,0.33208651542438455,0.0
3243,AMGN,0.5100413615456163,0.3622856780607372,0.3311235327883941,0.07837127568628692
3244,AMGN,0.5095769495845901,0.3709547312364273,0.33250460697587975,0.01887407782667891
3245,AMGN,0.5088620894857341,0.3796673074960892,0.33577172805400274,0.023371750625336415
3246,AMGN,0.5081594845702364,0.3855096804532727,0.3398353679724137,0.025455677632481608
3247,AMGN,0.5073598584143051,0.3856953515117016,0.34313235920810903,0.03188142706871137
3248,AMGN,0.5067777658768109,0.38016602875204547,0.3443977010244074,0.028186049456986353
3249,AMGN,0.5064571001308482,0.3786235178627699,0.3450271586303639,0.13082108166489004
3250,AMGN,0.5061956708460937,0.3775961677321861,0.34527575996043985,0.0
3251,AMGN,0.5056871039236643,0.3756603362719202,0.3449942120269341,0.0
3252,AMGN,0.5054297585365264,0.37448663900739704,0.34447768892119496,0.0
3253,AMGN,0.5046944759577232,0.36768903096270283,0.34237745992675567,0.0
3254,AMGN,0.5038284782378981,0.3596798905989084,0.3387095916690868,0.0
3255,AMGN,0.5031054518397431,0.3569618134519281,0.3351007326156661,0.0
3256,AMGN,0.5031136216295526,0.3597011725245687,0.3328934915063645,0.0
3257,AMGN,0.5024996619253561,0.36257294107386673,0.331840405749529,0.0
3258,AMGN,0.5016867678392947,0.3653705378785218,0.3316922365477242,0.0
3259,AMGN,0.4991255432217643,0.34966108775946375,0.32767497574042753,0.20175885761327297
3260,AMGN,0.4977366844392095,0.34405598643847035,0.32307010942031633,0.0745367585233969
3261,AMGN,0.49603737065202136,0.3346456538496909,0.31705078750836285,0.0540487674452149
3262,AMGN,0.4944156668761588,0.32983399461604507,0.31104118644425144,0.04555931988728113
3263,AMGN,0.4923058276334116,0.3222109286136849,0.30434163533820646,0.054685537578233016
3264,AMGN,0.48979643710100795,0.3213538935363458,0.2987692979911336,0.05569891678716046
3265,AMGN,0.4873904404844387,0.32424908833765304,0.2950299491028805,0.09625501764310618
3266,AMGN,0.4853725053933178,0.3302218240619024,0.293520766098953,0.0
3267,AMGN,0.48342094984440065,0.3318335894857826,0.2927134229310105,0.0
3268,AMGN,0.4820504656092517,0.334109604052979,0.29263240304408267,0.0
3269,AMGN,0.4803879193667173,0.3361541809702636,0.2930750042620024,0.0
3270,AMGN,0.47913794152583833,0.34273398407598654,0.2950620415526043,0.0
3271,AMGN,0.4778021808919588,0.3462587340422091,0.29752643353649366,0.0
3272,AMGN,0.47581692196821024,0.3429088133471015,0.29866657359005533,0.0
3273,AMGN,0.474620047761094,0.34300741250210276,0.29960315568320117,0.0
3274,AMGN,0.4740481624744173,0.3472158650019,0.3013968628069266,0.0
3275,AMGN,0.4737703946073326,0.3572865668967845,0.3053311458873315,0.08593986919826771
3276,AMGN,0.4737050362888553,0.37226234283855353,0.312195216683129,0.038347634275823494
3277,AMGN,0.47343461724344404,0.38243430212210233,0.3202109204641543,0.034220238032415466
3278,AMGN,0.4726053880655625,0.38488357043780924,0.3272313357456606,0.025962103381917838
3279,AMGN,0.4737287341643919,0.38909005030584337,0.3338916198580852,0.028360721485187177
3280,AMGN,0.47396565258378365,0.38937301042864586,0.3392900713648225,0.03148757946433911
3281,AMGN,0.4747213606343994,0.3894825553869055,0.3436360191179905,0.0691641424535703
3282,AMGN,0.47579503490983033,0.3948284214626818,0.3484394987488241,0.0
3283,AMGN,0.47693676004386454,0.3951342216576406,0.3523581750526842,0.0
3284,AMGN,0.47759851202115877,0.3946408365024992,0.3553706692090654,0.0
3285,AMGN,0.4779784042554418,0.39403934803480084,0.357631388883105,0.0
3286,AMGN,0.47852578017268943,0.3982279739216382,0.36047948556065124,0.0
3287,AMGN,0.47940403257722863,0.40112574455616123,0.3634771231548573,0.0
3288,AMGN,0.480094379816145,0.4016553958816799,0.3660066805491659,0.0
3289,AMGN,0.4810910941729243,0.4047645895821834,0.3688019570757652,0.0
3290,AMGN,0.48115645249140204,0.4016606969326026,0.3702678632852267,0.0
3291,AMGN,0.482414598626157,0.4093957605184247,0.37336025374068893,0.058060419283229026
3292,AMGN,0.48328263979072217,0.40454705359617943,0.3746308281833637,0.03583749344760015
3293,AMGN,0.48406285322161224,0.40185085444417007,0.3749781529071078,0.027168800374322333
3294,AMGN,0.48505547969162066,0.4054195251873207,0.37614167496764356,0.02164719416563763
3295,AMGN,0.48525767999483227,0.40606297943893327,0.3772321832128143,0.024174573522323894
3296,AMGN,0.48526584529684236,0.41106853748441463,0.3793468545842747,0.034572044735740395
3297,AMGN,0.48532507178516227,0.4135206037714314,0.3816471383304764,0.05838777542067287
3298,AMGN,0.48600315985156506,0.41603652049091855,0.38411175819030513,0.0
3299,AMGN,0.48659138023006143,0.4190007682685033,0.3868191124335336,0.0
3300,AMGN,0.4873062368384069,0.41929339611301364,0.3890576193518496,0.0
3301,AMGN,0.4883356253679807,0.42235749575966647,0.39160886418708246,0.0
3302,AMGN,0.4895740021073296,0.43182819487427504,0.3960002704991929,0.0
3303,AMGN,0.4912855730724548,0.4398905786589104,0.40151429440766784,0.0
3304,AMGN,0.49299714403757955,0.4449642449543553,0.4071846812163146,0.0
3305,AMGN,0.4940183677637875,0.44093438891725817,0.4107208727624856,0.0
3306,AMGN,0.49423486719374354,0.43349038564276393,0.41170239500945577,0.0
3307,AMGN,0.4944840457829387,0.42721403314067763,0.41092996597524756,0.0
3308,AMGN,0.49571360164251477,0.4305070334409885,0.41112926994410504,0.04472413077358776
3309,AMGN,0.49632225148197984,0.42896182155369994,0.41090522694631115,0.027389031370603736
3310,AMGN,0.49711063819318957,0.42381443880000375,0.4094485301309139,0.022843161053590716
3311,AMGN,0.496787928005197,0.41808118326322935,0.4068603100653668,0.020791776166503077
3312,AMGN,0.49829729966439906,0.4217330272309923,0.40569603798241877,0.01774636143917086
3313,AMGN,0.4996248905084699,0.42360071008200056,0.40522813639083205,0.040232262785535114
3314,AMGN,0.5001845191158543,0.4224693319513106,0.40457303299765573,0.054769267573624346
3315,AMGN,0.5009381792339291,0.4212644165587133,0.40374991790033765,0.0
3316,AMGN,0.5012527206294011,0.42005826697548776,0.40279208714188086,0.0
3317,AMGN,0.5014733084447727,0.4165590217801115,0.40115739008324114,0.0
3318,AMGN,0.501861373460732,0.41612832388474436,0.39974274309065416,0.0
3319,AMGN,0.5021350614193558,0.4155872859323859,0.39847675227785023,0.0
3320,AMGN,0.5031562851455638,0.4209868579787385,0.3988040096468176,0.0
3321,AMGN,0.5032910866774234,0.4187666288626607,0.3985148055648839,0.0
3322,AMGN,0.5027804748143194,0.41739128955322996,0.3979421146066601,0.0
3323,AMGN,0.502788644604129,0.42254366193846576,0.39876266256942483,0.0
3324,AMGN,0.5028491010487204,0.4260816679619059,0.40029715294060586,0.0
3325,AMGN,0.503523106214796,0.4274775649750001,0.40187117488107704,0.03333737911042157
3326,AMGN,0.5043237486080097,0.4257616617313914,0.4027045445783236,0.028115336309618044
3327,AMGN,0.5050590271976572,0.42337793426579645,0.4027796538161816,0.022214658378100736
3328,AMGN,0.5051713593143177,0.4232524694079964,0.40280860370452115,0.026660439688017814
3329,AMGN,0.5054001124316998,0.4203286506129269,0.4021061388066216,0.022764004545342605
3330,AMGN,0.5053470068033592,0.4112531415321287,0.3992918335526845,0.025490154689407452
3331,AMGN,0.5056288655490815,0.4060869863973845,0.39575826805767517,0.052481292678550694
3332,AMGN,0.5050733158528691,0.40156599294660217,0.3918094087121237,0.0
3333,AMGN,0.5047628653360356,0.3998224188532207,0.3882176061098775,0.0
3334,AMGN,0.5046811724243825,0.39852399921139464,0.3850219260338403,0.0
3335,AMGN,0.5053306707142506,0.4051045851232587,0.38409853256381826,0.0
3336,AMGN,0.5051958691823919,0.4019836819709986,0.38258528115911256,0.0
3337,AMGN,0.5050651525454368,0.3972329532690591,0.3801956580621903,0.0
3338,AMGN,0.5047547005326694,0.39416312819588256,0.3775220993644408,0.0
3339,AMGN,0.5046158141059052,0.39359817114574996,0.37524304301568506,0.0
3340,AMGN,0.5039091272873693,0.39329410101310786,0.3733443346992997,0.0
3341,AMGN,0.5042440886695649,0.3978096425453961,0.3729460219545277,0.0
3342,AMGN,0.5025325177044406,0.38055705640307896,0.36834567532184903,0.05742980576751909
3343,AMGN,0.5002551887949966,0.36777561406410036,0.3614933369884889,0.03595745953343395
3344,AMGN,0.4982952587128797,0.3612049703094022,0.35438078314651916,0.030547024242999925
3345,AMGN,0.49595053302666114,0.35139786724287053,0.346256841878811,0.027458513194510408
3346,AMGN,0.49392441617826544,0.34510226112403797,0.3381952637264926,0.03800743719370829
3347,AMGN,0.4914162971890752,0.33501104280811683,0.32924159211776555,0.04121397939116332
3348,AMGN,0.48893471854794557,0.33013141463186807,0.3208676429625861,0.06710906359609776
3349,AMGN,0.486692111743837,0.32704212005622085,0.3134017915339748,0.0
3350,AMGN,0.4854197083684664,0.3290420617392082,0.30792545007647204,0.22140022585990354
3351,AMGN,0.48414113426867633,0.33342562692350636,0.304632277314243,0.01846052904692046
3352,AMGN,0.4826869101866227,0.33537850409026604,0.30248239845567626,0.015077379884396317
3353,AMGN,0.4805709321326974,0.33254369195899486,0.3000589599740995,0.013890032260674695
3354,AMGN,0.47854483024363326,0.33209654161954366,0.29800923672364493,0.016343708113014385
3355,AMGN,0.47573646699113814,0.33192373053641133,0.296326570373422,0.021494510056394616
3356,AMGN,0.4727544952065439,0.32253086082276883,0.2926493423227245,0.15430593814534543
3357,AMGN,0.4702545395247868,0.3188103894130002,0.2887842241545693,0.0
3358,AMGN,0.4680732056456063,0.3207721572242829,0.2861789954254513,0.0
3359,AMGN,0.46542210885237,0.32007503821097893,0.2839218034816039,0.0
3360,AMGN,0.46283024303525355,0.32112446269791706,0.2823764930304997,0.0
3361,AMGN,0.4598932035986789,0.3239146147933498,0.28183269646708986,0.0
3362,AMGN,0.45846349038198797,0.3219091417004227,0.2808999467618133,0.0
3363,AMGN,0.45749332784208985,0.32654569956635565,0.2813044343861436,0.0
3364,AMGN,0.45679481430387403,0.3369311712979313,0.28420546052571205,0.06825102815509046
3365,AMGN,0.45730133728291866,0.353282224373933,0.2905842380310581,0.03934377495628802
3366,AMGN,0.45746461839090014,0.3638713537570442,0.298315239236547,0.025833342128500917
3367,AMGN,0.45819989448732645,0.3727743625062782,0.3067095629081129,0.03175847062589931
3368,AMGN,0.4585961297917396,0.37880174371711933,0.3149208797092926,0.02986522285195622
3369,AMGN,0.4584960553516595,0.3785150149840156,0.3214187736507416,0.0334154801985597
3370,AMGN,0.4578567309034347,0.37648707397096604,0.3261138003265612,0.05326793246718523
3371,AMGN,0.45706018238072543,0.3755306679006121,0.32963246360217974,0.0
3372,AMGN,0.4561247429434516,0.37136808390506104,0.33141433628487527,0.0
3373,AMGN,0.45622686780929467,0.37417797664160585,0.33353718540315735,0.0
3374,AMGN,0.4560879753987974,0.3751593816794472,0.3354790269335533,0.0
3375,AMGN,0.45605325179752887,0.3767039911441932,0.337415836823283,0.0
3376,AMGN,0.45649850384622237,0.37316377859776045,0.33808668512566603,0.0
3377,AMGN,0.45742985838859074,0.3785331719991613,0.33995592413882564,0.07282838517205106
3378,AMGN,0.4581134210718343,0.3843457398759754,0.3428938614674755,0.02445936104866542
3379,AMGN,0.45921226278767824,0.390282255475937,0.34671751843241766,0.030281761988692934
3380,AMGN,0.4601497466669815,0.3940421387859928,0.35070956086226623,0.028028967763951775
3381,AMGN,0.46071346116655976,0.3942177081251582,0.3539467670919303,0.02764796110425088
3382,AMGN,0.4619593491260896,0.39649368489673653,0.3571013773430816,0.024873789345182182
3383,AMGN,0.4625598291757438,0.3968879297171138,0.35972290807200025,0.05330504807438601
3384,AMGN,0.4625965872461548,0.397255174313329,0.3619112743463634,0.0
3385,AMGN,0.46200427997817606,0.3984938137343224,0.36396936927949597,0.0
3386,AMGN,0.4620781330031529,0.4036911948623655,0.3669057160936726,0.0
3387,AMGN,0.4621067282647755,0.40744301091148605,0.37018590829365294,0.0
3388,AMGN,0.4617840260550934,0.40536719179228603,0.3722948913277571,0.0
3389,AMGN,0.4618677609155539,0.40267774368772763,0.3733146183798825,0.0
3390,AMGN,0.46208017245873867,0.3998370907002145,0.3734254150602174,0.0
3391,AMGN,0.46194537092687904,0.39434826229784703,0.3721518510035421,0.0
3392,AMGN,0.46191881312626526,0.38755171338298483,0.369446252100102,0.03483976963697066
3393,AMGN,0.46167371444553096,0.3858290167265329,0.36685423915286264,0.03037587028183235
3394,AMGN,0.4613775645513747,0.3825928094867197,0.3639774763347182,0.030309906524958925
3395,AMGN,0.46107348421671945,0.38066540973437357,0.36119772963928004,0.020236625188656345
3396,AMGN,0.4615697974517232,0.3827267162823118,0.35948550132126267,0.035132824620840324
3397,AMGN,0.46170663794052436,0.38861804353974033,0.3595778110580088,0.10523048616168332
3398,AMGN,0.46206880336647416,0.39708003648871026,0.36175173154140483,0.08898792247587485
3399,AMGN,0.462481372765418,0.40547408923452527,0.3655740794209439,0.0
3400,AMGN,0.462840843018399,0.4104311961855172,0.3698621980487861,0.0
3401,AMGN,0.46351076678008063,0.41460331108264475,0.3743281162401742,0.0
3402,AMGN,0.4638171388843868,0.4159777897759978,0.378241964900777,0.0
3403,AMGN,0.46474440952913953,0.4219342424138638,0.38285129884711583,0.0
3404,AMGN,0.4652836156565776,0.4223172891915575,0.38663382943465885,0.0
3405,AMGN,0.4663089242776901,0.4283641640519533,0.391160549645629,0.0
3406,AMGN,0.4679222595040864,0.4431352030326285,0.3984477591248771,0.05428342251633263
3407,AMGN,0.4694418429019058,0.4529582108860368,0.40671537210595976,0.04855073228565297
3408,AMGN,0.47144139895782144,0.4601377166274259,0.4151112512555798,0.034075469573997264
3409,AMGN,0.4739290984589317,0.46917822390080016,0.42407160126456134,0.03398153718420951
3410,AMGN,0.4761900877887566,0.47239995629831744,0.4320394414080171,0.026371254577884726
3411,AMGN,0.4789673321403325,0.47623059461716366,0.43936439015209455,0.04396968129830746
3412,AMGN,0.48181654882967484,0.4765548516335295,0.4453048223065773,0.060381464008415216
3413,AMGN,0.4845534334023567,0.47822259160934305,0.4504710628661694,0.0
3414,AMGN,0.48768041546556207,0.480667667661191,0.45521086714672954,0.0
3415,AMGN,0.4907663092304082,0.48164423785805827,0.4592450729102368,0.0
3416,AMGN,0.493497062970222,0.4811175293192906,0.46234172053431943,0.0
3417,AMGN,0.49568452917820416,0.4781807009589937,0.464090185149115,0.0
3418,AMGN,0.49746146344824993,0.4744139030785278,0.46455412394516854,0.0
3419,AMGN,0.4993037510503293,0.47302886650817905,0.464581540651444,0.0
3420,AMGN,0.5011828027065524,0.4699387511085216,0.4638365782022914,0.0
3421,AMGN,0.5030455147831558,0.4669571079179869,0.462500632744827,0.0
3422,AMGN,0.5049654153884275,0.46272798509517465,0.46038230502925537,0.0
3423,AMGN,0.5064890816865741,0.45961935826616906,0.45791615293015825,0.05064099181345801
3424,AMGN,0.508331368291365,0.4558013659727474,0.4549956930752206,0.03131537008306156
3425,AMGN,0.5091553746678263,0.44753067098050375,0.45060672826542214,0.024962444634420065
3426,AMGN,0.5086610934087425,0.43708512482347717,0.4445032112820382,0.0354492747504811
3427,AMGN,0.5084364167093107,0.4300388016584493,0.4378716617933743,0.0447431283355673
3428,AMGN,0.508217873335969,0.4243268995171482,0.4311488590125327,0.0525131311852016
3429,AMGN,0.5076419016584541,0.4199390315561435,0.4246816485335309,0.06149932980823017
3430,AMGN,0.5074478691504751,0.4171936812206226,0.4188265471227724,0.0
3431,AMGN,0.506884637837318,0.4131189735335451,0.41313121694193117,0.0
3432,AMGN,0.5064924914169651,0.4097572367455291,0.40774064678028327,0.0
3433,AMGN,0.5062065487736267,0.4104085153347062,0.4035898230689503,0.0
3434,AMGN,0.505953285289527,0.41317163944658836,0.4009549081713442,0.0
3435,AMGN,0.5059777946589561,0.4180702712229938,0.40006270437943764,0.0
3436,AMGN,0.5064271330984873,0.4257818350198786,0.401262774724826,0.0
3437,AMGN,0.506999018385164,0.4312111408173521,0.403570260255853,0.0
3438,AMGN,0.5075831583565553,0.43466237620167614,0.4062727661978708,0.0
3439,AMGN,0.5074279323501711,0.4316565548889088,0.40768879499758726,0.0
3440,AMGN,0.5069622533337319,0.4245227587278222,0.4070511733427359,0.039617304668123146
3441,AMGN,0.5067375806234549,0.4214099054836055,0.4057685371928325,0.03100454886067399
3442,AMGN,0.5069949309970374,0.4226358581276898,0.40504668161931456,0.031037090980731548
3443,AMGN,0.5073053869989597,0.42481317981243794,0.40500955849662595,0.05894169507505796
3444,AMGN,0.5075872457446815,0.4252343109172736,0.40508437508601913,0.04024739047377809
3445,AMGN,0.5086606775393148,0.4289079024238246,0.4060559295676788,0.055848258732721895
3446,AMGN,0.5107684848061416,0.4388454646451718,0.4092994483191314,0.12082361467315399
3447,AMGN,0.5127169846621911,0.44608343551493757,0.413690561789841,0.0
3448,AMGN,0.5149636783557816,0.454497250482528,0.41929156858970895,0.0
3449,AMGN,0.5171736094911625,0.46044842145017467,0.42524931825797174,0.0
3450,AMGN,0.5190118121983369,0.4614559563791685,0.4302655650684174,0.0
3451,AMGN,0.5212666741858047,0.46417266970258103,0.43495278849431,0.0
3452,AMGN,0.5237216960236091,0.46764240540935653,0.4395636761082098,0.0
3453,AMGN,0.5258458413741223,0.4695275062998102,0.44372022503225583,0.0
3454,AMGN,0.5276595347118676,0.46933827553602886,0.446998501433249,0.0
3455,AMGN,0.529195455196084,0.46838004001837236,0.4493833104621183,0.0
3456,AMGN,0.5306251684127754,0.46981932382017494,0.4516483549352362,0.0
3457,AMGN,0.532034459149521,0.469619112413335,0.45341070263156524,0.09886542338177712
3458,AMGN,0.5339461939541374,0.4734743490009776,0.45577736214444375,0.041205887836986844
3459,AMGN,0.536258244470273,0.47452744366469746,0.4579320437124739,0.046138393720953956
3460,AMGN,0.5389461122986741,0.47401375170288707,0.4595283023962249,0.03899724535351297
3461,AMGN,0.5412990157530131,0.4720220462960065,0.46031101371278677,0.06382178176022966
3462,AMGN,0.5431351740181576,0.4681478288058125,0.45997569078526584,0.04254292921297322
3463,AMGN,0.5444790954662486,0.4606650477725062,0.457850377702364,0.09200466495688608
3464,AMGN,0.5459169784727491,0.45409137935867255,0.45451869340969103,0.0
3465,AMGN,0.5478225774580538,0.45684511923544513,0.4525367610949532,0.0
3466,AMGN,0.5482188137597559,0.4499655336935864,0.4492438597975114,0.0
3467,AMGN,0.5486068787757148,0.4438155337336193,0.4450832497326219,0.0
3468,AMGN,0.5491746791674865,0.4436449030547722,0.441712415057218,0.0
3469,AMGN,0.5495586592885409,0.44107248059543325,0.4383773310245549,0.0
3470,AMGN,0.5506574960179407,0.4430955345755256,0.436211339426199,0.0
3471,AMGN,0.5518502853301523,0.4477992495556426,0.4356459003925094,0.0
3472,AMGN,0.5522628552277404,0.4448563361545478,0.4344631855134353,0.04837975422783706
3473,AMGN,0.553087999510717,0.4462897903762479,0.43387276409203585,0.03527565814239025
3474,AMGN,0.5548894346732376,0.4562171603741419,0.4358641726447944,0.049767807575805546
3475,AMGN,0.5564110555320654,0.4604095315629003,0.43849774992340723,0.04763990473074474
3476,AMGN,0.5577182268880558,0.46373327928915364,0.4414294897488839,0.02164420380865937
3477,AMGN,0.5592132999191577,0.4670430828696079,0.4445962989944757,0.03440036306451783
3478,AMGN,0.5603652308080767,0.47009065795459765,0.4478860846740812,0.06930715187847189
3479,AMGN,0.5616029539642411,0.4714463577678727,0.4508543668376502,0.0
3480,AMGN,0.5629305388245789,0.47214422927884936,0.45340218828173273,0.0
3481,AMGN,0.5643316572782924,0.47189174159951186,0.4553777837822154,0.0
3482,AMGN,0.5658737051048659,0.4708548464920216,0.456700926583423,0.0
3483,AMGN,0.5683532407998988,0.47536420082352854,0.45887855921130727,0.0
3484,AMGN,0.5709185548001341,0.47891525018896935,0.4615019543731043,0.0
3485,AMGN,0.5724095414403978,0.4780881079909295,0.4633953927677774,0.0
3486,AMGN,0.5746153846890079,0.4756336423645774,0.46430100137345437,0.0
3487,AMGN,0.5772297174281005,0.4769282395793395,0.46534677761345206,0.0
3488,AMGN,0.5782223483859079,0.46526048971385414,0.4632877305233939,0.04991081700070713
3489,AMGN,0.5795376845452638,0.4568074138657388,0.4595426331773929,0.026150495871548336
3490,AMGN,0.5804669941469585,0.4500084817361557,0.4548592161832239,0.023076057091191815
3491,AMGN,0.5809571875192705,0.44313131125250366,0.4494057265043289,0.01915921715972376
3492,AMGN,0.581808897082527,0.4349473528855335,0.4430118638776816,0.026240734290951178
3493,AMGN,0.5821132322244695,0.42666553031954424,0.43584141524176495,0.031120469169419553
3494,AMGN,0.5813207616156433,0.41773941694039635,0.42788979958628964,0.058643538893990085
3495,AMGN,0.5808612134320716,0.41107923136654745,0.4198756016594877,0.0
3496,AMGN,0.5801667763118061,0.4040070254141607,0.4117090839015219,0.0
3497,AMGN,0.5796112271142384,0.40130435430867245,0.40450512867424265,0.0
3498,AMGN,0.5789821587839823,0.39962192955519676,0.39832442523118505,0.0
3499,AMGN,0.5782632172807318,0.397135364005829,0.39276275390154186,0.0
3500,AMGN,0.5774993419335286,0.39520004751975923,0.38783311564505263,0.0
3501,AMGN,0.5773318612424299,0.39999577751726556,0.3850795953031114,0.0
3502,AMGN,0.5767599759557536,0.3995059303638331,0.3827552101937818,0.0
3503,AMGN,0.5745010290733816,0.3876213110151835,0.37794621198936973,0.0
3504,AMGN,0.5713229763496219,0.3697201429493473,0.3696563538216001,0.06471079729953175
3505,AMGN,0.5686731481077332,0.35885188092223347,0.3603272137618839,0.03451170988612017
3506,AMGN,0.5658464043240996,0.3480398752998895,0.3501806097388306,0.02362698638859865
3507,AMGN,0.5630113296885164,0.3441535159431207,0.34109882120663537,0.02254148680548959
3508,AMGN,0.5617776959150564,0.34668034522561486,0.3344604914917599,0.023250905022744302
3509,AMGN,0.5603643257684956,0.3488208483953731,0.32968105154447575,0.030848874394452712
3510,AMGN,0.5592144268554966,0.35430653643109283,0.3272189216205696,0.061757907735173985
3511,AMGN,0.5581523481965074,0.35906271613206414,0.32642959246762066,0.0
3512,AMGN,0.5573088129108594,0.3632357914845612,0.32683379079738406,0.0
3513,AMGN,0.557045331205765,0.37151621018266845,0.3292121595879631,0.0
3514,AMGN,0.556326394190314,0.3714336008096581,0.33109435286752087,0.0
3515,AMGN,0.5557708484832573,0.3739377959372416,0.33322159132359264,0.0
3516,AMGN,0.5548925960787181,0.3710955163730964,0.33421799344804715,0.0
3517,AMGN,0.5537365708206505,0.3691782569709733,0.33453929530918813,0.0
3518,AMGN,0.5531524308492592,0.37445548435574916,0.33610602367654974,0.0
3519,AMGN,0.5507280422327305,0.35847143140774324,0.3333925307965673,0.058315479143139594
3520,AMGN,0.5486263638041939,0.3497752196948532,0.3290635360698666,0.03670452106794443
3521,AMGN,0.5452604104026118,0.3365755400310537,0.3223244823436166,0.025517243805563472
3522,AMGN,0.5421313794095775,0.3251861267313946,0.31410664803649213,0.01756043159646364
3523,AMGN,0.5399888530292811,0.31592131736100926,0.30523306726222,0.023283271239450197
3524,AMGN,0.5386203733446102,0.3089812829874984,0.2964118451826723,0.032017752166249774
3525,AMGN,0.5366828656056613,0.30144466081411536,0.28748445064126577,0.07189697692499833
3526,AMGN,0.5351673661054575,0.2983085825838081,0.2795642322729066,0.0
3527,AMGN,0.5332353683871016,0.2966490088132021,0.2728161894071697,0.0
3528,AMGN,0.5308742931483756,0.2969764790713383,0.26749902572675816,0.0
3529,AMGN,0.5285091355079667,0.2979175882249024,0.2634788565033369,0.0
3530,AMGN,0.5259152322298419,0.30065248615386825,0.2609414601044279,0.0
3531,AMGN,0.5231252490098415,0.3018152127318596,0.25920010507129543,0.0
3532,AMGN,0.5201432757293136,0.30181833342237396,0.2578077955286462,0.0
3533,AMGN,0.5165036308785971,0.30065665071380554,0.25640564487299666,0.04616389970694502
3534,AMGN,0.5136442458326997,0.30214033057910844,0.25565213968386535,0.025852339690480463
3535,AMGN,0.5107602646532476,0.3064042270884957,0.25610753691412647,0.0250963070850352
3536,AMGN,0.5082112842488997,0.30921216834787496,0.2571687213585579,0.018392982159882075
3537,AMGN,0.505427429867189,0.30997169291912696,0.25820616550375125,0.018528251837310508
3538,AMGN,0.5016774933526871,0.30792191362497745,0.25852741258174883,0.023660935735469502
3539,AMGN,0.49998022001837317,0.30841302032485884,0.25890629167048235,0.05429679117105897
3540,AMGN,0.49815222954846083,0.31182871441449883,0.26005709192396076,0.0
3541,AMGN,0.4971064964528238,0.31672817068712533,0.26219366487398577,0.0
3542,AMGN,0.4961506325410263,0.3206846187074184,0.2648848229475545,0.0
3543,AMGN,0.495450072067559,0.326163028819743,0.26839736522656,0.0
3544,AMGN,0.4944656567748451,0.3276899643908157,0.271586349459868,0.0
3545,AMGN,0.4937834783284494,0.32973323077437944,0.2746446287295454,0.0
3546,AMGN,0.4932769513602504,0.33561655568091564,0.27855135853637647,0.0
3547,AMGN,0.4933668190481564,0.34683270369654573,0.28446033323585457,0.0
3548,AMGN,0.49265604534013807,0.34830660695576965,0.2895533020012846,0.043692457616087414
3549,AMGN,0.4916065484765877,0.34602012396484455,0.2930602243433779,0.027756845278929944
3550,AMGN,0.49012373461799985,0.3411484337875161,0.29465672037824125,0.03384609160342941
3551,AMGN,0.48869785747265926,0.3364852773327449,0.29477662865749243,0.02781999458217677
3552,AMGN,0.48661047817086756,0.32461385937666337,0.29192634144699353,0.031169898011236707
3553,AMGN,0.48383275462202535,0.30667248497031235,0.2851934737822015,0.06768919284988056
3554,AMGN,0.4807445376729307,0.29169538950213086,0.27609020784268334,0.10637737601452257
3555,AMGN,0.477554280128897,0.282115018454219,0.26642996658707097,0.0
3556,AMGN,0.47463358625567453,0.2771709900288868,0.2574747790486681,0.0
3557,AMGN,0.4721152470509118,0.2764281824094166,0.2501262811925634,0.0
3558,AMGN,0.4697950297368334,0.27565468778258473,0.24405551927044192,0.0
3559,AMGN,0.46706632293227157,0.27324331334466767,0.23860046186796674,0.0
3560,AMGN,0.4641701324447456,0.27303499071120896,0.23418471504329064,0.0
3561,AMGN,0.46123717790307595,0.2751528990351125,0.23117773388531762,0.0
3562,AMGN,0.4586636941130311,0.28116158437452066,0.23026336693610147,0.0
3563,AMGN,0.45480346842796493,0.27524734631419673,0.2280640950494246,0.0
3564,AMGN,0.45258406853411826,0.28558099411377413,0.22886925206811298,0.09863674902461592
3565,AMGN,0.450956239410476,0.30118795410183163,0.23338666742756142,0.03884280221075332
3566,AMGN,0.44957963032619164,0.32064953057374146,0.24183051691988566,0.033688306296988185
3567,AMGN,0.44775580154242167,0.3379994718343366,0.25289145425950227,0.033187861261508474
3568,AMGN,0.44618311451083903,0.34700502259289795,0.26397517541473703,0.03803329498640267
3569,AMGN,0.44496345524662084,0.3543246047949733,0.2746587048705518,0.030247460835118752
3570,AMGN,0.44366446165875084,0.3560550763039644,0.28363499179988505,0.061958437556069196
3571,AMGN,0.44253319459366613,0.35814800332355406,0.2913354378579812,0.0
3572,AMGN,0.4422758442200845,0.360458415619542,0.29806918607974575,0.0
3573,AMGN,0.4430111238070209,0.3635961147885378,0.3042348896722205,0.0
3574,AMGN,0.4438485222760673,0.36555275841786816,0.3096530466470964,0.0
3575,AMGN,0.4448452366328466,0.3700632879913517,0.31510698228203643,0.0
3576,AMGN,0.4456663005087176,0.37332072060376026,0.3202785509013163,0.0
3577,AMGN,0.4463239685883962,0.3761997808947747,0.3251303225705071,0.0
3578,AMGN,0.4469407877190261,0.3766999200993318,0.32913586299282316,0.0
3579,AMGN,0.44768015369680025,0.37541593538859086,0.3320216397554705,0.0
3580,AMGN,0.44809680749200487,0.37155306941817656,0.33337158637184094,0.06257990409749267
3581,AMGN,0.44886272927581583,0.3733360845135366,0.33489404714341275,0.04635475484349879
3582,AMGN,0.4491262054958223,0.37271118749244503,0.3359569306431961,0.02167850496223355
3583,AMGN,0.450482391102871,0.37197901429140706,0.3366255288365455,0.031899017403877614
3584,AMGN,0.45061236276509575,0.3724521256119491,0.3372778227768776,0.02216487772958026
3585,AMGN,0.44990771590079026,0.37061894112396065,0.33734470355734175,0.025444595721326874
3586,AMGN,0.44875986142982116,0.37099228832635545,0.3374908643999182,0.04963500054530039
3587,AMGN,0.4474301513470609,0.37091233346425967,0.33758795010983933,0.0
3588,AMGN,0.44796119217248886,0.38533823077053864,0.3412457957355981,0.0
3589,AMGN,0.447330072917826,0.38431905976820246,0.3439191373536746,0.0
3590,AMGN,0.4465580217970797,0.3777012744064412,0.34441542800650593,0.0
3591,AMGN,0.4466601441697007,0.382145019617629,0.3459152962358418,0.0
3592,AMGN,0.44633335257731366,0.3815401269790038,0.3469650703310474,0.0
3593,AMGN,0.44640279579069597,0.3862955407400448,0.3489850743046531,0.0
3594,AMGN,0.4466826100943879,0.3914600517594028,0.3518827907436429,0.04826612066266311
3595,AMGN,0.44641708843506267,0.3924879690604896,0.3544560694082427,0.04304953086576112
3596,AMGN,0.44586767007036343,0.38979359868729246,0.355846011370511,0.017847329963025117
3597,AMGN,0.4452590167403878,0.387202628807717,0.35631494560340526,0.02254219041889624
3598,AMGN,0.4449403994256107,0.38632362910024143,0.3564719454097316,0.023193912336805664
3599,AMGN,0.4451405542895035,0.38927242542852947,0.35732936891460276,0.03187439093464487
3600,AMGN,0.44576146629334845,0.39296630875646266,0.3589320448936064,0.05764458375989896
3601,AMGN,0.4459554948121731,0.3959634102044557,0.3609579975601366,0.0
3602,AMGN,0.4462884132482725,0.3974837422261585,0.3629560712538696,0.0
3603,AMGN,0.4464763179152498,0.3966340971000914,0.3643436677631409,0.0
3604,AMGN,0.4467234585447919,0.39735342438960025,0.3656322655162328,0.0
3605,AMGN,0.4472095620357561,0.3979273622885822,0.36680558195009827,0.0
3606,AMGN,0.44755269171182865,0.398380850518079,0.3678567804814234,0.0
3607,AMGN,0.44834924621827144,0.402791431485208,0.369792344408331,0.0
3608,AMGN,0.44641300603338063,0.39180504416966816,0.3686142260352993,0.0
3609,AMGN,0.44528965744132964,0.37929981413366165,0.3645682198722382,0.07096257832096732
3610,AMGN,0.4442684337151217,0.3648077393499631,0.3577348141509149,0.0341924453028528
3611,AMGN,0.44238075800404264,0.3541716653939286,0.3496284598056534,0.02587802157982318
3612,AMGN,0.4410981000066365,0.3483954251803,0.3417098459046643,0.021401633086716835
3613,AMGN,0.4392496895499991,0.3435628484229421,0.33417561999938616,0.022701207048799108
3614,AMGN,0.437544250913676,0.3431969364494477,0.3280574283103499,0.027130453443659917
3615,AMGN,0.4361063723949745,0.34323884275904515,0.3231732751446354,0.046133292523755746
3616,AMGN,0.4350749364315041,0.3445819395994032,0.31959927846294106,0.0
3617,AMGN,0.4340823109587846,0.34607516480036593,0.3171106653864977,0.0
3618,AMGN,0.4329467056874421,0.34737008553900584,0.31544114457201017,0.0
3619,AMGN,0.43115752670556917,0.3456338908517765,0.3136746441940799,0.0
3620,AMGN,0.4295644151994624,0.3482040899536726,0.31289930839771957,0.0
3621,AMGN,0.4294990568809851,0.3668012609996335,0.31689443135156947,0.0
3622,AMGN,0.42971351286619974,0.38380123533591326,0.3243095336913253,0.10630824599731924
3623,AMGN,0.4294071427564714,0.38979099565472775,0.3317281367839581,0.03507161025446179
3624,AMGN,0.4290323491611532,0.3952315519704249,0.33901324063353255,0.023658824895249553
3625,AMGN,0.4290834103474639,0.40398030403593516,0.3470125634471585,0.023972636474615387
3626,AMGN,0.42917523571327454,0.4111957093634566,0.3552027199172427,0.02365337189134802
3627,AMGN,0.4288484416276659,0.41638202005888564,0.3630419685333494,0.031099888477275045
3628,AMGN,0.42989825712498586,0.42023888118849956,0.37027055195613146,0.06767476877504423
3629,AMGN,0.4313810764686625,0.42356534180972144,0.37687896997529285,0.0
3630,AMGN,0.43317026043697915,0.4241751394524102,0.3823170421884668,0.0
3631,AMGN,0.43485369140281627,0.42358897830565956,0.3865220281976848,0.0
3632,AMGN,0.4364631409926094,0.4241221580400857,0.39001833999421953,0.0
3633,AMGN,0.43754767610204226,0.4178826930018559,0.39126689722270075,0.0
3634,AMGN,0.43881398953338513,0.4174677844857348,0.39216277222183366,0.0
3635,AMGN,0.43945531703615526,0.4100916335159606,0.39104888061797355,0.0
3636,AMGN,0.4396677295766289,0.40037735273910974,0.38774690550548757,0.046094593786390005
3637,AMGN,0.43983112188231166,0.39205911311364405,0.3830409290014473,0.029625994293695272
3638,AMGN,0.4399291603573161,0.38445978016392224,0.37739016754314275,0.024236491502109082
3639,AMGN,0.4403866720771683,0.3790902250879743,0.37153695788132907,0.026478379719047165
3640,AMGN,0.44066035804121473,0.3765108865847877,0.36621425745597674,0.03052310138717383
3641,AMGN,0.43947573353236935,0.37550651488970044,0.361706835082011,0.03192188483959373
3642,AMGN,0.43810524680399876,0.37510704290153957,0.358001757391608,0.0698633582764286
3643,AMGN,0.43731686507923184,0.37364886082462767,0.3546758078705453,0.0
3644,AMGN,0.4361598230852377,0.36958430763759054,0.3510063193156212,0.0
3645,AMGN,0.434985415800099,0.37099678514400636,0.3484212730136119,0.0
3646,AMGN,0.43403576250427234,0.3751897390250247,0.3473938310192736,0.0
3647,AMGN,0.4329165037935705,0.37664538974925255,0.34693313656882785,0.0
3648,AMGN,0.4320055747230147,0.3802099780667427,0.34744923012553536,0.0
3649,AMGN,0.4307801062515648,0.38047558834631556,0.34792802335428225,0.0
3650,AMGN,0.431017030156045,0.39446542543935925,0.3517830148450404,0.0
3651,AMGN,0.4300775018347114,0.39240275297079114,0.3543551000091214,0.041315123818369236
3652,AMGN,0.42928912010994535,0.3937145284262503,0.3567383207414438,0.024626821039448084
3653,AMGN,0.4288132303521768,0.39169822867109966,0.3581444979433452,0.017074586539171918
3654,AMGN,0.42725280398904175,0.38355328403517047,0.3572480511351521,0.01871418168001773
3655,AMGN,0.42623566066993845,0.3761865257240204,0.3547026331280141,0.026274683637822035
3656,AMGN,0.4251940174556501,0.36660987768489234,0.35028959418375155,0.03561128173736222
3657,AMGN,0.4245935374059955,0.3633959750648647,0.34596154606337887,0.04621280083870718
3658,AMGN,0.4243933765583696,0.3643071409869535,0.34272523806426036,0.0
3659,AMGN,0.42472016466024565,0.37134346597897827,0.34188244624954944,0.0
3660,AMGN,0.4246997421802994,0.37494255717535035,0.3421014247385486,0.0
3661,AMGN,0.42400531503292127,0.3717510135525586,0.3414845395554124,0.0
3662,AMGN,0.42397264135877144,0.37659837011757735,0.34219403420288624,0.0
3663,AMGN,0.4234456899160479,0.3740670329334506,0.34213341005212433,0.0
3664,AMGN,0.4232332753809964,0.37244492865836365,0.3416823416304209,0.0
3665,AMGN,0.42315566237780455,0.3771475512604039,0.3424885700348528,0.0
3666,AMGN,0.4220445679718243,0.3730446822113573,0.3421153147016051,0.057601487438741654
3667,AMGN,0.42108870555595956,0.369647916246139,0.3409737109791484,0.03377889652309435
3668,AMGN,0.4197750822401094,0.365750650276767,0.33909321591617103,0.028746829342086284
3669,AMGN,0.4188069636435974,0.36394658394823165,0.3371410919537513,0.03413510081021084
3670,AMGN,0.4165439373514084,0.3629669518596384,0.3353362705534112,0.032530686339697516
3671,AMGN,0.4159107836276035,0.3665728609411961,0.3347873174167384,0.035137398107983546
3672,AMGN,0.41491815715759506,0.36886244915350674,0.3349163782224245,0.0700616013537522
3673,AMGN,0.4143687382942507,0.3725285186856027,0.33592946129546863,0.0
3674,AMGN,0.41445451759674157,0.3756940626801048,0.33752554321643113,0.0
3675,AMGN,0.4144463522947315,0.3762963139910134,0.3389518737244664,0.0
3676,AMGN,0.4150672533284001,0.37953787356112845,0.3408974189169485,0.0
3677,AMGN,0.41568407644818484,0.38617677020873903,0.3441014770498235,0.0
3678,AMGN,0.4164030179514353,0.39561524809006304,0.34900713742848405,0.0
3679,AMGN,0.41640301645550215,0.4014602713012977,0.3543822665196345,0.07932643088581409
3680,AMGN,0.4150978925334079,0.39013972305653294,0.35587286919461064,0.04365586971894162
3681,AMGN,0.41490590446745834,0.386721960172038,0.35621714092463547,0.04778379367240464
3682,AMGN,0.41399595323856664,0.3837162563908891,0.35574661152341136,0.01732999820578581
3683,AMGN,0.4141042054467663,0.385594890904979,0.35583642202895954,0.026685417963953885
3684,AMGN,0.4138039636766835,0.3830263372064308,0.35527081427881113,0.026596586771364342
3685,AMGN,0.4125703289059355,0.37710964818085274,0.3533499414779906,0.045624755934099565
3686,AMGN,0.4125744167927059,0.37762574729661846,0.3519413272084451,0.0
3687,AMGN,0.41234157479126443,0.37531888318671297,0.35024192499597934,0.0
3688,AMGN,0.41245832389999926,0.37586534639178076,0.3490180228681122,0.0
3689,AMGN,0.4130751415346956,0.38265502367397897,0.34972394344219454,0.0
3690,AMGN,0.41241338307502406,0.37482960967595486,0.34834659151216557,0.0
3691,AMGN,0.41187417445436436,0.3742178997865402,0.3470928975944905,0.0
3692,AMGN,0.4117761284996937,0.37772764806667875,0.34696098153712335,0.039075698248354426
3693,AMGN,0.4115024350559815,0.3804125279468776,0.34752177433780906,0.02843600811969871
3694,AMGN,0.41094280644859715,0.3797304696806609,0.34780113735002693,0.02304492219794756
3695,AMGN,0.4100808996074101,0.3741123592199734,0.34663034151523553,0.0246065921540069
3696,AMGN,0.4089289547564481,0.3694733976590576,0.34454242091685067,0.030685636084109947
3697,AMGN,0.40737603897522856,0.36586124990356883,0.34197563215866933,0.03726811540667096
3698,AMGN,0.4052559740318209,0.3615711159085946,0.3388574882280206,0.07150981364798925
3699,AMGN,0.40329931086833914,0.3587561888195013,0.33566437270046495,0.0
3700,AMGN,0.4029623070386905,0.3580685127718396,0.3329392148454993,0.0
3701,AMGN,0.40207179795485937,0.35756077523527846,0.3306330797427201,0.0
3702,AMGN,0.4011639709511008,0.3569862945003921,0.3286455987096754,0.0
3703,AMGN,0.3997444674784498,0.35572554833377124,0.32674272558203793,0.0
3704,AMGN,0.39923998495228075,0.360602910925811,0.32643087668205417,0.0
3705,AMGN,0.39871303001904623,0.3605405397511147,0.3261659184661069,0.0
3706,AMGN,0.39816973899670405,0.3656614078906559,0.32722483399101493,0.0
3707,AMGN,0.39860273685932723,0.3773042314111644,0.33096144834550706,0.08000612143663785
3708,AMGN,0.3987457066850628,0.38572550957012525,0.3360407080454366,0.04582036046114823
3709,AMGN,0.39902755844976356,0.40002434678287535,0.34365275946031154,0.04667824110720606
3710,AMGN,0.40062067244909283,0.4115914909973644,0.352613100657656,0.025913554056859
3711,AMGN,0.4017746597475069,0.42116403960459836,0.36215706076905,0.04061925015919253
3712,AMGN,0.4032248049183882,0.4352137896027146,0.3732790547757111,0.07800750755504895
3713,AMGN,0.4047321321355608,0.44609914427100184,0.3848781455083021,0.14862126952966961
3714,AMGN,0.4066561156411592,0.4554489023903434,0.3964778137553423,0.0
3715,AMGN,0.40890688674998943,0.4602436568621203,0.4069474965130984,0.0
3716,AMGN,0.4112189417539236,0.4634219995680041,0.4161120345286383,0.0
3717,AMGN,0.41399732600659256,0.4697386447880044,0.4250113115018982,0.0
3718,AMGN,0.4168118230838216,0.4724211963814817,0.4327964808996876,0.0
3719,AMGN,0.4195487026700597,0.47299457788451854,0.43916691656459056,0.0
3720,AMGN,0.42238770462891795,0.4747272318173086,0.44469327008875836,0.0
3721,AMGN,0.4256760450273087,0.479483470751739,0.45029474239465545,0.0
3722,AMGN,0.42966290145713604,0.48894567942288975,0.4571242235498391,0.05577156487139706
3723,AMGN,0.43326578175506514,0.49003073867390656,0.4628570953096255,0.032650828328882976
3724,AMGN,0.4365806739703362,0.49220496170501127,0.4679829850387697,0.025498773953638913
3725,AMGN,0.4405797895726784,0.4956775235385187,0.47294550707514854,0.021465837810073635
3726,AMGN,0.44404377895604297,0.49643397196067707,0.4771032578642026,0.023723029618606353
3727,AMGN,0.4465110589690724,0.4927480106832055,0.4795146873916838,0.025469573997262945
3728,AMGN,0.44923568935568436,0.49053416566168834,0.4808944054225023,0.07559798344397654
3729,AMGN,0.4513966047440734,0.48941345700318417,0.48172004564569343,0.0
3730,AMGN,0.4536269523756684,0.48860688972002164,0.48218038631176013,0.0
3731,AMGN,0.45548761751701994,0.4837427979366878,0.48134150275303006,0.0
3732,AMGN,0.4566967414224061,0.4789577679176683,0.47948286113220384,0.0
3733,AMGN,0.4578772805377027,0.4742892111330113,0.4768373190488058,0.0
3734,AMGN,0.4589270985282443,0.4697651112332233,0.4735981074831025,0.0
3735,AMGN,0.4600872046920612,0.4646797815179957,0.4697446759552183,0.04307714769197212
3736,AMGN,0.46175792222033873,0.4654044293610549,0.4668417717180253,0.023434548121879915
3737,AMGN,0.46331426618179083,0.46858047042801915,0.46530766892358166,0.05325737826608548
3738,AMGN,0.4650952758724989,0.47116417211981104,0.464721602227332,0.043212417369400555
3739,AMGN,0.4670192578821637,0.47316899053594497,0.46475029884910674,0.04922373850911355
3740,AMGN,0.4686287074719564,0.4727331944858,0.4646651015556894,0.052465989086956065
3741,AMGN,0.46973979938471544,0.47060365716262753,0.46406844136811554,0.08157465162341203
3742,AMGN,0.4701237805030587,0.4671713828001674,0.46273930139188446,0.0
3743,AMGN,0.4710306241800648,0.4638678005701365,0.4608561160222657,0.0
3744,AMGN,0.4712205717931397,0.45540772336343627,0.45724997047589244,0.0
3745,AMGN,0.47142889794277476,0.4511600299082475,0.4533108738838923,0.0
3746,AMGN,0.4717475212412858,0.4475281562339273,0.4492582488098993,0.0
3747,AMGN,0.47119605793591113,0.4318659487124918,0.4421291478347423,0.0
3748,AMGN,0.4701421510613093,0.4157105333789236,0.4324164632644172,0.0
3749,AMGN,0.4693170022905324,0.4069109513509352,0.42246246104256874,0.0
3750,AMGN,0.46987254350979013,0.41546138818007894,0.4166212817029408,0.05443856927249892
3751,AMGN,0.47067931424264975,0.4213880723260604,0.41341920539172794,0.02400130872093637
3752,AMGN,0.4715330572777603,0.42625897314386757,0.4120663902806286,0.0311881919598096
3753,AMGN,0.47228058905618875,0.42864588309739826,0.4115765145322488,0.03758720408658667
3754,AMGN,0.47314249739330894,0.4313653555454187,0.4118595246625672,0.03285839428384468
3755,AMGN,0.4739022943279849,0.43132537384528297,0.4120760102252622,0.035203537768208636
3756,AMGN,0.47389412902597483,0.42835515858818585,0.4115120593284173,0.05851706438414477
3757,AMGN,0.47386962065383464,0.428887735839238,0.41119307207753786,0.0
3758,AMGN,0.4738369459823959,0.4297673202516532,0.4111561749671875,0.0
3759,AMGN,0.47415965617038847,0.43462377175626565,0.4123319172284335,0.0
3760,AMGN,0.4746661821412985,0.43878293763705073,0.4143047206774907,0.0
3761,AMGN,0.47431488068083905,0.4316730568634165,0.414118453993117,0.0
3762,AMGN,0.47451504053117555,0.4305471476615529,0.4136900157884933,0.0
3763,AMGN,0.47451095563627055,0.42733284841327246,0.41254954982579045,0.0
3764,AMGN,0.47287495173637417,0.4022998414249652,0.40542455849852654,0.05106738153788782
3765,AMGN,0.47097547311240584,0.38291864895069744,0.3949145976976964,0.028946831452926505
3766,AMGN,0.4689044264092108,0.36641424125273325,0.38241061336118565,0.025362624759452168
3767,AMGN,0.4682753491033562,0.35666468919032795,0.3699878105379519,0.024839664094959666
3768,AMGN,0.4684959339268615,0.3548806171730467,0.3596068024970941,0.019141450921205852
3769,AMGN,0.4685653721537997,0.3564538450212977,0.3516924351566495,0.033167280569363966
3770,AMGN,0.4666867293859829,0.35334191017849326,0.3445886303844515,0.051762551583657876
3771,AMGN,0.46397639762747156,0.3421452781385815,0.3361268391305307,0.0
3772,AMGN,0.46192986528015023,0.34144254140704633,0.32918300297793895,0.0
3773,AMGN,0.4593727250588806,0.3350915808618876,0.32205177121786915,0.0
3774,AMGN,0.4572404144063573,0.3364722369005491,0.3166894329928213,0.0
3775,AMGN,0.45474454112628315,0.3326642331732804,0.31145450317029605,0.0
3776,AMGN,0.4524937640337199,0.3304283156171417,0.3067116558239372,0.0
3777,AMGN,0.4496098282309089,0.3260334604948643,0.3018266756392453,0.0
3778,AMGN,0.4480371421966147,0.33793177340453845,0.30087158003641856,0.04013129426168086
3779,AMGN,0.44584355562729705,0.3459771191277197,0.3021041739566175,0.024441946616850837
3780,AMGN,0.44364384520613376,0.3535809091022643,0.3049773354792512,0.02502295538739195
3781,AMGN,0.4425613445658416,0.36181950188447826,0.3093204945904867,0.028383940727606624
3782,AMGN,0.441297065104997,0.37161458057169894,0.3152259358982712,0.037451230795751585
3783,AMGN,0.44026358669407406,0.38004088135702585,0.32204150366157597,0.03904825732549508
3784,AMGN,0.4409314710001695,0.382452104455025,0.3280923681778989,0.07528733812494064
3785,AMGN,0.44157688688835517,0.384564113516755,0.33345721203106965,0.0
3786,AMGN,0.4420058058398064,0.38261721048284025,0.3372659104052298,0.0
3787,AMGN,0.4420834223335084,0.3804161281636877,0.3397666109235865,0.0
3788,AMGN,0.44232034573934476,0.3859407394297244,0.3431382532258048,0.0
3789,AMGN,0.4412092593116741,0.378794787565698,0.3440621056061041,0.0
3790,AMGN,0.4410413742199699,0.37845672574459255,0.3447172883150041,0.0
3791,AMGN,0.4417276365639813,0.37807596091953144,0.3451469373799912,0.0
3792,AMGN,0.4437741689113026,0.39965728377082854,0.35084664630175555,0.0553988256692243
3793,AMGN,0.4460065669686597,0.41204487198247447,0.3584807288994452,0.025710913395743842
3794,AMGN,0.44810211506297204,0.4257992081809728,0.36800150596120834,0.03684313290905445
3795,AMGN,0.4513148893934229,0.442346614750587,0.3797248146408389,0.042183910472230135
3796,AMGN,0.45463999584053383,0.45598298815026467,0.39248769690529317,0.04398709573012204
3797,AMGN,0.45830005918204186,0.466094331519541,0.4052074063806887,0.045612266796131534
3798,AMGN,0.46086946156769226,0.47636056129398346,0.41793101688047385,0.0774646698118186
3799,AMGN,0.4637207162166881,0.48449601051071445,0.43012893730461416,0.0
3800,AMGN,0.46625538802004796,0.48728243890852585,0.44057880130500054,0.0
3801,AMGN,0.4689024034088902,0.49139746288277975,0.44995994713593834,0.0
3802,AMGN,0.4710939540131327,0.49172396108331484,0.4575458931704503,0.0
3803,AMGN,0.4728872228763539,0.487199660053864,0.46249182218330276,0.0
3804,AMGN,0.476069355508574,0.49276167797176773,0.46782893075471943,0.0
3805,AMGN,0.47850395287185465,0.4882708239274616,0.4709840905721757,0.0
3806,AMGN,0.481261256932616,0.48334230287797886,0.4722850724674717,0.0
3807,AMGN,0.48340174784648093,0.4712094865173594,0.47031477105727176,0.04729249561121138
3808,AMGN,0.4845618639831861,0.45766981386938144,0.46537829351847204,0.023065854696795392
3809,AMGN,0.48721296376828915,0.4503560004384873,0.45961399063258745,0.025952604600928065
3810,AMGN,0.4894923336292525,0.445185039218024,0.45371923427170424,0.022713696186767142
3811,AMGN,0.4917369783930141,0.4398943800008496,0.4476904088316163,0.024864642370895734
3812,AMGN,0.4920024940686063,0.43623564867243503,0.4419593352250067,0.03866566753562922
3813,AMGN,0.4924048502329992,0.4298618775846023,0.4357926524478676,0.1089832082660503
3814,AMGN,0.49240893811977093,0.4245508106168759,0.4295412211388506,0.0
3815,AMGN,0.4917533079997458,0.4192788129083515,0.4232316870989653,0.0
3816,AMGN,0.4911078926102044,0.41618987186528456,0.4174174555012725,0.0
3817,AMGN,0.4899477849504543,0.40827049357192924,0.41080066204946225,0.0
3818,AMGN,0.48905225144588993,0.4078347714648053,0.4053990910481399,0.0
3819,AMGN,0.48808004645853975,0.40756493737468985,0.40101086761073784,0.0
3820,AMGN,0.48755922485139536,0.4093612646170261,0.3979460961090456,0.03546563376218571
3821,AMGN,0.4872651129168917,0.4159584640549057,0.39713155259486066,0.03998494267309769
3822,AMGN,0.4873386420224679,0.42293251877123933,0.39821071831295674,0.029188874464814052
3823,AMGN,0.48766952349620274,0.42709059332505295,0.4001059896851538,0.026966335616558836
3824,AMGN,0.4869791792491531,0.4294646826624456,0.40221140134034483,0.03062864339817131
3825,AMGN,0.4883414892066926,0.4446548778454096,0.407665588936968,0.06927144349808441
3826,AMGN,0.48895830235358995,0.4478499936723842,0.41282189352780235,0.0925163678068722
3827,AMGN,0.4903226512680714,0.45030067144021446,0.4175551392508672,0.0
3828,AMGN,0.49201787666984353,0.4518839012973477,0.42173465719091086,0.0
3829,AMGN,0.4934761811590027,0.45400780393038703,0.42560537549484656,0.0
3830,AMGN,0.4944606423270006,0.45123613676482727,0.4280140858764261,0.0
3831,AMGN,0.4957085827068708,0.4505105827753649,0.42976098831180765,0.0
3832,AMGN,0.4976244009104591,0.45728916630957644,0.4328407993225166,0.0
3833,AMGN,0.49969544561907586,0.460475509784309,0.43609542554786285,0.0
3834,AMGN,0.5017624024409209,0.4622629551173608,0.43914272949006555,0.0
3835,AMGN,0.5039069722659577,0.46293402788546845,0.44174711752332463,0.0
3836,AMGN,0.5054428917528857,0.4576413288459095,0.44251710136138905,0.0716412134516811
3837,AMGN,0.506958383274779,0.44730943491849806,0.44056894917468215,0.05305561712172864
3838,AMGN,0.5076823457082518,0.436264443089146,0.4362693136136949,0.030231981340172454
3839,AMGN,0.5084707319208177,0.42803197095076373,0.43078649427528554,0.03953973129004
3840,AMGN,0.5095348390652163,0.42623876495809904,0.42595520617895544,0.030611053063005062
3841,AMGN,0.5102619498596321,0.42630853105846184,0.42210749004890413,0.06304815881961814
3842,AMGN,0.5111197802828689,0.42941702544157484,0.4198007742014682,0.09445148057851094
3843,AMGN,0.5241955238867941,0.558192347286109,0.4499144847675654,0.0
3844,AMGN,0.5402409880811092,0.6877509114075147,0.5061589192450423,0.0
3845,AMGN,0.5551814936887562,0.7880929667248062,0.5760570650331885,0.0
3846,AMGN,0.5721910020562118,0.8757169586038063,0.6537218480331064,0.0
3847,AMGN,0.5871172080384697,0.9176618784268029,0.7262634421205666,0.0
3848,AMGN,0.6032362033329384,0.9573306367473975,0.7941415939646843,0.0
3849,AMGN,0.6201966869778031,0.9923300339733883,0.8571301636160976,0.0
3850,AMGN,0.6362789182181281,1.0,0.9094245291030156,0.0
3851,AMGN,0.6513603502067697,0.9907396580122283,0.948961816865946,0.0
3852,AMGN,0.665216313723962,0.9718645743121577,0.9759072839345919,0.0
3853,AMGN,0.6791090452844522,0.9494721375630208,0.9919063680416971,0.7160267302733186
3854,AMGN,0.6932836355906651,0.9285930217913922,0.9995239173596083,0.16234823938335322
3855,AMGN,0.7074357495006574,0.9059561335146213,1.0,0.13716398062248678
3856,AMGN,0.7220474140874442,0.8821574305282568,0.9944745735172167,0.12501679877008376
3857,AMGN,0.7370205958624627,0.8562678532202931,0.9836290326538558,0.12766731047293375
3858,AMGN,0.7508156928499106,0.816058212014674,0.9649734886544412,0.1374605536733897
3859,AMGN,0.7651250792028947,0.7860239231138368,0.9425952313606701,0.18065326986740404
3860,AMGN,0.7790423216287472,0.7589705723730683,0.9179786039571544,0.0
3861,AMGN,0.7927430591395552,0.733194581390152,0.8918882918795908,0.0
3862,AMGN,0.8061660203063243,0.7096525444582737,0.8651734482541671,0.0
3863,AMGN,0.8076937710007317,0.6900079020019338,0.8389262233677518,0.0
3864,AMGN,0.8066316983254751,0.6747081785403557,0.8141314027778768,0.0
3865,AMGN,0.8054184845387398,0.6601259579648664,0.7906765733957967,0.0
3866,AMGN,0.801946323869632,0.6355540189554452,0.7658145178373278,0.0
3867,AMGN,0.8003736393312724,0.6121891802950783,0.7401262559766366,0.0
3868,AMGN,0.7975428071622228,0.5910184729904681,0.7143215621853458,0.0
3869,AMGN,0.7898917960136052,0.5321384726343331,0.6790651406426311,0.20336028172680803
3870,AMGN,0.7831598951941738,0.4811084543086612,0.6381955225106035,0.11367630968840481
3871,AMGN,0.7766404039233503,0.43399180914202895,0.5938065566274229,0.07385900290944143
3872,AMGN,0.7712626402797826,0.4037369610170324,0.550786824082604,0.059559115839393204
3873,AMGN,0.7658869170890901,0.37892447300922544,0.5102131472461285,0.048206665329801196
3874,AMGN,0.7603455068311971,0.3609192668356425,0.47328572629900556,0.06759068697294958
3875,AMGN,0.7545878469641911,0.34474267263218683,0.43972912964103894,0.13902503808307565
3876,AMGN,0.7488297845914276,0.3323968410160984,0.4098198998843088,0.0
3877,AMGN,0.7434070915917066,0.3252511662370643,0.3841191233835934,0.0
3878,AMGN,0.7392278407007455,0.31877668885758986,0.3619516852978564,0.0
3879,AMGN,0.7344444277698976,0.3145245136421356,0.343162442404193,0.0
3880,AMGN,0.7299673829542015,0.31624665039503386,0.32855844295852116,0.0
3881,AMGN,0.7255924605111259,0.3191283781164824,0.31759042217084466,0.0
3882,AMGN,0.7211889438037158,0.32245876338448753,0.3096425308290146,0.0
3883,AMGN,0.7167118989880197,0.32751185305731717,0.3045382787913176,0.0
3884,AMGN,0.7118672136308883,0.3318500904836998,0.3015315282543686,0.0
3885,AMGN,0.7076270927196724,0.3428807540519914,0.3018636856904514,0.0
3886,AMGN,0.7037872940023515,0.346175979738223,0.30294721112531964,0.08145591686103987
3887,AMGN,0.7004254264929632,0.3529381897868345,0.305492257011786,0.04898398224079761
3888,AMGN,0.6963303248359574,0.35066087391980116,0.30696311612074023,0.04406343778474355
3889,AMGN,0.6959708520897543,0.3483728302966996,0.3075719634245177,0.029558271503305224
3890,AMGN,0.6956787711338821,0.3444799137341402,0.30709290860560656,0.03609712679465395
3891,AMGN,0.6962339119416883,0.3447074829299646,0.3067661422088055,0.03688042441960689
3892,AMGN,0.6963580868627917,0.34805807193318633,0.3073362684836701,0.07693115494622635
3893,AMGN,0.696545989535192,0.35087532417122785,0.30849154693527303,0.0
3894,AMGN,0.6971446719717935,0.3591310770764311,0.3114646583388854,0.0
3895,AMGN,0.6979820804137282,0.3660452042448404,0.31555907534741384,0.0
3896,AMGN,0.6986013504813009,0.3692673245014479,0.31963426534824324,0.0
3897,AMGN,0.6992222545068354,0.37391566711077495,0.32404802944065264,0.0
3898,AMGN,0.7000065543285632,0.37783499031478807,0.32855172689965995,0.0
3899,AMGN,0.7000637428572309,0.3734522333235642,0.33106698503808923,0.0
3900,AMGN,0.7000065543285632,0.37320488310890954,0.3330178048950285,0.0
3901,AMGN,0.6993162070896464,0.36727575655793726,0.33310698747115375,0.0
3902,AMGN,0.7007377530097503,0.38523099684556805,0.33763441262236293,0.07894999771325643
3903,AMGN,0.7018202561432636,0.39748277600229487,0.3442969635090343,0.06331992949793665
3904,AMGN,0.7028426701336481,0.4060354821882521,0.3517495898585678,0.039525131311852015
3905,AMGN,0.7033491931126927,0.4141298057511185,0.3597205165178518,0.03657153813408761
3906,AMGN,0.7049213441015474,0.4254520468128207,0.3689071785615863,0.034655071117725075
3907,AMGN,0.7065258945101345,0.43793848476166525,0.3793553558959064,0.04140078875062885
3908,AMGN,0.7095058183621883,0.4535547380343271,0.3915894938880891,0.0940936931612295
3909,AMGN,0.7127328903234496,0.46669685081500234,0.4046383754458142,0.0
3910,AMGN,0.716121315633452,0.4752313703354447,0.41719555281866344,0.0
3911,AMGN,0.7192180698732775,0.48065651180639285,0.4285876904812654,0.0
3912,AMGN,0.7220779101815102,0.4840534209633682,0.4385444356041175,0.0
3913,AMGN,0.7250231194078944,0.48624956169769784,0.4470548634952828,0.0
3914,AMGN,0.727637452146987,0.4890171515052104,0.45455005816297317,0.0
3915,AMGN,0.7309870659689497,0.497837499100032,0.4627352220004377,0.0
3916,AMGN,0.7344878238942578,0.5026311723481725,0.4704730328956094,0.05015391543270466
3917,AMGN,0.7383460031427167,0.5107272695862344,0.4786725473769333,0.0491086977171263
3918,AMGN,0.7425514009513083,0.519418360930906,0.48738908862667846,0.0366554440328306
3919,AMGN,0.7480578417762449,0.5307611108744971,0.497177332177186,0.048125573884684796
3920,AMGN,0.7533518196976234,0.5388206439363841,0.5070081183923335,0.036931612294940665
3921,AMGN,0.7596085662597725,0.547576683424927,0.5170457956697807,0.0552943390783368
3922,AMGN,0.763183260683129,0.5469459044147386,0.5249193925993907,0.08715043606440877
3923,AMGN,0.7671660272316072,0.5470588566310544,0.5312463022942093,0.0
3924,AMGN,0.7712538167671679,0.5454943709020259,0.5359195605514369,0.0
3925,AMGN,0.7744491072487811,0.5347431230223739,0.5369899538610565,0.0
3926,AMGN,0.7776195167512148,0.5296657116632153,0.5365861713879118,0.0
3927,AMGN,0.7808923298617092,0.5291862730950557,0.5361441597459106,0.0
3928,AMGN,0.783817116109502,0.5299661232316315,0.5359840913613922,0.0
3929,AMGN,0.7860972635964303,0.5238747696806888,0.5343443023213368,0.0
3930,AMGN,0.7888709112259669,0.5218475280218535,0.5325293561756389,0.13699528930824248
3931,AMGN,0.791350447419644,0.515392058941461,0.5294752997980621,0.04445710948576414
3932,AMGN,0.7939586543123132,0.5104300073959436,0.5258005872367626,0.04084124018899056
3933,AMGN,0.7959990653010096,0.49984107353057666,0.5202328865095336,0.023833848730153703
3934,AMGN,0.7969263319566071,0.48080074534769285,0.5110533528929592,0.03677277156838946
3935,AMGN,0.7975737917881784,0.46970379637639176,0.5009557176163473,0.03679387997058896
3936,AMGN,0.7977494392772195,0.4542812809468254,0.48905009456235443,0.06448353016918384
3937,AMGN,0.7974573732806793,0.44220024601379326,0.47652736015617714,0.0
3938,AMGN,0.7967568153004341,0.4315938146602618,0.4638768994775405,0.0
3939,AMGN,0.7957723531351468,0.42585048554441385,0.4523311682899707,0.0
3940,AMGN,0.7943386008988353,0.417022407094768,0.4409036566156329,0.0
3941,AMGN,0.7930286620664386,0.4152297070271613,0.43131674020956323,0.0
3942,AMGN,0.7926401831756293,0.41747493725055207,0.42420442176360396,0.0
3943,AMGN,0.7915862802901827,0.4143606288907374,0.41774166705447524,0.0
3944,AMGN,0.79080606536336,0.4146408849192967,0.41264101640975887,0.0
3945,AMGN,0.7900494576385761,0.4070729327781404,0.406682303636325,0.041609586029052195
3946,AMGN,0.7890486623760475,0.4033918778099741,0.4010017799473288,0.030658195161250602
3947,AMGN,0.7868652875453472,0.39308339620216753,0.3938990321400692,0.028284731237268993
3948,AMGN,0.7840017722279042,0.3806036237337046,0.38511964041438146,0.023491013097763566
3949,AMGN,0.7817922128418955,0.3726619293254716,0.37612518051196653,0.025782506059870463
3950,AMGN,0.7793902926432761,0.3688973736537928,0.36799533615907937,0.021881849236755357
3951,AMGN,0.7773886841670201,0.3670084336191912,0.3610226690562623,0.05072173145187108
3952,AMGN,0.7742085919876747,0.35499587201998,0.3524632929230141,0.0
3953,AMGN,0.7715472769734437,0.346077390446256,0.34340242930885234,0.0
3954,AMGN,0.7708038305885636,0.35014651626745263,0.3371636021785867,0.0
3955,AMGN,0.7694210896741227,0.3519613490350687,0.33262294036981604,0.0
3956,AMGN,0.7694047500945032,0.36228034595897685,0.3315513494392986,0.0
3957,AMGN,0.7686122804829658,0.3633023461008238,0.3309477137049955,0.0
3958,AMGN,0.7684447997918675,0.3703942563045741,0.33222485467762775,0.0
3959,AMGN,0.7674317458554691,0.37037539660335994,0.3332418869101723,0.0
3960,AMGN,0.7669088793076511,0.3717886603881591,0.3344062523744106,0.0
3961,AMGN,0.7666423788093737,0.38121520575529855,0.3376771972416442,0.040998145978673475
3962,AMGN,0.7651435509859583,0.3797559630135829,0.3399318025339978,0.04101556041048806
3963,AMGN,0.7646165950554349,0.3843285795781843,0.34287030539102986,0.030558985670912975
3964,AMGN,0.7635863418764757,0.3857123927166433,0.3455645383794698,0.020181567439585994
3965,AMGN,0.764116525532184,0.3956507163637352,0.3501863889047641,0.022528997667521557
3966,AMGN,0.7647905306982601,0.40731900760325007,0.35677967176368125,0.025542046178147877
3967,AMGN,0.7659445060292089,0.41400897220531574,0.36371459392547995,0.04522000232192424
3968,AMGN,0.767582552875202,0.4196688347604469,0.3706671798123327,0.0
3969,AMGN,0.7690642248381194,0.42385925572655825,0.3772692149576607,0.0
3970,AMGN,0.7705429547990912,0.4289857191778041,0.3838231137997048,0.0
3971,AMGN,0.7715029100881705,0.4279549089071266,0.388810409391189,0.0
3972,AMGN,0.7731246133653893,0.4228376941886367,0.39153027046207595,0.0
3973,AMGN,0.775665417996195,0.4281562318530547,0.39502609846177544,0.0
3974,AMGN,0.7770297728944091,0.4301463516744253,0.3983166629859933,0.0
3975,AMGN,0.778663730856342,0.43223894493248766,0.401468448288036,0.0
3976,AMGN,0.7803303679775135,0.44220232703183887,0.40646255959770267,0.0
3977,AMGN,0.7830304865014748,0.45283839749915455,0.4130974775478188,0.06365168321917206
3978,AMGN,0.7860655589279655,0.4699437792244377,0.4226505755825129,0.06473700689892946
3979,AMGN,0.7904690716462195,0.49094072843573705,0.43550401553692664,0.051783308179154046
3980,AMGN,0.7952810778441122,0.5117155843195569,0.45094261055379986,0.05737334079163545
3981,AMGN,0.7989237499649664,0.5224932483832185,0.465968255754851,0.07150137028710946
3982,AMGN,0.8035679493583245,0.5309520140936772,0.48008804368306357,0.058072908421197056
3983,AMGN,0.807460853703986,0.5337184700163913,0.49207044497617447,0.12691092606078516
3984,AMGN,0.8115833723259032,0.5343850195062716,0.5018217883161813,0.0
3985,AMGN,0.8152565490177781,0.5373699223822088,0.5103636474655313,0.0
3986,AMGN,0.819104518522197,0.5438025364134164,0.5187935621466789,0.0
3987,AMGN,0.8216534989265454,0.5312561495795224,0.5224237682530737,0.0
3988,AMGN,0.8243086806146867,0.5216188195064385,0.5229361687096924,0.0
3989,AMGN,0.8269393529333993,0.5124062290887439,0.5210597352935706,0.0
3990,AMGN,0.8293657805068695,0.5038876069071648,0.5174444617891297,0.0
3991,AMGN,0.8316982554975287,0.4903304882171644,0.511187676867185,0.0
3992,AMGN,0.8344351350837664,0.4789158169546118,0.5033493891560482,0.0
3993,AMGN,0.835489037969213,0.4610684187967143,0.4926494438415981,0.0
3994,AMGN,0.8357742411229099,0.4364979335528294,0.4779916563285178,0.07403385084099393
3995,AMGN,0.8363849309166049,0.4211110215066328,0.4624467474290434,0.05542714610884196
3996,AMGN,0.8364870567797364,0.4121901852820033,0.4477968732315166,0.035272667785411986
3997,AMGN,0.8363338732208052,0.40570407463597186,0.43446726987821516,0.02965026895622469
3998,AMGN,0.8350103712607946,0.39769788474407514,0.42181663437295425,0.029061168631507105
3999,AMGN,0.8334213536251918,0.3970682777963856,0.4115398719554453,0.04979577620871988
4000,AMGN,0.8311869156136038,0.3952221328243506,0.4028602911545613,0.058349076683307126
4001,AMGN,0.8298245971791096,0.39872103625078564,0.3967849741465109,0.0
4002,AMGN,0.8283058307602711,0.4012521528478589,0.392552885664161,0.0
4003,AMGN,0.8267331512083542,0.40028892044645864,0.38892816267434344,0.0
4004,AMGN,0.8253810509948551,0.4018597359443309,0.3864182246846601,0.0
4005,AMGN,0.8233386035424388,0.3998468375509879,0.3839107190489955,0.0
4006,AMGN,0.8211531847683537,0.40243646202972716,0.38254739997973425,0.0
4007,AMGN,0.8205527052173429,0.4050583266706375,0.3821074314328752,0.0
4008,AMGN,0.8198582730835215,0.40776097463735034,0.3824261918737808,0.0
4009,AMGN,0.8191965201089384,0.40985559443538017,0.3832010368499437,0.0
4010,AMGN,0.818085428694824,0.4066674152026999,0.38302967982104963,0.0
4011,AMGN,0.8158406502943643,0.3865435170370699,0.377898303929753,0.06136124567717513
4012,AMGN,0.8134305578127137,0.369438583055002,0.3695481506617178,0.029290546602074957
4013,AMGN,0.8120580341219785,0.3592268108279892,0.36033370024288053,0.03866760247249751
4014,AMGN,0.8125571272994989,0.3613641522343331,0.3534925790552178,0.022143065713974112
4015,AMGN,0.8119872889480741,0.35658434608611334,0.3468334437762425,0.036930908681534015
4016,AMGN,0.8111376238268475,0.353784103500147,0.3408111795271207,0.026216811435125085
4017,AMGN,0.8103553629620617,0.35346353520731216,0.3359138104252342,0.06687018684454013
4018,AMGN,0.8098243271230774,0.3535094081430045,0.332007299754918,0.0
4019,AMGN,0.8087908462189333,0.3544396700979713,0.32911296091350795,0.0
4020,AMGN,0.8080637354245175,0.35750407471676837,0.32755800482805597,0.0
4021,AMGN,0.8076736279611052,0.3688029680148686,0.32911816629622587,0.0
4022,AMGN,0.8061409753928124,0.3658425614106612,0.32963159040658563,0.0
4023,AMGN,0.8052177891443204,0.36735142599000503,0.3304167952990322,0.0
4024,AMGN,0.8038779436155354,0.3668788859891728,0.3309276856157937,0.0
4025,AMGN,0.8036777837651985,0.3755773922753588,0.3334951677524162,0.0
4026,AMGN,0.8035164269259472,0.3872413443238542,0.33844387901264283,0.037289399712222115
4027,AMGN,0.8025973275669371,0.3892248419144623,0.34289510665939416,0.02700943193771614
4028,AMGN,0.8015842766224046,0.39062566225774953,0.3468037402780286,0.016618645051662814
4029,AMGN,0.8006610893766242,0.39283499428015606,0.3504789527411651,0.014550725249518904
4030,AMGN,0.8000912515238436,0.39362438725537685,0.3536150319545787,0.012646571467772746
4031,AMGN,0.8009839247243606,0.3920537899266892,0.35573410906772995,0.01977611021400402
4032,AMGN,0.8025443575698725,0.39640253517779434,0.35850862965270747,0.0609916727353323
4033,AMGN,0.8038106739930821,0.3996173792927574,0.36152609674311526,0.0
4034,AMGN,0.8036431967924944,0.3968257243291711,0.3632472456405392,0.0
4035,AMGN,0.80431720195857,0.39657646795593815,0.3645623050398058,0.0
4036,AMGN,0.805456891127529,0.4017380693913733,0.3668953437272848,0.0
4037,AMGN,0.8062779555020447,0.4037781910500372,0.36926808611165857,0.0
4038,AMGN,0.8052853260401709,0.38614080777355664,0.36678908575346836,0.0
4039,AMGN,0.8057346644797021,0.3879183823125512,0.36524703872400377,0.0
4040,AMGN,0.8062881722271067,0.39235404386909456,0.3651142306297043,0.047519410934855955
4041,AMGN,0.8052324697340292,0.38750828518637526,0.3638053779180438,0.023090129359324814
4042,AMGN,0.8057063210335005,0.3876749295251449,0.36279965305397077,0.03587759941177919
4043,AMGN,0.8057430845889995,0.3868158726488726,0.36178187493632163,0.014896023528832318
4044,AMGN,0.8060841703216868,0.3874475324325644,0.3611244159223456,0.044667489894352444
4045,AMGN,0.8060678312407115,0.393040418645488,0.3619864748755963,0.0233736855622047
4046,AMGN,0.8057880169370191,0.3993179506120797,0.36423406158603716,0.05233406157320922
4047,AMGN,0.806572314764169,0.40806736882158506,0.3682035360100272,0.0
4048,AMGN,0.8062373503901066,0.4028542088281785,0.37008532872883027,0.0
4049,AMGN,0.8058656259510562,0.3993580201442021,0.37072308900807,0.0
4050,AMGN,0.8063210867465007,0.40424990409121986,0.372447350701052,0.0
4051,AMGN,0.8072647024559614,0.4108753384756679,0.37547104100917633,0.0
4052,AMGN,0.8076364293882339,0.41545275730762943,0.3790260036915117,0.0
4053,AMGN,0.8082246542545297,0.4208928220279876,0.38322007321015283,0.0
4054,AMGN,0.8081587658770579,0.4127643582669517,0.38455803043074466,0.04578359666065077
4055,AMGN,0.8081526325509678,0.40877685285287185,0.3846387887603929,0.036864944924660595
4056,AMGN,0.8072294423133206,0.401284154384871,0.3828438794032511,0.027587978061333982
4057,AMGN,0.8070619636168002,0.4013149272244074,0.3814155890309714,0.02777373200068954
4058,AMGN,0.8078258444490918,0.39186728790341585,0.37792826920144956,0.02213620548325928
4059,AMGN,0.8069557653248736,0.3829155008577708,0.3729167849755273,0.02920277082959539
4060,AMGN,0.8047887191036165,0.3654441600205597,0.36457161125669574,0.10150872304720894
4061,AMGN,0.8034036968910563,0.3519163335760467,0.35453817582716585,0.0
4062,AMGN,0.8016308490118482,0.341632266298639,0.34395915770468766,0.0
4063,AMGN,0.7999642123893209,0.3342203099710155,0.3336564655344091,0.0
4064,AMGN,0.7981852436501331,0.3291430497587832,0.3241542521885484,0.0
4065,AMGN,0.7967514450398925,0.3345358031811502,0.3178908393048856,0.0
4066,AMGN,0.794341359539263,0.33111765920412267,0.31203180400956765,0.0
4067,AMGN,0.7913267125845853,0.32672819000837683,0.3062552101292237,0.05699286184198954
4068,AMGN,0.7896028864361018,0.32564154230219466,0.3013642539711457,0.03136374350476874
4069,AMGN,0.7881568276560582,0.3291619282746578,0.2983251681528664,0.019802495716753386
4070,AMGN,0.7860735297586605,0.33368971729619806,0.297017592952689,0.04098231467702385
4071,AMGN,0.7830098525963032,0.3305856212452152,0.2952011673011632,0.03646441299292517
4072,AMGN,0.7793763430662546,0.32249843956039936,0.2917409736507197,0.042745745777440045
4073,AMGN,0.7754793543243328,0.3163211301179666,0.28743975211583705,0.0621589673769644
4074,AMGN,0.7733802484022436,0.3190765683016495,0.28468261148817997,0.0
4075,AMGN,0.7730309958716131,0.34297606199421915,0.28840820552422397,0.0
4076,AMGN,0.7707720529783959,0.3381191075136786,0.29018329597643605,0.0
4077,AMGN,0.768063765661914,0.3362375383469986,0.2911364059981702,0.0
4078,AMGN,0.7667484240174702,0.34059437852010616,0.2929801618841127,0.0
4079,AMGN,0.7644690491700628,0.3329648711910106,0.2925616977484557,0.0
4080,AMGN,0.7632231612105329,0.3279022775097309,0.29097050672710556,0.0
4081,AMGN,0.7626471910289512,0.3315272041434453,0.2905971776141719,0.0
4082,AMGN,0.7611521194937829,0.3253064501571419,0.2887546657692936,0.0
4083,AMGN,0.759505912332223,0.3196841572507181,0.28588533206165867,0.0346526084708018
4084,AMGN,0.7585357547787694,0.3232417805762132,0.2844727856612451,0.029088081844311463
4085,AMGN,0.756828268209905,0.3277593525578161,0.2844639063602309,0.02671725647060479
4086,AMGN,0.7560194545309487,0.33312700919371774,0.2857889322652839,0.015450294989920737
4087,AMGN,0.7551166837813814,0.3346159250317409,0.28721846777313104,0.016279855196360913
4088,AMGN,0.7539198125661319,0.3349705874314826,0.2884501152578666,0.023822415012295643
4089,AMGN,0.75241657423302,0.3363112883581443,0.2897681644856692,0.03891421897152828
4090,AMGN,0.7505416089676347,0.3351640324877966,0.29053788125695235,0.0
4091,AMGN,0.7502475025182203,0.3441223517555044,0.2933769041840755,0.0
4092,AMGN,0.7497953001644557,0.3436788631678658,0.2955380588234505,0.0
4093,AMGN,0.749619648686259,0.3461397490115563,0.29787771799579865,0.0
4094,AMGN,0.7487373113868148,0.3479358642115355,0.3001951999578538,0.0
4095,AMGN,0.7458697151636224,0.3500020051800812,0.302561954358217,0.0
4096,AMGN,0.7446360769023634,0.3450396276030976,0.3032238095057325,0.0
4097,AMGN,0.7429204210423341,0.3379578340772883,0.30199575479125246,0.0
4098,AMGN,0.7394605195457404,0.3199873820621907,0.2965534567272677,0.061171621864082995
4099,AMGN,0.737113745926981,0.3067358801725913,0.28891089924255553,0.031239731641846704
4100,AMGN,0.7348180369850423,0.29810129938447383,0.2806539482149675,0.028163357924621896
4101,AMGN,0.731390815146332,0.28743902485658945,0.2714022552433,0.018642237209187784
4102,AMGN,0.7287785203668924,0.2790458482983555,0.2619179068228184,0.018992108975644423
4103,AMGN,0.7264542141687538,0.27525918429261886,0.2533906648737062,0.03233050832550564
4104,AMGN,0.7238460047828634,0.2777934694580213,0.2471978228045399,0.04936885877423508
4105,AMGN,0.7211377199596032,0.28098107360692537,0.24303463943641943,0.0
4106,AMGN,0.7186173442911219,0.28780412314647985,0.24139741724765504,0.0
4107,AMGN,0.7160806280457312,0.2907789883030756,0.24082593284212037,0.0
4108,AMGN,0.7136909620331822,0.29433460898780084,0.24125116887385015,0.0
4109,AMGN,0.7110643776012417,0.29616964920065103,0.2420467726194114,0.0
4110,AMGN,0.7087727515596298,0.2993686317832524,0.24347716976951353,0.0
4111,AMGN,0.7044264233808883,0.29066125960976646,0.24246051729636767,0.04102980858197272
4112,AMGN,0.7010286048071825,0.28690159949624927,0.24071413385222112,0.03193648481778172
4113,AMGN,0.6976401829876901,0.28750960838674333,0.2394679209674537,0.03507161025446179
4114,AMGN,0.6939270135191977,0.2851274458845509,0.23787975252774674,0.035961153503818864
4115,AMGN,0.6899074724450429,0.2814331232890399,0.23569237158473003,0.031437622912466975
4116,AMGN,0.6867294257050167,0.28153551841651997,0.23396787895397556,0.04100746885631159
4117,AMGN,0.6840252222861509,0.2840988571437504,0.23322444676760928,0.0650043799934564
4118,AMGN,0.6824811275243245,0.28642608346664067,0.23320726524988952,0.0
4119,AMGN,0.6809635905631128,0.2897374074088844,0.23401531473987236,0.0
4120,AMGN,0.6795624696161777,0.29549006689543833,0.23608943256066858,0.0
4121,AMGN,0.678406439371666,0.29869165523812535,0.2385432876608857,0.0
4122,AMGN,0.6778161765457171,0.30694648310229156,0.2425550308094068,0.0
4123,AMGN,0.6770890607648572,0.31445458175107877,0.2476277633209703,0.0
4124,AMGN,0.6759697985636439,0.32129207376503477,0.25338285812706596,0.0
4125,AMGN,0.674556425923861,0.3242809479335196,0.25872870403307197,0.04809127273111062
4126,AMGN,0.673537249132905,0.3345755701206277,0.2655602700233914,0.030000668432736317
4127,AMGN,0.673398364202074,0.34893943426662133,0.2745903046649377,0.02505989509124107
4128,AMGN,0.6743419739278012,0.37207109958306617,0.28755508151265696,0.03835185595626339
4129,AMGN,0.6758431678188836,0.39418630599214993,0.3034153903225933,0.03650451895710421
4130,AMGN,0.6769991935755955,0.4085491003597857,0.31966815372536495,0.03622500853131255
4131,AMGN,0.6787352739101493,0.4134076717505183,0.33387615050425407,0.08900111522724954
4132,AMGN,0.6807041962461446,0.421311789719713,0.34720416883834404,0.0
4133,AMGN,0.6820460857183157,0.42297167038035727,0.35827852783973896,0.0
4134,AMGN,0.6837821660528696,0.42399056324543655,0.36739088089609345,0.0
4135,AMGN,0.6864291824390008,0.43090085179180915,0.3763957385688105,0.0
4136,AMGN,0.6891211266853516,0.43807801951744063,0.3853808332298162,0.0
4137,AMGN,0.6916619343080241,0.44282040736741407,0.39374586092349984,0.0
4138,AMGN,0.6935818349132954,0.438555433888275,0.3993794144176733,0.0
4139,AMGN,0.6965821907195391,0.44626277853592444,0.4057990434957918,0.03445278226331325
4140,AMGN,0.6996581210706778,0.4544658659103159,0.41297056502300716,0.031073502974525675
4141,AMGN,0.702921946115906,0.4597397686738587,0.42001664402844124,0.023065326986740405
4142,AMGN,0.7061755683981161,0.46767624418179476,0.4276231585432211,0.02997393112328362
4143,AMGN,0.7087792451064328,0.46630904986906796,0.43336906386386,0.021903309445658176
4144,AMGN,0.7113813261526776,0.46444574930479426,0.4375033596287212,0.026410481025305455
4145,AMGN,0.7151230913814377,0.47090004870071156,0.4424126054127522,0.08471857222767523
4146,AMGN,0.718180630729905,0.47508633276292905,0.4473789417910975,0.0
4147,AMGN,0.7207091791800635,0.47753340359543106,0.45195931778549664,0.0
4148,AMGN,0.7221307236042338,0.4782910465471937,0.4558116481958351,0.0
4149,AMGN,0.7236932008917765,0.48313950347367124,0.4600967884025815,0.0
4150,AMGN,0.7253312432499697,0.483750424105933,0.4636765170660957,0.0
4151,AMGN,0.7280150192024442,0.4879092960864086,0.46757243669764703,0.0
4152,AMGN,0.7298246276452853,0.4852781020985094,0.47003617036425194,0.0
4153,AMGN,0.7324512150690929,0.48649513402634303,0.47230919672663746,0.0
4154,AMGN,0.736262416530213,0.49882649130819523,0.4771879780489091,0.09925698424257776
4155,AMGN,0.738942106590494,0.5019187582743867,0.48185843289039754,0.044916920847009816
4156,AMGN,0.7400777068753932,0.48915416525559496,0.48242691735144105,0.03327317438706477
4157,AMGN,0.7411336462245597,0.476857868101812,0.4798300458080921,0.026598873514935954
4158,AMGN,0.7434477401854362,0.47200770100343004,0.4765488482694691,0.023229796620544807
4159,AMGN,0.7449714104727385,0.47061265971187377,0.4735776729655162,0.028493528515692337
4160,AMGN,0.7461846247581176,0.4681614108320432,0.47059238893504857,0.05690104029242173
4161,AMGN,0.7474346085827297,0.46531619422833853,0.4674980441643722,0.0
4162,AMGN,0.7482454567308277,0.4622374910694488,0.4642585047902385,0.0
4163,AMGN,0.7511768126185592,0.47446883751108654,0.4647024131250854,0.0
4164,AMGN,0.7537012746778791,0.47891321856704805,0.4661605333021324,0.0
4165,AMGN,0.7548082787038668,0.47532719234541726,0.4664370599302728,0.0
4166,AMGN,0.7564749158250383,0.47744678632050563,0.4671843158745405,0.0
4167,AMGN,0.7575247338155804,0.47179984898141286,0.46638068021490486,0.0
4168,AMGN,0.7584805992233106,0.4652992406967966,0.4641244697103176,0.0
4169,AMGN,0.7591709464622274,0.46183349930514334,0.4614593837309224,0.0
4170,AMGN,0.7606619350970694,0.46454273961685366,0.45999968629472543,0.03979144898626898
4171,AMGN,0.7612093125102501,0.46070046369748585,0.457878363530749,0.024072373675008002
4172,AMGN,0.7620916483137607,0.4556121172701314,0.454918494365442,0.02456015366916801
4173,AMGN,0.7623530845795363,0.4487515424295075,0.45084796160785023,0.021057214324161733
4174,AMGN,0.7619895354153834,0.4486511437882318,0.44756661876023274,0.020883773619422546
4175,AMGN,0.7615013874823893,0.4412727390689184,0.4431103935499945,0.02928157553114017
4176,AMGN,0.7621100328340544,0.4324610583349273,0.43735855619469816,0.062200832374660064
4177,AMGN,0.7628800415073482,0.4255946558660706,0.4310530026013616,0.0
4178,AMGN,0.763106752177277,0.41990352080363796,0.42459615044975824,0.0
4179,AMGN,0.7630352615299989,0.4153261396415057,0.4182946676414278,0.0
4180,AMGN,0.7644853942347707,0.42691791045584887,0.41613029321782957,0.0
4181,AMGN,0.7646079410819149,0.4216671781775219,0.4130956822786328,0.0
4182,AMGN,0.7645956863972008,0.4157920912346416,0.40920993160994473,0.0
4183,AMGN,0.7632435861837013,0.41235578183993077,0.40524851784630406,0.0
4184,AMGN,0.762365333779162,0.41018613390597597,0.4015409299483239,0.0
4185,AMGN,0.7617791513603187,0.4052545386922835,0.39735095073417626,0.03914570778231608
4186,AMGN,0.761751369886353,0.4129556941192758,0.39591021762293294,0.02829722037523703
4187,AMGN,0.7620291452331034,0.4156108485136131,0.39541657959625987,0.02347201553578402
4188,AMGN,0.762237480856983,0.41552917175202775,0.3950013988747954,0.023604822566289176
4189,AMGN,0.762300797226652,0.41614373208506095,0.39482177408604735,0.015538950279158619
4190,AMGN,0.7611202566154227,0.4095678363468556,0.39304608765784055,0.024858133946884225
4191,AMGN,0.7605116112637575,0.4050556717788912,0.3905057226920811,0.0542872923900692
4192,AMGN,0.7598008410462502,0.39900905220250243,0.3869727983341771,0.0
4193,AMGN,0.7591595095543249,0.392768619097039,0.38259772638700873,0.0
4194,AMGN,0.7579585494550152,0.38794200176113247,0.3778998130365965,0.0
4195,AMGN,0.7576052100349027,0.386413147499573,0.37376205577116234,0.0
4196,AMGN,0.7580382133826142,0.391029647247927,0.3715975593823323,0.0
4197,AMGN,0.7588837866279152,0.39946884323319887,0.371960377281403,0.0
4198,AMGN,0.7593127005929223,0.40171146428997384,0.3728071987442063,0.0
4199,AMGN,0.7593943984910192,0.39992768940283785,0.37304196387306976,0.0
4200,AMGN,0.75791566653547,0.39757174088242936,0.37264508355369996,0.0
4201,AMGN,0.7572620833506964,0.3903534141740822,0.3705361560592601,0.0
4202,AMGN,0.7575398512177811,0.39302947675453737,0.3695131514585912,0.04614648527513043
4203,AMGN,0.7580738754326393,0.399230959691789,0.37023381369992137,0.04169314012109187
4204,AMGN,0.7584302840090196,0.4029051576578533,0.37172219521248123,0.027204860561413136
4205,AMGN,0.7583138630082984,0.397692333493001,0.3716191969470898,0.02109292270454921
4206,AMGN,0.7562869483288663,0.385288023325396,0.3684583328683106,0.028984122963478947
4207,AMGN,0.7552943218588584,0.3833182450758459,0.365440787792709,0.04432887594240221
4208,AMGN,0.7540565867352287,0.3774188139227377,0.36156264813990807,0.05068356042456033
4209,AMGN,0.7526370852571547,0.3720095195983294,0.35711767355188617,0.0
4210,AMGN,0.7519263175328694,0.3686257681068599,0.35272192431969196,0.0
4211,AMGN,0.7512237101241497,0.3671664512298101,0.3488431559338126,0.0
4212,AMGN,0.7517751709363019,0.37705282762582865,0.3481937132426093,0.0
4213,AMGN,0.7524696030701232,0.3850402723377638,0.3496564597882551,0.0
4214,AMGN,0.75316812009885,0.39149162641918916,0.3524277352373659,0.0
4215,AMGN,0.7532375633122323,0.39218232719782953,0.3548161716984753,0.0
4216,AMGN,0.7526615931306506,0.3917252325660881,0.35661348045675473,0.0
4217,AMGN,0.7516076902452036,0.391185403100324,0.35791735416331716,0.0
4218,AMGN,0.7510174254246773,0.39133420482591014,0.35899738230619793,0.04594789039110351
4219,AMGN,0.7508376915447981,0.39231970976537234,0.360105984557882,0.03422815368324028
4220,AMGN,0.7506824655384148,0.39247631812816647,0.36103173296528046,0.022476226662022817
4221,AMGN,0.7509204166503536,0.3913946557446258,0.3615038878802083,0.014844835653498542
4222,AMGN,0.7497848163654544,0.3845083874120955,0.3601725978510295,0.019264407364017914
4223,AMGN,0.7481049831189459,0.3776259934015209,0.35739951338447207,0.037245599777658164
4224,AMGN,0.7466088878668291,0.3732162026164688,0.3540866368144585,0.040764370424314064
4225,AMGN,0.7458695233849877,0.36991857508475573,0.35061793998944946,0.0
4226,AMGN,0.7457435392423899,0.3657432446090274,0.346806761207423,0.0
4227,AMGN,0.7460621555598785,0.3750910274507837,0.34607772362414746,0.0
4228,AMGN,0.7468137822061003,0.3826788538529693,0.34737761815124063,0.0
4229,AMGN,0.746752508782528,0.3792789206704604,0.34757374828632026,0.0
4230,AMGN,0.7454290028333626,0.3641918896491348,0.3439863971022237,0.0
4231,AMGN,0.7441422609383399,0.35399817752730633,0.3385866704546914,0.0
4232,AMGN,0.742688038352219,0.35544067641715515,0.3346248842978485,0.0
4233,AMGN,0.7410990142342397,0.35564969471534336,0.33150732892311074,0.0
4234,AMGN,0.7397428291258348,0.35877575348187324,0.32978910075729945,0.0
4235,AMGN,0.7376717899023069,0.3497612827855088,0.3261773332169986,0.06033062793978476
4236,AMGN,0.7358192940521207,0.34446839093525755,0.32197434474502074,0.03233596132940717
4237,AMGN,0.7334970263122793,0.33576761965249413,0.31645262196399027,0.027826151199484953
4238,AMGN,0.7317711557217659,0.3363884887823527,0.31218932922635856,0.027273814675264824
4239,AMGN,0.7299043557583911,0.33689680665025046,0.30890484787999606,0.02203981044654825
4240,AMGN,0.728677665608167,0.34400252601109554,0.30804073947925426,0.028634603003725632
4241,AMGN,0.727871918592256,0.3533180525629293,0.3096613529291888,0.0714299535263345
4242,AMGN,0.7271488966819,0.3558764166626291,0.3115927710188432,0.0
4243,AMGN,0.7268282284427157,0.36092594998457445,0.31439108392155884,0.0
4244,AMGN,0.726395230580092,0.36488061366679336,0.3176111911254686,0.0
4245,AMGN,0.7243446133378662,0.35132157340779635,0.3168222338808234,0.0
4246,AMGN,0.7244624217069213,0.36198620113602126,0.31883778424509157,0.0
4247,AMGN,0.723469792245047,0.37139560690850626,0.32278542337780963,0.0
4248,AMGN,0.7219788056047833,0.3738642593713588,0.32655619764169097,0.0
4249,AMGN,0.7208472897161449,0.37031174910312187,0.3286911654307176,0.0
4250,AMGN,0.7206062864018477,0.36451632348877455,0.32896084786044594,0.05148761464500944
4251,AMGN,0.719613654945396,0.3537415317814232,0.3265025374696755,0.029481225835277066
4252,AMGN,0.7177631915697744,0.34576436434917895,0.3225561390437061,0.0336066871418168
4253,AMGN,0.7161088131224722,0.34075334354120024,0.3181553997951661,0.030576400102727556
4254,AMGN,0.7147383323778342,0.3429271061780562,0.31517428645834933,0.02075483646265396
4255,AMGN,0.7144258319338816,0.34440672237902514,0.3131566026159392,0.019507857602718764
4256,AMGN,0.7137416045576561,0.34351087386002493,0.31132012647319035,0.04053305751687793
4257,AMGN,0.7134005208195466,0.34185303676626966,0.30943950839132994,0.0
4258,AMGN,0.7122771747207177,0.3397451604275665,0.307411887332859,0.0
4259,AMGN,0.7111374905382029,0.3379065297933298,0.30533348450561215,0.0
4260,AMGN,0.7091411986085134,0.3342074326029757,0.3027527311075612,0.0
4261,AMGN,0.7071600200918704,0.33532725980736366,0.30096604383387615,0.0
4262,AMGN,0.705517892340128,0.33521377579301775,0.29950852988371574,0.0
4263,AMGN,0.7034795297826162,0.33426341967864454,0.2981066621189546,0.0
4264,AMGN,0.7014411672251049,0.3338211617831906,0.29687540963441383,0.0
4265,AMGN,0.7014411672251044,0.33847917714887027,0.2970464202949462,0.0
4266,AMGN,0.7004934716071833,0.3536560611965289,0.30094978357716207,0.0
4267,AMGN,0.6990514997166226,0.36152873349478026,0.30602629101914625,0.031296548424433676
4268,AMGN,0.6977565900263683,0.36444314734633343,0.31081078768989323,0.03223921448599282
4269,AMGN,0.6973235971501892,0.37035727407717234,0.3161061357243683,0.020375237029766364
4270,AMGN,0.696829315891105,0.371337533581216,0.3205856920924867,0.014897254852293956
4271,AMGN,0.6971499816370672,0.37431262515365515,0.3249076867236809,0.02395504613944914
4272,AMGN,0.6970356050783764,0.3723260236150634,0.3278722534613218,0.03952495540850035
4273,AMGN,0.6973501374982489,0.376189360804618,0.3312026985909718,0.040564896023528835
4274,AMGN,0.6970907451758594,0.37891262764335054,0.33454290710451823,0.0
4275,AMGN,0.6969661593717724,0.38182187298288844,0.33793708192629934,0.0
4276,AMGN,0.6966965597985642,0.3801038221766291,0.34022604095276787,0.0
4277,AMGN,0.6969906722317125,0.383277548336089,0.3428448542622704,0.0
4278,AMGN,0.696770087906851,0.3791026380511757,0.3439037878695823,0.0
4279,AMGN,0.6964963999482272,0.3746409003106293,0.3436436337149781,0.0
4280,AMGN,0.6965004848431322,0.37137173003977725,0.3426241772621781,0.0
4281,AMGN,0.6961614385660315,0.3688179547868,0.3411748236168076,0.0
4282,AMGN,0.6951361299449181,0.35827080180665943,0.3373977790803824,0.0
4283,AMGN,0.6939065790717858,0.3467481181859895,0.3315164774861097,0.05092665885655785
4284,AMGN,0.693277505755086,0.3441575024007287,0.326168504751864,0.03418189110175305
4285,AMGN,0.6922154345757625,0.3424882035978366,0.3214758448633103,0.023781781338061615
4286,AMGN,0.6905385882091952,0.34623556285055923,0.318651725626394,0.021721601283390853
4287,AMGN,0.6891701583889644,0.3484620697053951,0.3169449982048373,0.018608991475723577
4288,AMGN,0.6883206677932767,0.3525264785988711,0.31658830939531135,0.020087986856501563
4289,AMGN,0.687054347879557,0.3551200839231173,0.31694663174157156,0.04723128124483284
4290,AMGN,0.6861720140706238,0.35768642978448545,0.317870197838584,0.0
4291,AMGN,0.6851078994465594,0.36015950752871856,0.31922281192730834,0.0
4292,AMGN,0.6844829160112083,0.3625313287396473,0.3208935348587202,0.0
4293,AMGN,0.68344943809893,0.365650815995442,0.3230042984394885,0.0
4294,AMGN,0.6820278946720482,0.36385475649486876,0.32424716850324253,0.0
4295,AMGN,0.6805900116655472,0.363224013283508,0.32508492854634635,0.0
4296,AMGN,0.6795483634648152,0.363086441427572,0.3257209943994478,0.0
4297,AMGN,0.6778898961334532,0.3612444580551166,0.3257727090286805,0.0
4298,AMGN,0.6774977462225893,0.36662837467966425,0.3271502454344205,0.0
4299,AMGN,0.6768278234581966,0.36689421006885603,0.32831824880944105,0.0
4300,AMGN,0.6759720354824124,0.36547432185909434,0.32890026780081655,0.037658093137306635
4301,AMGN,0.6756370785880152,0.3698811188242321,0.3304595489932027,0.0321169616565874
4302,AMGN,0.6763151731367949,0.3753652033371773,0.3330679980234342,0.026885947784849092
4303,AMGN,0.6772179314202527,0.37855631605605433,0.33594671828147993,0.025183027437404793
4304,AMGN,0.6772056772341823,0.37756605175338864,0.33800393358567854,0.019698360932569207
4305,AMGN,0.6774201317234643,0.3791397600997883,0.3400402641699061,0.020282360060088586
4306,AMGN,0.6774916123978545,0.38351568137188274,0.3427553319972573,0.033159892628594145
4307,AMGN,0.6780348974364645,0.39074180443337675,0.3467207443742343,0.0
4308,AMGN,0.6784595569674723,0.3970014217770118,0.3514465678248564,0.0
4309,AMGN,0.6788353638082056,0.40029740215508264,0.35604521336857237,0.0
4310,AMGN,0.679627833419743,0.40725477679631666,0.36145079072067066,0.0
4311,AMGN,0.6788517033878252,0.39620591195369803,0.3630331775976076,0.0
4312,AMGN,0.6786801378018223,0.393892636039176,0.3637249850393859,0.0
4313,AMGN,0.678198120203052,0.38973876526349516,0.3632475354764668,0.0
4314,AMGN,0.6780265546170492,0.3852150034114152,0.3617428818228394,0.0
4315,AMGN,0.6781981202030516,0.38579066487617897,0.3606820248808511,0.0
4316,AMGN,0.6788435335980152,0.39129447090176145,0.36119925783098605,0.0
4317,AMGN,0.6799362379986138,0.3982266592841393,0.36333345445606147,0.03795325896139625
4318,AMGN,0.6811167786098431,0.4109816715308208,0.3682063134402305,0.02317210032119952
4319,AMGN,0.6828773633273824,0.42258061094079363,0.37498319153175697,0.02199425147846767
4320,AMGN,0.6848993912917183,0.4321383243175437,0.3827766993943263,0.02855579830218085
4321,AMGN,0.6871093209311656,0.4463503290594551,0.39253859951032355,0.03884966244146816
4322,AMGN,0.6890251376388208,0.45557060861615833,0.4026363816525985,0.031153363096180435
4323,AMGN,0.6910961823474375,0.46239759084940224,0.4124089078765836,0.06278184114520118
4324,AMGN,0.693461335500047,0.4663749430369957,0.4212140165045033,0.0
4325,AMGN,0.6956242883494443,0.468714894532514,0.42883882573438703,0.0
4326,AMGN,0.6975278513696743,0.46995882297108177,0.43524738764486937,0.0
4327,AMGN,0.6990801114335103,0.47007365984728194,0.44040273705377114,0.0
4328,AMGN,0.7006078621279173,0.4696014817305493,0.4444098327950357,0.0
4329,AMGN,0.701919113392369,0.4645327396968607,0.4463575637950803,0.0
4330,AMGN,0.703156836548533,0.4634359056049763,0.4476435395138624,0.0
4331,AMGN,0.7056608771251955,0.45867394699749087,0.4474905111105726,0.0
4332,AMGN,0.7077850169906199,0.4566031387386476,0.4468541612427481,0.041506506664977995
4333,AMGN,0.7107874202307602,0.4611054949954787,0.4474624629736739,0.03571049122769985
4334,AMGN,0.7138061635491639,0.462721192024529,0.4483500833279015,0.038628727831780105
4335,AMGN,0.7167268579210311,0.4661987566826966,0.44992323145075874,0.03825581272625569
4336,AMGN,0.7196700261958964,0.4732947325634606,0.4529428085169654,0.034131934549880914
4337,AMGN,0.7220719463945153,0.47488194532008016,0.45575237999588364,0.03783663503924404
4338,AMGN,0.7239387338917802,0.4769817348058294,0.4585211568004551,0.046803308390238066
4339,AMGN,0.7257360926363505,0.47875465562642183,0.46117617655495957,0.0
4340,AMGN,0.7273904725795854,0.478479135219156,0.46323181450863726,0.0
4341,AMGN,0.7285178975895867,0.47895042586717507,0.4649932884080431,0.0
4342,AMGN,0.7296126464322157,0.47669209792906786,0.4658420022960892,0.0
4343,AMGN,0.7303806046797461,0.47086906930162215,0.4650758311698663,0.0
4344,AMGN,0.7312425175046657,0.4658210556008558,0.46321009297304144,0.0
4345,AMGN,0.7321003454346808,0.4610534622239606,0.46053429501665233,0.0
4346,AMGN,0.732749843724549,0.454638341305075,0.45680157067939486,0.0
4347,AMGN,0.7338813631036984,0.4539658889471522,0.45364850394752126,0.056672717741963856
4348,AMGN,0.7350251356716293,0.45318854159215455,0.45093313076596164,0.04486837152195098
4349,AMGN,0.7368960175380423,0.4556685718077751,0.4493763188758702,0.029081397516948288
4350,AMGN,0.7391386288299509,0.46447290044323747,0.45031590192856424,0.04983957614328383
4351,AMGN,0.7417815558333771,0.47164113795739576,0.4528465606197518,0.05767325600621994
4352,AMGN,0.744426527777478,0.478790951943574,0.4566455075243723,0.05963211573033313
4353,AMGN,0.7465343225781949,0.4846492190491892,0.46113855266731485,0.07906662163540865
4354,AMGN,0.7483766041965416,0.4842833979593074,0.4646422003720847,0.0
4355,AMGN,0.7503863779748077,0.48771364404708173,0.4682964269907852,0.0
4356,AMGN,0.7519039149360198,0.4893817750825132,0.4716338001737852,0.0
4357,AMGN,0.7537196537130844,0.4896503216064414,0.47437034581211396,0.0
4358,AMGN,0.7563176503630684,0.4987259849022868,0.4788119539310345,0.0
4359,AMGN,0.758723653462015,0.5037095353495735,0.4836020434200552,0.0
4360,AMGN,0.7606905303586919,0.501074682199374,0.4867802048524238,0.0
4361,AMGN,0.7635662963716938,0.5089410483607255,0.4912749857758936,0.0
4362,AMGN,0.7657210759407707,0.5045979917650678,0.4937929634141063,0.2981897786080416
4363,AMGN,0.7675429395669711,0.49334348250374066,0.4930142342887528,0.06111040749770446
4364,AMGN,0.7692953614757214,0.4830580089467041,0.489838632203245,0.051443287000390504
4365,AMGN,0.7711499017679375,0.47505805262339773,0.48531274474106445,0.03011817187164684
4366,AMGN,0.7732903807143372,0.4689399112988608,0.48017365232747133,0.02890074477479094
4367,AMGN,0.7749427137223206,0.46323433033717276,0.4746463839785796,0.034906612910602396
4368,AMGN,0.775780112191367,0.4498891229955181,0.4669125947205489,0.13293209778819126
4369,AMGN,0.7753797924906936,0.429621676668228,0.45569564768246257,0.0
4370,AMGN,0.7757392592531636,0.4288431520204632,0.44652887807885244,0.0
4371,AMGN,0.7760245074643679,0.4281336508880718,0.4390193804772624,0.0
4372,AMGN,0.7758958362667321,0.42528036074780307,0.4323036611829652,0.0
4373,AMGN,0.7743435816879845,0.40902984414170585,0.42289808000128665,0.0
4374,AMGN,0.7732692543280133,0.39720008855236627,0.4124377408665331,0.0
4375,AMGN,0.7725176336655237,0.3960144301461607,0.40377521631858954,0.0
4376,AMGN,0.771953918168657,0.3970753800711491,0.39710850013375976,0.0
4377,AMGN,0.7715372588883644,0.39945738892705746,0.39236628718630295,0.0
4378,AMGN,0.7713411824369989,0.41352259677831915,0.3920631790307271,0.044133271415353545
4379,AMGN,0.7723787477374038,0.4362821633868405,0.39746909527025476,0.04383476342758235
4380,AMGN,0.774131169646155,0.45581553117148055,0.4066415624249452,0.047846591168948134
4381,AMGN,0.774649947808558,0.4686700644991718,0.4171697366840068,0.033448550028672246
4382,AMGN,0.7767597995174147,0.4853263010340036,0.42972597222436965,0.04156420296432328
4383,AMGN,0.7795048493921066,0.4973838814853696,0.4427633757548897,0.04833964826365802
4384,AMGN,0.782993353131344,0.5130885017554262,0.4570908253673405,0.11154770322993734
4385,AMGN,0.7866207418014128,0.5265607576398286,0.4718962901724699,0.0
4386,AMGN,0.7900398048204909,0.5345009210451007,0.48571122857859517,0.0
4387,AMGN,0.7938448879148532,0.5430978007280218,0.49889672779314476,0.0
4388,AMGN,0.7985670294167058,0.549634552146548,0.5110673990390688,0.0
4389,AMGN,0.8035220069362672,0.5462413857695038,0.5199618299152288,0.0
4390,AMGN,0.8069492337614221,0.5413841391335289,0.5258719173332513,0.0
4391,AMGN,0.8105446357098085,0.5379545551027496,0.529748843120156,0.0
4392,AMGN,0.8141148338566317,0.5314551581573405,0.5312373823994272,0.0
4393,AMGN,0.8194415368125338,0.5294996248099965,0.5319428952684886,0.0
4394,AMGN,0.8268086417815326,0.5488260701800105,0.5373036863263302,0.12785183308882767
4395,AMGN,0.8328685813782744,0.5566581815303125,0.5435360696912248,0.06131656622585287
4396,AMGN,0.837643822524734,0.5495240674050799,0.5467514527771029,0.038938141827354375
4397,AMGN,0.8420105806630889,0.5394780658779583,0.5468305719295066,0.04580347373938863
4398,AMGN,0.845437813471976,0.5323892415756576,0.5451345835413631,0.030793640742030698
4399,AMGN,0.8477171793437845,0.525221325937302,0.5419988804640126,0.035723683979074536
4400,AMGN,0.849445081910218,0.5145289734780893,0.5368367211993906,0.05376573895239
4401,AMGN,0.8513241370569511,0.5046133584562101,0.5302461654134281,0.0
4402,AMGN,0.8520267379832935,0.4907220836825905,0.5215262247854479,0.0
4403,AMGN,0.8518592562949072,0.46968954669369556,0.5093304786857076,0.0
4404,AMGN,0.8510942316920418,0.4535380630015795,0.4955654537590078,0.0
4405,AMGN,0.8503712052938859,0.4431694977701938,0.4819801935833799,0.0
4406,AMGN,0.8497788955326855,0.43474772674195045,0.46902189490768276,0.0
4407,AMGN,0.8494602737301085,0.43452320731486327,0.4585995353914945,0.0
4408,AMGN,0.8491236783899505,0.4351980374327757,0.45042912514614075,0.0
4409,AMGN,0.8488540753262312,0.4292166199561634,0.4424083462312392,0.0
4410,AMGN,0.8480432291727107,0.41800728271853693,0.4332098225242965,0.049883551981199446
4411,AMGN,0.8467973412131808,0.40645929253401986,0.42298505708451056,0.06593983401759737
4412,AMGN,0.8455310257872601,0.3948843043550318,0.4119325979750389,0.0478729766716975
4413,AMGN,0.8433238790821957,0.3806735697246498,0.39956385207408934,0.023998846074013095
4414,AMGN,0.8389315948384857,0.3692520923430336,0.38683430645699896,0.023608868343377415
4415,AMGN,0.834957000074394,0.35940668677141213,0.3742072659653564,0.028287369787543933
4416,AMGN,0.8319055830818392,0.3503209673807298,0.36185076627154034,0.08342110910581291
4417,AMGN,0.8291074245869408,0.3436634839648791,0.3503133317277452,0.0
4418,AMGN,0.8260805129746602,0.33906972048986095,0.3399433172910994,0.0
4419,AMGN,0.8230740338152147,0.3362732863014984,0.33095329487283476,0.0
4420,AMGN,0.8204351976904252,0.3350022870188569,0.32344584404863497,0.0
4421,AMGN,0.8177269123685216,0.3337879763923938,0.3171385193247992,0.0
4422,AMGN,0.8151983624224304,0.3305395511519432,0.31128647485766625,0.0
4423,AMGN,0.8132702920273491,0.3259479723087231,0.30546531465788884,0.0
4424,AMGN,0.8124095239702913,0.3354726860249327,0.3031722021280487,0.06100539319676197
4425,AMGN,0.8115435202667345,0.34651154332739953,0.30407730346683376,0.04826348211238817
4426,AMGN,0.8103017082265103,0.35203497945607665,0.3061721747832372,0.03327317438706477
4427,AMGN,0.8079692347317837,0.35227757924875075,0.3079082795443121,0.020198981871400578
4428,AMGN,0.8050367258784772,0.34798320013188133,0.30823139688711565,0.019228347176927108
4429,AMGN,0.8030678120194357,0.3491753503606968,0.30878575512307305,0.025811530112894773
4430,AMGN,0.8021058147815481,0.35502426422974376,0.31068080807215287,0.06668372929177792
4431,AMGN,0.8014318021358071,0.3605691972229613,0.313572975705845,0.0
4432,AMGN,0.8013174230838942,0.3687591833560927,0.3179192766497298,0.0
4433,AMGN,0.8014862072314477,0.37329159063308504,0.3225211570044326,0.0
4434,AMGN,0.8016690102675939,0.3767855823391474,0.32706978994443586,0.0
4435,AMGN,0.8023777335498496,0.3840379309190514,0.33250856298409315,0.0
4436,AMGN,0.8033621947178475,0.39094961054254795,0.3385749018769099,0.0
4437,AMGN,0.803979013848477,0.3925195584879276,0.34381759808669043,0.0
4438,AMGN,0.8043343997051973,0.39108213622044574,0.3476550197946429,0.0
4439,AMGN,0.8043058054408632,0.3861519561257448,0.3495013994653394,0.0
4440,AMGN,0.8055026741628915,0.3954511541920502,0.35328635101657896,0.049193483132627606
4441,AMGN,0.8056987506142561,0.39136769870667126,0.3553008922023046,0.02677706361017003
4442,AMGN,0.8059315931143427,0.38559952195326125,0.35548099589211024,0.02934578025449697
4443,AMGN,0.8067649141681508,0.3846834056425053,0.355397719773775,0.013994518851562197
4444,AMGN,0.8060413188167379,0.3801432102289349,0.3542043264425237,0.019131600333512754
4445,AMGN,0.8048750892997187,0.3750264183905939,0.3519797413243825,0.041571063195038116
4446,AMGN,0.8042460244599736,0.373182579312346,0.3497424746329777,0.06906194260625442
4447,AMGN,0.8044666072889011,0.3762938744743089,0.3487248134255733,0.0
4448,AMGN,0.8047619079916486,0.3747544205755711,0.3475286272875503,0.0
4449,AMGN,0.8046720348186538,0.3737734952489872,0.34632823519470024,0.0
4450,AMGN,0.8039980261620676,0.3715332873929091,0.34481195327797387,0.0
4451,AMGN,0.8036385554104424,0.3738404682584217,0.3441715171529035,0.0
4452,AMGN,0.8031224697881654,0.3777053439475011,0.34461834181270284,0.0
4453,AMGN,0.8024566319186777,0.3771817491801433,0.34484585732051287,0.0
4454,AMGN,0.8026322794077188,0.3854666042549167,0.3470839808605322,0.05127811375317945
4455,AMGN,0.8018970033112933,0.3868512272644144,0.349218111386791,0.03538032063662941
4456,AMGN,0.8004958873508023,0.38217328157828345,0.34976445691091657,0.02139565237276031
4457,AMGN,0.7993725357668846,0.3776666584050226,0.34908309275417504,0.02199337196170936
4458,AMGN,0.7983839867121159,0.37304680925375777,0.3473914607602331,0.018510309695440937
4459,AMGN,0.797468973743944,0.3665975136050423,0.34443758780830297,0.01896537166619173
4460,AMGN,0.7954061068034477,0.3629302949061136,0.3411643698213956,0.0390781608952777
4461,AMGN,0.7945278529029753,0.3614419033349054,0.33817641075907184,0.0
4462,AMGN,0.7938742662276916,0.36039648548711795,0.33552659476124086,0.0
4463,AMGN,0.7928898040624048,0.36000895000391675,0.333310564538682,0.0
4464,AMGN,0.7920897326170269,0.3580916000489072,0.3310618980490615,0.0
4465,AMGN,0.791658774209989,0.3591395604766207,0.32952304461539667,0.0
4466,AMGN,0.790478234596049,0.35447096976184017,0.3271333246610487,0.0
4467,AMGN,0.7891179645927395,0.3537035700096328,0.32503109766851485,0.0
4468,AMGN,0.7876045130250766,0.3477814114387148,0.321879572057999,0.04084071247893557
4469,AMGN,0.7865669512151823,0.3486488321784186,0.3195736255151741,0.019928794323247036
4470,AMGN,0.7856070019098356,0.34895440045763554,0.317804703323936,0.014124335525089095
4471,AMGN,0.784595993412756,0.3529796982607904,0.3173885522225061,0.013591348369551833
4472,AMGN,0.7840377521737061,0.3631614002587463,0.31958249640415415,0.019328787990726376
4473,AMGN,0.7835557300871359,0.36854938430830775,0.32267482589348606,0.021645259228769344
4474,AMGN,0.7820647459400947,0.3710170274886944,0.32576110196188396,0.044812258352770654
4475,AMGN,0.7810721114917758,0.37321816227241783,0.32877639401807757,0.0
4476,AMGN,0.7810516840253858,0.3794982431219098,0.33274719978518613,0.0
4477,AMGN,0.7810230952461406,0.38352213901759036,0.33692248312913126,0.0
4478,AMGN,0.7807534966702208,0.38299962463326964,0.34013303371056436,0.0
4479,AMGN,0.781427500839007,0.389511002086094,0.34431744881330056,0.0
4480,AMGN,0.7812572837669673,0.38691198420874384,0.34701996422998843,0.0
4481,AMGN,0.7814901227765425,0.39020054541554494,0.3499981220783014,0.0
4482,AMGN,0.7815718266583715,0.3909901324579603,0.35257660576288574,0.023774921107346778
4483,AMGN,0.7797785528087067,0.3720915900840831,0.3499492076637084,0.0349412658708799
4484,AMGN,0.7783692680556942,0.3595476431491068,0.34473416907283005,0.025416627088412542
4485,AMGN,0.7735554570842154,0.4026553920747466,0.3714265799451543,0.0
4486,AMGN,0.7753609806321511,0.412588698557263,0.37507964110506814,0.0
4487,AMGN,0.7758715924952551,0.40987421326844437,0.37732841700258096,0.0
4488,AMGN,0.7768437974826052,0.40821297428628817,0.3787151562822029,0.0
4489,AMGN,0.777411597874377,0.4067980406060845,0.3794733935979338,0.0
4490,AMGN,0.778967942833118,0.41058826598647824,0.3810206305148057,0.0
4491,AMGN,0.7803731466803803,0.4129903400734431,0.38285455977914673,0.0
4492,AMGN,0.78234615042077,0.42461118335890213,0.3872057301346512,0.03384609160342941
4493,AMGN,0.7837595265510644,0.4273093007619989,0.3913562773154025,0.019638729696355633
4494,AMGN,0.7838779865087266,0.42490741417185146,0.3940806218615726,0.012317280393460616
4495,AMGN,0.7845397374887315,0.4224230101382328,0.39564352536197683,0.006891893318135283
4496,AMGN,0.7846520696053929,0.42148232811470404,0.39666039244527684,0.009423494355261445
4497,AMGN,0.7846030528611125,0.42095036816741793,0.39734186584596604,0.01316759719539696
4498,AMGN,0.7850487536897637,0.41895130975146166,0.39739092408776305,0.04017720503646476
4499,AMGN,0.7854531577866974,0.41740556281165453,0.3970465517205494,0.0
4500,AMGN,0.7859127084634916,0.41614716098385707,0.3964587473367385,0.0
4501,AMGN,0.7864192314425353,0.4170924908471968,0.3962231130340219,0.0
4502,AMGN,0.785855515945669,0.4069432073112756,0.39351578604827553,0.0
4503,AMGN,0.787203531264264,0.4131975253050075,0.39290210283153854,0.0
4504,AMGN,0.7877835863407494,0.4179274348279236,0.39358501138826596,0.0
4505,AMGN,0.789045818866343,0.42072588321646043,0.394825848980912,0.0
4506,AMGN,0.7890989225001057,0.42313212440380094,0.396415692964672,0.0
4507,AMGN,0.789889022872599,0.4221043938032107,0.397432508973056,0.0
4508,AMGN,0.7897174577852399,0.41157255982153884,0.39563220198392995,0.0380223889785996
4509,AMGN,0.7901177754913355,0.4091476095535393,0.3935901393179941,0.01781197338934096
4510,AMGN,0.7903914679377593,0.4107960609937154,0.39236559704881535,0.011136265290398843
4511,AMGN,0.7914943910579977,0.42018608574514077,0.3937163521495781,0.02028077692992362
4512,AMGN,0.7911226641257243,0.4217845907206466,0.3951936685260418,0.012674540100687078
4513,AMGN,0.7920254224091812,0.4299854670512874,0.3984107911615533,0.02720521236811646
4514,AMGN,0.7938840570705463,0.44185659631984076,0.40393063145823477,0.07526693333614778
4515,AMGN,0.7957100100794503,0.45001996447765225,0.41037246456114285,0.0
4516,AMGN,0.7973684749175907,0.4553562245736294,0.4168502684877593,0.0
4517,AMGN,0.79898201189551,0.45888641694851806,0.42290862446154665,0.0
4518,AMGN,0.80073851919781,0.46113217436571435,0.4283126547568918,0.0
4519,AMGN,0.8030015509750874,0.46772638796650784,0.4342724116640099,0.0
4520,AMGN,0.8052073942236966,0.4716741722320744,0.4400199667579105,0.0
4521,AMGN,0.8068413521856295,0.47008744465362695,0.44422422141717965,0.0
4522,AMGN,0.8094597698196275,0.46764145435971516,0.4469805864177834,0.0
4523,AMGN,0.8115634906956162,0.4738590256009798,0.45072873708843036,0.0
4524,AMGN,0.8140879552481586,0.48226708162108006,0.455813944409481,0.04646891611872773
4525,AMGN,0.8168044088639386,0.4892210073072467,0.4616079152318522,0.03415321885543207
4526,AMGN,0.8204420022916032,0.503731510212485,0.46984426611800184,0.04946490200424279
4527,AMGN,0.82453335631683,0.5160120416034292,0.4794810932381332,0.03330325386019905
4528,AMGN,0.8286795221520129,0.5154097101766987,0.4870410700800624,0.02804866893933797
4529,AMGN,0.8321761911932604,0.5127914532553789,0.49243926019836626,0.026345748591893668
4530,AMGN,0.8360976803290114,0.5175481757822074,0.4979383217961211,0.07086829412447625
4531,AMGN,0.8391654349066076,0.5192324097490675,0.5027555593408525,0.0
4532,AMGN,0.8429888985321088,0.5215646710438739,0.5071881631726348,0.0
4533,AMGN,0.8458973447016382,0.5196382155764829,0.51025614414702,0.0
4534,AMGN,0.8482461537868282,0.5167029865137633,0.5119820723510591,0.0
4535,AMGN,0.8512648911214997,0.5194160630832644,0.5140361383328631,0.0
4536,AMGN,0.8543816659338863,0.5207161458421831,0.5160020418600888,0.0
4537,AMGN,0.8570000835678844,0.5151296815401747,0.5161883322885314,0.0
4538,AMGN,0.8597219715898214,0.5106734360276548,0.5152314266359416,0.0
4539,AMGN,0.8616868060390459,0.5035383750572202,0.5126951435225555,0.0
4540,AMGN,0.8642725490016043,0.5028121464218083,0.5104858837303032,0.04244653417626219
4541,AMGN,0.8687495903267903,0.516979244850249,0.51223442500473,0.06506612206988992
4542,AMGN,0.8730325981467075,0.5243132907683471,0.5154534001186948,0.04599872645973396
4543,AMGN,0.8764965935138047,0.5289859199094757,0.5191882196621381,0.02133496571643676
4544,AMGN,0.8794193353195681,0.5298973409191142,0.5224022691009554,0.023132346163723803
4545,AMGN,0.881792658261987,0.5246917002412141,0.52368158795338,0.023299982057858132
4546,AMGN,0.8831713102923682,0.5188734799158328,0.5232610941090219,0.07312654135311894
4547,AMGN,0.8847807538984278,0.5174669661332062,0.5225756345511564,0.0
4548,AMGN,0.8873705792626692,0.5163729875632154,0.5217557664986934,0.0
4549,AMGN,0.8899522358343899,0.5132731671773834,0.5203305676874278,0.0
4550,AMGN,0.8917945289215576,0.5099181849740666,0.5183577789545419,0.0
4551,AMGN,0.8933059400363454,0.5018751779239693,0.5147834579708283,0.0
4552,AMGN,0.894882709469611,0.497467406564181,0.5108300933621531,0.0
4553,AMGN,0.8966882330175472,0.4929261881195943,0.5065403753457804,0.0
4554,AMGN,0.8988654820018227,0.4921325907702294,0.5029116482604831,0.0
4555,AMGN,0.9005974774414716,0.4921491391686065,0.5000127735254192,0.0
4556,AMGN,0.9026072422441387,0.49455094821346346,0.49828974769083534,0.04848283359191126
4557,AMGN,0.906353086882715,0.5082739154530456,0.5003170529501793,0.047488979655018346
4558,AMGN,0.9099587020656519,0.5175583844483919,0.5042430895545273,0.033967816722779834
4559,AMGN,0.9141222321946914,0.5269425326257221,0.5097128493231171,0.02816370973132522
4560,AMGN,0.918337834262235,0.5394363232693897,0.5171893296076466,0.03863717119265991
4561,AMGN,0.9208622589232252,0.5458649270087886,0.5247659459344303,0.03722361185870036
4562,AMGN,0.9227025060724299,0.5396548318668271,0.5292860357221818,0.06217339145180072
4563,AMGN,0.9249124297281446,0.5374055282703251,0.5323438819556454,0.0
4564,AMGN,0.9280230781954635,0.5422135419452718,0.5359833977328552,0.0
4565,AMGN,0.9307762998545424,0.536184077505891,0.5373986354811218,0.0
4566,AMGN,0.9337051749863954,0.5314256341112592,0.5373498890966782,0.0
4567,AMGN,0.936245979617202,0.5266496979654047,0.5361256141061617,0.0
4568,AMGN,0.9394444523276855,0.5296861325277329,0.5358997675745059,0.0
4569,AMGN,0.94287167915284,0.5320619507419889,0.5363087139742249,0.0
4570,AMGN,0.9461232554970866,0.5309467227047064,0.5363590970571032,0.0
4571,AMGN,0.9489500027712308,0.5199779249304984,0.5336771993298397,0.0
4572,AMGN,0.9512600088453356,0.507669824199172,0.5284770926584467,0.06023792687345865
4573,AMGN,0.952644784228919,0.48715074112148815,0.5192246412159469,0.026929747719413047
4574,AMGN,0.9540561099334504,0.4741822340836944,0.508604193864163,0.030311313751772227
4575,AMGN,0.9548587877930945,0.4585021096403362,0.49621638849742283,0.0239735159913737
4576,AMGN,0.9552751683311693,0.4449512460295689,0.48294313045293286,0.02166425679074889
4577,AMGN,0.9552363613309289,0.4419826252577802,0.4715877803850466,0.027056222229258357
4578,AMGN,0.9548360371424556,0.4351659826637449,0.460811765882031,0.048737013935063515
4579,AMGN,0.9541569223672388,0.4299599125992658,0.45089892701708223,0.0
4580,AMGN,0.9528456760892312,0.42551986125270547,0.44186673695058654,0.0
4581,AMGN,0.95195112798578,0.4243353494310073,0.43434701621324323,0.0
4582,AMGN,0.9520941018006708,0.42439123024773456,0.42834510796124536,0.0
4583,AMGN,0.9510320291254146,0.4157677823538464,0.42140343924900125,0.0
4584,AMGN,0.9488711197207582,0.40548132509908547,0.4132972413627528,0.0
4585,AMGN,0.9480868198990309,0.40357427161406184,0.40633899609002744,0.0
4586,AMGN,0.9473474539212559,0.4040265752943609,0.40088465127811984,0.0
4587,AMGN,0.9467265498957214,0.40602331413451026,0.39701672024179946,0.0
4588,AMGN,0.9452396481503622,0.4066879448678481,0.39408732152686693,0.0
4589,AMGN,0.9450354093888533,0.4220154935124037,0.3955477488083024,0.04451955517560432
4590,AMGN,0.9442858296778835,0.42660101229742486,0.39785411129197845,0.02577793257272724
4591,AMGN,0.9443471040987448,0.42976398440164465,0.4004841784572283,0.022960312685797915
4592,AMGN,0.9448270867297284,0.4339328203698716,0.4036228417235451,0.02108201669674614
4593,AMGN,0.9469522592877002,0.44436128680979936,0.4087218786778412,0.025997459955601994
4594,AMGN,0.9482124583414402,0.4470850807890309,0.4134770914752938,0.040578088774903515
4595,AMGN,0.9498035328851828,0.4474670941442491,0.41737606867195637,0.04573205697861367
4596,AMGN,0.9514010090257012,0.44669320065920265,0.420303187804582,0.0
4597,AMGN,0.9521996104673955,0.44536415411165947,0.4223150442204374,0.0
4598,AMGN,0.9529755397450796,0.4395565392508224,0.42248321246003784,0.0
4599,AMGN,0.953857877044523,0.43620331733236856,0.4217855542302007,0.0
4600,AMGN,0.9544461019108192,0.43006927912975523,0.41970509996171335,0.0
4601,AMGN,0.9531185110667484,0.40747878215809935,0.4124342929915882,0.0
4602,AMGN,0.951790920222678,0.390955689621133,0.40251699457087325,0.0
4603,AMGN,0.9512639687799544,0.3780935177958776,0.39139105959897735,0.0
4604,AMGN,0.9518685332258698,0.3767437386625318,0.3821553273786276,0.0
4605,AMGN,0.951790920222678,0.37503472124160275,0.3743426026505777,0.0
4606,AMGN,0.9540646898084124,0.40054755056670915,0.37442412233130495,0.06837486411466084
4607,AMGN,0.9551635260391675,0.4099361084103044,0.37681936293909185,0.029202419022892064
4608,AMGN,0.9567607189496687,0.42155702193583233,0.3816195998013282,0.02312214376932738
4609,AMGN,0.957477246016746,0.4360930813939457,0.38906730607001605,0.0248493387793011
4610,AMGN,0.9584412876966639,0.4424854484060741,0.3966119100589939,0.017983830963915187
4611,AMGN,0.9594134946785919,0.4469683789514288,0.4037601538590265,0.02615225490506496
4612,AMGN,0.9605204977072903,0.45338439676935405,0.41107105746098277,0.05634219534419009
4613,AMGN,0.9613732175240965,0.4626936607752769,0.41923012629272344,0.0
4614,AMGN,0.9626599559286078,0.4688686756700096,0.42728987851849765,0.0
4615,AMGN,0.9641019198408589,0.47332903776540547,0.4348446399359754,0.0
4616,AMGN,0.9648657951880621,0.4683673231293212,0.4396570652239187,0.0
4617,AMGN,0.9656010762709322,0.4632113119918805,0.4422274016700356,0.0
4618,AMGN,0.9666265891367902,0.45723590893254257,0.4428007127488227,0.0
4619,AMGN,0.9675007566464244,0.45196766898884955,0.44195190521028066,0.0
4620,AMGN,0.9689917432866881,0.45060151658814424,0.4409338114669443,0.0
4621,AMGN,0.9718103207710227,0.44539050212647635,0.4388260821236864,0.0
4622,AMGN,0.9742612577139225,0.4382086476258204,0.43535752697611163,0.0
4623,AMGN,0.9782317760600638,0.4480115289744444,0.4350155333185648,0.07018051201947602
4624,AMGN,0.9815823258375609,0.45714165431209663,0.43700782623124584,0.03228653248759002
4625,AMGN,0.9844376628882392,0.45755047608981425,0.4387031207560842,0.05471632066477394
4626,AMGN,0.9845903228705533,0.4555298485089555,0.4395578829248549,0.028891773703856153
4627,AMGN,0.9838590483954177,0.43347983908498744,0.434769385725447,0.02950743543467477
4628,AMGN,0.9823844073185057,0.4124303235579684,0.42571458068456447,0.036286926511097745
4629,AMGN,0.9803198574531677,0.3953073009342736,0.41422119491061543,0.04491674494365815
4630,AMGN,0.97863483331848,0.38132770386815656,0.4015570707236689,0.0
4631,AMGN,0.9770733792492412,0.37183838552497367,0.3890707400644236,0.0
4632,AMGN,0.9750676938563911,0.36351990346123,0.3770172189553522,0.0
4633,AMGN,0.9727393037606364,0.35893575308505676,0.3662367210172784,0.0
4634,AMGN,0.9707540448368874,0.35899495559043076,0.3576270153716824,0.0
4635,AMGN,0.9692262941424805,0.3646984023224168,0.3521547156063291,0.0
4636,AMGN,0.9685359469035646,0.37070235108418453,0.34926691826120465,0.0
4637,AMGN,0.9678415147697428,0.37520796143372087,0.3480748696015134,0.0
4638,AMGN,0.9674826976013016,0.38131343653501465,0.3486364696513206,0.0
4639,AMGN,0.966972085738198,0.3847887025467248,0.3499482310592777,0.0
4640,AMGN,0.9647907503630839,0.37357357186598034,0.3482143018108305,0.05477120251049263
4641,AMGN,0.9627442165198294,0.3629330779562756,0.344186431712678,0.02848631647827418
4642,AMGN,0.9607099343694236,0.3525651163695483,0.3383910452106561,0.03664348260491755
4643,AMGN,0.9574624005353081,0.348165051761152,0.3326627408263848,0.0215662786238729
4644,AMGN,0.9545611877014095,0.35092562431713054,0.3287652081527365,0.018781200857001128
4645,AMGN,0.9526944002041446,0.35836783995702925,0.3274941693538519,0.02781594880508853
4646,AMGN,0.9506151901935178,0.3607674379841148,0.327072863544279,0.04809760525177047
4647,AMGN,0.9499535160047503,0.3580786649248653,0.3260685270522357,0.0
4648,AMGN,0.9487934008653331,0.3478470390881991,0.32272580284333724,0.0
4649,AMGN,0.9503374926352937,0.36820393722306777,0.32510373899621126,0.0
4650,AMGN,0.9519387714379883,0.3844956242136172,0.3310493112105127,0.0
4651,AMGN,0.9531652611331642,0.39476917156392544,0.3383554279560276,0.0
4652,AMGN,0.9550075487352432,0.40811032812248443,0.34751129061983976,0.0
4653,AMGN,0.9568130722831794,0.41960351477344504,0.3576883262442353,0.0
4654,AMGN,0.9588841139999298,0.4343431400103606,0.36948799188305176,0.0
4655,AMGN,0.9604077797994317,0.44496769017459437,0.3815644942213178,0.0
4656,AMGN,0.9606528734937219,0.4405469259594329,0.39012856374133,0.0
4657,AMGN,0.9611103847149294,0.4383095790553059,0.3964245611375923,0.0382135959218567
4658,AMGN,0.9611730425149703,0.4342854111302242,0.40046265281288157,0.029399782583457344
4659,AMGN,0.9613670710337945,0.4305939591621139,0.40277699238578557,0.01877979363018783
4660,AMGN,0.9634912213707514,0.4334183721427164,0.40532941860799343,0.01709921300840466
4661,AMGN,0.9656970621261389,0.43394947787641336,0.40750316785547697,0.02364492853046822
4662,AMGN,0.9684829634431011,0.4375885421645058,0.4101452995993801,0.03271450534218479
4663,AMGN,0.9710728227151613,0.44114439349622636,0.4131414857919578,0.058646353347616684
4664,AMGN,0.973066252924653,0.4428438802876617,0.4159602084139996,0.0
4665,AMGN,0.9762524659639782,0.46087599153828196,0.4226903432130095,0.0
4666,AMGN,0.9793283883368065,0.46925141092597317,0.43015303817264544,0.0
4667,AMGN,0.9818446835981831,0.4641582134761787,0.43485917927364814,0.0
4668,AMGN,0.9851820427354308,0.45941687086332594,0.4374473995934669,0.0
4669,AMGN,0.986709793429839,0.4638871152260028,0.4406273880384096,0.0
4670,AMGN,0.9878004603694288,0.4620725405919029,0.4427210429617441,0.0
4671,AMGN,0.9878004603694288,0.4458749373747475,0.4403760930444872,0.0
4672,AMGN,0.9873960517846951,0.4336667093413445,0.4354703307355585,0.030572530228990983
4673,AMGN,0.9868752301775512,0.42363440980543476,0.4290559340922745,0.017655243503009708
4674,AMGN,0.9854924992359981,0.4124534493044024,0.42114955865822995,0.02605058276780406
4675,AMGN,0.9838054351470804,0.3998379627795446,0.41169358371299636,0.009299834299042733
4676,AMGN,0.9834704762581059,0.39185769689910255,0.40214828467963276,0.01047961807864287
4677,AMGN,0.9832907398850046,0.3890090451977699,0.3938050753941437,0.022403930384489547
4678,AMGN,0.9829782519071619,0.3836800478961783,0.3858079729805597,0.023109478728007685
4679,AMGN,0.9828740910762437,0.38172073678312246,0.37892403494047666,0.0
4680,AMGN,0.982739286053874,0.38613886151731497,0.37451336180033346,0.0
4681,AMGN,0.9822654422340684,0.38491326418528266,0.37068065812212136,0.0
4682,AMGN,0.9813994460101774,0.38363545388656406,0.36729737195188744,0.0
4683,AMGN,0.9805375391689903,0.38399665134053373,0.3646803839448287,0.0
4684,AMGN,0.9794223628599705,0.38119691304883935,0.3618919626675196,0.0
4685,AMGN,0.9759910536331335,0.3721948695516471,0.35742712478401334,0.03205434006339557
4686,AMGN,0.9737321102412722,0.3726555978899309,0.3539695966904926,0.02138281142808895
4687,AMGN,0.9738301432311887,0.3871008454031909,0.35478855355134775,0.022924780208762097
4688,AMGN,0.9738526066626543,0.39775558300144487,0.35808798069644726,0.019112602771533208
4689,AMGN,0.973029500837975,0.4061518343420666,0.3628112795461865,0.0331563745615609
4690,AMGN,0.972465786837041,0.41078269040245036,0.36773919095708246,0.03263499702723335
4691,AMGN,0.9731193725150362,0.4129444442747275,0.37221801784769687,0.08109056559963694
4692,AMGN,0.9743162507113072,0.4211749019648026,0.37784369030991105,0.0
4693,AMGN,0.9753476841815556,0.4255687012940711,0.38343466856366204,0.0
4694,AMGN,0.9755457956007074,0.41695708084868705,0.3857702443576407,0.0
4695,AMGN,0.9767590118806644,0.41691466551232753,0.3876281784785341,0.0
4696,AMGN,0.9783439486105179,0.42247626262354765,0.3904947867018098,0.0
4697,AMGN,0.9786421439439925,0.4164374769641915,0.39128938509378147,0.0
4698,AMGN,0.9793079798189028,0.4121396354862549,0.39085843806264575,0.0
4699,AMGN,0.980280184806253,0.4138665077614557,0.39094225055508935,0.0
4700,AMGN,0.9805865519241155,0.413846011127757,0.3910042137543602,0.0
4701,AMGN,0.9814233017964216,0.41437145625330013,0.3911841877502961,0.0
4702,AMGN,0.9862475621803841,0.4558132029729724,0.40161305860347285,0.0910590085383487
4703,AMGN,0.9882266942604194,0.45908010701242147,0.4107669259884405,0.05654307697178862
4704,AMGN,0.990408022654512,0.45981492278275343,0.4182723843280208,0.03069108908801148
4705,AMGN,0.9922217169895466,0.4488431295802917,0.421553803409484,0.03923612210507059
4706,AMGN,0.9926302064800296,0.4321978407784427,0.42004795951793616,0.028328355268481285
4707,AMGN,0.992011351384325,0.4218230673892613,0.41626850344796107,0.023498401038533387
4708,AMGN,0.991175997357308,0.41037305746154856,0.4104033085716989,0.06256002701875482
4709,AMGN,0.9903406358506253,0.40130690734444907,0.40346114201534633,0.0
4710,AMGN,0.9903447192495971,0.4010867285730313,0.39785276544587944,0.0
4711,AMGN,0.989813680418747,0.3939644196036006,0.3915984703533544,0.0
4712,AMGN,0.9889231733294936,0.3913796410172501,0.3859535514794829,0.0
4713,AMGN,0.9882736750396246,0.3901588925597993,0.38113465459381907,0.0
4714,AMGN,0.988976276963256,0.3916860937465446,0.37765855341511345,0.0
4715,AMGN,0.9900220100588935,0.4034621031192783,0.37780020808250614,0.0
4716,AMGN,0.9895440773550281,0.40250884455375097,0.37767695488993763,0.0
4717,AMGN,0.989519567985599,0.3963332281670745,0.37604570589898745,0.0
4718,AMGN,0.9899076295110474,0.3964700931985555,0.3747746734699802,0.03849996657836319
4719,AMGN,0.9901037049651236,0.3998430982515327,0.3745949500688347,0.02263207703159576
4720,AMGN,0.9903389120369432,0.4016811793248931,0.3749073409399753,0.020161866264199798
4721,AMGN,0.9904845734055168,0.402865341370866,0.3754511355147166,0.01714336474967194
4722,AMGN,0.9862893908260535,0.3995773729101568,0.3750701727655407,0.020035215851002826
4723,AMGN,0.9847963622369815,0.3966874066276565,0.3740481791753207,0.024841599031827952
4724,AMGN,0.98335848371828,0.39388600171092936,0.37253533981334985,0.046058885406002524
4725,AMGN,0.9830970469538598,0.39319290295962295,0.3711530571001004,0.0
4726,AMGN,0.9837955604920752,0.3952697347738377,0.3705626529830717,0.0
4727,AMGN,0.9837894311551407,0.39261815203419914,0.3694322676299582,0.0
4728,AMGN,0.9840794552028731,0.39064772814420523,0.3680389453017296,0.0
4729,AMGN,0.9855091684195645,0.4011471127557751,0.36952999404508724,0.0
4730,AMGN,0.9859503370692866,0.40592414625903933,0.3719083832616919,0.0
4731,AMGN,0.9869225420566359,0.40821308284778024,0.37437915623196566,0.0
4732,AMGN,0.9876373986649822,0.41014922304713847,0.37683628022771737,0.0
4733,AMGN,0.9873065221776907,0.40132505603797697,0.37661202342991157,0.0
4734,AMGN,0.9860565458327448,0.38716012071230077,0.37291720571596443,0.040739392148378
4735,AMGN,0.9837036518526499,0.3751639711370086,0.36698418218197154,0.019358867463860657
4736,AMGN,0.9827436980595037,0.3704693606914806,0.3610726686465836,0.017716809676091568
4737,AMGN,0.9822351256519855,0.36644611456482357,0.35534498034579337,0.015805267953575588
4738,AMGN,0.9812220796938971,0.36333639901384657,0.3499910695826824,0.0232748278785704
4739,AMGN,0.9797453941749557,0.35969673162942967,0.34480465895159307,0.018921571731627774
4740,AMGN,0.9782275330948851,0.35606763419506215,0.33975487164545126,0.06077179354575422
4741,AMGN,0.9763546147647522,0.34977662270114057,0.3341537569429762,0.0
4742,AMGN,0.975231264676768,0.34907263347273254,0.3294981511905255,0.0
4743,AMGN,0.9741324269500788,0.34903894442179206,0.32576530573830265,0.0
4744,AMGN,0.9730866948517312,0.3495735046177788,0.3229116949646028,0.0
4745,AMGN,0.971906160224234,0.35058988385303497,0.3208810483755738,0.0
4746,AMGN,0.9704805319024477,0.3519294725988185,0.3195889863265629,0.0
4747,AMGN,0.9695491758641461,0.3543610495886531,0.31915879836245875,0.0
4748,AMGN,0.9692428087462837,0.36334244614523853,0.3210436247554209,0.0
4749,AMGN,0.9685075276634136,0.37824984437858206,0.32625116042130714,0.03063022652833627
4750,AMGN,0.9672779703079035,0.3815744799400767,0.3312422872969594,0.018671613068915415
4751,AMGN,0.9657563414707653,0.3799498234378937,0.3348319862921214,0.027654645431614052
4752,AMGN,0.9639548973326457,0.3762168028459519,0.33677729534127604,0.02627274870095375
4753,AMGN,0.9637731190107366,0.38026882498778136,0.3393391616004752,0.023776152430808415
4754,AMGN,0.9639213535240221,0.37988181184609504,0.34129260681673196,0.02416208438435586
4755,AMGN,0.9642195428737645,0.38033082430462,0.34296679759020327,0.05329889145707782
4756,AMGN,0.9641460182559882,0.381442110689333,0.3445819460180554,0.0
4757,AMGN,0.9644911948673127,0.38621948369834636,0.3470596992398008,0.0
4758,AMGN,0.9643972377967023,0.38518902717978293,0.34878616612821245,0.0
4759,AMGN,0.9639867013709669,0.379620019966039,0.34878523969478004,0.0
4760,AMGN,0.9649303091021171,0.38840780507310263,0.3509654253882442,0.0
4761,AMGN,0.967385330939921,0.4072761093574666,0.35739225458912544,0.0
4762,AMGN,0.9693011466502872,0.4199919892030008,0.3656895078689217,0.0
4763,AMGN,0.9710699061440797,0.4281269955040968,0.37434623259556216,0.0
4764,AMGN,0.9728304958480627,0.4340748396207555,0.382747730957082,0.0
4765,AMGN,0.972389327198341,0.4153533794288986,0.3848226923381591,0.0
4766,AMGN,0.9734064660296444,0.41573519231073375,0.3865774186488226,0.04417126653931264
4767,AMGN,0.9744399404514121,0.4168600081732779,0.38826035321271923,0.034408630522045965
4768,AMGN,0.9748280104538152,0.4173586276472314,0.3897304467884977,0.023737805500145998
4769,AMGN,0.9742520387763003,0.4149268154958568,0.39030300161231174,0.022491530253617453
4770,AMGN,0.9743705042190514,0.41150791336070563,0.3899125523255066,0.0198075969139516
4771,AMGN,0.9747279325232241,0.40675673025228976,0.3884210581496327,0.040530067159899666
4772,AMGN,0.9747524533614742,0.39678861824470263,0.38475400588609043,0.055215358473440355
4773,AMGN,0.973949772011319,0.38707401863007385,0.3794094231176303,0.0
4774,AMGN,0.9732745845593769,0.37715639364198994,0.37267242970105524,0.0
4775,AMGN,0.9722329388518665,0.36633869716957856,0.3645981306539671,0.0
4776,AMGN,0.9712974979186599,0.3598924539294981,0.3565388815973795,0.0
4777,AMGN,0.9706112355746481,0.361599049162534,0.35051502017236297,0.0
4778,AMGN,0.9699985013389236,0.35921191202196334,0.3451034983092341,0.0
4779,AMGN,0.9699699070745895,0.3589823097208028,0.3407172987902592,0.0
4780,AMGN,0.9702966986669761,0.3759035959947626,0.34140781457828334,0.0
4781,AMGN,0.9692979403668112,0.38743018957653985,0.3448208635365624,0.06707599376598522
4782,AMGN,0.9687097194896706,0.39891172616915,0.35040075691907785,0.044387979468560795
4783,AMGN,0.9676272193480235,0.40115294666640383,0.3554208911818658,0.03819723691015209
4784,AMGN,0.9672677456045324,0.4103486912860738,0.3617191716325629,0.019006533050480744
4785,AMGN,0.9687914128999675,0.41412764415287046,0.36769564547790834,0.020398632175537473
4786,AMGN,0.9689466409009291,0.4178470007381479,0.37339988360789594,0.022583175899833594
4787,AMGN,0.9690651063436797,0.4211783383887527,0.37879003575972897,0.05772162942792712
4788,AMGN,0.9682031885323159,0.41310808523721254,0.38109930562591554,0.0
4789,AMGN,0.9675904557925241,0.406616059419165,0.3813355495134711,0.0
4790,AMGN,0.9667407981509637,0.3976340978205463,0.3792954276287886,0.0
4791,AMGN,0.9671370384418205,0.4017064682958549,0.3786739991308868,0.0
4792,AMGN,0.9683257368753941,0.40699289546434464,0.37948882638646525,0.0
4793,AMGN,0.9696982615634182,0.41103519399700705,0.38114389403388144,0.0
4794,AMGN,0.9704866462800505,0.4055164079100574,0.38109831194021293,0.0
4795,AMGN,0.9716876053820713,0.40213474245659364,0.3802225944103207,0.0
4796,AMGN,0.9734563648758638,0.40704200765283977,0.38073989112950457,0.0
4797,AMGN,0.9755314914875188,0.4203090876573436,0.3844463136694318,0.0
4798,AMGN,0.976389321910756,0.4135852680917283,0.38574275380073964,0.05082129274891204
4799,AMGN,0.9745388645188666,0.3810273067636035,0.37869976615977036,0.041750660517085494
4800,AMGN,0.972986606449608,0.3754861024000219,0.371690176132979,0.03862450615134021
4801,AMGN,0.9713220192555543,0.36824440597202124,0.3642852810438374,0.023269198971317198
4802,AMGN,0.9691856147325275,0.36030794998493004,0.3563917185067178,0.017219354997590124
4803,AMGN,0.9683012439612306,0.36086368306878286,0.3502147886905687,0.02808156286609885
4804,AMGN,0.9675046969344541,0.37011608982837796,0.34756948012250205,0.05574588298205434
4805,AMGN,0.9666264430339822,0.37354380607992166,0.34630391387556686,0.0
4806,AMGN,0.9652457465615711,0.3721981975141913,0.34495751167447497,0.0
4807,AMGN,0.9638037791588094,0.37144097742830706,0.3436924652444008,0.0
4808,AMGN,0.9635668552543288,0.37333114459623523,0.34314952426721346,0.0
4809,AMGN,0.963497412040947,0.37684692150633564,0.34358770673001177,0.0
4810,AMGN,0.9676435803693519,0.42011289365583854,0.3546758752955942,0.0
4811,AMGN,0.9742447705355612,0.49052760936065126,0.3810217286219891,0.0
4812,AMGN,0.9761565013510234,0.4977582786183241,0.40389289765989006,0.0
4813,AMGN,0.9773942245071874,0.4952437544518328,0.4215657856270786,0.0
4814,AMGN,0.9778067988925749,0.47500253822838207,0.4306806900797247,0.0
4815,AMGN,0.9740405287821856,0.4156108709262678,0.42323296312400044,0.10900589979841475
4816,AMGN,0.9703661708017335,0.3774428835900273,0.4078023619446657,0.04699416352679184
4817,AMGN,0.9665856060523992,0.35618862793129435,0.39018306191196483,0.03161669252445936
4818,AMGN,0.9630705494989913,0.3259243801102293,0.3685767292584144,0.022202872853539352
4819,AMGN,0.9626007890781576,0.30775599165999035,0.34678268555683933,0.022933927183048545
4820,AMGN,0.9600844923208474,0.29293024214833546,0.3256680393853292,0.03768254370318772
4821,AMGN,0.9576703179361581,0.2804226711956879,0.3056722300216307,0.08763821605856878
4822,AMGN,0.9558198610429138,0.27525415735873904,0.28839287586298856,0.0
4823,AMGN,0.9530564236560615,0.2694039562510575,0.2731175067126364,0.0
4824,AMGN,0.9494903059163433,0.26628894133900427,0.26012413608992263,0.0
4825,AMGN,0.9470761330275872,0.27325213066059895,0.2514575435792652,0.0
4826,AMGN,0.9449805819414081,0.2791501115182771,0.2459880132329752,0.0
4827,AMGN,0.9418678920239256,0.2744958043966599,0.24045729660895845,0.0
4828,AMGN,0.940078708055609,0.288272730231113,0.23945184052322704,0.0
4829,AMGN,0.9376604502719483,0.29549481047092746,0.240439830434062,0.0
4830,AMGN,0.9305854122967787,0.2939121099838595,0.24083743237865474,0.0
4831,AMGN,0.9206366552438583,0.3005867958598091,0.24281201797937305,0.05921452117348644
4832,AMGN,0.9160697377538116,0.3163022181410806,0.2482918940595749,0.047335416029017016
4833,AMGN,0.9129427457177184,0.33755540054704114,0.25795034765623115,0.035558158925160156
4834,AMGN,0.9118684153658814,0.3591900841081934,0.27104634310844494,0.02618163076479259
4835,AMGN,0.915152711758207,0.37948979011087114,0.28656106121389024,0.02720011117091825
4836,AMGN,0.9167805363940498,0.3868538048826548,0.3008004153752435,0.0415284945839358
4837,AMGN,0.9169663936271317,0.38609194509368566,0.3120028225671657,0.06791241420314023
4838,AMGN,0.9156816961741394,0.3561697998401815,0.31353875770930617,0.0
4839,AMGN,0.9144153762604192,0.33811687256838435,0.3102871830623066,0.0
4840,AMGN,0.9124873053666942,0.3161179901551888,0.3022263049624825,0.0
4841,AMGN,0.9117724442705488,0.3104084604558642,0.2943606280784329,0.0
4842,AMGN,0.9113639547800654,0.31342697853862655,0.28881721357238316,0.0
4843,AMGN,0.9073852671427587,0.27623510391008105,0.2751523111535206,0.0
4844,AMGN,0.9027897603748221,0.24203889216352456,0.25573367326862606,0.0
4845,AMGN,0.9009515576676472,0.2537504946315572,0.24310531425358076,0.0
4846,AMGN,0.8982477657301384,0.25454256288810523,0.2331992002279548,0.0
4847,AMGN,0.8968670712523052,0.2599992983470947,0.22662854567544785,0.0
4848,AMGN,0.891131877309987,0.23634350810976473,0.2155011971069768,0.18309005899798414
4849,AMGN,0.8860584323530967,0.22174732794836952,0.20297688089276325,0.07145545951232554
4850,AMGN,0.8798473546367429,0.19201875403423915,0.1855794772796112,0.0658754533908889
4851,AMGN,0.8729438722746883,0.17056496902900942,0.16633721668943502,0.06524255313160737
4852,AMGN,0.8641123314850181,0.14556922450966492,0.1447400373509021,0.05429608755765232
4853,AMGN,0.8556177995114402,0.1403947838533195,0.12617811631166584,0.0699256280629171
4854,AMGN,0.8478401685882386,0.15106502054654808,0.11397668765681285,0.16634282859625607
4855,AMGN,0.8393925620443379,0.15814256642972885,0.10597202939788203,0.0
4856,AMGN,0.8317088757256372,0.16565543963689747,0.1014328257194374,0.0
4857,AMGN,0.8246665169097058,0.17423509049038424,0.0999307354657647,0.0
4858,AMGN,0.8206755745876846,0.18594403868410606,0.10163495582565113,0.0
4859,AMGN,0.8163823500427054,0.19928805834560556,0.10631001193748568,0.0
4860,AMGN,0.8127141144181658,0.2100033277982539,0.11270934110218889,0.0
4861,AMGN,0.8086659835674768,0.22716260040925051,0.1220873425911628,0.0
4862,AMGN,0.8044422022358799,0.24721078318442538,0.13456524322607213,0.0
4863,AMGN,0.8038458075797745,0.26203465499499345,0.14822650894187847,0.0
4864,AMGN,0.8052714319124057,0.28989048557737823,0.16606870018620445,0.08321776483129109
4865,AMGN,0.8030492505801106,0.3115407776776692,0.18571555943820744,0.04089172445091769
4866,AMGN,0.8028548070894179,0.3406579079303872,0.2086592511796272,0.02894876638979479
4867,AMGN,0.8030365879045496,0.3712581255361725,0.2346084772000126,0.031450815663841655
4868,AMGN,0.8062840843403354,0.39808113640216763,0.2620247145074831,0.02229997150365703
4869,AMGN,0.8094948182179107,0.42080641394196056,0.28959759735652346,0.045800131575707045
4870,AMGN,0.8156078619470595,0.44838905829212605,0.318501283746256,0.12097717829915532
4871,AMGN,0.8217290824470389,0.46900110172433673,0.3467396695926921,0.0
4872,AMGN,0.8290818962676041,0.4864363703423134,0.3736574123099261,0.0
4873,AMGN,0.8356584116740104,0.502506054700821,0.39917973381092825,0.0
4874,AMGN,0.840784948795843,0.5105366049291971,0.4215905895115047,0.0
4875,AMGN,0.8470348380002366,0.5231924172572939,0.4426601566100267,0.0
4876,AMGN,0.8526719929689053,0.524510409466364,0.459842905745655,0.0
4877,AMGN,0.8585542416318637,0.5267090879151629,0.47413476664960585,0.0
4878,AMGN,0.8633499082501372,0.5180433368005857,0.48341761457237076,0.0
4879,AMGN,0.867353108747384,0.5033556363951633,0.48719874232429883,0.03801904681491801
4880,AMGN,0.8716931929009797,0.4921651811685719,0.48744643003316723,0.023296288087473218
4881,AMGN,0.8749897090729122,0.4780374116855088,0.4841383916348239,0.01467895879288084
4882,AMGN,0.879131787519968,0.4795530512262221,0.4818681079104321,0.01734547770073211
4883,AMGN,0.8823466052951598,0.46751624768014804,0.4770646221843583,0.01600826042139407
4884,AMGN,0.8840908633978337,0.4566132520965587,0.47051596000540363,0.020558352418846987
4885,AMGN,0.8863048694552313,0.4509074690575633,0.4638609856932667,0.05166281438326526
4886,AMGN,0.8874139209151153,0.4454529311182495,0.45718331494957787,0.0
4887,AMGN,0.8872770739439368,0.4347488636147656,0.44918467414641583,0.0
4888,AMGN,0.8875670979916692,0.43294971405983596,0.4423392538223608,0.0
4889,AMGN,0.8877958511090509,0.4322123648524431,0.43667992439050063,0.0
4890,AMGN,0.8868685764751438,0.42919811337735314,0.43140439271805264,0.0
4891,AMGN,0.8861618896566075,0.4283628405439549,0.4269766718079947,0.0
4892,AMGN,0.8862354177648943,0.43761373189189495,0.42573035427436273,0.0
4893,AMGN,0.8854921302880112,0.4392889723736663,0.4251490565371239,0.0
4894,AMGN,0.884720085150998,0.43646162935801064,0.4239823366159069,0.0
4895,AMGN,0.8833434755680694,0.4351349018631042,0.42271969732439807,0.0
4896,AMGN,0.8812111549426582,0.41860160649940203,0.4176064009388376,0.09500170626251113
4897,AMGN,0.8786254109828109,0.4032813193522394,0.40971361971422116,0.03402445760201515
4898,AMGN,0.8768582431619358,0.39085343694070995,0.40031507917741527,0.019598271925473268
4899,AMGN,0.8760085780407088,0.38425875193727504,0.3911595970857979,0.016957434906964716
4900,AMGN,0.8748383718346187,0.3774154377520236,0.38213685768619265,0.023768060876631945
4901,AMGN,0.8739948400394821,0.37141612198473906,0.3734297735023888,0.01785753235742154
4902,AMGN,0.8720340954716064,0.368836503618876,0.36582390400394277,0.045420180336116125
4903,AMGN,0.8712497901647902,0.3671507766399559,0.3593208496072861,0.0
4904,AMGN,0.8714662856055915,0.375963216074246,0.3563054515690907,0.0
4905,AMGN,0.8705267652625683,0.3745386991581688,0.3535396006910797,0.0
4906,AMGN,0.869509626431265,0.3724973455638197,0.35082030281608023,0.0
4907,AMGN,0.8686477136063453,0.36692148006107406,0.3472610625017864,0.0
4908,AMGN,0.8673201227622749,0.36504515810982274,0.34394801014891463,0.0
4909,AMGN,0.8670709441730802,0.37629434881613943,0.34408935955909287,0.0
4910,AMGN,0.8662417065182435,0.37724486728248685,0.344438335983907,0.05173739740437014
4911,AMGN,0.8654288129308263,0.3802788078605787,0.3454704716347925,0.027547872097154938
4912,AMGN,0.863948032544092,0.3861273587401985,0.3477476564301591,0.018393861676640387
4913,AMGN,0.8628839144295166,0.39007925810819594,0.35055017510876013,0.01340682575365791
4914,AMGN,0.8625540561740848,0.3972719878129352,0.3545772607009941,0.019101696763730136
4915,AMGN,0.8624090443995414,0.40617463933621545,0.36000836322666224,0.03159505641220488
4916,AMGN,0.8638060839420825,0.4141056496348726,0.3663215402179535,0.0569091318465982
4917,AMGN,0.8653869437553405,0.41992535113277873,0.3728163983303551,0.0
4918,AMGN,0.8664106607035365,0.41804638021203305,0.37754596730532786,0.0
4919,AMGN,0.8671418603820125,0.4163487972246609,0.38090832129785795,0.0
4920,AMGN,0.8689432995336879,0.4241642728661111,0.3855378264088707,0.0
4921,AMGN,0.870881577179587,0.43054745222233415,0.3908255893061014,0.0
4922,AMGN,0.8718987160108904,0.4273662509354971,0.39426629838027943,0.0
4923,AMGN,0.8720130930682255,0.41510518999946355,0.39397595134904,0.0
4924,AMGN,0.8711144146932295,0.4044956670839555,0.39111063331553225,0.04371655637526518
4925,AMGN,0.8717700443146104,0.4037772852606956,0.3886400929861034,0.02111332749334206
4926,AMGN,0.8727279526684377,0.40511583299926895,0.3869958575906438,0.02221430657139741
4927,AMGN,0.8746805319343034,0.41221409071277676,0.38744209414078246,0.030195041636323337
4928,AMGN,0.8759938241502736,0.4130687075334932,0.38801117968726495,0.017694294047078774
4929,AMGN,0.8757842748259312,0.4099912513051934,0.38770269402645013,0.01861708302990005
4930,AMGN,0.8766992997615679,0.4110888937012138,0.38772831518161144,0.04614771659859207
4931,AMGN,0.87738964650184,0.41150374626087766,0.38785176900228246,0.0
4932,AMGN,0.8777838448438895,0.41184868383068146,0.38803613765738776,0.0
4933,AMGN,0.8776606065564772,0.40578650119654247,0.3866791378019602,0.0
4934,AMGN,0.877255183729039,0.4020046296388657,0.38465496408065275,0.0
4935,AMGN,0.876901838325193,0.4027994039338314,0.3832328698667276,0.0
4936,AMGN,0.8764851790449004,0.4037547026142553,0.3823322777318263,0.0
4937,AMGN,0.8755048042677407,0.3983342735185548,0.3802665777631076,0.0
4938,AMGN,0.8755415683218839,0.3985276256239524,0.3786620033489008,0.0
4939,AMGN,0.876080774449322,0.40392836193011766,0.37871868277934556,0.0
4940,AMGN,0.8759500558177895,0.41044369683026394,0.38038098310900836,0.02965449063666459
4941,AMGN,0.8766363181618018,0.42450490197346885,0.385200492194734,0.026784275647588188
4942,AMGN,0.8781032013291763,0.43556831351580133,0.3918017846255027,0.015348446949308172
4943,AMGN,0.8801374829809374,0.44030537999457675,0.39825844989263554,0.01594475931144392
4944,AMGN,0.8823086056201448,0.4441567612204209,0.40437960664972683,0.02108131308333949
4945,AMGN,0.8837280966266863,0.4464590026705667,0.4098478956140321,0.028152627820170487
4946,AMGN,0.8850332235406468,0.4484822314402093,0.41472464579201096,0.047686870925638614
4947,AMGN,0.8859400707081639,0.45145930660992234,0.4193648877544712,0.0
4948,AMGN,0.8870327815911394,0.4505807605139259,0.42285904632042226,0.0
4949,AMGN,0.8893174575271372,0.45817810881829,0.4275398608847675,0.0
4950,AMGN,0.8903550163451657,0.45405334955379906,0.4302608418297191,0.0
4951,AMGN,0.8910290240044625,0.44608657848809463,0.43046045661220916,0.0
4952,AMGN,0.8916866920841411,0.4392998050934088,0.4289358268401462,0.0
4953,AMGN,0.8929353219097012,0.43351487344547435,0.4262804355829361,0.0
4954,AMGN,0.894246573174152,0.43028884046833205,0.4233554951356075,0.0
4955,AMGN,0.8944957517633472,0.4200944175954275,0.41848552068536343,0.0
4956,AMGN,0.8953699192729809,0.4187761617617577,0.41426238024277445,0.0
4957,AMGN,0.8955220756244531,0.4038557434483791,0.40718096205175314,0.04714860666955148
4958,AMGN,0.8954975657563797,0.39469638443553,0.39924268453209383,0.019283756732700785
4959,AMGN,0.8947582037677604,0.38534046620552936,0.39057013805712837,0.01537254570848593
4960,AMGN,0.8941291264619053,0.38165900628847527,0.3827184469078746,0.014088099434646627
4961,AMGN,0.8925278421741223,0.37789635351519635,0.3755032898132831,0.012166355317734225
4962,AMGN,0.8911181495299934,0.3775291550804134,0.36964003390259115,0.017925255147811587
4963,AMGN,0.8895822250566208,0.3726524683917749,0.3637391473156433,0.04195734695528889
4964,AMGN,0.8879707345153092,0.36895275175329856,0.35810025317700583,0.0
4965,AMGN,0.8866880834989246,0.3696334342126803,0.3537580676507048,0.0
4966,AMGN,0.8853318949000095,0.3704929921470567,0.3504976418071915,0.0
4967,AMGN,0.8835222864571688,0.36870731014075997,0.3474461357877388,0.0
4968,AMGN,0.8820598940812387,0.36866991822934214,0.3449956511568165,0.0
4969,AMGN,0.8799888523644883,0.3714972433177075,0.3437369407343621,0.0
4970,AMGN,0.8788287422115162,0.3741455078860933,0.34338721096183955,0.0
4971,AMGN,0.8777462450617355,0.3732071936673965,0.34287455906168535,0.0
4972,AMGN,0.8767127666508125,0.37326999674040146,0.342480023824783,0.0
4973,AMGN,0.8770640730977171,0.3880798403982915,0.3458398593771823,0.024195506021171726
4974,AMGN,0.8778034345876922,0.40556361913622424,0.35286680095906753,0.015415642029643233
4975,AMGN,0.8787143706392695,0.413670152467918,0.3605002099889978,0.019876023317748296
4976,AMGN,0.8793393570664865,0.42377429479900947,0.3691145537441504,0.014921529514823376
4977,AMGN,0.881025398435745,0.42883780724782133,0.37726267647813966,0.015083360598352842
4978,AMGN,0.8828636011429198,0.43664129374739163,0.38571782115210623,0.020096782024084686
4979,AMGN,0.885522859249011,0.44868023616818087,0.3954697264575193,0.041138516853300125
4980,AMGN,0.8878390001451391,0.45745254164314675,0.4054483358521792,0.0
4981,AMGN,0.890245008729174,0.4635227986019551,0.41493772200973167,0.0
4982,AMGN,0.8924385952984917,0.4676630974815533,0.42355675821858685,0.0
4983,AMGN,0.8948568530821528,0.46763935451581473,0.43044609472578327,0.0
4984,AMGN,0.8972914504454326,0.4668301356036919,0.43575673434552376,0.0
4985,AMGN,0.8996402650157114,0.4677633124945094,0.4402368391564246,0.0
4986,AMGN,0.9017153916273659,0.46484141273979507,0.44309577445840415,0.0
4987,AMGN,0.9039947604910403,0.4611528969391795,0.4444675176221332,0.03497011402055255
4988,AMGN,0.9063109003898799,0.45895555516992315,0.4450195822908928,0.019309614525395168
4989,AMGN,0.9088394488400384,0.46128212436210037,0.44603863517249276,0.02519428525191119
4990,AMGN,0.9112332007447805,0.4611057762200261,0.4468101119109564,0.013951950240459882
4991,AMGN,0.9143622332337489,0.4646496874170686,0.44830681083143314,0.013614919418674603
4992,AMGN,0.9171113714938568,0.4632109089286544,0.449147098124993,0.019639609213113945
4993,AMGN,0.9185083985702875,0.4616850641851411,0.4494406482681349,0.04186394227555612
4994,AMGN,0.9193376367237684,0.4595960502263576,0.44915704300002035,0.0
4995,AMGN,0.9206938173443731,0.4572604030922154,0.4483505047018147,0.0
4996,AMGN,0.9222624194810507,0.4609071390940031,0.44861031035266363,0.0
4997,AMGN,0.9240761178052406,0.4630503719703623,0.44935005614857026,0.0
4998,AMGN,0.9254894919409566,0.46399122225128764,0.45017535025994815,0.0
4999,AMGN,0.9262247775116261,0.46325338966574225,0.4506524724130563,0.0
5000,AMGN,0.9270458413874976,0.46274600735345184,0.45090824947525804,0.0
5001,AMGN,0.9271683837468432,0.4541835481751332,0.4489878650156657,0.027652534591394103
5002,AMGN,0.9276830844940069,0.4510653185960425,0.4466776843388839,0.013447987137946926
5003,AMGN,0.9283632160051507,0.44727317010909096,0.44388841546220276,0.020371543059381454
5004,AMGN,0.9294600147748979,0.4480992130791881,0.44186200529244224,0.016909765098664188
5005,AMGN,0.9302504414403385,0.44732438102954986,0.4400485816017104,0.014598043251116107
5006,AMGN,0.9310306528766508,0.44319043522898915,0.4375718920549109,0.01989115100599127
5007,AMGN,0.9318435554396678,0.43914078154638797,0.43458550919488936,0.029965487762403823
5008,AMGN,0.9325257284009751,0.43554476796206776,0.431303954758874,0.0
5009,AMGN,0.9328974553332476,0.43379705973169297,0.4282449700862128,0.0
5010,AMGN,0.933506101183557,0.43321846130365227,0.4256541874802027,0.0
5011,AMGN,0.93315888212478,0.426772908072238,0.42198192282081276,0.0
5012,AMGN,0.9337552727917307,0.4278032762315947,0.4192998248535557,0.0
5013,AMGN,0.9343149048896255,0.4282311988917637,0.4172603470756598,0.0
5014,AMGN,0.9348214318578245,0.4274990215704102,0.4154470552242979,0.0
5015,AMGN,0.9348827052813968,0.4219377519226055,0.41261624208556136,0.0
5016,AMGN,0.9342822257303869,0.41654220628934113,0.4090125408188014,0.0
5017,AMGN,0.9325093788484673,0.39985129467391295,0.4019872781120576,0.035940396908322694
5018,AMGN,0.931100093596811,0.39055675067634665,0.39406037516516607,0.027959837746748425
5019,AMGN,0.9299726616057882,0.38558294219028993,0.38648446754525195,0.025464824606768056
5020,AMGN,0.9275993426525249,0.3696180535262666,0.376461622011472,0.03296675074846876
5021,AMGN,0.9257437871203149,0.3554187295195313,0.3649193988263239,0.03156409742231228
5022,AMGN,0.9234358115261969,0.3442803135370431,0.352921320733135,0.035092190946606296
5023,AMGN,0.9216527588893926,0.3409087382796232,0.3424861105590088,0.07781665241849518
5024,AMGN,0.9192365390653845,0.33665761959544543,0.33308291220148034,0.0
5025,AMGN,0.9171757100845404,0.33689001527448703,0.3256180287962929,0.0
5026,AMGN,0.915455972820117,0.3383693149195011,0.32001325033725403,0.0
5027,AMGN,0.913805669294832,0.34063787003292734,0.3160924309520002,0.0
5028,AMGN,0.9125189273998098,0.34691504476561147,0.3145136263343697,0.0
5029,AMGN,0.9113057136130744,0.35468139047223357,0.31517801163352865,0.0
5030,AMGN,0.9114405091612015,0.3765498153290791,0.3211367616797902,0.03564030579038653
5031,AMGN,0.9122840414549822,0.39574552356878423,0.33066769652025335,0.027731691099642214
5032,AMGN,0.9123534906520967,0.4091269249860764,0.34161340151151603,0.03037727750864565
5033,AMGN,0.911965429625293,0.4146618447923046,0.35174360573545427,0.03037727750864565
5034,AMGN,0.9119531789297337,0.42201403856073566,0.361672415089517,0.02271439980017379
5035,AMGN,0.9126147728367537,0.4298932062575189,0.3715708913980144,0.029324320045594147
5036,AMGN,0.9127168907215752,0.42908878564234343,0.37929003368611713,0.05486900477401696
5037,AMGN,0.9138810882626744,0.42695435735847903,0.38493563133942044,0.0
5038,AMGN,0.9152209303009489,0.43059169506628564,0.39035481331032706,0.0
5039,AMGN,0.9158540900084868,0.4279061740540535,0.39402367412619754,0.0
5040,AMGN,0.9176555236750734,0.42546431627885783,0.3963527496485069,0.0
5041,AMGN,0.9201769215645705,0.4287496668419755,0.39903135877314555,0.0
5042,AMGN,0.922750411338348,0.4310189312683001,0.4017374254900371,0.0
5043,AMGN,0.9251114800946971,0.4349429356749693,0.40487612681583224,0.0
5044,AMGN,0.927064059859207,0.43106598047057476,0.4064249164577841,0.0
5045,AMGN,0.9291065013278907,0.4314550129948375,0.4077604971269177,0.034681104813771124
5046,AMGN,0.9299050927966972,0.41897680825077477,0.405732157255607,0.023767005456521967
5047,AMGN,0.930542337897784,0.4077047616493245,0.4013120217567868,0.02294694403107157
5048,AMGN,0.9308119424574359,0.3987657845367592,0.39555746412720194,0.01778189391620668
5049,AMGN,0.9305464262831995,0.38842587795362726,0.3883876902088824,0.02801155333213719
5050,AMGN,0.9289329002754569,0.3816325454814038,0.38096592166346643,0.02340288551858067
5051,AMGN,0.9273908549421046,0.37906175993014934,0.374390496777861,0.028533986286574706
5052,AMGN,0.9266269736111679,0.3837142911903036,0.37028480848825057,0.0
5053,AMGN,0.9257160380582357,0.38116272682721264,0.36636701806562605,0.0
5054,AMGN,0.9240085479988602,0.37423434537087835,0.3615133202543451,0.0
5055,AMGN,0.9225503995853979,0.3740760141772168,0.35759106783213657,0.0
5056,AMGN,0.9209654648501222,0.3662851428304797,0.352519750199378,0.0
5057,AMGN,0.9207530503150707,0.3737403238234295,0.3503129011366557,0.0
5058,AMGN,0.9189802059263732,0.3691853927910303,0.3474169924070542,0.0
5059,AMGN,0.9178119259835911,0.36710101720214816,0.3445829711778392,0.0
5060,AMGN,0.9176730395568273,0.37658382365993825,0.3446691694034586,0.0
5061,AMGN,0.9164026781302645,0.37794105063106315,0.3450749606094133,0.02324773876241438
5062,AMGN,0.9155794551241518,0.38395284526316836,0.3468915832065191,0.02014427592903355
5063,AMGN,0.9138168219754279,0.381525291459562,0.34774241807170625,0.016532100602644883
5064,AMGN,0.912909975306555,0.382226739608602,0.3485971693166712,0.015932973786882534
5065,AMGN,0.9116477442768951,0.38304440933184003,0.34948389719627887,0.019590883984703444
5066,AMGN,0.9116130261607149,0.384285501601735,0.3505012901544831,0.011509004492571601
5067,AMGN,0.9117641652776158,0.3861003894727791,0.35176561809189616,0.025973537099775897
5068,AMGN,0.9111310050714336,0.37946225455695337,0.3511296475073067,0.0
5069,AMGN,0.9108164661691838,0.37447568696552225,0.34938331925972965,0.0
5070,AMGN,0.9107306818802492,0.374426824388969,0.34797413009013844,0.0
5071,AMGN,0.9103998014038028,0.3746601759256609,0.34690469125726064,0.0
5072,AMGN,0.9098524254865556,0.37929671031113205,0.3471998217521976,0.0
5073,AMGN,0.9103507826649446,0.38771450615481845,0.3495250301336495,0.0
5074,AMGN,0.9110656392732905,0.3915688612075072,0.3523417594178562,0.0
5075,AMGN,0.9105019237764234,0.38629546998327774,0.35328640801389244,0.0
5076,AMGN,0.911625101333446,0.39199172363130497,0.3554558064832778,0.02661875059367381
5077,AMGN,0.9121030315440897,0.40297570737765376,0.3599172982625624,0.015504473222232777
5078,AMGN,0.9133938643177495,0.4093500022090978,0.3650684455590012,0.008361214014571834
5079,AMGN,0.9151503641403833,0.42023853550610035,0.3718916477862047,0.009707050558141335
5080,AMGN,0.914704534162833,0.4162577344370596,0.3763622659859119,0.011869254556776324
5081,AMGN,0.9157052885365209,0.4217362679831723,0.38129840699926515,0.011835832919960456
5082,AMGN,0.9163651197355955,0.42691408194446206,0.3865323345553259,0.03289076050055058
5083,AMGN,0.9181073284097958,0.4346581496152416,0.39264137669557286,0.0
5084,AMGN,0.9201293513876876,0.4456483475904607,0.40025612564071705,0.0
5085,AMGN,0.9227150943502465,0.4596970861689785,0.40983449970321656,0.0
5086,AMGN,0.9254519759310615,0.47201079030299653,0.4205531780789118,0.0
5087,AMGN,0.9280540544840838,0.4800919222114533,0.4311336724928644,0.0
5088,AMGN,0.9308685470735139,0.47951257517076,0.43945428736764375,0.0
5089,AMGN,0.9340833593636173,0.482317480764887,0.4468068925451542,0.0
5090,AMGN,0.9365628905708498,0.4794578359421281,0.45197927838759794,0.0
5091,AMGN,0.9392956852621834,0.47893955795504983,0.45598856234452373,0.0
5092,AMGN,0.9411624822336919,0.4727461494698476,0.4576589274821246,0.0
5093,AMGN,0.9430697596560385,0.4720371580695569,0.4588192641773273,0.03075072032422506
5094,AMGN,0.9449181790882752,0.4671646835790543,0.45853829704612536,0.016668777506886615
5095,AMGN,0.9481248220872129,0.46839070551585804,0.4586177938844333,0.018157447572006036
5096,AMGN,0.9502123719253888,0.46654511516057046,0.45822335813136733,0.014834457355750456
5097,AMGN,0.9516461740261399,0.46393669621474076,0.4572604597336971,0.012929248153894323
5098,AMGN,0.952804238241149,0.4560845399504748,0.45454141580873997,0.0165076500367638
5099,AMGN,0.9532249819177028,0.447586840101624,0.45025724634065656,0.04317125598511154
5100,AMGN,0.9549657235800848,0.4419043065011283,0.4454196361749558,0.0
5101,AMGN,0.9553456227953894,0.43153176514844943,0.43897532102595815,0.0
5102,AMGN,0.9557500234018126,0.42443514100249086,0.43205864945427674,0.0
5103,AMGN,0.9559828624113882,0.420797317885078,0.4256224878811293,0.0
5104,AMGN,0.9565138987490163,0.42614523822078193,0.4218007898711391,0.0
5105,AMGN,0.9560645603094846,0.4257473179036079,0.4186446767610899,0.0
5106,AMGN,0.9553823828603778,0.42469532853046166,0.41585870662310936,0.0
5107,AMGN,0.9550555912679912,0.42655898992682595,0.4140924485546291,0.0
5108,AMGN,0.9565077684147929,0.44031488231394117,0.4160933392938019,0.044489475702470034
5109,AMGN,0.9562136599708002,0.43654303575827014,0.4167579660238911,0.020981575882946874
5110,AMGN,0.9558787035750478,0.4286253077202156,0.4153246687898468,0.017761489127413835
5111,AMGN,0.9558480678605505,0.4279046424144541,0.4139991783919712,0.011558785141092077
5112,AMGN,0.9566344051432867,0.4306744741762127,0.41362619483008534,0.013869275665178524
5113,AMGN,0.9571453909896892,0.43458903285971084,0.41429931172087137,0.018292365442731145
5114,AMGN,0.9578704573420751,0.43600364355918275,0.4151888791850522,0.07115026719719117
5115,AMGN,0.9566286487923614,0.4219498675380844,0.41241270807222663,0.0
5116,AMGN,0.9569350159102235,0.4248459900437347,0.4109105224063256,0.0
5117,AMGN,0.9574823903315384,0.4289471571590919,0.410726589549466,0.0
5118,AMGN,0.9569533939481403,0.4154987190123641,0.407241849165378,0.0
5119,AMGN,0.9589304885671677,0.4292763578424545,0.4078733510207643,0.0
5120,AMGN,0.9599067784494224,0.4307927862867006,0.4087548952871307,0.0
5121,AMGN,0.9612139448189687,0.4296458952953367,0.40917549864386527,0.0
5122,AMGN,0.9623822247617513,0.42834698962872353,0.4091896227148006,0.0
5123,AMGN,0.9631134209497159,0.4246379125410159,0.40828041405351984,0.0
5124,AMGN,0.962749859319453,0.41844221010365024,0.4060154157902078,0.05655996369354822
5125,AMGN,0.9622310821543385,0.40746538211283123,0.4014792200702884,0.033728412261167226
5126,AMGN,0.9618430221248238,0.39969986494401677,0.39592304012518265,0.01558187069696426
5127,AMGN,0.9616346909887441,0.39846728096925377,0.39117219707841444,0.013780092665885656
5128,AMGN,0.9601008109574019,0.39626087393806664,0.3868239429885484,0.01712700573796733
5129,AMGN,0.9596147074664381,0.3914379039995677,0.3821483891244132,0.025361745242693853
5130,AMGN,0.9594063738371363,0.3861143266855499,0.3770867561645974,0.04892804497496895
5131,AMGN,0.9587425774178127,0.38314939986141094,0.37230162291758884,0.0
5132,AMGN,0.956816554456628,0.3714762777294024,0.36557651496451143,0.0
5133,AMGN,0.9555747409204707,0.37190212502863573,0.360302114140944,0.0
5134,AMGN,0.9540102241773418,0.36792442386370694,0.35509541922518256,0.0
5135,AMGN,0.9535404612632865,0.36186572149522933,0.3494264322352281,0.0
5136,AMGN,0.9517798715593035,0.35821687747464337,0.34398568319190304,0.0
5137,AMGN,0.9503542432375167,0.36145104023070085,0.34043572902358893,0.0
5138,AMGN,0.9503215640782785,0.3626536786504093,0.3378942329792338,0.0
5139,AMGN,0.9473314235011627,0.3575965384651974,0.33460596986365054,0.03353245592741524
5140,AMGN,0.9458179699389224,0.36060975668076517,0.3327231710668135,0.020052806186169073
5141,AMGN,0.9440880209358808,0.3591722399552701,0.33086017332715806,0.014335595450435713
5142,AMGN,0.942474688402164,0.3596678026363907,0.32949276243417797,0.012303735835382607
5143,AMGN,0.9411511854448649,0.3611770446789139,0.328773393001662,0.011435652794928355
5144,AMGN,0.9405466289772604,0.36730846282554325,0.32971957490242537,0.014837447712728718
5145,AMGN,0.9405016886509299,0.37242229250346165,0.33174565573585457,0.036700123484152865
5146,AMGN,0.9403750519224361,0.3768087556563794,0.33445514001575866,0.0
5147,AMGN,0.9394927161189255,0.3774581357500403,0.33678388869459525,0.0
5148,AMGN,0.9383652901116357,0.3744035767736353,0.3378888161127599,0.0
5149,AMGN,0.9376586003012335,0.3735633439809168,0.3385642315269751,0.0
5150,AMGN,0.9376095805650868,0.37843878478733506,0.34031453651733123,0.0
5151,AMGN,0.9373971660300353,0.3818439678875171,0.342559868905445,0.0
5152,AMGN,0.9375605618262286,0.37910507532256144,0.3436764044590156,0.0
5153,AMGN,0.9375319675618945,0.38443677290506095,0.34589283803489357,0.0
5154,AMGN,0.9359511102418585,0.36793328999361713,0.3435701987105669,0.028113225469398092
5155,AMGN,0.9334266476838939,0.3421968809239462,0.3353249004199716,0.03243288407617319
5156,AMGN,0.9314250526710368,0.3288209622694051,0.3254090653646486,0.029671025551720864
5157,AMGN,0.9287305693274126,0.3175260991060705,0.31467327117093347,0.01574422949054871
5158,AMGN,0.9267493952985695,0.31530273173342727,0.30553284699550565,0.01599682670353601
5159,AMGN,0.9251521998948466,0.31211492399325447,0.29742936684126436,0.016528054825556648
5160,AMGN,0.9228340270227982,0.3095743039703542,0.29031605906131713,0.04317547766555144
5161,AMGN,0.9211490038853993,0.31098570851248686,0.28497569109414755,0.0
5162,AMGN,0.9193555340684854,0.3131288210229873,0.2812352681235921,0.0
5163,AMGN,0.9174887341051106,0.31569268196446515,0.27887922126699166,0.0
5164,AMGN,0.9149275030052029,0.3159094864206888,0.27704818967840705,0.0
5165,AMGN,0.9114063255918152,0.3069403227138963,0.27335742355622544,0.0
5166,AMGN,0.9081833435119022,0.3041565139815611,0.2697139331383322,0.0
5167,AMGN,0.905748746148622,0.3082574697621668,0.2678169040314375,0.0
5168,AMGN,0.9037430627503493,0.3131793921174547,0.2675207890599392,0.0
5169,AMGN,0.9022357365304661,0.32449581785939485,0.2700923745699749,0.0
5170,AMGN,0.8995478716939309,0.32711414286284746,0.2727994512296678,0.03576185500638529
5171,AMGN,0.8958775926246503,0.31906617852776903,0.27296779227550977,0.03682360763701992
5172,AMGN,0.8920173684355168,0.3060838510910029,0.2698805490081493,0.03414635862471724
5173,AMGN,0.8878221848587646,0.3007207247740804,0.26607974936972845,0.020873219418322795
5174,AMGN,0.8860003252217199,0.30160163099395826,0.2632577303916602,0.018469500117855246
5175,AMGN,0.8854406966143356,0.30343609367069757,0.261455386798158,0.02196135755170679
5176,AMGN,0.8839537888852438,0.3024097094751229,0.2597587868915963,0.04907281343338716
5177,AMGN,0.8819016243494522,0.2951824894046484,0.25660787659876627,0.0
5178,AMGN,0.8799653841645618,0.2976124628685014,0.25469021208121223,0.0
5179,AMGN,0.8782497273072432,0.3005778970145034,0.2538920332519831,0.0
5180,AMGN,0.8773142813875925,0.31114558894674527,0.2558761491058704,0.0
5181,AMGN,0.8757293421645178,0.31601966647617413,0.2586730761138628,0.0
5182,AMGN,0.8746876939637853,0.32649761450736636,0.26351100425829177,0.0
5183,AMGN,0.8736705551324824,0.3356954745321129,0.2696640448093548,0.0
5184,AMGN,0.8728290667820864,0.3427180634502067,0.2763293228560817,0.0
5185,AMGN,0.8731068396356156,0.35047573142552585,0.283586820672718,0.0
5186,AMGN,0.873813530941951,0.3647845509376455,0.29294393995885926,0.050804581930504106
5187,AMGN,0.8740300303719071,0.37646203798148525,0.3033277200143119,0.02081341227875756
5188,AMGN,0.875104361721033,0.39551005834398256,0.31636202611613423,0.026662374624886104
5189,AMGN,0.8755537001605647,0.41042234735891064,0.3304903593289971,0.024789003929680874
5190,AMGN,0.8761378496061996,0.41628796867735407,0.34324873866559286,0.016511695813852038
5191,AMGN,0.8775124127525205,0.41803053067286716,0.3538879060811817,0.01677818939162067
5192,AMGN,0.8800675165100706,0.42393180294874633,0.3638638005304441,0.042443016109228945
5193,AMGN,0.8822651864783597,0.42828409594762085,0.3729246554539896,0.0
5194,AMGN,0.8844914537028488,0.43562202515741444,0.38199444523123993,0.0
5195,AMGN,0.8860191999094571,0.4336861351714469,0.3887698335307359,0.0
5196,AMGN,0.888171942017526,0.434754822507725,0.3944553678719919,0.0
5197,AMGN,0.8917135459000152,0.44217927336693597,0.4008463738736477,0.0
5198,AMGN,0.8941603979480099,0.44296933216487655,0.40615525315981466,0.0
5199,AMGN,0.8967052874737207,0.4440182772099958,0.4106626807062516,0.0
5200,AMGN,0.8986374427637069,0.44504459272371716,0.4145233307298994,0.0
5201,AMGN,0.9011251437607495,0.44672470455485236,0.41802881599574104,0.0
5202,AMGN,0.9032737984806913,0.449666528043788,0.4215632973693206,0.0
5203,AMGN,0.903637351633999,0.43289585815161463,0.4202287865986864,0.041376689991451096
5204,AMGN,0.9049567721896157,0.4284571773598559,0.4180595991479299,0.02046987303296077
5205,AMGN,0.9052672251996721,0.41571091154414924,0.41316091816690836,0.022026089985118576
5206,AMGN,0.9059984124120377,0.4176101114066776,0.40971331125672605,0.008845651845050255
5207,AMGN,0.9072238808834876,0.4241299208085289,0.40857329298265105,0.017290771758365082
5208,AMGN,0.9078284373510925,0.43210311035237736,0.4096400412560207,0.021159590074829284
5209,AMGN,0.9087393734026699,0.4411242557970013,0.4127322814018955,0.04175822436120698
5210,AMGN,0.9101731660291774,0.4474901005256385,0.4167859302697731,0.0
5211,AMGN,0.9116764123405994,0.4499950283431488,0.4206505150333468,0.0
5212,AMGN,0.9128344765556093,0.45252097367026733,0.4243690645776231,0.0
5213,AMGN,0.9139905018136765,0.45388166303141453,0.42768159612434603,0.0
5214,AMGN,0.9148115656895479,0.4550825207795668,0.4306296467301547,0.0
5215,AMGN,0.9163270616992407,0.4553758446915616,0.4330608834865301,0.0
5216,AMGN,0.9175566150655952,0.45495479509759723,0.43490137803321627,0.0
5217,AMGN,0.9174073121568243,0.44656802678642715,0.4342923700074565,0.0
5218,AMGN,0.9150013030741446,0.41132992989242007,0.42505987562432346,0.04069488860040739
5219,AMGN,0.9136858796520193,0.3959126664017872,0.4138476686959782,0.03770312439533223
5220,AMGN,0.9133182351214288,0.39449390657302785,0.4045257994829623,0.016677220867766414
5221,AMGN,0.9133835954344844,0.39936084498817553,0.3982761666729021,0.014827948931738945
5222,AMGN,0.913579666899405,0.40670561549802325,0.3950992641171329,0.018445753165380812
5223,AMGN,0.9159019286555137,0.41610021986175477,0.39488926754342923,0.028984650673533934
5224,AMGN,0.9177278771766182,0.42716460035739173,0.39746719591865537,0.048273156796729604
5225,AMGN,0.9203993974470897,0.4354185056822703,0.4015779687340778,0.0
5226,AMGN,0.9218536245210092,0.4408212923693434,0.4062074348057709,0.0
5227,AMGN,0.9228748482472175,0.44529517025029947,0.4110213216081666,0.0
5228,AMGN,0.9241493394466804,0.45407174917294807,0.4170505767721766,0.0
5229,AMGN,0.9249744837296574,0.4587747366335519,0.4230411545947118,0.0
5230,AMGN,0.9258159720800525,0.461727116462488,0.42856632985527415,0.0
5231,AMGN,0.9271966665578861,0.4670320127594437,0.4343030237319813,0.0
5232,AMGN,0.9278625044273738,0.4640847722695939,0.4381609412969762,0.0
5233,AMGN,0.9275275400533114,0.45056370512348404,0.4378916563974424,0.02933012485619901
5234,AMGN,0.9269883279421403,0.43800777877288594,0.4345601353498997,0.025433865616875464
5235,AMGN,0.9265696257157505,0.42897732717532683,0.4296537674108329,0.011413488972618884
5236,AMGN,0.9269209301680772,0.42960141289963477,0.42588355683178736,0.009402561856413612
5237,AMGN,0.927564500872534,0.4253776098133337,0.4218191372556202,0.026592716897627766
5238,AMGN,0.930503585748427,0.4176386943216125,0.4166469801520381,0.03530468219541455
5239,AMGN,0.9332201256296884,0.42136810900236926,0.41343480971164165,0.048676151375388305
5240,AMGN,0.9334325441538946,0.4084834334570531,0.40766739221648557,0.0
5241,AMGN,0.9343344869543038,0.41141560837048285,0.4037811568259797,0.0
5242,AMGN,0.9353066954321654,0.4178416832011981,0.40226697299556446,0.0
5243,AMGN,0.9359051360262338,0.42248242969259053,0.40220735284061615,0.0
5244,AMGN,0.9359296453956625,0.4237499670412712,0.402474230433587,0.0
5245,AMGN,0.9359786641345211,0.42462340442263374,0.4029044996461047,0.0
5246,AMGN,0.9351616851535547,0.4153141039875462,0.40093836002505945,0.0
5247,AMGN,0.9350023682685333,0.4154269560173733,0.3993934556153637,0.037173655306828216
5248,AMGN,0.9348879857261099,0.4215968755803894,0.399688764703446,0.04574894370037327
5249,AMGN,0.9354741671476643,0.431951024353241,0.402494674373609,0.018249269121573843
5250,AMGN,0.9363197393956755,0.442348172507126,0.40731973597022736,0.017623053189655475
5251,AMGN,0.9362625513656524,0.44426972016478167,0.4116566693326774,0.016619524568421126
5252,AMGN,0.936879376480015,0.445976890585511,0.41554989659129277,0.024702459480662943
5253,AMGN,0.9387094138851797,0.4489910903769332,0.41941253369844317,0.02898940006402882
5254,AMGN,0.9417159025188688,0.46170607680822734,0.4256582115783182,0.0
5255,AMGN,0.9432538659491829,0.45685350768639144,0.4294504574511095,0.0
5256,AMGN,0.944295510659404,0.4552449278021246,0.43208504149205995,0.0
5257,AMGN,0.9458069262619921,0.4538903923739701,0.433856544078634,0.0
5258,AMGN,0.9481210222174461,0.4564653500648486,0.43591279162659163,0.0
5259,AMGN,0.9497100488286478,0.4602534673240545,0.438497913541886,0.0
5260,AMGN,0.9530719173353246,0.4655040141013958,0.44186907643734685,0.0
5261,AMGN,0.9552826624578206,0.46996164344634206,0.4456722881845492,0.0
5262,AMGN,0.9571045205989313,0.47285046110661316,0.44943179591148047,0.04825292791128842
5263,AMGN,0.9592695173917143,0.47767996482402725,0.45363797421943497,0.023982662965660147
5264,AMGN,0.9606297933787569,0.47005422386331,0.4551103827476908,0.03405647201201772
5265,AMGN,0.9623924290207024,0.467638368039046,0.45568874952814326,0.017319444004686064
5266,AMGN,0.9650026773635352,0.4641222898939391,0.455278832948333,0.016915042199214064
5267,AMGN,0.9672003528169126,0.4639049499808688,0.4548969608996728,0.01855903492385144
5268,AMGN,0.9689772845937368,0.4648654805445238,0.45482984493048223,0.0658928678227035
5269,AMGN,0.9701312684016408,0.4641331352018512,0.45459440082704444,0.0
5270,AMGN,0.9705152495199836,0.4574283278570338,0.4527420660410863,0.0
5271,AMGN,0.9722554142507982,0.45995589291518135,0.45188748192585304,0.0
5272,AMGN,0.9731173210919852,0.45277825172897346,0.4494224886087713,0.0
5273,AMGN,0.9750739842554665,0.46019792231121054,0.44929188612857984,0.0
5274,AMGN,0.975989000714149,0.4653479416759343,0.4504655209080125,0.0
5275,AMGN,0.9786768615615289,0.4730592956445467,0.4533182100359045,0.0
5276,AMGN,0.9804088570011782,0.471117443461184,0.4551184381351788,0.0
5277,AMGN,0.9818508249025837,0.46628911666002,0.4553603405718263,0.0
5278,AMGN,0.9817773002848078,0.4501589753673473,0.4515507311685928,0.03166928762660644
5279,AMGN,0.9816016438201669,0.43829633478930713,0.44555900815615124,0.02548223903858264
5280,AMGN,0.9805559077326635,0.42243975513204424,0.43683039012129454,0.019131424430161092
5281,AMGN,0.9795877896347958,0.41166260098715485,0.4271728530560081,0.08803487811656763
5282,AMGN,0.9782765418608554,0.3996928118762503,0.41647619610400094,0.01895692830531193
5283,AMGN,0.9766548380849924,0.39046931664096957,0.4056298104352012,0.025422607802369067
5284,AMGN,0.9764138183154305,0.38726019825237223,0.3961562722717812,0.041541335528607164
5285,AMGN,0.9758562266704103,0.3859389029768596,0.38824952653885253,0.0
5286,AMGN,0.9745863140437514,0.3767652010280517,0.3796474273977145,0.0
5287,AMGN,0.9735610094117932,0.3756677771663286,0.37249339263619446,0.0
5288,AMGN,0.9728706651647432,0.3804458369621202,0.3679559697511788,0.0
5289,AMGN,0.9719760731805849,0.3815313807999958,0.3645954385421569,0.0
5290,AMGN,0.9716002628493401,0.38261525005459324,0.3621760050807433,0.0
5291,AMGN,0.970550444858798,0.38505189934845796,0.36084517881631584,0.0
5292,AMGN,0.9702032287918874,0.38600127016521113,0.36001612988112114,0.0
5293,AMGN,0.9687816858636502,0.3893187941447181,0.3601762241442628,0.024105443505120547
5294,AMGN,0.9674785999012085,0.39330090792542216,0.3612925689217782,0.013435322096627228
5295,AMGN,0.9658957031255864,0.3979932880778591,0.3633501859443591,0.019788951158675377
5296,AMGN,0.9656791987091866,0.408825152037819,0.36768449992193075,0.02114006480279475
5297,AMGN,0.9659038629425081,0.4193263540590406,0.3737581087493476,0.035088496976221385
5298,AMGN,0.9663470705491717,0.4180262544496728,0.3782943408876033,0.029774104915795064
5299,AMGN,0.9660693006875092,0.410612053314944,0.38008329181624106,0.035359212234429914
5300,AMGN,0.9663715859023334,0.40461980307900564,0.38002731339796403,0.0
5301,AMGN,0.9665186401243298,0.4001514843693862,0.37887359637720597,0.0
5302,AMGN,0.9676379028241868,0.4034186582673989,0.3787614604357359,0.0
5303,AMGN,0.9696476691227867,0.4153993568185229,0.3816450864553469,0.0
5304,AMGN,0.9710242836921599,0.42190046846534557,0.3855654141708766,0.0
5305,AMGN,0.9725561192814722,0.42941474227229437,0.3905665468687629,0.0
5306,AMGN,0.9749616321930299,0.4358010124619239,0.3961523789094995,0.0
5307,AMGN,0.9768080046900138,0.4403767137376653,0.4017566287198387,0.0
5308,AMGN,0.9780457278461783,0.4424996018747849,0.4067668807453767,0.0
5309,AMGN,0.9800187295919902,0.44848393803574754,0.4122602574349826,0.049255225209061136
5310,AMGN,0.9816567709528949,0.44914139847212886,0.4168181253974357,0.02579868916822341
5311,AMGN,0.9830109161070686,0.44751813056420087,0.4200615618793046,0.01524607119864062
5312,AMGN,0.9844692240867383,0.44566365275728065,0.4221960721793,0.01443832300780659
5313,AMGN,0.9856497522318577,0.4432007499519041,0.4232924443947881,0.022663211924840016
5314,AMGN,0.9864728645389143,0.4383037604370446,0.4229542216126739,0.023879583601585944
5315,AMGN,0.9871652572171494,0.4341602500618506,0.4216553190845726,0.042434748651700806
5316,AMGN,0.988236117402896,0.4416135513830425,0.4224659356141295,0.0
5317,AMGN,0.9880032833797641,0.4354659323744156,0.4215887307083883,0.0
5318,AMGN,0.9886466543272752,0.43009734945882355,0.41955460755654284,0.0
5319,AMGN,0.9891940332363895,0.418354576936216,0.4150130220490943,0.0
5320,AMGN,0.9904317563925531,0.416099262108079,0.4108200361964885,0.0
5321,AMGN,0.9919554221920559,0.41741701760759287,0.4077926842253282,0.0
5322,AMGN,0.9930420042367416,0.42045163578957,0.40612392532518726,0.0
5323,AMGN,0.9923516569978248,0.41348092887008087,0.4030589485220731,0.0
5324,AMGN,0.9927111227630059,0.4161301355069851,0.401264439444836,0.17021745172332514
5325,AMGN,0.9924190492867999,0.4138814410155659,0.39927075775222903,0.05230028812969002
5326,AMGN,0.9924639771470201,0.41631851656009544,0.3982806386884919,0.04235224997977111
5327,AMGN,0.9928111957071528,0.4211821321624308,0.3986955813518762,0.036734424637727046
5328,AMGN,0.9932482779660368,0.4246887242989605,0.3998977912768543,0.03949206148173947
5329,AMGN,0.9929745969884345,0.42453018233533363,0.4008202127353786,0.03761306187928105
5330,AMGN,0.9930930624311856,0.4247471187684565,0.4016119885525352,0.04634367293234405
5331,AMGN,0.9932911773408479,0.4238893226140727,0.4020325238621456,0.0
5332,AMGN,0.9934913366925402,0.4229252190886425,0.402129683712879,0.0
5333,AMGN,0.9937732004247066,0.42227312557183755,0.4020455769291219,0.0
5334,AMGN,0.9943226172934732,0.4218302142367315,0.40186837106064005,0.0
5335,AMGN,0.9955685072475808,0.42864466681981106,0.4034177973040389,0.0
5336,AMGN,0.995661847096156,0.4326979623012317,0.40566327333233393,0.0
5337,AMGN,0.9964379771280747,0.4311256571049305,0.4070694440437943,0.0
5338,AMGN,0.9976348513351905,0.43378942463864784,0.408855466659058,0.0
5339,AMGN,0.9997426571060837,0.4378201346248098,0.4112846145826,0.0
5340,AMGN,1.0,0.42835735396565655,0.41087948765665594,0.02794646909202208
5341,AMGN,0.9994138190770898,0.41507078136489106,0.4072579633357149,0.02291563323447565
5342,AMGN,0.998449785874127,0.40274012842356915,0.4013005584477744,0.02198141053379631
5343,AMGN,0.9981760989127917,0.3911494652171715,0.39365809759726067,0.01928709889638237
5344,AMGN,0.9972815059313445,0.38394290859642566,0.38575562674386815,0.022373147297948617
5345,AMGN,0.9968403427667112,0.3790791880374297,0.3782265860989426,0.02423279753172417
5346,AMGN,0.9962276085309858,0.3780705460029666,0.37195303174896505,0.045726603974712135
5347,AMGN,0.9954596457956555,0.3790477215334258,0.3671767008379649,0.0
5348,AMGN,0.9947407057883386,0.3805020043468637,0.36371655577008516,0.0
5349,AMGN,0.9944425039724862,0.3836372585907927,0.3617265379564827,0.0
5350,AMGN,0.9930056401951344,0.37499784015338516,0.35799041807211146,0.0
5351,AMGN,0.9921151331058806,0.3734795767828236,0.3546247239959037,0.0
5352,AMGN,0.9917188983001117,0.37773934892416894,0.3529893465428896,0.0
5353,AMGN,0.9908814948446207,0.37708322628335633,0.3515182099799067,0.0
5354,AMGN,0.9899256702858388,0.37591423013527314,0.3500511826799327,0.0
5355,AMGN,0.9874992427123686,0.3673101519278381,0.34674222584151587,0.0
5356,AMGN,0.9854486274647205,0.3639109175846862,0.3432514483200981,0.05102604425024714
5357,AMGN,0.9839004507998559,0.36253586563998813,0.34011756992762704,0.03170534781369724
5358,AMGN,0.9818089885977366,0.36045660157161846,0.3370944415303473,0.02492233867024102
5359,AMGN,0.979051681545108,0.35464656665504585,0.33323402131707563,0.01825824019250863
5360,AMGN,0.9770304763440283,0.3461164739846698,0.32802871166250863,0.01577765112736458
5361,AMGN,0.9754338543813628,0.3389362304638813,0.3220824920741647,0.02252055430664176
5362,AMGN,0.9738305256515503,0.33218725963247503,0.31565057653517414,0.04981635690086439
5363,AMGN,0.9709996924852118,0.31294203674306953,0.30572882089938924,0.0
5364,AMGN,0.9653380341308471,0.27103759469931465,0.2873916943602588,0.0
5365,AMGN,0.9604014366437794,0.2478550010863679,0.2669686047585995,0.0
5366,AMGN,0.9556588796430017,0.23601779641152837,0.2476924101955796,0.0
5367,AMGN,0.9513248061489743,0.2343999644866286,0.23186994574346043,0.0
5368,AMGN,0.9474686653588122,0.24046558950940128,0.2207173232832334,0.0
5369,AMGN,0.943792259944463,0.25068843553699716,0.21433230138294487,0.0
5370,AMGN,0.941397490306505,0.26251461457988245,0.21215927043527222,0.0
5371,AMGN,0.9389342986788907,0.2775972634123903,0.21416401341047325,0.0
5372,AMGN,0.9308278202524511,0.23696413543287198,0.2056835967712965,0.14107290490313001
5373,AMGN,0.9226376109547063,0.20186450960052021,0.19018834084106045,0.08205451596674723
5374,AMGN,0.914982110550469,0.18129622631049186,0.1726875596264923,0.03861289653013048
5375,AMGN,0.907486322915013,0.16138069972107022,0.15374435743582107,0.041401668267387164
5376,AMGN,0.8997250225958311,0.1486904622054112,0.13544036960272424,0.04927844445148058
5377,AMGN,0.8910123461644295,0.13254359735462307,0.11678989757988906,0.05655152033266842
5378,AMGN,0.8825239350508323,0.12385632324285895,0.09971353764664836,0.08586810063078942
5379,AMGN,0.8740763753795053,0.1159924117053896,0.08410080710386642,0.0
5380,AMGN,0.8663837059819821,0.11646409269929592,0.07172768308100663,0.0
5381,AMGN,0.8588240345195319,0.12034393333362825,0.06279207137897719,0.0
5382,AMGN,0.8518164027953805,0.13052208757353018,0.05816956660791417,0.0
5383,AMGN,0.846322219148381,0.142657835888037,0.05748337736125253,0.0
5384,AMGN,0.8440142535271504,0.1605872536768868,0.06138409650190796,0.0
5385,AMGN,0.8404481402752322,0.17238971184174032,0.06743377140876533,0.0
5386,AMGN,0.8366083390646892,0.18596145956429436,0.07564170804321324,0.0
5387,AMGN,0.8315144751183627,0.19171204870288056,0.08363522176666999,0.0
5388,AMGN,0.8263348283790357,0.20314039640850823,0.09286628669871222,0.0
5389,AMGN,0.8220048372866908,0.22687202289174205,0.10614078438881486,0.09863182373076937
5390,AMGN,0.8175563807515958,0.2483150401949868,0.12208204794372357,0.031407191632629367
5391,AMGN,0.8130098907279395,0.27006927626434224,0.14023396155483214,0.030903228530116414
5392,AMGN,0.8135225470330734,0.2876346520629645,0.15911481610387526,0.018445049551974162
5393,AMGN,0.8146275056197427,0.3037463231660886,0.17821804721796733,0.0216806158024535
5394,AMGN,0.8154775322581576,0.3194748783960298,0.19740409900570988,0.025451983662096698
5395,AMGN,0.8172503876170314,0.33606913238394476,0.2168712539215644,0.05707149064018266
5396,AMGN,0.8192601539156312,0.35246921634016487,0.2365151027885809,0.0
5397,AMGN,0.8220129701768157,0.36455910721825907,0.2552306156877559,0.0
5398,AMGN,0.823393660166849,0.3610071007512049,0.2693214994169234,0.0
5399,AMGN,0.8263878881320914,0.3713310619215939,0.28315637692894846,0.0
5400,AMGN,0.8286754292787979,0.37575532165961273,0.29532227879782197,0.0
5401,AMGN,0.831395969285416,0.3843033713794581,0.3071764303049582,0.0
5402,AMGN,0.8337366140658848,0.3911596422709848,0.3183613207944977,0.0
5403,AMGN,0.8363141827508342,0.4001992263086543,0.32955265074947415,0.0
5404,AMGN,0.8392593919772184,0.41661105299155793,0.342578753923398,0.0
5405,AMGN,0.8430256665754072,0.43288985602992786,0.35703966225291933,0.048658385136870395
5406,AMGN,0.8475721590922856,0.455156041780044,0.37413434586016914,0.070711564238145
5407,AMGN,0.8534666654318248,0.47874220430468434,0.39366363767007023,0.033931580632337366
5408,AMGN,0.8584727026417642,0.4915856981589019,0.4124745319090181,0.01665910282254518
5409,AMGN,0.8619938800551523,0.49761697844108654,0.4290200728242408,0.019099410020158525
5410,AMGN,0.8646980909536834,0.49356664697028957,0.4412513061223422,0.01899844149630427
5411,AMGN,0.866634327149419,0.48452456291639984,0.448792254750755,0.04890517753925283
5412,AMGN,0.8684112589262427,0.47385254714412883,0.45217646395030886,0.0
5413,AMGN,0.8703577118470398,0.46749085048864114,0.4533050040154525,0.0
5414,AMGN,0.8723266291965919,0.463980863276062,0.45333673769323934,0.0
5415,AMGN,0.8738094405619576,0.45877389385276596,0.4520698741726882,0.0
5416,AMGN,0.8744997878008745,0.4484108940290663,0.4484845243286031,0.0
5417,AMGN,0.8758232937500399,0.44505791668053707,0.44478411232846704,0.0
5418,AMGN,0.8793403882631008,0.4514200669530631,0.4434027226002093,0.0
5419,AMGN,0.8807169978460294,0.44610566507908095,0.44097869808300355,0.0
5420,AMGN,0.8814594274949825,0.4307961262481976,0.43524000183881095,0.0
5421,AMGN,0.8826522168071942,0.4279638030143039,0.42994612713601493,0.0
5422,AMGN,0.8838981042680789,0.42596133297723804,0.4252140602088616,0.0419914722055114
5423,AMGN,0.8844250572067365,0.42014833952140496,0.41998575493005885,0.020160107230683174
5424,AMGN,0.8840553737192041,0.4153232196589213,0.4146056265529193,0.016058920586672857
5425,AMGN,0.8830259846909856,0.40808184649351154,0.4085043810098648,0.014331021963292489
5426,AMGN,0.8804157308630649,0.39567771669909274,0.40054496387344557,0.0245550524719698
5427,AMGN,0.8776390170691277,0.3910382562435894,0.393026022419557,0.017896582901490606
5428,AMGN,0.876003014665165,0.39469153753147035,0.38791752993584444,0.07817514344918328
5429,AMGN,0.8746509189394649,0.39759452871896606,0.38455119182263187,0.0
5430,AMGN,0.8730467762225382,0.38959834715687824,0.37987365234750137,0.0
5431,AMGN,0.8726342078208824,0.39110570796125815,0.3765057131690773,0.0
5432,AMGN,0.8720648551690471,0.38812458799147803,0.3730715161795945,0.0
5433,AMGN,0.8718769500034247,0.3927529326253335,0.3714728076406124,0.0
5434,AMGN,0.8714602907231317,0.3963138140991476,0.3710775699728544,0.0
5435,AMGN,0.8711294142358401,0.39831456228091733,0.3712579196785465,0.0
5436,AMGN,0.8708148773281685,0.39445843536414044,0.3704451971280008,0.0
5437,AMGN,0.8705983778982125,0.39784311106393755,0.3706350180166642,0.0
5438,AMGN,0.8690216084649469,0.39580255378701584,0.3702804551827375,0.0
5439,AMGN,0.8674713903499183,0.38481620553485457,0.3672702450956736,0.05668766952685517
5440,AMGN,0.8666676872773929,0.37356496992294885,0.36206977823485054,0.03393351556920565
5441,AMGN,0.8651215580464244,0.3668034984907488,0.3562313625152839,0.025678723082389613
5442,AMGN,0.8631106498521541,0.3575610616681769,0.3492668689646279,0.02258774938697682
5443,AMGN,0.8625150315853753,0.3616499255541272,0.3447100364204258,0.023118625702294133
5444,AMGN,0.8622393061657427,0.3685933133761489,0.34278776009425066,0.025886113133999654
5445,AMGN,0.8619656127220305,0.3711260567544784,0.3418785078872215,0.05606374033850841
5446,AMGN,0.8617567943904292,0.36747902990014886,0.34024599764925056,0.0
5447,AMGN,0.8619436818228361,0.3741584025926326,0.34059765666435593,0.0
5448,AMGN,0.860268878402366,0.3674109294456571,0.33920441569907245,0.0
5449,AMGN,0.8590148156665824,0.3668742760853252,0.33795663786335384,0.0
5450,AMGN,0.8587439871343916,0.366811524282063,0.3369428420355329,0.0
5451,AMGN,0.8580904039496184,0.37079309576193914,0.3371199401536427,0.0
5452,AMGN,0.8574383730249089,0.36999816922010514,0.3370643361008266,0.0
5453,AMGN,0.855996405123503,0.3682883215213587,0.33659550785088005,0.0
5454,AMGN,0.8543011737379977,0.3645146968751575,0.3352839181083595,0.0
5455,AMGN,0.8523700446581821,0.35866546827274354,0.3327830018444214,0.04737446657308608
5456,AMGN,0.8517899845952517,0.36323428985245326,0.33191614562815414,0.02439216596833036
5457,AMGN,0.8505114070049511,0.3662736000128798,0.3319769477734347,0.013739107184948302
5458,AMGN,0.8492001532472773,0.3639806440272656,0.33145653037049316,0.015566743008721289
5459,AMGN,0.8491196845076208,0.3660251775840733,0.3315476028145254,0.016468071782639745
5460,AMGN,0.849294521699516,0.3678663006635521,0.33207738531800146,0.012914999982409664
5461,AMGN,0.8497295640041695,0.3741473663979227,0.3340600278687884,0.03317062273304556
5462,AMGN,0.8505808577179446,0.3793910268044208,0.33694749823324144,0.0
5463,AMGN,0.8505310610938266,0.38516109222009554,0.3406894725062631,0.0
5464,AMGN,0.8504820378671694,0.39316181189984456,0.34566864716602697,0.0
5465,AMGN,0.8488574746648725,0.37977308981421126,0.34632921295285946,0.0
5466,AMGN,0.8491398226006948,0.3834872971241315,0.3477794467039187,0.0
5467,AMGN,0.8483269285146333,0.3843024969591897,0.3491419476187675,0.0
5468,AMGN,0.8486006164732567,0.3842035484360502,0.35020739159518594,0.0
5469,AMGN,0.848453560256683,0.38428624318784244,0.3510802697182829,0.0
5470,AMGN,0.84743642142538,0.3754149169723578,0.3495769123882721,0.0
5471,AMGN,0.846574514584193,0.3740198539405472,0.34802800385577626,0.02655577719377865
5472,AMGN,0.8462130013851148,0.37420654749097537,0.34683521008982393,0.01967197542981984
5473,AMGN,0.8464499292787506,0.37947360895530385,0.34718813900706724,0.025262711655707887
5474,AMGN,0.845652883108932,0.370230128264298,0.34517646210164016,0.023384943376711098
5475,AMGN,0.845478245374796,0.3665366012627864,0.3426504718342424,0.02252565550383997
5476,AMGN,0.8445060508589783,0.36436741902251407,0.3400913383077545,0.020542521117197367
5477,AMGN,0.843852477647093,0.3654454548094025,0.33831157525939065,0.03480265402976988
5478,AMGN,0.8438524801403151,0.36845746631641435,0.3376352770389243,0.0
5479,AMGN,0.8423500526029932,0.358901672426131,0.33472270944574783,0.0
5480,AMGN,0.8408598792517421,0.3518634983120456,0.33064594187691076,0.0
5481,AMGN,0.8396589156619214,0.3543934664529709,0.3280124079254392,0.0
5482,AMGN,0.838731154331136,0.3597792629016286,0.32724221199587267,0.0
5483,AMGN,0.83717072447749,0.35927059625518665,0.3264998158496363,0.0
5484,AMGN,0.8351037676556445,0.3573521599937074,0.32542978702470704,0.0
5485,AMGN,0.8349350614960751,0.35644343300109016,0.32434823875397656,0.0
5486,AMGN,0.8333501222730004,0.35539671450515087,0.32322322859836083,0.0
5487,AMGN,0.8330110759958989,0.3658258825337337,0.32491150093333404,0.0
5488,AMGN,0.8327190070074924,0.37396088115522097,0.3282810389982132,0.040400778196427754
5489,AMGN,0.8319878068303725,0.3760209503131626,0.3314879313966146,0.01688179646574986
5490,AMGN,0.8325208801303643,0.38200909862588217,0.3355395664731996,0.016584519801440295
5491,AMGN,0.8331976153745164,0.3936826940108945,0.34167799334048643,0.011240927784638009
5492,AMGN,0.833512147794389,0.40009800682759156,0.3481808684311003,0.010806094699328401
5493,AMGN,0.8338144260281912,0.4098218823902178,0.35579641153889824,0.015829542616105006
5494,AMGN,0.8352446254231705,0.4155150602594277,0.3633017622798899,0.042627890531826196
5495,AMGN,0.8363986117242961,0.4201205877224283,0.3704490292264699,0.0
5496,AMGN,0.8370440196341713,0.4185264556428597,0.37577121574042155,0.0
5497,AMGN,0.8376649191719063,0.41918163451510804,0.3801915653304288,0.0
5498,AMGN,0.838330757041394,0.42171973172994465,0.3843577425558523,0.0
5499,AMGN,0.8395480557230339,0.4169503449548618,0.3865070318569378,0.0
5500,AMGN,0.8406509773473387,0.41180504322828176,0.38694951734387545,0.0
5501,AMGN,0.8415986729652598,0.4135122844795321,0.3877272038805927,0.0
5502,AMGN,0.8420847754589356,0.41275452086656894,0.388161293549803,0.0
5503,AMGN,0.8429711976532839,0.4110135512461086,0.3880764965298485,0.0
5504,AMGN,0.8446745988285991,0.41608024602360294,0.38926609642478943,0.0
5505,AMGN,0.8463289832596335,0.41946253852414256,0.39105718381441135,0.03693354723180896
5506,AMGN,0.8475707883188366,0.41674667300681617,0.39181603815461097,0.0190264101292186
5507,AMGN,0.8473195727672778,0.4095616980336034,0.3906399755240375,0.012782720661959493
5508,AMGN,0.8471459697202661,0.4042093491208556,0.3883707950997354,0.009582862791867637
5509,AMGN,0.8473624686515779,0.39943561965702784,0.38537072052523186,0.011774090843526933
5510,AMGN,0.8468130497882336,0.39179631163760886,0.3810747597145199,0.023756803062125544
5511,AMGN,0.8459484004028601,0.38938633367633585,0.3770398897746669,0.029425640376151727
5512,AMGN,0.8449128840322846,0.3830303144974582,0.3722345755478472,0.0
5513,AMGN,0.8432748411754467,0.37664416543419177,0.36680542834475094,0.0
5514,AMGN,0.842225028669993,0.3762426773114769,0.3623624704326587,0.0
5515,AMGN,0.8412405689979288,0.37720389465732773,0.3590466562163219,0.0
5516,AMGN,0.8402847035901977,0.37354252256260845,0.3554853362110449,0.0
5517,AMGN,0.839835365150666,0.3783856761650701,0.35383823992183483,0.0
5518,AMGN,0.8389857070104614,0.38048512716703775,0.35304159850798733,0.0
5519,AMGN,0.8391531877015592,0.38647462271297295,0.3538907408871777,0.0
5520,AMGN,0.8391225504911288,0.3880349247912437,0.3549572860029319,0.028133982064894265
5521,AMGN,0.8388937913900141,0.3931956654483203,0.3570912996381421,0.027337491688566633
5522,AMGN,0.8389060470720175,0.39789460675602933,0.3599646800752303,0.017770987908403608
5523,AMGN,0.8386650367766988,0.3979506660828432,0.3622772970648895,0.015372193901782604
5524,AMGN,0.8380523030396185,0.40068835054499385,0.3648068211901117,0.013781675796050618
5525,AMGN,0.8373701201054233,0.4016953402494889,0.36708035225390134,0.029913596273663398
5526,AMGN,0.8369371222427997,0.39992580900439323,0.36846002000903216,0.04352622894876639
5527,AMGN,0.8369922628389266,0.3987767006553655,0.36927857185942975,0.0
5528,AMGN,0.8370617000685754,0.39842566260834184,0.36984629374256134,0.0
5529,AMGN,0.8374538544672392,0.4010097676981117,0.37094178690250385,0.0
5530,AMGN,0.8378460103618366,0.39911722149894935,0.3713484948425629,0.0
5531,AMGN,0.8379440508314184,0.39805173321218634,0.37140943142371563,0.0
5532,AMGN,0.8384750871690465,0.39717665202448094,0.37124100559543993,0.0
5533,AMGN,0.8386834168091934,0.39155006514106283,0.3697098750344186,0.0
5534,AMGN,0.8389571047678168,0.3922570296999162,0.3686604229848917,0.0
5535,AMGN,0.8384505777996174,0.38574823157949967,0.36620552683886365,0.0
5536,AMGN,0.8392798124625873,0.39010027012566173,0.36532168613684585,0.025324453732141414
5537,AMGN,0.8398966330891504,0.39881257863169084,0.36677680885305153,0.021178235830105505
5538,AMGN,0.840734036544641,0.4060164919001918,0.3697287531795582,0.028522552568716643
5539,AMGN,0.8414570639400849,0.41451862637785775,0.37420034354210785,0.0357224526556129
5540,AMGN,0.8426273823411643,0.422403678250976,0.37973450497509087,0.012584477584635897
5541,AMGN,0.843883492510844,0.4330248630866003,0.38679776875126537,0.01773053013752124
5542,AMGN,0.8454030739140861,0.4443022275987911,0.3952471631575315,0.03713179030913255
5543,AMGN,0.8471840895885263,0.45171635849108677,0.40384669603194917,0.0
5544,AMGN,0.8487935376823863,0.4578127210290264,0.4122392997796866,0.0
5545,AMGN,0.8504765178736884,0.46156883004328186,0.4198855629420637,0.0
5546,AMGN,0.8524045902633461,0.4638329147580873,0.42656446740347037,0.0
5547,AMGN,0.8543285757635228,0.46507303850833837,0.43221536126273746,0.0
5548,AMGN,0.8557215249260706,0.4602872141073698,0.4355483444289171,0.0
5549,AMGN,0.8568407861299949,0.4558308047876826,0.43710875231333246,0.0
5550,AMGN,0.8583236029804486,0.45159786675947017,0.437306560424732,0.0
5551,AMGN,0.8590139442356328,0.4398165399031966,0.434540951625961,0.04756444219288154
5552,AMGN,0.860672412065639,0.44019019879693844,0.43242119815979746,0.014693031061013837
5553,AMGN,0.8628578333329462,0.44056028416200416,0.43081724209181077,0.016624977572322664
5554,AMGN,0.8640832988125298,0.4353720960451627,0.42824648786441966,0.022749580470506285
5555,AMGN,0.8659419249969398,0.43037198188468484,0.4249489707546625,0.014450108532367976
5556,AMGN,0.8668201749082569,0.4251491607155384,0.4210147725640913,0.01999282314325217
5557,AMGN,0.8674410744459919,0.4232701738248308,0.41740109253330726,0.027583404574190756
5558,AMGN,0.8683810087635941,0.4252323684647702,0.4149971202431754,0.0
5559,AMGN,0.8691203737440798,0.42731211132173397,0.41359008691872773,0.0
5560,AMGN,0.8693001136076917,0.42416954991707134,0.41168454854866043,0.0
5561,AMGN,0.8686363181856565,0.41731286321034067,0.40845844537297343,0.0
5562,AMGN,0.868064431403047,0.41603655792602756,0.40556081311483877,0.0
5563,AMGN,0.8675333950654189,0.4143643377645161,0.4028277005929245,0.0
5564,AMGN,0.8672782933786114,0.41665190584906336,0.4012089325410096,0.0
5565,AMGN,0.8674907079136629,0.4227801574925525,0.40143480969275336,0.0
5566,AMGN,0.8677398914893022,0.4277291591171144,0.40284374018212027,0.02837145158963859
5567,AMGN,0.8682627635222087,0.4343452860204857,0.40561285562388444,0.023870964337354483
5568,AMGN,0.869512740864443,0.4417223849233422,0.4096589748357259,0.01744697393464135
5569,AMGN,0.8710241574643196,0.4497398466664251,0.414885620442923,0.018097288625737475
5570,AMGN,0.8728419332037478,0.45855181647480386,0.4212538658574236,0.01653403553951317
5571,AMGN,0.8762998077108657,0.4740563522729876,0.43019633259724294,0.03719177335204945
5572,AMGN,0.8789876630731568,0.4873682463474229,0.4406540129786598,0.05328464328559316
5573,AMGN,0.8813895787839763,0.4943484195067488,0.4507524762705481,0.0
5574,AMGN,0.883971235355697,0.4956050224922527,0.45914310696267246,0.0
5575,AMGN,0.8869981434774665,0.49962225938910076,0.4668525976357498,0.0
5576,AMGN,0.8897186849800183,0.4974725399597613,0.4724866790852117,0.0
5577,AMGN,0.8922308983383562,0.49499930160614103,0.47638014317409827,0.0
5578,AMGN,0.8943260409350455,0.49131864756591215,0.47858146047608274,0.0
5579,AMGN,0.8954371323491599,0.47793747525180125,0.47702161405693655,0.0
5580,AMGN,0.8968219117218976,0.4649657257463487,0.4725544460176826,0.0
5581,AMGN,0.8984109358398782,0.4520782629771967,0.46578233871836994,0.0
5582,AMGN,0.9004166192381509,0.4500363434801813,0.4598578952622583,0.0
5583,AMGN,0.902610203314246,0.4493410372595765,0.45494578143041325,0.04114256263038836
5584,AMGN,0.903621014547602,0.43963130599468064,0.448606357620128,0.017297983795783244
5585,AMGN,0.9048546508142836,0.43842738777525603,0.4432360336646482,0.015889877465725233
5586,AMGN,0.906255766774775,0.4392042415778966,0.43913257180794274,0.007997445883333862
5587,AMGN,0.9074771463621647,0.44054195084809356,0.4361817911020292,0.010704950272122486
5588,AMGN,0.9082022127145506,0.438524719351824,0.4333205359165524,0.013909381629357566
5589,AMGN,0.9080800697693672,0.430362105450329,0.4290057580917377,0.051303971545873836
5590,AMGN,0.9084436279091195,0.4317954736172989,0.4259096649569341,0.0
5591,AMGN,0.9072283666884879,0.42531981183659434,0.4218256796226887,0.0
5592,AMGN,0.9061213651557218,0.4230978461028936,0.4180070503894954,0.0
5593,AMGN,0.905038868005942,0.4188961985830087,0.41390939439377045,0.0
5594,AMGN,0.9050715471651802,0.4239094440692966,0.41187544221911987,0.0
5595,AMGN,0.9040298989644486,0.4204565028669112,0.40939133961725926,0.0
5596,AMGN,0.9038133995344917,0.4219819302826559,0.4077826336562901,0.0
5597,AMGN,0.9037807203752535,0.42516993395444636,0.4072868583271504,0.0
5598,AMGN,0.9028697888114761,0.4175397077921543,0.4049965908215045,0.0
5599,AMGN,0.9037071922669666,0.42018111311074596,0.4038199130738496,0.0
5600,AMGN,0.9044853667409147,0.4198017083243796,0.40278441130402365,0.04722705956439294
5601,AMGN,0.9055065964508557,0.41983550553742244,0.4019643975817798,0.032192072387747274
5602,AMGN,0.9059395997985673,0.4221355063270955,0.4018791940820455,0.031573420299950396
5603,AMGN,0.9055678728662944,0.4167477154386729,0.40047390507641173,0.0271380172877814
5604,AMGN,0.9058047912856861,0.4100954322804764,0.39769872966791797,0.026165447656439647
5605,AMGN,0.9055964576563844,0.4069691081374672,0.3947027073467846,0.030344031775181444
5606,AMGN,0.9050899346773402,0.4034811858004823,0.39144026711192687,0.04549968865106756
5607,AMGN,0.9044486046813485,0.4004754440653263,0.3880843587194822,0.0
5608,AMGN,0.9040544153148988,0.3980953020199043,0.3848089353046933,0.0
5609,AMGN,0.9042459959883753,0.3962324263074151,0.3817262735196872,0.0
5610,AMGN,0.9034126774277893,0.39227666479811457,0.3782784147544266,0.0
5611,AMGN,0.9033963378481702,0.3905693810994658,0.3750964190605796,0.0
5612,AMGN,0.9033187248449783,0.39183881988307695,0.3728658681149988,0.0
5613,AMGN,0.9039600533450369,0.39824427248780936,0.3726711138767132,0.0
5614,AMGN,0.9030940521347017,0.39604643183992183,0.3719698568136196,0.02942352953593178
5615,AMGN,0.9027631696636775,0.39285515981345176,0.37061685059279104,0.016276161225976
5616,AMGN,0.9018930481546854,0.38926321912023537,0.368643008266348,0.016986458959989025
5617,AMGN,0.9002018956803521,0.38023212038720944,0.3648226226999709,0.020790720746393102
5618,AMGN,0.8998730571527132,0.37778155756600984,0.3611581407235909,0.02143136075314779
5619,AMGN,0.8978020204224073,0.36672215299791766,0.35548186441946206,0.041196389055997075
5620,AMGN,0.8959250107149925,0.3582459720786544,0.3488372495531331,0.04857799730516065
5621,AMGN,0.8959699385752127,0.37272856810768074,0.3471158060412957,0.0
5622,AMGN,0.8950712572083499,0.37702168337003683,0.3468041040381606,0.0
5623,AMGN,0.893714056859952,0.36891644779301147,0.3445432087441935,0.0
5624,AMGN,0.8917819030658993,0.35466993354211723,0.33919883421393515,0.0
5625,AMGN,0.8891839158901589,0.3392650665585996,0.3311001996968175,0.0
5626,AMGN,0.8865818318520473,0.32688593280802175,0.3215490748262989,0.0
5627,AMGN,0.8837101507339504,0.314968794790383,0.3109506144246476,0.0
5628,AMGN,0.8813000627400989,0.3114064790534534,0.30158776098866813,0.0
5629,AMGN,0.8792208512335398,0.3130641166183513,0.29450886588905684,0.0
5630,AMGN,0.8796456803036423,0.3389903184599017,0.2952800388562735,0.0
5631,AMGN,0.8789410324420479,0.349495116089951,0.29850402722310304,0.049375191294894934
5632,AMGN,0.8777278156634467,0.35548419237373785,0.30256956937557966,0.027845676471519486
5633,AMGN,0.875876583378163,0.35933218173065395,0.3067769858568224,0.013935767132106935
5634,AMGN,0.8747205636051842,0.3628414636614632,0.3110138423813751,0.014861018761851488
5635,AMGN,0.8733970616451736,0.3627492163810318,0.3143804339403988,0.013201722445619478
5636,AMGN,0.8722329015024037,0.36359405078942636,0.3172833757234721,0.021839456529004705
5637,AMGN,0.8716160908487294,0.3640532912746595,0.3197197021121907,0.056967883566053465
5638,AMGN,0.8705683197934393,0.36471751735569574,0.3218336089118631,0.0
5639,AMGN,0.8705820400538751,0.3673436312300171,0.3241764756224875,0.0
5640,AMGN,0.8703287750738422,0.3667917152051037,0.3259137960839791,0.0
5641,AMGN,0.8682270966453065,0.368063039474858,0.32761916599711294,0.0
5642,AMGN,0.866764704269376,0.3687413759748572,0.3291518094988815,0.0
5643,AMGN,0.8659324069325165,0.36448509748365454,0.3293216135362324,0.0
5644,AMGN,0.8650786638974064,0.3530804654303668,0.3266270884941645,0.0
5645,AMGN,0.865916067352897,0.35759862486013394,0.3255927720709964,0.0
5646,AMGN,0.8669413754753652,0.3625840281788175,0.3260025817665576,0.06315968154457215
5647,AMGN,0.8682362916479973,0.36668311105122875,0.3273477279375412,0.0250977143118485
5648,AMGN,0.8688245185088705,0.36769241661643176,0.3286743313814862,0.015151435195446214
5649,AMGN,0.8694781041868653,0.37297360069997737,0.33104628297703487,0.022074111600122428
5650,AMGN,0.8682444614378064,0.38132792868301496,0.3350171969706993,0.009990606761021224
5651,AMGN,0.867768580156993,0.38550435355075946,0.33923042109066426,0.016851541089263913
5652,AMGN,0.8674377046669903,0.3876407565589063,0.34313120664511965,0.03878510591140803
5653,AMGN,0.8672505743947614,0.38960645096799285,0.3467396753856641,0.0
5654,AMGN,0.8670585823396575,0.3912451719198827,0.3500331433575079,0.0
5655,AMGN,0.8669319525921848,0.390046960039046,0.35237054901017484,0.0
5656,AMGN,0.8670013997947219,0.39176389914973603,0.35466657846590544,0.0
5657,AMGN,0.8668584259798311,0.390364849664267,0.3561561900155774,0.0
5658,AMGN,0.8661313146867706,0.383167033972711,0.355561546380609,0.0
5659,AMGN,0.8659884250630001,0.385530327460766,0.3556723467477119,0.0
5660,AMGN,0.8656289543113749,0.3823012156242466,0.35495959549750633,0.0
5661,AMGN,0.8649978370512894,0.37845862387363893,0.3534357513002484,0.03515111856941322
5662,AMGN,0.8628736917007767,0.3594045227208934,0.3474878847722191,0.03850541958226472
5663,AMGN,0.8621547462083705,0.3544839894419835,0.3415084279726963,0.0340364190299282
5664,AMGN,0.8621016485583408,0.34963333005471775,0.33552104005431704,0.010751916467016362
5665,AMGN,0.8607536332397459,0.34578925529446514,0.3297771184735182,0.01232255749401049
5666,AMGN,0.859136878509529,0.3415483681290706,0.32412949021909865,0.014633399824800261
5667,AMGN,0.8572864216162843,0.33621559744342133,0.31828791616293617,0.04243211010142587
5668,AMGN,0.8560405266757329,0.3365022588945318,0.3136857997196523,0.0
5669,AMGN,0.8541614725262878,0.33495399473652543,0.30961986288851373,0.0
5670,AMGN,0.8519842280298113,0.3352737602797621,0.30644647190214125,0.0
5671,AMGN,0.8493821444903449,0.32923908720314415,0.3024100915751662,0.0
5672,AMGN,0.8469965678605003,0.326279792632891,0.29844655823074867,0.0
5673,AMGN,0.8444189991755513,0.32294541642106456,0.2944482158061228,0.0
5674,AMGN,0.8418700247549356,0.32149023988598946,0.2908884004042762,0.0
5675,AMGN,0.8400073126783321,0.3258367923086276,0.2891192627674914,0.0
5676,AMGN,0.8381037516526799,0.3322026460852742,0.28928381165475,0.0
5677,AMGN,0.8355425225473501,0.3282497489038963,0.2884344322878387,0.0
5678,AMGN,0.8335858618770904,0.32607876415710063,0.2872161401409358,0.029162840768768006
5679,AMGN,0.8315418641591874,0.3321180604031628,0.2877403213259798,0.026247418618314353
5680,AMGN,0.8300427037399594,0.3380731406125236,0.2896375806865738,0.017185405650719267
5681,AMGN,0.8295566002489951,0.3525201354563145,0.29474080115810813,0.04213923102090787
5682,AMGN,0.8307330519761642,0.3654705664244754,0.3020373776669555,0.017048552843125873
5683,AMGN,0.8313049472357288,0.3792359610491985,0.31129089430556534,0.028103726688408322
5684,AMGN,0.8320974053784451,0.39104884972328113,0.3216253958241009,0.06318483572385988
5685,AMGN,0.8326080172415491,0.39684201500165844,0.3313307278768432,0.0
5686,AMGN,0.8337059908174971,0.40570984843170177,0.3412957865182364,0.0
5687,AMGN,0.8350540011496483,0.4125300122902766,0.350960441777206,0.0
5688,AMGN,0.8357647728630888,0.4148071622116013,0.3592573024006792,0.0
5689,AMGN,0.8366593648472476,0.4158475956201252,0.3661530026238521,0.0
5690,AMGN,0.8377990505256956,0.4198357607844749,0.3726593339841105,0.0
5691,AMGN,0.837893003108507,0.4047799698850299,0.37412789686235803,0.0
5692,AMGN,0.838464885403317,0.3988880121462207,0.3738404983027685,0.03157676246363198
5693,AMGN,0.8381585207786761,0.38324778417908495,0.3697290333607218,0.0273821711398889
5694,AMGN,0.8379951204946838,0.3729585392818407,0.3638863066616621,0.01919686047697953
5695,AMGN,0.8374028057470388,0.365313630746206,0.3573148342315488,0.020796173750294637
5696,AMGN,0.8365694836959423,0.3593152215954225,0.35056898862477376,0.02259144335736173
5697,AMGN,0.8364796199971911,0.35313797603133423,0.34363926137796674,0.02165194355613252
5698,AMGN,0.8365122936713418,0.3502215837161458,0.33737169785403537,0.03954360116377657
5699,AMGN,0.8357525012244653,0.34711771015939974,0.3315873367614763,0.0
5700,AMGN,0.8347353663823167,0.3430482783425759,0.3259499081852642,0.0
5701,AMGN,0.8329094203544347,0.3411297220531937,0.32096382362818,0.0
5702,AMGN,0.8309772630698711,0.3402776680010388,0.3167634956965572,0.0
5703,AMGN,0.8289511492133412,0.3425340752211338,0.3139632219045514,0.0
5704,AMGN,0.827378470160069,0.35048817797398774,0.3136970288595367,0.0
5705,AMGN,0.8256505596153252,0.35209759843115096,0.31388349569173385,0.0
5706,AMGN,0.8237674230641971,0.3565748249531414,0.315143814158484,0.0
5707,AMGN,0.8219904937805946,0.3616252335166298,0.3174054645777659,0.0
5708,AMGN,0.820681280974441,0.3679851995573439,0.3207931827087712,0.032240445809454454
5709,AMGN,0.819198463126698,0.3709432272193308,0.32423747187881974,0.020539354856867444
5710,AMGN,0.8171968591382419,0.37152239090978145,0.3271366383679137,0.017552867752342154
5711,AMGN,0.8166944120785034,0.37001771740898315,0.32908254608466214,0.015764810182693222
5712,AMGN,0.8156928349415589,0.3699212364658073,0.3306153278993883,0.015585740570700835
5713,AMGN,0.8158725713146602,0.37150056772022827,0.33223350716892713,0.022038227316383285
5714,AMGN,0.8161462647583724,0.37581848029736364,0.33459965751604603,0.03304379641649692
5715,AMGN,0.8164077030187258,0.37945722466712484,0.33739563074326046,0.0
5716,AMGN,0.8183929654329853,0.40015806601218024,0.3447698836663278,0.0
5717,AMGN,0.8200391740904776,0.41088929927864154,0.3533325321327018,0.0
5718,AMGN,0.8217948225675586,0.42170618294946666,0.3628671535009054,0.0
5719,AMGN,0.8226158864434305,0.4187776973032951,0.36976806758142167,0.0
5720,AMGN,0.8235962612205898,0.41569439304393035,0.3745235934005653,0.0
5721,AMGN,0.8245153625741772,0.41308004732308923,0.3776791933709515,0.0
5722,AMGN,0.8260921320074424,0.417737832849091,0.3813596289544856,0.0
5723,AMGN,0.8278098343040798,0.4249015679733212,0.3860818522803636,0.039977906539031195
5724,AMGN,0.8283572132131938,0.4235278296538092,0.3895187005773911,0.02187287816582057
5725,AMGN,0.8291946196605506,0.420028549043784,0.39139973797403455,0.01964418270025717
5726,AMGN,0.8293049173080695,0.4121282724153684,0.3909439003131052,0.01743747515365158
5727,AMGN,0.8292661078146075,0.4052894306831462,0.38888198641837995,0.017298159699134907
5728,AMGN,0.8296725528630606,0.4064913190356876,0.3875307364434171,0.032259091564730676
5729,AMGN,0.8302852870987856,0.40712574156873066,0.3866071855946546,0.04725414868054896
5730,AMGN,0.8309593002431717,0.4061126584438336,0.38561692090475524,0.0
5731,AMGN,0.8320867362233488,0.4077061538306959,0.3852201781836118,0.0
5732,AMGN,0.8326103836482943,0.40329582341880515,0.3838082410869168,0.0
5733,AMGN,0.8330066149635522,0.3997830790841654,0.38180690878073276,0.0
5734,AMGN,0.8341095355905681,0.4071765288984076,0.382040727715645,0.0
5735,AMGN,0.8350531463135842,0.4112021825535989,0.38322685782945437,0.0
5736,AMGN,0.8339502246892798,0.41045100597852874,0.383989337112163,0.0
5737,AMGN,0.8335294805140818,0.4113889329280002,0.3848320925091208,0.0
5738,AMGN,0.8331545280107675,0.4150059867796168,0.38640396668676763,0.0
5739,AMGN,0.8344249363099028,0.4237127114718692,0.3898222755321113,0.042457967894120256
5740,AMGN,0.8354910978692196,0.42755398394988425,0.393510238392261,0.032204209719011986
5741,AMGN,0.835899584866481,0.4233547361422613,0.39541845162479045,0.028178485612864866
5742,AMGN,0.8354257395507423,0.4174302551265991,0.39547470181677213,0.029196086502232214
5743,AMGN,0.834504593755125,0.4116306989769894,0.3940803850646878,0.018311011198007366
5744,AMGN,0.8342737961957134,0.4074683126998302,0.39193192279439404,0.03600724018195443
5745,AMGN,0.8343595754982038,0.4052765384509073,0.38966920484687,0.05035866693403976
5746,AMGN,0.8353113505259415,0.40762144493838326,0.38844098253183007,0.0
5747,AMGN,0.8360813562073686,0.40696069360701365,0.38729442134432374,0.0
5748,AMGN,0.8356279388566645,0.4001948915828895,0.38469805540975577,0.0
5749,AMGN,0.8351949409940413,0.3948720305359396,0.38129995055466254,0.0
5750,AMGN,0.8353746763698542,0.39573639840757535,0.37879598296429545,0.0
5751,AMGN,0.8353174878411864,0.39644239973679213,0.3769680222397742,0.0
5752,AMGN,0.8361099574527238,0.4003469859298116,0.3764746824568929,0.0
5753,AMGN,0.8367553708476874,0.4018451330836512,0.3764518164153887,0.0
5754,AMGN,0.8362284194049643,0.40088570282153035,0.3761954149820687,0.0
5755,AMGN,0.8360303079858129,0.4018762903285237,0.37623613494955666,0.0315438685368711
5756,AMGN,0.8353930633833695,0.3942630207117452,0.37437927190715126,0.02821225905638406
5757,AMGN,0.8348987861134414,0.3915036486324125,0.3722089685702457,0.024000253300826394
5758,AMGN,0.8337345890709864,0.385447577849507,0.3689697479425969,0.02030769014272798
5759,AMGN,0.8320107629225029,0.3810624196337851,0.36529007568281896,0.018664576934848916
5760,AMGN,0.8308179681252033,0.3806836880025808,0.3622523453649765,0.028473475533602816
5761,AMGN,0.8302624284018787,0.38037383711284617,0.3597452632219112,0.04087413411575144
5762,AMGN,0.8300745207430342,0.38182944984293865,0.35810084722321023,0.0
5763,AMGN,0.8299192927420731,0.3825593417734631,0.3569664568716739,0.0
5764,AMGN,0.8296108811821807,0.38224261611171195,0.3559803405408145,0.0
5765,AMGN,0.8292922598782484,0.38324456879154056,0.3554401091656695,0.0
5766,AMGN,0.8284180923686142,0.3825353681118743,0.3548319167123313,0.0
5767,AMGN,0.8273192556392144,0.3774191036748171,0.3530756231854307,0.0
5768,AMGN,0.827229387951308,0.3780464095689335,0.3518262713084556,0.0
5769,AMGN,0.8248438093268855,0.3547701042862221,0.34505014434803477,0.0
5770,AMGN,0.8226502207629904,0.34403234973991326,0.336964378219593,0.0
5771,AMGN,0.8204198681449522,0.3358532767209132,0.3284659068646983,0.0
5772,AMGN,0.8188798597739635,0.3407035968187565,0.3228708680556857,0.04225057784251021
5773,AMGN,0.8178463803657525,0.34891739098361807,0.3204333124531822,0.05060282078614726
5774,AMGN,0.81730308485561,0.3589468005182152,0.32097233753523596,0.03297396278588692
5775,AMGN,0.8171253804584286,0.372846513689129,0.32485314781688235,0.026573367528944895
5776,AMGN,0.8177830550204841,0.38441067277789215,0.33082775526786035,0.030005593726582867
5777,AMGN,0.8177687688584934,0.3897643007933974,0.33693608899247246,0.02750160951566771
5778,AMGN,0.8180547164882759,0.3932228788446371,0.34268109577098665,0.08655060563523977
5779,AMGN,0.8174869106114158,0.3872789144895884,0.34580194548149484,0.0
5780,AMGN,0.8165392164894283,0.3816368983718234,0.34689840616918666,0.0
5781,AMGN,0.8181568313812306,0.4040089366121456,0.35332780182481466,0.0
5782,AMGN,0.8191412910532954,0.4163472385654984,0.3615334020899691,0.0
5783,AMGN,0.8193945545373951,0.41756654372371554,0.36840048589487107,0.0
5784,AMGN,0.818851263515052,0.40890755196688183,0.3717451896560586,0.0
5785,AMGN,0.818344736546853,0.40345397959370655,0.37306750100241337,0.0
5786,AMGN,0.8184019250755208,0.40334951366799976,0.37409942403118285,0.0
5787,AMGN,0.8180955579576583,0.39466942414875583,0.3727707631904125,0.0
5788,AMGN,0.8185040474481418,0.39978071419226935,0.372976339551566,0.0
5789,AMGN,0.8227237398956788,0.4196101534788121,0.37806201296412373,0.07752641188825211
5790,AMGN,0.8263715555334938,0.4359276848881401,0.3861801889785374,0.04434558676081014
5791,AMGN,0.8303665787612644,0.45152806072986507,0.39654638550036037,0.030199966930169887
5792,AMGN,0.8338632478025123,0.46848123620523724,0.4090467322898863,0.03468761323778263
5793,AMGN,0.8365061753045833,0.47579659846596156,0.42086251496041527,0.03515727518672141
5794,AMGN,0.8388549898748621,0.4806016876561695,0.43150765409719666,0.03792863249216351
5795,AMGN,0.8401580723467927,0.47809035172841413,0.4394005093912667,0.07203963454319659
5796,AMGN,0.8413794504382492,0.47474339613770145,0.44488415596392106,0.0
5797,AMGN,0.8426804834817054,0.46821776564326106,0.4476515613062174,0.0
5798,AMGN,0.8439549677001468,0.461197648121092,0.44812325331800007,0.0
5799,AMGN,0.846389565063427,0.45839645848407023,0.4478054158651199,0.0
5800,AMGN,0.8485177953088443,0.45120367120331867,0.44576606096441607,0.0
5801,AMGN,0.8485668140477021,0.44983293702665983,0.4437943922395767,0.0
5802,AMGN,0.84886909627066,0.44569462583114394,0.44119002327452184,0.0
5803,AMGN,0.8492163123375711,0.43414017549729855,0.4362389783672549,0.0
5804,AMGN,0.8508135062453603,0.42835100139092697,0.4308414021209383,0.0
5805,AMGN,0.8527558797563408,0.4285326121445472,0.4265684127502636,0.03896910081724697
5806,AMGN,0.854994406651989,0.4356532129962202,0.4249171911749994,0.02186566612840241
5807,AMGN,0.8576046604799092,0.4361514952592859,0.42371987615143597,0.0222204631887056
5808,AMGN,0.8590180301278263,0.43546948168269495,0.42259276399519524,0.019878837771374894
5809,AMGN,0.858634049009483,0.4315647270110624,0.4207220036609369,0.024177563879302155
5810,AMGN,0.8578109367024265,0.4245604084204871,0.4174870840641727,0.02913786249283194
5811,AMGN,0.8569241101074718,0.4213521851047328,0.414102940894945,0.051939686258781974
5812,AMGN,0.8554862310901257,0.41815274746585035,0.410601599271371,0.0
5813,AMGN,0.8540279241077449,0.41003902607398884,0.40578688629631243,0.0
5814,AMGN,0.8524437246535528,0.4021891614009083,0.39998695942985163,0.0
5815,AMGN,0.8524559838260664,0.40734511481541286,0.396626607395411,0.0
5816,AMGN,0.852072003705012,0.4066694285295557,0.3937706359190019,0.0
5817,AMGN,0.8519903058069156,0.40617234589350226,0.3913624942211547,0.0
5818,AMGN,0.852280333345159,0.40846834455464415,0.39000579510436834,0.0
5819,AMGN,0.8523824557177795,0.4116027470948362,0.3896983226782948,0.0
5820,AMGN,0.8532076044885564,0.41715175659913917,0.3908294817084786,0.0
5821,AMGN,0.8533955096541783,0.4194905540206423,0.39231484484545537,0.0
5822,AMGN,0.8533301533302784,0.4159568890897758,0.3926261607137428,0.04392975123748008
5823,AMGN,0.8534772040617638,0.4074354490693655,0.3907603873138185,0.02221413066804575
5824,AMGN,0.8528317906668006,0.3960428841342584,0.3864403951040746,0.03922662332408082
5825,AMGN,0.8518044336145021,0.388209916950094,0.3810404384193099,0.020093088053699776
5826,AMGN,0.8498559307665872,0.3798816283147155,0.374653582723518,0.019244706188631718
5827,AMGN,0.8482546464788041,0.37254129586028023,0.3677223958982349,0.019383845739796728
5828,AMGN,0.8469229792167838,0.3692612563667152,0.36136341581694614,0.054454048767445216
5829,AMGN,0.845987543270021,0.36821751733917274,0.356017199648648,0.0
5830,AMGN,0.8453319191337285,0.3671016480617316,0.35146329353600303,0.0
5831,AMGN,0.8445888766508105,0.36824785688731987,0.3481046314043359,0.0
5832,AMGN,0.8441558777908984,0.37230622389215967,0.3464248953684472,0.0
5833,AMGN,0.8437882372494632,0.3710845060955064,0.3447779041853977,0.0
5834,AMGN,0.8435464931689953,0.3703943416976784,0.3432890282545607,0.0
5835,AMGN,0.8418267524140606,0.36607187154295956,0.3410251894921105,0.0
5836,AMGN,0.8409771002575885,0.3675358745106844,0.3395774504625708,0.04345621941480473
5837,AMGN,0.8400396113918411,0.36824295368515314,0.33859474008319784,0.01585839076577765
5838,AMGN,0.8396433735942055,0.3775725852595913,0.34012397249353893,0.02097700239580365
5839,AMGN,0.8387762768621285,0.3816476425724335,0.3423586942431473,0.010770914028995908
5840,AMGN,0.8379143700209419,0.3883292534476634,0.34580469431397276,0.018033259805732338
5841,AMGN,0.8370381590665668,0.39173435042109256,0.34940656139177595,0.02694223685738108
5842,AMGN,0.8370054729263066,0.39817018561171,0.3538852818336201,0.048007542735719284
5843,AMGN,0.838467870787325,0.41329113650324467,0.36122093161356994,0.0
5844,AMGN,0.8403755167078817,0.42500947275768275,0.36999767390184196,0.0
5845,AMGN,0.8412088352684681,0.42372277326124835,0.3766997384096701,0.0
5846,AMGN,0.8440560105076464,0.4411704335226696,0.38639149937789385,0.0
5847,AMGN,0.8463762303149474,0.447817966548099,0.39579467348238384,0.0
5848,AMGN,0.8495992079070604,0.46407618806230644,0.40735213069380666,0.0
5849,AMGN,0.853553386174938,0.48490328338077365,0.42176690414659523,0.0
5850,AMGN,0.8571840407663536,0.49621098240109945,0.4361050346237795,0.0
5851,AMGN,0.8597820339258266,0.49482451850032877,0.44723145044426443,0.0
5852,AMGN,0.8612485111966617,0.48362784935214254,0.4533538264550668,0.07268361671363287
5853,AMGN,0.8637362097004826,0.47986087393054017,0.45731685030628505,0.029697938764525218
5854,AMGN,0.8654069377002918,0.4673967598253077,0.45739396195423054,0.026611714459607312
5855,AMGN,0.8683358113362125,0.46589624546419317,0.45708325800119887,0.027558426298254685
5856,AMGN,0.8699686598143606,0.4548856089851321,0.45410210723764083,0.02047075254971908
5857,AMGN,0.8717353818471447,0.4462231162745803,0.4495673544875924,0.028563889856357324
5858,AMGN,0.8728954905041837,0.4409820312334242,0.44463883511037855,0.05752321044725186
5859,AMGN,0.8740730392490277,0.43310097977965994,0.4387401232780549,0.0
5860,AMGN,0.875298501736745,0.43032977153335333,0.4333334034438666,0.0
5861,AMGN,0.8775063884300951,0.4361199275755376,0.43044501159098103,0.0
5862,AMGN,0.8783642213465548,0.42980581935654677,0.426567281173345,0.0
5863,AMGN,0.8782580140790284,0.4244994029971111,0.42214816592631244,0.0
5864,AMGN,0.8781191276522637,0.4197440512022868,0.4174327044098398,0.0
5865,AMGN,0.8788789181045629,0.4150049221287116,0.4124841919853909,0.0
5866,AMGN,0.8781027880726451,0.41379132125542545,0.40822419412582617,0.0
5867,AMGN,0.8782253349197897,0.4155245220380446,0.40524633654601316,0.0
5868,AMGN,0.8763544565438872,0.4074622679261879,0.4008631838051876,0.0398565332263841
5869,AMGN,0.8738871775281467,0.40364556994354517,0.39640944465513583,0.02956724257424001
5870,AMGN,0.8719272499392514,0.4018750557969272,0.39240705230556466,0.025677667662279635
5871,AMGN,0.8712042220451632,0.4042470887769497,0.3897938226425752,0.01863713601198957
5872,AMGN,0.8707201629962293,0.3995253885117457,0.3865314211316677,0.02041921286768198
5873,AMGN,0.8702504025753961,0.4019392974415289,0.3845205767905082,0.02625498246243584
5874,AMGN,0.8705816769809163,0.40357935369148273,0.3833189256873622,0.0500585758161036
5875,AMGN,0.8697279299566514,0.40146878067765546,0.381833808958907,0.0
5876,AMGN,0.8700435703643752,0.40293856290842345,0.381010481837185,0.0
5877,AMGN,0.8705010790923611,0.4061291828792972,0.3811436588849078,0.0
5878,AMGN,0.871003525653455,0.41110139226877995,0.38248418892636993,0.0
5879,AMGN,0.8722289941249044,0.41912082524533595,0.38554685241222925,0.0
5880,AMGN,0.872678332564436,0.4208533193084304,0.388426948517168,0.0
5881,AMGN,0.8722494185994294,0.42109921638066233,0.3907920514182811,0.0
5882,AMGN,0.8737649086253887,0.430938281005123,0.39512596405939626,0.03546827231246064
5883,AMGN,0.8763996683322279,0.4499748426806767,0.4033175324462919,0.03057534468261758
5884,AMGN,0.8785483215562366,0.45891980161278834,0.41209072093684024,0.03891263584136332
5885,AMGN,0.8806397832597113,0.46387023647459724,0.42033785619388453,0.01836835569064933
5886,AMGN,0.882782308144074,0.4702250925858583,0.4285126940277333,0.021483076338536553
5887,AMGN,0.8840404552761179,0.4680000506062122,0.43450035987528185,0.026689815547745445
5888,AMGN,0.8861278305887548,0.4649069180751535,0.43852284795628904,0.04054449123473599
5889,AMGN,0.8878026399929579,0.4600160169318599,0.44052702886086226,0.0
5890,AMGN,0.8894692721276853,0.45667601143871,0.44130146077683224,0.0
5891,AMGN,0.890094262544058,0.4463050922054902,0.43934718186604066,0.0
5892,AMGN,0.892065223338351,0.44519037914221826,0.4375071125052563,0.0
5893,AMGN,0.8936624172461407,0.44600271156663057,0.4362366593050313,0.0
5894,AMGN,0.8953368202551601,0.44669292807719546,0.43539159266243554,0.0
5895,AMGN,0.8969013350037103,0.44219814105161426,0.4336000362328767,0.0
5896,AMGN,0.8981635675293043,0.4381758957503223,0.43116856199866554,0.0
5897,AMGN,0.8996627239593771,0.4391387595267252,0.4294623433309591,0.0
5898,AMGN,0.9002836234971121,0.4328085570386818,0.4265263572327816,0.09673910366688127
5899,AMGN,0.901133936856056,0.4341236218335821,0.4245039372939521,0.034718924034378554
5900,AMGN,0.9020591675465779,0.4312155806099567,0.4221642921659146,0.022395487023609748
5901,AMGN,0.9026473969006736,0.42418480530141867,0.4185476987831388,0.017337386146555635
5902,AMGN,0.9021898906659098,0.41735603329324567,0.4139596793856388,0.024421014118003005
5903,AMGN,0.9000208124687328,0.40559664784647304,0.40737085393467093,0.024375455149922426
5904,AMGN,0.8980682332028667,0.39318262975920354,0.3990189188242834,0.05020316837117014
5905,AMGN,0.8965282323115447,0.38646084493694305,0.39066917781200206,0.0
5906,AMGN,0.8943979621118965,0.37838258916459133,0.38198454707983837,0.0
5907,AMGN,0.8933032107760459,0.37672096805442495,0.37462446622030565,0.0
5908,AMGN,0.8918939245271007,0.37182149500128764,0.367520464620899,0.0
5909,AMGN,0.8914241616130445,0.37639746124557155,0.36297291327824255,0.0
5910,AMGN,0.8909503138040842,0.38138473374007675,0.360572598924809,0.0
5911,AMGN,0.8907664935333668,0.3814278526391581,0.35866304856449294,0.0
5912,AMGN,0.8892224032593403,0.37499207200903567,0.35553819503730283,0.0
5913,AMGN,0.8863670617208625,0.3587283179804127,0.34900202124445184,0.0
5914,AMGN,0.8836301846278465,0.3482727800380806,0.34117825734253315,0.03915608608006417
5915,AMGN,0.880885134753155,0.3360817274245042,0.33189370639140103,0.022498214580980627
5916,AMGN,0.8779031664590713,0.32476232618336287,0.3216568496925602,0.03228019996693017
5917,AMGN,0.8744493838278804,0.31636840533092886,0.31138418557357933,0.026199748810013825
5918,AMGN,0.8654176871770285,0.2457978653541294,0.2856520637917809,0.26483955855294866
5919,AMGN,0.854526707627095,0.17947737976796832,0.24860714196469383,0.3778648499368507
5920,AMGN,0.8437364542454686,0.12753341323585948,0.2060799026087858,0.25257065158119524
5921,AMGN,0.8333894109637288,0.09017803152367493,0.16278736159959617,0.0
5922,AMGN,0.8232261964296606,0.06531865999220643,0.12198380257566063,0.0
5923,AMGN,0.8138979269344744,0.05217264009396311,0.0860784145355073,0.0
5924,AMGN,0.8037224547238249,0.03384363441113897,0.05280526500900323,0.0
5925,AMGN,0.7993066833317011,0.08679155177553344,0.039327204867221355,0.0
5926,AMGN,0.7929955207037351,0.10906466194784153,0.03407243218030309,0.0
5927,AMGN,0.7854711442890334,0.12156944450401919,0.032972014441167374,0.0
5928,AMGN,0.779159981661067,0.14335902204691764,0.03749935396071774,0.0
5929,AMGN,0.7720563494215638,0.16316470839718913,0.046036542965647465,0.0
5930,AMGN,0.7621586550508872,0.15330642654050328,0.05041969457280321,0.1820288340774045
5931,AMGN,0.7539173775858101,0.16163291799535273,0.05599266018749355,0.056124954704886945
5932,AMGN,0.7460131099341138,0.1677146702752344,0.06196038419627836,0.04091124972295222
5933,AMGN,0.7399878954345742,0.18326288134852659,0.07059327301373325,0.06647088623626635
5934,AMGN,0.733382614888372,0.19366714467119917,0.08008168374999258,0.03956629269614103
5935,AMGN,0.727059193087892,0.20252753369374857,0.08987135780689148,0.04057562612798024
5936,AMGN,0.720413061099419,0.20584996762422517,0.09852764900099847,0.10139755212895826
5937,AMGN,0.7138057475800079,0.21068848475871083,0.10665349100621563,0.0
5938,AMGN,0.71282128641201,0.21046794673317185,0.11309943212736606,0.0
5939,AMGN,0.713711788016175,0.21926749105662185,0.12044003023247252,0.0
5940,AMGN,0.7147779470822693,0.2275610321115296,0.12837077551150847,0.0
5941,AMGN,0.7158195952830018,0.23600413911192905,0.1368107573691829,0.0
5942,AMGN,0.7161872358244374,0.23831921247018706,0.1441372909994301,0.0
5943,AMGN,0.7165123934588618,0.24404810156303697,0.1514202968655576,0.0
5944,AMGN,0.7185956898603263,0.25669918443808615,0.1603864103546771,0.0
5945,AMGN,0.7127175260922725,0.2481546175919269,0.16543873550335375,0.0
5946,AMGN,0.7075542194312079,0.2278837050416746,0.16444981975354278,0.1131674212920453
5947,AMGN,0.7041596697707146,0.22419187978509633,0.16274246074472495,0.06934725784265093
5948,AMGN,0.700176897238503,0.22597334454570497,0.16181869225859583,0.06995887379638131
5949,AMGN,0.6967047330788847,0.2344993199854511,0.16319562915137023,0.03945670490805532
5950,AMGN,0.6957243483288371,0.24103849531515087,0.1659200520990694,0.05077450245736982
5951,AMGN,0.6933449045264379,0.24658716514797033,0.16947664312959476,0.04206851787353956
5952,AMGN,0.6907550826527071,0.24732523881209548,0.172505088920187,0.09986226767564829
5953,AMGN,0.6874177180303707,0.24996514057118874,0.1755830086605179,0.0
5954,AMGN,0.6843213706843745,0.25201538584313754,0.17855416833594887,0.0
5955,AMGN,0.6813410363482526,0.2548784065483798,0.1816416321925127,0.0
5956,AMGN,0.6780772083111577,0.24994196060676757,0.18288649054251324,0.0
5957,AMGN,0.6755486583650665,0.25549358772650765,0.18526016382570987,0.0
5958,AMGN,0.6734326828043629,0.2596339929516421,0.18818665612760493,0.0
5959,AMGN,0.669212986367671,0.24929872863655514,0.18796287425899347,0.0
5960,AMGN,0.6613128435024316,0.20378489904478214,0.1764883594743563,0.20598581515372194
5961,AMGN,0.6532451810518318,0.16859102452820282,0.15857443466458498,0.14240079930482996
5962,AMGN,0.6456779072568963,0.1427166233020154,0.13782186149528206,0.09643549448191185
5963,AMGN,0.6377144066345033,0.12330728047314898,0.11640284894803887,0.0708591471501898
5964,AMGN,0.6299163437571109,0.11936853141973008,0.09829013167459877,0.08914922584934934
5965,AMGN,0.6242117845320023,0.12127565438883081,0.08427326206392866,0.05928136444711817
5966,AMGN,0.6200819493008396,0.12710064844750196,0.07450539638703318,0.10917793327634065
5967,AMGN,0.6097481067120194,0.08014938872496385,0.05503887734441021,0.0
5968,AMGN,0.6042130741159712,0.09984391093440231,0.04435339110782133,0.0
5969,AMGN,0.5983594232078566,0.12051103523021839,0.04093410866104785,0.0
5970,AMGN,0.5898219968459117,0.10980672397527619,0.03554211800189311,0.0
5971,AMGN,0.5803082711274685,0.09313533208051494,0.027091068128494655,0.0
5972,AMGN,0.5692708796095234,0.06228565352262261,0.012674045112066434,0.0
5973,AMGN,0.5612113819622886,0.07341538522131008,0.0039025710038060324,0.0
5974,AMGN,0.5533275347959612,0.08596532856526545,0.0,0.0
5975,AMGN,0.5458913921112045,0.10362698687598781,0.001261161969739244,0.0
5976,AMGN,0.5390900455851688,0.11864440732307246,0.005997071088696793,0.11572347289505254
5977,AMGN,0.5324480024807561,0.14299094917695976,0.01582805202895482,0.05308464117475294
5978,AMGN,0.5259652792532314,0.16480424353297748,0.029106396461427264,0.0483083374670621
5979,AMGN,0.5207366142736904,0.18250521427643213,0.04412204722491975,0.053966972386691854
5980,AMGN,0.5190903522612471,0.19716685527828615,0.0597732510753351,0.03842432813714833
5981,AMGN,0.5180701507560541,0.21573893536467603,0.07690337874554587,0.05208726917082678
5982,AMGN,0.5169937894255856,0.23086449377535567,0.09436129778883257,0.06975975120229941
5983,AMGN,0.5160767285248733,0.24423833625199498,0.11164671418654126,0.0
5984,AMGN,0.5147450512899643,0.2602721035184262,0.12945426083291953,0.0
5985,AMGN,0.5128721304666097,0.27056359132485464,0.14625440953409466,0.0
5986,AMGN,0.51000454022715,0.27085848777458654,0.1597677150345857,0.0
5987,AMGN,0.5118172940390671,0.26686214999667135,0.16958655999789451,0.0
5988,AMGN,0.5088802546024924,0.26843116126806854,0.17783102860305555,0.0
5989,AMGN,0.5059473000608228,0.2730188658241911,0.18556516660399971,0.0
5990,AMGN,0.5063149406022576,0.2824814440977634,0.19410087204207044,0.0
5991,AMGN,0.5077691631883781,0.291001082961058,0.20304381548116915,0.0
5992,AMGN,0.5116559441808373,0.3030617885819251,0.2131913609261166,0.08232347219143914
5993,AMGN,0.5133593463534409,0.32224297155341636,0.22606972724688906,0.052397562683159364
5994,AMGN,0.515107675887621,0.3387350372820581,0.24046537300545598,0.10289273061808919
5995,AMGN,0.5166435953745494,0.35438426223944475,0.2558656685534464,0.03445313407001657
5996,AMGN,0.517652564914687,0.3594588961046312,0.26944531280233786,0.04162541733070182
5997,AMGN,0.5180943887831475,0.36734253454879,0.2822655665637236,0.04428595552459656
5998,AMGN,0.5185253422037408,0.3735871955186998,0.2940715512927267,0.052662649034114696
5999,AMGN,0.5191380759408215,0.37861146312374383,0.3047632471350977,0.0
6000,AMGN,0.5199019567731131,0.38268639837460966,0.3143279093373452,0.0
6001,AMGN,0.5196394962917452,0.38012102909793877,0.32134297324507666,0.0
6002,AMGN,0.5201255962921985,0.38463767002688903,0.3280759511246506,0.0
6003,AMGN,0.5206116987858733,0.387947307761584,0.3342837096544041,0.0
6004,AMGN,0.5211141408591677,0.3946291107333617,0.3409081868233058,0.0
6005,AMGN,0.520542255572491,0.3848319668471231,0.34377634200457086,0.0
6006,AMGN,0.5221108522240803,0.39046118942763525,0.34746791016759004,0.2641125500005277
6007,AMGN,0.5248885797620777,0.4019207994386097,0.35326517723891115,0.04547101640474657
6008,AMGN,0.5281973386512595,0.4196111675025527,0.36229333477145,0.048563221423621
6009,AMGN,0.5317593724933616,0.4377543204209555,0.37401857549563344,0.06608442657266392
6010,AMGN,0.5347372603803402,0.4498535787263243,0.38640152666128236,0.05076306873951176
6011,AMGN,0.5385400482145406,0.4671546933380984,0.40060162768446883,0.04955232597001903
6012,AMGN,0.5423737136057709,0.4844108019414202,0.4162442791339627,0.10119332833767815
6013,AMGN,0.5455354212648227,0.49857150483295193,0.4322727621761166,0.0
6014,AMGN,0.548639946877584,0.5085229526145055,0.44756526985373923,0.0
6015,AMGN,0.5518833544293096,0.518564656430124,0.4622913967186482,0.0
6016,AMGN,0.5553881902685007,0.5201077671486719,0.47445526292153445,0.0
6017,AMGN,0.5578139666123878,0.5121138589243293,0.4822024510896046,0.0
6018,AMGN,0.5608224897152194,0.5103607628223173,0.4879651233539659,0.0
6019,AMGN,0.5644090274416622,0.5136025729293532,0.49337980412903015,0.0
6020,AMGN,0.5680078198528196,0.5148707397779798,0.49802627869346894,0.0
6021,AMGN,0.5718639606429812,0.5112901474400786,0.5008548373969153,0.0
6022,AMGN,0.5740228325866297,0.49577421405461963,0.4992669853315339,0.074295946834971
6023,AMGN,0.5774745662879908,0.49563720684039614,0.49796270162897827,0.049180114477901264
6024,AMGN,0.5804769685308426,0.4936943339843237,0.4964370981563226,0.042346621072517916
6025,AMGN,0.5856958705517239,0.49918115433723936,0.49657831842729355,0.08261019465464894
6026,AMGN,0.5897562570844164,0.5033713490160588,0.49773120492059697,0.0363541215914328
6027,AMGN,0.5930772786366223,0.5046878526110538,0.4989802401321571,0.04725784265093387
6028,AMGN,0.5954097626028814,0.5029265494988059,0.4995423532394815,0.08182214763920112
6029,AMGN,0.597386846251732,0.5011651557567561,0.4995549061711776,0.0
6030,AMGN,0.5998827175372292,0.5023701896362294,0.4998640103050384,0.0
6031,AMGN,0.6011737936493544,0.4979431604307367,0.49901260643452505,0.0
6032,AMGN,0.6013902980657551,0.4865919144979132,0.4955143642776106,0.0
6033,AMGN,0.6015945428109966,0.4781864356636008,0.4906297233659872,0.0
6034,AMGN,0.6023379936836761,0.476326715779972,0.48626047078790247,0.0
6035,AMGN,0.6030610200818312,0.47726805759017443,0.4829986881863876,0.0
6036,AMGN,0.6039025084322263,0.4733902112804742,0.47942686953457936,0.0
6037,AMGN,0.6057366262444961,0.4720579410666447,0.4762387756828047,0.0
6038,AMGN,0.6072888917934214,0.47303421756959446,0.4739305900523455,0.050337558531840264
6039,AMGN,0.6089391928254839,0.4798646107673092,0.47377918858134266,0.03979144898626898
6040,AMGN,0.6113574476172783,0.4923566134512021,0.4767582961435636,0.06315545986413225
6041,AMGN,0.6139922098173396,0.5000894519079113,0.48106069545518937,0.03944104950975736
6042,AMGN,0.6178994127911004,0.506866395702284,0.48618449702104993,0.039888019926331675
6043,AMGN,0.6204729414591412,0.5101273728681263,0.4910928380619844,0.07146548600337031
6044,AMGN,0.6229974035184607,0.5101686915497036,0.49502976524444076,0.07495505669365024
6045,AMGN,0.6250291899536573,0.5118721609046836,0.4986020690393737,0.0
6046,AMGN,0.6265120087986893,0.5072149428181122,0.5003040972935554,0.0
6047,AMGN,0.628403314142338,0.5058260167917046,0.5013210202924893,0.0
6048,AMGN,0.6306009846092713,0.5051346864106038,0.5019629863369159,0.0
6049,AMGN,0.6318836416093889,0.4946213509668089,0.49986739028972327,0.0
6050,AMGN,0.632827252332405,0.48549981007760606,0.495927156076593,0.0
6051,AMGN,0.6344938894535761,0.4807325570376725,0.4915918457709925,0.0
6052,AMGN,0.6364015353741332,0.47183026699712116,0.485914253186359,0.0
6053,AMGN,0.6385665296736946,0.4682018959751013,0.48047170059627653,0.0
6054,AMGN,0.6411910696636052,0.47500256023833043,0.47780542751744776,0.049813190640534466
6055,AMGN,0.643196750070012,0.47627495677967824,0.47598818871155746,0.02773591278008211
6056,AMGN,0.6449757237956444,0.47029792734648856,0.4730510359600266,0.02832571671820635
6057,AMGN,0.6468404793169893,0.46825295602572803,0.47019379874943723,0.02580097591179502
6058,AMGN,0.6483493149334638,0.46499360832291753,0.4670991135880956,0.02392215221268826
6059,AMGN,0.6493909581477522,0.4637133367159176,0.4643056313910578,0.03515463663644647
6060,AMGN,0.6491131882860897,0.45624243112263896,0.4602167381045623,0.1042484177493518
6061,AMGN,0.6489293630289286,0.44972842010510033,0.45532899524737763,0.0
6062,AMGN,0.6485658013986653,0.44403834655878455,0.45000665512866517,0.0
6063,AMGN,0.6482798163705534,0.43905865221124746,0.4445129370353837,0.0
6064,AMGN,0.6486392856262455,0.44020074807031423,0.44040140457518934,0.0
6065,AMGN,0.6485167387791004,0.43852525921557384,0.4366963606768891,0.0
6066,AMGN,0.6391214804979857,0.3351244627677706,0.40807061791238874,0.0
6067,AMGN,0.6260961395107425,0.22038648045454232,0.35669468638088436,0.0
6068,AMGN,0.6139394922739605,0.14322265482033347,0.2964436482925037,0.0
6069,AMGN,0.5997281369163159,0.05544047351664755,0.22645729246302482,1.0
6070,AMGN,0.5869998073411273,0.006288354525454065,0.15826977847338466,0.3859101415318367
6071,AMGN,0.5766037906971695,0.0,0.10215914182278463,0.27625551017249084
6072,AMGN,0.5673719257190264,0.007553834267741477,0.05914532102737724,0.28899636583675464
6073,AMGN,0.5586547659758461,0.027489798808612076,0.0296819138411627,0.20273652844181292
6074,AMGN,0.5507341612377532,0.0661016816680215,0.0156937724013414,0.3172784585237487
6075,AMGN,0.5443331379029019,0.11284215132701558,0.016103172488303397,0.37549103420616575
6076,AMGN,0.5372846497500361,0.13986167961788137,0.02313632016954481,0.0
6077,AMGN,0.5308243874607546,0.17358337507676255,0.03713179019805041,0.0
6078,AMGN,0.5247486338555891,0.20572385660210835,0.05630469704880603,0.0
6079,AMGN,0.515978365990847,0.20696608259383947,0.07195131454770248,0.0
6080,AMGN,0.5082170656716651,0.21494461002318366,0.08644869618028056,0.0
6081,AMGN,0.5009663772155877,0.22862235954248802,0.101441105411609,0.0
6082,AMGN,0.49475733696024227,0.25216061778768295,0.11927668897662064,0.0
6083,AMGN,0.4890589085680008,0.27760492555001026,0.13985984981048669,0.0
6084,AMGN,0.4824699730865061,0.2951145202764053,0.16067185855415772,0.0
6085,AMGN,0.4767531596753263,0.31703268581899424,0.18276105185413244,0.30113246577800296
6086,AMGN,0.48046223876382577,0.3320348608341902,0.2041556024705216,0.15318877595893712
6087,AMGN,0.4873418528735267,0.3432410746484139,0.22405236837655737,0.0865799814949674
6088,AMGN,0.4930504969935412,0.3511107123900025,0.24192284481018841,0.16399874053200209
6089,AMGN,0.502089598513697,0.36239596738562435,0.25901996757955087,0.05557930250802999
6090,AMGN,0.5096260226756884,0.37165450883343615,0.27499542356889667,0.087754312270666
6091,AMGN,0.5143072713477852,0.37711925396942514,0.28913201284661,0.16422723898581162
6092,AMGN,0.5182573672139803,0.38194061025616083,0.30163783438964165,0.0
6093,AMGN,0.5213618813579202,0.3866299564230473,0.3128062798589634,0.0
6094,AMGN,0.5226955980484149,0.390692720952003,0.32274932126855654,0.0
6095,AMGN,0.5224831795242082,0.39050325549183196,0.33065673341172297,0.0
6096,AMGN,0.5222585103044426,0.37746202458178074,0.3337461285302694,0.0
6097,AMGN,0.5224831795242082,0.38178653973514903,0.3372908901646789,0.0
6098,AMGN,0.5216702854381463,0.3776762089216789,0.3391066095765132,0.0
6099,AMGN,0.5239700812695673,0.3810956738375517,0.34140781792111274,0.0
6100,AMGN,0.5267968340287998,0.3943041664246104,0.3465268297072352,0.08283429552466692
6101,AMGN,0.5293887003445601,0.40758010257796984,0.35391682219386905,0.08330765144399062
6102,AMGN,0.531296346763761,0.42161166592645466,0.36331112859113657,0.05382062079810869
6103,AMGN,0.5300239925148373,0.35986332003969923,0.3387863303766001,0.0
6104,AMGN,0.5279872635163718,0.3599212398511069,0.33589658538143186,0.0
6105,AMGN,0.5263492206595344,0.3601900517625233,0.3336515023403176,0.0
6106,AMGN,0.5245722913759323,0.35938268943075896,0.33165506708210024,0.0
6107,AMGN,0.5221057909834452,0.3524891029137118,0.32834708870874707,0.0
6108,AMGN,0.5202010037912199,0.3537459610088378,0.32601262938103914,0.145034600189272
6109,AMGN,0.5190817410913628,0.36408997796487114,0.3267122098338653,0.09396897768490081
6110,AMGN,0.5183811756314509,0.3753378891693176,0.330063347945565,0.05344717798252928
6111,AMGN,0.5171761266480819,0.3814865735108409,0.3342702209555181,0.056519154115962526
6112,AMGN,0.5158607860009257,0.38423193262725436,0.33831705457025396,0.06295580955999536
6113,AMGN,0.5156851385118841,0.37872845680527534,0.3401886849072829,0.08461918683398593
6114,AMGN,0.5156116009293537,0.3789947222704891,0.34175207016234554,0.13667743195178841
6115,AMGN,0.5158577211529463,0.3815439266868069,0.34363543247263467,0.0
6116,AMGN,0.5158736891028686,0.38199118640026475,0.3452531219301806,0.0
6117,AMGN,0.5160259376237719,0.38239295188119565,0.3466469824797845,0.0
6118,AMGN,0.5163118752806657,0.38345351662587535,0.3480252787800687,0.0
6119,AMGN,0.5160994612442589,0.3806527874372912,0.3484328390307382,0.0
6120,AMGN,0.5160667820850202,0.38062342997106213,0.34875160138105327,0.0
6121,AMGN,0.5157403172842265,0.37858439160180485,0.34850056867451557,0.0
6122,AMGN,0.5148293857204482,0.37105869561229177,0.3464320372599163,0.0
6123,AMGN,0.5139776911165237,0.36549392570230854,0.34339616378574606,0.13842802210753324
6124,AMGN,0.5137468970476231,0.36774186028029826,0.34152535084413177,0.061460455167512765
6125,AMGN,0.5135303941271556,0.36978676408934447,0.34053619874534496,0.06463990824881177
6126,AMGN,0.5137285155191953,0.3745958296891006,0.340938376920381,0.050416363233385046
6127,AMGN,0.5148824978311661,0.3819212828548253,0.3430781290306471,0.0568243464310969
6128,AMGN,0.5154474370013848,0.3878254537262257,0.3462552106006215,0.05818548656626103
6129,AMGN,0.5149123167661402,0.3899227078219246,0.3493173662523406,0.08716063845880519
6130,AMGN,0.5141055560061689,0.3915755010093992,0.35217727615944894,0.0
6131,AMGN,0.5135009965466977,0.39213530609605773,0.3546041348764448,0.0
6132,AMGN,0.5128800970089626,0.3902097498914169,0.35606774293540366,0.0
6133,AMGN,0.5125042856804289,0.38354062658132426,0.35558350583887366,0.0
6134,AMGN,0.5125165438556545,0.3868954729328846,0.3560287121302308,0.0
6135,AMGN,0.511819374842247,0.38435848532115885,0.35575525498795796,0.0
6136,AMGN,0.5113050457247796,0.38270007530300265,0.3551249099197739,0.0
6137,AMGN,0.5111282888317366,0.38497282571516334,0.3551846784241902,0.06414280537701365
6138,AMGN,0.5102541253112576,0.3801795349624705,0.3540429083291262,0.050598247299004036
6139,AMGN,0.509036826130973,0.36924280014060745,0.35041524534937135,0.04207326726403445
6140,AMGN,0.508003348717339,0.3648906848928458,0.34643301971518387,0.049610374076067644
6141,AMGN,0.5071206881168138,0.36122072164755364,0.3423364384489705,0.049238690294004864
6142,AMGN,0.5063731493573629,0.3540276056303163,0.33727400691273923,0.05693710047951254
6143,AMGN,0.5056807566791273,0.3494939590572182,0.3320989145192715,0.09073270782101482
6144,AMGN,0.505119081136491,0.3540985386353067,0.329101591714975,0.0
6145,AMGN,0.5038977010504571,0.35124908757243944,0.3259965650295288,0.0
6146,AMGN,0.5024005830786806,0.3495523796035164,0.3230914596532467,0.0
6147,AMGN,0.5008871300150846,0.3518953536034625,0.32134884779608974,0.0
6148,AMGN,0.49924908965146875,0.3529356776220417,0.3202129428866814,0.0
6149,AMGN,0.49833815858633557,0.35922065268459924,0.3208640057128118,0.0
6150,AMGN,0.4961400383421557,0.35104869776915165,0.3193567640717236,0.08800778900041162
6151,AMGN,0.4940792063694457,0.3458080348246217,0.3168503583363858,0.0745452018842767
6152,AMGN,0.49208577566130973,0.34057047630389065,0.3135453917724792,0.072845095990459
6153,AMGN,0.4909297514005311,0.3406259811160486,0.31091519354351493,0.040641238078150344
6154,AMGN,0.4886953093997879,0.3384652476808511,0.30827479044753975,0.044659398340175974
6155,AMGN,0.48663651887724146,0.33399501758297545,0.30505305932186866,0.06905473056883626
6156,AMGN,0.4848555017068681,0.3342995998779956,0.3025512647656755,0.09937360816472997
6157,AMGN,0.48288045851089256,0.3366336323166755,0.3011290824740315,0.0
6158,AMGN,0.48134457488646865,0.33702997458316347,0.30008969970676325,0.0
6159,AMGN,0.48051534171943233,0.3380378812459332,0.2995083328245869,0.0
6160,AMGN,0.47932255140993263,0.3395992774399232,0.29943074206569126,0.0
6161,AMGN,0.4779091742823498,0.338544728361182,0.29910695454837544,0.0
6162,AMGN,0.4769573967613905,0.3384844643917014,0.2988329683985982,0.0
6163,AMGN,0.4763732537981329,0.343559425175785,0.29987326842305256,0.0
6164,AMGN,0.47457181514510216,0.34303476913848074,0.30057530083971107,0.0
6165,AMGN,0.4739713355940913,0.34884697163267264,0.30257938221156805,0.0
6166,AMGN,0.47520496986619554,0.37313670717519876,0.31021080292971387,0.0917791568600548
6167,AMGN,0.47579320071622444,0.38882395098404615,0.32020915385287607,0.07584723849328225
6168,AMGN,0.47646312298197246,0.4007523081542524,0.3311681794331572,0.03793320597930673
6169,AMGN,0.4769041689651723,0.41263032088790313,0.3428832504039168,0.0351826052693608
6170,AMGN,0.47896748468562667,0.42519008349059284,0.35537235237827913,0.055241216266134735
6171,AMGN,0.48110797809271366,0.4361540785403689,0.3680846462252136,0.06300699743532913
6172,AMGN,0.4831545144291898,0.4416007141843906,0.37960621142817624,0.08817718392806256
6173,AMGN,0.4847598771295001,0.44426388462650407,0.38948440145219143,0.0
6174,AMGN,0.4866389332735226,0.44582618442297794,0.3977746804716742,0.0
6175,AMGN,0.4884934790508275,0.4427931556029978,0.40365417545369126,0.0
6176,AMGN,0.49024998685177135,0.44195904739610414,0.4081507649008096,0.0
6177,AMGN,0.4919983218710402,0.44208862109662317,0.4117801936810358,0.0
6178,AMGN,0.4934484187133066,0.4364384300916516,0.4132814888048726,0.0
6179,AMGN,0.495613413012868,0.439049331130656,0.4151304906977938,0.0
6180,AMGN,0.4963609512736742,0.4258981578434401,0.4133458724381028,0.06698716257339567
6181,AMGN,0.498284940264361,0.42463120865381226,0.4116037500810163,0.05387409541701407
6182,AMGN,0.4999577077197568,0.4207973523993764,0.40925857694817874,0.04371532505180354
6183,AMGN,0.5014650284545512,0.42024826232697116,0.40724616687154,0.037878675940291366
6184,AMGN,0.5035973450908067,0.42097673427197324,0.4058170288497941,0.03492420324576864
6185,AMGN,0.5050025499353579,0.41928165570367154,0.4042530387843593,0.03912055360302835
6186,AMGN,0.504295871095132,0.41481040886324594,0.4018921857509241,0.07284456828040402
6187,AMGN,0.5039323094648696,0.4110759745651197,0.39907670232772946,0.0
6188,AMGN,0.5038587818552269,0.41056619794116755,0.3966978007156141,0.0
6189,AMGN,0.5036015561427445,0.41066711031174535,0.39481972356330364,0.0
6190,AMGN,0.5016775736344345,0.39659876301501745,0.3898258205006595,0.0
6191,AMGN,0.500343849464274,0.3931963598661627,0.38498629957491604,0.0
6192,AMGN,0.49916739773710495,0.38952086150013426,0.38020250838536074,0.0
6193,AMGN,0.4980072875841324,0.3858013897743583,0.37545238780477264,0.0
6194,AMGN,0.49612823144010987,0.37551379532619145,0.36909914619851114,0.11615689875354884
6195,AMGN,0.49403676724341317,0.3617775386703622,0.36060752885798286,0.06744732574134467
6196,AMGN,0.49258662656033136,0.36018502841436933,0.35341901044168594,0.04330916421281491
6197,AMGN,0.4912106667110523,0.3614277580303362,0.34797661271493224,0.03767761840934117
6198,AMGN,0.49099416279329766,0.36968925986398277,0.3456730099281287,0.04549106938683609
6199,AMGN,0.4896461474747027,0.3721320772406668,0.34443637898016743,0.06668003532139301
6200,AMGN,0.4893601998449202,0.3707141081829426,0.3430951668027046,0.1173277114622142
6201,AMGN,0.4879141435580987,0.3671415451541056,0.34113556880310086,0.0
6202,AMGN,0.4870787795581939,0.3685403090901879,0.33991503155151764,0.0
6203,AMGN,0.48561639266735224,0.36613180049168115,0.3383408651211273,0.0
6204,AMGN,0.48397017852477164,0.3640985402665533,0.33657692339295825,0.0
6205,AMGN,0.48240566277893215,0.36174192857032433,0.33458091300292436,0.0
6206,AMGN,0.481278227796043,0.36197712518166336,0.33304247509892915,0.0
6207,AMGN,0.48032236238831283,0.3643256632729478,0.33239457809953815,0.0
6208,AMGN,0.47895392259519376,0.36480167697760846,0.33199439619089105,0.0
6209,AMGN,0.47844535517411924,0.37518512431150985,0.33425118429497563,0.12447185018663345
6210,AMGN,0.4790989413507587,0.381725797290052,0.33767985989383825,0.050345122375961754
6211,AMGN,0.4786638990461052,0.3832595982869178,0.3408034546243525,0.045418597205951164
6212,AMGN,0.4778387547631291,0.3794868123392704,0.34236601141195805,0.05658036848234106
6213,AMGN,0.47724236309888957,0.3781967273370381,0.3432958873143125,0.044107413622659165
6214,AMGN,0.4778084990156626,0.3820516208243452,0.3449964842423722,0.06425239316509937
6215,AMGN,0.4788705741841408,0.3845054471685091,0.3469659452396953,0.07535594043208899
6216,AMGN,0.47916877450406004,0.3873533165043353,0.34924828993116575,0.0
6217,AMGN,0.4786418269108714,0.3831396982242884,0.3500284422068793,0.0
6218,AMGN,0.4772039483921695,0.3773564553912275,0.34921729571303306,0.0
6219,AMGN,0.47659529905134956,0.3773765110657068,0.34857335587666904,0.0
6220,AMGN,0.47665657496814395,0.3810036519034374,0.3489583772264097,0.0
6221,AMGN,0.47665657496814395,0.3806260039411844,0.3491726707379773,0.0
6222,AMGN,0.47623174589804185,0.37993329499767037,0.34917219106491787,0.0
6223,AMGN,0.4760269651100728,0.3780566038848238,0.34870605560758716,0.05611668724735881
6224,AMGN,0.47559396924202657,0.3739184726863208,0.34730615792767217,0.053690276414526804
6225,AMGN,0.4753570448389022,0.37185046673698147,0.3456730081075351,0.07173672897163383
6226,AMGN,0.47472796753304713,0.3680972192071734,0.34343501824209044,0.04280977459744518
6227,AMGN,0.4735392631157409,0.361401112117841,0.33998280605052106,0.0330138928467143
6228,AMGN,0.4725384588776129,0.35678840443875903,0.3360762679784241,0.06478063093014175
6229,AMGN,0.4706491949841274,0.3539887854240907,0.33225623625090844,0.08651366593139066
6230,AMGN,0.4690161735561569,0.3531210245136861,0.32898485250073717,0.0
6231,AMGN,0.4674822965166805,0.35021288121772776,0.32564601099161283,0.0
6232,AMGN,0.4666939073122487,0.35112948282827583,0.32320241729477817,0.0
6233,AMGN,0.46564817122474533,0.35114640923243967,0.32125174308285653,0.0
6234,AMGN,0.4641547686523748,0.3516539073493619,0.3198171531136593,0.0
6235,AMGN,0.4625739098364048,0.35091732103142964,0.31848667729736335,0.0
6236,AMGN,0.4612430102274616,0.35426129368269,0.31825219400972765,0.0
6237,AMGN,0.4604253776633107,0.3561789044717988,0.31854051442423736,0.0
6238,AMGN,0.46023914644693065,0.36210691835411646,0.32024236792641464,0.09537884304847545
6239,AMGN,0.4594834423854697,0.3655232706510672,0.32245171106261594,0.047397685815505526
6240,AMGN,0.4584826456270079,0.3693843355694575,0.3251774133854936,0.042471864258901586
6241,AMGN,0.4570692754804466,0.36500954743577585,0.32627225310280833,0.04542053214281945
6242,AMGN,0.4550023136721575,0.354530833561995,0.3245475482740483,0.04984854721421862
6243,AMGN,0.4529706120065087,0.34564512252435814,0.3209625545994059,0.07578303376992546
6244,AMGN,0.45076068236706135,0.3345218529034635,0.3153340190944018,0.1485206528125187
6245,AMGN,0.44846121382587745,0.3264941313168048,0.3088388941946632,0.0
6246,AMGN,0.4463084777015416,0.3201223366886636,0.30206146089501423,0.0
6247,AMGN,0.4443099837183011,0.3135337508886906,0.2950043782756228,0.0
6248,AMGN,0.44256165368547684,0.3121658645183875,0.28901923413609676,0.0
6249,AMGN,0.4404334214454817,0.3084457030633063,0.28330786002052777,0.0
6250,AMGN,0.43822255377613883,0.3065119010759105,0.2782588353991551,0.0
6251,AMGN,0.43640477554348855,0.3074088512920054,0.2744422181868448,0.0
6252,AMGN,0.43417850782035483,0.30752430979505224,0.2714175785710476,0.0
6253,AMGN,0.43216873952717716,0.30967365760287313,0.2695312857394668,0.0
6254,AMGN,0.4315314969193125,0.3266721507464271,0.27224088785279366,0.1018856839298216
6255,AMGN,0.43037036005752505,0.33366403367013137,0.2761437946253312,0.05480057837022027
6256,AMGN,0.42897663077579073,0.34082829313851193,0.28104412503261167,0.055141830872445445
6257,AMGN,0.4278308187522737,0.3484836869971643,0.28686428264614217,0.05476944347697601
6258,AMGN,0.4256233075381539,0.3478963579196072,0.2913746471219891,0.07345952639781599
6259,AMGN,0.4234909918991874,0.3471560959769048,0.2947992226559091,0.09845961434949181
6260,AMGN,0.4212769733756798,0.34711578731530335,0.2975288793971437,0.11260927995722031
6261,AMGN,0.4194837010219472,0.3443364019884726,0.2990228250578415,0.0
6262,AMGN,0.41836035990956244,0.3423463521765887,0.29972409683669143,0.0
6263,AMGN,0.41742696391703005,0.3422357459688939,0.3002576643342081,0.0
6264,AMGN,0.41700213335099434,0.3433426905646435,0.30095923660879315,0.0
6265,AMGN,0.41686292013263726,0.34778221866370923,0.302622283544963,0.0
6266,AMGN,0.416605571753633,0.3497006893615703,0.30442884154815975,0.0
6267,AMGN,0.4166637406570777,0.35256850421211283,0.3065858138639138,0.0
6268,AMGN,0.4162266618887047,0.35298757635518685,0.30841539581694505,0.07569490619074255
6269,AMGN,0.41629201472209365,0.3554544079014455,0.3104912724273152,0.055625565089517215
6270,AMGN,0.4162103133334858,0.35629502491864606,0.3123605955916374,0.03800726129035663
6271,AMGN,0.4156384225617211,0.35367415101207694,0.3132056132921004,0.03164923464451692
6272,AMGN,0.4146498750028855,0.34615072600478974,0.3120144858088373,0.0551143899495861
6273,AMGN,0.4127136373112168,0.33196834612556914,0.3075418422081784,0.07536068982258388
6274,AMGN,0.40853478533577325,0.3124741308181076,0.29912570991201104,0.1588889240695592
6275,AMGN,0.4055660934487748,0.3036870461326637,0.29021205106345893,0.0
6276,AMGN,0.4020980216637269,0.2936102266346834,0.2805802883543249,0.0
6277,AMGN,0.39890567529831156,0.29117804057557645,0.2722712653548801,0.0
6278,AMGN,0.3958624226104792,0.2848989405759824,0.26406571825763336,0.0
6279,AMGN,0.39302750454923663,0.2825950552022857,0.2569295090370586,0.0
6280,AMGN,0.38987396867457225,0.27873475869109426,0.2502625045477363,0.0
6281,AMGN,0.3869941177666649,0.27660273684738473,0.2443997820023884,0.0
6282,AMGN,0.38385691648517595,0.2732015671444429,0.23886551160348587,0.10953747972713872
6283,AMGN,0.3812466711342104,0.278281880999588,0.23569891273818064,0.06430604368735642
6284,AMGN,0.378493453962931,0.2826900515906637,0.23425964054769532,0.05529134872135854
6285,AMGN,0.3763386733965648,0.2966629538836149,0.23657597687384446,0.06303672510176009
6286,AMGN,0.37413078720185844,0.30607800946859715,0.24076564693003077,0.05814573240878532
6287,AMGN,0.37208220642335244,0.3169816376628341,0.24682341357253826,0.07826467825517948
6288,AMGN,0.3704482484614191,0.3284363748437988,0.25451243010273095,0.18748342110910582
6289,AMGN,0.3675888275131247,0.3270188149896199,0.2603118374627319,0.0
6290,AMGN,0.36546468565312296,0.33282638339522264,0.26639266871469225,0.0
6291,AMGN,0.3630831974086939,0.331674279102941,0.27097140783810736,0.0
6292,AMGN,0.3618659017189203,0.33772217452960696,0.2761353481589312,0.0
6293,AMGN,0.3616044659517885,0.34426071053224966,0.2818892151827483,0.0
6294,AMGN,0.3684630079875131,0.41528929653523106,0.3041199758133172,0.0
6295,AMGN,0.3711141047807498,0.43227050474962697,0.3261189309731318,0.0
6296,AMGN,0.37601597866654934,0.46444563470471234,0.35170322487502503,0.0
6297,AMGN,0.3797373179248513,0.48082928983036505,0.37623670767168815,0.0
6298,AMGN,0.38238363720611446,0.47589297753340787,0.3946384143413083,0.4645338385277593
6299,AMGN,0.3855555640834494,0.47795899236425665,0.40987251720323825,0.05811881919598096
6300,AMGN,0.389695605568142,0.4854162043968972,0.42391050859376495,0.07226795709365447
6301,AMGN,0.39323822718384704,0.48355071533935345,0.43467793008066885,0.052065984865275625
6302,AMGN,0.39650205422365303,0.4750856124238772,0.44119102275378896,0.05148919777517441
6303,AMGN,0.39919399847000436,0.46791961870279825,0.44462306150126535,0.06367736510851478
6304,AMGN,0.4011833402940801,0.4532273493000336,0.4437224079925475,0.1687349382755139
6305,AMGN,0.40189615295904035,0.43694790168825115,0.4389616994268441,0.0
6306,AMGN,0.40343003149444945,0.4296452809672213,0.43334078949347865,0.0
6307,AMGN,0.403938606893834,0.4153248542021848,0.42529005985982804,0.0
6308,AMGN,0.4039876206462476,0.40109241601006906,0.41531731121297677,0.0
6309,AMGN,0.4053029568056039,0.39195906387450064,0.4050724236394953,0.0
6310,AMGN,0.4064017935350037,0.3887182634822829,0.3960722212052093,0.0
6311,AMGN,0.4074051662704776,0.37884210585145106,0.386421023303577,0.0
6312,AMGN,0.40843455978649557,0.37778939938559586,0.3784388073663561,0.0
6313,AMGN,0.4098723974163567,0.3825778418033357,0.37324141626956886,0.06282669649987511
6314,AMGN,0.40410085030287846,0.37643544625590725,0.3675591016060957,0.04653329674543619
6315,AMGN,0.40188278877059513,0.37054413054275437,0.3615511603491817,0.04459220325984091
6316,AMGN,0.3987455924755503,0.37589446899838397,0.35807263871411854,0.03772739905786165
6317,AMGN,0.3960776270409889,0.3771757753512968,0.35560781227425087,0.0298395409626135
6318,AMGN,0.39533691572062946,0.3817348885342214,0.3547674185156824,0.038697154235576806
6319,AMGN,0.3941992709937008,0.38816403029507723,0.35569066913258135,0.0649846788180702
6320,AMGN,0.39405425672593486,0.41043939422014075,0.36195750438238383,0.0
6321,AMGN,0.39455159617110924,0.42775283694948185,0.37126777222910257,0.0
6322,AMGN,0.3939470377089265,0.423431167564781,0.3776434472214611,0.0
6323,AMGN,0.3936978581224433,0.4238150544803717,0.3828392591487893,0.0
6324,AMGN,0.3933955758994854,0.41498544246389113,0.3848046013702322,0.0
6325,AMGN,0.3939306582377551,0.4124884242955729,0.3857571724717487,0.09383230078065907
6326,AMGN,0.3935664124673788,0.40686163487834776,0.3851227891903124,0.04333132803512438
6327,AMGN,0.39411374151205303,0.4036429536403419,0.38381647965674853,0.0300208973181775
6328,AMGN,0.3955257778047967,0.38945727318785966,0.3651383173865951,0.0
6329,AMGN,0.39474148197222414,0.38705093478645897,0.3637111434371498,0.0
6330,AMGN,0.39463935959960317,0.3858485144006133,0.36227099109830463,0.0
6331,AMGN,0.3933648723892955,0.3793259361185697,0.35950011480055893,0.0
6332,AMGN,0.39217004561607594,0.3774846578762257,0.35682645070624547,0.03906320911038639
6333,AMGN,0.39166351765058804,0.378349801905076,0.3549022283489327,0.023258292963514126
6334,AMGN,0.39100993695903696,0.3751552542112956,0.35257003694718336,0.023839477637406903
6335,AMGN,0.39079752691178493,0.3745384093294598,0.3505511970647114,0.028871017108359983
6336,AMGN,0.3908996467911843,0.37825394187090544,0.3498582351724162,0.026205553620618688
6337,AMGN,0.39098951747095656,0.3799839040953163,0.349733202630502,0.026911805577543475
6338,AMGN,0.39052748603828524,0.381974632999883,0.3501272298819174,0.0588871650360426
6339,AMGN,0.3898534833654317,0.38363448008018697,0.35085438768330196,0.0
6340,AMGN,0.38933723382876906,0.38582755698478394,0.351980385344979,0.0
6341,AMGN,0.38883887365851244,0.38888312927783525,0.3536395064811908,0.0
6342,AMGN,0.3892106050785853,0.39744758059703794,0.3570923039032199,0.0
6343,AMGN,0.3891325866774986,0.39840222531624614,0.3600914627788976,0.0
6344,AMGN,0.3888303084436959,0.396287584825124,0.36196598457886675,0.0
6345,AMGN,0.3886526155153356,0.39108775957101866,0.3621751245751043,0.0
6346,AMGN,0.3878846552732269,0.38553698839763567,0.360964862395165,0.0
6347,AMGN,0.3865366419492098,0.3752695426243797,0.35744850794871097,0.044320960291577394
6348,AMGN,0.3856175425902002,0.371757414999293,0.35376379481589526,0.033905546936291324
6349,AMGN,0.38507833646276257,0.37088773267637304,0.3506001890909381,0.028772335328077343
6350,AMGN,0.3842304340494809,0.3678464905331597,0.347314537918833,0.03479491428229674
6351,AMGN,0.3836655387599692,0.36304680066515593,0.3434948439688047,0.027088940252667573
6352,AMGN,0.38260550803352045,0.35756499232970373,0.33907862962754143,0.05869437496262054
6353,AMGN,0.38126566300338016,0.3528798405477946,0.33438291086984695,0.10278261511994849
6354,AMGN,0.38042825705466754,0.3508792636269107,0.3301298385268193,0.0
6355,AMGN,0.3794355822560447,0.34985141549565746,0.32647229230535657,0.0
6356,AMGN,0.3778500736409054,0.3473290934409866,0.32292027280794194,0.0
6357,AMGN,0.3767308094451147,0.34939814453968665,0.320592148268331,0.0
6358,AMGN,0.37671037948550223,0.3634897393382828,0.3222268594745495,0.0
6359,AMGN,0.37566873128476974,0.364165690850528,0.32370238411149116,0.0
6360,AMGN,0.37483541222553995,0.3679875405752853,0.32583129932274635,0.03584329825820501
6361,AMGN,0.37363241017742244,0.3686580480285285,0.3277008360730555,0.02311071005146932
6362,AMGN,0.37145516219043495,0.3654000830938242,0.32838791325178246,0.0253123164008767
6363,AMGN,0.36987087469558766,0.36365586559017377,0.32850470018927774,0.02954859681896379
6364,AMGN,0.36891501078378974,0.36639191551423367,0.3292771546178797,0.01946634441172642
6365,AMGN,0.3683941926671568,0.3698809228768863,0.33076100981721324,0.030805602169943744
6366,AMGN,0.3681205067031108,0.373962706146726,0.3329610990263778,0.05042938008140807
6367,AMGN,0.3684554660907291,0.37773649650654145,0.33565773866259346,0.0
6368,AMGN,0.36834925682862574,0.3805854760310744,0.3385221017885685,0.0
6369,AMGN,0.368104163134336,0.38314713672223083,0.34144933775749425,0.0
6370,AMGN,0.3681677657258895,0.38588151104496093,0.34446973556539673,0.0
6371,AMGN,0.3692636973530292,0.3961927810011097,0.3494450746719284,0.0
6372,AMGN,0.37053001028572785,0.40395338944590237,0.3553513510935339,0.0
6373,AMGN,0.37149404598191316,0.4059548586132728,0.3605730910028172,0.0
6374,AMGN,0.37244582848931573,0.40846015529819596,0.3653722401439525,0.06573824877659219
6375,AMGN,0.37284618854029405,0.4045420736034665,0.3682391813859287,0.04250985938286068
6376,AMGN,0.3732879315685249,0.3995646643277043,0.369297455483637,0.043820867062801014
6377,AMGN,0.3732246107110564,0.393835261379006,0.36872216827263027,0.029065566215298665
6378,AMGN,0.37178468575574675,0.38692024624049615,0.3665457902443604,0.03276041611696869
6379,AMGN,0.37149057531717666,0.38284876300731124,0.36379423900505914,0.038248776592189185
6380,AMGN,0.3708778410814517,0.3794074724080137,0.3607389485641228,0.048607197261536624
6381,AMGN,0.3708104408141666,0.37995798166071426,0.35843133998976284,0.0
6382,AMGN,0.3710391939315483,0.37957306051380924,0.35648972452432676,0.0
6383,AMGN,0.37132856974156336,0.3805520059684967,0.35517938397558513,0.0
6384,AMGN,0.3710181162328632,0.37895873540411495,0.3537356983016023,0.0
6385,AMGN,0.3707689316599354,0.37955308701049745,0.3527282542080857,0.0
6386,AMGN,0.3708179484042158,0.3843739951685094,0.3531187378388556,0.0
6387,AMGN,0.3702828271716827,0.3825019498356492,0.3529665260006959,0.0
6388,AMGN,0.3704646059922365,0.38836734741342827,0.354300413769169,0.04597040602011631
6389,AMGN,0.37037882419652446,0.39040667661090933,0.3558736387476364,0.03132891464113957
6390,AMGN,0.3705544711869213,0.3953819277871379,0.3583669620354442,0.028896171287647713
6391,AMGN,0.37006428030783045,0.4003802804206519,0.361602097222918,0.02641716535266863
6392,AMGN,0.36969256035657905,0.4051690595515562,0.36537867059037615,0.03600284259816287
6393,AMGN,0.3696067745717113,0.4078173258734252,0.36905716828495805,0.0239735159913737
6394,AMGN,0.3693044963379086,0.40854504816490533,0.3721805704333671,0.06140645283855239
6395,AMGN,0.36949648689708026,0.40840014174999506,0.37464332970128955,0.0
6396,AMGN,0.36996624731791394,0.4092386191885933,0.3768216279972854,0.0
6397,AMGN,0.37087105652577845,0.4125033521707779,0.3793744985298578,0.0
6398,AMGN,0.37140413481221524,0.4085364009975368,0.38043228860054634,0.0
6399,AMGN,0.37180853741321584,0.4051832077692378,0.3804463349558185,0.0
6400,AMGN,0.37247029088644235,0.4047403687428584,0.3803476695439286,0.0
6401,AMGN,0.37302583659349997,0.40624115739833705,0.380641198559379,0.0
6402,AMGN,0.3734547505585075,0.4049774913291418,0.3805624088176452,0.0
6403,AMGN,0.3727439788450666,0.39306477016921687,0.37754291268186824,0.0
6404,AMGN,0.3731565547263882,0.3929714876253559,0.37510416518397405,0.09250493408901413
6405,AMGN,0.3736219889084289,0.39513390725543196,0.37368983017338236,0.06184005460040035
6406,AMGN,0.37334421904676685,0.39323673052128066,0.37208752638436554,0.034574155575960344
6407,AMGN,0.373352016349211,0.3889853993247727,0.3697506003942352,0.06619806013783787
6408,AMGN,0.37254729155431443,0.38441911464665257,0.3667478124080743,0.05226000626215932
6409,AMGN,0.3712544188264246,0.373227622601553,0.36156811021188257,0.07157366656464272
6410,AMGN,0.37018417835593587,0.37035990040503025,0.3567126455363365,0.13321547808771947
6411,AMGN,0.36913844875080937,0.36975484849390755,0.35267811377985336,0.0
6412,AMGN,0.36814989869875125,0.37110022897578915,0.3497843809730273,0.0
6413,AMGN,0.36717769670326783,0.37160981871610566,0.34759586322089114,0.0
6414,AMGN,0.3658623545601789,0.36748755200483896,0.3448219969072366,0.0
6415,AMGN,0.36462871629891946,0.36486477828929953,0.3419519915362768,0.0
6416,AMGN,0.36370961494533205,0.36754604164579885,0.3403214153478,0.0
6417,AMGN,0.3621655246713056,0.3661963723380453,0.33868199741038024,0.0
6418,AMGN,0.3612440540786732,0.3656504063106044,0.3372349668064302,0.0
6419,AMGN,0.36137885561053285,0.3765079214855899,0.3387719287263993,0.0
6420,AMGN,0.3626635605431914,0.3995461050753388,0.3457190473749699,0.06582074744852189
6421,AMGN,0.3629535496858156,0.40910465805258467,0.3536489560527733,0.06863256252484634
6422,AMGN,0.36350554404747326,0.4168602891717525,0.3619176528732605,0.04656478344538377
6423,AMGN,0.3650925212302014,0.4226977252258892,0.36998132815938456,0.030026174418727375
6424,AMGN,0.3657624375122164,0.4265870852360468,0.37739751839543,0.03657048271397763
6425,AMGN,0.3660731303702276,0.42773159005448336,0.3836145104471974,0.05619971362934349
6426,AMGN,0.36688234296470235,0.4298766845166472,0.3891204673667665,0.07810390259175998
6427,AMGN,0.36785900533432203,0.43012525854586736,0.3935869232789501,0.0
6428,AMGN,0.3688945256940528,0.4292309811899567,0.3969381488665428,0.0
6429,AMGN,0.3706612452336149,0.4280493178163526,0.39932586757199834,0.0
6430,AMGN,0.3721849125290504,0.4298585634123067,0.4016850558238607,0.0
6431,AMGN,0.37330008883806975,0.4279696024864148,0.40310360962010394,0.0
6432,AMGN,0.3744152651470891,0.42764565534712407,0.40415805640226515,0.0
6433,AMGN,0.3760206288446888,0.43132713932730266,0.4059152737691915,0.0
6434,AMGN,0.3776668414913358,0.42943644936858033,0.4068518217511683,0.0
6435,AMGN,0.3788147004501048,0.4226465610774062,0.40591596549278225,0.06540403240843351
6436,AMGN,0.3801729329924055,0.42360364538405754,0.40540480687381386,0.027497739641931137
6437,AMGN,0.38179463078453546,0.4230184193162469,0.404850640282478,0.03089021168209339
6438,AMGN,0.38369076168953153,0.4252926125659961,0.4049717096475913,0.036257198844666785
6439,AMGN,0.38456288326120225,0.4269755093360283,0.4054862215446065,0.025235974346255192
6440,AMGN,0.38426263700332,0.42999514808084405,0.4066472361860437,0.02818587355363469
6441,AMGN,0.38514092431296687,0.4358424360282882,0.4090272107430331,0.08402533711877345
6442,AMGN,0.3853446355087029,0.4333340085663331,0.41030865618781664,0.0
6443,AMGN,0.38589814325610705,0.4345986600349843,0.41164767005129643,0.0
6444,AMGN,0.38676823085728085,0.438079092212407,0.41358264463410854,0.0
6445,AMGN,0.3874463264033494,0.43676526372174673,0.41480456218302103,0.0
6446,AMGN,0.388650964005091,0.4423855628546352,0.41717692564499087,0.0
6447,AMGN,0.3897947345784436,0.444578051968916,0.41961894195905225,0.0
6448,AMGN,0.39128163632380275,0.4486289958390747,0.4225779064278631,0.0
6449,AMGN,0.39098752389065483,0.4324829364817697,0.4209379961515739,0.0
6450,AMGN,0.39127346204619373,0.42858096218424396,0.4186576873464016,0.06881937188431188
6451,AMGN,0.39149405185614317,0.42154884067671117,0.4150882289261834,0.04639943429482105
6452,AMGN,0.3915022216459527,0.41504799429840683,0.410619301123734,0.035892903003373826
6453,AMGN,0.39158800543624306,0.4148449268406305,0.4069937621932299,0.037182626377763005
6454,AMGN,0.3913163614210049,0.40636225177123464,0.40198812552658925,0.036844188329164425
6455,AMGN,0.391471589421966,0.3991329549153757,0.3961894704151652,0.05036904523178785
6456,AMGN,0.3914368588396755,0.3980280062222884,0.3912763233867472,0.07914384320678847
6457,AMGN,0.3915512413820994,0.3976774386577379,0.38725880292979237,0.0
6458,AMGN,0.3915569558468954,0.39928830763140116,0.38444456732103144,0.0
6459,AMGN,0.391350672144712,0.3985317325361894,0.38200541423672324,0.0
6460,AMGN,0.3908237216992778,0.39661216619323,0.37957769940101554,0.0
6461,AMGN,0.38935316302404877,0.3891061491362144,0.3757727061430686,0.0
6462,AMGN,0.3892837198106669,0.3913148710511721,0.37327686569025537,0.0
6463,AMGN,0.3887526834730384,0.3919288906504475,0.3714325789187036,0.0
6464,AMGN,0.38785809148888006,0.39158541181504264,0.3698719059273361,0.0
6465,AMGN,0.3885361840430823,0.4042455113817189,0.3717653140666513,0.07289751518925441
6466,AMGN,0.38889156790522517,0.41781121118224707,0.3766467363314422,0.06436057372637179
6467,AMGN,0.3898658093562952,0.4329779946662276,0.3843159221686732,0.06238254053692739
6468,AMGN,0.39079308399020274,0.4468352116585653,0.39389031447698675,0.029292481538943243
6469,AMGN,0.3939874767922258,0.4620918474632118,0.40533617563553503,0.044114801563428986
6470,AMGN,0.396418804544191,0.4744790152199808,0.4175670756753886,0.06274103156761549
6471,AMGN,0.39969079688600706,0.488473858243524,0.4308249949722419,0.09990378086664063
6472,AMGN,0.4030485804977797,0.4985812684837221,0.4439397579610701,0.0
6473,AMGN,0.4059080059338731,0.5052288442547123,0.456081344290512,0.0
6474,AMGN,0.4091003498060668,0.5045636224976715,0.4656295205614055,0.0
6475,AMGN,0.4125520805155616,0.5050515023174997,0.4733891421667893,0.0
6476,AMGN,0.41613045244135005,0.5101095671838635,0.48085213521586295,0.0
6477,AMGN,0.4195045756327418,0.5111751785793813,0.4870869899787876,0.0
6478,AMGN,0.42244569996422143,0.508075822778417,0.4913056847191476,0.0
6479,AMGN,0.42520300402498323,0.5004675952518034,0.4927924528262498,0.0
6480,AMGN,0.42911633334381305,0.504102750441579,0.49488402950924537,0.0
6481,AMGN,0.4319246926071525,0.48817297629042966,0.49260388603503463,0.0678413492490686
6482,AMGN,0.43362809128924606,0.47110223788793276,0.48654320525972644,0.05600938620284471
6483,AMGN,0.4350904831665314,0.4531826495234259,0.4772474295393185,0.04617814787842967
6484,AMGN,0.43655287853432734,0.4376205256217871,0.46594864650746304,0.031143160701784012
6485,AMGN,0.43704714732730165,0.42771227632690045,0.45445061971232453,0.03963665403680602
6486,AMGN,0.43756593695852564,0.42358512190616837,0.4442279331468091,0.047609825257610455
6487,AMGN,0.4376210870288961,0.4199775358863547,0.43515446373315914,0.07921279732064014
6488,AMGN,0.43780490380910253,0.42061865734669057,0.42805479985365597,0.0
6489,AMGN,0.4373433056984126,0.41907273449730886,0.4219914061326778,0.0
6490,AMGN,0.43694213435299956,0.4194174207649318,0.41722623438702267,0.0
6491,AMGN,0.43602712088618345,0.4192333151082885,0.41336840618637477,0.0
6492,AMGN,0.43584117647011533,0.42664223757771724,0.4121208683640871,0.0
6493,AMGN,0.4354000078203937,0.42932744998366545,0.4117892462781057,0.0
6494,AMGN,0.43619043648041167,0.4392972641533363,0.41399822796977787,0.09197511319380679
6495,AMGN,0.43611179826433855,0.4397764395616175,0.415884333676351,0.04857553465823738
6496,AMGN,0.4358033867044462,0.44316962891239664,0.41823533006374336,0.03527935211277516
6497,AMGN,0.43552357040617595,0.4439926189693439,0.4203203744421731,0.02441503340404648
6498,AMGN,0.43538672991737526,0.44296338328241686,0.4217329772383618,0.03797858904403564
6499,AMGN,0.43568697069016915,0.4422880873004535,0.42269546649093653,0.05244312165123994
6500,AMGN,0.43459630075871214,0.43747818281531964,0.42227174984680804,0.1460880853623785
6501,AMGN,0.43394476600512455,0.420281654288497,0.4176649923099226,0.0
6502,AMGN,0.43488020943155314,0.4195815803156155,0.41380584396662434,0.0
6503,AMGN,0.4359872164494072,0.4168685777568374,0.4100452202411781,0.0
6504,AMGN,0.43647331595121575,0.40714363652089414,0.4046232137498232,0.0
6505,AMGN,0.43757624106603155,0.4086039680079498,0.4006480293598109,0.0
6506,AMGN,0.4378458381460173,0.4048904014234983,0.39654625973958324,0.0
6507,AMGN,0.43853210248460694,0.40617551978622823,0.3935837809650461,0.0
6508,AMGN,0.43842181082082066,0.4024804619063274,0.3902967692734331,0.0405355201638012
6509,AMGN,0.4389099617456811,0.40399975858966297,0.38804421453339955,0.04483565349854176
6510,AMGN,0.43941856602654905,0.4071315506964918,0.38701940975900084,0.04024299288998653
6511,AMGN,0.4400823624458732,0.41089338288597316,0.38713316646458024,0.04404320889930237
6512,AMGN,0.43969646196546064,0.41051590794589693,0.3871304912009572,0.05675521641389355
6513,AMGN,0.4396066002612873,0.4103790779647007,0.38709439292498315,0.03992988492402734
6514,AMGN,0.4388982758945499,0.41188873871773385,0.38744017750042337,0.06053924931485644
6515,AMGN,0.438976914110623,0.4142784347154649,0.3883098729335872,0.0
6516,AMGN,0.4388768361800319,0.41759084047379935,0.3898276924662346,0.0
6517,AMGN,0.43931187848468545,0.4242359036743236,0.3926911004683325,0.0
6518,AMGN,0.43930574765181785,0.42338147424838796,0.3947697770707286,0.0
6519,AMGN,0.43925060057331367,0.42255390002715754,0.3962273333996273,0.0
6520,AMGN,0.43975713053337895,0.42372106024653805,0.397683040876911,0.0
6521,AMGN,0.441640267084507,0.4257545237128989,0.39935226588241024,0.0
6522,AMGN,0.4446916835784167,0.45227090555170485,0.4072684040816165,0.0
6523,AMGN,0.4462970527611043,0.4553925816780474,0.41437604310411963,0.12283418998265593
6524,AMGN,0.44758788503612035,0.44651194446406767,0.4178581837172232,0.03338065133493054
6525,AMGN,0.44838852244288985,0.4430608835026567,0.41978742197827906,0.03477063961976731
6526,AMGN,0.4499244419298174,0.44279294538876957,0.421264316488622,0.05209659204846489
6527,AMGN,0.45099672185589235,0.4414990452656138,0.42212471574359894,0.03473018184888495
6528,AMGN,0.4530391693083087,0.4455224689182696,0.42381155667794423,0.05499424796040064
6529,AMGN,0.4543769698964195,0.4452324894792827,0.42508906317523454,0.13086452979275068
6530,AMGN,0.4550979598308551,0.44002905072049436,0.4248196941402912,0.0
6531,AMGN,0.45608854584798797,0.43970374849691835,0.4245234663566432,0.0
6532,AMGN,0.45743243588148186,0.43948903612644913,0.42423319744076093,0.0
6533,AMGN,0.4587477660571051,0.4388509986595032,0.42384263603310995,0.0
6534,AMGN,0.45931924494859766,0.43186767422652844,0.4217970858463445,0.0
6535,AMGN,0.4599973375027999,0.42849012567364686,0.41932241556233646,0.0
6536,AMGN,0.4611953554804895,0.43255710869543335,0.41835201130249494,0.0
6537,AMGN,0.4616528637098307,0.4318819048989924,0.41740811778857917,0.0
6538,AMGN,0.46272469734916877,0.43162692835588795,0.41658972364372304,0.06858049513275426
6539,AMGN,0.46394603654636235,0.43273789910285776,0.41621072580286006,0.0323334986824839
6540,AMGN,0.465784568857484,0.4417596215983416,0.4181465122681456,0.033262092475910034
6541,AMGN,0.4675941743084584,0.44943899037737634,0.4216009847537939,0.044390793922187394
6542,AMGN,0.46724851550800084,0.45757888093457294,0.42638469700552895,0.0519428525191119
6543,AMGN,0.4688416220276639,0.4665093769603406,0.43242801122609614,0.09275031926458327
6544,AMGN,0.4708554722238798,0.4664513581789461,0.4372482636708467,0.10986571538134088
6545,AMGN,0.4721830650625276,0.4625115973854049,0.440126707300293,0.0
6546,AMGN,0.47351065690388694,0.4616391038054413,0.44221292929558365,0.0
6547,AMGN,0.4741703724174613,0.4526751458809759,0.44165725799635486,0.0
6548,AMGN,0.4746483046226828,0.4486616337415112,0.44021665923700193,0.0
6549,AMGN,0.47565727017366566,0.4475902825256757,0.4387982954140125,0.0
6550,AMGN,0.47673159753363636,0.4424310468639384,0.43638320031836164,0.0
6551,AMGN,0.4773075677152181,0.43690343645315544,0.43307929803532497,0.0
6552,AMGN,0.47729939792540854,0.4265384581623335,0.4278638261710597,0.0
6553,AMGN,0.47808369724849165,0.4263795785377607,0.4236520183984821,0.07598145275060071
6554,AMGN,0.47941536949695607,0.4256357393419479,0.420097968341434,0.043763874376862376
6555,AMGN,0.48037123291010975,0.42328918522679443,0.41667236734939156,0.03738315619865821
6556,AMGN,0.48085618963863386,0.42330058353459166,0.41393471535449416,0.03893691050389274
6557,AMGN,0.4817957209518333,0.4243053013694816,0.4119939416962253,0.03194158601497993
6558,AMGN,0.48253553471227706,0.4233651022509495,0.4102079868985384,0.047193637927577074
6559,AMGN,0.48291138792693955,0.42022871508439885,0.4080008436542604,0.10112367061041981
6560,AMGN,0.4824086162496988,0.4168806021021909,0.4054042041581957,0.0
6561,AMGN,0.48242312061847725,0.4205593610111239,0.40423987620231905,0.0
6562,AMGN,0.48188644211949017,0.4201322038173824,0.4032024032129302,0.0
6563,AMGN,0.48113481846513473,0.4205304431540677,0.4024712586968067,0.0
6564,AMGN,0.4807426660610492,0.418069310052561,0.4012755462593371,0.0
6565,AMGN,0.48105311807381623,0.42014279135726224,0.40083356684326754,0.0
6566,AMGN,0.4795008580099802,0.4049925382873527,0.3967200377548951,0.0
6567,AMGN,0.4795110712445312,0.40182113069043146,0.3926421438099482,0.10244312165123994
6568,AMGN,0.479517198088244,0.4028827573866869,0.38964330006663206,0.025713200139315454
6569,AMGN,0.4797275676826205,0.4084443987632195,0.3886244969841761,0.023607637019915778
6570,AMGN,0.4805976542865049,0.4158243980299688,0.3896410011804809,0.017730354234169576
6571,AMGN,0.4817291756602322,0.42315708748216607,0.39227400998820283,0.023140261814548615
6572,AMGN,0.48358780882566377,0.4306253452190949,0.39623386742599065,0.044797482471231005
6573,AMGN,0.4851196444149757,0.44097562784825706,0.40197045628766964,0.0689444391673439
6574,AMGN,0.48672092670818135,0.4490250858065173,0.40855741834196385,0.0
6575,AMGN,0.4869374281327148,0.4388255419423295,0.41129569498035895,0.0
6576,AMGN,0.4876603748275494,0.43780137623500137,0.4132321418372483,0.0
6577,AMGN,0.4884283295845697,0.4382999944452808,0.414905044933806,0.0
6578,AMGN,0.48927594876783287,0.4376365653747876,0.4160787195221032,0.0
6579,AMGN,0.4901378630886861,0.4347038170247195,0.41628981827329203,0.0
6580,AMGN,0.4915880007799016,0.4374992732543002,0.417152465436237,0.0
6581,AMGN,0.49233328985528857,0.43838827796186347,0.4180632137582809,0.0
6582,AMGN,0.4931216745719209,0.4360227368160135,0.41820473932369184,0.0
6583,AMGN,0.4933402224330621,0.4287644320902999,0.41651661490949576,0.04977396419311374
6584,AMGN,0.4938141525183486,0.4228803806102246,0.4137058286681511,0.05537965220389309
6585,AMGN,0.49405107293231776,0.4197396852539314,0.4106777510750001,0.033512227041974055
6586,AMGN,0.49591786441873786,0.4175466703849631,0.407711032975731,0.02593360703894852
6587,AMGN,0.4973986388217395,0.42034865603588845,0.4060330471110276,0.028129760384454364
6588,AMGN,0.498417818105918,0.42105387620355517,0.4048656779006454,0.047580977107937815
6589,AMGN,0.4985791794329688,0.4171620200942866,0.4029659130506068,0.04514893736785261
6590,AMGN,0.4965621768866546,0.39426460253341084,0.39576348695987207,0.0
6591,AMGN,0.4967092276181404,0.40074325362414054,0.3916093987919176,0.0
6592,AMGN,0.49663977842102547,0.4055346435015378,0.3894752414024723,0.0
6593,AMGN,0.49532035786540884,0.40100704763420175,0.3866442699729163,0.0
6594,AMGN,0.4947157934194939,0.40532826491054036,0.38545191991135513,0.0
6595,AMGN,0.49572476246098773,0.40957274514248637,0.38555142256864866,0.0
6596,AMGN,0.49638659713346867,0.41656972536374937,0.3873675148087792,0.0
6597,AMGN,0.49626405028632314,0.4153951563462073,0.3885288874928311,0.0
6598,AMGN,0.4969748219997645,0.422392928756896,0.39119467235762617,0.0
6599,AMGN,0.49802463550250664,0.4291804296440903,0.3950118023944832,0.13173683451364482
6600,AMGN,0.4991929179385113,0.4408928230347739,0.4009722540057125,0.05924125848293913
6601,AMGN,0.5007247570183337,0.45252979144138683,0.40862864412419686,0.05052700644158074
6602,AMGN,0.5030353350375631,0.46656439507799474,0.41823682315677113,0.04946490200424279
6603,AMGN,0.5062317204225986,0.4810669236127449,0.42952256155510726,0.054194239517039756
6604,AMGN,0.5093341113386938,0.4906533488788228,0.44093028329595507,0.05413830225121109
6605,AMGN,0.512389617215308,0.49837094404525484,0.45197179091522455,0.09536230813341917
6606,AMGN,0.5154001902452578,0.5033193494911606,0.4620330778207345,0.0
6607,AMGN,0.5172629013245724,0.4987398460225625,0.4689455795502749,0.0
6608,AMGN,0.5188968617797274,0.49037726112575003,0.4724001790399381,0.0
6609,AMGN,0.5224098659127954,0.49823353578154994,0.4771136059288714,0.0
6610,AMGN,0.5273843283810531,0.49889392853120484,0.48104824178372985,0.0
6611,AMGN,0.5296065112092823,0.4938662948539437,0.482948207026477,0.0
6612,AMGN,0.5309055077890186,0.4789310485323565,0.4807615934119576,0.0
6613,AMGN,0.5333603662310273,0.4701944641334486,0.47684408252233335,0.0
6614,AMGN,0.5346879570750973,0.45864571033342627,0.47084393782453643,0.0
6615,AMGN,0.5368366137896166,0.45843184242838625,0.4659907449542987,0.06642321642796582
6616,AMGN,0.5383684533680841,0.45493113009009745,0.46123939409499143,0.04599204213237079
6617,AMGN,0.5405988024956119,0.452396562144707,0.4568092917379107,0.027177595541905457
6618,AMGN,0.5424696888498248,0.4541495027808654,0.4537002495392794,0.029836374702283577
6619,AMGN,0.5438524297642657,0.4513630878479074,0.4505214914609681,0.050788222918799496
6620,AMGN,0.5442547859286591,0.44507332330526983,0.4464175096054851,0.05435044169331602
6621,AMGN,0.5441526635560385,0.43728483932094203,0.44120140091473653,0.11942359989727244
6622,AMGN,0.5436219559447428,0.43179359562067865,0.43566571313961727,0.0
6623,AMGN,0.5424823091605573,0.425028810246187,0.42955829824409525,0.0
6624,AMGN,0.5417286505384156,0.4226263408051745,0.42407612847902143,0.0
6625,AMGN,0.5396625096982621,0.4080061565278814,0.41606199803615423,0.0
6626,AMGN,0.538718898975246,0.408217597610038,0.4097031685120458,0.0
6627,AMGN,0.5392254219542902,0.41616952236305094,0.40658959035171005,0.039940790931830415
6628,AMGN,0.539829988394783,0.41959087577627874,0.4049478293203312,0.02043064658554004
6629,AMGN,0.5385800070633935,0.41809978413622023,0.40326436572722946,0.08206225571422038
6630,AMGN,0.5374648262665742,0.4137590816661041,0.40084033199218577,0.02355715275798865
6631,AMGN,0.5365416365275713,0.4077903834657163,0.3974198109183548,0.027211896695479635
6632,AMGN,0.5370481694795037,0.408044336278588,0.39474641932663457,0.03839231372714576
6633,AMGN,0.5375058381127746,0.4115051451482035,0.39346659949007157,0.08556695409274329
6634,AMGN,0.5383350717784556,0.41406572558042587,0.39307822099345985,0.0
6635,AMGN,0.5385229749495002,0.4187100775341319,0.3939201398986604,0.0
6636,AMGN,0.5394379874190278,0.4270691553958702,0.3966682065510688,0.0
6637,AMGN,0.540712478119846,0.4379017599469533,0.40155506403024427,0.0
6638,AMGN,0.5413333776575806,0.4434604369521463,0.406844086236761,0.0
6639,AMGN,0.5424546818076021,0.4490085068968916,0.4124522077958702,0.0
6640,AMGN,0.5441560440259754,0.45533906798650686,0.4185098052038607,0.0
6641,AMGN,0.5447070086869523,0.44529565648801755,0.42086333859969516,0.08955872885201954
6642,AMGN,0.5457947394886551,0.44355751473152993,0.42231479837206104,0.030214566908357873
6643,AMGN,0.547136623974382,0.4422559226775965,0.4231529408757428,0.036627475399916266
6644,AMGN,0.5487685449739508,0.446969303588372,0.42499320798612156,0.03203006540086615
6645,AMGN,0.5516720842831506,0.4509396403174009,0.4274507682471407,0.0335607763670329
6646,AMGN,0.5534612637636673,0.4535780951523772,0.4300716204704119,0.042891745559319884
6647,AMGN,0.5541311925117927,0.45121453190590266,0.4315817200260947,0.062457123558032276
6648,AMGN,0.555005358026849,0.44828956201800363,0.4320638891872134,0.0
6649,AMGN,0.556255339358239,0.445427812525818,0.43173940388583276,0.0
6650,AMGN,0.5562471740562289,0.4265497909453937,0.4267947233884647,0.0
6651,AMGN,0.5582038422061544,0.4295850404572165,0.4235922583489547,0.0
6652,AMGN,0.5591883367434352,0.42648239815441374,0.42026028161294,0.0
6653,AMGN,0.5593599053213043,0.4186053699729094,0.41563980237753373,0.0
6654,AMGN,0.5607875711040999,0.4253327030876694,0.413612988872207,0.057643352436437326
6655,AMGN,0.5623847650118896,0.43488536521596866,0.41436228985320717,0.04915654342877849
6656,AMGN,0.5634550054823779,0.44139715397051416,0.4165778073512568,0.03655605863914131
6657,AMGN,0.5637736213012219,0.4427620765342153,0.41868896384484366,0.03725492265529627
6658,AMGN,0.564203265780272,0.4420083016926263,0.4201908194011788,0.07882739307714769
6659,AMGN,0.5648241752908945,0.4446266523171817,0.42204211845648165,0.08171291165781873
6660,AMGN,0.5650325089201966,0.44439893098376754,0.42346664248533344,0.1643716556375265
6661,AMGN,0.5673992995013322,0.4519053257010162,0.4264691768244092,0.0
6662,AMGN,0.5691312899545373,0.4572058374674035,0.4301866698239371,0.0
6663,AMGN,0.5708081428034819,0.460686943682146,0.4340245949962011,0.0
6664,AMGN,0.570695802708511,0.45023411911337274,0.43450078366349887,0.0
6665,AMGN,0.5705079015320438,0.44149501895179033,0.43271289024469595,0.0
6666,AMGN,0.5707979335580862,0.4392796342074702,0.43073276779457914,0.0
6667,AMGN,0.5717946459202876,0.4406634197619419,0.4294920936915867,0.0
6668,AMGN,0.5731957648726453,0.4450221039278075,0.42958127991448464,0.0
6669,AMGN,0.5746050541134569,0.4479895649429787,0.4303890847000873,0.16289811326065007
6670,AMGN,0.5779750924099436,0.4541460469757799,0.4325632262574084,0.05383838703662659
6671,AMGN,0.5797111727444975,0.45940018880815925,0.43560649707674937,0.04862531530675786
6672,AMGN,0.5817658285475908,0.4610264435962061,0.4384447128954994,0.09276720598634286
6673,AMGN,0.5845762407299153,0.4643610120381282,0.44154284900669505,0.05004503125802559
6674,AMGN,0.5859181302020859,0.463999754205143,0.4439317019818354,0.06577905835417788
6675,AMGN,0.5870333109989048,0.46518813210495863,0.44613771251806944,0.10654166974497532
6676,AMGN,0.5883731585222671,0.46714992529821775,0.4483893930516875,0.0
6677,AMGN,0.5902440463724137,0.47020777737290276,0.45094962627499924,0.0
6678,AMGN,0.5914442749603919,0.4634568767385629,0.45132239405247787,0.0
6679,AMGN,0.5918936079148351,0.4532827234332252,0.4490956166241543,0.0
6680,AMGN,0.5929107427569833,0.44886924636117853,0.44621887083278855,0.0
6681,AMGN,0.5927584578749308,0.44082075272287263,0.4419200225568546,0.0
6682,AMGN,0.5929872119896014,0.43804388980645026,0.4377917902082651,0.0
6683,AMGN,0.5934651446934671,0.4380197218710041,0.4344832064017651,0.0
6684,AMGN,0.5941922559865271,0.4276836993431299,0.42927117547540256,0.0
6685,AMGN,0.5955300560759933,0.42567691904393923,0.4246035138611315,0.09962532586095896
6686,AMGN,0.596665660848692,0.4268027623154659,0.42114879306444086,0.046816677044964415
6687,AMGN,0.5976950528687763,0.4298362127387943,0.419137849292945,0.03459755072173145
6688,AMGN,0.5984997826501166,0.43326225401337215,0.41837935919237546,0.04148047296893195
6689,AMGN,0.5987816413958389,0.43016720509477585,0.4170044469114265,0.05011328175847062
6690,AMGN,0.598750999697609,0.42851024391271236,0.4154932973002113,0.0789023279049559
6691,AMGN,0.59887354155831,0.4295361894573658,0.41453899377989467,0.09470319827473993
6692,AMGN,0.5970911848495728,0.40827726519066393,0.40849957323291874,0.0
6693,AMGN,0.5956083635113192,0.3974141674482868,0.4009720649269395,0.0
6694,AMGN,0.5945993979603359,0.3916457512344341,0.393518469594788,0.0
6695,AMGN,0.5928837376125067,0.38203487821898807,0.3851703949358574,0.0
6696,AMGN,0.5909965161664745,0.37468992466731427,0.3766690860896482,0.0
6697,AMGN,0.5889377291344386,0.369716383750099,0.36863372015473345,0.0
6698,AMGN,0.5886313620165762,0.37613716974234124,0.3637989193203067,0.0
6699,AMGN,0.5887886304704124,0.38212441574038947,0.3614169758768096,0.0
6700,AMGN,0.5900100140469573,0.4023076312660194,0.3645204325993418,0.0
6701,AMGN,0.5973750780644371,0.47828351128100455,0.38585866996655765,0.29838591084514526
6702,AMGN,0.6039354182843093,0.5324986197592327,0.41638420712912816,0.13187667767821648
6703,AMGN,0.6103014806631584,0.5740189944539698,0.4511090421768048,0.0787392654979648
6704,AMGN,0.6177972603203039,0.6064917433402525,0.4869479021860367,0.059588139892417506
6705,AMGN,0.6256300537799864,0.6395098674849329,0.5238133318031915,0.07229768476008541
6706,AMGN,0.6332520577867089,0.6634365490442771,0.5592437294404496,0.08380721696271201
6707,AMGN,0.6409275788034003,0.6821966618012514,0.5922438775391081,0.15487991078182003
6708,AMGN,0.6481129034559121,0.6899440014604119,0.6205667081459527,0.0
6709,AMGN,0.655910966333304,0.6937146841721336,0.6441607696532854,0.0
6710,AMGN,0.6634986636054747,0.6922344146221571,0.66266864988586,0.0
6711,AMGN,0.6714478740767222,0.6941724613195709,0.6779559328405712,0.0
6712,AMGN,0.6817513270420288,0.695222376353895,0.6904463240509313,0.0
6713,AMGN,0.6914080185970524,0.6918067763859739,0.699590963395581,0.0
6714,AMGN,0.7003416837539214,0.6809602504141825,0.7042148157365227,0.0
6715,AMGN,0.7096920081910829,0.6684293097275712,0.7048040053504698,0.0
6716,AMGN,0.7195815387556825,0.6611693804261753,0.703473608992655,0.0
6717,AMGN,0.7274000310940427,0.6313481730052173,0.6950083517514645,0.12560924125848294
6718,AMGN,0.7327675849935704,0.5896990178809809,0.6778997802900448,0.11862288784050491
6719,AMGN,0.7382760717564696,0.5570641147911792,0.6561136881932148,0.10446108490151171
6720,AMGN,0.7424059029984771,0.5305824483332185,0.6321126718827641,0.05264048521180523
6721,AMGN,0.7402368248012996,0.5026901748320594,0.6059896358655852,0.05095146122914226
6722,AMGN,0.7385272972809163,0.4800528657985736,0.579473145815732,0.07727117612498989
6723,AMGN,0.7359070830311545,0.4524390588745777,0.5514068398287966,0.13411152976108806
6724,AMGN,0.7340035244987244,0.43962392358088587,0.5257733721929418,0.0
6725,AMGN,0.7307368295555303,0.424812194813604,0.5015906665013942,0.0
6726,AMGN,0.7277184981173987,0.41630830508149935,0.480134031432892,0.0
6727,AMGN,0.7235478184249868,0.40043007681666704,0.4590281110649923,0.0
6728,AMGN,0.7197284416889684,0.3879224689384033,0.43903927318009056,0.0
6729,AMGN,0.7158151123701386,0.3782836000890383,0.42065605655466903,0.0
6730,AMGN,0.7125349417615583,0.3765106401109174,0.4055094752254835,0.0
6731,AMGN,0.7088953004013527,0.37805964217017146,0.39377663696882287,0.0
6732,AMGN,0.7038308445070167,0.36751290443100665,0.38177290779665807,0.0761557729720982
6733,AMGN,0.6976629833033114,0.34721176278949195,0.36713164642259855,0.05736700827097559
6734,AMGN,0.692340359757226,0.3358985079358727,0.3526109467779185,0.03419613927323771
6735,AMGN,0.6868339224228008,0.3250127301625201,0.338292786529933,0.035443997649931225
6736,AMGN,0.6802041419814127,0.3112124801058221,0.32341335258071197,0.033705368922099445
6737,AMGN,0.6759762732616887,0.3053635400300734,0.31005823255711856,0.04931344921846141
6738,AMGN,0.6731781177586567,0.3011564797312127,0.29833004060139706,0.09619925628062917
6739,AMGN,0.6701757140198721,0.2990096803142617,0.2884147006279656,0.0
6740,AMGN,0.6670507669244534,0.2980744914498878,0.28025033620839146,0.0
6741,AMGN,0.6646784647071167,0.30071468641171417,0.27437408054678714,0.0
6742,AMGN,0.6628055403932502,0.3095207791941231,0.2718585464031073,0.0
6743,AMGN,0.6617884020605915,0.3174314438490306,0.27180936473648054,0.0
6744,AMGN,0.6597868035572239,0.32369638483746815,0.27332483415883735,0.0
6745,AMGN,0.6581495776793669,0.3289635074880018,0.27584438881174156,0.0
6746,AMGN,0.6569772128416802,0.34214262017354446,0.28113078622636334,0.0
6747,AMGN,0.6549184278042222,0.33483151589495536,0.28354545565272204,0.06938560477331335
6748,AMGN,0.6531292433372613,0.3326018684599049,0.28492384380580804,0.05209096314121169
6749,AMGN,0.6516849502570294,0.33525128231551116,0.2866840781204633,0.02692499832891816
6750,AMGN,0.6497405367918185,0.33836829232732735,0.2888658360126514,0.02038755026438274
6751,AMGN,0.6475796263898737,0.34191999156981046,0.29149269267047767,0.030142094727472937
6752,AMGN,0.6463349601091175,0.3429321065391418,0.2938453617336076,0.027491231217919625
6753,AMGN,0.6467022740384722,0.34881797289486605,0.29718823410463696,0.07162520624667983
6754,AMGN,0.6466859399439411,0.35399284310696616,0.3011468161757629,0.0
6755,AMGN,0.6468991704606846,0.3582186579850812,0.30536243222621073,0.0
6756,AMGN,0.6469972039492449,0.35467534979593074,0.30785555718960045,0.0
6757,AMGN,0.6475568335539186,0.36119245794625043,0.3114674540256679,0.0
6758,AMGN,0.6484759354061502,0.36979540613069356,0.31649202604715393,0.0
6759,AMGN,0.6493460180208794,0.3763903065135946,0.32214838677876223,0.0
6760,AMGN,0.6495420929763114,0.37437647129836554,0.3261736876224116,0.0
6761,AMGN,0.6493572514818675,0.3713201320360984,0.32863541494628107,0.0
6762,AMGN,0.6471963420772111,0.3542017202897138,0.32635639937819694,0.0
6763,AMGN,0.6456277474201992,0.3474837296237676,0.32286593562239024,0.12164789777904428
6764,AMGN,0.6452253897598732,0.35413623298598274,0.32172456347132183,0.04447118175389714
6765,AMGN,0.6445820163191405,0.35684065474347426,0.3214826412430745,0.0348410009604323
6766,AMGN,0.6439100570910279,0.36739544407903485,0.3239085602489892,0.03167526834056296
6767,AMGN,0.6450742546321266,0.37693469359999754,0.32821671853726964,0.039718097288625735
6768,AMGN,0.6467429307102401,0.39270063858812154,0.33557599134533944,0.07169961336443305
6769,AMGN,0.6477542189468268,0.4018922860365579,0.3437445658082724,0.10358702114710093
6770,AMGN,0.6486615592935991,0.4082889187566624,0.35186692300359235,0.0
6771,AMGN,0.6497603970202879,0.41561512084946267,0.36018300419661975,0.0
6772,AMGN,0.6510900323063882,0.42115727466031616,0.36821130469610835,0.0
6773,AMGN,0.6518416494783668,0.4236585607295933,0.3752547069665312,0.0
6774,AMGN,0.6521316770166101,0.420503591802975,0.3801064378098016,0.0
6775,AMGN,0.652073671508961,0.4138070655119299,0.3823258981489477,0.0
6776,AMGN,0.6527599308611065,0.4088530396230927,0.38287199074505984,0.06820124750656999
6777,AMGN,0.6524168001877451,0.402886766444665,0.38182817257102064,0.04968267035360092
6778,AMGN,0.65230242313041,0.40362541032166915,0.381176432511728,0.03176075736947092
6779,AMGN,0.6517795625663241,0.39940321722247574,0.379607188913261,0.03617364475262712
6780,AMGN,0.6523249020198518,0.3998186039241447,0.378454883492832,0.03261881391888041
6781,AMGN,0.6530356777224484,0.4001049469838902,0.37760410294069596,0.04059708633688306
6782,AMGN,0.6551230530350849,0.39966767104886264,0.3768149566346423,0.06458080472265318
6783,AMGN,0.6566017800041908,0.39913832222222845,0.3760522673441454,0.0
6784,AMGN,0.6567968292480963,0.39663192014809073,0.3748200843657726,0.0
6785,AMGN,0.6574933063225923,0.39691794602877706,0.37390532305070895,0.0
6786,AMGN,0.6550607454230319,0.37241192191094874,0.3670916805111224,0.0
6787,AMGN,0.6542805260084092,0.37169742486725993,0.3614634446900777,0.0
6788,AMGN,0.6527834160149437,0.37199548998867227,0.3570348289644753,0.0
6789,AMGN,0.6524729699859084,0.3817091529127689,0.35590264487649936,0.0
6790,AMGN,0.6517862174545086,0.38481106663096853,0.3557667214925265,0.04024897360394305
6791,AMGN,0.651400191894135,0.39296713358325175,0.3576821316590487,0.025276256213785896
6792,AMGN,0.6511203775904426,0.4005278404412334,0.3610908539367112,0.021490991989361365
6793,AMGN,0.6506418305566797,0.40276825848095676,0.36437385216405066,0.028366878102495365
6794,AMGN,0.6511851160939339,0.41032867879256846,0.36887657377612576,0.025936069685871796
6795,AMGN,0.6518244061356957,0.4131469351247372,0.37317817769064476,0.028589219938996716
6796,AMGN,0.6527230880012027,0.41836658124223747,0.3779148573499816,0.0584686909624376
6797,AMGN,0.6538423487064824,0.42256853389090615,0.3827470294125918,0.0
6798,AMGN,0.6542508381969658,0.4236194097536786,0.3868735703648689,0.0
6799,AMGN,0.6530335335315929,0.40241878343322485,0.3849132936099893,0.0
6800,AMGN,0.6513280839250926,0.3843947997934238,0.37887193259142293,0.0
6801,AMGN,0.6504048936874454,0.3785874456677985,0.3725975915919892,0.0
6802,AMGN,0.649996410180695,0.3790015960433133,0.36768090142297294,0.0
6803,AMGN,0.6499432656979827,0.3830893595127183,0.36476203848591865,0.0
6804,AMGN,0.6492355601489423,0.377540805902819,0.36104992430777405,0.051266152325266406
6805,AMGN,0.6481755339102935,0.3719779648072754,0.35669966331030145,0.03753918247158281
6806,AMGN,0.6493233873839741,0.36625373897765356,0.35179883286544095,0.023640882753379982
6807,AMGN,0.6486943130699854,0.3617494247306546,0.34676030095608623,0.027051296935411806
6808,AMGN,0.6483573092403367,0.3622447804976984,0.34285241137601546,0.03236832754611307
6809,AMGN,0.6465701702126947,0.357065174984144,0.3384406403443725,0.043875221198464716
6810,AMGN,0.6451036944377928,0.3521314636714104,0.3336867894560153,0.07081992070276907
6811,AMGN,0.6431735845871263,0.34951764034442,0.32923501770658103,0.0
6812,AMGN,0.6411372634797781,0.3480252725928157,0.32530322883739876,0.0
6813,AMGN,0.63945081621398,0.34742854516667465,0.322009703672375,0.0
6814,AMGN,0.6365056124726842,0.3402383963898755,0.3175904534181606,0.0
6815,AMGN,0.6337993656090775,0.33479661977739644,0.3127045289896298,0.0
6816,AMGN,0.631389275620649,0.33753348133105054,0.30947501575327296,0.0
6817,AMGN,0.629011866786036,0.3410530391316708,0.3077648787391015,0.0
6818,AMGN,0.626315836148847,0.33916751984956656,0.3059288264596205,0.0
6819,AMGN,0.6259441107125072,0.3409257929357744,0.304896347714947,0.0
6820,AMGN,0.6258991813563535,0.34500648228266434,0.3050830982823034,0.059640734994564584
6821,AMGN,0.6253518069350394,0.35171417414627926,0.30689719411084637,0.02946433911351747
6822,AMGN,0.6239833711310752,0.3536568589036321,0.3088306006025011,0.026421914743163515
6823,AMGN,0.6223147368992001,0.3560929025334007,0.3109818959885819,0.02473869557110541
6824,AMGN,0.621407889731683,0.35752124461480983,0.3130574140632606,0.030345439001994743
6825,AMGN,0.6212465284046318,0.36544569721438946,0.3166844960231572,0.026721654054396353
6826,AMGN,0.6215242982662939,0.3749533305125981,0.3219457382528058,0.062183066136142155
6827,AMGN,0.6186526176468412,0.3493609490590764,0.319803289558486,0.0
6828,AMGN,0.6184381606643372,0.3612527296473074,0.32104059797550105,0.0
6829,AMGN,0.6157931887202364,0.33960591156105063,0.3166582006232268,0.0
6830,AMGN,0.6164631099886959,0.3566216756415948,0.31737520537069563,0.0
6831,AMGN,0.6162057616096908,0.36146036902035517,0.3191496619583916,0.0
6832,AMGN,0.6164345157243618,0.3707522311212204,0.3228752544247549,0.0
6833,AMGN,0.6166591849441279,0.3783029885801258,0.32772965332948806,0.0
6834,AMGN,0.6188331603279331,0.3975213854566142,0.3363827380563356,0.04218338276217515
6835,AMGN,0.6206631892561432,0.4085218296626125,0.34603526395038753,0.024631042719887985
6836,AMGN,0.6213943809563083,0.4118139261385354,0.3545743075533565,0.02287359233342832
6837,AMGN,0.6220293357836777,0.4139159859820492,0.36192722550792716,0.026775480480005064
6838,AMGN,0.6233773560887159,0.41754356050164043,0.3687098407203131,0.02793222092053742
6839,AMGN,0.6249632322646139,0.4252144565391865,0.37603967346340655,0.03538665315728926
6840,AMGN,0.6263398398529652,0.430779403106055,0.3832846318425619,0.05412229504620981
6841,AMGN,0.6267238184780863,0.4272960778210271,0.3882161170508627,0.0
6842,AMGN,0.6277450382151386,0.4270544027627505,0.39210132700743294,0.0
6843,AMGN,0.628964374856432,0.4290136253320791,0.3956957291073813,0.0
6844,AMGN,0.6307494719352662,0.43515154999753447,0.4000945430029541,0.0
6845,AMGN,0.632017835792372,0.440479509977798,0.40493587166522776,0.0
6846,AMGN,0.6322220855240577,0.4359740716955977,0.40769078808180725,0.0
6847,AMGN,0.6356656519288313,0.4325695287603002,0.4090497916934933,0.0
6848,AMGN,0.6370586050805347,0.43946065185003486,0.4118472133834263,0.03259313202953769
6849,AMGN,0.6418093398494324,0.44810518614334954,0.41623052600703836,0.027222802703282707
6850,AMGN,0.6429857865901578,0.45025328193400155,0.4202702842450209,0.022617652956759438
6851,AMGN,0.6448444137718568,0.44950765036523666,0.4233170421705369,0.021963644295278403
6852,AMGN,0.6461270702733293,0.44740004298184377,0.4252313886665104,0.02537564160747519
6853,AMGN,0.6477038357174392,0.44822057492737377,0.42696650308489326,0.03187597406480983
6854,AMGN,0.6489366591937533,0.4577738308176409,0.43072549376297203,0.08651085147776405
6855,AMGN,0.6503704612945045,0.4626161597032522,0.43493444134462755,0.0
6856,AMGN,0.6522658570181465,0.4652923223079639,0.4389657616285627,0.0
6857,AMGN,0.6542902504717216,0.46765084772694876,0.4427761498053334,0.0
6858,AMGN,0.6562224007752633,0.46990273174329167,0.4463833263445467,0.0
6859,AMGN,0.6576756864085609,0.4708933193605859,0.4495149087174355,0.0
6860,AMGN,0.6593668304059395,0.4731902969937414,0.4525902318156528,0.0
6861,AMGN,0.6617033902915037,0.4734101245873801,0.45510504646433597,0.0
6862,AMGN,0.664423807751275,0.47955691161292835,0.45864238983353894,0.0
6863,AMGN,0.6666296470107294,0.48054388712442897,0.461717209228554,0.047895492300710295
6864,AMGN,0.6688089349519468,0.48505528662530695,0.46529669069564517,0.058437731972545
6865,AMGN,0.6709780136477685,0.4884334778284857,0.4689986654949875,0.04158548726987444
6866,AMGN,0.6742357148411502,0.4932338530591293,0.4731515884381035,0.046327665727342766
6867,AMGN,0.6781081967068645,0.5028942543323225,0.4788714169641496,0.044218760444261505
6868,AMGN,0.6814108307469113,0.5132631302896042,0.4860205971342998,0.07988597944745239
6869,AMGN,0.6840047415047019,0.5163827208086045,0.49251415213361954,0.13203323166119607
6870,AMGN,0.6872113869968617,0.5198292760077732,0.4985643521355897,0.0
6871,AMGN,0.690172935802865,0.5167459536801063,0.5026393022077579,0.0
6872,AMGN,0.6930201080501779,0.5108449405961575,0.5044347660741973,0.0
6873,AMGN,0.6970314788358785,0.5201403390316726,0.5081780420007598,0.0
6874,AMGN,0.699629475485863,0.5207391701056805,0.5113212788888709,0.0
6875,AMGN,0.7028197784065369,0.5240400323450047,0.5146550667486449,0.0
6876,AMGN,0.7059488079036385,0.5241679854675755,0.5173538520686938,0.0
6877,AMGN,0.7093024249226079,0.5262068240278597,0.5200188733235154,0.0
6878,AMGN,0.7125866804260932,0.5268158673063228,0.5223020409093074,0.0
6879,AMGN,0.7179705699160848,0.547819229273784,0.529341128003693,0.1306638240685038
6880,AMGN,0.7221031312361688,0.5518383477471148,0.5359698507627352,0.08207439304548508
6881,AMGN,0.726784420298463,0.5582472716788234,0.5428633769919378,0.06081207541328493
6882,AMGN,0.7307486840282507,0.5607808503494383,0.5490069741296104,0.04060324295419125
6883,AMGN,0.7351767086091563,0.5628592507165909,0.5544376631722062,0.046787652991940105
6884,AMGN,0.7390602633723629,0.561596083694095,0.5584687253041409,0.06907882932801401
6885,AMGN,0.7428878079036134,0.5589922802005133,0.5610473706639292,0.1080431807547661
6886,AMGN,0.747634662520996,0.5679118086320236,0.5653239094654307,0.0
6887,AMGN,0.7512743023852684,0.5683741879749669,0.5688598924614302,0.0
6888,AMGN,0.7545320055732279,0.5667978588094317,0.5712974700901231,0.0
6889,AMGN,0.7572893051461902,0.5547176285566227,0.5702494959332818,0.0
6890,AMGN,0.7598178550922818,0.5434273974485735,0.5666091400283033,0.0
6891,AMGN,0.763167468914244,0.53711221071326,0.5621295707059621,0.0
6892,AMGN,0.7659002636055776,0.5219991092524575,0.5547951898704069,0.0
6893,AMGN,0.7677834001567048,0.5150680616593133,0.5472075580547352,0.0
6894,AMGN,0.770867495809854,0.5155658715549288,0.5412609976080717,0.0
6895,AMGN,0.7753465805797806,0.5334290327068718,0.5409369764101027,0.17060338367687258
6896,AMGN,0.779339565847899,0.539777765539859,0.542253369422624,0.06587580519759223
6897,AMGN,0.7832610614660274,0.5457652294607936,0.5447924351401507,0.06774548192241255
6898,AMGN,0.7868945714947202,0.5462345855202497,0.546940171130097,0.04347240252315768
6899,AMGN,0.7885816350849937,0.5465600700278223,0.548739137716457,0.0513472437703828
6900,AMGN,0.7913198659975493,0.5453812788019184,0.5498857620221536,0.05194478745598018
6901,AMGN,0.7937381292662984,0.5444465756518825,0.5505710895690477,0.10127389207273955
6902,AMGN,0.7960524715520849,0.5402975372568326,0.5500896553763316,0.0
6903,AMGN,0.7982787447603066,0.5364530686634434,0.5487503990357058,0.0
6904,AMGN,0.8004918991330734,0.5307132649020866,0.5462545062307251,0.0
6905,AMGN,0.8017908982060318,0.515397961247042,0.5404568846590905,0.0
6906,AMGN,0.8019152832558838,0.5025763336496396,0.5326367533145043,0.0
6907,AMGN,0.8027608565011843,0.49428853432574726,0.5243238064099175,0.0
6908,AMGN,0.8042191639822094,0.49310613843825357,0.5173800053284718,0.0
6909,AMGN,0.8049503601701749,0.4745734932994664,0.50722558672355,0.0
6910,AMGN,0.8057101451373856,0.4594401271096281,0.49534629722066803,0.07952924745028092
6911,AMGN,0.8049084795258676,0.4347484637510509,0.47971496072627917,0.06382529982726291
6912,AMGN,0.8047900524787353,0.4135465973364239,0.46194807425111695,0.06625804318075476
6913,AMGN,0.8032827307466519,0.38856229234665995,0.4415340332336335,0.03241740458122689
6914,AMGN,0.8010646338106167,0.36892739868278795,0.42032986986041077,0.0278409270810246
6915,AMGN,0.7967223885322019,0.3504834244799184,0.3987891675159503,0.06777345055532688
6916,AMGN,0.7932686153752546,0.33975887226619705,0.37889501759661665,0.06071655989333221
6917,AMGN,0.7903887679578587,0.3406487699474812,0.36320054986844746,0.0
6918,AMGN,0.7865836923431622,0.3297899608551001,0.3479500681621431,0.0
6919,AMGN,0.7832136540466754,0.3282543618457656,0.3353685823201927,0.0
6920,AMGN,0.779823192272953,0.3278917746696966,0.3252134078203325,0.0
6921,AMGN,0.7766778182097882,0.3326370801083718,0.3182669442639655,0.0
6922,AMGN,0.7727947171132543,0.32764015912797373,0.3114696521651332,0.0
6923,AMGN,0.7705868314171922,0.34306667256089646,0.30986032553156606,0.052751656130055904
6924,AMGN,0.7677539617871347,0.34809579272091495,0.3098209765768009,0.02944147167780135
6925,AMGN,0.7656747462914204,0.3511770997961277,0.3105542072029288,0.018214264354593012
6926,AMGN,0.7637139942438784,0.35587858936303635,0.3123075936522762,0.020997407184596494
6927,AMGN,0.7610874033295603,0.3560311635152744,0.3137481682192128,0.041928674708967904
6928,AMGN,0.7572312675258428,0.35018415484478005,0.3134495343390602,0.03479737692922001
6929,AMGN,0.7548252664214736,0.34478459396970645,0.311870579988183,0.0655324418551471
6930,AMGN,0.7521455808489921,0.33855880177626835,0.3090623175854189,0.0
6931,AMGN,0.7506229412596599,0.3343187295669335,0.3057634189268417,0.0
6932,AMGN,0.7485437356969413,0.32446663637272743,0.3006792362873701,0.0
6933,AMGN,0.7486458535817624,0.33219218231676717,0.2985291936031478,0.0
6934,AMGN,0.7492994357692471,0.3445917805151078,0.2998864555194668,0.0
6935,AMGN,0.7504044043288038,0.35624194256214015,0.3038635682411659,0.0
6936,AMGN,0.7514746408101374,0.3686667220832146,0.31012880390934766,0.0
6937,AMGN,0.7518538824531018,0.38014082529804444,0.3179886018657994,0.0
6938,AMGN,0.753446991465986,0.3898135719492324,0.32667699424236596,0.0
6939,AMGN,0.7524604858559583,0.37671396863634493,0.3303766868551927,0.053090621888709465
6940,AMGN,0.7513534743503048,0.3654793118619296,0.3305482566417466,0.03848149672643863
6941,AMGN,0.7501729337390755,0.36050963097735017,0.32945215158466734,0.026170372950286194
6942,AMGN,0.7497750639780563,0.3557652520729703,0.32739782144005786,0.03613160385157979
6943,AMGN,0.7480859559457524,0.3575711780815023,0.32620254676635774,0.02464441137461433
6944,AMGN,0.7477101401294197,0.3654920789548181,0.3272121130705011,0.026413823188987044
6945,AMGN,0.7477754999438302,0.3752525987859812,0.33044210341665625,0.07565867010030008
6946,AMGN,0.7476366160102881,0.3827776670936998,0.33489364516671505,0.0
6947,AMGN,0.7482656933161431,0.39286377248973836,0.34095801874411197,0.0
6948,AMGN,0.7482861128042231,0.3880171075059451,0.3446066864466553,0.0
6949,AMGN,0.7492828251664245,0.3931758054890133,0.3488058912064277,0.0
6950,AMGN,0.7505328030073031,0.3973181923822815,0.3531933004941926,0.0
6951,AMGN,0.7517705261634675,0.4004036106129266,0.35746895800889184,0.0
6952,AMGN,0.7537108103943138,0.4028819662476483,0.36150455508321117,0.0
6953,AMGN,0.7544379216873742,0.406692618554935,0.36567874930200645,0.0
6954,AMGN,0.7557083215095552,0.4208552406421468,0.3725329428599796,0.05438720549381348
6955,AMGN,0.7569440022182667,0.4326546543739577,0.38094464174219095,0.029868565015637807
6956,AMGN,0.7578038686065787,0.44039700115492547,0.3895954738579513,0.03147632164983272
6957,AMGN,0.7579025541823912,0.4394281038190412,0.396275681439728,0.034281100592090684
6958,AMGN,0.7579536203551456,0.43817863385995376,0.4013097577001974,0.030293547513254318
6959,AMGN,0.759621286678354,0.4328696677532999,0.4040194550068319,0.04570619918591929
6960,AMGN,0.7622437946923446,0.4370802546171898,0.40723218400159467,0.08451417253304344
6961,AMGN,0.7645599360871178,0.44019298544041197,0.4105748756413424,0.0
6962,AMGN,0.7668393084413028,0.4404885435152675,0.4133223796928821,0.0
6963,AMGN,0.7688041468796825,0.4419896563334229,0.41589292472882244,0.0
6964,AMGN,0.7701950540934228,0.44271013062347897,0.418128165962495,0.0
6965,AMGN,0.7715103927460008,0.44515935831538256,0.4205242011242224,0.0
6966,AMGN,0.7730871621792659,0.4488924096371392,0.4233674870270149,0.0
6967,AMGN,0.7743289702303349,0.4517526049031513,0.4263519506562123,0.0
6968,AMGN,0.7787733358867923,0.4740513901301505,0.4342735689461582,0.0
6969,AMGN,0.7824987600399997,0.4919820023037407,0.44506083053501594,0.0
6970,AMGN,0.786581617483824,0.5087413000779797,0.4578499133765871,0.13437045949473522
6971,AMGN,0.7896126060126991,0.5094462922046067,0.4682561425366653,0.08654480082463491
6972,AMGN,0.7922065157732008,0.5042479955893531,0.4752910277941155,0.04901071955025031
6973,AMGN,0.7941958615864317,0.49456921087513583,0.478516883479824,0.05588959602036257
6974,AMGN,0.7953110423832506,0.4880236760851121,0.4794731163226229,0.049290581782745285
6975,AMGN,0.7965651081109004,0.4842851290496225,0.4793102809132693,0.04945294057632974
6976,AMGN,0.7970124046016243,0.47083193184593525,0.4758412373983303,0.11612681928041457
6977,AMGN,0.798127586395732,0.4598917282875242,0.4703508948217705,0.0
6978,AMGN,0.7992611397453788,0.4507888243742023,0.46369948865538513,0.0
6979,AMGN,0.7989884685226816,0.42448323586605025,0.4518499196005794,0.0
6980,AMGN,0.7998381261642429,0.424071292362578,0.4422680294212616,0.0
6981,AMGN,0.8011412076388842,0.4284504900836405,0.43568933377731134,0.0
6982,AMGN,0.8020031204638038,0.4252603640182784,0.429634661093078,0.0
6983,AMGN,0.8020827759144478,0.41602675598902394,0.4224993530748267,0.0
6984,AMGN,0.8021481342329251,0.4084832551680247,0.41491898265978333,0.0
6985,AMGN,0.803457348036368,0.4178505274585933,0.41117942860457507,0.05756437183154088
6986,AMGN,0.8043846201770539,0.4233222911997838,0.40954575170358387,0.029445693358241248
6987,AMGN,0.8060151908475941,0.43518804039988845,0.41118361716138996,0.034684095170749385
6988,AMGN,0.8057578424685894,0.4449959039652599,0.4149279964601479,0.041860424208522866
6989,AMGN,0.8062169453627144,0.4609607075989518,0.4218855982344236,0.03963823716697098
6990,AMGN,0.8058676823605517,0.4680831238465532,0.4292193001147788,0.03841183899918029
6991,AMGN,0.8063537858515155,0.4704336810908787,0.43566961605037224,0.06230795751582251
6992,AMGN,0.8072361216550261,0.47111123982612724,0.4409980233467245,0.0
6993,AMGN,0.8087516156701415,0.47303237937833564,0.44573753198654376,0.0
6994,AMGN,0.8095971869208638,0.4688175137353343,0.4484831058540417,0.0
6995,AMGN,0.8092029915706815,0.45416398714012757,0.44704289551815946,0.0
6996,AMGN,0.8097258616090106,0.4420889538464127,0.44289398075578656,0.0
6997,AMGN,0.8110289430836524,0.44071198871106254,0.43923311776048357,0.0
6998,AMGN,0.8122748360296259,0.43872240387287453,0.4358106580103466,0.0
6999,AMGN,0.8144623017389634,0.4279701502276304,0.43040422730610767,0.08141880125383909
7000,AMGN,0.8157694681085101,0.43050193900500655,0.42670741468655116,0.04879101626402389
7001,AMGN,0.8160227300966763,0.4260972270135454,0.42265681603429744,0.03940041583552333
7002,AMGN,0.817101148335285,0.4246776930260688,0.4190640413137055,0.033921202334589284
7003,AMGN,0.8195234860274065,0.43088657699649885,0.4177307242258943,0.025024538517556913
7004,AMGN,0.822180712656222,0.43772795893378186,0.4183619447422997,0.06782692517423226
7005,AMGN,0.8235062590582625,0.4441114721958059,0.42045116283161094,0.09123104201627458
7006,AMGN,0.8253526305579579,0.4523906979936769,0.4241772513793318,0.0
7007,AMGN,0.8260341104035525,0.45394758959200976,0.427544507026961,0.0
7008,AMGN,0.8265447222666564,0.45367876370428767,0.4301715951214452,0.0
7009,AMGN,0.8262571849585352,0.45330633837332907,0.43218083816618785,0.0
7010,AMGN,0.8264042406764651,0.45225917037900565,0.4335283495077546,0.0
7011,AMGN,0.8274377215806092,0.4576556145998965,0.4359456323456312,0.0
7012,AMGN,0.8287571426348705,0.4638542408076071,0.43941781556300435,0.0
7013,AMGN,0.8323130491346156,0.49356276095654106,0.44956853589381135,0.11170038733918036
7014,AMGN,0.8360057901394287,0.5123150674712424,0.46234300481690227,0.08955257223471136
7015,AMGN,0.8411854383746893,0.5307034212615236,0.4771261478897191,0.06036088331627071
7016,AMGN,0.8467408565509986,0.5475717605943318,0.4931389975339709,0.05557859889462334
7017,AMGN,0.8513118549467951,0.557378530714227,0.5083830928137809,0.04733418470555538
7018,AMGN,0.8563975515965336,0.5682019865583504,0.5232645026955063,0.0719439431198922
7019,AMGN,0.8610972127130112,0.5619774742646144,0.533624849320594,0.11758699300256467
7020,AMGN,0.8646061374362621,0.5540821500341437,0.5399536881140768,0.0
7021,AMGN,0.868584826569502,0.5450103991359877,0.5427653585080368,0.0
7022,AMGN,0.8716310492631503,0.5288316975364364,0.5409995119155286,0.0
7023,AMGN,0.8750725782069155,0.526422517070428,0.5389889312702844,0.0
7024,AMGN,0.8776685264257145,0.516583863903339,0.5349387385481529,0.0
7025,AMGN,0.8803114504372749,0.5094913913375266,0.529938395244999,0.0
7026,AMGN,0.8823743223642153,0.5004038750965729,0.5236828073649218,0.0
7027,AMGN,0.8888121132437203,0.5335403163050615,0.5269020422539406,0.1499189085548836
7028,AMGN,0.895629803837175,0.5610775374374586,0.5363115372741439,0.07844814545096342
7029,AMGN,0.9015569843495088,0.5719576291250251,0.5465393226663857,0.06878894060447428
7030,AMGN,0.9075086737326279,0.5786305872601955,0.5563776262395632,0.04586275316889888
7031,AMGN,0.9121654484390485,0.5750990678639917,0.563371826929337,0.05676348387142169
7032,AMGN,0.9156662013779124,0.5608800127954603,0.5654383439257465,0.06957171051937223
7033,AMGN,0.916342250986018,0.5439580859979508,0.5628919231564065,0.10562257473253896
7034,AMGN,0.9178781754593905,0.5345909460326741,0.5585300771042123,0.0
7035,AMGN,0.9186297946259461,0.5224958180304429,0.5520388667227236,0.0
7036,AMGN,0.9189362006380715,0.5109205944753195,0.5439731932449279,0.0
7037,AMGN,0.9206518555008123,0.5135917544240081,0.5381835751367423,0.0
7038,AMGN,0.9207621451700212,0.5025419732848837,0.5308095782416616,0.0
7039,AMGN,0.922767834552026,0.49974209578744844,0.5242155153062609,0.0
7040,AMGN,0.9243650284598162,0.49096892557777816,0.5167629652002776,0.0
7041,AMGN,0.9258723546796994,0.4809892125114415,0.5083241890757723,0.0
7042,AMGN,0.9282753758053648,0.47419185998344215,0.4998862210797069,0.0
7043,AMGN,0.9299583525061563,0.4722284451570643,0.49264857212605295,0.0
7044,AMGN,0.9292067278545115,0.4379065769666355,0.47834055196410663,0.09893314617216717
7045,AMGN,0.9278147156447867,0.40583442670841685,0.4589345632608898,0.06588073049143878
7046,AMGN,0.9263625300210303,0.3777281922538226,0.43643444912501866,0.045310944354733734
7047,AMGN,0.9205497325497638,0.3517783706843148,0.41199420689432087,0.03598437274623831
7048,AMGN,0.9151766646404886,0.33969100141827246,0.38944220511051464,0.03840128479808054
7049,AMGN,0.9104300187556507,0.32859740003023064,0.3686474260935529,0.04936833106418009
7050,AMGN,0.9049399190062668,0.3130561572034067,0.3481546226286118,0.07819027113742626
7051,AMGN,0.9001646823476066,0.30261964594558355,0.3291702769760087,0.0
7052,AMGN,0.8957448280551552,0.2898108582163189,0.31080395292761925,0.0
7053,AMGN,0.8919662952817409,0.28378699092325876,0.294615907898832,0.0
7054,AMGN,0.8879712680648146,0.28366000897800264,0.28163395786752177,0.0
7055,AMGN,0.8840579387459853,0.28251796022641523,0.27096496751903937,0.0
7056,AMGN,0.8799607891564385,0.28033743779758613,0.2618886195528105,0.0
7057,AMGN,0.8717869144518682,0.2503808801829301,0.24719301020915233,0.0
7058,AMGN,0.8656514047980322,0.23807563598309903,0.2323826431702866,0.14051106959792012
7059,AMGN,0.8588745611590487,0.2306018226388552,0.21867952037318725,0.07152881120996879
7060,AMGN,0.8534069253397751,0.2349196409700046,0.20878860567730206,0.03922117032017928
7061,AMGN,0.848329399477135,0.24219234781388355,0.20268079306273884,0.03136303989136209
7062,AMGN,0.8420488780487547,0.23905768954325632,0.19701659263730023,0.03931650993678033
7063,AMGN,0.835104557209184,0.2357044844262385,0.19165304364516322,0.06665452933540196
7064,AMGN,0.8311503819331727,0.2342466074210156,0.187000392794514,0.06568020067054357
7065,AMGN,0.8271094839194699,0.22933695528751014,0.18205980898777985,0.0
7066,AMGN,0.8239579929854801,0.23382064713080955,0.17922009148794327,0.0
7067,AMGN,0.8210332037458206,0.23741403737595482,0.17784011458341795,0.0
7068,AMGN,0.8172479362811731,0.2407813639956768,0.17757182634487842,0.0
7069,AMGN,0.8139800203573069,0.24833144219593378,0.1792309521092619,0.0
7070,AMGN,0.8108338377921158,0.24958431990797988,0.18086918825189657,0.0
7071,AMGN,0.8088444939734623,0.2651219125068772,0.18603585151447083,0.0
7072,AMGN,0.8078048902147601,0.2830186199822624,0.19461073471246076,0.0584813560037573
7073,AMGN,0.8059952772841195,0.29307989312902705,0.20396761865310867,0.033815132613536816
7074,AMGN,0.8041652403775998,0.3052358255382695,0.21446994960549284,0.0381395406108068
7075,AMGN,0.8022657597590532,0.3127453359900134,0.224735502737281,0.029970413056250374
7076,AMGN,0.8003193128219883,0.31650766767082394,0.233881669730109,0.02921103828712352
7077,AMGN,0.8012867846767167,0.32125558937854104,0.24237692866590177,0.03829627049713805
7078,AMGN,0.8010988830016057,0.3232551005978922,0.2496693686687143,0.04738607619429581
7079,AMGN,0.8012091781559021,0.3291352053179395,0.2569626278855763,0.0
7080,AMGN,0.8003493117675902,0.33265104270562634,0.26366978551276476,0.0
7081,AMGN,0.7996181170755583,0.3395267358070915,0.2707419010456794,0.0
7082,AMGN,0.8000858330543625,0.34750459245944326,0.27837951463399735,0.0
7083,AMGN,0.8007067365812519,0.3532232545899842,0.28590884636894687,0.0
7084,AMGN,0.8005801058364916,0.349719385675993,0.29106273180405146,0.0
7085,AMGN,0.8009926802218796,0.3475273896686848,0.2946418369854977,0.0
7086,AMGN,0.800951831272831,0.3480535477331873,0.2976357015022826,0.0
7087,AMGN,0.8011805853875016,0.35006279704427257,0.300529442741052,0.0
7088,AMGN,0.8015666064600748,0.35254922814015555,0.3034615109389915,0.0468800022515629
7089,AMGN,0.8019873501366286,0.3584984102413246,0.30728361613463817,0.03734480926799579
7090,AMGN,0.8029207109248664,0.36260019360768736,0.31135926890639143,0.03328196955464789
7091,AMGN,0.802271209643131,0.3625354867604538,0.31460373236744554,0.035259826840740624
7092,AMGN,0.8016219123069552,0.3671001761918668,0.31833215442667706,0.04639556442108448
7093,AMGN,0.8014952815621941,0.37122162672751696,0.32233774162992734,0.050619707507906855
7094,AMGN,0.8010949698398306,0.3749724291017947,0.32647307457030494,0.06436057372637179
7095,AMGN,0.8009846821652,0.37813376532529547,0.33056591211281733,0.0
7096,AMGN,0.801252237296378,0.3816940129289929,0.33472375399822085,0.0
7097,AMGN,0.8014367058048131,0.38467219792838553,0.33878914476090904,0.0
7098,AMGN,0.8016654539357502,0.38502534307220754,0.3421290999013751,0.0
7099,AMGN,0.8005175984674922,0.3745213265142291,0.34219420786487686,0.0
7100,AMGN,0.8004277307795862,0.3757430355695643,0.3425494944206221,0.0
7101,AMGN,0.7998190814387662,0.3749071839217757,0.342626284444654,0.0
7102,AMGN,0.7982872458494539,0.3667895265335874,0.3406730999636081,0.0
7103,AMGN,0.7984588114354572,0.3774844429057706,0.34176478548594513,0.0
7104,AMGN,0.8004340665553018,0.39645770135205066,0.3473468617672753,0.04656020995824054
7105,AMGN,0.8019413937724735,0.40645188470931476,0.35429285002659533,0.028364063648868766
7106,AMGN,0.8038081872534715,0.419611788576915,0.3631156271380185,0.019030280002955178
7107,AMGN,0.8055197612104625,0.42908120897705576,0.3725239419234595,0.028866091814513432
7108,AMGN,0.8076296129193192,0.440675397468846,0.3829280055870055,0.022230313776398697
7109,AMGN,0.8091512387645916,0.44660699248151675,0.392723342442883,0.03858897367430439
7110,AMGN,0.810649203933199,0.44944357395949586,0.4012635864336063,0.06888551154453697
7111,AMGN,0.8125160038965737,0.45125355127011296,0.4085449765084908,0.0
7112,AMGN,0.8152057042431364,0.464878151411353,0.4177514020362568,0.0
7113,AMGN,0.8172644947656829,0.46838834009883834,0.42598769083425153,0.0
7114,AMGN,0.819302853334039,0.47033933560923624,0.4330609142398839,0.0
7115,AMGN,0.8209123019265432,0.4665201622992218,0.4377716616874815,0.0
7116,AMGN,0.8217987241208915,0.4560459549545589,0.4389408014601814,0.0
7117,AMGN,0.8232202675477733,0.45277504818154846,0.4390643491891911,0.0
7118,AMGN,0.8244498209141278,0.44544911603317006,0.4373450589296456,0.0
7119,AMGN,0.8269702010704099,0.4417337711052539,0.4350475632697045,0.0
7120,AMGN,0.8289309506247293,0.4416581985911896,0.4331908113759459,0.0
7121,AMGN,0.8310898180805775,0.44112580992935674,0.4315732831978642,0.05372123540441939
7122,AMGN,0.8337531650707288,0.43776484722153297,0.4294451467473851,0.0269636970662839
7123,AMGN,0.8347110749204893,0.43354992915699186,0.42669659153281975,0.026465538774375807
7124,AMGN,0.8344208389488883,0.4271553024074941,0.42291074757212,0.02223576678030023
7125,AMGN,0.8352725360460354,0.4288617069402486,0.4203055628963749,0.02316998948097957
7126,AMGN,0.8359097786539005,0.4330311583793996,0.419256177435672,0.04757464458727797
7127,AMGN,0.8367104145647368,0.43701187844167005,0.41940459254514173,0.0728183586810063
7128,AMGN,0.837024949477831,0.43913397781444297,0.4200499810567524,0.0
7129,AMGN,0.8375947903224779,0.4403308220074375,0.4208633211620752,0.0
7130,AMGN,0.8382851410519052,0.44078911192347875,0.42162773029910783,0.0
7131,AMGN,0.839580052736737,0.4471541479217834,0.42381891365158003,0.0
7132,AMGN,0.8392941100933986,0.4478688131231963,0.42574922385582603,0.0
7133,AMGN,0.839257346039255,0.44406300256598363,0.42634895707127446,0.0
7134,AMGN,0.8398700802749803,0.44734881939597726,0.4276442080671757,0.0
7135,AMGN,0.839281855408684,0.43228324384370237,0.4249414783273775,0.04119445411912879
7136,AMGN,0.8388447666674232,0.4149678155463129,0.41848200211618347,0.020824670093263956
7137,AMGN,0.8377663579030576,0.4001010783887577,0.4096248377427366,0.016525064468578383
7138,AMGN,0.8368411321989795,0.38589166324508895,0.3990126550969655,0.021306645276819105
7139,AMGN,0.835783144917273,0.37607417292644774,0.3880864329083271,0.030999623566827443
7140,AMGN,0.8353052176984956,0.3780296213823573,0.37983075264366384,0.038981238148511684
7141,AMGN,0.8346250792063303,0.37769978884522737,0.37314435155625436,0.048097429348418805
7142,AMGN,0.8341063020412163,0.37690711510773744,0.36759850723342485,0.0
7143,AMGN,0.8341655310227583,0.3814401006730776,0.36428681489266934,0.0
7144,AMGN,0.8352950044639447,0.3936808684084077,0.3646753390033693,0.0
7145,AMGN,0.8345331740574156,0.39059842029343056,0.36422116532207327,0.0
7146,AMGN,0.8329604940068549,0.38297576952575063,0.36196605917401076,0.0
7147,AMGN,0.83146542297033,0.37909937917271336,0.35919994302003644,0.0
7148,AMGN,0.8303992654001688,0.3802092328840011,0.35726249034922597,0.0
7149,AMGN,0.8279238190878404,0.3665525417329807,0.3523232504916444,0.0
7150,AMGN,0.8262857822147356,0.36496806781041863,0.3479786284954629,0.05977952273902627
7151,AMGN,0.8231608331247391,0.3550532973638039,0.34204231212847486,0.03308038431364271
7152,AMGN,0.8206894717073152,0.3508949768170319,0.33626125918735034,0.027474696302863356
7153,AMGN,0.8184141837493906,0.346426064970475,0.33052733534532164,0.03280228111466436
7154,AMGN,0.81583048273564,0.34708103977343024,0.3261027460052235,0.025549785925621026
7155,AMGN,0.8150441454529034,0.3498856227533288,0.32325910774537503,0.04120113844649196
7156,AMGN,0.8151299372215042,0.3566268192110632,0.32265720758446137,0.055309290863228104
7157,AMGN,0.8153341784762351,0.3625109290390168,0.32363598864632426,0.0
7158,AMGN,0.8173990898587613,0.38443815674376763,0.3298608488217888,0.0
7159,AMGN,0.8148582847293113,0.3548036472240197,0.32748613094703055,0.0
7160,AMGN,0.8142945637473562,0.3621427508566665,0.3274077539504712,0.0
7161,AMGN,0.8145274057487981,0.3745387843830588,0.3304214637470484,0.0
7162,AMGN,0.8145478302233222,0.38153203888829723,0.3345679970612851,0.0
7163,AMGN,0.8138125491404526,0.3842126516589469,0.3385504903604695,0.0
7164,AMGN,0.8125462317199545,0.3894193561218886,0.3430286697055109,0.0
7165,AMGN,0.8122153552326625,0.3906530676107648,0.3469173920953868,0.0
7166,AMGN,0.8109367831274499,0.37650468290602135,0.34651706521634656,0.0
7167,AMGN,0.8097072237773628,0.36810163650281996,0.344111360200671,0.20392106161190796
7168,AMGN,0.8080446720497405,0.36126401782554135,0.3404898559563522,0.11272502436261421
7169,AMGN,0.80837554604381,0.362434811401039,0.3378832166907706,0.03733355145348939
7170,AMGN,0.8076034949230637,0.3609848321649735,0.33543805366664714,0.020878144712169346
7171,AMGN,0.8077628118080846,0.36095686537393185,0.333474982530834,0.023976154541648635
7172,AMGN,0.8074237710160723,0.35926776665851284,0.33148533003656766,0.048207368943207846
7173,AMGN,0.8087186881859925,0.3737185616759327,0.3334799641402053,0.17351933353738122
7174,AMGN,0.8096847708174297,0.3854481775838141,0.3379866932388732,0.0
7175,AMGN,0.8103444763581158,0.3932895343833312,0.3435381215450106,0.0
7176,AMGN,0.8106413216816946,0.39968913746456797,0.349567498990444,0.0
7177,AMGN,0.8109313492199379,0.4047436088983272,0.35564540490394936,0.0
7178,AMGN,0.8097875786465849,0.41055137024872385,0.3619490828831886,0.0
7179,AMGN,0.8136682288061761,0.4205127470919626,0.36946421067600743,0.0
7180,AMGN,0.8148405936438632,0.4298144392462998,0.3777847797004278,0.0
7181,AMGN,0.8150448383891047,0.4328567014703954,0.38519625467279733,0.0
7182,AMGN,0.8155350257776846,0.43484600688700703,0.39161913465855686,0.0
7183,AMGN,0.8159639397426917,0.4323580595969624,0.3961399871556021,0.0
7184,AMGN,0.8160456336516333,0.42933699869907593,0.399006911083618,0.05051557272372268
7185,AMGN,0.816535816053769,0.4279396798816506,0.4009536677232584,0.0313123797260833
7186,AMGN,0.8181330149480024,0.42287720334915835,0.40125468239579004,0.018412507431916608
7187,AMGN,0.8190255759535296,0.41369836573875124,0.39921751702552494,0.01894989217124543
7188,AMGN,0.8197853604220957,0.40434533564587744,0.3952665770395111,0.02306726192360869
7189,AMGN,0.8201652526563787,0.3990832140233345,0.39079988707620084,0.026824733418470557
7190,AMGN,0.8207575674040233,0.39439611050890033,0.38606330344559137,0.07005632425320232
7191,AMGN,0.8207943299622338,0.38564372592588547,0.38010189529955307,0.0
7192,AMGN,0.8206268437860471,0.37470281523034904,0.3726174855228875,0.0
7193,AMGN,0.818988796940054,0.3663566642691829,0.3645586343337338,0.0
7194,AMGN,0.817754791038253,0.3645329554811582,0.3576589506621494,0.0
7195,AMGN,0.8160432200731282,0.35700174360769776,0.3502701295595458,0.0
7196,AMGN,0.8148272694068073,0.3569518046314277,0.3443466789681956,0.0
7197,AMGN,0.813928592527744,0.3607568665426116,0.34055224764627906,0.0
7198,AMGN,0.8129482177505842,0.3652329918174072,0.338627574285426,0.0
7199,AMGN,0.80987637678215,0.35280441166273835,0.3340033468757766,0.0
7200,AMGN,0.8086468234157955,0.36459403728169093,0.33322987979863006,0.0
7201,AMGN,0.8057955622844228,0.35337629700182027,0.32982712011941107,0.060697738234704326
7202,AMGN,0.8034937200163945,0.35084233477741383,0.3264760410324655,0.06497641136054207
7203,AMGN,0.8003728642982577,0.33720628246775824,0.3204110221293432,0.02247200498158292
7204,AMGN,0.797139678956682,0.32536106645882823,0.312619295895658,0.03213296886158869
7205,AMGN,0.7923276732574336,0.3017309788207971,0.30052146877826524,0.051415318367476176
7206,AMGN,0.7877096900932772,0.2827161529088328,0.2861241631286686,0.04754051933705545
7207,AMGN,0.784664393960703,0.280643317650361,0.2740918884089514,0.08515885831688637
7208,AMGN,0.7798442234580887,0.25982035046796687,0.25929828545828026,0.0
7209,AMGN,0.7765926525989304,0.26361614512888043,0.248405432329803,0.0
7210,AMGN,0.7732389488956191,0.26650184023300605,0.24040731320932693,0.0
7211,AMGN,0.7703795224622363,0.2703069623664869,0.23495316200990343,0.0
7212,AMGN,0.7675160111339485,0.2704762317866503,0.23063184984065294,0.0
7213,AMGN,0.7648649143407122,0.27424287643814077,0.22810959497311592,0.0
7214,AMGN,0.7620671289714438,0.28142557328320794,0.22787437180263032,0.0
7215,AMGN,0.7599062195667874,0.2885553252985842,0.22945563429659627,0.0
7216,AMGN,0.7571693399805492,0.29475101956805344,0.23225827359897183,0.0
7217,AMGN,0.7548736260521673,0.30876994135590274,0.23797956010323815,0.044468015493567215
7218,AMGN,0.7518262929572286,0.3139837857582372,0.2438505459816489,0.03285135814977819
7219,AMGN,0.7505599775313083,0.32133506076152774,0.2503717526428406,0.02613448866654705
7220,AMGN,0.7471919811836298,0.3270104683552025,0.256997224051469,0.022189504198813003
7221,AMGN,0.7455539468037466,0.3295148128683178,0.2629191220848623,0.029441999387856337
7222,AMGN,0.7430274403023964,0.32871607148816195,0.2674584112088408,0.031724697182380114
7223,AMGN,0.7418468996911671,0.3307617020817948,0.2715975211338041,0.059510918321037685
7224,AMGN,0.7406929118941079,0.33155371670955125,0.2751053689507481,0.0
7225,AMGN,0.7408889913373398,0.33186692336117346,0.2779893779162783,0.0
7226,AMGN,0.7406541143681111,0.3267626646617462,0.2790298250733707,0.0
7227,AMGN,0.7401435040009403,0.33220409368830317,0.2812126207613449,0.0
7228,AMGN,0.7416753395902522,0.3380314524792551,0.2844050741957154,0.0
7229,AMGN,0.7415813870074417,0.3448206925274926,0.28864397070814063,0.0
7230,AMGN,0.7415119437940589,0.3493824798706338,0.2931672189766783,0.0
7231,AMGN,0.7415977265870608,0.35517892300797166,0.29822436191888513,0.0
7232,AMGN,0.7420634046062116,0.3599123697361329,0.30344480925603373,0.0
7233,AMGN,0.7429457419056553,0.3705912612123399,0.310271423221049,0.0
7234,AMGN,0.7430110947390443,0.3735512175430779,0.3164673077096829,0.04712661875059367
7235,AMGN,0.7430814375069197,0.3763748519167907,0.32212477663209094,0.026366856994093166
7236,AMGN,0.7431753935802416,0.37844285619613166,0.32716398303176714,0.025894028784824465
7237,AMGN,0.7422358727385738,0.37747064888832904,0.33095406858151377,0.01973266208614339
7238,AMGN,0.7417170955734598,0.37455462846784937,0.3332624475905678,0.03572755385281111
7239,AMGN,0.7414760882700082,0.37774974709012893,0.33590210600507747,0.02271844557726203
7240,AMGN,0.741081897407625,0.37792470304580816,0.33805725279474835,0.0467042748032521
7241,AMGN,0.7409838559407542,0.3786351496474943,0.339957686788995,0.0
7242,AMGN,0.7413188203148167,0.3803975749113051,0.34191542753861337,0.0
7243,AMGN,0.7414740483157778,0.3819819838668329,0.3438748341250955,0.0
7244,AMGN,0.7417804154336403,0.3834088654132393,0.34579647868878427,0.0
7245,AMGN,0.7421439710801705,0.3842263522275053,0.3475366758295566,0.0
7246,AMGN,0.743083496908282,0.3849413892621932,0.3491062893449389,0.0
7247,AMGN,0.7430426479592329,0.3840307615066443,0.3501359832206651,0.0
7248,AMGN,0.7429119313222787,0.3833513902094826,0.35079113393704714,0.0
7249,AMGN,0.7424462533031275,0.3810247859857064,0.35073784466952057,0.0
7250,AMGN,0.7430916666980911,0.3896467203133573,0.3528349797336973,0.0
7251,AMGN,0.7436002306286542,0.39673478533401385,0.3562717830588044,0.04223896822130049
7252,AMGN,0.744208881964052,0.40305287718758487,0.3605892313010122,0.030714660137134253
7253,AMGN,0.7440536594481792,0.40649652958866433,0.3648978254893415,0.01622989864448877
7254,AMGN,0.7445990018935738,0.41070201666066747,0.3693884063380054,0.03052749897096539
7255,AMGN,0.7447349448224592,0.40979847339738873,0.3727566322889558,0.02078122196540333
7256,AMGN,0.7452353469415232,0.4123752953394773,0.3760907211928346,0.022177366867548294
7257,AMGN,0.7457745560608275,0.4118207081074205,0.3786203564765431,0.05084503970138647
7258,AMGN,0.7453374693141437,0.398634739397121,0.37737160950301263,0.0
7259,AMGN,0.7448105143809101,0.39256974967864755,0.37486742049068533,0.0
7260,AMGN,0.7449371451256708,0.3921529912468592,0.37276063939050447,0.0
7261,AMGN,0.7446266931129037,0.38766866211914164,0.36996230680542347,0.0
