,Ticker,MA20,MACD,Signal_Line,Volume
0,CAT,0.052293528201623585,0.3810651372867683,0.3829591468714395,0.0
1,CAT,0.0518546498737652,0.3815648906366565,0.38233300092624306,0.0
2,CAT,0.05154287838402982,0.38467697556594327,0.38251942761011953,0.0
3,CAT,0.0499600385130653,0.35740528937780786,0.3766452710633659,0.1399837514246211
4,CAT,0.048381993370033016,0.3387844489797337,0.36783329697917766,0.09620026689356079
5,CAT,0.04681114397832686,0.3251039141349977,0.3577621980247549,0.06766080800777846
6,CAT,0.04527267319874173,0.322173861770259,0.3490581796225328,0.04010050355567323
7,CAT,0.04413710535705906,0.32247568150594574,0.3421616256186053,0.04738718800493861
8,CAT,0.043198480569981546,0.33028044001061463,0.3383681623511414,0.06070647074450407
9,CAT,0.04262529716426389,0.3384504291372116,0.33713783748942666,0.10277411631533188
10,CAT,0.0420413235714191,0.3442639134773853,0.33743755937296627,0.0
11,CAT,0.0416360215130257,0.35081443763501435,0.3391241032473083,0.0
12,CAT,0.04105324967608259,0.3548682273585968,0.34136866923815923,0.0
13,CAT,0.04051844165907503,0.3598192419348294,0.34425781641412606,0.0
14,CAT,0.039976438915381274,0.36411698908194656,0.34751834613838195,0.0
15,CAT,0.0393480994514529,0.36610420967260826,0.3505656727973441,0.0
16,CAT,0.03874374240981193,0.36745835724452647,0.3533026147960071,0.0
17,CAT,0.03824250978400656,0.37185052818679243,0.3564622350715448,0.0
18,CAT,0.03771489649368498,0.3754733416235615,0.3597900756025608,0.0
19,CAT,0.03719207968782079,0.37780219668524323,0.3629667052142139,0.0
20,CAT,0.037376745364073094,0.39473833534556213,0.3692485699975223,0.11432787363828745
21,CAT,0.03720287236335851,0.4008042820870236,0.3756138031214261,0.06906594099413103
22,CAT,0.03715970575976624,0.4107827180262107,0.38290985379535103,0.032100763250218566
23,CAT,0.03880250315022005,0.423737724408651,0.3916079718557971,0.07436980459089607
24,CAT,0.04030423693985419,0.432937072764616,0.40059825910182223,0.055089913715604
25,CAT,0.041318692377969035,0.429822511262891,0.4071025984761651,0.08372212065329078
26,CAT,0.04187388603942932,0.42440377873394164,0.4111092741485012,0.0905709018003501
27,CAT,0.042287032545567205,0.4186297364150685,0.41303934418426863,0.0
28,CAT,0.04229662624636765,0.41216621649043417,0.41315584983406234,0.0
29,CAT,0.04224626491608918,0.4069743978484682,0.4121023753375835,0.0
30,CAT,0.042138344015796414,0.40033847786091925,0.40979396862042494,0.0
31,CAT,0.042116759835737594,0.3982958912950613,0.40749611208908376,0.0
32,CAT,0.042164724680312626,0.39652586410174784,0.4052668939018169,0.0
33,CAT,0.042095175655678996,0.39398970601493444,0.4029233766619841,0.0
34,CAT,0.042095175655678996,0.39348180412248174,0.40093638629335643,0.0
35,CAT,0.041379946751627705,0.37646004904767294,0.39558732343310243,0.11835755566484121
36,CAT,0.040719206865391544,0.36393895398975185,0.38854263044469894,0.08584008866713762
37,CAT,0.039517685898648014,0.3462275238747304,0.37899508200600207,0.11198863527203998
38,CAT,0.03856798036592124,0.3380738917150818,0.36955621014646167,0.06848670732711819
39,CAT,0.03744080534739924,0.32790297104518273,0.35975873578917245,0.053889709758221285
40,CAT,0.035670901411576916,0.32221655639072233,0.3506648394826681,0.06219861023669082
41,CAT,0.03426193410219558,0.3189086036110149,0.3426591190976662,0.11988193614649952
42,CAT,0.03254239266766812,0.31600206211884324,0.3356125962254727,0.0
43,CAT,0.030657372812112116,0.3164926602008813,0.3300837327384135,0.0
44,CAT,0.028865453469326563,0.31908932881473917,0.3262341491563878,0.0
45,CAT,0.02756320969564896,0.32230661521194265,0.32386506080969407,0.0
46,CAT,0.026294538385632005,0.32377381559541724,0.32229383995157945,0.0
47,CAT,0.0252614475807601,0.32945228228031187,0.32229102467584536,0.0
48,CAT,0.024472425887506533,0.33806550851562767,0.32419111274637813,0.0
49,CAT,0.02381530751683336,0.34827998387778586,0.3279671796788304,0.0
50,CAT,0.02350593426932679,0.3616322864995262,0.3339370586610935,0.0
51,CAT,0.023127010972547102,0.3742412867149154,0.3414978195163946,0.11950343576325131
52,CAT,0.022694130006785662,0.38309978093863367,0.349502939038739,0.07328001498101867
53,CAT,0.022360775800762345,0.391118489749262,0.35767806823177745,0.05694045817979298
54,CAT,0.02197945616465613,0.39791293286538804,0.3657188105503322,0.03917986872617396
55,CAT,0.022680295029826936,0.4091199052711675,0.37462660644521656,0.04681413754138606
56,CAT,0.02347054102105417,0.4202068687613306,0.3842015397095831,0.05193581746476733
57,CAT,0.024696042946314445,0.42942362998499156,0.3938971249714944,0.09814532603921432
58,CAT,0.02564574847904122,0.43567039695534854,0.4030332709199203,0.0
59,CAT,0.02681609185767997,0.4402689109693554,0.41135782784056196,0.0
60,CAT,0.027921681671503662,0.4435236539889114,0.4187363246662654,0.0
61,CAT,0.029020077051394977,0.44568849388723686,0.4251172544839609,0.0
62,CAT,0.03020480871238973,0.4474246811587739,0.4306054573242557,0.0
63,CAT,0.031579001509454474,0.4540044420876231,0.4364492432758564,0.0
64,CAT,0.0328500698906834,0.457655068005379,0.44193055908700907,0.0
65,CAT,0.03418828905431692,0.4615187918202066,0.4471689641599706,0.0
66,CAT,0.03572556232293567,0.4660553568326062,0.4523616461572813,0.0
67,CAT,0.03659075045626914,0.4585072786713975,0.45484870292983975,0.14811245568796197
68,CAT,0.03730542488390698,0.45214959846642344,0.4554341740139547,0.05678764472284563
69,CAT,0.03784982586982932,0.4457852115713273,0.4544968952897127,0.04423772915669717
70,CAT,0.03812322621579056,0.4393880928323578,0.45233418747579296,0.044235300041052056
71,CAT,0.03849135727616371,0.4376124921479229,0.4502118572862375,0.05197556662986924
72,CAT,0.03876475674386237,0.43250410409562373,0.4473857408225013,0.03825437566538446
73,CAT,0.039114898059978365,0.43061680027430993,0.4447080126581217,0.0650910244839399
74,CAT,0.03932834074007319,0.4263504630331284,0.44162355541936277,0.0
75,CAT,0.03926598702763451,0.4228184245614269,0.43837589412047795,0.0
76,CAT,0.0392587912763086,0.42335141059383763,0.4358954818086867,0.0
77,CAT,0.0391148982063555,0.42141404213451655,0.43348325955538297,0.0
78,CAT,0.038947021250344105,0.41851314254829997,0.4309127812750576,0.0
79,CAT,0.0388271091389073,0.4171400514181793,0.4285531340541357,0.0
80,CAT,0.038505744680256915,0.41178041075750715,0.42548167163907474,0.0
81,CAT,0.038330672997559545,0.4106073657395261,0.4227654198322398,0.0
82,CAT,0.037829440371754175,0.4033292344289829,0.4189849507482998,0.0
83,CAT,0.03740015325628565,0.4048487393595038,0.41629617742319747,0.08870887424402056
84,CAT,0.03702962629571693,0.406319834440273,0.414470068775666,0.04978671260492399
85,CAT,0.036505611393378046,0.4058614497810089,0.41290794179006035,0.04992163893757548
86,CAT,0.03578733901688891,0.403596646689217,0.4111580297049208,0.04654207658913297
87,CAT,0.03551931158836241,0.4008171722818858,0.4091442178504197,0.05336700823713115
88,CAT,0.03519555108313954,0.39769123712216875,0.4068427659276751,0.06085288016929611
89,CAT,0.03494853242633422,0.3960791659465697,0.404645558017805,0.12178172540967587
90,CAT,0.03475907055837879,0.395171615766453,0.4026873477184304,0.0
91,CAT,0.03443890536721994,0.39547628905749665,0.4011880704406849,0.0
92,CAT,0.03429141186000473,0.39607733824457836,0.4001213979570397,0.0
93,CAT,0.03409715482498543,0.39810355617943927,0.39971557590791146,0.0
94,CAT,0.033900498962229464,0.3972238852668285,0.39919663178706666,0.0
95,CAT,0.03374461321736166,0.39752701360220893,0.39884842622908573,0.0
96,CAT,0.03327935422498729,0.39490397567682284,0.39799053057807776,0.0
97,CAT,0.03290762667953351,0.39276782549944717,0.39683241818900045,0.0
98,CAT,0.032564678040824524,0.39063754534906936,0.3954354288794038,0.0
99,CAT,0.0328452723815863,0.4031838820582087,0.3970888550708423,0.0
100,CAT,0.03258865958484913,0.39769052929785337,0.39719831937203287,0.12155692179815505
101,CAT,0.03231765806662523,0.3962733540504777,0.3969728896797274,0.05963059334241234
102,CAT,0.03226009893574189,0.39341659262867684,0.3961615939217981,0.04384862899608846
103,CAT,0.031403928362986,0.3818657327423913,0.39296140336240193,0.04849044816521166
104,CAT,0.030611307403487165,0.3746831444801046,0.38881488517078666,0.05749032163036942
105,CAT,0.030365485379385437,0.37920357671166194,0.3864960654271083,0.060131432822696416
106,CAT,0.03022278967402181,0.38329305767096356,0.3855442233857705,0.08680952663823423
107,CAT,0.030026135421413636,0.38459860399960955,0.38507109622300706,0.0
108,CAT,0.03006450685794204,0.3897572124088829,0.3858319386078777,0.0
109,CAT,0.029999754025011982,0.3925766312893261,0.38706331694583085,0.0
110,CAT,0.029994957540554368,0.3964307745446628,0.38889965605211957,0.0
111,CAT,0.029949390938208587,0.3996019010031491,0.3910691108479749,0.0
112,CAT,0.029659203628531583,0.39730251767193214,0.3922968267034035,0.0
113,CAT,0.029481733703605406,0.39939199246543666,0.39374048640531306,0.0
114,CAT,0.02872628740155425,0.38649905670639756,0.3920478457302103,0.0
115,CAT,0.027637390430978015,0.37056139454717774,0.3871736982992029,0.15059434939118632
116,CAT,0.026764431137981215,0.3600226958117806,0.3809467750329298,0.09444777036995652
117,CAT,0.026005389082734864,0.3544569736011794,0.3747359760567043,0.07856135405089262
118,CAT,0.025295510261292065,0.35110112442026975,0.3690261550080526,0.06054416165367126
119,CAT,0.023775025127405924,0.3462404116080614,0.3633847480760994,0.0489466802491036
120,CAT,0.023096322137542757,0.3453052612084516,0.35866508270041597,0.06888243234857722
121,CAT,0.02235766309196141,0.346806502974644,0.35522091869037,0.1063431496840935
122,CAT,0.021719731976512002,0.348899688227265,0.35292789400187086,0.0
123,CAT,0.021554253116352284,0.3515827575702734,0.3516860641559026,0.0
124,CAT,0.021374385388328476,0.355597271754706,0.35157925666939044,0.0
125,CAT,0.020642922679581344,0.3576096538455045,0.3519382707962704,0.0
126,CAT,0.02024001710689116,0.3668291239376778,0.354261719036171,0.0
127,CAT,0.019935440343842203,0.3743912179191913,0.35779066202511633,0.0
128,CAT,0.019338278028887435,0.37846894394052377,0.3615144339426907,0.0
129,CAT,0.018805868254108238,0.3819199507268772,0.3652556501088599,0.0
130,CAT,0.018206307696924884,0.3849905873286482,0.36892681209283706,0.0
131,CAT,0.01766670319545971,0.3889280350661517,0.3727333769677255,0.0
132,CAT,0.017369322183736213,0.3923999281044068,0.3765454404934649,0.08530126665131171
133,CAT,0.01662826489592628,0.38981832387036475,0.37902491126584076,0.05604477699282991
134,CAT,0.016366857810388047,0.38337330717751716,0.3795850241784141,0.042303932274489184
135,CAT,0.01633817521976788,0.37737428700898734,0.3787081547939533,0.055505954977004
136,CAT,0.016107942355661486,0.3703432400742649,0.3764537633671021,0.048781721213930665
137,CAT,0.015869314765491915,0.36723307374159386,0.3739633305319916,0.054445535583563014
138,CAT,0.01578297789888039,0.36883005581536377,0.3723236980160014,0.09087277462642962
139,CAT,0.015828544062094996,0.37039729712570546,0.3713581371303797,0.0
140,CAT,0.015718226236966948,0.3709735387037869,0.3707129586852487,0.0
141,CAT,0.015523969201947874,0.37161665807440425,0.3703388570014785,0.0
142,CAT,0.015380074668223664,0.3738046142975187,0.37052281354520433,0.0
143,CAT,0.015346499277021475,0.37857776294604845,0.3717241892167312,0.0
144,CAT,0.015135453960893108,0.3802227387604123,0.3730486035325635,0.0
145,CAT,0.01511866626529168,0.3841473883542351,0.37497494364053274,0.0
146,CAT,0.014933593912500265,0.39105469037198487,0.37804158101131025,0.0
147,CAT,0.014621822422765107,0.39388808911759177,0.38112068296857465,0.0
148,CAT,0.014494715877396147,0.3978882228446838,0.3844674448181984,0.06363488006903988
149,CAT,0.014643455931902527,0.4068072651186742,0.38911473794108403,0.056178820010701354
150,CAT,0.014770563794665237,0.4134274275523667,0.3942947193036809,0.03993179043268512
151,CAT,0.014981607939776986,0.4215714606675814,0.4002374174315938,0.0576645554707328
152,CAT,0.014962421562815797,0.4231678619914178,0.4053441614200315,0.033339391400533123
153,CAT,0.015314963463194053,0.4265150439874634,0.4101688242207141,0.03549313366297169
154,CAT,0.015837778512533096,0.42784630140348673,0.41432257955141394,0.07603949035387135
155,CAT,0.016389372907748112,0.4280329055766809,0.4176867977150936,0.0
156,CAT,0.017140023457227316,0.4294202421606725,0.42068458313192014,0.0
157,CAT,0.01770121301701366,0.42828304535771927,0.4228316471236948,0.0
158,CAT,0.0180801345572682,0.42693062745939014,0.4242505996659779,0.0
159,CAT,0.018504623431754186,0.42647483931661123,0.42528509510583196,0.0
160,CAT,0.018969882424128337,0.4256768949388331,0.42593645531826535,0.0
161,CAT,0.01923129082706032,0.42037062812106224,0.4252855871402538,0.0
162,CAT,0.019519079894508518,0.41789169873710885,0.4242173895929194,0.0
163,CAT,0.019643788490402714,0.4151065628524198,0.42274769895956,0.0
164,CAT,0.019433940685240514,0.4034395650509177,0.41899514196778825,0.10310337189959272
165,CAT,0.0193332149507649,0.3989447184086659,0.41500035246676265,0.07182364973742364
166,CAT,0.01894270960779154,0.39304635000420596,0.41050179137049864,0.052587262115048654
167,CAT,0.018556590998817346,0.38591556228070745,0.4053280175555802,0.0573651117602984
168,CAT,0.01795223293253667,0.3776505659766787,0.39936356921088567,0.05426335191017925
169,CAT,0.017063636175105423,0.37126573856198253,0.3931818403955112,0.05108562698897645
170,CAT,0.016029994360029387,0.3632772007903404,0.3864720874247925,0.11039226463580822
171,CAT,0.014902821683541068,0.3585974964950129,0.3800707129826159,0.0
172,CAT,0.01401307323117218,0.3558136622689358,0.3743347683212016,0.0
173,CAT,0.013060971212741967,0.3551968207147816,0.3696097753088912,0.0
174,CAT,0.012077692338091972,0.3535852112843465,0.36547383650964615,0.0
175,CAT,0.011192740955689229,0.3543621055383621,0.3623366724228015,0.0
176,CAT,0.010358152660089881,0.35810131148478014,0.36065279222635355,0.0
177,CAT,0.009643476475927115,0.36211911324869994,0.36019307056309735,0.0
178,CAT,0.00903672119205734,0.36780916989158957,0.3610820144325164,0.0
179,CAT,0.008884432517778706,0.3830182717732858,0.3651522926383527,0.11362961330466388
180,CAT,0.008850258444281445,0.3974507656405949,0.37159611458042496,0.05116225454614513
181,CAT,0.009198269095487821,0.4123656326522602,0.3800453097403438,0.05926158859304959
182,CAT,0.009745645488501542,0.42997655326604356,0.39069426111772826,0.0927378937844893
183,CAT,0.010148549158289444,0.43978201918907517,0.40137908377187814,0.05123137392768346
184,CAT,0.010939490440690203,0.4457870459445887,0.4112532282406592,0.06269613728654974
185,CAT,0.011543848506970877,0.4507658106163688,0.4202521671596406,0.11597967227696689
186,CAT,0.012287303158747043,0.45459875584167236,0.42829787287687704,0.0
187,CAT,0.01320822978472902,0.45809023699073775,0.435505575359284,0.0
188,CAT,0.014294634246231008,0.4607744774404248,0.44186458590380856,0.0
189,CAT,0.015303094078773838,0.4603960447683327,0.44686821268257526,0.0
190,CAT,0.016475832918476985,0.459522101537538,0.4506780926552434,0.0
191,CAT,0.017552643679178748,0.45732004372962687,0.453239644228725,0.0
192,CAT,0.01884529624046649,0.45985164840492715,0.4558480224988273,0.0
193,CAT,0.020111568137238023,0.4616637912365906,0.45833495985015893,0.0
194,CAT,0.02109005096656158,0.4547428585724511,0.4587959339456331,0.0
195,CAT,0.02266195573708052,0.4625773437547203,0.4608950586715846,0.09284830813199461
196,CAT,0.024087710302931886,0.4675662214238542,0.46367621538007275,0.09990157665063376
197,CAT,0.02522567799699138,0.46531661825892867,0.46540428734690004,0.0581033420877189
198,CAT,0.026196964635857634,0.4614457436483708,0.46593181315236243,0.04673419755379221
199,CAT,0.026874467333589558,0.4619729636248291,0.4664702770174372,0.05017691690900775
200,CAT,0.02760413150704244,0.4650901162128673,0.46758951080625993,0.056798023671511134
201,CAT,0.02830655124477588,0.46980094769803044,0.46952534473770935,0.1032170986775232
202,CAT,0.028742454165542886,0.4732070735312235,0.47182629798706294,0.0
203,CAT,0.02936120168519596,0.47520223790126376,0.47410771795056267,0.0
204,CAT,0.030089548464846128,0.47696907244797243,0.4763230817470482,0.0
205,CAT,0.030976896625707018,0.48158641096593874,0.47911517057666575,0.0
206,CAT,0.03189302515708359,0.48538489363917686,0.4821877847305569,0.0
207,CAT,0.03252136462101196,0.48249946016701695,0.4840085914634973,0.0
208,CAT,0.033576591201654904,0.48880800237464833,0.48685855843364856,0.0
209,CAT,0.034526295124233664,0.48874999120696844,0.4891257195073927,0.0
210,CAT,0.035703832058541995,0.49255323617332825,0.49177944326944084,0.0
211,CAT,0.03714517563801134,0.4991383708292252,0.4953568328142398,0.0
212,CAT,0.03781907994776057,0.4920803962728395,0.4966599012239181,0.24602414496785507
213,CAT,0.03805434745184855,0.4768685022734344,0.49434261616673975,0.1300844426846851
214,CAT,0.03871506289311066,0.4653050034209496,0.4899348426919071,0.10705046399421252
215,CAT,0.03878115580829167,0.45698664663045097,0.4845714092788534,0.06043860553745619
216,CAT,0.03880633632705377,0.4485310406367437,0.47841313468739677,0.04701818325557587
217,CAT,0.03914928320923783,0.4425888984826474,0.47217411753081795,0.06141996825808338
218,CAT,0.03966250689980988,0.4396335005431378,0.46653016667512043,0.10305324378582531
219,CAT,0.03992871281183896,0.435977365373712,0.46120750215256245,0.0
220,CAT,0.04003423561628028,0.4327637048688992,0.45623959283992577,0.0
221,CAT,0.04000545641678144,0.4300833123320779,0.45167326669159286,0.0
222,CAT,0.04000065993232382,0.4286511447673845,0.44770389339617955,0.0
223,CAT,0.03956178160446544,0.4183147787046049,0.4422454771761486,0.0
224,CAT,0.03941788707074145,0.41721749965809446,0.437636396201389,0.0
225,CAT,0.03933874507719348,0.42162159598463145,0.4349218319706037,0.0
226,CAT,0.03907493843203247,0.42208696190544037,0.43285296255374023,0.0
227,CAT,0.03865284911716926,0.4140119924092305,0.4294144075588897,0.13919627629821324
228,CAT,0.037736720000284385,0.4067366912522925,0.42505672099986747,0.08447625064675204
229,CAT,0.03705082199098075,0.40177061020274635,0.4204737497475821,0.04154361907756762
230,CAT,0.03634693716496196,0.40234477711088384,0.41693418479194155,0.056202007023677475
231,CAT,0.03561787269844363,0.40690314454839516,0.41510930610856644,0.04569851097419241
232,CAT,0.03538164935196331,0.4095818251813502,0.414241023764402,0.05503316074098627
233,CAT,0.03546295084670781,0.40955744801199523,0.4135410138819423,0.07697646650680141
234,CAT,0.03554329225412467,0.41064006495524674,0.41322011566318473,0.0
235,CAT,0.03545216080595781,0.4092781776441767,0.41266260699709856,0.0
236,CAT,0.035478542934244905,0.4092660994179694,0.4122139324347338,0.0
237,CAT,0.03562603483131188,0.41291130067560156,0.41266008172970253,0.0
238,CAT,0.03536462803852791,0.4092819083908869,0.4122154038330562,0.0
239,CAT,0.035043263579877526,0.40419376123529926,0.4107358796624848,0.0
240,CAT,0.034772262208030535,0.4012701984347375,0.4089065543899262,0.0
241,CAT,0.03449646435172615,0.39907600620110917,0.40695847897909826,0.0
242,CAT,0.033925682701287374,0.3922290726731184,0.40388778651289936,0.0
243,CAT,0.034402933197559604,0.39991207203766,0.4031281204247482,0.1208776527323024
244,CAT,0.0344461019968082,0.40409364534905956,0.4034439410721799,0.047345893038971625
245,CAT,0.0342374563866793,0.4075339851044048,0.40445644027310285,0.039061946203038295
246,CAT,0.03398564241643298,0.4065049524342887,0.40503916471318324,0.037633184546319594
247,CAT,0.03375540955232659,0.3978865971268845,0.40360187115348356,0.06491789478705158
248,CAT,0.0337961792310838,0.3960184847795314,0.402039439992842,0.05336479995018104
249,CAT,0.033700251005705284,0.39256142912601166,0.40002596046316263,0.05839947336772814
250,CAT,0.03330334264873536,0.3881487810974139,0.3974405875385002,0.0
251,CAT,0.032785321156312164,0.3864372271868621,0.3949942708029319,0.0
252,CAT,0.03231886128629824,0.3855116281490196,0.39283278712378206,0.0
253,CAT,0.03195432744289095,0.38506237698630424,0.3910043773614722,0.0
254,CAT,0.031234854774270793,0.3786924239071106,0.3881347645977137,0.0
255,CAT,0.03071443621063541,0.3760050642580297,0.38524553691334806,0.0
256,CAT,0.02995419342412664,0.3703344622750959,0.38168173037430647,0.0
257,CAT,0.02901887895492028,0.3663405753676393,0.37794858454863167,0.0
258,CAT,0.02829940628630012,0.3617561691658723,0.3739495436155116,0.0
259,CAT,0.02787971389627175,0.36271043192115293,0.37096107190536703,0.0
260,CAT,0.026992364271639757,0.35524519879095856,0.3669215030881258,0.1358323927871165
261,CAT,0.026320854983823527,0.35451649489690573,0.3635289045341762,0.06931194416037287
262,CAT,0.02575726879195661,0.3515752355377686,0.3601652112454352,0.05059649142952793
263,CAT,0.024457421943113844,0.347433888313766,0.35655958753824474,0.04759454614955358
264,CAT,0.023243911960882824,0.3447491399093832,0.3530821278256543,0.04011331161998385
265,CAT,0.02221026648637936,0.3472355190501263,0.3508493084338101,0.055771611897101774
266,CAT,0.021219791274895594,0.3470461442434948,0.349021227091669,0.11122545130208328
267,CAT,0.020672992339498486,0.3490118380636232,0.34799291043712843,0.0
268,CAT,0.02004225565798079,0.354243334296366,0.3483256994291272,0.0
269,CAT,0.019202870146038387,0.3524753542329606,0.3482014497951448,0.0
270,CAT,0.018622495526684824,0.35524206003057984,0.34871311216489653,0.0
271,CAT,0.017807093168915267,0.3546311168757498,0.34898750751384344,0.0
272,CAT,0.01714757655601329,0.35817978139503037,0.3499907913744232,0.0
273,CAT,0.01653602478768612,0.36254732722679994,0.3517580463714194,0.0
274,CAT,0.015881304659241535,0.35930793847998477,0.3524563902657625,0.0
275,CAT,0.015190610897366175,0.3585443216321375,0.35284641091228997,0.0
276,CAT,0.014658201122587422,0.35787939954754033,0.35301157095118113,0.0
277,CAT,0.01447152188309675,0.3651561669238513,0.3547508653785866,0.1051160046259195
278,CAT,0.014109387892066061,0.3657581205186735,0.356275250008986,0.04900144576546623
279,CAT,0.013514624843979806,0.36588092126378075,0.3575218798158505,0.050993099765767
280,CAT,0.013584172258464977,0.3715759364173211,0.35977700001135254,0.048247978258090005
281,CAT,0.013423490468271182,0.3761726459087731,0.36259633777795464,0.04249583241045341
282,CAT,0.013419893251305104,0.38043141416057996,0.36579241099115956,0.04583520393640399
283,CAT,0.013523015910615555,0.38382688613355515,0.3690992026257216,0.06774428125449249
284,CAT,0.01363813051295526,0.38688229474586794,0.3724194616897418,0.0
285,CAT,0.013568583098469866,0.3895364465387228,0.37566187203795715,0.0
286,CAT,0.013628538861434225,0.39169599971477287,0.3787327650339743,0.0
287,CAT,0.013618945892519219,0.3935434211405641,0.3815975058911347,0.0
288,CAT,0.013592565228003006,0.39782482535423214,0.3848349010161485,0.0
289,CAT,0.013676503706008813,0.3971154613995374,0.38726814508697827,0.0
290,CAT,0.013748450972870807,0.3999528866594572,0.3898414217110553,0.0
291,CAT,0.014151355667297971,0.40578676150040344,0.39318852828402073,0.0
292,CAT,0.014367197467884174,0.40990241587427506,0.3967752080266711,0.0
293,CAT,0.01455905684618275,0.4136248298888836,0.4004666941826378,0.0
294,CAT,0.01545890136552186,0.42405614138303427,0.40572377059421405,0.09439587562662902
295,CAT,0.015806645756802795,0.4217565742906812,0.409421543156241,0.05202260314190651
296,CAT,0.016565690300459734,0.4277416162310984,0.41370163365136,0.037778710656331586
297,CAT,0.0169010621682798,0.4306006973104391,0.4177571703773375,0.03199366133313841
298,CAT,0.01756057878118178,0.43375261714596747,0.4216977412425869,0.029112067691944854
299,CAT,0.018179325715326322,0.43424852884499626,0.42495972632520906,0.041904894822604996
300,CAT,0.018584629237490824,0.43500743855043256,0.4277369292281323,0.06813514804466128
301,CAT,0.019042694527818704,0.4361138023839575,0.43020304603967763,0.0
302,CAT,0.01956191309207711,0.43822964297748285,0.43264324972792134,0.0
303,CAT,0.019940836388856797,0.4363630044182499,0.4341831418704389,0.0
304,CAT,0.020384511201172573,0.43604674514245706,0.4353452057109741,0.0
305,CAT,0.021056019025218142,0.4402482657627406,0.4372028159175959,0.0
306,CAT,0.021547658682108728,0.43929281068023146,0.43847787970594615,0.0
307,CAT,0.02170114618474772,0.4311083717987809,0.4376902935726848,0.0
308,CAT,0.021679562004689124,0.42345252858070526,0.4353693345607481,0.0
309,CAT,0.021998528221110702,0.42019747200558827,0.4327936468092849,0.0
310,CAT,0.02187501962459326,0.4115538065858559,0.42882403343693015,0.12362763247126964
311,CAT,0.021397768103681547,0.40088641206651404,0.4232923133209159,0.09434751414242169
312,CAT,0.021181926303095566,0.3975787530723034,0.41813639877456044,0.04980504138660988
313,CAT,0.0207961458251974,0.3920831837101613,0.41279790092088897,0.08490068339856245
314,CAT,0.02024404803917268,0.3920709684270199,0.40852440473769325,0.039152485967992645
315,CAT,0.02012293929503206,0.39093778835161214,0.4048553305946892,0.055768299466676614
316,CAT,0.019610912237164047,0.39003903345344093,0.40172156985841195,0.10262704440445482
317,CAT,0.01917682878361504,0.38955925017451426,0.3991085950451703,0.0
318,CAT,0.018591657094295555,0.38741346649305186,0.39654429164470706,0.0
319,CAT,0.018100015973634087,0.38623651829212824,0.39423290498207725,0.0
320,CAT,0.017733085937277404,0.38883157917802336,0.3929569477724769,0.0
321,CAT,0.017039993933173236,0.3851037707385799,0.3911128482157858,0.0
322,CAT,0.016059112861621094,0.37801439045595286,0.38807178899118333,0.0
323,CAT,0.015358826130830727,0.3754709959600023,0.38507720066871487,0.0
324,CAT,0.014500255412943974,0.3720189496407963,0.3819191017846113,0.0
325,CAT,0.013538560279221401,0.3723436500428785,0.3794643368806418,0.0
326,CAT,0.012382606793086004,0.36507525118404577,0.37589520685443123,0.13134736199145083
327,CAT,0.011423311365363342,0.3568899714817115,0.37123207996356145,0.09049780750230159
328,CAT,0.010537018583315239,0.3516010317350981,0.36633344900640313,0.06268619999527426
329,CAT,0.00946020914000767,0.34704781340062196,0.36140890820427174,0.04892106412048237
330,CAT,0.008708357859266047,0.3449945631132854,0.3570157891867718,0.0638972245587125
331,CAT,0.008090811217252525,0.343048741499613,0.35307153458251644,0.0761236260866704
332,CAT,0.007054768817914114,0.3385096358463914,0.3489136118274117,0.2006257401901821
333,CAT,0.006358942050653238,0.33981433714908305,0.3458754334589318,0.0
334,CAT,0.005306112102091087,0.3382837556734935,0.3431068424265903,0.0
335,CAT,0.004360003786330391,0.33879858602467533,0.34100567641549095,0.0
336,CAT,0.0033887171474639155,0.33926033440782644,0.3394267265952884,0.0
337,CAT,0.0026908286589022445,0.34612423774889844,0.33967954687518,0.0
338,CAT,0.0021272417351499984,0.3530266088644583,0.3414062793311879,0.0
339,CAT,0.0014557339111043177,0.3570808907776511,0.3436831048936914,0.0
340,CAT,0.0006451280377921531,0.3612071987857741,0.34641591281826056,0.0
341,CAT,6.475341843847904e-05,0.363793153034129,0.3491732999619817,0.0
342,CAT,0.0,0.37264163312824494,0.35333350876748904,0.11770876095890002
343,CAT,0.00011991196505978241,0.38649581591238125,0.3597215478494762,0.0924320460418996
344,CAT,0.0005779744742228088,0.4028141147329757,0.36843608244183934,0.06819963002360438
345,CAT,0.0007422555306619838,0.4121534712635277,0.3774704254950564,0.055172282818842955
346,CAT,0.0013921807847968592,0.42161760589424957,0.38678817414345396,0.04903567421319288
347,CAT,0.0021764033588054232,0.42869698344344565,0.3958059434108374,0.06096815274809165
348,CAT,0.0027437316809567625,0.4300279745625896,0.40331412509985365,0.1106292138255546
349,CAT,0.0034104417031511902,0.43183920754613286,0.40972070423481566,0.0
350,CAT,0.004091543959882427,0.43410607876551877,0.41534663481165796,0.0
351,CAT,0.004766649732779404,0.43440445285198687,0.4199132789756367,0.0
352,CAT,0.00562282396496272,0.43435697180429345,0.4235561075150387,0.0
353,CAT,0.006464606987248378,0.4377884845221277,0.42722826346631393,0.0
354,CAT,0.007932331231233491,0.4498556816265685,0.4328311818058497,0.0
355,CAT,0.00977178302067283,0.4675013723038502,0.44121079113658324,0.0
356,CAT,0.011726350437090916,0.4823176664310983,0.45118684513530144,0.0
357,CAT,0.013431500661721052,0.4935985275395839,0.4616592096317443,0.0
358,CAT,0.016369345928149426,0.5279768662584493,0.47762999349713153,0.4507407367331089
359,CAT,0.020145377146274623,0.5690364799481373,0.49947515720112995,0.2196024332672246
360,CAT,0.02438067189757953,0.6093136476495072,0.5258470116525097,0.20176587874252191
361,CAT,0.028966110307033666,0.6446943816272828,0.5547587791922876,0.17900528597647247
362,CAT,0.033299472292121046,0.6707809929059907,0.5836497522890278,0.14385752839249738
363,CAT,0.03761513362770186,0.6943742575712946,0.6119734025983755,0.19134938919887104
364,CAT,0.041555447512414356,0.706990041596028,0.6374186788057049,0.2696512695331262
365,CAT,0.04558089562957346,0.7117368312529633,0.6588232884904013,0.0
366,CAT,0.04955957860878091,0.7132139081086439,0.6762732074015895,0.0
367,CAT,0.053579033755155936,0.7115624961846088,0.6898684072554526,0.0
368,CAT,0.057759168203314615,0.7061790090169315,0.699555555696604,0.0
369,CAT,0.06191772022793984,0.6991326965286795,0.7057490069390697,0.0
370,CAT,0.06602111268130362,0.6902639930401163,0.7087450022492715,0.0
371,CAT,0.07026600142616302,0.6818682806415289,0.7092874988967789,0.0
372,CAT,0.07430703958158025,0.6679397480728382,0.7066452030839998,0.0
373,CAT,0.07815142187424085,0.6537345132673232,0.701393960103434,0.0
374,CAT,0.08142742075869192,0.6376746495170296,0.6936459410562812,0.0
375,CAT,0.08355945751452809,0.6072967472461128,0.6807381806938799,0.25918951010699814
376,CAT,0.08555119592896687,0.5799700361680261,0.664376521565051,0.12203722420980316
377,CAT,0.08772520089916636,0.5609194428719009,0.6470796290353404,0.0
378,CAT,0.08856043954817283,0.5428595278158616,0.6292533536431032,0.06334382784901589
379,CAT,0.08875349995048809,0.5292789816328853,0.6119928974067592,0.05907785911880076
380,CAT,0.0882870437399016,0.5134521042643723,0.5946889657533266,0.07170926047340814
381,CAT,0.0875315989016211,0.49994503664749845,0.5778626131815816,0.10081691159145278
382,CAT,0.08673324683995054,0.4884843867205089,0.561870301185148,0.0
383,CAT,0.08561837565890429,0.47813977173851663,0.5467917121258377,0.0
384,CAT,0.08462070674537381,0.46907338636175683,0.5327264146415962,0.0
385,CAT,0.08354149774244368,0.4578442874454704,0.5189940876935952,0.0
386,CAT,0.08246228873951333,0.44969800480711825,0.5062090162616341,0.0
387,CAT,0.08115045024039558,0.4386607018150493,0.493543230718659,0.0
388,CAT,0.08035903030491365,0.4398819153027549,0.48368032277672307,0.0
389,CAT,0.07925344063746709,0.4344959604843913,0.47460043996927376,0.0
390,CAT,0.07815024921224933,0.42999390257243164,0.4663421971153008,0.0
391,CAT,0.0769103579799938,0.4251358315923379,0.4586626362212304,0.0
392,CAT,0.07700748796127421,0.44477540772693097,0.45685663706499396,0.15646044284544838
393,CAT,0.07724970881622839,0.46243763215865424,0.45931276408854405,0.10618393219499085
394,CAT,0.07758306580341634,0.47542494050639067,0.4641460775275449,0.07099024224245357
395,CAT,0.07824498300058036,0.4765027588534819,0.46825077813511334,0.059069246799695344
396,CAT,0.0790376039600792,0.47803594359614526,0.47187316192328693,0.061926328455742724
397,CAT,0.07995133732314563,0.4852826569541674,0.47637159753888025,0.060796348023373394
398,CAT,0.08086201872390342,0.4886243831670574,0.4807084086623592,0.11558328476942283
399,CAT,0.08167262386533014,0.4903434404826944,0.48455753317919037,0.0
400,CAT,0.08266909263310651,0.49082154129110245,0.4877424274219154,0.0
401,CAT,0.08364038000385843,0.4898220113797343,0.49006958395401207,0.0
402,CAT,0.08462365931763938,0.48852605317654424,0.49164508036853527,0.0
403,CAT,0.08558861606079293,0.48576281207524136,0.4922951806453546,0.0
404,CAT,0.08656709889011649,0.4828313338037728,0.4921678066985342,0.0
405,CAT,0.08784776024026042,0.48255102892504664,0.4920039986523491,0.0
406,CAT,0.08904688135462757,0.48100156508635694,0.49153073346839,0.0
407,CAT,0.09071126146136888,0.4844744785137855,0.49191915831294597,0.0
408,CAT,0.09279962631990124,0.505380127656338,0.49684717603424106,0.20451939174060932
409,CAT,0.09546767079936791,0.5267536799178807,0.5055102103971002,0.16952621424314165
410,CAT,0.09861896094154743,0.552239121258437,0.5180694209443486,0.1581243870623534
411,CAT,0.10185778794971545,0.5713071618094517,0.5323282080563922,0.15442926050874073
412,CAT,0.10368884457396021,0.578680976439311,0.5453638382595163,0.13121177317271432
413,CAT,0.1057105646756854,0.5891817386082295,0.55811156897147,0.08942016347064977
414,CAT,0.1077946340985364,0.5964135332285025,0.5699069871335796,0.21344418344946345
415,CAT,0.11027441480652256,0.5998520139737695,0.5801027537602836,0.0
416,CAT,0.1126774533733369,0.6002293112870668,0.5883426979601056,0.0
417,CAT,0.11476991825413674,0.5987038687339115,0.5945977399786233,0.0
418,CAT,0.11698829407224076,0.5965049361830699,0.5991161114414589,0.0
419,CAT,0.11918268571153245,0.5921536540000354,0.601769772736357,0.0
420,CAT,0.12153536133792053,0.5900150516382731,0.6034203643079716,0.0
421,CAT,0.12382808090859065,0.584585180521815,0.6035415816397572,0.0
422,CAT,0.12584260438072736,0.5729391294096733,0.6010663773621999,0.0
423,CAT,0.12787873601534472,0.5615552993168391,0.5965719506361125,0.0
424,CAT,0.12991004718308263,0.5509055817788152,0.590624284022706,0.0
425,CAT,0.13130342679623974,0.5305045174525909,0.5813603168447457,0.23653381097107873
426,CAT,0.13300258302544588,0.5190184796447266,0.5714123059277496,0.08182100641794436
427,CAT,0.1344415298264573,0.5088489202263089,0.561207820974156,0.060200993861624766
428,CAT,0.13500442292280723,0.500526571177286,0.5512061366371481,0.05480416138426026
429,CAT,0.135474480009787,0.4971208031745585,0.5424525820947458,0.041679207896304145
430,CAT,0.13540732952013668,0.49233164320761674,0.534391991721469,0.06282819284616609
431,CAT,0.1351782969481613,0.48498847821210955,0.5263216882699608,0.12500339524118578
432,CAT,0.13539653713735322,0.4819770159833276,0.5192003258687397,0.0
433,CAT,0.13552364368272196,0.48354348846846706,0.5138492112701329,0.0
434,CAT,0.1355140524703321,0.48212982033660445,0.509256093048946,0.0
435,CAT,0.13559319446388007,0.4819468470089772,0.5055411864911851,0.0
436,CAT,0.1353749544210655,0.4746314273501994,0.5009535580017148,0.0
437,CAT,0.1354229192656401,0.47405938651083845,0.4971571127332139,0.0
438,CAT,0.13515671437825094,0.4674788809891387,0.49266656838627054,0.0
439,CAT,0.13507757238470275,0.46506452355017575,0.4885408914370739,0.0
440,CAT,0.13472982726153593,0.4602926274542596,0.4841864160833064,0.0
441,CAT,0.13457154327443954,0.45822734364610285,0.4802466916687538,0.0
442,CAT,0.1343604972264253,0.44955749491131675,0.47518006604860696,0.09210588205936891
443,CAT,0.13374292660198972,0.4334373431580742,0.46756642551945676,0.07486490252510988
444,CAT,0.13337479554161635,0.4257365305633935,0.4597746909334538,0.08370047944117974
445,CAT,0.13367457582020814,0.4229951610151491,0.45293583701983225,0.06849001975754335
446,CAT,0.13386103827522977,0.4242080902231279,0.4477326446930977,0.04751615196282481
447,CAT,0.13400133339633136,0.42410594821121006,0.4435475314724899,0.04704291606941706
448,CAT,0.1341943901392194,0.42573674527237215,0.4405596231170823,0.07699258700153719
449,CAT,0.13412843686778142,0.4255821675938163,0.4381351559913013,0.0
450,CAT,0.13416201211260648,0.4262302021914244,0.43633870895325216,0.0
451,CAT,0.1342051800335925,0.4241002033021298,0.4344311140445567,0.0
452,CAT,0.1342003835491351,0.424867177289908,0.4330744340534936,0.0
453,CAT,0.1339533645995753,0.4249955660745739,0.43201744635262074,0.0
454,CAT,0.13360561947640892,0.42102273077541935,0.4302944051122587,0.0
455,CAT,0.13313796224180574,0.4170314745065892,0.4280344525354434,0.0
456,CAT,0.13332502513564692,0.4211200290387015,0.4271294996143976,0.0
457,CAT,0.13310918333506094,0.42169383750156253,0.42653227015656175,0.0
458,CAT,0.13315235169517814,0.4220070029350963,0.42612365314945694,0.0
459,CAT,0.1333514062392943,0.4287613758305875,0.42728854849129416,0.14758401262080156
460,CAT,0.13365958197583472,0.43386134263354514,0.4293468571370973,0.0933325854601529
461,CAT,0.13375551020121323,0.4354072537745083,0.43133493814238444,0.06349664130596323
462,CAT,0.13443004144403525,0.4418879514255025,0.4343567472442369,0.0968762235289883
463,CAT,0.1356399542093002,0.4488855238187756,0.43831969716782665,0.07729158905458157
464,CAT,0.13673954988132297,0.45682123797065166,0.4432427602585125,0.07723748602430396
465,CAT,0.13765088266012737,0.46205205366824614,0.448336502741871,0.14299364653761584
466,CAT,0.13846328648322548,0.46700369166483935,0.45350512880213983,0.0
467,CAT,0.1392343219452722,0.4684806987376952,0.4579662454013638,0.0
468,CAT,0.13991542332374085,0.4689683148059977,0.4616428348758721,0.0
469,CAT,0.1407763922838562,0.4711748246323545,0.46507144214488855,0.0
470,CAT,0.14181003468444076,0.47675258459498493,0.46904624701356884,0.0
471,CAT,0.1427693315759343,0.47635939149490225,0.47213924922387107,0.0
472,CAT,0.14354876030027308,0.4741421426617709,0.4741239434568097,0.0
473,CAT,0.14444330465159083,0.4737705570144691,0.47562962943860165,0.0
474,CAT,0.14602854276478416,0.4832479431886876,0.4789273792013643,0.0
475,CAT,0.14888245160248614,0.5155314244164754,0.48869579542519076,0.27506267670436135
476,CAT,0.15117517058764773,0.5352196303724654,0.5008589184762998,0.16143019262666236
477,CAT,0.15387439338710462,0.555188837467528,0.5149998696558948,0.11594721045880031
478,CAT,0.15653164621567328,0.5683016371578188,0.5292087587748588,0.0749026642319567
479,CAT,0.1586109217888546,0.5713688778756081,0.5412533090970104,0.06457980605499032
480,CAT,0.16077653422864724,0.5737546347004105,0.5514158740178767,0.063970098028066
481,CAT,0.16307405072290593,0.5743293937396949,0.5596728687804338,0.108412093727648
482,CAT,0.1653469599110834,0.5779531100956519,0.5670788083222232,0.0
483,CAT,0.16731112000366244,0.5747257119362704,0.572290748125762,0.0
484,CAT,0.16909780973218413,0.5695168943990718,0.5753098665305998,0.0
485,CAT,0.17102359663170963,0.5660645413938676,0.5769626652928477,0.0
486,CAT,0.17274553455194053,0.558778488357771,0.5766756870505815,0.0
487,CAT,0.17444828653434186,0.5492217559072732,0.5743353788476472,0.0
488,CAT,0.17639086273961635,0.5451438073077745,0.5715624655996698,0.0
489,CAT,0.1785708649255361,0.5478544477653506,0.5699428143365692,0.0
490,CAT,0.1802952010879958,0.5434548048008239,0.5676753763585668,0.0
491,CAT,0.1822809456533877,0.5399335785364656,0.5650837184814548,0.0
492,CAT,0.18412037475437792,0.5314910966345633,0.5611457629409335,0.1539213545102163
493,CAT,0.18617087185994585,0.5299884368185404,0.5576635170237199,0.07747443521405036
494,CAT,0.187519883845494,0.5233162644364217,0.553404086368694,0.041043221254673565
495,CAT,0.18742155503585345,0.5123199576494202,0.5475678679792803,0.038007268355667576
496,CAT,0.18674525263025255,0.4860880116394762,0.5371052351835583,0.10223860672993114
497,CAT,0.18617087259183107,0.4727644075064029,0.5257924419360027,0.08392197062227538
498,CAT,0.18549216960196813,0.4585577531438777,0.51360448748044,0.09580520435818679
499,CAT,0.1853458768260151,0.4525698034080131,0.5025316092469762,0.0
500,CAT,0.18507127677343138,0.4465402583967033,0.4923416051468853,0.0
501,CAT,0.1848962061153735,0.4440462975983293,0.4836387789833072,0.0
502,CAT,0.18438298227842453,0.43970151959337894,0.4757169187073236,0.0
503,CAT,0.18406881254646013,0.4359558758901179,0.4685521575532335,0.0
504,CAT,0.18339010999572836,0.42432361998491136,0.46025121733344876,0.0
505,CAT,0.18267303556933678,0.41669340613236083,0.4519252356228325,0.0
506,CAT,0.18197035059631783,0.4081362891987654,0.4433745024143699,0.0
507,CAT,0.18174971231127424,0.40934887958935456,0.43680173181964344,0.0
508,CAT,0.18168136152949266,0.41847691967661826,0.4335595588056911,0.11148315838916066
509,CAT,0.18165737896082812,0.43390250239415423,0.4343727560439442,0.08121814408056537
510,CAT,0.18181566382618708,0.44456274188940315,0.4373777629748296,0.056049414395425136
511,CAT,0.1817797156623696,0.44991868098982274,0.4409646956213175,0.05370310951093731
512,CAT,0.18200155014098585,0.4548306332625285,0.4449191087164718,0.04662554983584699
513,CAT,0.18222218798689804,0.4646395284651419,0.45024905814474075,0.06160458104711226
514,CAT,0.1825351568412229,0.4694990781434654,0.4555863108875125,0.09447559478552786
515,CAT,0.18293806182840433,0.47002565121549345,0.459972413425384,0.0
516,CAT,0.18414437635206393,0.4700509727077685,0.463486888028507,0.0
517,CAT,0.18506050473706315,0.4714330173320054,0.46660370980043664,0.0
518,CAT,0.1861205278021637,0.47176259567455414,0.46916995877633283,0.0
519,CAT,0.18713018778046087,0.47596311160803506,0.4721506951934164,0.0
520,CAT,0.18797436904497522,0.4741999242628794,0.474145862032133,0.0
521,CAT,0.188897692303038,0.47638308710115657,0.4762241747139927,0.0
522,CAT,0.1900776274795749,0.48068338687174533,0.4788366006222421,0.0
523,CAT,0.19111126988015947,0.4801943927002382,0.4808185407821356,0.0
524,CAT,0.1925142426086085,0.4783083343043682,0.48198753298466984,0.35040523169677923
525,CAT,0.19351910668795658,0.4694000903723542,0.48095522805433594,0.06569013273350371
526,CAT,0.19481895353679912,0.4653900522284853,0.47924371631015295,0.04115761051868906
527,CAT,0.19555281551241477,0.45771452972716786,0.4761792703901015,0.03701707248723996
528,CAT,0.19580702860315202,0.4493293058337018,0.4718757305728313,0.045939214251753985
529,CAT,0.1954952563815312,0.4388838925613546,0.46612589667558646,0.06533393604845159
530,CAT,0.19506357204847358,0.42671845069623715,0.4588391373774364,0.16974373050772712
531,CAT,0.19472779266683748,0.4163935509107438,0.4507293448280288,0.0
532,CAT,0.19430213028722776,0.4075283524188554,0.4422835192277158,0.0
533,CAT,0.19358025981550997,0.40090766825617263,0.43406459665271035,0.0
534,CAT,0.1929615143451363,0.3957710100742193,0.4263549624638135,0.0
535,CAT,0.19225163464543094,0.3874062738641757,0.41833979699628054,0.0
536,CAT,0.19129233775393717,0.37620780299651696,0.40945434025476757,0.0
537,CAT,0.18998289749704844,0.3625668415154212,0.399333195453917,0.0
538,CAT,0.1889108832208043,0.35731613532666356,0.39007659453510035,0.0
539,CAT,0.18769737265306474,0.35549932148735813,0.3822700474134979,0.0
540,CAT,0.1867452704882574,0.35584366838179404,0.3761008630966231,0.0
541,CAT,0.1848842336404971,0.34207972606458154,0.3681255743575539,0.14716819218809657
542,CAT,0.18285891734644577,0.3319919089090604,0.3595173209621365,0.09048124535017579
543,CAT,0.18103145515800245,0.3260490089982431,0.35131815340220335,0.05618787398719679
544,CAT,0.1793310986366653,0.32429615706978154,0.34437167976721017,0.054830881656356543
545,CAT,0.1780048709769294,0.3250462631128943,0.3389801712955238,0.04571838555674337
546,CAT,0.17645800547128132,0.3256490845642872,0.33480010528378407,0.06466018769997418
547,CAT,0.17502145705887584,0.32547971815687815,0.3314186457545437,0.11693541886897284
548,CAT,0.1735909070332068,0.32460737391047784,0.3285208098367962,0.0
549,CAT,0.17237499910150123,0.32594375026467104,0.32649769677519136,0.0
550,CAT,0.1714468792126037,0.330295175916689,0.325840273888223,0.0
551,CAT,0.17048998056333875,0.33340977815235784,0.32600223499773384,0.0
552,CAT,0.16954267488298902,0.33621975721836767,0.3267524234126175,0.0
553,CAT,0.16859057271818145,0.3394589409224621,0.3280679889614919,0.0
554,CAT,0.1676312758266877,0.3425975439676411,0.32981364170295846,0.0
555,CAT,0.16713963616979732,0.35107073661894206,0.333081575993599,0.0
556,CAT,0.16681107698446074,0.3568779312137065,0.3369785160289504,0.0
557,CAT,0.16627866720968176,0.3525314355445037,0.33913608934416806,0.0
558,CAT,0.16643215383405818,0.368974858637406,0.3444938866061216,0.15490536717518363
559,CAT,0.1667971178797304,0.38843033576082253,0.3530771133723995,0.10217699552402318
560,CAT,0.166806951785334,0.39766289959102946,0.3619828236419851,0.039559694081592225
561,CAT,0.16723383860929453,0.39907971760457395,0.36942031409128767,0.0414122260040363
562,CAT,0.167817810006483,0.4035105749199145,0.3763489175036492,0.036429226501121695
563,CAT,0.16814157417113285,0.40270355652286877,0.38171355998181017,0.04014687758162546
564,CAT,0.16815596669842414,0.3976520153700114,0.38488957701121235,0.08954051510943055
565,CAT,0.16818954121136398,0.3953815700312975,0.38692893397626255,0.0
566,CAT,0.16810080595614652,0.3902667260488917,0.3874307413621396,0.0
567,CAT,0.1682423037114128,0.3896806203680444,0.387702738395232,0.0
568,CAT,0.1684197736363392,0.38849999062541285,0.38765957896425235,0.0
569,CAT,0.1683070562515886,0.38281764461105905,0.38637003320958246,0.0
570,CAT,0.16818954238238082,0.3809219511271279,0.38491970864902614,0.0
571,CAT,0.1681343828111198,0.3798649430510149,0.38352599535658133,0.0
572,CAT,0.1679976830040818,0.37717742499148665,0.3818174522623096,0.0
573,CAT,0.16741610911723692,0.36636912582624004,0.3780634677900393,0.13969380334807216
574,CAT,0.1666774522673119,0.3549207420847037,0.37253175941586547,0.047312989563415044
575,CAT,0.16564141279551536,0.3456258922920343,0.3660535072149237,0.03929580379105454
576,CAT,0.1644950518391638,0.3352746112331012,0.358584693704341,0.0436768242713702
577,CAT,0.1640393872794753,0.33291236748097097,0.35208791139314266,0.03324023931647336
578,CAT,0.16245414901990485,0.32758758059719006,0.34571443880468106,0.06070647074450407
579,CAT,0.16060707142325203,0.3250016995840064,0.3400445361047627,0.10556274107592598
580,CAT,0.15909353964023187,0.32464111855214056,0.335428975049205,0.0
581,CAT,0.15782966715670554,0.3245783419767483,0.33172266120162935,0.0
582,CAT,0.1564962457949236,0.327249217912565,0.32934750695972237,0.0
583,CAT,0.15539545275831135,0.33078159979435995,0.32822755492055045,0.0
584,CAT,0.15407881645734267,0.32545016044860825,0.3261540772690832,0.0
585,CAT,0.15266145530016073,0.3216835860728281,0.3236633994100303,0.0
586,CAT,0.15148871485031,0.32133563792469044,0.32159400835981133,0.0
587,CAT,0.14985551189254187,0.315671299367638,0.3186874544851577,0.0
588,CAT,0.14814316694122576,0.3097056626201857,0.3150446248229998,0.0
589,CAT,0.14661788546925913,0.3050717314237259,0.3111068985972857,0.11324780049099052
590,CAT,0.1449391159091452,0.30168392007134026,0.3072084764979647,0.04818791285304711
591,CAT,0.14339824556993752,0.3032354340947816,0.3044324103748323,0.03218997804300285
592,CAT,0.14218113880987182,0.31021387822367835,0.3037528353985641,0.04068437462528131
593,CAT,0.14118706638142198,0.31239098095336115,0.30369001617656755,0.039577139548498064
594,CAT,0.1401318376051225,0.31045665286933083,0.3032125399005562,0.07635174212861637
595,CAT,0.13931403612686177,0.3140718127829365,0.3036290128126411,0.11862873330231426
596,CAT,0.1387336626785246,0.31914408182798637,0.3050824661134036,0.0
597,CAT,0.13786070104349457,0.32295052540108854,0.3070859301099466,0.0
598,CAT,0.1371316364305989,0.32557187022474354,0.30926765856880634,0.0
599,CAT,0.1365392704537246,0.33208409818753176,0.31245134950290543,0.0
600,CAT,0.13569988567366764,0.33362175124056753,0.31533791243533926,0.0
601,CAT,0.13489647452704168,0.3356937360682413,0.31810478691800204,0.0
602,CAT,0.1340091249024099,0.3381607445389727,0.3208631566241303,0.0
603,CAT,0.13349590106546094,0.34920785064684046,0.3255097459289365,0.0
604,CAT,0.13325607684258756,0.3552531511126311,0.3305621986781148,0.0
605,CAT,0.13304263328423016,0.3606102568491916,0.33578734564563,0.0
606,CAT,0.13321290804333918,0.37496563967970675,0.34313803164625223,0.08468405044875703
607,CAT,0.133563051262357,0.38395926466543256,0.3510049366280635,0.0464864277579903
608,CAT,0.13413862881174488,0.39339884311831513,0.3593833112759134,0.02520516641981699
609,CAT,0.13485450426339918,0.4028053207869338,0.3681635509284359,0.028145721322578386
610,CAT,0.13562553826167478,0.41045385799650835,0.3768770191311118,0.028692934828814697
611,CAT,0.1364325480890375,0.4201624705320455,0.38599206394607594,0.03369050902560001
612,CAT,0.1367934810560515,0.42290065658832865,0.39388886292827746,0.06548454121844882
613,CAT,0.1373402814552197,0.4243459187937944,0.40052550660833347,0.0
614,CAT,0.13813889655651945,0.42581154688820544,0.4061585241116311,0.0
615,CAT,0.13890153729250254,0.43002600483060305,0.41159575462018916,0.0
616,CAT,0.13944114179396794,0.42959711715335336,0.4158508137421647,0.0
617,CAT,0.14003830410892248,0.42903462857794983,0.41913062830150627,0.0
618,CAT,0.1407601750197719,0.42962368432479453,0.42188458038409216,0.0
619,CAT,0.14126620413003466,0.42885858119981585,0.42391875931805273,0.0
620,CAT,0.14225907626635348,0.43374021040155736,0.4266242722082503,0.0854613674551944
621,CAT,0.14342941964499245,0.4409906254248882,0.4303900286652096,0.04100833032086188
622,CAT,0.1448443810961747,0.4514140027148031,0.43570476894791227,0.043471232756315314
623,CAT,0.14592838482703752,0.46050515349409193,0.44196445716421784,0.04524735795028572
624,CAT,0.1470939306965794,0.4654494425410904,0.4480642167020894,0.042428479658475175
625,CAT,0.1484009719793541,0.4716376611370141,0.4543107709199796,0.04688767349682459
626,CAT,0.1493027097399643,0.47693022188922385,0.4604769434837803,0.10842026438936339
627,CAT,0.15017567005760057,0.4770614787317584,0.46543887127376626,0.0
628,CAT,0.15111338335454405,0.479846413467116,0.47002350167486495,0.0
629,CAT,0.15195636476605856,0.48107925849921884,0.47396349546233896,0.0
630,CAT,0.1527873565765775,0.48118201390015913,0.4771381853262861,0.0
631,CAT,0.15363633271540145,0.48454756055797654,0.48042126089592324,0.0
632,CAT,0.15422630162106377,0.47618326852999004,0.4812003613384602,0.0
633,CAT,0.1550656864011205,0.47352196952523806,0.4812358600430656,0.0
634,CAT,0.1556892293805915,0.4667104893717335,0.47975985719676995,0.0
635,CAT,0.1561928602486259,0.4614743341012755,0.4774225835965129,0.0
636,CAT,0.1566773054715841,0.45288280209197324,0.47365521587023957,0.07846485191117299
637,CAT,0.15744833873797448,0.4516337544794016,0.47036545367716526,0.038949102739887866
638,CAT,0.15843401570847548,0.455901699315912,0.4686762736877852,0.040294611978587566
639,CAT,0.15947005810781378,0.4587693390671607,0.46795828431743935,0.05866468863043589
640,CAT,0.16024468932305547,0.4607070533553016,0.4678118616057158,0.03897228975286398
641,CAT,0.1608586387481029,0.4619941935708975,0.46797900468305603,0.04736576762152258
642,CAT,0.16136706858900507,0.465306535848498,0.4688442919610263,0.09167217450236806
643,CAT,0.1618035504311598,0.4671682594605761,0.46994770706304423,0.0
644,CAT,0.16228080048830062,0.46722236383518867,0.47084238878222057,0.0
645,CAT,0.16262135161666647,0.46670949467721534,0.47144486049718975,0.0
646,CAT,0.1630002756453316,0.4676079749006585,0.4721252786256406,0.0
647,CAT,0.16368137643829195,0.47070180448825555,0.47335292464461487,0.0
648,CAT,0.16414903367289513,0.47143100428508167,0.4744960944863701,0.0
649,CAT,0.16434808777788035,0.4655499963300787,0.4741117351398474,0.0
650,CAT,0.16455433660955132,0.4604061687087919,0.47266816807210044,0.0
651,CAT,0.1656599264233748,0.4786450184083889,0.47554159577256694,0.11898382584389133
652,CAT,0.16669836604030197,0.4806010926405676,0.4782723617440689,0.06777320981353888
653,CAT,0.16767205399531615,0.48462543156552895,0.48134580083012646,0.037610880848123515
654,CAT,0.16869850284023113,0.4840252728858977,0.4836719994402896,0.028892122311714275
655,CAT,0.16951153242538541,0.4790094107558187,0.48442514154013827,0.033860547120758186
656,CAT,0.17064470334223325,0.47706411353460987,0.48459801164849037,0.03579787726208634
657,CAT,0.17161239495978997,0.47729717917416803,0.48478778323860067,0.0748799188763706
658,CAT,0.17231747876054626,0.476959701251211,0.4848650642297803,0.0
659,CAT,0.1730201619770403,0.47592908545654333,0.48469926444892353,0.0
660,CAT,0.17395068113280587,0.47936638689167954,0.48532579625565003,0.0
661,CAT,0.17462458661357172,0.4762665636374993,0.4851423864075102,0.0
662,CAT,0.1750610656745616,0.4710299322607681,0.48383908205166704,0.0
663,CAT,0.17609470807514616,0.47857661986269634,0.48446322026962335,0.0
664,CAT,0.1771259522335017,0.48290475375755804,0.48591845412623064,0.0
665,CAT,0.17811642627396906,0.4847118975925053,0.4874817718549186,0.0
666,CAT,0.17895341281179722,0.4840233896276332,0.48858036031864244,0.0
667,CAT,0.17958415051795418,0.4813874451582278,0.48887704931100473,0.0
668,CAT,0.18030362274744316,0.47935543765118954,0.48866560586663843,0.08834031115204784
669,CAT,0.18131088477626556,0.47721987383301123,0.48802478474774236,0.07343680335447621
670,CAT,0.18243565935690242,0.4773271157108904,0.48753581358194586,0.038051434094669705
671,CAT,0.18251240120531953,0.47764057060631615,0.4872138671398039,0.03487724243258707
672,CAT,0.1831119617625031,0.476462337810994,0.48669608232486045,0.03544433052137434
673,CAT,0.1836923359427255,0.47767824090066824,0.48655040209657086,0.04246889130966212
674,CAT,0.18420076212420045,0.47345712704492426,0.48550157136511235,0.0851389575604789
675,CAT,0.1849226075654361,0.47017357627928547,0.4839372929345457,0.0
676,CAT,0.18542743579805954,0.4651623883433943,0.4815790857568989,0.0
677,CAT,0.18583353088653654,0.46107090431801484,0.47878886385862013,0.0
678,CAT,0.1862891969099959,0.458563486661072,0.476002891338548,0.0
679,CAT,0.18700147485193008,0.4613915941959276,0.47439873675210803,0.0
680,CAT,0.18739958306189985,0.46146879126555373,0.47313246303519163,0.0
681,CAT,0.18774732818506623,0.4548905307126752,0.4706665517593622,0.0
682,CAT,0.18826534850647303,0.4507216820937521,0.4677730796305192,0.0
683,CAT,0.18815023287949362,0.4461384199668205,0.46444603033830695,0.0
684,CAT,0.18821018893521224,0.4449821353020398,0.46152901076639596,0.0
685,CAT,0.18845001315808563,0.4466739583943139,0.45956905570316153,0.06103418052789983
686,CAT,0.18881694392632775,0.4489781655067394,0.4585100050271096,0.03788537091602172
687,CAT,0.1893764520524911,0.4531006664107882,0.45857327111359836,0.06115784459710577
688,CAT,0.1875723521275935,0.38328266981521414,0.3994969081343263,0.0
689,CAT,0.1867017678028685,0.37756005442489987,0.39467869104934117,0.0
690,CAT,0.18585279005389677,0.37339308105128755,0.3899037884448919,0.0
691,CAT,0.18444981835008722,0.3608438903204843,0.383312218375323,0.0
692,CAT,0.18321232536006027,0.35476845696756787,0.3766971257839131,0.0
693,CAT,0.18148319256676582,0.34063632369281377,0.36828379078095924,0.12519617869193006
694,CAT,0.17979003413878802,0.3231026053757962,0.35768057863586245,0.09198795953623323
695,CAT,0.17825276174843185,0.31520176717191145,0.34745300856356026,0.05797349481505265
696,CAT,0.17688816162752807,0.3119385273565967,0.3385502245913852,0.04032177390807387
697,CAT,0.1755451452475515,0.31009628367087005,0.33102111452288224,0.043863866176044194
698,CAT,0.1742740761344369,0.31033821599721156,0.3250512602917774,0.05797371564374766
699,CAT,0.17274759363845382,0.31301018765089555,0.32086551574623945,0.1337091248845894
700,CAT,0.1714993091439062,0.31820545571563863,0.31866436097490647,0.0
701,CAT,0.17032330682700036,0.3226688778322624,0.3178892405602766,0.0
702,CAT,0.16914097516475957,0.32540822076933507,0.31787416287060277,0.0
703,CAT,0.1677715801695462,0.326265648931348,0.3180514746067399,0.0
704,CAT,0.16675472370803768,0.33053811565583585,0.3191369524770585,0.0
705,CAT,0.1659345248658105,0.3347879019136729,0.3209439539859127,0.0
706,CAT,0.16487929828516734,0.33857154963790137,0.32322522179649155,0.0
707,CAT,0.1640495064740256,0.34684611509312524,0.3268777788061608,0.0
708,CAT,0.16280002227285528,0.3420474529040019,0.3287399789882165,0.0
709,CAT,0.16314297208258088,0.3697043673239228,0.33633811957014326,0.11113005330583868
710,CAT,0.163804886205826,0.3984279056999801,0.3487605899050676,0.11557312664945232
711,CAT,0.164996812886261,0.422410654860389,0.36399546059714366,0.04900409570980636
712,CAT,0.166205525213018,0.4446053995013257,0.3810853480921846,0.05691263376422164
713,CAT,0.16774999379383126,0.45859745275958214,0.3978475805691876,0.05764688917513195
714,CAT,0.16947672746663434,0.46555345377216284,0.41279368762605073,0.060487187850358524
715,CAT,0.17074299907065182,0.46561783547879343,0.4247647927882691,0.09566387399338
716,CAT,0.17191813805548561,0.4649813145081348,0.4342010931860548,0.0
717,CAT,0.1731220563861956,0.46405288072150924,0.4415450771233545,0.0
718,CAT,0.17438353238401805,0.4644560817625414,0.447509316338567,0.0
719,CAT,0.17513178352025205,0.45479970305204265,0.4501479739608702,0.0
720,CAT,0.1757121581396054,0.4452207210364683,0.45014326035086133,0.0
721,CAT,0.17669303921115775,0.4450101211112092,0.4500929757974539,0.0
722,CAT,0.17800008122581812,0.44949223028270086,0.45104267883031696,0.0
723,CAT,0.17922318476247245,0.4485512806290191,0.45159462058764893,0.0
724,CAT,0.18099788298709607,0.46151939890634686,0.45490034744315877,0.12972007533791757
725,CAT,0.18268504771240435,0.46926468359537604,0.4592555733165092,0.07342885352145583
726,CAT,0.1844501541391298,0.47587919578848814,0.46420065295216034,0.07082947895248583
727,CAT,0.18609534699064734,0.4823072704594408,0.46957643850552766,0.03595046989033868
728,CAT,0.18843843067276034,0.4890660159642462,0.4753698216419854,0.03524072646457455
729,CAT,0.18917468913407942,0.4906075585006763,0.4803449973780601,0.03932451152140592
730,CAT,0.18976705525733106,0.49449302961986574,0.48518329355903833,0.09560866681962733
731,CAT,0.19025389813701,0.49572132233874916,0.4893252145342856,0.0
732,CAT,0.1905992467744727,0.49630354976362845,0.49276734362805835,0.0
733,CAT,0.1910717000544021,0.49542311208480505,0.4953265910714883,0.0
734,CAT,0.19173601329813839,0.49430660642607793,0.49712739458625904,0.0
735,CAT,0.19272648675309723,0.4945176396503207,0.4986146467630539,0.0
736,CAT,0.19359704868212801,0.49116707177100805,0.4990644330792807,0.0
737,CAT,0.19447960182230195,0.4880637962209315,0.49873886435539283,0.0
738,CAT,0.1954940582850565,0.4892390087224072,0.4987379699672976,0.0
739,CAT,0.19690902120000964,0.4882537683037933,0.4985196516105052,0.0
740,CAT,0.19844389622639957,0.48758678477500716,0.49819768515063767,0.0
741,CAT,0.2005615451390116,0.5060238636702256,0.5020121747702188,0.22664377703633315
742,CAT,0.201906958443823,0.5083231131805848,0.505571584891105,0.15953150750696107
743,CAT,0.20362649987835046,0.5128003545821225,0.5094079685546508,0.04579435062782702
744,CAT,0.2045702076098489,0.5131087563407125,0.5125451899266027,0.037196385387588585
745,CAT,0.20571056930120168,0.5144468749668709,0.5153505074996253,0.042424283913269974
746,CAT,0.206968446179156,0.5179762806410371,0.5183742755791828,0.04030609507072812
747,CAT,0.20806684155904753,0.5181830564471168,0.5208389591029913,0.10656221174954404
748,CAT,0.20910288117722076,0.5183588940157375,0.5228495418799407,0.0
749,CAT,0.21021806454546754,0.5160588478316598,0.5239500137207804,0.0
750,CAT,0.2110886269136295,0.5115452642937145,0.5238335090047128,0.0
751,CAT,0.21214385349427245,0.5098481708444309,0.5233654806123531,0.0
752,CAT,0.21317030116817082,0.5073775318357687,0.5224453859281042,0.0
753,CAT,0.21436942228253753,0.5075784929316276,0.5217536949883435,0.0
754,CAT,0.2155421627323887,0.5066207989701601,0.5209888233747647,0.0
755,CAT,0.21660938052417567,0.5046162638494476,0.5199341990707111,0.0
756,CAT,0.21828335359983198,0.5120628173043908,0.5207351654333233,0.0
757,CAT,0.22007483937367966,0.5196302945246357,0.5230473118770096,0.15277282446746607
758,CAT,0.22141785355799992,0.5194574867985041,0.5248588622532098,0.0710366162684058
759,CAT,0.2220797685595074,0.5028739580960925,0.5226454198429933,0.08411652070257974
760,CAT,0.22267692926431437,0.48846965312280577,0.5176932924122978,0.054364933109884134
761,CAT,0.22250185494682906,0.4800362732343344,0.5118689715240543,0.04533811854393508
762,CAT,0.22288557516719731,0.47322761301370464,0.5057057358214319,0.04452723557585609
763,CAT,0.22320933567242018,0.4697190928762075,0.5000002460739452,0.09854083023197834
764,CAT,0.22361583934033857,0.4659866117640338,0.4946114884678897,0.0
765,CAT,0.2239036295788036,0.46222117347633634,0.489468837564633,0.0
766,CAT,0.2239767769914195,0.4578729175304539,0.48439434934952663,0.0
767,CAT,0.22416384076352325,0.4549673055888095,0.4796930175162767,0.0
768,CAT,0.22450199291777484,0.4565745661440265,0.47628693593480687,0.0
769,CAT,0.224914490581117,0.457649861118222,0.4737995632070804,0.0
770,CAT,0.2254972634426996,0.4599958577478355,0.47232780814449443,0.0
771,CAT,0.22593854001278657,0.4613109917251412,0.4714408681185786,0.0
772,CAT,0.22633664822275634,0.4608536289755445,0.4706303017319806,0.0
773,CAT,0.22675514105253913,0.46358705550904167,0.4705855605519405,0.07903127751387522
774,CAT,0.22700695795032722,0.46164038928437656,0.47011982167459954,0.054704125985420446
775,CAT,0.22743624272376206,0.463073002390868,0.47006364135303247,0.03479178172761796
776,CAT,0.22748490417690415,0.4657516648067875,0.470610313674851,0.03385944297728313
777,CAT,0.2273074365940112,0.4653976297117172,0.4709694583898732,0.04601827092456779
778,CAT,0.2274513325915063,0.4663354936136808,0.4714639133034332,0.03956565645635751
779,CAT,0.22829071737156303,0.46572526182903384,0.4717246998025569,0.08320206907654076
780,CAT,0.22908453715942223,0.46330917518231324,0.47139970561274197,0.0
781,CAT,0.2297464536247008,0.46180542715141176,0.470807588430031,0.0
782,CAT,0.2304731201417446,0.46198346458296624,0.4703732165094036,0.0
783,CAT,0.23093837957325059,0.45862785909492554,0.46928459092789226,0.0
784,CAT,0.23162667509289714,0.4597908526037733,0.46867055233415256,0.0
785,CAT,0.2321015270541863,0.45548219321103645,0.46722769936778824,0.0
786,CAT,0.2326147508911357,0.4515850108293926,0.46521267482168305,0.0
787,CAT,0.23331263937969726,0.4529538675326378,0.46390298455456236,0.0
788,CAT,0.23376111067647043,0.4527338177015252,0.4628066315438656,0.0
789,CAT,0.23412084701078062,0.4505715137008635,0.46145197686334777,0.0
790,CAT,0.233985344714709,0.44013815329688527,0.4580639131044004,0.08096021616479297
791,CAT,0.23378629148798657,0.4303425253078344,0.4531899733775349,0.05418827015387564
792,CAT,0.23362081160318737,0.422232915967879,0.44749971148571177,0.03592308713215736
793,CAT,0.2334109654081732,0.41848628172885133,0.4421200102665589,0.030154599961089983
794,CAT,0.23361721438622152,0.42065027921158177,0.4382941955901974,0.04913018889465742
795,CAT,0.23362920632925055,0.4217212582168698,0.4354700831500671,0.046667065630508986
796,CAT,0.23355895996416465,0.42287354455132253,0.4334652902541239,0.07638067068766276
797,CAT,0.23350619746411583,0.42217672826328856,0.43170755521956383,0.0
798,CAT,0.23338148886822163,0.4218388329800158,0.43022673873168643,0.0
799,CAT,0.2332831607904663,0.4212860713649021,0.4289200011257327,0.0
800,CAT,0.2330193541453055,0.4159719757268137,0.4267009255987191,0.0
801,CAT,0.2328155035558629,0.41398697035971826,0.4244872515577803,0.0
802,CAT,0.23245097073709553,0.4109834105327195,0.4220529380307071,0.0
803,CAT,0.23223273069428074,0.40876582756209184,0.4196157058752401,0.0
804,CAT,0.23180584357756617,0.40703933315388535,0.41728460195656925,0.0
805,CAT,0.23162837365263977,0.40626718508815923,0.41524918012498035,0.0
806,CAT,0.231726725150729,0.4114512331560793,0.41476580544615876,0.16856693439201553
807,CAT,0.23195216021298426,0.4230414852342837,0.4169389599215131,0.06121371425694346
808,CAT,0.23221716744303034,0.43199543020713094,0.4206550758488406,0.048534834732908795
809,CAT,0.23282631745607862,0.4444308538271507,0.4263744896669184,0.055732304389389885
810,CAT,0.23369208304702893,0.4508536899114233,0.43236858555789603,0.044714056651835074
811,CAT,0.23470414156030872,0.4571919020714474,0.43856373683988936,0.05090675574601785
812,CAT,0.2354931653028417,0.456767543571106,0.44342613290679567,0.10091871361985268
813,CAT,0.23605435442349665,0.45389925907629164,0.4466825527393661,0.0
814,CAT,0.23647164696114842,0.4533482754670591,0.44916599688492725,0.0
815,CAT,0.23690812690040108,0.4523194746337207,0.4509255284848119,0.0
816,CAT,0.2373254217800861,0.45107801667411973,0.45205896202381335,0.0
817,CAT,0.23770674229445443,0.4474344415990603,0.4521609790732068,0.0
818,CAT,0.23819118722465904,0.44664966347215107,0.45206926450681795,0.0
819,CAT,0.23873318996835302,0.4466638504377712,0.45199902622505583,0.0
820,CAT,0.239464653848117,0.4454541307791202,0.45167565366517237,0.0
821,CAT,0.23984357612025675,0.43899995890862736,0.4499914698748025,0.0
822,CAT,0.24157511052245295,0.460405592166859,0.4533718285234639,0.14890258075870996
823,CAT,0.24363999649588453,0.4836976480815435,0.46122046150030216,0.1345760983412011
824,CAT,0.2455621867639527,0.49812886671280315,0.4706866856071153,0.07917216622129199
825,CAT,0.24744840134931023,0.5082279110906958,0.4804901669712298,0.058895454616721986
826,CAT,0.24915832361342372,0.5170924476836989,0.49029079743454185,0.05095666303109025
827,CAT,0.2506831996208535,0.5265050238277937,0.500210188665115,0.13080324008694466
828,CAT,0.2521856945713511,0.532107198954066,0.5093830131016891,0.1433127440019062
829,CAT,0.25343278404334313,0.5354516908280624,0.5174599461132964,0.0
830,CAT,0.25470265476722875,0.5341896115867992,0.5236427463099962,0.0
831,CAT,0.25600489912641466,0.534232022577696,0.528598353472769,0.0
832,CAT,0.2574678260076798,0.5313465958036659,0.5319255560921816,0.0
833,CAT,0.25899790454961213,0.5271000226296304,0.5336494086254348,0.0
834,CAT,0.2603265307443311,0.5204356340735901,0.5335565758875263,0.0
835,CAT,0.26163117451676243,0.5133526773008867,0.5319179488316125,0.0
836,CAT,0.262592869650485,0.49952350214796754,0.5275526984019293,0.0
837,CAT,0.2635641577531219,0.4856656393404567,0.5209998132407503,0.0
838,CAT,0.26450666519248933,0.4758425868622195,0.5135879593457249,0.13029886734754043
839,CAT,0.2652980874700054,0.4652933929913085,0.505328552924406,0.07480969535135722
840,CAT,0.2660343466632099,0.45444532186222575,0.49632509364769306,0.06483155076730242
841,CAT,0.2671591225612405,0.4484360528920943,0.4877951029339416,0.04241699656633462
842,CAT,0.26715492153878173,0.44654876063711835,0.4805542779241223,0.05198859552287487
843,CAT,0.2668215696747921,0.4448880089839363,0.47439481984350296,0.059466296793324436
844,CAT,0.2668179761172532,0.44708552219961617,0.4699526020528083,0.09820075404166198
845,CAT,0.2667760098057922,0.4473815502210575,0.4664642093645315,0.0
846,CAT,0.26659854075912814,0.44643445958009703,0.46346431822999956,0.0
847,CAT,0.2662440066665669,0.44527409298552717,0.46080812363825097,0.0
848,CAT,0.26598260060566814,0.4454596221143018,0.45872414442677256,0.0
849,CAT,0.2661312916238495,0.4540963726625281,0.458964496991672,0.0
850,CAT,0.2661216986549345,0.4546082848873659,0.4592698413531398,0.0
851,CAT,0.26599459181681173,0.4544978626998215,0.4594897287012551,0.0
852,CAT,0.26595861818338096,0.45430105326805975,0.4596221707197975,0.0
853,CAT,0.26586508673646014,0.4518391435796549,0.45918438034539905,0.0
854,CAT,0.26605418813619586,0.4533222609259215,0.45916171332829375,0.0
855,CAT,0.2660289588738628,0.4489196966060401,0.45817121752869383,0.10197913301329366
856,CAT,0.26641986913685056,0.44659941301858863,0.4568663568210047,0.0448019464724493
857,CAT,0.2667004637703666,0.4400620394345311,0.45437860635835914,0.03946275028448257
858,CAT,0.26687313750358965,0.4342444590543831,0.45110351955293604,0.03610151671772594
859,CAT,0.2669954428804341,0.42625756036384516,0.4467194422020355,0.035767623730869884
860,CAT,0.26708417667188067,0.4171620255175815,0.44120331605435914,0.052457635671077425
861,CAT,0.26705299835189045,0.41045109262594603,0.4353082204646771,0.0887930099768196
862,CAT,0.26687253120968635,0.4053349572475247,0.42946218058557434,0.0
863,CAT,0.26675501412018277,0.402926376465723,0.4242533830586734,0.0
864,CAT,0.2663425135292986,0.3988671332731004,0.41918980967794905,0.0
865,CAT,0.2658652633257804,0.39346091065543887,0.41394491811885403,0.0
866,CAT,0.26556548304718863,0.3923601544529899,0.4095058888988391,0.0
867,CAT,0.26530167640202784,0.39244551036833575,0.4059735174596522,0.0
868,CAT,0.26514099417270265,0.39635873654085685,0.40401190595608116,0.0
869,CAT,0.26459899142900867,0.40052682750102087,0.40336319252285435,0.0
870,CAT,0.2644598933797425,0.40654683711785283,0.4041738172767456,0.0
871,CAT,0.26362290889119333,0.3967518708169798,0.4026589745023801,0.08905800441083235
872,CAT,0.26260605301519335,0.38587604065850717,0.3990450352094068,0.06979158408593593
873,CAT,0.2613517696947777,0.37087788178310716,0.3928413501039273,0.05169665998807083
874,CAT,0.260024701186491,0.36194455143171667,0.38590536267318853,0.04656725106036418
875,CAT,0.2589611252566827,0.35591489913096536,0.3790248475190433,0.03339967763427102
876,CAT,0.2577644047265778,0.3506042643471494,0.3723475143270509,0.043075286906161275
877,CAT,0.25668519572364745,0.3452675582424831,0.3658269685228009,0.0907332108911829
878,CAT,0.255641961817919,0.3422208656159009,0.3599376311590597,0.0
879,CAT,0.2547138447101863,0.3398532466564564,0.3547032425826032,0.0
880,CAT,0.2539104359055936,0.3387445389511151,0.3502708595584037,0.0
881,CAT,0.2530494678237406,0.33798489279507443,0.3465571756477592,0.0
882,CAT,0.25230121624837565,0.34070689144293226,0.34418741645495143,0.0
883,CAT,0.2514522384994039,0.3430761248285907,0.3428148843526805,0.0
884,CAT,0.2508310937621617,0.34819150508852004,0.34284665530072167,0.0
885,CAT,0.25016198418034497,0.3495510319932196,0.343172340824541,0.0
886,CAT,0.24941852908943718,0.3527017131683967,0.3441287571542102,0.0
887,CAT,0.24922187147015584,0.36796812099868165,0.3482656700740401,0.06412578225804849
888,CAT,0.24918110076675892,0.3873038016201577,0.35584573078929255,0.06989802351693104
889,CAT,0.24873982097637615,0.3953094348550957,0.3636779250298747,0.058412281432038755
890,CAT,0.24820021940245274,0.40234596761879177,0.3714977879565512,0.07633915489300076
891,CAT,0.24829614762783103,0.40664316120742283,0.37870276802096015,0.050374116933652235
892,CAT,0.24831173678782614,0.40502077678497583,0.384108427889401,0.03991390330838926
893,CAT,0.2487098458760585,0.40502807137576596,0.3884345668870771,0.07824601067441746
894,CAT,0.24909476492478733,0.407187022989843,0.392372309940069,0.0
895,CAT,0.24938015897030252,0.4072576839302004,0.39553811074762446,0.0
896,CAT,0.24980704696527967,0.40909089020509354,0.3984756382575903,0.0
897,CAT,0.25024832324261237,0.40898462564928795,0.4008021903902219,0.0
898,CAT,0.2506416349681254,0.40830989717789606,0.402514409753058,0.0
899,CAT,0.25135151466783034,0.4136464856924629,0.4050628385227176,0.0
900,CAT,0.2519342875294127,0.4150832979803768,0.4074189197612436,0.0
901,CAT,0.2526345742602033,0.41789766996574607,0.40992537451131345,0.0
902,CAT,0.2531142227059501,0.4179098476248322,0.411933227901878,0.0
903,CAT,0.25432054176729924,0.4324239272925017,0.4167451292508313,0.11492057785569595
904,CAT,0.2552414694179207,0.4400871971496797,0.42228718070279003,0.05527364318985283
905,CAT,0.25651733633288665,0.4497945362988656,0.42886481087364914,0.033315983558862
906,CAT,0.2578032956553956,0.45855353024960843,0.4360614499507813,0.02598049596799927
907,CAT,0.258544351625812,0.46564890483340937,0.4433858647092012,0.03810708292581238
908,CAT,0.25864508101971484,0.46412175130690014,0.4489081052844247,0.04121193437766167
909,CAT,0.25905757897581105,0.4614053777312532,0.4527259521774594,0.05729466740659001
910,CAT,0.2595060473450427,0.46003806492066046,0.4554782413104036,0.0
911,CAT,0.26001687235425475,0.45839343759101275,0.45731683580541893,0.0
912,CAT,0.26077591660515764,0.4567002601148002,0.4584137516742608,0.0
913,CAT,0.2614234437634405,0.45373853297989203,0.45863714935579675,0.0
914,CAT,0.2619534552959909,0.45056656414207863,0.4581152979400394,0.0
915,CAT,0.26242830725728006,0.4448164015761809,0.456427820451742,0.0
916,CAT,0.26284320316285126,0.44041130675533624,0.45410491738194586,0.0
917,CAT,0.26321732895053385,0.4342106875972682,0.450877109517039,0.0
918,CAT,0.26372815630177915,0.4313233005679107,0.44765714716704885,0.05758726542747908
919,CAT,0.2634619514143898,0.41846652491598396,0.44224159526884976,0.043282645050776246
920,CAT,0.263165766449862,0.4049694013873526,0.4349281427793417,0.06330098708218383
921,CAT,0.26259258626444015,0.3904245814432836,0.42586497277118507,0.039283658212828955
922,CAT,0.26206017619690714,0.37799920517461105,0.4158701347734609,0.05603218975721431
923,CAT,0.2608586544982777,0.36927569288178674,0.4059475660091481,0.11059034797523273
924,CAT,0.2599209409085804,0.36495169264680105,0.3970545006866836,0.12090923123568892
925,CAT,0.25883213688745565,0.3629740023177845,0.38950325042835043,0.0
926,CAT,0.2574862215092283,0.35820788035407325,0.38240959171762834,0.0
927,CAT,0.2562343417006169,0.3578104022857423,0.37664687667480706,0.0
928,CAT,0.25529182986993637,0.3580906045990057,0.3720985908763952,0.0
929,CAT,0.25473304235818317,0.36599746515316406,0.37020629270635463,0.0
930,CAT,0.2538888610936688,0.3680913250802414,0.36915490970027326,0.0
931,CAT,0.2530926446737293,0.37120611467954423,0.3690017440961293,0.0
932,CAT,0.2524571104831145,0.377584896304679,0.3702880464631047,0.0
933,CAT,0.2518263727769575,0.3819489378196131,0.37228094229238456,0.0
934,CAT,0.2508382975642275,0.3778858072682463,0.3729778650241068,0.09483267478536003
935,CAT,0.25020036425312153,0.3795645557253845,0.37390617610472976,0.05894668687396445
936,CAT,0.24999891424794118,0.3908221075806837,0.37713519812240287,0.04891399760224203
937,CAT,0.24961279959114846,0.3936085055031112,0.3803338270690793,0.05300219923297361
938,CAT,0.24903961618543102,0.39432541093546514,0.3830510678866224,0.04159683879306518
939,CAT,0.2486594968414556,0.38873863485598265,0.38399095016339446,0.05619957790803236
940,CAT,0.24855397359788334,0.3870002216598794,0.3843589053749927,0.08622388893906607
941,CAT,0.24854917740617977,0.3839725379950961,0.38398456719431234,0.0
942,CAT,0.24860193902796623,0.38184390163071613,0.3832149603024259,0.0
943,CAT,0.24869546959662425,0.38199366602651197,0.3826323521558074,0.0
944,CAT,0.24869306959787052,0.38247701909950005,0.3822730202970413,0.0
945,CAT,0.2488681412805681,0.3877655209679609,0.3831535875435455,0.0
946,CAT,0.2493717721486023,0.39525870400884766,0.3855130058822548,0.0
947,CAT,0.24953964910461346,0.39704494224467934,0.38779505392982777,0.0
948,CAT,0.24984662410989167,0.4014884689891309,0.39060210162496345,0.0
949,CAT,0.2498825977433229,0.40651350202168274,0.3939575820795173,0.0
950,CAT,0.25045098437182867,0.4169861542916518,0.3989549845647983,0.10413618770615739
951,CAT,0.25090664893151715,0.42375858345724104,0.40444868345687734,0.04889611047794617
952,CAT,0.25130475362843707,0.4312042908823269,0.410488121519968,0.05778049053561337
953,CAT,0.25149608312167293,0.43148288627412673,0.4153812032972932,0.03126205586656824
954,CAT,0.2521292152642546,0.4328639659718529,0.41960069769232256,0.036160919636683796
955,CAT,0.25248895159856477,0.4324825478040405,0.4228920521668859,0.04643298721379773
956,CAT,0.2524074122410501,0.43232439179980187,0.42549020498645596,0.07720392006266234
957,CAT,0.25266162357526245,0.43269275211138786,0.427650084290358,0.0
958,CAT,0.2530141669394116,0.4331195484620037,0.42947225112233034,0.0
959,CAT,0.25375402261769675,0.4349370561035496,0.43133140420948457,0.0
960,CAT,0.25451067067565003,0.43882328583706065,0.4336770498209239,0.0
961,CAT,0.255359648424622,0.4415364457323822,0.4361528020951473,0.0
962,CAT,0.25610789999998695,0.4411499461213178,0.43804804057185476,0.0
963,CAT,0.2568873287243255,0.4426386798934514,0.4398930370945432,0.0
964,CAT,0.2576283855730045,0.44268009512927,0.4413781813929646,0.0
965,CAT,0.25817278655892684,0.4428369066368002,0.44260093064262646,0.0
966,CAT,0.25877234711611063,0.44683176309616457,0.44446144477463717,0.0
967,CAT,0.2601573305394337,0.46166186465422315,0.44922527216064817,0.14390058998802446
968,CAT,0.26125812694271866,0.46966457845843623,0.45480383494452237,0.08642241393588061
969,CAT,0.26216226777600127,0.47260185091611,0.4599154190594325,0.07743181527591331
970,CAT,0.26268508282534053,0.47273676570895923,0.4640344839950418,0.06725669149590903
971,CAT,0.26328344309039264,0.47234926266052785,0.46724415097898475,0.05580274874309828
972,CAT,0.26390938811789655,0.4742066117360473,0.4702221036738816,0.0735220432307503
973,CAT,0.26507786518864884,0.480926099877909,0.47408855003689393,0.13230244609737177
974,CAT,0.26620983874090764,0.48602907762504877,0.47830876450485993,0.0
975,CAT,0.26732742049776015,0.487657803665196,0.48204466088904496,0.0
976,CAT,0.2683538649513625,0.48654597664670546,0.4847878168934745,0.0
977,CAT,0.26923641809153664,0.482549778708177,0.48609973068204404,0.0
978,CAT,0.2700638116604498,0.47783905543775596,0.48610883871310717,0.0
979,CAT,0.27066337221763337,0.4703725492532858,0.48446705251864386,0.0
980,CAT,0.27107347163874695,0.4626317647414313,0.48144397309535397,0.0
981,CAT,0.27283138319240907,0.48405978614793665,0.4837581599442669,0.0
982,CAT,0.2744334090012034,0.4946018319626035,0.48793785398978595,0.0
983,CAT,0.2770355018193801,0.5248904632942448,0.4979712377313499,0.0
984,CAT,0.28255745162349866,0.607424111323563,0.5242265480063233,1.0
985,CAT,0.2880098518174755,0.6688843762318335,0.5588050754851621,0.41126429506953566
986,CAT,0.29378817670193846,0.7251269910751922,0.5988897925132952,0.29101291251628336
987,CAT,0.2988496695604693,0.7627778485281183,0.6392732356852958,0.18901015083262354
988,CAT,0.30446514846947503,0.7967766051062748,0.679089046959549,0.1207281517057802
989,CAT,0.31008902210454414,0.8165283664848144,0.7153041230724047,0.14779402070975667
990,CAT,0.31614458373209764,0.8349163395100971,0.7483374010957771,0.2473038472554416
991,CAT,0.32210541742640386,0.8427276224561453,0.7764892444558079,0.0
992,CAT,0.32779164945797856,0.8410635075065219,0.7986431782443792,0.0
993,CAT,0.3330965580476425,0.8328944732701353,0.8145620904225978,0.0
994,CAT,0.338420655795432,0.8227216241408921,0.825050417370803,0.0
995,CAT,0.3434353802957152,0.802096152169534,0.828885681766617,0.0
996,CAT,0.34860599054086616,0.7832148558128642,0.8277837194335906,0.0
997,CAT,0.3540955670024387,0.7685648416813917,0.8236665080797199,0.0
998,CAT,0.35958034697955366,0.7521476959239688,0.816746804069768,0.0
999,CAT,0.3650157231667569,0.731353625630935,0.806618406620687,0.0
1000,CAT,0.3706132205286222,0.7135763529096646,0.7945893524385047,0.0
1001,CAT,0.37638818576613475,0.7279806482509914,0.7881474804679409,0.44139482470286945
1002,CAT,0.38188375695501653,0.7244159724178194,0.7822066790082571,0.18772316119810167
1003,CAT,0.38568497088756015,0.7057138294066312,0.7733234322801223,0.15587966337757048
1004,CAT,0.386978827254029,0.6955368848281578,0.7639691275713231,0.1563816070013296
1005,CAT,0.38795851447404217,0.6768075335252913,0.7523490689474839,0.1021754497231581
1006,CAT,0.3882045743609136,0.6548404869388517,0.7382013211112011,0.09476686783424686
1007,CAT,0.38859308843095175,0.634986467197642,0.7224981106919615,0.1280276442193562
1008,CAT,0.38857270542128675,0.61686423868558,0.7059330182707599,0.0
1009,CAT,0.38866623774647013,0.6002053632050899,0.6890016203307499,0.0
1010,CAT,0.38852234174897526,0.5875824178134088,0.6726685643401429,0.0
1011,CAT,0.38838324369970867,0.5740160324407223,0.6566058112197156,0.0
1012,CAT,0.3877405147824079,0.5481668913773823,0.6380464979683333,0.0
1013,CAT,0.3874791063794759,0.5323361022349447,0.6197026167379696,0.0
1014,CAT,0.3871961137964851,0.5191356896841836,0.6021120331666009,0.0
1015,CAT,0.3874815046217045,0.5114460367242796,0.5863412088937472,0.0
1016,CAT,0.3875390624351941,0.5012626257256972,0.5714754139582514,0.0
1017,CAT,0.3871481489519101,0.48729176662930224,0.5564971365284246,0.0
1018,CAT,0.386239213390695,0.4638137421840066,0.5393290950172631,0.28610433228358734
1019,CAT,0.3857634003759888,0.44980210912958957,0.5225000148809704,0.14575091362351844
1020,CAT,0.3852717577915571,0.4402173025002365,0.5069198246242341,0.08797439800441524
1021,CAT,0.38345629398673464,0.4365598320621366,0.4936478736698178,0.07957274947404125
1022,CAT,0.38157727324980073,0.4208403661451443,0.47955846942373787,0.06725845812546911
1023,CAT,0.3800040269332595,0.4024487770542021,0.46422493023980793,0.10833524534178429
1024,CAT,0.3779751087381752,0.38647249868348166,0.4484295351215003,0.17817474925453752
1025,CAT,0.3763898688684567,0.37597025804807255,0.43347366593931774,0.0
1026,CAT,0.37494612675400474,0.3668268741140786,0.4194895382485232,0.0
1027,CAT,0.3736175005592858,0.36270172598068384,0.40739114479437044,0.0
1028,CAT,0.3721785552220457,0.35770600212213677,0.3966090610355309,0.0
1029,CAT,0.3707348134003471,0.3541848107954512,0.38720569425017737,0.0
1030,CAT,0.36933903642322397,0.35565842161965283,0.3800084664682996,0.0
1031,CAT,0.3680967469487396,0.35897886177298755,0.3749840455774901,0.0
1032,CAT,0.36732691119331606,0.358659186859945,0.37089390460454247,0.0
1033,CAT,0.3663004635194179,0.35964057308006336,0.367838543423864,0.0
1034,CAT,0.36550184885724957,0.36632940061638214,0.3668715669026871,0.0
1035,CAT,0.36379430302517834,0.35701684462306404,0.36404118954508885,0.1777975738434594
1036,CAT,0.36221146169044294,0.3499213189058183,0.36020975078255735,0.08479402313887231
1037,CAT,0.36109148169136185,0.34974295469294786,0.35710520577319116,0.08496384040533549
1038,CAT,0.3603180471088242,0.3458623975939597,0.35376449949728606,0.07552606363797167
1039,CAT,0.3584905877015455,0.32657752370516296,0.34683262540867676,0.10109051834457093
1040,CAT,0.3564772659853107,0.31039115735467104,0.3377121617708813,0.1174296334884066
1041,CAT,0.35433083626305184,0.3002663368956098,0.32817959580743067,0.14552257675287744
1042,CAT,0.3526818756828244,0.2914029985275931,0.31859596230784,0.0
1043,CAT,0.3514227979272305,0.2879853479401502,0.3101742240157813,0.0
1044,CAT,0.35024286626374346,0.2866950453378218,0.30315185368218384,0.0
1045,CAT,0.3489214347957109,0.2858863576942009,0.29735534848929357,0.0
1046,CAT,0.34739855098046457,0.28116488253179156,0.2916753466434326,0.0
1047,CAT,0.3460747212702032,0.28562975798772383,0.2881174695576053,0.0
1048,CAT,0.3448444230068627,0.29019212194890837,0.2862788238530385,0.0
1049,CAT,0.34364770013472457,0.2956287419812177,0.28600865379858126,0.0
1050,CAT,0.34229029503326125,0.3014384032370841,0.28707565515125366,0.0
1051,CAT,0.3410192266520321,0.3105736483076581,0.289946891007195,0.0
1052,CAT,0.3400983045637399,0.3226602940469691,0.2949133687482219,0.09494198498939029
1053,CAT,0.3393320676354302,0.33699644808223106,0.3020528724442638,0.05427726411796492
1054,CAT,0.33852145824906776,0.3534815043827724,0.3114054092329895,0.0525612043290374
1055,CAT,0.3387492868694847,0.37363711467900484,0.3233390609145763,0.062784689593249
1056,CAT,0.3389291550366399,0.38844002457320254,0.3361553927163005,0.049909493359349896
1057,CAT,0.3389351491784408,0.40135512316955846,0.3492609215381144,0.05511508818683521
1058,CAT,0.3393440535769984,0.4155436250089182,0.36287905523803954,0.10355584989566947
1059,CAT,0.34064390145048085,0.4281933958847391,0.37656742458508885,0.0
1060,CAT,0.34194974463678085,0.4359940093477149,0.3892409845133598,0.0
1061,CAT,0.34326398079261866,0.44340598986783464,0.40101686239054485,0.0
1062,CAT,0.3445891775009503,0.44687956624322706,0.411204748104485,0.0
1063,CAT,0.34576911267748744,0.44832774382238805,0.4196749050672002,0.0
1064,CAT,0.3466228869109168,0.44222348446612936,0.42510282751306044,0.0
1065,CAT,0.34729919121942,0.4321713449158079,0.4272250229173411,0.0
1066,CAT,0.3480834164282157,0.4207904367232289,0.4264091612754658,0.0
1067,CAT,0.3485342859672179,0.411497704871601,0.42370405423451246,0.0
1068,CAT,0.3490451115619385,0.4050967313760529,0.42012623239532737,0.0
1069,CAT,0.349106268202542,0.39126086379640296,0.4142081480316761,0.10797926948542717
1070,CAT,0.34970815352065554,0.39215287223665074,0.40967069192180355,0.06263872182584698
1071,CAT,0.3504228329251141,0.39875270882372016,0.4074983846770906,0.05240971584426012
1072,CAT,0.35146126858986004,0.41459685880751834,0.4092599204219031,0.07788340995721002
1073,CAT,0.35252248784853324,0.43130414914796184,0.4143591660568681,0.05836921983651168
1074,CAT,0.353460201438231,0.44599767805568385,0.4216838148427018,0.051275539666685584
1075,CAT,0.3538966832803857,0.4532469842321449,0.4291446351132708,0.08079525712962003
1076,CAT,0.35458018377934575,0.4621800822403782,0.43708627936014705,0.0
1077,CAT,0.35509221083721376,0.46608155236457266,0.44430128393300317,0.0
1078,CAT,0.355320042970681,0.46654631788849216,0.4501759369537825,0.0
1079,CAT,0.35552869004458076,0.4674627264161911,0.4550780598203349,0.0
1080,CAT,0.35587643516774736,0.4685225737357988,0.45923383884052427,0.0
1081,CAT,0.35619060489971155,0.46958273926199534,0.46279261306358543,0.0
1082,CAT,0.3567230146744905,0.4723308103165008,0.4662465787995342,0.0
1083,CAT,0.3572026631202371,0.471820698985806,0.4688970868290646,0.0
1084,CAT,0.35811399516715603,0.47291305401045813,0.47125875371872467,0.0
1085,CAT,0.3590804867853362,0.4692993715495652,0.47234995961173487,0.0
1086,CAT,0.3608384012665401,0.4790372440705627,0.47537365701798034,0.11250382861749975
1087,CAT,0.36262748967642133,0.4862766168534083,0.4793915222688726,0.109243955421753
1088,CAT,0.3640760300318563,0.4848771092145882,0.4822967154518291,0.08361236879187049
1089,CAT,0.36626440410901273,0.4894727121519974,0.4856358672118955,0.04891488091702207
1090,CAT,0.36796963132799154,0.4936147241723387,0.4892220045248521,0.04857325892584064
1091,CAT,0.36952968174994527,0.49857833272871044,0.4931871902987985,0.05257864979594324
1092,CAT,0.37009327013746873,0.4912312856593598,0.4947366503598083,0.13057622818847375
1093,CAT,0.370776770636429,0.49139512244589795,0.49601240384154033,0.0
1094,CAT,0.37103818167414826,0.4836438399715727,0.4953210375510062,0.0
1095,CAT,0.37158977738675725,0.47892817611178595,0.4937264303269431,0.0
1096,CAT,0.37188955766534904,0.4729451561808435,0.4911293186886412,0.0
1097,CAT,0.372640207482943,0.4744360808391283,0.4893809190043246,0.0
1098,CAT,0.3735947078899794,0.47716637876275864,0.48858522019292755,0.0
1099,CAT,0.37437413661431773,0.4760873135155481,0.4877103358937312,0.0
1100,CAT,0.3752686809656357,0.4778850995107104,0.48740749230013564,0.0
1101,CAT,0.37612485344129365,0.4786168500192597,0.48732683380888014,0.0
1102,CAT,0.3766644579427588,0.47440568067539224,0.4863322168386641,0.0
1103,CAT,0.377285605607543,0.47011932668023587,0.4845898276011657,0.0915734640756983
1104,CAT,0.3771033412474384,0.4515250402324041,0.47908913214118587,0.09439234236750885
1105,CAT,0.3767316137019846,0.4287816552951078,0.46966541066170464,0.07189851066503224
1106,CAT,0.37597376827944207,0.41594483244653163,0.45929125828967626,0.046542959903913016
1107,CAT,0.3755492820397436,0.41316548155073834,0.45037808148475417,0.061744586439748984
1108,CAT,0.37540298545798667,0.4105486933095894,0.44266958915824756,0.050573525245246824
1109,CAT,0.37492575223421076,0.40813913103143795,0.4359706128975024,0.08028249289980538
1110,CAT,0.3743046039839183,0.40471967954871574,0.4298562026459495,0.0
1111,CAT,0.37355755445720973,0.40214765250580525,0.4243966096406599,0.0
1112,CAT,0.3733704903923517,0.4016686569754183,0.41992314299646766,0.0
1113,CAT,0.3728692577665461,0.40168513690443713,0.41634800948252054,0.0
1114,CAT,0.37263423002813034,0.4003898841721725,0.413201829672413,0.0
1115,CAT,0.37229847611610734,0.39958145009755935,0.41050633290224703,0.0
1116,CAT,0.37168692434778017,0.39181477286148886,0.4066345662817478,0.0
1117,CAT,0.371039398946022,0.39208292362942004,0.40359637748450755,0.0
1118,CAT,0.3700952829278362,0.3886111587638726,0.40039904312945535,0.0
1119,CAT,0.3691455790052577,0.38356562177297976,0.3967268047876324,0.0
1120,CAT,0.3686949275681183,0.39371309432235246,0.3960302121689235,0.07878902843544856
1121,CAT,0.36795506896229135,0.3959172114359824,0.39595974530240385,0.06261928890068605
1122,CAT,0.36750899942079684,0.3999261988294613,0.3967888075375494,0.05229576823763464
1123,CAT,0.367247584577273,0.4067781064850635,0.39896538806239285,0.03271687530929819
1124,CAT,0.3677212388812189,0.4129550174087237,0.4020709016269793,0.029463406145706746
1125,CAT,0.36863616887698936,0.41925737331751506,0.4059472677398623,0.050744888312575065
1126,CAT,0.3692884910559592,0.4238115619403167,0.41005421096706024,0.059393864981360955
1127,CAT,0.3696458268060071,0.42841889137957123,0.4143573527092279,0.0
1128,CAT,0.370015157865757,0.43166560715789276,0.41851694447408294,0.0
1129,CAT,0.37043245552660686,0.43460919212140564,0.42249474597077985,0.0
1130,CAT,0.3709240951834979,0.4366318365270182,0.4261237138466529,0.0
1131,CAT,0.3715020715606224,0.4397596109800951,0.4297176968177689,0.0
1132,CAT,0.372010498913114,0.44186786915835097,0.43305851876105783,0.0
1133,CAT,0.372463766694345,0.44230346635040346,0.43582738348202843,0.0
1134,CAT,0.37279232587968136,0.4382740957889849,0.4371525376492004,0.0
1135,CAT,0.3730681237359862,0.43379198730608337,0.4372227304594329,0.0
1136,CAT,0.3730105638732172,0.4158082403548221,0.43330694603144426,0.12318641673863842
1137,CAT,0.372809110647741,0.40479862156959895,0.4277427044999621,0.07907014336419708
1138,CAT,0.37281311893255886,0.39662901409855567,0.42148694981599116,0.048181950478281825
1139,CAT,0.37302416161389995,0.3921271720148113,0.41548805712920045,0.036539420019932
1140,CAT,0.3725035275831893,0.3873509636361732,0.4096340567630082,0.03212107949015954
1141,CAT,0.3725251108849853,0.3892379719134018,0.40536762618878414,0.0347489409607859
1142,CAT,0.3726210391103638,0.39462437770524594,0.4031441377865202,0.05892990389314364
1143,CAT,0.3725970602011265,0.40011636814862256,0.4025783228316806,0.0
1144,CAT,0.3728332835476066,0.4107277511806278,0.4044693294383366,0.0
1145,CAT,0.3725203123512485,0.4090816170340644,0.40561856511268835,0.0
1146,CAT,0.37230926469308645,0.4096489549518821,0.40666325742920506,0.0
1147,CAT,0.3717145006203605,0.4032953629705898,0.40609573988455455,0.0
1148,CAT,0.3711269312743207,0.39839074713911343,0.40455847921699406,0.0
1149,CAT,0.37028754649426376,0.3900779713568103,0.4014926886862249,0.0
1150,CAT,0.3694745423787228,0.3843389232036544,0.397772514664982,0.0
1151,CAT,0.36845049294705345,0.3775822085636652,0.39330406929648426,0.0
1152,CAT,0.3673784786708093,0.3716549374804681,0.3884201999829517,0.0
1153,CAT,0.3655090500245276,0.34997262725223527,0.37972429123210905,0.13654500698591576
1154,CAT,0.36391181982192833,0.3353406974027272,0.3695359168870945,0.0817574077537813
1155,CAT,0.36232898287850557,0.32402480373271125,0.35888595872793827,0.04592000215528806
1156,CAT,0.36131333080768646,0.31376104857905107,0.34809911165741536,0.046996542043464824
1157,CAT,0.36015498303150395,0.3069882399844654,0.33797377329543504,0.04083144653615838
1158,CAT,0.35888751113535566,0.30097798426292494,0.32854606137690207,0.04138528490324501
1159,CAT,0.35754450134234805,0.29768336541505586,0.32027623347029305,0.10162072804129144
1160,CAT,0.35629021802193217,0.29677880767990583,0.3134605880929638,0.0
1161,CAT,0.3547469509042668,0.2967073423240859,0.3079922877605779,0.0
1162,CAT,0.35290109375879763,0.2953062049257477,0.30330818852384533,0.0
1163,CAT,0.35115996990073695,0.2987953567266029,0.3003315325769721,0.0
1164,CAT,0.34899915365264766,0.30024356873408437,0.29827006381496796,0.0
1165,CAT,0.34731798585030493,0.30267584910730927,0.2971580887844288,0.0
1166,CAT,0.3455720655077864,0.30630133553471256,0.29706924343447744,0.0
1167,CAT,0.3440803588415139,0.30882066230259486,0.2975545924342088,0.0
1168,CAT,0.34263421877758693,0.31289425172622803,0.29884257554032856,0.0
1169,CAT,0.34235602326456227,0.3369362590918755,0.30518294437580407,0.1405757931559446
1170,CAT,0.3415568096273448,0.3462911784457773,0.31232139207049514,0.05595247059831547
1171,CAT,0.34024976761268466,0.34120793462246835,0.31690945133613657,0.09154806877577208
1172,CAT,0.33871489405006583,0.332257071947039,0.318602987166096,0.0844981126875581
1173,CAT,0.3382736183582412,0.3314513017490822,0.31977985125894004,0.06567379141007292
1174,CAT,0.337359888654602,0.3235382173466038,0.31897363744866214,0.045786621623501646
1175,CAT,0.3364581472345646,0.3178707780016028,0.3170769405176029,0.08198795291137238
1176,CAT,0.33580222652123515,0.3172268094647431,0.3154173543512827,0.0
1177,CAT,0.3349028833434259,0.3128771390749318,0.3131290055278386,0.0
1178,CAT,0.3341102619447961,0.3109229004263164,0.3108667080698728,0.0
1179,CAT,0.3332924581245017,0.31016780299575053,0.3088900972559466,0.0
1180,CAT,0.3325753836981101,0.31321036933222557,0.307980797981626,0.0
1181,CAT,0.332047770407789,0.3199935167925244,0.30875150273739466,0.0
1182,CAT,0.3316536672623408,0.326480503847448,0.3108007999342845,0.0
1183,CAT,0.33112605397201966,0.3330114766523608,0.313882685895009,0.0
1184,CAT,0.33094858404709304,0.3437518288856217,0.31872033771846153,0.0
1185,CAT,0.33131551481533517,0.36431669933198063,0.3271324717243187,0.11591651527019384
1186,CAT,0.3313682779008925,0.37489722379437856,0.3361990219929278,0.08128770511949372
1187,CAT,0.33164887253440856,0.3868331720033143,0.34608846780258756,0.06509831183087525
1188,CAT,0.33174240515234577,0.39349604448141756,0.35547160436977937,0.03437861123925309
1189,CAT,0.33070876333726973,0.39515176469236346,0.3633438004384442,0.06320006836856397
1190,CAT,0.32985318925115215,0.39001603657315903,0.36850726658064153,0.055801865428318234
1191,CAT,0.3295833870004198,0.385292073769661,0.3715946923757552,0.0626285637058765
1192,CAT,0.3295977749900211,0.3820443716409474,0.3733473367927272,0.0
1193,CAT,0.33008821347651807,0.39506297046002986,0.3776247750440484,0.0
1194,CAT,0.3302009311540227,0.38938228815762677,0.3797920748871112,0.0
1195,CAT,0.330359214555611,0.38566335722890555,0.3807045416834236,0.0
1196,CAT,0.3305870475673406,0.3872232214765025,0.381779030929743,0.0
1197,CAT,0.3306398088963728,0.38015308358316113,0.3810770926733533,0.0
1198,CAT,0.3311458380066358,0.38474929001428876,0.38153067257118706,0.0
1199,CAT,0.33111945734211956,0.37718669278983774,0.3802232409448417,0.0
1200,CAT,0.3303496215866958,0.3586343897815164,0.37507978414904924,0.0
1201,CAT,0.3297812381784858,0.35218017981650396,0.36953952455629413,0.0
1202,CAT,0.329181680548844,0.34727937956112376,0.3640249129686395,0.16779690473251352
1203,CAT,0.3290689599437976,0.3547995793891594,0.36127415524022877,0.06931746487774813
1204,CAT,0.328596505931983,0.35856788701171927,0.35990582760492046,0.04893895124477823
1205,CAT,0.32746932915693605,0.35985353512673035,0.35909511719404824,0.03780918501624305
1206,CAT,0.32685057856336386,0.3659784592301409,0.359799316061247,0.035967694528549504
1207,CAT,0.3258337262004142,0.36622660482066605,0.36041748125692674,0.03993201126138013
1208,CAT,0.32500632970395926,0.3679164807687768,0.36128524395627293,0.08513785341700385
1209,CAT,0.32435160840449784,0.3695669651636242,0.36234398453424843,0.0
1210,CAT,0.3239894744134676,0.37081779564197054,0.3634672387772103,0.0
1211,CAT,0.3236884950137614,0.37259112141635925,0.36475750366725374,0.0
1212,CAT,0.3233623340706536,0.37405370869338916,0.3661127465354435,0.0
1213,CAT,0.3223190987011545,0.37590607199894843,0.367606058767187,0.0
1214,CAT,0.32227353209880827,0.38249201969173163,0.37025529865725365,0.0
1215,CAT,0.32224715143429183,0.3888621562116561,0.3737816160384304,0.0
1216,CAT,0.3218850168577535,0.3912911862528804,0.37713915204537624,0.0
1217,CAT,0.32206968150936566,0.39625390238895075,0.3809212596721683,0.0
1218,CAT,0.3217123434172843,0.3987958157735451,0.38450835959415436,0.0
1219,CAT,0.3205995613651854,0.37371613261663816,0.3818388733175447,0.11033242005946033
1220,CAT,0.32028299602578014,0.35807661410012354,0.376249098211408,0.09614660552067321
1221,CAT,0.3197649792174234,0.3497115225643173,0.3699297415318804,0.048585404504066225
1222,CAT,0.3194556258772011,0.3476913967435607,0.36442808577116187,0.03485736785003612
1223,CAT,0.3187520351227541,0.34924580788363013,0.3603700725838748,0.030165862224535524
1224,CAT,0.31835152545025946,0.35472119823300796,0.3583329714596497,0.03518861089255204
1225,CAT,0.31809491909411436,0.3603878617458063,0.3579548450907215,0.06665868738982028
1226,CAT,0.31750975033233686,0.363090105190997,0.3582491687441411,0.0
1227,CAT,0.31727471995913314,0.3679883497670503,0.3595664671261238,0.0
1228,CAT,0.3169077906546619,0.37055190435256474,0.3611864993860502,0.0
1229,CAT,0.31645212463120254,0.3710071101184225,0.36258306316263195,0.0
1230,CAT,0.31618831798604174,0.37530444007417213,0.36464943402537336,0.0
1231,CAT,0.31597967091214196,0.3805633172456417,0.3674640204589009,0.0
1232,CAT,0.31584536934733276,0.38621565940766295,0.37096408108415896,0.0
1233,CAT,0.31563912051566156,0.38971222775810976,0.3745363910659502,0.0
1234,CAT,0.31546644707519256,0.39812892724631926,0.3792531739170461,0.0
1235,CAT,0.3151091089831116,0.40190580871251197,0.3838607723874867,0.0
1236,CAT,0.3143248846525778,0.3932558311914823,0.3856363938850012,0.06944598717824431
1237,CAT,0.31350228932464697,0.3887161657399881,0.3860542483727617,0.04755391366967163
1238,CAT,0.31243027768319054,0.3786999134859966,0.38417631557526344,0.03941284299941016
1239,CAT,0.31275164126357835,0.37305567239137627,0.38142736708234354,0.02621832847252571
1240,CAT,0.3128235856028986,0.3674516377461829,0.3779904861375464,0.026341992541731654
1241,CAT,0.3128487624622335,0.3658673806410418,0.37489107810037536,0.029896672045317582
1242,CAT,0.3125705435288745,0.36265135892827877,0.3717012524733156,0.05852600820996922
1243,CAT,0.312194928500687,0.3610680712790054,0.3687997028069624,0.0
1244,CAT,0.31164813278558545,0.36038209606881466,0.3663269567456582,0.0
1245,CAT,0.31103657867522505,0.35980705331926305,0.364221754409739,0.0
1246,CAT,0.31048738120484465,0.35892553833534646,0.3623428987729176,0.0
1247,CAT,0.3099933433057255,0.3622132771029533,0.3615659530822287,0.0
1248,CAT,0.3094897124376915,0.3633808830199945,0.3612022771100147,0.0
1249,CAT,0.30905802883651934,0.36432388656721987,0.3611196106296491,0.0
1250,CAT,0.30845846827933554,0.3655800960233647,0.3613309272414286,0.0
1251,CAT,0.3077389956107154,0.36606753313560236,0.36160763720126393,0.0
1252,CAT,0.3072809281247312,0.373595854224242,0.36349173039428506,0.06193184917311799
1253,CAT,0.30707468280611006,0.3839553529473437,0.36728703167392135,0.05737814065330402
1254,CAT,0.3067089514517366,0.39449004924813624,0.37264999403063576,0.037898399809027344
1255,CAT,0.3067041576020667,0.4074916810712464,0.3798119392574281,0.02986111862542087
1256,CAT,0.3072341670853377,0.41715359855557466,0.3876754524972001,0.023768013272687884
1257,CAT,0.3076370700232399,0.4240389348631774,0.3954869769676522,0.028976478873208332
1258,CAT,0.3083085749197437,0.4281704682683045,0.402648698113804,0.059163540652464874
1259,CAT,0.3089081340131564,0.4315471694169516,0.4091238623200229,0.0
1260,CAT,0.30962281049007323,0.43474392135989215,0.4150100369091778,0.0
1261,CAT,0.310302713332936,0.43856313388554524,0.42056249812160684,0.0
1262,CAT,0.3110773455728172,0.4407268292102826,0.4254823466550845,0.0
1263,CAT,0.31183758835932596,0.4421687168892998,0.4297366846691822,0.0
1264,CAT,0.3125978311458347,0.44292866940799447,0.4333080002358243,0.0
1265,CAT,0.3132621442431941,0.44054608270518675,0.4356388281876551,0.0
1266,CAT,0.3140991307810227,0.4409277428287818,0.4375877850295842,0.0
1267,CAT,0.31441330051298666,0.4333723313010347,0.437478242010798,0.0
1268,CAT,0.3147922227851264,0.4265834539980462,0.43589119791209063,0.0
1269,CAT,0.31565319379452117,0.43062098152533307,0.43551330181212966,0.062400447663930526
1270,CAT,0.3160776829617614,0.42444751963137883,0.433847497549418,0.0335531535773034
1271,CAT,0.3164278242778772,0.416893325502903,0.4308464145249935,0.023236478603797326
1272,CAT,0.3162467631374456,0.40646889045536616,0.426143179369128,0.03197422840797748
1273,CAT,0.3159181978042712,0.3993134358250827,0.4208002183072128,0.02376249255531262
1274,CAT,0.31545893236818967,0.3932260750369691,0.4151813785965379,0.028100893097491232
1275,CAT,0.3144588621385115,0.3819458459887937,0.4081949251290683,0.0566246731459278
1276,CAT,0.3134827787224336,0.3733746485748395,0.40071270466239495,0.0
1277,CAT,0.3125810396444292,0.3680234229127345,0.39354504220992853,0.0
1278,CAT,0.3118183989084461,0.3661058187100959,0.3873873850309245,0.0
1279,CAT,0.3109310492838143,0.36285085127329114,0.38174235843313453,0.0
1280,CAT,0.3099813453612358,0.360334915944961,0.3766706609176629,0.0
1281,CAT,0.30912517288557784,0.3624760415411234,0.3730861976579192,0.0
1282,CAT,0.30829058458997805,0.36464201638066207,0.37069701007342315,0.0
1283,CAT,0.3075327400456983,0.36855250669681155,0.36964934140501493,0.0
1284,CAT,0.3068300550726789,0.3732353034542523,0.36984546154538206,0.0
1285,CAT,0.30645113280053893,0.38146935583518216,0.37182095259242987,0.0
1286,CAT,0.3058510891989611,0.38623277465450817,0.3744534069103911,0.04720257521590973
1287,CAT,0.3056868101918012,0.3918173516271102,0.37779279504136765,0.034667013514936965
1288,CAT,0.30572038294821613,0.3999211949753879,0.38225414216406384,0.023147263811013036
1289,CAT,0.305204762332809,0.40448250278492043,0.386830642561824,0.02172093126993945
1290,CAT,0.3054805587253425,0.4155146793237582,0.39292843903520214,0.02272702680440783
1291,CAT,0.30595539136485617,0.42569147285728554,0.4000543501800035,0.0317938113641538
1292,CAT,0.3064290383499476,0.4290338580456596,0.40649328726994516,0.05224122354996702
1293,CAT,0.3067240247788695,0.428682974384655,0.4115669398336618,0.0
1294,CAT,0.3071844887505576,0.43104157821120526,0.4161467894636229,0.0
1295,CAT,0.3078895725513139,0.4310468073325776,0.4198118240853893,0.0
1296,CAT,0.3086690012756522,0.43230768678755954,0.42302233300736647,0.0
1297,CAT,0.3095707403536564,0.4365376604978197,0.42652498350505097,0.0
1298,CAT,0.31048686888503274,0.44164585869122575,0.4304553142825451,0.0
1299,CAT,0.3114917323788723,0.4448842968860285,0.43431482906632246,0.0
1300,CAT,0.31245342751259464,0.4456210723109309,0.4375651670934936,0.0
1301,CAT,0.313398334950716,0.4489887499690013,0.4409092318521521,0.0
1302,CAT,0.31458546485393934,0.45617902018320816,0.4451725460597207,0.0
1303,CAT,0.31583734671183017,0.46433254715634237,0.45038400730258227,0.07364636978604128
1304,CAT,0.31677743336689723,0.4647486578669814,0.4546450796265634,0.03135745386281282
1305,CAT,0.3175376779099309,0.46484809916073905,0.45807590035709855,0.023732901510181197
1306,CAT,0.3185909928057896,0.4683972273897931,0.46160442693913545,0.023207991702140957
1307,CAT,0.31947714506583214,0.46860951999266837,0.4644741357194921,0.05706191396204882
1308,CAT,0.32008870122547173,0.46590512186176675,0.46617260210553924,0.03406989272362825
1309,CAT,0.32084414606375244,0.464245896010694,0.467164914134367,0.05293263819404526
1310,CAT,0.321104548375965,0.45940401705845213,0.46688937336131847,0.0
1311,CAT,0.3215794217083091,0.46111444083708514,0.4670467095347456,0.0
1312,CAT,0.32212622386400247,0.45891933405684615,0.46668776129148437,0.0
1313,CAT,0.32279533344581923,0.4564389301056498,0.4658527740150666,0.0
1314,CAT,0.3233277432205982,0.4539632386039086,0.4646379963163731,0.0
1315,CAT,0.32416712800065517,0.45631871209601294,0.4641864103623287,0.0
1316,CAT,0.32475469734669493,0.45388376167559663,0.46328735190623166,0.0
1317,CAT,0.3253062930593039,0.45422237662469545,0.46264289254891156,0.0
1318,CAT,0.326052146099686,0.4601296236714453,0.4634320155192932,0.10556627433504615
1319,CAT,0.3271505442607424,0.471132396041807,0.46649341576710635,0.057267063819713686
1320,CAT,0.32855711040035296,0.48407709681586275,0.4718015373623028,0.038556690148853996
1321,CAT,0.3298617576858346,0.49444660496515513,0.4783382720724444,0.03288470511750626
1322,CAT,0.3308690179581323,0.5004054538005203,0.4848837472064892,0.03438015704011817
1323,CAT,0.3319482269610624,0.5085899862327106,0.4919277851395343,0.038866291979258887
1324,CAT,0.33329366661375015,0.5140757119700454,0.4987746076131315,0.08235938677638024
1325,CAT,0.33459591038742775,0.5166845073257124,0.5048282511444129,0.0
1326,CAT,0.3357254789641112,0.518009443859373,0.5099637950125281,0.0
1327,CAT,0.3369102082830723,0.5170636018403696,0.5138633288971104,0.0
1328,CAT,0.3382004608456065,0.515099323000774,0.5165491201020067,0.0
1329,CAT,0.33944994299749764,0.5126094699721637,0.5181478374354864,0.0
1330,CAT,0.3406069030134834,0.5046370030488265,0.5176659908345921,0.0
1331,CAT,0.34164534189852513,0.5009085923399966,0.5164570467460307,0.0
1332,CAT,0.3429955522733025,0.5004977936193056,0.5153991613658635,0.0
1333,CAT,0.3443409661636224,0.49884153864286784,0.5141870481370747,0.0
1334,CAT,0.34580389743620044,0.4989780227638111,0.5132475018037448,0.0778039116270062
1335,CAT,0.3472044700195186,0.5015671925116232,0.5130677157249971,0.028215724018896753
1336,CAT,0.3488628565699673,0.5041739175123854,0.513499615150255,0.024552617626060612
1337,CAT,0.3504097228075008,0.505564771643317,0.5141523224712133,0.02576916290687411
1338,CAT,0.3515510981601958,0.5032587091286065,0.5141651651643101,0.023175529883974394
1339,CAT,0.3525127883170974,0.503589445121916,0.5142484865589978,0.031398086342694774
1340,CAT,0.35327662788144065,0.5036787104991193,0.514334859065824,0.05994969080670268
1341,CAT,0.3541399915707347,0.5058275351491617,0.5148785522576469,0.0
1342,CAT,0.3549434041811318,0.5039662768085528,0.5149024242925705,0.0
1343,CAT,0.3555573547771961,0.5020339562014106,0.514494744398835,0.0
1344,CAT,0.35618569277735335,0.49996799619582943,0.5137123070055278,0.0
1345,CAT,0.3569051654459737,0.49872073789197413,0.5128108842703575,0.0
1346,CAT,0.3575790715122479,0.49627941156386546,0.5115505481892539,0.0
1347,CAT,0.3583105353920121,0.4938302444679443,0.5100013496983555,0.0
1348,CAT,0.3591139465386378,0.49245268315854857,0.5084577390131686,0.0
1349,CAT,0.3599485348342374,0.4913304902497972,0.5069749999237232,0.0
1350,CAT,0.36073995476971976,0.4837721861754392,0.5041194613042204,0.0
1351,CAT,0.36133472147723344,0.4765067248160464,0.5002303610896027,0.0817072796400139
1352,CAT,0.36201581934265226,0.4754024230378967,0.49687518185979307,0.05494262097603191
1353,CAT,0.3625890012845988,0.4712392630071761,0.4932715517646422,0.04211313628200001
1354,CAT,0.36292235314858867,0.4647268524652688,0.4889502991965954,0.041980418236298625
1355,CAT,0.3631094157496758,0.4594476444906851,0.4843273170830164,0.036840851188621494
1356,CAT,0.3629835094964381,0.4498457236352895,0.4785082253504994,0.05358938273300684
1357,CAT,0.3627796574432246,0.4406657136359888,0.471825430288235,0.10423313150326705
1358,CAT,0.36257839333694786,0.4308711722283347,0.464315945504003,0.0
1359,CAT,0.3623265796594558,0.425106070107337,0.4570350617306421,0.0
1360,CAT,0.3621203343408347,0.422263681514434,0.4505825771294804,0.0
1361,CAT,0.3617629962487533,0.41989384533433244,0.4448971810617753,0.0
1362,CAT,0.3616502788640029,0.420570840606702,0.4404983872026355,0.0
1363,CAT,0.3615351632370235,0.4215275632884037,0.4371906564576347,0.0
1364,CAT,0.3615927210505131,0.426241995429578,0.43558571401258733,0.0
1365,CAT,0.3615327649947949,0.4286975702818901,0.4348441049168599,0.0
1366,CAT,0.3616790577707475,0.43425464586745316,0.4354781682866445,0.0
1367,CAT,0.3623601576854455,0.4499271304047462,0.439446886031254,0.14106735783103821
1368,CAT,0.36284220378791276,0.45909841067953994,0.4446474538327799,0.07078774232912882
1369,CAT,0.3633650214720391,0.46747098481765914,0.4506570972962724,0.032474847059566554
1370,CAT,0.3640125465810432,0.4702230786897083,0.4560726469148587,0.03216789517350179
1371,CAT,0.36462409542182883,0.47044003094083314,0.46045300326688826,0.04285092495203049
1372,CAT,0.36522126271360433,0.47496736616707264,0.4649572077720805,0.04843170773233884
1373,CAT,0.36604865189120506,0.48002047987654295,0.46967661564844004,0.08080541524959052
1374,CAT,0.36694082227547054,0.48197911518608133,0.47388473140708404,0.0
1375,CAT,0.3678713414312361,0.4839395545482749,0.4776842119194727,0.0
1376,CAT,0.3690129012190634,0.48412983590548264,0.4807658223812457,0.0
1377,CAT,0.3702360062194886,0.4839309186958535,0.4831871773612306,0.0
1378,CAT,0.3712120908065838,0.4755305587859927,0.4832689352827363,0.0
1379,CAT,0.37196034238194875,0.46559955762345145,0.4811409540173719,0.0
1380,CAT,0.3726558326282815,0.4579319933772357,0.47774509016198197,0.0
1381,CAT,0.37349521740833846,0.45437480986781664,0.4742427499691943,0.0
1382,CAT,0.3742674514059908,0.4523288176602068,0.4709889944781611,0.0
1383,CAT,0.3752531289620008,0.45523954518544607,0.4690288611880384,0.0
1384,CAT,0.3753178841369641,0.44190372601459293,0.4645153696988948,0.13730134526632712
1385,CAT,0.3756848149052062,0.436337852404825,0.4596752827059461,0.059040980726733985
1386,CAT,0.3757723530885885,0.4296992017009313,0.45433698287826196,0.04926114031079872
1387,CAT,0.37488980170493946,0.41564665017920055,0.4469626587261073,0.034218952092760414
1388,CAT,0.3741847179041834,0.4056191259641161,0.4388484934610608,0.03561304364436245
1389,CAT,0.37330216652053416,0.3958599715687917,0.4302017281852355,0.056067522348416006
1390,CAT,0.3724939600604674,0.38677212394809046,0.4212771495189135,0.08656153601373731
1391,CAT,0.3716833544799095,0.37861376619482123,0.4123356097699676,0.0
1392,CAT,0.37070247135907797,0.37407620056155083,0.40418019903205515,0.0
1393,CAT,0.3695513174313191,0.36962757974873606,0.3966733360950208,0.0
1394,CAT,0.36842411960139165,0.36589924906919924,0.3898443966130321,0.0
1395,CAT,0.36713866176679033,0.36142794451953575,0.38339370068966244,0.0
1396,CAT,0.3658747881122474,0.35842518459549577,0.37756994632536145,0.0
1397,CAT,0.36478838438263084,0.36085655800782634,0.3734479424991646,0.0
1398,CAT,0.36390822948468526,0.36021886091023253,0.3700094959436627,0.0
1399,CAT,0.3631767656049215,0.36078333351516245,0.36738340963559274,0.0
1400,CAT,0.3629753126721994,0.37358148969834326,0.36810917575395885,0.0637037786218832
1401,CAT,0.36225104615390913,0.3761217096207644,0.3692508284465981,0.039847213042496055
1402,CAT,0.3609104296263096,0.36689660327290213,0.368126668823736,0.03689053764499888
1403,CAT,0.3594654901472679,0.362981602776302,0.366362663595684,0.03195369133934149
1404,CAT,0.3589834411172591,0.36542118889143504,0.36549027295809566,0.03433157472721583
1405,CAT,0.35858053817935687,0.374736390187446,0.3668497408373428,0.05061923678511403
1406,CAT,0.3583419142486145,0.383883171969041,0.3699574979435405,0.06656881011095096
1407,CAT,0.35842345360612893,0.38939417260214293,0.37366087803705567,0.0
1408,CAT,0.3585505616152683,0.3959432875117253,0.3780700372290678,0.0
1409,CAT,0.3587711972655244,0.4012314144062529,0.38276531449844403,0.0
1410,CAT,0.35906857842362483,0.40547132417337217,0.38745797417826505,0.0
1411,CAT,0.359183694050604,0.40374244950661603,0.3908302580175253,0.0
1412,CAT,0.3592532430752374,0.40300600788957475,0.3933654326144854,0.0
1413,CAT,0.35910934854151344,0.396756477418242,0.3940132841989052,0.0
1414,CAT,0.35915731338608803,0.395307399652071,0.394211518257156,0.0
1415,CAT,0.35931559737318464,0.3945863443117433,0.39421085128372835,0.0
1416,CAT,0.3594403059690786,0.39344404825525653,0.39395802712846184,0.0
1417,CAT,0.3587220338853435,0.37936171506005606,0.3906455058538118,0.08380537307130978
1418,CAT,0.35839347733479465,0.37369881538821387,0.38674476559566734,0.03749384163976789
1419,CAT,0.3584815187626095,0.37885669239222863,0.3847633559641024,0.032751324585719846
1420,CAT,0.35805942578831884,0.38441375576794656,0.3844055762085178,0.024769250575866028
1421,CAT,0.3577992112369258,0.38453172879035574,0.38414540824278726,0.0239409221408812
1422,CAT,0.35813736426944,0.38578621463311097,0.38421434298439006,0.032732554146643944
1423,CAT,0.35844073810557064,0.3891414687576914,0.38501054121960376,0.06755723934981848
1424,CAT,0.35849589738407717,0.39180487633370426,0.3862357471619135,0.0
1425,CAT,0.3582920453308639,0.39559557572891546,0.38805313597025876,0.0
1426,CAT,0.35807620001722784,0.3999263283684236,0.39046354868215666,0.0
1427,CAT,0.35795388966356245,0.4034310313663726,0.39316593697336594,0.0
1428,CAT,0.35764451641605566,0.4043488977970367,0.3955305700526287,0.0
1429,CAT,0.3571768591814527,0.4018297962690057,0.39686590098342533,0.0
1430,CAT,0.3566636353445035,0.39899625894352164,0.3973083430602962,0.0
1431,CAT,0.3565557144442105,0.40024799679843465,0.3979387589080012,0.0
1432,CAT,0.3563302796747093,0.3994369934967295,0.3982639712176858,0.0
1433,CAT,0.3567343820264802,0.4062926640429977,0.40003830288430425,0.056703508990046586
1434,CAT,0.35712049551225633,0.4146275345229086,0.40329863010860456,0.03208839684329797
1435,CAT,0.3573914951275782,0.4189521998908255,0.40686204910210566,0.02572654296873706
1436,CAT,0.3577176584127194,0.42263533837085643,0.41052625215864796,0.02238915890104158
1437,CAT,0.35855584290064535,0.42267423281193706,0.41346620493465297,0.02839592023402542
1438,CAT,0.35897792855608135,0.4189076413318513,0.41498626763987506,0.02334490549304754
1439,CAT,0.3591488969962159,0.4198013937162826,0.4163997143572997,0.04321021323881276
1440,CAT,0.35928320148856663,0.42078673820255724,0.4177480975622188,0.0
1441,CAT,0.35962015715649154,0.42113271571495975,0.418903217649227,0.0
1442,CAT,0.359948714585303,0.4219736677344168,0.42001304864159134,0.0
1443,CAT,0.36015496575900763,0.4220430141115534,0.42091622946267937,0.0
1444,CAT,0.3603851970129658,0.42225692024006795,0.4216860180018854,0.0
1445,CAT,0.3606849772915576,0.4252312391568784,0.4229587649015742,0.0
1446,CAT,0.36090561557660117,0.4269349035143043,0.42435323830926003,0.0
1447,CAT,0.36135648511560337,0.4328728163272978,0.42678028041518157,0.0
1448,CAT,0.36192726676604214,0.4378611393360093,0.4298236485238544,0.0
1449,CAT,0.36245128503505375,0.4371744352324551,0.43210667569722416,0.0582634428916016
1450,CAT,0.3624560812267571,0.42455036317355727,0.4311449109585722,0.04602931235931832
1451,CAT,0.3622954013394656,0.4143908261679934,0.42813163652468816,0.03629783342759038
1452,CAT,0.36242969939122427,0.41062712319915673,0.42488975542635526,0.028033761174208003
1453,CAT,0.36227261481799655,0.4089679182432733,0.4219297940826467,0.025575716970044807
1454,CAT,0.3619584456715407,0.40732661381046237,0.4191993221002642,0.029241914964611097
1455,CAT,0.3618049619747058,0.40726793969506436,0.417001985591567,0.04773278491263023
1456,CAT,0.36156033892534156,0.40575015660557273,0.41490889473299597,0.0
1457,CAT,0.3614356300366933,0.4044063359157991,0.41293762219758584,0.0
1458,CAT,0.36148599546552995,0.4034140939116379,0.41114145493394355,0.0
1459,CAT,0.36143083618702343,0.4044583430649689,0.4099351567970591,0.0
1460,CAT,0.36120540141752244,0.4021869889718045,0.4084684609191301,0.0
1461,CAT,0.36077371781635026,0.395894047977834,0.4059052283589595,0.0
1462,CAT,0.3602604939794013,0.3901214503846595,0.40257969089472145,0.0
1463,CAT,0.3600902187811611,0.3925211265816965,0.40044925985643093,0.0
1464,CAT,0.3599221979306161,0.39494421421147713,0.3992800846708435,0.0
1465,CAT,0.3596440018320829,0.39766398341594794,0.3989454400572242,0.0
1466,CAT,0.3599066105271459,0.41075565693373695,0.40156918655838925,0.07756033757640948
1467,CAT,0.35987780966383764,0.4197256326159642,0.4056493166919155,0.05335927923280578
1468,CAT,0.3597255239171008,0.4246652385637142,0.4100043954416795,0.035725003792732836
1469,CAT,0.35988500175573634,0.43058957946354903,0.41479692429205395,0.02317817982831452
1470,CAT,0.36021596035431835,0.42679472519245576,0.4177928056608041,0.03760778924639337
1471,CAT,0.36035984903295903,0.41962754460884516,0.41860654799302066,0.03168405950273353
1472,CAT,0.3604078168050754,0.41614909418331736,0.4184892819507917,0.05199389541155512
1473,CAT,0.3604869599696402,0.41530031240506515,0.4182080048926838,0.0
1474,CAT,0.36039103320803256,0.4105723902736913,0.4169387616597594,0.0
1475,CAT,0.3602375436561144,0.40685851831547587,0.41510311133310207,0.0
1476,CAT,0.3601584016625662,0.40403144572889815,0.4130101962236162,0.0
1477,CAT,0.3601296227558214,0.40273125297542506,0.4110487000707191,0.0
1478,CAT,0.359844231930602,0.3964431065755267,0.4080906862375044,0.0
1479,CAT,0.359436530751717,0.39086797751497016,0.40449293718556717,0.0
1480,CAT,0.3595756288009836,0.39496361910146544,0.4025193123502986,0.0
1481,CAT,0.3597770811481974,0.39504118219632944,0.40095754327563693,0.0
1482,CAT,0.3598310401345729,0.39119488317018897,0.3988586240775201,0.06248436256803456
1483,CAT,0.359562434370167,0.3883675473012644,0.39655503572162004,0.036567906921588365
1484,CAT,0.35894623352496635,0.3794969773522851,0.39275298712166634,0.03394954108484746
1485,CAT,0.35799787012377016,0.36662041875466744,0.38686739690895183,0.02817597485379484
1486,CAT,0.355797478487594,0.3417475051824602,0.3766654262106736,0.06327470846747756
1487,CAT,0.35352396417652965,0.3202352933797754,0.36375260474737614,0.07722092387217816
1488,CAT,0.35174566551464415,0.3127495991613741,0.3517690370366897,0.10199437019324939
1489,CAT,0.3498582518081722,0.30793986470321033,0.34111989199136816,0.0
1490,CAT,0.3483641460214081,0.3053314961991699,0.33202448467830453,0.0
1491,CAT,0.34707389521539944,0.30472753106082945,0.3246147654644719,0.0
1492,CAT,0.345663729370412,0.30520092730767556,0.31879154566055756,0.0
1493,CAT,0.3440808894994477,0.30511323114472894,0.31411360100722746,0.0
1494,CAT,0.34279543166484594,0.3084363384272062,0.3111051956885654,0.0
1495,CAT,0.3417402050842028,0.31699345655283595,0.3105884195368812,0.0
1496,CAT,0.3410423165956412,0.3322533620999336,0.3135453423598912,0.0
1497,CAT,0.34030365798919127,0.34509199362968435,0.31874645527692685,0.0
1498,CAT,0.34001107243728546,0.3598366973659262,0.32616390049855704,0.0
1499,CAT,0.3399271339592801,0.3755067933811035,0.33555879618923035,0.128813573544899
1500,CAT,0.33964414313281444,0.392273287056055,0.34677780558842985,0.07392880968695986
1501,CAT,0.33958898004850335,0.4070579727312137,0.3590183985142566,0.060954682197696
1502,CAT,0.3399870891367357,0.42404603906686505,0.3725629028348138,0.033815718895671025
1503,CAT,0.340332436603182,0.4360677152807875,0.386053646003575,0.034218731264065404
1504,CAT,0.34115503193111263,0.4482358120533167,0.3995337190889232,0.05558810325154795
1505,CAT,0.34230245265758985,0.4578303023782778,0.41243684247193707,0.10252325491779983
1506,CAT,0.34450164400163497,0.4714480495538888,0.4257669934120993,0.0
1507,CAT,0.3465641349531342,0.4757646966874178,0.437384500449497,0.0
1508,CAT,0.3481997355676222,0.47784417825706793,0.4471377859667084,0.0
1509,CAT,0.3498928945811085,0.4798469348677053,0.4553827485871539,0.0
1510,CAT,0.35181628484855365,0.4854161931058223,0.46320876002325617,0.0
1511,CAT,0.35360777179341774,0.48641737724641015,0.46969069339173203,0.0
1512,CAT,0.35542563940279825,0.48662774472082326,0.4749227024121946,0.0
1513,CAT,0.3573202507634984,0.48586618310395163,0.4789401090834535,0.0
1514,CAT,0.3591333218884213,0.484901732542,0.4819410232777519,0.0
1515,CAT,0.3605626742567468,0.48008988479184367,0.48327899700906995,0.0
1516,CAT,0.36077492103602327,0.4576458419237788,0.4793923243764061,0.28588438690335677
1517,CAT,0.36084447210993564,0.4365408214079602,0.47162167472739003,0.08014050004891356
1518,CAT,0.3604811369485116,0.414625662200479,0.46056491405691025,0.0673766014772998
1519,CAT,0.3599571216070415,0.3975998269555328,0.44795913379783403,0.0366061102858252
1520,CAT,0.35928800997594534,0.38547348930461117,0.435196254072044,0.04092772784718301
1521,CAT,0.35880596826479094,0.3815983770192407,0.4241300825791662,0.0595029543566962
1522,CAT,0.3580685058519134,0.3789327376553317,0.4146884051120533,0.08814509858565846
1523,CAT,0.35753849636864243,0.3803947599736395,0.40745796931621653,0.0
1524,CAT,0.35671829576989034,0.37887492677708495,0.4013379462357791,0.0
1525,CAT,0.35583813765164896,0.3772858551071352,0.3960909611323749,0.0
1526,CAT,0.3546414147795106,0.3764605224980693,0.391711087871844,0.0
1527,CAT,0.35371329503699,0.37614298186676315,0.3881370563863186,0.0
1528,CAT,0.3530417872129449,0.3810761548355645,0.3863673850358245,0.0
1529,CAT,0.3523247127865531,0.38546762552768954,0.3859215599729088,0.0
1530,CAT,0.35100807780297816,0.381485858443191,0.38468547614480053,0.0
1531,CAT,0.34985692153318604,0.37963790486407145,0.38328846508915326,0.0
1532,CAT,0.3492525621495116,0.39023109544606865,0.3845104967817689,0.05416331651133944
1533,CAT,0.34889472139850597,0.4038415382411814,0.388494161104508,0.04375323099984387
1534,CAT,0.3484366577183261,0.41298277300508573,0.39370005023626664,0.023395033606814948
1535,CAT,0.34808172050326125,0.41905778547840966,0.39920650512083045,0.021794467225377985
1536,CAT,0.34852419648721666,0.4224612442486088,0.40436336607797607,0.024164179951536933
1537,CAT,0.3491165626104683,0.42513259756676275,0.40907885711579184,0.021839074621770132
1538,CAT,0.34986362004154004,0.42520026010928474,0.41286619407700337,0.048819482920777486
1539,CAT,0.35078334535075106,0.42887625409218044,0.4167079535548786,0.0
1540,CAT,0.3514812341320669,0.42798860322432547,0.4195853121812783,0.0
1541,CAT,0.3519944565052452,0.4285847841590641,0.42201887320565523,0.0
1542,CAT,0.35244532955729746,0.42758714131150494,0.423745379945057,0.0
1543,CAT,0.35276909225817643,0.4271518677373722,0.42503044964536235,0.0
1544,CAT,0.3530676734156536,0.42308778557103377,0.4251609012976652,0.0
1545,CAT,0.3531851872848616,0.4152270882650063,0.423529127889847,0.0
1546,CAT,0.3533590563333949,0.4102304557192279,0.4211201394729714,0.07939189077282756
1547,CAT,0.3533422668812686,0.402285609572757,0.4174382286707919,0.05413593375315812
1548,CAT,0.3532079638526887,0.3984954355583648,0.41365559201157026,0.08874221937696716
1549,CAT,0.3529306085441556,0.39287188448906885,0.40938745008386146,0.04759410449216356
1550,CAT,0.35315364858447784,0.39139014673114836,0.4056456759588702,0.03390117960064014
1551,CAT,0.35347261743568714,0.3933877095204786,0.4030934437442233,0.03285975147497006
1552,CAT,0.3531704438916877,0.3938891216830782,0.40116240121009306,0.080378553382135
1553,CAT,0.3525210229066248,0.3923127058089574,0.39926939573680903,0.0
1554,CAT,0.3521133211422317,0.39472551830673613,0.3982878916099623,0.0
1555,CAT,0.3517559804153628,0.39678683014021837,0.3979579551790239,0.0
1556,CAT,0.35129791351488693,0.3951997755136377,0.3973434848848374,0.0
1557,CAT,0.3510628834344377,0.398921143572782,0.3976738199988002,0.0
1558,CAT,0.35084943636303,0.40056007947046507,0.3983000678763531,0.0
1559,CAT,0.3505112842087784,0.4031484019766787,0.3993727300422557,0.0
1560,CAT,0.35034820373722464,0.4053512189543885,0.4007173798519123,0.0
1561,CAT,0.35017073381229824,0.4083267287514009,0.4024502787889631,0.0
1562,CAT,0.35002444103634545,0.4100739932561212,0.4042225034722288,0.0
1563,CAT,0.3508758155637751,0.43278563052176594,0.41065643645426797,0.13436653190963602
1564,CAT,0.3516092206964955,0.44433327219160257,0.41835402600901933,0.04568018219250653
1565,CAT,0.3526092885841404,0.4540205573223455,0.42665165747771167,0.036629076470106305
1566,CAT,0.35321724386738695,0.4541565137400648,0.43331979035241447,0.02788359766160078
1567,CAT,0.35387196663061904,0.45070723117690875,0.4378924788366356,0.045084828030757904
1568,CAT,0.3539667018827207,0.4382142518801271,0.43879139664636796,0.04982889088567102
1569,CAT,0.3538963091405457,0.4218774703749167,0.4359023454319909,0.06512569458905657
1570,CAT,0.35368286206913824,0.4086896049747295,0.43067839707080297,0.0
1571,CAT,0.35330633540443934,0.3979190979633654,0.4241204352616582,0.0
1572,CAT,0.35291781752859686,0.38811543542818444,0.4167088025631868,0.0
1573,CAT,0.35261563900777626,0.38033081745968944,0.409060164761671,0.0
1574,CAT,0.3519872995438481,0.3712172481754968,0.4009284071190806,0.0
1575,CAT,0.3510783657391575,0.3586667215286791,0.39165105796499805,0.0
1576,CAT,0.35016223720778117,0.34591608562115805,0.38141303893268486,0.0
1577,CAT,0.34912379832273943,0.3389030887621204,0.3716737143757703,0.0
1578,CAT,0.3479222789661435,0.3294164003728649,0.36178699924070024,0.0
1579,CAT,0.3461140072532197,0.3114508313620856,0.34990970328525084,0.11298435185784285
1580,CAT,0.34416903134194554,0.29574550653832443,0.3369391462781943,0.054700151068910255
1581,CAT,0.3423343775007347,0.28823919524681885,0.32490483659033426,0.041882591124408924
1582,CAT,0.34094819495629725,0.2924912839999331,0.31621651658793953,0.04404869979376808
1583,CAT,0.33832451737255387,0.29270929964569425,0.30931401210738113,0.037273896259537316
1584,CAT,0.33570609472631097,0.2883395861695255,0.30282690186263533,0.05134686733517401
1585,CAT,0.3329145372590142,0.28372465225110044,0.2966179469607257,0.07195504281095495
1586,CAT,0.33037959785802984,0.27994516371436806,0.29081603504502906,0.0
1587,CAT,0.3280628949868104,0.2799627645895578,0.28617839288906194,0.0
1588,CAT,0.32639011781197225,0.28555469159683744,0.28370332718930513,0.0
1589,CAT,0.3247233423905439,0.2852518151964879,0.28165638053385267,0.0
1590,CAT,0.32366331932544357,0.29883110217378217,0.2830179810204943,0.0
1591,CAT,0.3224522069999324,0.3071344452863911,0.28594116008175297,0.0
1592,CAT,0.32127467006562405,0.31400915742553376,0.28979807072700003,0.0
1593,CAT,0.3201618856714915,0.32148594995628005,0.2945349437325907,0.0
1594,CAT,0.31904190655067255,0.32484994612886825,0.29906742337120856,0.0
1595,CAT,0.31822650126536123,0.32895265203405166,0.3035995417327923,0.06413395291976388
1596,CAT,0.3175929592669301,0.33337905326080575,0.30820286329127955,0.046266924035149745
1597,CAT,0.31683751003733696,0.3374255176177636,0.3127792335292897,0.03388815070763451
1598,CAT,0.3164969613973819,0.3452692515979009,0.3181727178836198,0.04423949578625726
1599,CAT,0.3166576395281485,0.3511492562365291,0.32378617899186,0.02969041804417766
1600,CAT,0.3172188273314097,0.3620227368623375,0.33067849402783545,0.04274227723408526
1601,CAT,0.31726918836893414,0.36393659761932023,0.33661504648618,0.049051353050538635
1602,CAT,0.31690465408639545,0.3660578605240874,0.3418327962780944,0.0
1603,CAT,0.31679433699315307,0.36906731620633854,0.3466716725803819,0.0
1604,CAT,0.3171456786014001,0.37563790648293366,0.35199397184667724,0.0
1605,CAT,0.31762053319747696,0.38117425916106046,0.35747458498905876,0.0
1606,CAT,0.31776442773120095,0.37733852999036366,0.3610119060512523,0.0
1607,CAT,0.3181121728543673,0.38045151647774383,0.36452930546158385,0.0
1608,CAT,0.3180234378919041,0.37822483530624923,0.3668514342029492,0.0
1609,CAT,0.3178963310537811,0.3699403220743549,0.36687939734214897,0.0
1610,CAT,0.316934635920059,0.35890376157184245,0.3644642034443413,0.0
1611,CAT,0.3165281359115678,0.35880985356946715,0.3625113075523483,0.06465665444085401
1612,CAT,0.31659048816023583,0.3682900366420496,0.3630428095465713,0.0388457549106229
1613,CAT,0.3167415771278915,0.3790393184023037,0.36584212639614905,0.024150488572446276
1614,CAT,0.3170413603340253,0.3874109409392125,0.3699305589248826,0.02952855061073488
1615,CAT,0.3172572079896948,0.39297438587933314,0.3744300623469988,0.019684007387161504
1616,CAT,0.31747105759809735,0.39777399828625437,0.3790897203780277,0.026565029523692378
1617,CAT,0.3178235994984756,0.4042701137227251,0.38425219631400326,0.038981343729359415
1618,CAT,0.31799147469796185,0.4094218791303049,0.3895200098141231,0.0
1619,CAT,0.31834641571883127,0.4163611671986557,0.39526689042370733,0.0
1620,CAT,0.3183847899365243,0.42072245711333217,0.40082764112124747,0.0
1621,CAT,0.318670181347252,0.4220144007836762,0.40556158382992186,0.0
1622,CAT,0.3187205444340556,0.4180872947234662,0.40848138679979096,0.0
1623,CAT,0.3186581901361084,0.4134154341100119,0.4097853894867401,0.0
1624,CAT,0.3182984538017982,0.40726346339531366,0.40946985085315635,0.0
1625,CAT,0.31805862957892483,0.40497120695476824,0.4087111460292582,0.0
1626,CAT,0.31809460321235605,0.400479875249238,0.40711221458090074,0.0
1627,CAT,0.3177396636552575,0.39466675673145507,0.4045491684458197,0.0608756255248822
1628,CAT,0.3176005644349743,0.3897839670466578,0.4014203054873197,0.04155311471145308
1629,CAT,0.31767491111508195,0.38373609180108614,0.3975814651424052,0.02551123499110171
1630,CAT,0.3180334489137858,0.38021874047629645,0.39373354120132903,0.02745408584980513
1631,CAT,0.3175158375699664,0.3675093759191492,0.3878481776407656,0.05898842349732146
1632,CAT,0.3165307636730724,0.35726207597757087,0.3808766405914746,0.03653412013125174
1633,CAT,0.31544676082047196,0.3506188147935919,0.373832162435696,0.07275179274255326
1634,CAT,0.31446827506360664,0.3478872263400446,0.36759327394511176,0.0
1635,CAT,0.31347300161114033,0.3448520410182789,0.36193180396656643,0.0
1636,CAT,0.3126216256199398,0.34646283609466716,0.3577583925127039,0.0
1637,CAT,0.31153762276733954,0.34619613570115476,0.3543607591840463,0.0
1638,CAT,0.310894893850039,0.3559097369359187,0.3537880245914601,0.0
1639,CAT,0.3100794914922692,0.3634334929638889,0.3549915538909776,0.0
1640,CAT,0.30916815944535003,0.3668561721268662,0.3567103194476827,0.0
1641,CAT,0.3081249240758507,0.3652770218190554,0.3577365565126944,0.0
1642,CAT,0.3075301600031245,0.3690956213097713,0.3594009323092654,0.0
1643,CAT,0.30738206795999223,0.3803616950044838,0.36322068825604886,0.0601144290131806
1644,CAT,0.30763448061253273,0.3954220665570623,0.3696027671436313,0.0687512601037409
1645,CAT,0.307454612445378,0.4008730497313894,0.3759123490450349,0.038748590284818224
1646,CAT,0.30709727230401695,0.3987955891755719,0.3805011810454104,0.04045162118074012
1647,CAT,0.30696297132471606,0.39954221233800985,0.3843371478436342,0.03692918266662574
1648,CAT,0.3073430906686915,0.4104665520631541,0.38981870030894034,0.0456296124213491
1649,CAT,0.30770282700300144,0.4161425891901239,0.3954575670932511,0.06137624417647127
1650,CAT,0.3079798233949119,0.4197165882532535,0.40075802355755336,0.0
1651,CAT,0.3087624384557276,0.4226528245757518,0.40564689377320684,0.0
1652,CAT,0.30963719525937894,0.42595578908313486,0.4102874915622983,0.0
1653,CAT,0.31047417945517364,0.42835861293808764,0.4145306639268568,0.0
1654,CAT,0.3110281734100112,0.42592944795490223,0.41738868991285494,0.0
1655,CAT,0.3117356548674878,0.4254413406484641,0.4195673060103498,0.0
1656,CAT,0.31239517148038953,0.4271294672799965,0.4216830430723878,0.0
1657,CAT,0.3132417509871329,0.42990347510386384,0.42398830754409456,0.0
1658,CAT,0.3135199470856659,0.429197294931386,0.42567655027097434,0.0
1659,CAT,0.31406914221401283,0.4333712987260155,0.42794902614661673,0.054413736251481486
1660,CAT,0.3152406800296995,0.44634549109611305,0.4326325218372259,0.05551169652307428
1661,CAT,0.31701058250175096,0.4638170025237219,0.4402381233516946,0.03305628901352951
1662,CAT,0.31838597764022614,0.47321471283146505,0.44839820811463027,0.030273405799005695
1663,CAT,0.31929431334812997,0.4779293071860805,0.45596755390282856,0.034248984795281864
1664,CAT,0.3203777233735191,0.49039436384463675,0.4647760964421217,0.06575704382809193
1665,CAT,0.3213130363789546,0.4896425353748519,0.47165687961746494,0.08250712117334236
1666,CAT,0.3225841068094629,0.4886926979478745,0.47695172251128837,0.0
1667,CAT,0.3238743602502595,0.489698195347467,0.4814096736839151,0.0
1668,CAT,0.32471015088726907,0.4903244845305659,0.48511435853391105,0.0
1669,CAT,0.3256022958253414,0.4881969138222758,0.48760820543023314,0.0
1670,CAT,0.3270460376470393,0.4963340944607819,0.49140048252870705,0.0
1671,CAT,0.32839624802181666,0.5000226397368712,0.4952489662287337,0.0
1672,CAT,0.3296601216763596,0.5012335903350741,0.49859520699184595,0.0
1673,CAT,0.33097915490216334,0.5022893279557964,0.501505372650144,0.0
1674,CAT,0.33280661548045887,0.5085606038610067,0.5052185960248896,0.0
1675,CAT,0.3333150416619338,0.48645163147495,0.5033061276739994,0.088946706748547
1676,CAT,0.33358273169126973,0.46548682135204184,0.4971458086945428,0.04678874224145983
1677,CAT,0.3337721945838644,0.44844500591649433,0.48845365236044824,0.03516984045347614
1678,CAT,0.33381898402041343,0.4290282249980311,0.477211484884265,0.02819364114939569
1679,CAT,0.3333561250267928,0.40792103349638514,0.46355595987066994,0.03326894704682474
1680,CAT,0.33271219757388615,0.3976036107383636,0.4503528061452853,0.03784628423700484
1681,CAT,0.33169773847634365,0.3896582927568245,0.4380354588855375,0.07819522007456502
1682,CAT,0.3309434880751111,0.3854117975536802,0.4272436887363229,0.0
1683,CAT,0.33024320046605815,0.38156196568741063,0.41775998840599965,0.0
1684,CAT,0.32899851099282007,0.37706693685607945,0.4091802439953631,0.0
1685,CAT,0.3282862345146572,0.3754171284048272,0.40195206733907407,0.0
1686,CAT,0.3282454643967686,0.3890632702961546,0.39918344958100715,0.0
1687,CAT,0.327708258137532,0.39229133797150745,0.3976815150755431,0.0
1688,CAT,0.32676335069941065,0.3872703174015979,0.3953710113760077,0.0
1689,CAT,0.3259479483416413,0.3845922064141264,0.39293111362727595,0.0
1690,CAT,0.32440348034633637,0.37828107616739676,0.38958530224322196,0.0
1691,CAT,0.32286860531994666,0.3721950224568797,0.38556447095950624,0.0
1692,CAT,0.3216443047114569,0.3736785807867006,0.3826754686117599,0.07846794351290313
1693,CAT,0.32044997744675985,0.37702632429696453,0.3811036583610343,0.04057638939342111
1694,CAT,0.3184378530951145,0.36947353207403255,0.3781780801748243,0.03822301799069295
1695,CAT,0.3178502881403874,0.36781426876836737,0.3754711482735244,0.028602836721250368
1696,CAT,0.31703819536860356,0.3595429336882632,0.37147877346060765,0.0380887541441265
1697,CAT,0.31638418985310823,0.35694887655596536,0.36771194318148737,0.03252674180289405
1698,CAT,0.3160975761936863,0.35755268123687217,0.364831836882513,0.057717112700145325
1699,CAT,0.3161023732636522,0.35902023965319263,0.3628518807386703,0.0
1700,CAT,0.3157306486457402,0.3590981199780582,0.3612851166814198,0.0
1701,CAT,0.31552680098383956,0.36323553957565663,0.3609455070456956,0.0
1702,CAT,0.31523661367416256,0.36695690717376617,0.36149573058460277,0.0
1703,CAT,0.31488647030876715,0.3683102077350219,0.36223480301417094,0.0
1704,CAT,0.31498719648237417,0.3774412749717269,0.3648427730040142,0.0
1705,CAT,0.3144979550677124,0.3741648133700722,0.36620550088229586,0.0
1706,CAT,0.31306140797270066,0.3668038285289987,0.36566991629305867,0.0
1707,CAT,0.3119126499451371,0.3598260648502249,0.36370032098547384,0.0
1708,CAT,0.3113154899722158,0.35867727283956263,0.361870919448987,0.05898665686776137
1709,CAT,0.3101651958634787,0.34782850995646897,0.35801131129749,0.04550815663909326
1710,CAT,0.3096591673387238,0.3489647976060762,0.35517458831992793,0.04717298417077831
1711,CAT,0.3089636785561619,0.3450983314635898,0.3520512518359832,0.02500840805256253
1712,CAT,0.30771778996180943,0.337156379286205,0.3477985017499371,0.029288288990563325
1713,CAT,0.30653785888383067,0.33491058103400273,0.3439002886443854,0.04547966973743689
1714,CAT,0.30595988162844334,0.3360032969771968,0.3410230583394187,0.07262039966902195
1715,CAT,0.30512768835477655,0.3361997755145189,0.33876466887316004,0.0
1716,CAT,0.30456362353910327,0.3353318901842943,0.33676627381400615,0.0
1717,CAT,0.3039297712212433,0.33735941838897965,0.3356153630941851,0.0
1718,CAT,0.30312636007461735,0.3382728453202094,0.33489637644484915,0.0
1719,CAT,0.3020159739227134,0.3338036853078272,0.3333341164358682,0.0
1720,CAT,0.30136125379426904,0.3390161938605428,0.33323555707428176,0.0
1721,CAT,0.30069214421245183,0.3471053704472489,0.33494330686255547,0.0
1722,CAT,0.29992710494148567,0.35210697191668267,0.33741417383362604,0.0
1723,CAT,0.2991093043414873,0.35353270435206985,0.33970575850727885,0.0
1724,CAT,0.2979989181895836,0.35678986535484497,0.34225841157766246,0.0
1725,CAT,0.2961690617110929,0.3341490458117581,0.3393000217910428,0.12257229213781388
1726,CAT,0.2949459581744386,0.3247205762991553,0.33485091284974733,0.09566321150729497
1727,CAT,0.29426965445144393,0.32800082412590337,0.3320161100461521,0.04420438402375056
1728,CAT,0.2930681327528145,0.324303243860612,0.32893161029003504,0.03349198402878546
1729,CAT,0.2918537591457574,0.311581390906778,0.32365422785658887,0.05690600890337132
1730,CAT,0.29045557982784687,0.3078317290068087,0.31860416150680637,0.07953476693849942
1731,CAT,0.2894722990502948,0.3092547138242039,0.31487839267748385,0.10115544198090405
1732,CAT,0.2886544981575426,0.30931488511687555,0.31191106720741285,0.0
1733,CAT,0.2876232525354162,0.30920650053315313,0.3095132687209526,0.0
1734,CAT,0.28647209626562364,0.3097671683032819,0.30771886052207753,0.0
1735,CAT,0.28568067633014127,0.3173446307890485,0.3079569126891488,0.0
1736,CAT,0.2848897360431045,0.3224844395429375,0.309282546395482,0.0
1737,CAT,0.2835491186372424,0.31790702727105524,0.30933207378611627,0.0
1738,CAT,0.28252986569003047,0.3205662898955817,0.30995902758763927,0.0
1739,CAT,0.28194229634399026,0.3266653462818317,0.31180764461123234,0.0
1740,CAT,0.28077435237859716,0.3281410107310033,0.313612457445641,0.0
1741,CAT,0.27912915528214366,0.32347786731655426,0.31402639332821825,0.09215843928878144
1742,CAT,0.2772777119888069,0.3144583121105582,0.31236545883484,0.050668923241491415
1743,CAT,0.2758315710466176,0.31377653729274185,0.3108861326218626,0.04921829954396666
1744,CAT,0.2743134828375663,0.31433581041473474,0.309826194216039,0.039468933487942864
1745,CAT,0.2740352858607705,0.3159110821720026,0.30932616224463744,0.08037965752561005
1746,CAT,0.27330861875821844,0.31631463987780917,0.30901526750682934,0.04892570152307759
1747,CAT,0.27185768513737585,0.31229622024925274,0.3078790327594368,0.11258443109117862
1748,CAT,0.2706825464452961,0.30880833301628086,0.3061997008148707,0.0
1749,CAT,0.2699510834437947,0.30567594171999785,0.3041644069004037,0.0
1750,CAT,0.269092516238958,0.30685715289419224,0.302797057242821,0.0
1751,CAT,0.2680804580184323,0.3089548838093385,0.30216648800353263,0.0
1752,CAT,0.26717871894042833,0.31184676456233823,0.30230074116604533,0.0
1753,CAT,0.26634413064482876,0.3153278865757266,0.30317699365813133,0.0
1754,CAT,0.2656582333674108,0.3217306084698943,0.30529211801423983,0.0
1755,CAT,0.26473970659380563,0.3288995912013013,0.30856757828911513,0.0
1756,CAT,0.2632575928964481,0.3218394972138112,0.3096286351796056,0.0
1757,CAT,0.26258728477902504,0.3246335089184054,0.31109457362492454,0.09137869316669894
1758,CAT,0.26255131114559405,0.34621439730882286,0.31703373738156354,0.06653281503366423
1759,CAT,0.2628846703284383,0.3745446891218046,0.3280421727636354,0.05815082025714618
1760,CAT,0.26359694709935566,0.40079103889768103,0.34264576040793226,0.02894622534199188
1761,CAT,0.26478407993012076,0.4246057659979002,0.35958841514379725,0.027986283004780718
1762,CAT,0.26636212009633187,0.4448940932290347,0.3776234734019645,0.04678300069538956
1763,CAT,0.2672662547817769,0.45164006547100394,0.3935414535651089,0.07928743880008754
1764,CAT,0.2681655964958146,0.4563477928516517,0.40731559901515124,0.0
1765,CAT,0.2690601393833617,0.45945487448746125,0.41902115377437693,0.0
1766,CAT,0.2701585340313678,0.4636721105541659,0.42931702767167695,0.0
1767,CAT,0.27150394440863745,0.4661114669531887,0.438092489598653,0.0
1768,CAT,0.2726790831007172,0.46238083114864537,0.4442889008917694,0.0
1769,CAT,0.2734537153405986,0.4489594257601145,0.4462817422672003,0.0
1770,CAT,0.27432907375408633,0.44254625954437965,0.4464595862441789,0.0
1771,CAT,0.2752308128320905,0.43769758027457206,0.44553096909324014,0.0
1772,CAT,0.27623807456815885,0.4358796244148235,0.44438655675623623,0.0
1773,CAT,0.2771829820062798,0.4329574240586715,0.442825621863665,0.0
1774,CAT,0.2789193061595875,0.44950017915447804,0.44523055129246614,0.08309827958988578
1775,CAT,0.28032707493336295,0.4563087043840367,0.44865824401304416,0.05658139072170571
1776,CAT,0.2825646331762467,0.46481152868563824,0.45327835481288303,0.026417515955425287
1777,CAT,0.2845371888731515,0.47264531810971383,0.458704635235302,0.02169619845609826
1778,CAT,0.28621355784900315,0.490313878813597,0.46694798536787196,0.033433685253302654
1779,CAT,0.287278370665215,0.5011886716583807,0.47594450144352013,0.03118962405460475
1780,CAT,0.28836238083666965,0.5127160007609746,0.48568767118497513,0.05710431307149086
1781,CAT,0.2894415898396,0.5236231512439649,0.4958911895426545,0.0
1782,CAT,0.29003635742537603,0.5225719320560986,0.5038218291342118,0.0
1783,CAT,0.2911611365437027,0.5227619651291353,0.5102083120226106,0.0
1784,CAT,0.2925185416451662,0.52637194590891,0.5161148083888089,0.0
1785,CAT,0.2941805235096794,0.5341699945234061,0.5225623034530716,0.0
1786,CAT,0.2955379286111427,0.5348620143565126,0.5278731408643634,0.0
1787,CAT,0.2969588871316676,0.5350529639502364,0.5321639844337714,0.0
1788,CAT,0.29863765669178155,0.5341492690137807,0.5353970667972939,0.0
1789,CAT,0.30114201967536613,0.5393346449186949,0.539128788744208,0.09598937548982564
1790,CAT,0.30360021620329347,0.5455071665312038,0.5434774460113956,0.059041201555428996
1791,CAT,0.3060512221030932,0.5491958337881631,0.5477710607874159,0.03283678529068895
1792,CAT,0.3080057880557404,0.5424475633369835,0.5497155114629598,0.04091425729678736
1793,CAT,0.310164208403635,0.5386975554795183,0.5504428351912672,0.030823048420887126
1794,CAT,0.31130337346228376,0.5321399553867611,0.5495763649963565,0.0410045762330467
1795,CAT,0.31268715659347557,0.5250073066202228,0.5473078528675541,0.07015617226139846
1796,CAT,0.31397501442683107,0.5198050685642853,0.5443440628884304,0.0
1797,CAT,0.315099787982828,0.5128750114204236,0.5404424398624302,0.0
1798,CAT,0.31572573154656125,0.508119692922849,0.5362708690201357,0.0
1799,CAT,0.31645000391993483,0.5032727064025236,0.5318630938789777,0.0
1800,CAT,0.3170759416285843,0.5004088281428951,0.52770434991804,0.0
1801,CAT,0.3176970863658265,0.5000811574917614,0.5243049845287895,0.0
1802,CAT,0.31881226900218784,0.5007944247012808,0.5217430263299194,0.0
1803,CAT,0.3196708397200746,0.49726589176734665,0.5189141385054368,0.0
1804,CAT,0.32038671502535176,0.495278478384742,0.5162120827857468,0.0
1805,CAT,0.3201420919759873,0.47902348453657806,0.5104603165895405,0.04711291876573542
1806,CAT,0.3197967424602618,0.4593992960307895,0.5015246526266017,0.06557309352514808
1807,CAT,0.3193374814154929,0.44215843231837815,0.4905682579684263,0.04740640010140453
1808,CAT,0.3187810874619016,0.4266311877312434,0.4783737532787736,0.029197086739523943
1809,CAT,0.31811377626900195,0.41927253096972217,0.4669928968210946,0.025883110513499587
1810,CAT,0.3175094218621485,0.41829769463309524,0.45767290668214,0.0246376366736397
1811,CAT,0.3170129839642756,0.42008582214978535,0.450611845219229,0.04592044381267808
1812,CAT,0.3172311055587501,0.42821513410585504,0.4467584577319693,0.0
1813,CAT,0.3170296508695031,0.4286769152767826,0.4437777379724349,0.0
1814,CAT,0.3170704242076873,0.4317222836594748,0.4420657704090846,0.0
1815,CAT,0.31715436473497227,0.43415752589436085,0.4412340505021939,0.0
1816,CAT,0.31726948036195146,0.43813668093291286,0.44144752145097027,0.0
1817,CAT,0.31750210985813865,0.4417803390515003,0.4424230463330159,0.0
1818,CAT,0.31764600439186286,0.44426975134863644,0.44375328452795193,0.0
1819,CAT,0.31738219774670184,0.43732778122773674,0.44328425290907947,0.0
1820,CAT,0.3167849426286725,0.4266231802629514,0.4405447806803321,0.06561549263459011
1821,CAT,0.3160103068757413,0.41729578711411686,0.43629312978264084,0.025945384205492583
1822,CAT,0.3154131445607865,0.41560091544642186,0.4325174751536341,0.040105582615658476
1823,CAT,0.3141396796938537,0.39705874089441023,0.42540167695378944,0.032547941357615066
1824,CAT,0.3126000087685147,0.3789012960513816,0.41569873633461607,0.05687531371476485
1825,CAT,0.3120532098331176,0.3720005120277519,0.4064122581365711,0.04611234394864231
1826,CAT,0.3117486357048561,0.3659740255761091,0.39765204958652206,0.07396877968075678
1827,CAT,0.31144645484200206,0.3605011961276317,0.38943513892833265,0.0
1828,CAT,0.3112426060090846,0.3571742575492357,0.38212681380746727,0.0
1829,CAT,0.31091884506473055,0.35766616253566524,0.3763887971678864,0.0
1830,CAT,0.3104008238650616,0.3594946876321867,0.3722022368225092,0.0
1831,CAT,0.3098036609645983,0.3624995611955627,0.36951665299587594,0.0
1832,CAT,0.30859506679342774,0.3594928956228491,0.36670412569690314,0.0
1833,CAT,0.3079427449072122,0.3636087792865572,0.3653631489835723,0.0
1834,CAT,0.3070362093447506,0.36495938290093666,0.36458866555641595,0.0
1835,CAT,0.3064750206632266,0.3740265386019172,0.3659716751873614,0.0
1836,CAT,0.30545859981993584,0.3743973994617958,0.36715999221817885,0.06963810814290354
1837,CAT,0.30414915722101366,0.3698322677634802,0.36710237858887784,0.05290282632021883
1838,CAT,0.30316292987265714,0.37344776048107775,0.367854815122315,0.039955639931746265
1839,CAT,0.30171199625181455,0.358508152603927,0.3651571624087708,0.06611059056880393
1840,CAT,0.3007372053454339,0.35236120530321113,0.36164140893950303,0.03239976530326294
1841,CAT,0.2997731146042705,0.34767396284176305,0.3577935691988619,0.038992164335414935
1842,CAT,0.2986843105831457,0.34780825122101294,0.35474495669863937,0.056670826343185016
1843,CAT,0.29838932503248616,0.3480191995270541,0.3523526573081774,0.0
1844,CAT,0.29822984133876707,0.3479378163079475,0.3504208432793493,0.0
1845,CAT,0.2976998318554961,0.3478282950245392,0.34885120289133625,0.0
1846,CAT,0.29729213067661153,0.3499476294308516,0.3480635724728137,0.0
1847,CAT,0.2969995451247057,0.353439120301845,0.3482046081938246,0.0
1848,CAT,0.29687243828658294,0.36066545715538534,0.3499134649461537,0.0
1849,CAT,0.29679809277749214,0.3704856425212457,0.35344946287595536,0.0
1850,CAT,0.29665899472822554,0.37812676661098094,0.35796590041888693,0.0
1851,CAT,0.29665899472822554,0.3883728921936081,0.36384203728199893,0.0
1852,CAT,0.2974432219863007,0.40709224118134485,0.3726773524910913,0.07107239051699751
1853,CAT,0.29801400041644366,0.4232380647326162,0.3833116146336939,0.06176026527709474
1854,CAT,0.29829459827025573,0.4272853721086573,0.3927129235304564,0.033579211363314654
1855,CAT,0.29805477434013616,0.42690666803560806,0.40015032904866876,0.026693110166798536
1856,CAT,0.2980615369616554,0.42441449637747974,0.40554982573405557,0.026314388954855328
1857,CAT,0.2987294483006201,0.43081815438886417,0.4112837521981686,0.038065787959845394
1858,CAT,0.29886669877826744,0.43127060063155176,0.41597082186239714,0.055172061990147944
1859,CAT,0.2999075329779962,0.43202942627254326,0.41988807386390636,0.0
1860,CAT,0.30063060125343466,0.4307200181082561,0.42273267605941,0.0
1861,CAT,0.301469986911754,0.43135457350419604,0.4251485074256878,0.0
1862,CAT,0.30218946162965354,0.43220514631804846,0.42726903231597035,0.0
1863,CAT,0.30289934132935914,0.43181548627404415,0.42887939086381355,0.0
1864,CAT,0.3037171419293573,0.43255825059451425,0.4303317266258054,0.0
1865,CAT,0.30431670248654086,0.4275807950745331,0.4303942610342264,0.0
1866,CAT,0.305506230631993,0.4372754639730991,0.4325854791846569,0.0
1867,CAT,0.3059547019287664,0.4302592391850142,0.43278883144485414,0.0
1868,CAT,0.3067653060455534,0.43592639159124674,0.43420317576178136,0.06541409686474044
1869,CAT,0.30763347324540524,0.44486724405432165,0.43730935191547765,0.08414125351642093
1870,CAT,0.30910359280407784,0.46351970920821217,0.4439139264137692,0.11328401639697226
1871,CAT,0.30994777436134624,0.46837189419931397,0.45026925262794937,0.06792337332614609
1872,CAT,0.31011804751030725,0.4679056693452305,0.45525054192521763,0.02013140632325302
1873,CAT,0.3102859273938604,0.46827714133215237,0.45931761766425433,0.022061890775035845
1874,CAT,0.3107080130492964,0.4647513784587979,0.46179256879312025,0.03806335884420028
1875,CAT,0.31129078561812473,0.4613619753132167,0.46302393700974076,0.0
1876,CAT,0.31205342489033716,0.45986773204632797,0.4636790089998984,0.0
1877,CAT,0.3123136356359254,0.4561758995609188,0.4633876785488934,0.0
1878,CAT,0.31269015878757445,0.450854373596424,0.46197928766398244,0.0
1879,CAT,0.313097859966459,0.4475161730239467,0.4601152910074648,0.0
1880,CAT,0.31368303107026996,0.4465197863972682,0.4584040290544702,0.0
1881,CAT,0.31389167814416996,0.43937074262779074,0.45545606247479614,0.0
1882,CAT,0.31404516564680895,0.43288187894933056,0.451664541342665,0.0
1883,CAT,0.31397801486440435,0.422134945363512,0.44625772780687634,0.0
1884,CAT,0.3115102209762496,0.3648310184463511,0.42927597769668846,0.20664354295791645
1885,CAT,0.3098986019057862,0.33299450289624405,0.4086590792355457,0.13230045863911666
1886,CAT,0.3072665319380129,0.3014519599282466,0.3851989896680639,0.07948508048212204
1887,CAT,0.30529278180406016,0.2773981570481868,0.36111833047448966,0.08557089848791967
1888,CAT,0.3028249958202681,0.2611604171037679,0.33826749224272046,0.08034852067961355
1889,CAT,0.2996449242829332,0.24008308293947436,0.3153316249964146,0.0924779784104618
1890,CAT,0.29572619735944394,0.22215319007179601,0.29302288688080796,0.16069328727141194
1891,CAT,0.29238784388429206,0.21319270896224013,0.27319686045256175,0.0
1892,CAT,0.2894787760608376,0.2137612457316447,0.2574616078685831,0.0
1893,CAT,0.286173998562396,0.20959093929757625,0.2439523407162503,0.0
1894,CAT,0.282960355439663,0.20735452537600768,0.2326509866061498,0.0
1895,CAT,0.2795668426860044,0.2041591410755891,0.22290416215509204,0.0
1896,CAT,0.2762332859880642,0.2069978005698744,0.21573365655797758,0.0
1897,CAT,0.27302443788601793,0.212182000200744,0.21114224834133585,0.0
1898,CAT,0.2698491651751739,0.21729507977842927,0.20859841026301776,0.0
1899,CAT,0.2665323961728344,0.221844239188409,0.20756807937179697,0.0
1900,CAT,0.2632947691640436,0.2312489136222853,0.20882095632579223,0.0
1901,CAT,0.2601338856138177,0.2363018258314204,0.21093925765728866,0.16197033961465834
1902,CAT,0.2569034545027292,0.24023732894941052,0.21350310451630145,0.08433646608281031
1903,CAT,0.25387567105416486,0.24407728301402332,0.21640228457664645,0.07429494366328747
1904,CAT,0.2534415897962724,0.2542977058623459,0.22097893867872428,0.05461181959090601
1905,CAT,0.2515445793150811,0.2461291942743188,0.22283614254126913,0.10260429904886872
1906,CAT,0.24940175046921553,0.22899569802966466,0.22053775561091893,0.11122743876033837
1907,CAT,0.24727930463301495,0.21748163845849453,0.21615601993006936,0.17464038599089257
1908,CAT,0.2449913780337526,0.20830178228851653,0.21062314368429647,0.0
1909,CAT,0.24324545652021723,0.20465481323949064,0.20539136330366012,0.0
1910,CAT,0.2415690872516113,0.20223477385702393,0.20067144259819883,0.0
1911,CAT,0.2395809444439908,0.19915383736371595,0.1962150421210661,0.0
1912,CAT,0.23706039186159134,0.19339055359075802,0.1913770273986188,0.0
1913,CAT,0.23504347014722604,0.19498994475708878,0.1878598614514157,0.0
1914,CAT,0.2330649203085201,0.19824021893279614,0.18576399298198262,0.0
1915,CAT,0.2313142034815442,0.20419665623285518,0.1854028529541999,0.0
1916,CAT,0.22933325540060967,0.2094058589073891,0.18626445943243347,0.0
1917,CAT,0.22721320927040878,0.21352032660002535,0.1878624770056919,0.0
1918,CAT,0.22489411079174804,0.21363072202407035,0.18916527329429916,0.15130475530303547
1919,CAT,0.22244790532858716,0.211652564158232,0.18977060906338478,0.07672847588230448
1920,CAT,0.22026790255715956,0.22160848650480752,0.19245376944089418,0.07399572078154808
1921,CAT,0.21844763758381303,0.23470202462073933,0.19749217175511846,0.05545096863194636
1922,CAT,0.2163084059549133,0.23830641097310487,0.20231896806170657,0.03477499874679715
1923,CAT,0.21441739327495035,0.24708316821590814,0.20811886329583856,0.07433204288404925
1924,CAT,0.21205752380013843,0.25136369973872325,0.21370418917758277,0.11327739153612194
1925,CAT,0.21053224291368033,0.25597218633078034,0.2191902926152648,0.0
1926,CAT,0.20960891819184668,0.2612849979073889,0.22475257720639213,0.0
1927,CAT,0.2086927879039452,0.26713907848239954,0.23049535284571854,0.0
1928,CAT,0.20788937675731922,0.2733505170410526,0.23646144836813593,0.0
1929,CAT,0.20685813259896324,0.2762716909610372,0.24187950310758782,0.0
1930,CAT,0.2057261622670009,0.27608180957835615,0.24617200918673598,0.0
1931,CAT,0.20481243197785337,0.2784558846529429,0.2501303586504567,0.0
1932,CAT,0.2041984819672974,0.28231177962932263,0.2541486615471761,0.0
1933,CAT,0.20324637980249005,0.28338530412624396,0.2576004053696327,0.0
1934,CAT,0.20301614693838366,0.30026386587749737,0.2640896449307315,0.09208998239332815
1935,CAT,0.20278831392665386,0.3157850996747278,0.272709097983513,0.08362252691184098
1936,CAT,0.20267319844605158,0.3295660663138814,0.2826483617487979,0.07533570930287252
1937,CAT,0.2025197109434126,0.3382270767010239,0.2925126667883202,0.06391974908560358
1938,CAT,0.202418264301773,0.3415632306361793,0.30114094274270853,0.06206964627880462
1939,CAT,0.20221081503159366,0.3384447901647979,0.30735481636408046,0.0843631863549066
1940,CAT,0.2014721559860123,0.3349891289963508,0.3115626886497322,0.1526778681286115
1941,CAT,0.20061118644038822,0.33373331924563543,0.3146516249621968,0.0
1942,CAT,0.20016511177569563,0.33361542218426843,0.31709673495039115,0.0
1943,CAT,0.19968306640511402,0.3376398946023849,0.3199416787334596,0.0
1944,CAT,0.19938328729753885,0.3409645515954517,0.3229519264371614,0.0
1945,CAT,0.19933052596850664,0.3489522228315435,0.32712430313317187,0.0
1946,CAT,0.19927536639724563,0.3558029498985091,0.33197527447872843,0.0
1947,CAT,0.19966759891375518,0.37111088416609933,0.339237003051798,0.0
1948,CAT,0.1998834407143414,0.37986739129914515,0.3469803716054596,0.0
1949,CAT,0.20058022566602818,0.39359414405252335,0.35620679394695687,0.11952242703102223
1950,CAT,0.20099632083909047,0.3946820765631687,0.3638282155178631,0.0672268796220826
1951,CAT,0.20109704584168042,0.39013170421256277,0.36892034530982837,0.038825659499376934
1952,CAT,0.20147237206787139,0.39301397254777976,0.37363063467292273,0.037367748454916826
1953,CAT,0.2022565971302902,0.4005867757274055,0.3790714158226951,0.04325923720910512
1954,CAT,0.20233094571329968,0.406424084748571,0.3847132844984881,0.058492000590937586
1955,CAT,0.20216786699827105,0.40713569711991615,0.3893839480596469,0.07526769406480925
1956,CAT,0.20160188168591253,0.39987390707649584,0.3915166204462696,0.0
1957,CAT,0.20154192563019413,0.40179557459344123,0.39364718300711504,0.0
1958,CAT,0.20169853008656957,0.4036414772391299,0.39575932407428355,0.0
1959,CAT,0.2021074300938147,0.4039072152980951,0.3975077285497919,0.0
1960,CAT,0.20229449401229538,0.39773270609564887,0.3975427334360878,0.0
1961,CAT,0.20260626550203098,0.39623129598261386,0.3972391318730878,0.0
1962,CAT,0.20324179969264533,0.40195770855753865,0.3982610014915539,0.0
1963,CAT,0.20357755360466834,0.4035331902505361,0.39942646230655343,0.0
1964,CAT,0.20384855497651533,0.4028384097228492,0.4002053798642482,0.07867993906011332
1965,CAT,0.20418190888978438,0.4082715967454162,0.40202850219584363,0.05871172514247315
1966,CAT,0.20418910434835602,0.40564604338429444,0.40290711329060086,0.04313888557032433
1967,CAT,0.2034347605292649,0.3970869469836395,0.4017196171360232,0.03527539656969122
1968,CAT,0.20258794198873498,0.38492051857733767,0.39808251014186996,0.04198284735194374
1969,CAT,0.20123883558996403,0.3717266870601663,0.39225879946423226,0.054151391761808866
1970,CAT,0.20019440212398998,0.3583232211057315,0.38463950541467967,0.12484329443730309
1971,CAT,0.19943176226626902,0.3487076321140956,0.37642034535208585,0.0
1972,CAT,0.19826501610459635,0.33966974223684276,0.36784888465780957,0.0
1973,CAT,0.19675652188909953,0.3313874306841854,0.3591624625172885,0.0
1974,CAT,0.19528160145465712,0.32629109629698655,0.3510877346976435,0.0
1975,CAT,0.19373233521836986,0.31779989317189083,0.3427525625028216,0.0
1976,CAT,0.1927970207491635,0.31714405488987135,0.33593957454167994,0.0
1977,CAT,0.19169622756617455,0.3217346479272765,0.33150307488649067,0.0
1978,CAT,0.19048031875620663,0.3241843343711811,0.32849491949294585,0.0
1979,CAT,0.18892625779198668,0.3187797039489646,0.32489471398015896,0.0
1980,CAT,0.18802931519844013,0.3228306000652872,0.3229092413714318,0.0
1981,CAT,0.18676544271491402,0.3225453366018728,0.32125785922938266,0.15353092937743754
1982,CAT,0.18538645343339188,0.3276646423008328,0.3210674171286138,0.11603797105244969
1983,CAT,0.18353381204358,0.3197376529559997,0.31916428728051277,0.068358185026622
1984,CAT,0.18158403994060246,0.31052812394988877,0.31560774207861586,0.07575484216600267
1985,CAT,0.179787758853314,0.31354176063359623,0.3134281058130709,0.08894935669288713
1986,CAT,0.17832962713911227,0.31714894546364425,0.3124810893351444,0.09152841502191614
1987,CAT,0.1771065001821236,0.3193803278612394,0.3122163052651324,0.1595842855650686
1988,CAT,0.1762505667402522,0.32420781521867337,0.3130706898389323,0.0
1989,CAT,0.17539199558323404,0.32496520363162745,0.31392147633805223,0.0
1990,CAT,0.17488116881749705,0.3302739419174614,0.315774607740384,0.0
1991,CAT,0.17441590982512267,0.3365884396400399,0.3186517497970828,0.0
1992,CAT,0.17436794498054808,0.3488681559477427,0.3236655945832547,0.0
1993,CAT,0.17446387466969748,0.36018238480972814,0.3301755614013617,0.0
1994,CAT,0.17466292877468226,0.3722609861466908,0.33805124720380214,0.0
1995,CAT,0.17487877057526846,0.3770520018896579,0.34540995245678924,0.0
1996,CAT,0.17485478815298106,0.38112799367785016,0.3521971511582055,0.0
1997,CAT,0.17463654811016627,0.38464732375457883,0.3584041988169535,0.0
1998,CAT,0.17383313813455692,0.37334265355023283,0.36087305710559403,0.1207921920273333
1999,CAT,0.17398782388004774,0.3765734863781718,0.3635617141565264,0.06612737354962474
2000,CAT,0.17340745072446506,0.371408851986086,0.3645719647674344,0.053369879010166286
2001,CAT,0.17287743758176688,0.36439961925001696,0.3638320872794104,0.05309649308574314
2002,CAT,0.17184619269152568,0.3533255155504168,0.36079432898843167,0.07576080454076796
2003,CAT,0.1712358404834443,0.34119262189222777,0.3556844188597377,0.08801812208602734
2004,CAT,0.17065786688748397,0.3291183123818531,0.3489297263131806,0.14146507031075234
2005,CAT,0.16974653425505692,0.32272661034665884,0.34211428378915976,0.0
2006,CAT,0.1687944317974951,0.31801040656585017,0.33562029632989965,0.0
2007,CAT,0.16788549813918185,0.3146106687140697,0.32967423112503746,0.0
2008,CAT,0.1668542539808261,0.3125310549416293,0.32445806987519105,0.0
2009,CAT,0.16659044733566553,0.3240074983626777,0.32281985900788823,0.0
2010,CAT,0.16600527623185435,0.33102630375213205,0.3230594825327461,0.0
2011,CAT,0.16552322954387877,0.34082169220922254,0.32541461716866743,0.0
2012,CAT,0.1646118974969596,0.34683173990478866,0.32862612016117765,0.0
2013,CAT,0.16369816720781205,0.3532070499686058,0.33260339066711525,0.0
2014,CAT,0.16265972832277031,0.35889601991606357,0.3370416882614162,0.0
2015,CAT,0.16176038616960098,0.3617327468992847,0.34121885348100217,0.16221987604002033
2016,CAT,0.1610289215579518,0.3679516517201865,0.3459341096863702,0.12189633550238638
2017,CAT,0.1603026862678124,0.3734090672448419,0.35091165410818037,0.08303158932399257
2018,CAT,0.1606624226021226,0.3863884115852374,0.3577603425137278,0.08292007083301221
2019,CAT,0.16048135780226358,0.3972233024744079,0.36563231635461974,0.08636411516039781
2020,CAT,0.16076075141176316,0.40737937224434645,0.37417299228731865,0.13760277643501662
2021,CAT,0.1610077700685687,0.4112887512850554,0.3818689689933865,0.213559456028259
2022,CAT,0.16159550802345002,0.4153371924997964,0.3889198999635832,0.0
2023,CAT,0.16238692678791555,0.418591566361169,0.3952794144956624,0.0
2024,CAT,0.1633198414047451,0.42064030506312416,0.40081951605625005,0.0
2025,CAT,0.16400573868216306,0.41912151125444314,0.40491615242295087,0.0
2026,CAT,0.16550224183289297,0.43402198988949237,0.41148442126704987,0.0
2027,CAT,0.16674692954960613,0.43942018782660397,0.41793129684433505,0.0
2028,CAT,0.16801799793083527,0.443361128183535,0.4239592039831819,0.0
2029,CAT,0.16596750082526757,0.3888242665152747,0.41673637187901597,0.0
2030,CAT,0.16368437422351267,0.3385353411657022,0.39985115901050766,0.0
2031,CAT,0.16040118061237563,0.28249915213686405,0.3739666854307252,0.0
2032,CAT,0.1573494159125407,0.24242062294317512,0.3444072549132905,0.7619415877185679
2033,CAT,0.15448831161626686,0.21785090955020933,0.3153331775775591,0.23774858962233214
2034,CAT,0.1516272096620267,0.20083777193951205,0.288316348419902,0.17014806784829156
2035,CAT,0.14839195762150725,0.179889877168756,0.2620762767651619,0.1656798200334467
2036,CAT,0.14489652030501265,0.16412272712567758,0.23760184431460243,0.1936901733659836
2037,CAT,0.14125315796164417,0.151593883208332,0.21525514422003997,0.29827508498040256
2038,CAT,0.1372742810327937,0.1460153053797928,0.19614568445486058,0.5482703923706336
2039,CAT,0.13312771860916428,0.1415543390590413,0.17987285563395594,0.0
2040,CAT,0.1289751623364882,0.14251513742720112,0.1670667970866063,0.0
2041,CAT,0.12490294776398325,0.1439133937799299,0.1571307729040754,0.0
2042,CAT,0.12065789114216774,0.14543848416222444,0.14951878911798788,0.0
2043,CAT,0.11645617075742531,0.1506950031998453,0.14459017100867388,0.0
2044,CAT,0.11227123806828432,0.15771527248316308,0.14219779205945504,0.0
2045,CAT,0.10790643721198812,0.1593384273661998,0.1406423832491624,0.0
2046,CAT,0.10292049161844996,0.1667130344395376,0.1410268317356133,0.0
2047,CAT,0.09813360012989658,0.17341051027883927,0.14281361303557571,0.0
2048,CAT,0.093620108255419,0.1870999738505366,0.14726652978524707,0.0
2049,CAT,0.09260133615694477,0.2159699899281164,0.15720517251312877,0.2698076162491937
2050,CAT,0.09198738512174909,0.24143683504316393,0.17078076254005892,0.13617246897743285
2051,CAT,0.09211449239900349,0.26130764161493747,0.186029954296323,0.108391556659012
2052,CAT,0.09205093912631901,0.2769675107628048,0.20168798848130842,0.07072016874845558
2053,CAT,0.09225718810436712,0.30129791864264044,0.21958809509240737,0.0892918619988486
2054,CAT,0.0930700237398786,0.33429041322432235,0.2411949913894491,0.1148715538854036
2055,CAT,0.09428116241326523,0.35930267399167537,0.264004783551152,0.15373961249422258
2056,CAT,0.09559899651795456,0.3797237102392078,0.2867628622199565,0.0
2057,CAT,0.09706192457023655,0.39611498235031034,0.3085895455588033,0.0
2058,CAT,0.09845309696326632,0.40891227527074825,0.3288773367321738,0.0
2059,CAT,0.10003114034977345,0.41974778024453663,0.34750072841570295,0.0
2060,CAT,0.10200489370402155,0.43777142576352496,0.3663801925435814,0.0
2061,CAT,0.10397864705826987,0.44917326562945187,0.3840020048368055,0.0
2062,CAT,0.10610348967292815,0.45820669077023196,0.40009460122189133,0.0
2063,CAT,0.10821873931867187,0.46558152905623873,0.4145975049308964,0.0
2064,CAT,0.11044910459139456,0.4730726296828567,0.42785433251199534,0.0
2065,CAT,0.11319509194329525,0.48221919595875595,0.44047992978250744,0.0
2066,CAT,0.11573482885337671,0.4875092901954341,0.45174879202715756,0.16056012756832053
2067,CAT,0.11831773719749428,0.4898177282278677,0.4612737296497752,0.5423058093183968
2068,CAT,0.12052651887566668,0.48866389106608593,0.4686388401718171,0.05989382114686499
2069,CAT,0.12243983576458983,0.49630883636416706,0.4762194117508842,0.06490442423665593
2070,CAT,0.12467499927829506,0.5086606257095737,0.48501191839972724,0.07029463185317011
2071,CAT,0.12725790718328145,0.5224596852002018,0.4950936210776557,0.10157082075621902
2072,CAT,0.13006145293418003,0.5349856774609009,0.5059255075295637,0.1490882976912139
2073,CAT,0.13231340355797816,0.5424221760959433,0.5162334617624034,0.0
2074,CAT,0.13398274760456708,0.5472861867627676,0.5255541036147391,0.0
2075,CAT,0.13564712595478345,0.5477296474251694,0.5331085610101386,0.0
2076,CAT,0.13727313418586518,0.5459544677910848,0.5387600559823503,0.0
2077,CAT,0.1390094615594687,0.5453608200331888,0.543150137321107,0.0
2078,CAT,0.14072660299524242,0.5427500939603432,0.5460855904163245,0.0
2079,CAT,0.14231903583512195,0.5373889727646262,0.5472498812592268,0.0
2080,CAT,0.1435853077318937,0.5345833620169191,0.5475616592047922,0.0
2081,CAT,0.14506022670256502,0.5329120433613408,0.5474419496319365,0.0
2082,CAT,0.14701239587675452,0.5406971431461989,0.5490656200316473,0.0
2083,CAT,0.14902931744474268,0.547503675404858,0.5518678653560448,0.15453724574060093
2084,CAT,0.15037233382471948,0.5395681209640554,0.5523569937379657,0.10964431784580725
2085,CAT,0.1511613539078248,0.5243222252546182,0.5493810469495368,0.12485831078856381
2086,CAT,0.15230051896647356,0.5173205176129652,0.5454538735546169,0.09340810887384653
2087,CAT,0.15370348847462678,0.5151580036450706,0.5418345161927933,0.0631048912010144
2088,CAT,0.15532589919598838,0.5147868431002007,0.5388570547880408,0.07409686032386295
2089,CAT,0.15643268930194287,0.5119989871539742,0.5358593523086467,0.12198002957779541
2090,CAT,0.1572001260832524,0.5089241723989744,0.5327820784759403,0.0
2091,CAT,0.15764379943179752,0.5038848832904517,0.529207268476083,0.0
2092,CAT,0.15801552770913674,0.5003634413293258,0.5255696653421195,0.0
2093,CAT,0.15843042361470772,0.49652156523608293,0.5218110557574058,0.0
2094,CAT,0.15895324042057168,0.4953219793866721,0.5185392243355008,0.0
2095,CAT,0.15988375840532065,0.5001056331151261,0.5169782898147035,0.0
2096,CAT,0.1605360802915362,0.496474507746939,0.5149275620919715,0.0
2097,CAT,0.1611092601842038,0.4933409000504698,0.5125948828975582,0.0
2098,CAT,0.16175918382819054,0.4909327497741165,0.5101968690009989,0.0
2099,CAT,0.1625745861859601,0.4897703209038403,0.5080217207198743,0.0
2100,CAT,0.16229998803627843,0.4680754627532011,0.5014900174270975,0.13546758378295895
2101,CAT,0.1618035516021764,0.44773849578131103,0.4917729776195567,0.07885748533090187
2102,CAT,0.16098574939203003,0.4351711564476147,0.481223689438312,0.05576410372147141
2103,CAT,0.1597770369188961,0.4190859446337122,0.46923163578917393,0.05788405919357335
2104,CAT,0.1590251856381545,0.40420216196374215,0.45635072063483667,0.05755546609539755
2105,CAT,0.1588291318243661,0.3966409437434604,0.4443759975373209,0.06431216167663745
2106,CAT,0.15853175213003656,0.395002874829433,0.43443443075726546,0.09469752762401352
2107,CAT,0.15801133429828662,0.39378725857935243,0.4262126930617193,0.0
2108,CAT,0.15731464449170807,0.39186665409212684,0.41921111303733555,0.0
2109,CAT,0.15654840434310235,0.38781584232566885,0.4127151758460639,0.0
2110,CAT,0.15567544417184342,0.3829421044884085,0.4064419992579819,0.0
2111,CAT,0.15488402423636083,0.3796288336697713,0.4006916800913498,0.0
2112,CAT,0.15398468340058546,0.37662605552221057,0.39542822310754316,0.0
2113,CAT,0.1532052546762469,0.3771002671542049,0.3913221931758045,0.0
2114,CAT,0.15181427418358118,0.36789512389397355,0.38600429655461754,0.0
2115,CAT,0.15000599954311566,0.35916011659502556,0.3798207420735935,0.0
2116,CAT,0.1486258124578731,0.3554673157286594,0.37405829656642287,0.1747013347107155
2117,CAT,0.1474674597048694,0.35851652914130183,0.37012179762861047,0.09297395965945565
2118,CAT,0.14600692901655365,0.35618991313746357,0.3664587358158522,0.05247309367972817
2119,CAT,0.14432576092145688,0.35202762287184164,0.36260899175299927,0.05897627791909587
2120,CAT,0.1436266712625015,0.35002396969590366,0.3590866642782191,0.07893433371676556
2121,CAT,0.143010324912619,0.3481847175389608,0.35586258012471794,0.07409089794909766
2122,CAT,0.14218533265985334,0.3468951009340082,0.3529984846131903,0.15167287673761817
2123,CAT,0.14166251439021849,0.34695064072807447,0.3507194748721278,0.0
2124,CAT,0.1411912614024201,0.34660969913981515,0.3488209658039433,0.0
2125,CAT,0.14051435665509715,0.34681187830391597,0.347346812382859,0.0
2126,CAT,0.13970375004989977,0.34903702868735526,0.34665894233892813,0.0
2127,CAT,0.1390634193748278,0.3549214463968598,0.3474082946112519,0.0
2128,CAT,0.13833195549506383,0.3571067547755002,0.3484904295098073,0.0
2129,CAT,0.13785230704931706,0.3619181410276816,0.3504187931250894,0.0
2130,CAT,0.13746139356603326,0.36613256597681243,0.3528922932362534,0.0
2131,CAT,0.13726953565150557,0.3742806029406819,0.35667069066379276,0.11351853647107353
2132,CAT,0.13697215229774862,0.378118711626231,0.36054110360358027,0.05297062072958709
2133,CAT,0.13662440556443423,0.38288573789883384,0.36469029218755766,0.06474079017365306
2134,CAT,0.13670354799711382,0.385876650102403,0.3686702239609653,0.05580429454396335
2135,CAT,0.13677309687536965,0.38629205786823073,0.37194591745510347,0.04744416180825135
2136,CAT,0.13667836528269517,0.38603469948977415,0.37450963138739474,0.07268841490708522
2137,CAT,0.13623229574120088,0.3841033766641097,0.37613404538425177,0.08356400730766317
2138,CAT,0.1359900744471153,0.3818323390012072,0.37693198910095393,0.0
2139,CAT,0.13577663118151218,0.37802126082161136,0.3767286191067387,0.0
2140,CAT,0.13567830471390507,0.37839620437356636,0.3766487341517703,0.0
2141,CAT,0.13592532205331687,0.38529602060771695,0.3781087381419169,0.0
2142,CAT,0.13621310965699374,0.39128020361570387,0.38059842407340694,0.0
2143,CAT,0.1366639791959957,0.39992828239640255,0.3845002107365454,0.0
2144,CAT,0.13733309009520644,0.41026497911851795,0.3899046306810659,0.11052078693630439
2145,CAT,0.1379974283694253,0.4180079258061301,0.3959382946483494,0.06145243007624994
2146,CAT,0.13854662744995327,0.4229296127594958,0.40185224282786897,0.04756826753484732
2147,CAT,0.13867613106653398,0.4213359059128718,0.40623141099485477,0.04686735725688362
2148,CAT,0.1386281669538446,0.4132060411251796,0.4079391617454966,0.06369847873320295
2149,CAT,0.1383763507879422,0.40504705568083466,0.4075033468965842,0.06847279511933252
2150,CAT,0.138069375050779,0.39745818821693585,0.4054785973571661,0.12775359580884801
2151,CAT,0.13754176029668652,0.3914023382724885,0.4025212864340945,0.0
2152,CAT,0.1371796270375415,0.3873664520673528,0.399264061023453,0.0
2153,CAT,0.13664482063068173,0.3822595678495708,0.39553036052378043,0.0
2154,CAT,0.13624191549712317,0.3802711794003705,0.39210423930811,0.0
2155,CAT,0.1360668439608027,0.3815985855039379,0.3896565168145094,0.0
2156,CAT,0.13578145284282905,0.3798095880818811,0.3873032160417395,0.0
2157,CAT,0.1358270176886499,0.38364811018363454,0.38626836172949336,0.0
2158,CAT,0.1361603733584441,0.39190190600228747,0.38726343380315903,0.0
2159,CAT,0.13666640246870687,0.39982147200175067,0.3898086280895717,0.0915027988932949
2160,CAT,0.137215599646333,0.4100385108653116,0.39410134617653597,0.047948976205045624
2161,CAT,0.1374890004314252,0.4185396914460719,0.39941311423288206,0.039851187959006246
2162,CAT,0.13807656977746519,0.4319486250435313,0.40662406178373195,0.06435102752695931
2163,CAT,0.1385754053320586,0.44410066797438236,0.41507675268013944,0.06243798854208233
2164,CAT,0.13917496588924216,0.45877889853875,0.42508077884190537,0.05306734369800174
2165,CAT,0.13973373115167786,0.4685200729151334,0.4352354617198085,0.10790573352998864
2166,CAT,0.14023496216733522,0.473232362151867,0.4443999768854512,0.0
2167,CAT,0.14096642751087007,0.4757006705321067,0.4522767462394704,0.0
2168,CAT,0.14205283050860118,0.47753256806551003,0.4589827595344451,0.0
2169,CAT,0.14314403145456078,0.476545331420429,0.46412952643216715,0.0
2170,CAT,0.14453021619465434,0.4799096120415975,0.46898998400856795,0.0
2171,CAT,0.14569576191781908,0.47689636501970917,0.47221283623547244,0.0
2172,CAT,0.14673974074240947,0.47173588441075465,0.4736513604028623,0.0
2173,CAT,0.14790528646557421,0.46732054190816663,0.4738269953270894,0.0
2174,CAT,0.14937780558386893,0.47130358344586915,0.47484720852340584,0.1092254058113721
2175,CAT,0.1509798305144009,0.47897165297050415,0.47735696952070694,0.07976442878131047
2176,CAT,0.15314544266143948,0.49278894159134257,0.482416501812084,0.07714385465761946
2177,CAT,0.15491534527986828,0.49931837808648544,0.48790623653489423,0.04972267228337091
2178,CAT,0.15661569814177823,0.50691246879344,0.4939752755929273,0.06123005558037425
2179,CAT,0.1580774270729458,0.5080303016274487,0.49907739440282595,0.07739802848557668
2180,CAT,0.15919500882979853,0.5045113167222018,0.5023818769886309,0.1144722956048244
2181,CAT,0.16035096041303143,0.5019738760778824,0.5044650370981583,0.0
2182,CAT,0.1611148005628832,0.49760978524484073,0.505167700357551,0.0
2183,CAT,0.16185585624054533,0.49461386743457664,0.5050681445070939,0.0
2184,CAT,0.16257772583400054,0.49644844721664866,0.5053936900471362,0.0
2185,CAT,0.1633379686205093,0.49649755373846305,0.505664972277533,0.0
2186,CAT,0.16419174285393845,0.4952472101614919,0.5056058438196153,0.0
2187,CAT,0.16504311884513923,0.49274306637705884,0.5050054691281116,0.0
2188,CAT,0.16606716827680879,0.4940843976391253,0.5048214194017693,0.0
2189,CAT,0.1676859817812043,0.5049222774245609,0.50706786287281,0.0
2190,CAT,0.16944883297611735,0.5202303879992537,0.5122460080859274,0.13242235607876252
2191,CAT,0.17187345469835058,0.5399102101152123,0.5207350626510314,0.12258355440125943
2192,CAT,0.17422298716364837,0.5502458284111901,0.5298090587330299,0.07920087395164337
2193,CAT,0.17669557387683354,0.5596417175057234,0.5391434569119459,0.04733617657639116
2194,CAT,0.17875326614821863,0.5647447956138444,0.5477380549986308,0.06886785765470652
2195,CAT,0.1803936629544104,0.5635268435275503,0.5543447332974143,0.07863643580719623
2196,CAT,0.181547216880923,0.559270128605337,0.5586899264404095,0.13720594727008253
2197,CAT,0.1829142150976787,0.5553307297668717,0.5612960147416975,0.0
2198,CAT,0.1842236562328302,0.5528846243933049,0.5628406319769389,0.0
2199,CAT,0.18566140215620208,0.5482868706632589,0.5630608535215895,0.0
2200,CAT,0.18748406566453168,0.5478548543120242,0.5631416144650959,0.0
2201,CAT,0.1891748264357892,0.5444924715493,0.5624635983277936,0.0
2202,CAT,0.19099868965074174,0.5417720882721255,0.5613203542573536,0.0
2203,CAT,0.19303719554516563,0.5440350114249414,0.5609055542892828,0.0
2204,CAT,0.19485985963900354,0.5449272556788176,0.5607707777783063,0.0
2205,CAT,0.19641392060322305,0.5380864635362174,0.5591520808348684,0.0
2206,CAT,0.19840206194707288,0.5400126775963796,0.5582825520934175,0.25935645660042617
2207,CAT,0.20053409914204046,0.5424867069145421,0.5581333498634843,0.08520631031245714
2208,CAT,0.2025533945072836,0.5448112899319688,0.5585274017312043,0.060770731894752156
2209,CAT,0.20374294621944722,0.5385451107484996,0.5574586780529325,0.05175694622180873
2210,CAT,0.20474287007203607,0.5361165727585218,0.5560673256840711,0.06142482648937361
2211,CAT,0.20553908824850076,0.5374727971769531,0.5552537831583769,0.08330917099362092
2212,CAT,0.20618901350263574,0.5304305644199896,0.5530475826877813,0.10853001625078366
2213,CAT,0.20669504363753843,0.5234375933802703,0.5497381359365073,0.0
2214,CAT,0.20712193192526984,0.5144632365278412,0.5451084779658704,0.0
2215,CAT,0.20774547666126575,0.5068883443091987,0.5397317405392933,0.0
2216,CAT,0.20851771182993495,0.5013960835293666,0.5342173151238241,0.0
2217,CAT,0.2094074596967953,0.4995977955372096,0.5294086000732819,0.0
2218,CAT,0.20994706419826026,0.4921654573910445,0.5239201018582882,0.0
2219,CAT,0.21035716361937362,0.4816534836609253,0.517207600521305,0.0
2220,CAT,0.21052743881761382,0.4723479449415627,0.5097823531650438,0.0
2221,CAT,0.2112469114862342,0.4743420844307476,0.504282586286112,0.0
2222,CAT,0.21114378721677574,0.4594704886164962,0.49659819216964124,0.12867489312443234
2223,CAT,0.21044580299759785,0.44075105431832734,0.4863162523159706,0.06742783373454227
2224,CAT,0.20977669283027256,0.4269830456049674,0.47504986103228464,0.054398940728915775
2225,CAT,0.20943014726735198,0.4167243782864316,0.4637709911750752,0.04118212250383524
2226,CAT,0.20847085037585822,0.404582774225933,0.4520662679905366,0.05154185907286839
2227,CAT,0.2075631148140199,0.3986531853820361,0.44139286451731513,0.054668130908133716
2228,CAT,0.2066494107263711,0.3959084492881326,0.4322479319495981,0.09020233870837738
2229,CAT,0.20612657035379567,0.39551518573724637,0.4248451286508287,0.0
2230,CAT,0.2053375486605421,0.3937692525825522,0.41853727452373235,0.0
2231,CAT,0.20439983536359885,0.3941829388211959,0.4135823590763474,0.0
2232,CAT,0.20379787641780933,0.3950341129185641,0.4098064193167927,0.0
2233,CAT,0.20356524692162214,0.4034672303025557,0.4086482284753911,0.0
2234,CAT,0.20353167153041973,0.41209538390644523,0.40962731299212474,0.0
2235,CAT,0.20343334359904175,0.4181284257282284,0.41174305443378906,0.0
2236,CAT,0.20322949300959936,0.4221094999905381,0.4143149183463258,0.0
2237,CAT,0.2034885043413196,0.4382854278935956,0.41994506837971335,0.13203590586249395
2238,CAT,0.2039441696328933,0.4497334972291395,0.4269776397622287,0.07701444904234324
2239,CAT,0.20456411393162754,0.45792188034393466,0.4344122051661576,0.040308965843763256
2240,CAT,0.20538431233472332,0.4677124385475464,0.442522226482573,0.028423082163511724
2241,CAT,0.20583757996957697,0.47707191946299465,0.4510774036407567,0.04883979916071846
2242,CAT,0.20708466519663327,0.48448721703748215,0.459559307915413,0.06540173045781984
2243,CAT,0.20841098800147695,0.484595671155697,0.46636878480311633,0.11508354943261379
2244,CAT,0.2096556763036984,0.48337750040885874,0.47154731784875914,0.0
2245,CAT,0.21098310293817135,0.48403336803986297,0.4758350009726532,0.0
2246,CAT,0.21238607610575178,0.48125078060581034,0.47865057773393216,0.0
2247,CAT,0.21350006064563842,0.47575596500324924,0.4796894394037347,0.0
2248,CAT,0.21452650670938855,0.4706484255308301,0.4793924638471175,0.0
2249,CAT,0.2154762106319673,0.46595250539650174,0.47811772986244644,0.0
2250,CAT,0.21644510049237586,0.460432778831132,0.4758788410333043,0.0
2251,CAT,0.2171166083164212,0.45093104698446956,0.4719891519420257,0.0
2252,CAT,0.2181838261082082,0.45161575698660583,0.4690286275599738,0.0
2253,CAT,0.21830853455772525,0.43962667547506745,0.4640122672955713,0.13637828132118274
2254,CAT,0.218203013656186,0.42704323712120734,0.45721996707598395,0.0680753034683134
2255,CAT,0.21806271736406757,0.4155622578884729,0.4492504069761824,0.04889633130664118
2256,CAT,0.21824498377345136,0.4125747096359222,0.4422149209613767,0.062210976643611415
2257,CAT,0.21766940344289887,0.40760193954274915,0.43548823278431487,0.03773057000081927
2258,CAT,0.2172640999207346,0.40637967172414585,0.4298369288878662,0.059596806552075714
2259,CAT,0.21676646539015765,0.4032105374741328,0.4246159422643995,0.09448310296115822
2260,CAT,0.21605178964512628,0.40020193854918384,0.4197746657225901,0.0
2261,CAT,0.21517643137801523,0.3969534506616971,0.41518417472522956,0.0
2262,CAT,0.2143106665189506,0.39560371929992033,0.41121367663188646,0.0
2263,CAT,0.21373748750454535,0.3959569684110382,0.40811529770511695,0.0
2264,CAT,0.2131259357362184,0.39514082132272876,0.4054563381246906,0.0
2265,CAT,0.21239687009868324,0.3946675887167843,0.403224651035367,0.0
2266,CAT,0.21179730954149967,0.3947183757206261,0.40145051831804746,0.0
2267,CAT,0.2112409173444333,0.39332942587822944,0.39972444494972265,0.0
2268,CAT,0.21064375502947852,0.3915281976385203,0.3979457621459209,0.0
2269,CAT,0.20990029979219382,0.3872748145299724,0.3955834022801671,0.08722446375615918
2270,CAT,0.20903093698427766,0.3803738246653909,0.39216934322227204,0.044946589267681254
2271,CAT,0.20839540103713816,0.3755764709428891,0.38837853954173035,0.039269525176348276
2272,CAT,0.20737135131271434,0.3727069683285569,0.3847121305391925,0.025831436598867104
2273,CAT,0.20700202361963738,0.3724804277513536,0.38172896897653896,0.03513671614922455
2274,CAT,0.20688690535787047,0.37517694908962457,0.379938000675068,0.03585153863497392
2275,CAT,0.20680176512396298,0.37688342068983205,0.37888212193701015,0.06958422594132095
2276,CAT,0.20642044460959397,0.3784947123172548,0.3783932931451333,0.0
2277,CAT,0.2061638337157593,0.3801130184088856,0.3783596535436151,0.0
2278,CAT,0.20577292154986926,0.3815684010569665,0.37865418158484615,0.0
2279,CAT,0.2056386205705686,0.3861290504626365,0.3798970813005878,0.0
2280,CAT,0.205391601621009,0.3870215608018672,0.38108852330498766,0.0
2281,CAT,0.20397424046382706,0.3625834634856868,0.3766442130671112,0.0
2282,CAT,0.20233144453714413,0.3403245917266528,0.36817261064780965,0.0
2283,CAT,0.20036488590958224,0.31817703802330977,0.3565037604882731,0.0
2284,CAT,0.19857819544917532,0.30436785958735024,0.344118748104333,0.0
2285,CAT,0.19694499234503005,0.2979488548185196,0.3327930195552892,0.26352216910310644
2286,CAT,0.19588257279422583,0.3063416859361087,0.3255860999492446,0.11461009271051102
2287,CAT,0.195025200172814,0.3167699502751994,0.3221237787483572,0.056557762051339576
2288,CAT,0.19427335255149958,0.3272994054371964,0.3216794855486547,0.04102356750081762
2289,CAT,0.1935083126950251,0.3331637689505732,0.32261927007271635,0.050480335535952346
2290,CAT,0.19300504264651563,0.3402631319406841,0.3249390820788148,0.06308810822019359
2291,CAT,0.19236950991967217,0.3441347506594502,0.32765002779743135,0.08912469467672555
2292,CAT,0.19174596723295545,0.34866542526570854,0.3308194413403375,0.0
2293,CAT,0.1909425546225586,0.3507612636243712,0.3338178646663296,0.0
2294,CAT,0.1900576041184182,0.3538251354018777,0.33689329828090014,0.0
2295,CAT,0.188887263667321,0.35011367841661656,0.3385339228096547,0.0
2296,CAT,0.18798312634708825,0.3533343301271799,0.34055774422373686,0.0
2297,CAT,0.1871677239893187,0.35834997362430665,0.34328456985542316,0.0
2298,CAT,0.18641707417172493,0.36406489160980954,0.3467282425037312,0.0
2299,CAT,0.18551773333594979,0.36906273197865314,0.3505870170760464,0.0
2300,CAT,0.18487500441864857,0.3758414339017999,0.35517119905584266,0.0
2301,CAT,0.185899055314089,0.39088710646497804,0.3621615723115383,0.06346329617301663
2302,CAT,0.18696147632866433,0.400040103642576,0.3697754264679576,0.04466127859372754
2303,CAT,0.18812222468910889,0.40387214161893287,0.37671286399770415,0.03199233636096835
2304,CAT,0.19349188142763596,0.41752627270150233,0.4165699530829072,0.0
2305,CAT,0.19382523695105303,0.42408457280501827,0.41861265715468765,0.0
2306,CAT,0.19384442288888282,0.4224602153126778,0.41988806045150723,0.0
2307,CAT,0.19387560003785642,0.42129239875486074,0.42065045598593803,0.0
2308,CAT,0.19399551214929323,0.42034560254248216,0.42105126045785995,0.0
2309,CAT,0.1939211666402022,0.4169831610089035,0.42062926616300134,0.0
2310,CAT,0.19401469808712302,0.41621575214796164,0.4201221787439657,0.0
2311,CAT,0.19396553368230263,0.4125659841679273,0.41891041124529554,0.0861660318209733
2312,CAT,0.194271428863794,0.417075455817576,0.4189369712724006,0.06655445624577527
2313,CAT,0.19430500410861906,0.41484813434943896,0.41846628708954775,0.03436293240190734
2314,CAT,0.19432418931456363,0.41084502303632847,0.41720560182180405,0.041035713079043204
2315,CAT,0.194233054938855,0.41014556557554477,0.41604256955329305,0.03908535404470942
2316,CAT,0.19444170450116538,0.4141420789805543,0.41599482442823305,0.04599972131418689
2317,CAT,0.19464675684650967,0.4143233487691651,0.4159966640607916,0.060426459959230606
2318,CAT,0.19491260340278516,0.41626265722321876,0.41642645664315886,0.0
2319,CAT,0.19496296824611326,0.4177075526245358,0.4170894141899975,0.0
2320,CAT,0.19485265042098543,0.4170488834479692,0.4174743047832076,0.0
2321,CAT,0.19478070330050057,0.4141497210801894,0.4171419004668253,0.0
2322,CAT,0.19503971346120375,0.41887678377906584,0.4179200087835867,0.0
2323,CAT,0.19529152889522094,0.42162615756567445,0.41914972951940854,0.0
2324,CAT,0.19563447753392993,0.4268441036238919,0.4212859556957407,0.0
2325,CAT,0.19569443358964833,0.4308871227788228,0.4238878887114494,0.0
2326,CAT,0.1961908697309961,0.4363131785223613,0.42716784837600713,0.0
2327,CAT,0.19669929854725898,0.4407613134374973,0.4307742431376907,0.09848164814171549
2328,CAT,0.1971069989942581,0.4418928892582777,0.43390928182349714,0.04722509974280082
2329,CAT,0.19795118128341216,0.44901188225696875,0.4379896326954347,0.03399216102298451
2330,CAT,0.1987131031615107,0.4543766736428848,0.4424387956343262,0.05643321466735359
2331,CAT,0.19961364428941708,0.4579860258521854,0.44679529721315464,0.0466902526434851
2332,CAT,0.1997274414979543,0.4512652525486656,0.4487961304248654,0.054428310945352186
2333,CAT,0.20028143486728356,0.449025738718636,0.44990217195188714,0.07700252429281267
2334,CAT,0.20094335045429956,0.4468732671538461,0.4503116045197517,0.0
2335,CAT,0.2015309192148308,0.4456633743698383,0.4503719304026381,0.0
2336,CAT,0.2018642734208539,0.4435560115975562,0.4499547533043205,0.0
2337,CAT,0.20233912435750379,0.44156939500243797,0.44918224214618774,0.0
2338,CAT,0.20272524135632997,0.4396500273278586,0.4481403165174992,0.0
2339,CAT,0.20311135835515637,0.43780522068987954,0.44689932706326413,0.0
2340,CAT,0.2038092468437177,0.4408391141511947,0.44657660936218346,0.0
2341,CAT,0.20438722322084268,0.43806225692017586,0.44570513105152243,0.0
2342,CAT,0.20498678377802626,0.4430625658161386,0.44611233006219514,0.0
2343,CAT,0.2055592430562837,0.44518546324983105,0.44690695810242265,0.0932389540934684
2344,CAT,0.2058326428167364,0.4434100863571148,0.4471505460234253,0.05188900178142508
2345,CAT,0.2056703545379891,0.43270313383659276,0.4449806500556592,0.05369758879356205
2346,CAT,0.20550727582296024,0.42653577173150986,0.44188259311446426,0.02674456325273601
2347,CAT,0.20559960683137268,0.42733628282301367,0.4395809505922487,0.04784342008883055
2348,CAT,0.20567635233921722,0.4254381397009139,0.43732040758398755,0.05776900744347282
2349,CAT,0.20572191952707153,0.4297210156028171,0.43645790065768225,0.09920949952047048
2350,CAT,0.20576071796781858,0.43294251969853775,0.4364794051677928,0.0
2351,CAT,0.20580148735382153,0.43515800720080067,0.43698592729891594,0.0
2352,CAT,0.20624995865059492,0.4361040276688607,0.4376000856264624,0.0
2353,CAT,0.20662168692793415,0.43844430054529304,0.4386082912445867,0.0
2354,CAT,0.20699101623115912,0.4399505596014993,0.4397475321617415,0.0
2355,CAT,0.20736754026107052,0.4418360617831881,0.4410753619738872,0.0
2356,CAT,0.20758578030388508,0.43889799092668424,0.44148871559928193,0.0
2357,CAT,0.20789755179362046,0.43826331685354025,0.44167922267835663,0.0
2358,CAT,0.2081014023830633,0.43519118643393845,0.4411531093619544,0.0
2359,CAT,0.20883646421167879,0.4435673356704202,0.44258219753693545,0.12917286183168128
2360,CAT,0.20942643136081596,0.4515188804765312,0.44548166762956753,0.06445945441620952
2361,CAT,0.21082221009446445,0.46927063264968927,0.4517219433897577,0.0842611634978117
2362,CAT,0.21226594928137466,0.4909987131496868,0.4615130862431386,0.0754205075217566
2363,CAT,0.2136216755840027,0.5038464709141521,0.4721835908291934,0.07166730302135613
2364,CAT,0.2153094363568181,0.516726648331047,0.4835647450929386,0.08794171535755367
2365,CAT,0.21734235064643614,0.5238613104221523,0.4942454491450825,0.15610336284561624
2366,CAT,0.21932329697084552,0.5295502892685043,0.5040464955417822,0.0
2367,CAT,0.2210392391391277,0.5329418872158389,0.512636410095427,0.0
2368,CAT,0.22295063717078933,0.5359446686012073,0.5201715441039548,0.0
2369,CAT,0.22409939358820485,0.5269104059004901,0.5242043197745322,0.0
2370,CAT,0.225260435412464,0.5188467770729543,0.5256495855801915,0.0
2371,CAT,0.22642358289339992,0.5112855635516598,0.5251358082885039,0.0
2372,CAT,0.22771383721245886,0.5063538164262593,0.5236355475328326,0.0
2373,CAT,0.2288913741467674,0.500938795682019,0.5212393628959021,0.0
2374,CAT,0.22988184818723456,0.4917573833490215,0.5172945837869185,0.0
2375,CAT,0.2305701441460125,0.47837994320304505,0.5111841831222798,0.10353619614181353
2376,CAT,0.23121527042727952,0.4621673834671681,0.5027151130821799,0.08309165472903546
2377,CAT,0.2321637763997607,0.4571913580322754,0.49484083870136303,0.05864569736266498
2378,CAT,0.23308949951019986,0.4500272621736027,0.48695913773456473,0.04548386548264209
2379,CAT,0.2335175866262914,0.4446549679426829,0.4794672376212761,0.07006651581122415
2380,CAT,0.23371903809524264,0.4370982374869904,0.4718047177363455,0.04841735386716315
2381,CAT,0.2335823365316797,0.4358150380820153,0.46539129095970516,0.08220215674553269
2382,CAT,0.23303553993831605,0.4344623651680598,0.45996179456381975,0.0
2383,CAT,0.2325846715703307,0.43187086154435306,0.4550458309930936,0.0
2384,CAT,0.23182982687811593,0.42713848189074627,0.4500678540497364,0.0
2385,CAT,0.2312422604596177,0.4249820603730996,0.4456091994440959,0.0
2386,CAT,0.23058754033117335,0.4231186841082722,0.44163072547061466,0.0
2387,CAT,0.2299472096561016,0.4221060442465436,0.43822429193088164,0.0
2388,CAT,0.22896632858454902,0.4158223932316763,0.4341113210510158,0.0
2389,CAT,0.22870731842384562,0.4159290299127637,0.4308444964110539,0.0
2390,CAT,0.22825884712707245,0.41234242846009134,0.42743889026461207,0.0
2391,CAT,0.22813653618789875,0.4163015215526087,0.42558882128643744,0.1369285864291492
2392,CAT,0.2282540477150733,0.42647728734451557,0.4263562130802207,0.06979533817375111
2393,CAT,0.22810295816190884,0.42820981712878015,0.42735277769891855,0.048062482154281085
2394,CAT,0.22824685167099334,0.43160619429880687,0.4289001623821282,0.04726882382441292
2395,CAT,0.22851068173648825,0.4312687553677575,0.4300635424596448,0.04757246328005252
2396,CAT,0.22892197940045367,0.42888361979043166,0.4304674590689,0.06441175541808723
2397,CAT,0.22903109986099246,0.428821347330842,0.43077683869354555,0.08843835909263256
2398,CAT,0.22945079064087304,0.43230432181107176,0.43179360149614227,0.0
2399,CAT,0.22982731320701333,0.4345758620069139,0.4331087102097786,0.0
2400,CAT,0.23031655593906886,0.4354724479551028,0.4343588195624403,0.0
2401,CAT,0.23044845926164925,0.4333818660013154,0.4348971754966078,0.0
2402,CAT,0.23055638016194202,0.43092443396336816,0.43478510520062147,0.0
2403,CAT,0.23098326727865703,0.43415667127031893,0.43540932958086104,0.0
2404,CAT,0.23136698603525419,0.43306114126107287,0.43566674738338795,0.0
2405,CAT,0.2317626960029956,0.4339365701271233,0.4360660311971494,0.0
2406,CAT,0.23233587589566318,0.438045959024435,0.43729306892244746,0.0
2407,CAT,0.23357096947244405,0.45534057242113485,0.44209443389021413,0.1485161305424414
2408,CAT,0.23477728355697247,0.46242155024232756,0.4474994496534662,0.10271846748418921
2409,CAT,0.23538643503379164,0.46001991899138095,0.451293031532508,0.086638384399601
2410,CAT,0.2363865008721574,0.4621144517526316,0.45479050116965597,0.05556314960901175
2411,CAT,0.2367630266585935,0.45695943885588186,0.45644992687885055,0.04746491970558235
2412,CAT,0.2366323265556861,0.4489578645921084,0.45601021825310434,0.057597644376144584
2413,CAT,0.2368121947228411,0.4426666159137302,0.4542689492640491,0.11594433968576517
2414,CAT,0.2368697535609704,0.43706222166225556,0.4516381324987341,0.0
2415,CAT,0.23695126993728188,0.4301101235267696,0.447998020011144,0.0
2416,CAT,0.2372378616401406,0.42683064124797054,0.444361614752608,0.0
2417,CAT,0.23742012643937638,0.4239163307529618,0.4408088280987442,0.0
2418,CAT,0.23716831100535918,0.4161721290936944,0.43625619358757406,0.0
2419,CAT,0.237144328583072,0.4145805589241518,0.43226256751424985,0.0
2420,CAT,0.2370507971361514,0.41122858172727383,0.4283273399647169,0.0
2421,CAT,0.23728822311679576,0.4129845729100023,0.4255669908562702,0.0
2422,CAT,0.23752085261298295,0.4136733009772496,0.42351082590114125,0.0
2423,CAT,0.2378901813306996,0.4224166210033211,0.42379696709236236,0.09280502570777252
2424,CAT,0.23839261483414453,0.4285473015394127,0.4253799186224259,0.06546466663589787
2425,CAT,0.23846455917346476,0.42616201734342984,0.4261194595694028,0.05601054854510327
2426,CAT,0.2385532906228779,0.4281552492407774,0.4271513228798894,0.037116887057384765
2427,CAT,0.23798730896994658,0.43025687065003587,0.42844098328004027,0.03981453039563448
2428,CAT,0.23760838991810285,0.4296197538840921,0.42933199627922425,0.049930472085375904
2429,CAT,0.23770911931200545,0.43154345018976864,0.43046967941384945,0.07206899041758044
2430,CAT,0.2375004734091225,0.43090224230794766,0.431238207025767,0.0
2431,CAT,0.23750287048033447,0.4283588103120581,0.4312912798901772,0.0
2432,CAT,0.23776067976339854,0.4280534462706626,0.43126629465897237,0.0
2433,CAT,0.23809403572594656,0.42960501878662943,0.4315889909491493,0.0
2434,CAT,0.23841300194236814,0.4299941752787402,0.43193309812984937,0.0
2435,CAT,0.2388854556614285,0.4310179331418529,0.4324344937870186,0.0
2436,CAT,0.2393267322315159,0.4333270957042434,0.43334561816128464,0.0
2437,CAT,0.2396720791124537,0.43271762781271833,0.4339399089444608,0.0
2438,CAT,0.24026924142740846,0.43192810534684195,0.4342409655176452,0.0
2439,CAT,0.24149474144976646,0.4487037461375834,0.4381869238794264,0.11088868754219208
2440,CAT,0.24261711793455143,0.45720351552070254,0.4432209724747229,0.06417016882574562
2441,CAT,0.24335030818570502,0.45960839409723764,0.44777935929557533,0.029765278971786262
2442,CAT,0.24431439980513125,0.46508741281452287,0.45263617954894775,0.023517814361240855
2443,CAT,0.24473888604482952,0.4657496100690661,0.45666789041668876,0.028746154544312258
2444,CAT,0.24531326242382379,0.4681796215341256,0.46042995797279146,0.04448682392466915
2445,CAT,0.24604233011063814,0.4656679027513445,0.46288486705801424,0.06635438544809565
2446,CAT,0.246713841447734,0.465912082230477,0.46490272446209363,0.0
2447,CAT,0.24727502778722432,0.4639133187090423,0.466075558103092,0.0
2448,CAT,0.2479081622718392,0.46117988740632676,0.46641011203331006,0.0
2449,CAT,0.24872835994304954,0.4650009171640889,0.4675216780773563,0.0
2450,CAT,0.2490641138550721,0.4553665241342636,0.4662830529792382,0.0
2451,CAT,0.24952457636298908,0.44809795323404195,0.4636867968001853,0.0
2452,CAT,0.25015531406914626,0.4474150624207248,0.461458966756903,0.0
2453,CAT,0.25101388478703324,0.4531994742596618,0.46095426346444407,0.0
2454,CAT,0.251565480499642,0.4502370619795351,0.4598962144939254,0.0
2455,CAT,0.2524288468237238,0.454903238172519,0.4600803595300768,0.0838870796884637
2456,CAT,0.2530979575765572,0.4557446172627277,0.46041350480574955,0.050505510007183556
2457,CAT,0.25378865338771195,0.4541796551571127,0.4603343792903978,0.035299025240057354
2458,CAT,0.2547179707875754,0.4573711042864219,0.46097595090862825,0.035379186056346205
2459,CAT,0.2547911154190269,0.45912853737277964,0.46187735959710235,0.03535975313118527
2460,CAT,0.25498537245404596,0.4582677387529502,0.46240836825163534,0.06362582609254444
2461,CAT,0.2553697660090243,0.45729018067442767,0.46261726907122164,0.07772838821331257
2462,CAT,0.2554513080013262,0.45383250213854764,0.4620207175542527,0.0
2463,CAT,0.25577507392250143,0.45267052646231215,0.461286839270454,0.0
2464,CAT,0.2558877921855144,0.4494210216058217,0.45998204226899514,0.0
2465,CAT,0.25626671533591694,0.44822245679569245,0.45867348642317324,0.0
2466,CAT,0.25665762881920073,0.44994421225844405,0.4580069132845857,0.0
2467,CAT,0.2572092245318095,0.4526345472351587,0.45806784938593076,0.0
2468,CAT,0.2576864747353277,0.45215368305248477,0.45801039331148075,0.0
2469,CAT,0.25802222864735025,0.4548928621831702,0.45856941091523196,0.0
2470,CAT,0.25861939096230524,0.4499752165681834,0.45793050057339413,0.0
2471,CAT,0.2589335595232526,0.44056442774851184,0.45534088019327507,0.0803244503518574
2472,CAT,0.258938359228006,0.43184009926902556,0.45134230525786706,0.06406417105214052
2473,CAT,0.2586865467215308,0.42615255069560276,0.44688727804847855,0.03701243508464474
2474,CAT,0.2587728813924858,0.4215591715199519,0.4423087502132641,0.04128414536093015
2475,CAT,0.25878967084461213,0.42382464111991197,0.4391462856485325,0.03636584866565365
2476,CAT,0.2591949743667764,0.43123802344038403,0.4382536535367081,0.04025177121175551
2477,CAT,0.25946837017504787,0.43235167661680546,0.4377855122803148,0.04783988682971038
2478,CAT,0.25953432330010895,0.4335662845565911,0.4376792608485807,0.0
2479,CAT,0.2596866151946836,0.4358459556188373,0.438097753979755,0.0
2480,CAT,0.2599504233036153,0.43798424516706713,0.438904816860161,0.0
2481,CAT,0.25974177330217374,0.42973897818278195,0.43772939534229965,0.0
2482,CAT,0.25985688892915293,0.4276502197889024,0.43632772933639014,0.0
2483,CAT,0.25987367662475414,0.4258094495678662,0.43479983907427056,0.0
2484,CAT,0.2602190235056919,0.42918317857081945,0.43432265771778805,0.0
2485,CAT,0.2604564494863365,0.431154734711816,0.434376355819714,0.0
2486,CAT,0.26067229128692293,0.43510477651065976,0.435291731147191,0.0
2487,CAT,0.26037970397849197,0.42911162803177416,0.4347003685318058,0.10594035814439413
2488,CAT,0.2602202214557897,0.42487015324827276,0.4332904949214541,0.047833703626250085
2489,CAT,0.25974416949512336,0.41837489558985175,0.4307280359731852,0.03879319768121037
2490,CAT,0.2594024190992662,0.4094380198122531,0.4267042464158557,0.03878745613514009
2491,CAT,0.26022981559572134,0.4217115448372128,0.42619597848746166,0.08032511283794243
2492,CAT,0.26175269355588393,0.4446887799944693,0.4308641780442083,0.13278319016640988
2493,CAT,0.26368327562247307,0.4721909655403697,0.4406729442909962,0.13344567625144174
2494,CAT,0.2655299241878778,0.4913266585806048,0.4527463178732313,0.0
2495,CAT,0.2671559315406967,0.5067888587897463,0.46582003982602604,0.0
2496,CAT,0.2687795397730247,0.5235460881952418,0.4799800641034765,0.0
2497,CAT,0.27044631987851997,0.531828409990643,0.49313733937277676,0.0
2498,CAT,0.27239848905270947,0.5434749041690428,0.5062354355880071,0.0
2499,CAT,0.2743098881090106,0.5518253166538144,0.5185582071001538,0.0
2500,CAT,0.2766122006485955,0.5655469263380956,0.5314470158963782,0.0
2501,CAT,0.27909917783979277,0.5687726107786417,0.542470496266704,0.0
2502,CAT,0.28161733217996365,0.5747365359555358,0.5526064891033269,0.0
2503,CAT,0.28581305578811744,0.6124982338162789,0.5690554334324314,0.3106085884254406
2504,CAT,0.2901850540058871,0.6484465427051506,0.5901542289943967,0.17724174801811765
2505,CAT,0.29479927059020106,0.6784899014593511,0.6136687223885868,0.09792096408508352
2506,CAT,0.29934154254243983,0.7001151726311676,0.6372565326046845,0.09862518679347239
2507,CAT,0.30457450884206294,0.719347868730049,0.660374565718559,0.10034897558672527
2508,CAT,0.3104130298406703,0.7441857196418791,0.6843547467043768,0.14805018199596898
2509,CAT,0.316405041854967,0.7600340654597421,0.7070391997368002,0.2344931330004856
2510,CAT,0.32243782105961005,0.7655591180420471,0.7264070401225562,0.0
2511,CAT,0.3276779785728693,0.7685823466671676,0.7425690308290886,0.0
2512,CAT,0.33222744671556537,0.7659615668474299,0.7549197909209728,0.0
2513,CAT,0.3366761860498674,0.7676473680862576,0.7651727295860409,0.0
2514,CAT,0.34131438652023915,0.7671389156300304,0.7732627823423392,0.0
2515,CAT,0.34573674519002495,0.7595679377793225,0.7780626780351309,0.0
2516,CAT,0.3498665183079054,0.749299497243378,0.7796346792200446,0.0
2517,CAT,0.3539603177923544,0.7330852883266195,0.7773111664170658,0.0
2518,CAT,0.3575169110175672,0.712047545144898,0.7708059036845887,0.0
2519,CAT,0.36128934779989097,0.6973689361862743,0.7623597364807948,0.41677662095439066
2520,CAT,0.36485553428677286,0.6870898810033317,0.7533325429689817,0.13070055474376474
2521,CAT,0.368452871281998,0.6707758652798209,0.7425076308090888,0.07282201626756664
2522,CAT,0.37164493110293473,0.6518203182303551,0.7296611280239651,0.06909486955317742
2523,CAT,0.3728716296608988,0.628211046661368,0.7141695186361509,0.06932673968293858
2524,CAT,0.37399040439102815,0.6136479096977188,0.6985597775631847,0.06512149884385136
2525,CAT,0.37503124064003635,0.6028886815513528,0.6836956726650485,0.13273239956655744
2526,CAT,0.37601931526725785,0.5923078298517909,0.6694674734081367,0.0
2527,CAT,0.3767960819427226,0.5831315859958772,0.6560582241269051,0.0
2528,CAT,0.3769893793880962,0.5751014000474156,0.6435572562552545,0.0
2529,CAT,0.377181235838853,0.5670952836754629,0.6317882295826147,0.0
2530,CAT,0.3775121932664184,0.5590292892392836,0.6205915310390184,0.0
2531,CAT,0.37748581260190217,0.5463090266402324,0.6088247408256198,0.0
2532,CAT,0.377768805184893,0.5403356374713024,0.5980920098718265,0.0
2533,CAT,0.3776369018623126,0.5333173198664174,0.5879557406235026,0.0
2534,CAT,0.3774450424840138,0.5274100217151962,0.5785420234815349,0.0
2535,CAT,0.3773347265617878,0.5200409372186345,0.5693834939644224,0.13145799716765116
2536,CAT,0.37720282558124085,0.5122103787416493,0.5603271921638409,0.08498371498788644
2537,CAT,0.3771572613209285,0.5024077841380867,0.5509171233384669,0.06503625896757727
2538,CAT,0.37724839306184943,0.49187167019961997,0.5410620338418961,0.05435609996208371
2539,CAT,0.3770817134704275,0.48255578288067885,0.531120430338454,0.042242983554666255
2540,CAT,0.3767555487215154,0.47560177333773124,0.5216312663017741,0.05759212365876932
2541,CAT,0.3768179273180591,0.47240230815758716,0.5133332925953908,0.0739588423894813
2542,CAT,0.3769714154062064,0.4678815739209847,0.5056964521190246,0.0
2543,CAT,0.37741269548934386,0.463676932551018,0.4986583313465771,0.0
2544,CAT,0.37760575662354456,0.4610176656927408,0.49244050190452604,0.0
2545,CAT,0.3776153519344928,0.4574997911720245,0.48668927113128235,0.0
2546,CAT,0.3776633167790674,0.45504904595797585,0.4815470083392617,0.0
2547,CAT,0.37765398761679736,0.452612430494142,0.47689504066682015,0.0
2548,CAT,0.37766214164037526,0.45171442176229226,0.4729751299072918,0.0
2549,CAT,0.3775925926157421,0.44908256271902575,0.46925792183924736,0.0
2550,CAT,0.37753503480225226,0.44682200451981313,0.4657848824265384,0.0
2551,CAT,0.3787593395093004,0.4666497981509839,0.4673856706774487,0.12881246940142393
2552,CAT,0.37988651218578895,0.48506006541667135,0.47273244237710765,0.07382237025596475
2553,CAT,0.38114798994013654,0.5005753146930777,0.48043659938338695,0.07010140674503583
2554,CAT,0.3824010685771081,0.5125205659094072,0.4892381852703942,0.06901581288036363
2555,CAT,0.3839803090354502,0.5261071717496736,0.49928022825474627,0.05598360744431197
2556,CAT,0.3855559486173993,0.5345506966330076,0.5091787222367412,0.08350040864350011
2557,CAT,0.38740259074221195,0.5428930149685827,0.5189400242667578,0.1232235159594002
2558,CAT,0.38922765454204955,0.545661822195602,0.527360592095053,0.0
2559,CAT,0.39115224393060843,0.5482316747717476,0.5346646309031636,0.0
2560,CAT,0.39302047813984287,0.548666665795232,0.5406039352359728,0.0
2561,CAT,0.39496785287885394,0.5520733703519963,0.5461077926248572,0.0
2562,CAT,0.39677133103486206,0.5488208976405384,0.5497925286731218,0.0
2563,CAT,0.3983086043034808,0.5391383787532519,0.5506018103721795,0.0
2564,CAT,0.3998434793298703,0.5312773757238528,0.5495130334788796,0.0
2565,CAT,0.40155342603895827,0.5265328236368587,0.5475941174411169,0.0
2566,CAT,0.4030355397363158,0.5175850374261427,0.5440827525046162,0.0
2567,CAT,0.4055505498966113,0.5308766146839068,0.5442092740246529,0.159134899170722
2568,CAT,0.40833011176145184,0.5469240475478379,0.5478547703844172,0.1398106217277328
2569,CAT,0.41119841268731416,0.5583333218420485,0.5532910504509579,0.056027552354619085
2570,CAT,0.4139539930081294,0.5634789239039395,0.5587765460024394,0.06081798923548443
2571,CAT,0.4153125919611321,0.5586592220588875,0.5621004501430004,0.05424413981371333
2572,CAT,0.41530779811146223,0.5282897806295253,0.5580520970149713,0.14314358922152806
2573,CAT,0.4149360661746958,0.497445696171299,0.5480011071372916,0.13365325522475172
2574,CAT,0.4143544953617696,0.4687310243758129,0.5336183156625753,0.0
2575,CAT,0.4138736466238918,0.45306018206080034,0.5186509781396463,0.0
2576,CAT,0.4135283029632498,0.44223830511125295,0.5042869592985243,0.0
2577,CAT,0.41319015285827765,0.43668859317903697,0.4915700199355253,0.0
2578,CAT,0.41294793039317546,0.43178328681395245,0.4803130693001778,0.0
2579,CAT,0.4126241676922965,0.42793868043844,0.4704583786968784,0.0
2580,CAT,0.4121445192465495,0.42146945965607324,0.461145816728661,0.0
2581,CAT,0.4115497551738233,0.41851679232204386,0.4530436331125165,0.0
2582,CAT,0.41119721356619954,0.41685313936940804,0.4461944473580436,0.0
2583,CAT,0.41018379023294027,0.39614299215129684,0.43614099998918454,0.24993767110083326
2584,CAT,0.4095295007458922,0.38875797091876907,0.42646716646022953,0.06384135489887481
2585,CAT,0.4081684947680352,0.37127871211176366,0.4148675835680524,0.06216018604375897
2586,CAT,0.4071108702379177,0.3604469732917555,0.40319559031232194,0.053779957896801005
2587,CAT,0.40521340598775,0.3565464813702692,0.3929965225808611,0.0516065618805065
2588,CAT,0.40330680780721917,0.36092061222489397,0.3858033506900673,0.0513362675578135
2589,CAT,0.4014697533817463,0.36675350093059944,0.38133708065065697,0.0966288953905764
2590,CAT,0.39985093987735076,0.37426270249702764,0.3794225670552295,0.0
2591,CAT,0.39845516612052345,0.3781004839929269,0.3787385789126582,0.0
2592,CAT,0.39814339316701697,0.3791680382426609,0.3784271712988458,0.0
2593,CAT,0.3978532079066194,0.37510347552594736,0.3772803349642073,0.0
2594,CAT,0.39813620048960996,0.38071223857823144,0.3776016323756536,0.0
2595,CAT,0.3977117116151242,0.3781883136383755,0.37730122946050026,0.0
2596,CAT,0.3973807541875588,0.3804696680778422,0.37756477320015547,0.0
2597,CAT,0.39701861961102003,0.38524003693827147,0.3788292046769564,0.0
2598,CAT,0.39675481296585924,0.3910562562045592,0.3811253356744391,0.0
2599,CAT,0.39683874998009394,0.4033246828486813,0.3856718781478032,0.07366425691033715
2600,CAT,0.39682676023272145,0.4077605040352993,0.3902888195133628,0.046571667634264395
2601,CAT,0.39676800593290495,0.4125330751603127,0.395036455488961,0.029176770499582963
2602,CAT,0.39671764489538075,0.417165110782741,0.39985760810385307,0.025385804292335674
2603,CAT,0.39707514897908125,0.40988603471330376,0.40210685389530665,0.04000554721681866
2604,CAT,0.3973792986137842,0.41175512239358364,0.40431906225600245,0.03738099817661746
2605,CAT,0.39821268925204045,0.4122963922581626,0.40620837526130804,0.0668898950334964
2606,CAT,0.39890578096339036,0.41219127769326436,0.4076966097802935,0.0
2607,CAT,0.399405815931852,0.41208081465557167,0.4088628002321494,0.0
2608,CAT,0.3994226001144031,0.4087179211695901,0.4090530149018157,0.0
2609,CAT,0.39950653625037547,0.4093441485372486,0.40934349689671906,0.0
2610,CAT,0.3994729608591733,0.40983912010946155,0.4096852032441296,0.0
2611,CAT,0.39955689933717886,0.41022561524282786,0.4100439306757728,0.0
2612,CAT,0.39973676750433407,0.41022276346687936,0.41033028277018835,0.0
2613,CAT,0.40033632806151764,0.4137143143987305,0.4113305177667521,0.0
2614,CAT,0.4005137979864438,0.4160044568107428,0.4126365127710119,0.0
2615,CAT,0.40207265806990844,0.43927389673823003,0.4188206598046244,0.09427773227479834
2616,CAT,0.40326098621598383,0.45334371379965843,0.42687547503501405,0.053653643883254935
2617,CAT,0.4047296481516024,0.47236325089928866,0.43752003329096334,0.044587742638289
2618,CAT,0.40614940930753807,0.48733113553421514,0.4493415271167222,0.029330025613920334
2619,CAT,0.407329347704371,0.5006733222064597,0.46174551337784225,0.0361796900757597
2620,CAT,0.4087011425519612,0.5088403443891726,0.4734724928517958,0.042518356937344494
2621,CAT,0.4097983339802945,0.5096600992132291,0.4830351296841809,0.060189510769484214
2622,CAT,0.41087993917617427,0.5097634372462216,0.4907080626657375,0.0
2623,CAT,0.4124399957459658,0.5078544893889942,0.4964247936976602,0.0
2624,CAT,0.41353359068921847,0.50309091910392,0.49994608358974313,0.0
2625,CAT,0.4147734839707532,0.500444443966418,0.5021786078931396,0.0
2626,CAT,0.41588626836488596,0.4941876380681637,0.5025827323723687,0.0
2627,CAT,0.4169990527590187,0.48832304238610824,0.5016107615945301,0.0
2628,CAT,0.41826772289801906,0.4828325669096967,0.49962054380496257,0.0
2629,CAT,0.41986015573789837,0.4876962331907344,0.49910257197740227,0.0
2630,CAT,0.42112402939244153,0.4837692904770702,0.49782087939544073,0.0
2631,CAT,0.4230618096987667,0.4938966596437123,0.4990322832974908,0.0728315119014521
2632,CAT,0.42461827095449467,0.4926232869185688,0.49972016589734797,0.03273741237793418
2633,CAT,0.4263510024285261,0.4978547993021886,0.5014259178599911,0.0338026900026654
2634,CAT,0.42803216847434344,0.4994743920753266,0.503148227042024,0.048963242401229394
2635,CAT,0.4286245345975951,0.498570791062343,0.5043265026398368,0.030350695842259412
2636,CAT,0.42950589300796727,0.499050024300883,0.505374967858909,0.04054569420481464
2637,CAT,0.4299989935082077,0.4988074115464122,0.5061601559292843,0.06246780041590876
2638,CAT,0.43039230347719515,0.49630233790090883,0.5062350290888007,0.0
2639,CAT,0.4307040732104054,0.4941529110907861,0.5058201994353583,0.0
2640,CAT,0.431166932204026,0.4934064502487336,0.5053234703651974,0.0
2641,CAT,0.43177608748664953,0.49046819476598186,0.5042771361076979,0.0
2642,CAT,0.4324404005840087,0.4889957199591153,0.5031148539591344,0.0
2643,CAT,0.43312869610365545,0.4865887529511999,0.5016534190391019,0.0
2644,CAT,0.433917717796909,0.48377701750081503,0.49986326365602807,0.0
2645,CAT,0.4345364642919224,0.4793304065015372,0.49744904889568314,0.0
2646,CAT,0.4351624055136222,0.4720538304319136,0.4939105529436237,0.0
2647,CAT,0.4359682113894269,0.46939185520220944,0.4904918251796919,0.06101585174621395
2648,CAT,0.4364502604194357,0.4598774581425569,0.4856554676676077,0.0565124921688624
2649,CAT,0.43638310992978535,0.45040179872979735,0.47969356205778696,0.04607568638527055
2650,CAT,0.436714069699384,0.4439641123373627,0.4735021928544496,0.06490044932014574
2651,CAT,0.43649582877830684,0.4411296932267474,0.4679230800705798,0.03209855496326846
2652,CAT,0.436684091671525,0.4387761360944633,0.462939976890953,0.05233772568968666
2653,CAT,0.436332750063278,0.4325267275183305,0.4575732331762046,0.11910196919572201
2654,CAT,0.43599220142332273,0.42612075981334185,0.45186499896346644,0.0
2655,CAT,0.4357116041550192,0.42101497496932044,0.4461707342327595,0.0
2656,CAT,0.4354238115745205,0.41893573682567375,0.4411560963246219,0.0
2657,CAT,0.43514561518323347,0.4178016433242153,0.4368939070599323,0.0
2658,CAT,0.4348842067803015,0.415871210896421,0.43305779515487086,0.0
2659,CAT,0.4345844265017097,0.4142887189552829,0.42963939220835334,0.0
2660,CAT,0.4342222919251707,0.4135967715426356,0.42675184448623504,0.0
2661,CAT,0.4340927868448191,0.41645999020557295,0.4250741844762541,0.0
2662,CAT,0.4336874839081629,0.41462711482669395,0.4233272426869307,0.0
2663,CAT,0.4329548226638099,0.4059613771217312,0.42001575114006096,0.06970678586705185
2664,CAT,0.43184249350242465,0.3912505517213892,0.4141174854748656,0.07578531652591414
2665,CAT,0.4308400279580594,0.3808258743198777,0.4070964506794333,0.040429096653849035
2666,CAT,0.43012775352917554,0.37603733325650923,0.4004220127964387,0.0323843072946122
2667,CAT,0.4294106814448174,0.3763188693072106,0.39514464329872256,0.02651512223861998
2668,CAT,0.4291588616194878,0.37986966687451595,0.3917069863926904,0.030912263213671416
2669,CAT,0.42893822011414817,0.38219196494721325,0.3894697698604984,0.07415427578456571
2670,CAT,0.42847535702196915,0.3807258095418123,0.3873561776121698,0.0
2671,CAT,0.4279309563288006,0.38080744602925654,0.385683334267491,0.0
2672,CAT,0.4273709638408495,0.3811009638407589,0.38440988672431453,0.0
2673,CAT,0.427188695089432,0.38545653927119283,0.38435311278330075,0.0
2674,CAT,0.42644044351406707,0.37609760036593776,0.3822406532352661,0.0
2675,CAT,0.4259967687017513,0.37559731949543346,0.3804401922194632,0.0
2676,CAT,0.4252940837287321,0.37224479492293533,0.3782593758210969,0.0
2677,CAT,0.4241717063656846,0.36189655199433635,0.3742291819622041,0.0
2678,CAT,0.4230877008782966,0.3541840283321489,0.36930161817456847,0.0
2679,CAT,0.42266321346758173,0.36252230618765996,0.3672011815975965,0.10621705649924244
2680,CAT,0.4218382152133554,0.3618441682292162,0.3653710569642778,0.06404606309914965
2681,CAT,0.4208189605096181,0.3612586283959172,0.3637776333566235,0.04714052235261175
2682,CAT,0.42009468784349047,0.36350182472578035,0.3629983328396555,0.03448968807284344
2683,CAT,0.4194771375420495,0.36083688402071024,0.36178630646093896,0.05240971584426012
2684,CAT,0.4189130953855499,0.35245717504925383,0.35896592031723096,0.053197632628058
2685,CAT,0.4186133151069581,0.3529435052815022,0.35681702360418754,0.09677817558840357
2686,CAT,0.41815045084376223,0.3536216732777738,0.3552476882397294,0.0
2687,CAT,0.4174861389174197,0.35424243784141884,0.3541293236777595,0.0
2688,CAT,0.4166851280623015,0.3554610537431646,0.3535037788108125,0.0
2689,CAT,0.4158697286320737,0.3559343693559042,0.3531078806753414,0.0
2690,CAT,0.41498717549189956,0.35191896766578445,0.3519043097598111,0.0
2691,CAT,0.41391995770011303,0.3464822081470191,0.3497406757108371,0.0
2692,CAT,0.41245702994058486,0.3345946391811322,0.34538424804650614,0.0
2693,CAT,0.41077826038047116,0.3254373085590763,0.33987659326699116,0.0
2694,CAT,0.4097014496197696,0.31872337976895765,0.3339876130896489,0.0
2695,CAT,0.40752144655558775,0.2979527655699833,0.32468897528261886,0.17385533998012984
2696,CAT,0.4054589591171388,0.2820534227866688,0.3137384934664009,0.06517295192978884
2697,CAT,0.40376819512558504,0.27065159313807385,0.3024598692791326,0.04914608856069819
2698,CAT,0.40245155662896026,0.27095222961314913,0.2935033693090499,0.043812413090106715
2699,CAT,0.4004531507381103,0.2723054288263561,0.2866370405474238,0.04215774367839215
2700,CAT,0.3984650132000652,0.2673968112702658,0.2800598470746314,0.057517704388550736
2701,CAT,0.39627302360880623,0.26032374106415274,0.2732359150044741,0.10671988343778162
2702,CAT,0.39410021966262343,0.2590343018006761,0.2674919803277363,0.0
2703,CAT,0.39209049384596095,0.2581915666766855,0.26271070384232964,0.0
2704,CAT,0.3903637594412722,0.25830832473434157,0.25891147015236127,0.0
2705,CAT,0.3883780151686348,0.2611251912205178,0.25649422390178694,0.0
2706,CAT,0.38648100556570586,0.26652534913637527,0.2557531202895059,0.0
2707,CAT,0.38458639420500595,0.2718882214448842,0.25634469578842967,0.0
2708,CAT,0.38249512698154986,0.2736613056887238,0.25720956433815645,0.0
2709,CAT,0.38062209980090833,0.28005052312359835,0.2593125989092099,0.0
2710,CAT,0.379092021258976,0.2886837579772848,0.2629017860143916,0.0
2711,CAT,0.3781303231977119,0.30572563989548945,0.26953705153260454,0.07621394502292975
2712,CAT,0.3778557232915053,0.32623683232250356,0.27937542102267815,0.08392594553878557
2713,CAT,0.37751757025899113,0.3412336027309256,0.2905583436252902,0.03782464302489379
2714,CAT,0.37718661019663824,0.3534137526776948,0.30219482235417006,0.037210739252764274
2715,CAT,0.3775511403806181,0.36154862400207227,0.3133006948773663,0.03218931555691782
2716,CAT,0.3779804277888409,0.3689211794952195,0.32381371531309455,0.048934534670878015
2717,CAT,0.37816989097419007,0.3697631435787948,0.33241009011163564,0.12139660016557735
2718,CAT,0.3779876280778566,0.3707782450562529,0.33951138799048125,0.0
2719,CAT,0.3778276144990743,0.3720173875518837,0.34546610663486965,0.0
2720,CAT,0.37822092388255346,0.3774173227238008,0.3514225257427336,0.0
2721,CAT,0.37882288063268643,0.38151629432309203,0.35709297091088027,0.0
2722,CAT,0.3793025290784334,0.3850492034467466,0.3624096148478052,0.0
2723,CAT,0.379664663654972,0.38409897201012866,0.36645305932886607,0.0
2724,CAT,0.3797174249840044,0.3762476615997584,0.3679537533990528,0.0
2725,CAT,0.3798349388532122,0.37282749321874237,0.36839892107616184,0.0
2726,CAT,0.3801227279206604,0.3756175772798012,0.3693712806808704,0.0
2727,CAT,0.3812948893027467,0.3961273879848064,0.37467902026930466,0.11307224167845707
2728,CAT,0.3825323817072649,0.4097137512311976,0.38192593263486324,0.04302604210717391
2729,CAT,0.38320868689403087,0.41210976598634547,0.3882526527845156,0.03471316671219418
2730,CAT,0.38414400458353304,0.4215086908080985,0.39538990069642593,0.02491875160238822
2731,CAT,0.38484669511888125,0.4327875944604808,0.40359078799440756,0.0373880646948578
2732,CAT,0.3850373585963617,0.43666223063482956,0.41100726038987895,0.03538426511633145
2733,CAT,0.3853587221767495,0.44009074740160276,0.41769766973220784,0.07857151217086311
2734,CAT,0.38569447872356,0.44238090059013774,0.4235558065932114,0.0
2735,CAT,0.38614775001784085,0.44420296887023436,0.4286447429784758,0.0
2736,CAT,0.38693916702578146,0.45273644491079834,0.43460061853549603,0.0
2737,CAT,0.38762986195867366,0.45143321164184846,0.4390774833793854,0.0
2738,CAT,0.38787688090823347,0.4405882917496894,0.44026373710549366,0.0
2739,CAT,0.38813349282670784,0.4319398077853425,0.43930261267848464,0.0
2740,CAT,0.3886131412724546,0.4335594335094912,0.4388914280264445,0.0
2741,CAT,0.3889009303399026,0.4300574448220535,0.43778902167303463,0.0
2742,CAT,0.3890688072959142,0.4245823955968548,0.4356978625063051,0.0
2743,CAT,0.3895964235137773,0.4236230308391695,0.4338130472946091,0.06816738903413283
2744,CAT,0.39070441493650254,0.427412294592521,0.4331421021000309,0.051807295164271155
2745,CAT,0.39167330450415705,0.42962952924702974,0.4330950503481428,0.03692145366230037
2746,CAT,0.39262293318891184,0.4357875648345303,0.43441748923387946,0.03216369942829659
2747,CAT,0.39316551646414133,0.4497653665056587,0.4385626151796102,0.048669981894255296
2748,CAT,0.3938442231134317,0.46046034443563755,0.4442408375005185,0.043107527895632824
2749,CAT,0.3950049714738765,0.4700610667221337,0.4509038566797512,0.08641159332982509
2750,CAT,0.395640502444195,0.47349593128148104,0.4569929054396143,0.0
2751,CAT,0.3962448568510485,0.4788598033898594,0.46304882365473904,0.0
2752,CAT,0.39701708879942166,0.4810745887184275,0.46838272166590433,0.0
2753,CAT,0.39781330697588635,0.48319653104372673,0.47311849795871974,0.0
2754,CAT,0.3985423726134215,0.4825719600448785,0.47676917456386814,0.0
2755,CAT,0.3991539243817487,0.4792027724988777,0.4789455880331597,0.0
2756,CAT,0.3991994909840947,0.47147198657702594,0.4789792766563291,0.0
2757,CAT,0.3993218013377601,0.4588123407764952,0.4762101841653489,0.0
2758,CAT,0.4000100968574066,0.4507840346148061,0.4722217569006574,0.0
2759,CAT,0.40036983641201307,0.4373772318172746,0.46606995259732886,0.07226066972484965
2760,CAT,0.40055390413785597,0.4315449175295199,0.4598603685489336,0.04838687950725168
2761,CAT,0.4013261384282626,0.43448803219297316,0.4555427255232953,0.039690866326428535
2762,CAT,0.4021103610022708,0.43426197476815953,0.4520386834524964,0.02955350425327108
2763,CAT,0.40275548874730893,0.4344052736541248,0.4492670991728732,0.03183157307100062
2764,CAT,0.4033778255795649,0.43846048768020024,0.4479454772158278,0.04764202431898087
2765,CAT,0.4041380715863697,0.4436349528968675,0.44803102594236305,0.0628822958764437
2766,CAT,0.40460340581656784,0.4458027505409946,0.4485782505364095,0.0
2767,CAT,0.40482883912229795,0.45153933631065485,0.45028302795963865,0.0
2768,CAT,0.4050446774098341,0.45555729309499843,0.4525342666303515,0.0
2769,CAT,0.4051190229189249,0.45703313432402387,0.4546612158265295,0.0
2770,CAT,0.40546197155763386,0.4598499543417575,0.4569849056217271,0.0
2771,CAT,0.40564183972478884,0.46148563746825166,0.45920511882848253,0.0
2772,CAT,0.40570899050719345,0.4586278355490765,0.4603501075827559,0.0
2773,CAT,0.40544038737757526,0.45003241138054706,0.45936769010736134,0.0
2774,CAT,0.4055075381599794,0.44838790263734274,0.4582185455070262,0.0
2775,CAT,0.40578213865169477,0.44893355022600595,0.4574197430194118,0.06741480484153664
2776,CAT,0.4061574647315084,0.44671455522945797,0.4562906078316728,0.0436913989652409
2777,CAT,0.40689972333608926,0.4463042510831886,0.4552966788051993,0.037520120254474154
2778,CAT,0.4074893522077735,0.44483392375036507,0.45417679513834447,0.03256406185235084
2779,CAT,0.4085277878725194,0.44598849797307016,0.45353589057016885,0.03255567036194044
2780,CAT,0.4093222056107876,0.4463798874297382,0.45310961024273916,0.0396776166047279
2781,CAT,0.4098330323765248,0.44811849982416607,0.4531525805860921,0.07046930735092352
2782,CAT,0.41048775513975666,0.4497929790233761,0.45355678683624157,0.0
2783,CAT,0.4111112946061778,0.4505982828968453,0.45405801341380514,0.0
2784,CAT,0.4115297913881416,0.4507134316988807,0.45448442674969247,0.0
2785,CAT,0.41191110897496863,0.4518863017769614,0.45508460065549194,0.0
2786,CAT,0.41253465195443983,0.4558741964427394,0.4564455169119741,0.0
2787,CAT,0.4127289095749672,0.4539733898271405,0.4571144326603397,0.0
2788,CAT,0.4128776005931486,0.451030042606182,0.45699948968267873,0.0
2789,CAT,0.41314860196499537,0.4496530701431598,0.45660341346227407,0.0
2790,CAT,0.4129687337978404,0.4409203323857069,0.4543578165589091,0.0
2791,CAT,0.4126522152991038,0.4308744096453121,0.4503425695451552,0.12060294183570919
2792,CAT,0.4121126128469178,0.41456292667783096,0.44352777397501236,0.048233403564219304
2793,CAT,0.4118775836447309,0.40227798108520824,0.4353626514241659,0.03641178103421586
2794,CAT,0.4117073081537367,0.3996368479413158,0.4282472256202822,0.03209833413457345
2795,CAT,0.4113079987733731,0.3951829316562771,0.4215711810582459,0.038858121317543494
2796,CAT,0.41118688636980527,0.39545856611299884,0.41629122277539177,0.03932981141008617
2797,CAT,0.4110441906644414,0.3971369452607441,0.41243794747768875,0.04848316081827631
2798,CAT,0.41092221902736037,0.3982953631367998,0.40961117852444195,0.0
2799,CAT,0.410610447537625,0.3980833979044866,0.40730294815105944,0.0
2800,CAT,0.4103754171644215,0.3995497622325411,0.4057802290181471,0.0
2801,CAT,0.410054051242,0.40086456999654724,0.4048524456876243,0.0
2802,CAT,0.40974227975226485,0.4029455145288931,0.4045698220243714,0.0
2803,CAT,0.40947367662264644,0.405503009617313,0.4049085783312984,0.0
2804,CAT,0.40910194907719244,0.4053551955577285,0.40514693676644575,0.0
2805,CAT,0.40866307074933406,0.40543915944163333,0.4053561680035841,0.0
2806,CAT,0.40866786723379167,0.4183518083936417,0.40837547533869617,0.0
2807,CAT,0.40796400714550074,0.4090987147426215,0.40874725807883155,0.0754560609416533
2808,CAT,0.4072169579115462,0.400006126471748,0.40703647079254235,0.050585229166082386
2809,CAT,0.40631042322734723,0.39106830554522465,0.40369380981666536,0.03349794640355075
2810,CAT,0.405819979471275,0.38575303573789976,0.3998457362635405,0.03317862811056539
2811,CAT,0.40556571514855666,0.3839365555231405,0.39636608471970514,0.03938700604209392
2812,CAT,0.4054745807728478,0.37800805290071837,0.39227297846484,0.06344452573394073
2813,CAT,0.4055273423946343,0.3772740686743069,0.3888363837323976,0.06287324189994825
2814,CAT,0.40523715537771154,0.3768188813551703,0.3859865740519953,0.0
2815,CAT,0.4050788716833692,0.37708721047673255,0.38376599019849483,0.0
2816,CAT,0.4045392671819038,0.3733200485938418,0.38115749761941625,0.0
2817,CAT,0.4038197921712504,0.368333814896153,0.3779694305830645,0.0
2818,CAT,0.40311231071377385,0.3648489210769176,0.37464929394073243,0.0
2819,CAT,0.4024647853120157,0.36262999687547265,0.371503107065216,0.0
2820,CAT,0.4017692950656827,0.36192813900342546,0.36883114334920497,0.0
2821,CAT,0.40098746809911534,0.3601732111667896,0.36630597429869177,0.0
2822,CAT,0.3999921975741906,0.3558634975220818,0.3633339841219855,0.0
2823,CAT,0.39925953515882096,0.359424781913835,0.36174294682098806,0.08722247629790408
2824,CAT,0.39853526688400553,0.3607634995927305,0.36076578976404855,0.049865106791652763
2825,CAT,0.39750402360391257,0.3561212793768109,0.3589587708873976,0.060545044968451305
2826,CAT,0.39595379976870804,0.35507475345281525,0.3572820172583605,0.041365851978084074
2827,CAT,0.3949033465449424,0.3460240028414294,0.3539416412546307,0.07477414193146051
2828,CAT,0.39395004379524956,0.33983388493652056,0.3499021743775677,0.08488765450555683
2829,CAT,0.39328812659808554,0.33992984780145685,0.346691795492131,0.12092027267043945
2830,CAT,0.3926873701400836,0.34355002263370926,0.3449230539250838,0.0
2831,CAT,0.39198708458030984,0.34714047015001587,0.34430105655786736,0.0
2832,CAT,0.3914210985360661,0.34866701863033916,0.3441406162634802,0.0
2833,CAT,0.389850251047262,0.3331615301352753,0.340587680173814,0.0
2834,CAT,0.3884208986789365,0.32458545466170047,0.3358511962280278,0.0
2835,CAT,0.38674212911882233,0.3138873190799344,0.32969919009961635,0.0
2836,CAT,0.3853247679616406,0.30769758402696845,0.32341050368051694,0.0
2837,CAT,0.3838906191088577,0.30121121123683225,0.316946956821134,0.0
2838,CAT,0.38239171771589875,0.29596613287751017,0.31061767723302325,0.0
2839,CAT,0.3805258855546979,0.28550432139828136,0.3032436297670702,0.24528105640914433
2840,CAT,0.37838185788047196,0.27342419253321437,0.29467634207239113,0.08645575906882723
2841,CAT,0.37603158342385445,0.25946396262681476,0.2847392180266819,0.06375059430522545
2842,CAT,0.3734582712689477,0.24209006669065508,0.2729522734478793,0.06005701355247784
2843,CAT,0.3707290704416316,0.2334628840273028,0.26161729503951847,0.07826809354391852
2844,CAT,0.3682229043850628,0.23133694256269344,0.2520797711682924,0.06798630950422412
2845,CAT,0.36604529634281346,0.23230411172725424,0.24466336365189786,0.12078446302300792
2846,CAT,0.3637943062454746,0.23553375096145485,0.23944354443848184,0.0
2847,CAT,0.3620064157856909,0.24084905460624745,0.23644164131360637,0.0
2848,CAT,0.36010700618400826,0.24478830740432575,0.23491015277194174,0.0
2849,CAT,0.3580900859334136,0.2514539722917151,0.23515715859709246,0.0
2850,CAT,0.35593886265423913,0.2584300228636912,0.23689551253203744,0.0
2851,CAT,0.353854790157469,0.2670195303779526,0.2401832973906463,0.0
2852,CAT,0.3520776926659771,0.27977479364318725,0.24563068699723947,0.0
2853,CAT,0.35109920983665355,0.2904992606043732,0.2523572332735108,0.0
2854,CAT,0.3500535762249254,0.30156011560605744,0.2601814004520647,0.0
2855,CAT,0.3492381741599099,0.3113087025375553,0.2685938333002392,0.0910618039893587
2856,CAT,0.34830765412588194,0.3187681866004647,0.2769713012734554,0.05925297627394418
2857,CAT,0.3473075836034495,0.3213996787983202,0.2842544740899869,0.04599420059681163
2858,CAT,0.34625355877870845,0.32194346046380723,0.2902011134230591,0.04534739334912553
2859,CAT,0.34614563495087347,0.33544288538988154,0.297939944153289,0.05145529422442423
2860,CAT,0.34655813290697013,0.3524150987293778,0.307879537382039,0.059847888778302785
2861,CAT,0.3472799988409979,0.36676538976422246,0.3190006558039751,0.09762880772158448
2862,CAT,0.34844074632318034,0.3794979494202951,0.33070969788110305,0.0
2863,CAT,0.3494204288591266,0.3891181747243994,0.34220168035418735,0.0
2864,CAT,0.35026940865737755,0.3967902367233673,0.3530897385615121,0.0
2865,CAT,0.3510656282976131,0.40244859071992045,0.36304990439573714,0.0
2866,CAT,0.35184026053749495,0.40696469350072584,0.3720154756586042,0.0
2867,CAT,0.35257652090171565,0.4105344045565909,0.37997634864494473,0.0
2868,CAT,0.35344228634628905,0.41387187534274633,0.387082169800038,0.0
2869,CAT,0.3542840693685746,0.417639257423997,0.3935989008539923,0.0
2870,CAT,0.35530092407355796,0.4241001614125015,0.40023925831329293,0.0
2871,CAT,0.35557432222386287,0.41490044467548987,0.40351967012143747,0.11821004209657412
2872,CAT,0.35596043922268905,0.4143826971183735,0.40602964845123757,0.04860903317443237
2873,CAT,0.3565108366924462,0.4165985785365863,0.40852703663944745,0.03102024844553161
2874,CAT,0.35751810135605633,0.42907970762220315,0.4132815628981791,0.046535451728282655
2875,CAT,0.35876758350794746,0.443536947784899,0.420278248815863,0.05088953110780702
2876,CAT,0.3601801516937221,0.4565782647455716,0.4287559378575518,0.06720457592388653
2877,CAT,0.36171742584060296,0.4646120468119687,0.4373124517858384,0.10651296695055668
2878,CAT,0.363378205949214,0.47033087172059196,0.44542073796496545,0.0
2879,CAT,0.36458212618282604,0.4766703715680907,0.45330752587959405,0.0
2880,CAT,0.3654023238540366,0.47842468112954567,0.46000441773508344,0.0
2881,CAT,0.36634723334143693,0.482015772680243,0.4661550693490624,0.0
2882,CAT,0.3670115464387961,0.47915622469842545,0.4704440231890276,0.0
2883,CAT,0.36770943492735786,0.4761245964821775,0.4732056127068049,0.0
2884,CAT,0.3686687318188514,0.47834187113072835,0.47590459755799275,0.0
2885,CAT,0.36965201113263235,0.4792970908849067,0.4782747578406427,0.0
2886,CAT,0.3706352904464135,0.47925263549673236,0.48016106753027343,0.0
2887,CAT,0.3726258344238046,0.49942228852477427,0.4861248390480663,0.09936032551916274
2888,CAT,0.3740551870848844,0.5030541935967022,0.49169800857585794,0.055874518068976725
2889,CAT,0.3756404216850274,0.5092853546494844,0.49753277517209765,0.03573979931529855
2890,CAT,0.37699782795750736,0.5118829998661489,0.502774311351831,0.03245784325005074
2891,CAT,0.37885407241936864,0.5090546149818936,0.5063428556098664,0.04293174825440437
2892,CAT,0.38053763582915245,0.5088560660537301,0.5091538389664954,0.03991787822489945
2893,CAT,0.38215524904141696,0.5088706548008861,0.5114058477616972,0.06952261473541299
2894,CAT,0.38306657816079415,0.5038528245637937,0.5120992033281732,0.0
2895,CAT,0.3839803102064673,0.5037980285001041,0.5126417853754838,0.0
2896,CAT,0.3846518165667415,0.49973349206946316,0.5121781465753563,0.0
2897,CAT,0.3855103899194162,0.49777293888663354,0.5113742224910495,0.0
2898,CAT,0.3863665623950744,0.4952334950378189,0.5101702148313597,0.0
2899,CAT,0.38710761924375314,0.49241942077368633,0.5085854846998712,0.0
2900,CAT,0.3880908985575343,0.49187187169033697,0.5071967674328008,0.0
2901,CAT,0.38913413392703344,0.4947560756633545,0.5067228066588325,0.0
2902,CAT,0.3903716269170602,0.49524688528142974,0.5064520395707713,0.0
2903,CAT,0.3919256887595425,0.5012558124230126,0.5075625736955316,0.06965268283677424
2904,CAT,0.3924077377895513,0.48792322426592216,0.5055063297486762,0.0628491715721921
2905,CAT,0.39293055283889033,0.4774360973697362,0.5015451195647126,0.04805276569170062
2906,CAT,0.39357088673425833,0.4708977743601414,0.4969320798283721,0.026063306728628253
2907,CAT,0.393353846105312,0.4682025465519156,0.4926463727831696,0.033249955779053826
2908,CAT,0.3938898497303841,0.4699736516391373,0.48960897817574645,0.047227087201055916
2909,CAT,0.3938850558807142,0.4638507738284124,0.48582674724361263,0.07290460619950062
2910,CAT,0.3940217545167354,0.460236567578699,0.48200271919378135,0.0
2911,CAT,0.3942807611643885,0.4556794688296612,0.4779370036787244,0.0
2912,CAT,0.39450619856867697,0.45403501431169785,0.47432123262299175,0.0
2913,CAT,0.39487073168019904,0.456441016407236,0.4719600118664469,0.0
2914,CAT,0.3954223273928078,0.45779368193582154,0.4703697886046316,0.0
2915,CAT,0.39566454985791,0.45680590006330674,0.4688794458365254,0.0
2916,CAT,0.39626171217286477,0.45994477368150205,0.46838043168389093,0.0
2917,CAT,0.39677733425204276,0.4623816126389939,0.46851942716201816,0.0
2918,CAT,0.39720182312652874,0.46179103195793203,0.4685001863083384,0.0
2919,CAT,0.39742245848403057,0.4566355497567469,0.46734613997303204,0.11550466975399903
2920,CAT,0.3980196243120352,0.4625102815343824,0.46772041195131553,0.06079921879640853
2921,CAT,0.39848248330565583,0.467961113934111,0.4692237150247971,0.06640274693230297
2922,CAT,0.39847049414379143,0.460869776258423,0.46886014558924166,0.05390538859556704
2923,CAT,0.39788532245447217,0.4493818241640396,0.46603203007170496,0.06280434334710494
2924,CAT,0.3982930192420443,0.44362874036535227,0.46249889611066053,0.07490995157889205
2925,CAT,0.39891176983561605,0.4439842505733516,0.4597509078816629,0.106291034112071
2926,CAT,0.3993386537320348,0.4423225529807957,0.45718551030298904,0.0
2927,CAT,0.39965162112258856,0.44139905283804587,0.4549292255169648,0.0
2928,CAT,0.3997223724886324,0.4398146294744016,0.45277425768651236,0.0
2929,CAT,0.40004853431000276,0.436730599067647,0.45036913617934915,0.0
2930,CAT,0.4002883585328759,0.43400657722081465,0.44784340418874863,0.0
2931,CAT,0.4008231665498837,0.43659488540409275,0.44639447929672643,0.0
2932,CAT,0.40153784273404647,0.44451559410405383,0.4469847283904913,0.0
2933,CAT,0.40237482927187485,0.457073760186351,0.45023055797176154,0.0
2934,CAT,0.4051698383109338,0.5071889289968569,0.46389579248583007,0.2610756079910838
2935,CAT,0.40769278650077434,0.5381712647366963,0.4816708220218964,0.1597481404567665
2936,CAT,0.4095298371204429,0.5511329094687883,0.49875358933579783,0.13614111130274134
2937,CAT,0.4112277893980908,0.557326911730076,0.5137878271703856,0.08757182729341088
2938,CAT,0.4132471114039641,0.565297056585132,0.5275755250474937,0.0695665596457201
2939,CAT,0.41541752501228146,0.568818702821127,0.5393834835999546,0.07154871801213541
2940,CAT,0.41756154683142366,0.579663167014475,0.5512249879440625,0.13323853893552176
2941,CAT,0.4193170618993819,0.5795740146956827,0.5606785009986572,0.0
2942,CAT,0.4216337618430598,0.5785684079244008,0.5680192104286398,0.0
2943,CAT,0.4241591106171626,0.5748565495661389,0.5730719669614045,0.0
2944,CAT,0.4267108423978151,0.574315899516067,0.5769947627647649,0.0
2945,CAT,0.42891482466398834,0.5700169393120105,0.5791835195049554,0.0
2946,CAT,0.43096532176955604,0.5600728491333286,0.5787382464192624,0.0
2947,CAT,0.43319568704227873,0.5550678330464397,0.5772766066486698,0.0
2948,CAT,0.435474017159576,0.5499901158775783,0.5749858165738362,0.0
2949,CAT,0.4379226224751137,0.5464630659021266,0.5723741907787782,0.0
2950,CAT,0.440742953286826,0.5498901988302487,0.5710418159303605,0.14256325141104015
2951,CAT,0.443349939491093,0.5515299255566075,0.5703380705025555,0.07835487922105769
2952,CAT,0.4453860453867634,0.5454974209044335,0.5684427189727574,0.04846748198093056
2953,CAT,0.44691972070652997,0.5354994317093723,0.5647182549894827,0.05388816395735621
2954,CAT,0.4464102332911587,0.5244581386029882,0.5593000741380871,0.053387545305767135
2955,CAT,0.4461344368986254,0.512200447439501,0.5522582628486935,0.049981041856533334
2956,CAT,0.4463454833857706,0.5017289708301529,0.5443120553551046,0.09524562444502989
2957,CAT,0.44657092137556764,0.49042669429837993,0.5354588381948322,0.0
2958,CAT,0.44665725604652284,0.4825516613586518,0.5266369635303729,0.0
2959,CAT,0.44669802470064035,0.47365212065874657,0.5176138873256745,0.0
2960,CAT,0.4464462124869192,0.46975044333160965,0.5095336914231618,0.0
2961,CAT,0.4461392374816414,0.4582107230719066,0.5005208410759596,0.0
2962,CAT,0.4457842976317886,0.44861708525477106,0.49119168417063164,0.0
2963,CAT,0.44549890680656923,0.44110741572510126,0.48206975285464954,0.0
2964,CAT,0.44505523199425345,0.4358159880674933,0.47360352887069374,0.0
2965,CAT,0.44482739898252366,0.4338725613762659,0.46640131924228034,0.0
2966,CAT,0.4449545055278924,0.43472433044712167,0.46082767554534615,0.09208379918986785
2967,CAT,0.444966499666578,0.43720651897217105,0.4569169834153841,0.05093170938855405
2968,CAT,0.4450816179283449,0.44148765657320505,0.4547339732659172,0.04686183653950835
2969,CAT,0.4450984082587336,0.4444798540201642,0.4536484299148781,0.027042681991000347
2970,CAT,0.4448154393888314,0.4479282643384603,0.4535416204032443,0.02969638041894295
2971,CAT,0.4450671567501988,0.46189236287952823,0.45654032112095155,0.05942500182735745
2972,CAT,0.4456235507037901,0.47288831765752626,0.4613678778148561,0.07164544098055006
2973,CAT,0.4462890635077724,0.47933379303484835,0.46665348818159263,0.0
2974,CAT,0.4471092655702954,0.48504017814107103,0.4721423040232942,0.0
2975,CAT,0.4479198726146242,0.4861530829329086,0.4767791558394915,0.0
2976,CAT,0.4488360029025257,0.48865365351841966,0.48104092003130305,0.0
2977,CAT,0.4498312734274502,0.48931337726456436,0.4845960397440839,0.0
2978,CAT,0.4506946406297946,0.4880733932564638,0.4871662693142914,0.0
2979,CAT,0.4517426724837511,0.48815873337134696,0.4892413014175498,0.0
2980,CAT,0.45215756838932253,0.4779332103442757,0.4886428906071714,0.0
2981,CAT,0.4528314744555967,0.46674482659627126,0.4856930654597343,0.0
2982,CAT,0.4540270681748694,0.46820397940238095,0.48365547775146334,0.09508309452550207
2983,CAT,0.4553532952490965,0.4718537942102688,0.4828315154908137,0.045608192037933065
2984,CAT,0.45675866168208457,0.4766048568734339,0.4832216781487648,0.04460408396171978
2985,CAT,0.45810215451948644,0.4807748686130008,0.484454808273256,0.03599838971715598
2986,CAT,0.45949073881920277,0.48682181846285144,0.4867768579655779,0.04766189890153182
2987,CAT,0.46080017702681253,0.49113077072685607,0.48958618449514313,0.04978362100319384
2988,CAT,0.46180983495583006,0.4899795757700333,0.4915793897072304,0.07028447373319963
2989,CAT,0.4628146958148821,0.48806306096003693,0.49275066726605565,0.0
2990,CAT,0.4637427938935931,0.4855687894082314,0.49313679779577246,0.0
2991,CAT,0.4641025313989201,0.48260029189693254,0.4927900718824861,0.0
2992,CAT,0.46434715210625066,0.47769432556352187,0.49142914624453066,0.0
2993,CAT,0.46466132183821507,0.4730760379451437,0.4893203983208698,0.0
2994,CAT,0.46510979313498846,0.47298511439066754,0.4876133183613769,0.0
2995,CAT,0.4654599365003834,0.4676436639677952,0.485067927300259,0.0
2996,CAT,0.4658964165860132,0.46709805955480943,0.482911110794607,0.0
2997,CAT,0.4664048439385048,0.467116595469124,0.4811897514819293,0.0
2998,CAT,0.46665426317957215,0.46022808643628293,0.47829124941653084,0.07963082742082904
2999,CAT,0.4663113124915842,0.4438570882075675,0.4723567051045513,0.06330982022998426
3000,CAT,0.4667701191818684,0.43795622855602456,0.46630578993599914,0.04297061410472624
3001,CAT,0.4673696794462979,0.4335457548868395,0.4604909487351011,0.031878830411732895
3002,CAT,0.4672149222687877,0.42496953309791147,0.4539449083847273,0.04116026046302919
3003,CAT,0.46661656200373514,0.41200249654954474,0.445844141568349,0.07390518101659373
3004,CAT,0.46565007067830944,0.3967428897365996,0.43599325035011677,0.08609161255075472
3005,CAT,0.46478622628665456,0.38828484961377646,0.42624447190622006,0.0
3006,CAT,0.4634671913043257,0.37600341931918657,0.41573293945454015,0.0
3007,CAT,0.4622464851316376,0.36926511955053537,0.4058354744996595,0.0
3008,CAT,0.4612464175367469,0.3654467493372841,0.3970741670300304,0.0
3009,CAT,0.46024874876959376,0.36290974930852465,0.38950479241074715,0.0
3010,CAT,0.45978588801944775,0.3725038719779972,0.3855682764286767,0.0
3011,CAT,0.459133566133232,0.3763454367322298,0.3832675219573926,0.0
3012,CAT,0.4585867669050808,0.38018553159349316,0.3822750520502267,0.0
3013,CAT,0.45797041865229626,0.38208100602253897,0.38189971570026376,0.0
3014,CAT,0.4580591512727258,0.4028281223209345,0.3861817104759861,0.1016969139410701
3015,CAT,0.45772219648306367,0.40573866200701,0.39025013591260527,0.07249541062764595
3016,CAT,0.45763825829781235,0.41763799149143,0.39613299414677766,0.07774804196716852
3017,CAT,0.457688643341179,0.430770499103367,0.4037397616539358,0.08510318331188718
3018,CAT,0.4581658912026637,0.4434687910579504,0.4126297545426091,0.07289533139431018
3019,CAT,0.4593122506952444,0.45658245798836566,0.4226380685698199,0.08715291525897574
3020,CAT,0.4603235700042242,0.47082213594607764,0.4337897333290782,0.1014268404470721
3021,CAT,0.4614531423867122,0.48428177674366757,0.4456837975707352,0.0
3022,CAT,0.46275778674465184,0.4927776119187171,0.45707546195016635,0.0
3023,CAT,0.4643058518105455,0.49748757612246136,0.46722904880399785,0.0
3024,CAT,0.46619327166485525,0.5021772647296148,0.4763876955146036,0.0
3025,CAT,0.46819100744139075,0.5104470613650466,0.48554110238994064,0.0
3026,CAT,0.4705844531856672,0.5181280520681769,0.4945602721366614,0.0
3027,CAT,0.47266372919797994,0.5188611817309223,0.5019375289213608,0.0
3028,CAT,0.47457752649650986,0.515742229066004,0.5071504740825405,0.0
3029,CAT,0.4758461966355102,0.49859251058430853,0.5075330973042343,0.0
3030,CAT,0.4775201726387083,0.5036404380544351,0.5089540947070376,0.1685013482695974
3031,CAT,0.47972655695291466,0.513523993156495,0.5122738011674377,0.12379634559425774
3032,CAT,0.4823478389292172,0.5291832556319956,0.5183881131244429,0.12363028241560976
3033,CAT,0.48501947989376426,0.5396905345725581,0.5256002285511983,0.08667967936556799
3034,CAT,0.48729781001106176,0.5571899538276013,0.5352348896523429,0.08619363540784962
3035,CAT,0.490726100497333,0.5797682627965013,0.5479293245227966,0.1336006979953392
3036,CAT,0.49323226655390207,0.5858715280862797,0.5594328559912776,0.16486761209319764
3037,CAT,0.49551057471463633,0.5877959821384962,0.5690607212592772,0.0
3038,CAT,0.4977817103980017,0.589774058278945,0.5771998966853881,0.0
3039,CAT,0.4998585905101186,0.5887720664142058,0.5834899344105563,0.0
3040,CAT,0.5018683139847478,0.5890461270664428,0.5885824943627782,0.0
3041,CAT,0.5041850159777052,0.5966158493783821,0.5943284115351368,0.0
3042,CAT,0.5062115306609852,0.5931678485217342,0.5981636105386261,0.0
3043,CAT,0.5110631746897144,0.6462669764504854,0.612959385819587,0.0
3044,CAT,0.5160515185254814,0.6900224718400091,0.6344599623324327,0.0
3045,CAT,0.5207688609894016,0.721109567095418,0.6585264029356311,0.0
3046,CAT,0.5234524917013216,0.7018731351669354,0.6735309453718291,0.5999409945726931
3047,CAT,0.5259442665479933,0.67542384496812,0.6796929180150121,0.21656360959518345
3048,CAT,0.528920486032115,0.6593223713046438,0.6810662813896218,0.10780039824246858
3049,CAT,0.5324530965422859,0.641963108078158,0.6783309585666528,0.09899109994110498
3050,CAT,0.5356331607607664,0.6378640449964925,0.675237370221379,0.10254511695860588
3051,CAT,0.5383359771177622,0.6291031237512683,0.6708275389372771,0.11898228004302626
3052,CAT,0.5403001307697491,0.6134400384903689,0.6638402828106551,0.11545100838111146
3053,CAT,0.5423050621512336,0.5992968528469286,0.6551267759236843,0.0
3054,CAT,0.543775186979481,0.5856557054811722,0.645143149951482,0.0
3055,CAT,0.5447104999849165,0.5723633784568953,0.6342204701090363,0.0
3056,CAT,0.5466938430877836,0.5722938496205454,0.6254669699094509,0.0
3057,CAT,0.5484373651880735,0.5645376384078533,0.6167511120994631,0.0
3058,CAT,0.5501952767417356,0.5594961538389658,0.6086649500225051,0.0
3059,CAT,0.5516462132901198,0.5469405402981945,0.5994229538158607,0.0
3060,CAT,0.5526966433863051,0.5302906181780344,0.5883520103107175,0.0
3061,CAT,0.5535911877376231,0.5220208893892986,0.577668780984554,0.0
3062,CAT,0.5549222121745706,0.5161117440705962,0.5678170878099413,0.19850004317200987
3063,CAT,0.553483266544576,0.5104196554407844,0.5586785632801352,0.06973461028262319
3064,CAT,0.5519292029455686,0.5072620952257119,0.5506703564224404,0.06191506619229718
3065,CAT,0.5503286133887729,0.5027068351630208,0.5432577039583,0.0433358647662738
3066,CAT,0.5502111018615984,0.488949738455006,0.5342891526410607,0.052326463426241115
3067,CAT,0.5507926726745248,0.48379249502282373,0.5259752689446959,0.06062873904386033
3068,CAT,0.5512099644802909,0.48313219773017385,0.5191783269532503,0.08704294256886046
3069,CAT,0.5516344536475312,0.4800286192794221,0.5130553086837674,0.0
3070,CAT,0.5515241365542883,0.4777957030932569,0.5076637261991868,0.0
3071,CAT,0.551543323663135,0.4750205687808978,0.5027375365901706,0.0
3072,CAT,0.5519270459327829,0.47340200616739414,0.49843910481486436,0.0
3073,CAT,0.5522891805093214,0.4714082350748196,0.49456000975360753,0.0
3074,CAT,0.5526752975081478,0.4692432028443856,0.490978558868483,0.0
3075,CAT,0.5530853969292614,0.4667686952294521,0.48756687175924585,0.0
3076,CAT,0.5530422285691442,0.46692948122496974,0.48487303369887763,0.0
3077,CAT,0.5532484774008152,0.4657536478684525,0.4824582655358552,0.0
3078,CAT,0.5541070489969645,0.4805913948222137,0.48380355566847866,0.13770281183385644
3079,CAT,0.5549776077056993,0.4847597533233332,0.4858004226340218,0.07202637047944338
3080,CAT,0.5560676105551839,0.4864956695899286,0.48778131533771507,0.04971141001992537
3081,CAT,0.5571114487055365,0.4921675665886013,0.49061873991287475,0.050101835152704145
3082,CAT,0.5579916068237779,0.4941095824316809,0.49331759841053824,0.0623105703850612
3083,CAT,0.5588118088863009,0.4935696180646765,0.4953574272276223,0.05544456459979105
3084,CAT,0.5590684225613004,0.4828924268627935,0.49463109714152825,0.07661739904871415
3085,CAT,0.5592300667808555,0.4707437598610917,0.4913668458337088,0.0
3086,CAT,0.5599255570271887,0.4625298920111158,0.48694130786244405,0.0
3087,CAT,0.5603320608414842,0.45599268062371734,0.48195705141212797,0.0
3088,CAT,0.5602433273427917,0.4442446047514478,0.4753749346462146,0.0
3089,CAT,0.5605527005902985,0.4411958734664453,0.46943589024956583,0.0
3090,CAT,0.5605239216835539,0.43239955414910763,0.462741876011038,0.0
3091,CAT,0.5607517546952833,0.430348662548573,0.45693369919032606,0.0
3092,CAT,0.5607493564530547,0.4250073482183928,0.4511074606980306,0.0
3093,CAT,0.5606989933662511,0.4196485515698918,0.4452629116766669,0.0
3094,CAT,0.5608716697342616,0.42008630129796204,0.44068395504080426,0.060320462185625506
3095,CAT,0.5608153125056573,0.4154369086645656,0.4359939123816179,0.04270959458722369
3096,CAT,0.5607721409252443,0.4147535624979178,0.43209095258366853,0.04776325927254169
3097,CAT,0.5607709418041299,0.41438590161208716,0.4288873821741149,0.03210319236586368
3098,CAT,0.5600922351548397,0.4163193120235826,0.42675154406526417,0.02133867679887607
3099,CAT,0.5596418474892152,0.41586927860844325,0.4249434779888213,0.03345510563671869
3100,CAT,0.5589331628120658,0.4093875717743762,0.42206545793915906,0.09329349878113602
3101,CAT,0.5579804578664053,0.40441318757904055,0.4186643860392711,0.0
3102,CAT,0.5571002997481637,0.40052641661568994,0.415085085840168,0.0
3103,CAT,0.5561937612581606,0.3959363046691681,0.4112078612221867,0.0
3104,CAT,0.5558124416220543,0.394146942240838,0.40771087813364587,0.0
3105,CAT,0.5553903509897969,0.3891231311574814,0.40380371924735065,0.0
3106,CAT,0.5550545970777744,0.38922128745585916,0.40069967120213207,0.0
3107,CAT,0.5549059060595928,0.3939311700581895,0.39925667009353627,0.0
3108,CAT,0.555292023058419,0.40285045444136114,0.40007220632273066,0.0
3109,CAT,0.5551793056736686,0.4060674311938163,0.40143514543604186,0.0
3110,CAT,0.5543782948185504,0.38823272184144175,0.3985864748950886,0.07791300100234144
3111,CAT,0.5529969108078497,0.36750569244474107,0.39172971105371757,0.09219531768084821
3112,CAT,0.5518025864706945,0.35214756716244117,0.3828522631616183,0.042239450295546085
3113,CAT,0.5507113891841621,0.34192087601844234,0.37349161036151035,0.044874599113107795
3114,CAT,0.5489546738240728,0.32555755108292944,0.362389040205919,0.058401681654678246
3115,CAT,0.5474329888371866,0.31372147342852513,0.35089283616571154,0.06762790453222188
3116,CAT,0.5460036385181405,0.31049143585130246,0.34098247815473576,0.11111746607022308
3117,CAT,0.5445347151530405,0.30849176078822466,0.33261253813815317,0.0
3118,CAT,0.542961471471287,0.30817870093744154,0.3258474428850132,0.0
3119,CAT,0.5414740826363901,0.30899066173285705,0.3206146985256143,0.0
3120,CAT,0.5412150748177201,0.3303217660422003,0.3211397480551328,0.0
3121,CAT,0.5400135554611244,0.3283920616544775,0.3211335879823243,0.0
3122,CAT,0.5388743904024756,0.32905686076116797,0.32127548924117727,0.0
3123,CAT,0.5378983058153811,0.33224673737343796,0.32209353496843274,0.0
3124,CAT,0.5369006370482275,0.3368286839961704,0.3237599525935826,0.0
3125,CAT,0.5361044206282882,0.34164919119586423,0.3261577568671169,0.0
3126,CAT,0.5354688879014445,0.353350660016089,0.3306604181328515,0.09637715067826429
3127,CAT,0.5349772450242579,0.37055967885981955,0.3380633772899957,0.06549116607929914
3128,CAT,0.5345767388648134,0.3914378558552969,0.3485969548891373,0.05488454302924412
3129,CAT,0.5343896750927096,0.40860368292115057,0.36081510766088354,0.04287079953458144
3130,CAT,0.5348645223699321,0.41546644970846336,0.3721053589920169,0.06702769213918303
3131,CAT,0.5358238192614256,0.42387747924450186,0.38299524264171414,0.05077823344552167
3132,CAT,0.5367759217189875,0.4305559332195599,0.3931821708522227,0.07802186954898167
3133,CAT,0.5376033123603589,0.43410115940296895,0.40211472160195194,0.0
3134,CAT,0.5387724554468666,0.4346012730583389,0.4093712186475266,0.0
3135,CAT,0.5400531156259941,0.4370592447691893,0.4157192905209142,0.0
3136,CAT,0.5411251310732551,0.439273409610215,0.4212867744161439,0.0
3137,CAT,0.54206284378469,0.43727194177908707,0.42529871196895686,0.0
3138,CAT,0.5428230865711988,0.431790467425206,0.4272976088560197,0.0
3139,CAT,0.5439334727231026,0.4344432939429395,0.42948263675884457,0.0
3140,CAT,0.5440198094433372,0.4344403042642582,0.43122999877263735,0.0
3141,CAT,0.5437799852204638,0.4078103663081232,0.426746328728792,0.0
3142,CAT,0.543169629352955,0.38049420264063744,0.41712627138425523,0.13842933824044137
3143,CAT,0.5426017243050724,0.36206039580693866,0.40535888539745035,0.05544500625718107
3144,CAT,0.5415632877620639,0.3395525415699415,0.3909738314398769,0.052543979690826574
3145,CAT,0.5403377853976724,0.31921834501426416,0.37497472298206785,0.049930472085375904
3146,CAT,0.5385067251140002,0.29884424479457644,0.3576755576936109,0.08460543543333325
3147,CAT,0.5362523788827612,0.28272042783023055,0.34027507592143946,0.047226866372360905
3148,CAT,0.5339788426151336,0.2780841285206115,0.32533070497987876,0.07788981398936533
3149,CAT,0.5316837256804975,0.27610190425755343,0.3129374088494131,0.0
3150,CAT,0.5298802501592769,0.2797210844909911,0.30382211381657587,0.0
3151,CAT,0.5279040950497499,0.28353822516392857,0.297372941736453,0.0
3152,CAT,0.5259399340789083,0.28846680868020247,0.29330214427146334,0.0
3153,CAT,0.5239326053334578,0.2913604539922244,0.29068460457866224,0.0
3154,CAT,0.5221363219041363,0.29737606609007144,0.2899191970770344,0.0
3155,CAT,0.5204647470707081,0.3083187163967595,0.29172369422670175,0.0
3156,CAT,0.5189442614976908,0.3217970642829267,0.2961441560785374,0.0
3157,CAT,0.5175508827627963,0.33260916425892123,0.3020685150141338,0.0
3158,CAT,0.5168577878311503,0.35295723600952533,0.31130213196719714,0.06261663895634592
3159,CAT,0.5155145816000891,0.3631934483056318,0.32094982288331536,0.03587892139315524
3160,CAT,0.5145708712338027,0.378271468232741,0.33199814761378776,0.032580182347086616
3161,CAT,0.5147785583667522,0.3880985647863193,0.3430072463495946,0.02425560303127133
3162,CAT,0.5154512708742415,0.3992638752264932,0.35428052580460634,0.04294146471698484
3163,CAT,0.5159903996501668,0.40798086730643274,0.3652244076630108,0.046837545383057184
3164,CAT,0.5167530389223794,0.41088085939546987,0.37462001319515115,0.08364880552654726
3165,CAT,0.5177603012439561,0.4147394992830255,0.38298872719506444,0.0
3166,CAT,0.5189198522398116,0.4154058569417183,0.3898308719380782,0.0
3167,CAT,0.5203036397623163,0.4191126892145003,0.3961232886689657,0.0
3168,CAT,0.5213732581383649,0.42190991772745656,0.401775025459541,0.0
3169,CAT,0.5222702007319117,0.42051314842430093,0.40598792067041706,0.0
3170,CAT,0.5226946896063976,0.41309682501351314,0.4077202477220468,0.0
3171,CAT,0.5234645253618214,0.41394685420667837,0.40929384909508504,0.0
3172,CAT,0.5241768033037552,0.4138648245351565,0.4105346128998396,0.0
3173,CAT,0.5250641529283867,0.41505317574847345,0.41178968638586094,0.0
3174,CAT,0.5264239545155539,0.4281715721774798,0.4156911094607177,0.10373582528210314
3175,CAT,0.5275703140081348,0.43873925157661403,0.4211462539893379,0.04444685393087223
3176,CAT,0.5287142729164535,0.4503875038208479,0.4280830339031684,0.0662285130919396
3177,CAT,0.5302059813392511,0.46554932373762803,0.4369811381227101,0.04883052435552802
3178,CAT,0.5312883081741807,0.47925658997866294,0.4471270451534327,0.045034479088295484
3179,CAT,0.5328665386306076,0.49318788666417535,0.4583206743990645,0.04669334424521525
3180,CAT,0.5342611170721249,0.5058512000583177,0.470072431219666,0.07243932013911324
3181,CAT,0.5357321994992895,0.5139272877312105,0.4812575431010139,0.0
3182,CAT,0.537113584681007,0.5204170056423087,0.49163896914259986,0.0
3183,CAT,0.53853334144563,0.5248899922940692,0.5009320258272366,0.0
3184,CAT,0.540061021159825,0.5253823069784531,0.5084752051190485,0.0
3185,CAT,0.5417373924777104,0.5291492643443618,0.5153417288786061,0.0
3186,CAT,0.543524082938117,0.5307396213475984,0.5211861984074699,0.0
3187,CAT,0.5451548876536564,0.5306065409498494,0.525832381536311,0.0
3188,CAT,0.5466010277175833,0.5252752992955025,0.5283718556819088,0.0
3189,CAT,0.5481574869240317,0.5186317627597331,0.5289361256671051,0.0
3190,CAT,0.5509970022098031,0.5327323656605735,0.5325018387019795,0.1382740956678489
3191,CAT,0.5530930673814872,0.533579511234485,0.5355415119777166,0.05857591549504162
3192,CAT,0.5550272506172241,0.5287573953752811,0.5369082251320296,0.06874110198377041
3193,CAT,0.5567072157854019,0.5196234124627236,0.5359842396452879,0.032467559712631204
3194,CAT,0.5580070662936719,0.5155391887688671,0.5343429986360625,0.028945342027211836
3195,CAT,0.5589052068373163,0.5032595893250592,0.5303179004987433,0.03855713180624402
3196,CAT,0.5593416886794708,0.48664882246322244,0.5234291233846283,0.07108409443783308
3197,CAT,0.559384855283063,0.47105834195984114,0.5144747462758391,0.0
3198,CAT,0.5593577579563186,0.45914446578737045,0.5046799138833192,0.0
3199,CAT,0.5590220075573457,0.4467974226925012,0.49411704685336144,0.0
3200,CAT,0.5576502144662808,0.4178042472481871,0.4792632425925694,0.0
3201,CAT,0.5560985517442897,0.3904974164630825,0.46134913915995657,0.0
3202,CAT,0.554482136482123,0.36932229098767955,0.4423410613012269,0.0
3203,CAT,0.5528081634064662,0.35264260490874005,0.4234506787265001,0.0
3204,CAT,0.5515946528387271,0.3481237657329161,0.4073403297036748,0.0
3205,CAT,0.5502852125818382,0.347984954135125,0.3944213921829227,0.0
3206,CAT,0.5484145865709674,0.33688165131421366,0.38163393686936725,0.1140416796495537
3207,CAT,0.5463880689601451,0.3257629825373725,0.3689482735552521,0.05943405580385289
3208,CAT,0.5440509783951936,0.3076851841121502,0.35480703176651873,0.07544943608080298
3209,CAT,0.5419357269929251,0.2981590119496797,0.3413900623537436,0.042402201043768906
3210,CAT,0.5389619080930655,0.29461647672741764,0.329874072975111,0.031096876002700294
3211,CAT,0.5365061030740209,0.29515242272890285,0.32077965194624514,0.05120796608601234
3212,CAT,0.5338884196320782,0.28942918877049806,0.31224006629207224,0.11343947979825973
3213,CAT,0.5314817870685936,0.28671602613858127,0.3048091613792503,0.0
3214,CAT,0.5287597806752095,0.2837424849189736,0.29820769314496265,0.0
3215,CAT,0.5264107038759355,0.28274849838575017,0.2927069840208419,0.0
3216,CAT,0.5244201637043485,0.2849665180822248,0.28879629451179784,0.0
3217,CAT,0.5223792595676956,0.2853764533088077,0.2857582823002516,0.0
3218,CAT,0.5202903905864683,0.28711470249389004,0.28371178691691923,0.0
3219,CAT,0.5185372755172636,0.29442314283317067,0.2836887523822563,0.0
3220,CAT,0.517522819054509,0.2979636471990307,0.2844522900625365,0.0
3221,CAT,0.5165793505617252,0.29899164333745726,0.28529016619624437,0.0
3222,CAT,0.5160613290693018,0.3099275773567691,0.28837580687690284,0.05996603213013346
3223,CAT,0.5160253528010833,0.3291314114999031,0.2950857298333241,0.04965752781834278
3224,CAT,0.5155193272038706,0.34319601447321674,0.30356001420444884,0.03367637598911933
3225,CAT,0.5150924863423162,0.3593236730472844,0.31390143971100054,0.035891950286160865
3226,CAT,0.5151836133991702,0.37163278192219856,0.3248932029784306,0.05680244024541135
3227,CAT,0.5151800198416315,0.3764866584711669,0.3347586538099374,0.03539486489369196
3228,CAT,0.5160781677041303,0.38914206499721143,0.3454461215671042,0.049487268894489594
3229,CAT,0.5167568720113868,0.3981919449935249,0.35599487658695345,0.0
3230,CAT,0.5175434975116912,0.41031297952378637,0.36711096485988287,0.0
3231,CAT,0.5181886281842706,0.4188529598137217,0.37788999847302895,0.0
3232,CAT,0.5191359350356374,0.42428997995204276,0.3877140602412309,0.0
3233,CAT,0.5201168161071897,0.42948359868692654,0.3967203862454652,0.0
3234,CAT,0.5212823618303545,0.4349272546840201,0.40512774754013753,0.0
3235,CAT,0.5227404931054246,0.4449040944258932,0.4140571482102493,0.0
3236,CAT,0.5241578542626065,0.45301969487344107,0.42299310206879126,0.0
3237,CAT,0.525603994326533,0.4567350133686392,0.4309624403819877,0.0
3238,CAT,0.5277863938764188,0.4744577610955274,0.4412522047186877,0.0772403567973391
3239,CAT,0.5297841322877416,0.48830537217909686,0.45254243678218276,0.04184946682015733
3240,CAT,0.5319617359386785,0.4985090351394361,0.4638282308528849,0.03557417779404058
3241,CAT,0.5342098484966477,0.5039418226997854,0.47405676616858733,0.046706593966915885
3242,CAT,0.5363466832007125,0.5136735594722517,0.48438897195507846,0.03239159464154755
3243,CAT,0.5377772338118897,0.5148892765099167,0.4929232431159899,0.03680463528263975
3244,CAT,0.5392665401866544,0.5139685133030161,0.49954729780864005,0.05311703015437913
3245,CAT,0.5405351640704946,0.5118091628038751,0.504369621609082,0.0
3246,CAT,0.5418470057899084,0.5089540091041913,0.5075968837311776,0.0
3247,CAT,0.5434094597236659,0.5055862478109138,0.509434880620036,0.0
3248,CAT,0.5445222414830114,0.5009553886973508,0.5098824941436184,0.0
3249,CAT,0.5456877872061757,0.4962875575830214,0.5092096352395428,0.0
3250,CAT,0.5464336405393125,0.4877945480836795,0.5067955592165064,0.0
3251,CAT,0.5472730253193693,0.4812506425710742,0.503418993842292,0.0
3252,CAT,0.5486975812032372,0.4863568376590495,0.5018455095110189,0.0
3253,CAT,0.5498031708706835,0.48393497371412375,0.5000518226672808,0.0
3254,CAT,0.5511329958937626,0.48746582802801086,0.49939670716389095,0.06154363232728932
3255,CAT,0.5520419311622239,0.4865716934113762,0.4986751337871006,0.0511240511819083
3256,CAT,0.5530779691702493,0.4883448102378296,0.4984894904325397,0.031729771042600725
3257,CAT,0.5543394442898094,0.4913877051262514,0.4990130376905771,0.02705526922661595
3258,CAT,0.5546680023041292,0.4887417034291962,0.4988474724520665,0.021473382302832546
3259,CAT,0.5549761773087841,0.48604322087793694,0.4981190261538355,0.028319955162941765
3260,CAT,0.5553407074927642,0.4844839452639009,0.4971918833131712,0.0592054981045169
3261,CAT,0.5556788593542613,0.48031071901702077,0.4955284590777865,0.0
3262,CAT,0.5557795858206226,0.47783645236082783,0.493651246507136,0.0
3263,CAT,0.5560613827955488,0.4736719464469422,0.4912296924839401,0.0
3264,CAT,0.5566825260690199,0.4760794273835858,0.489824171974245,0.0
3265,CAT,0.5573612286197517,0.4781593055140176,0.489159123039262,0.0
3266,CAT,0.5579943645681374,0.478059105422431,0.48860495342979804,0.0
3267,CAT,0.558224595822096,0.46880315742343887,0.4861173241953095,0.0
3268,CAT,0.5584955971939428,0.4608280960743837,0.4823658273282049,0.0
3269,CAT,0.5587665985657898,0.45399745457752494,0.47785599599875916,0.0
3270,CAT,0.5600064871632578,0.46448870448437235,0.4765652565808955,0.05171653457062179
3271,CAT,0.5612631681403938,0.4734341438182118,0.4775083788153617,0.03678343572791873
3272,CAT,0.5621217379800182,0.48246616114285146,0.4802577122193854,0.03620906029219611
3273,CAT,0.5627920484394741,0.4792400821574876,0.48174465846902964,0.03658800233283433
3274,CAT,0.5632489132912938,0.4777449999209237,0.4826040075885094,0.024914114199792996
3275,CAT,0.5639156243381277,0.4773982698209757,0.48321490714251275,0.03148862610764913
3276,CAT,0.5642885565670251,0.47358087172577423,0.48286050598459546,0.033282417597220386
3277,CAT,0.5645499652627116,0.470087232209349,0.4818053704468289,0.0
3278,CAT,0.5651998909559778,0.47066154221902784,0.48108810566859433,0.0
3279,CAT,0.5656063895006979,0.4656178041860992,0.4794003203109155,0.0
3280,CAT,0.5661340057185612,0.46497859090820515,0.4779089136625728,0.0
3281,CAT,0.5667623451824898,0.4638481096399324,0.476466107213247,0.0
3282,CAT,0.5673139408950986,0.46234561477541536,0.4749800170006224,0.0
3283,CAT,0.5679350856323407,0.4605687787157159,0.4733987080438026,0.0
3284,CAT,0.5684890795871783,0.4635964808747274,0.4728023673129905,0.0
3285,CAT,0.5688751965860047,0.46280508277366084,0.47215050441715617,0.0
3286,CAT,0.5692229452222214,0.4598304807660375,0.47097203550796707,0.053999240790946555
3287,CAT,0.5695467044100503,0.44803017272062673,0.46742301263684105,0.03555629066974472
3288,CAT,0.5699675970922099,0.4403231814706708,0.4628816075428505,0.03225975991062621
3289,CAT,0.5705414026005565,0.43712376788825397,0.4585418523866315,0.026873527210622212
3290,CAT,0.5703063795462074,0.4337919441716006,0.4543341727225799,0.020552305815943257
3291,CAT,0.5702895900940811,0.4368063248843082,0.45163379321555547,0.030918888074521735
3292,CAT,0.5704142960551878,0.4445584392871295,0.4511856424278189,0.0724218746722074
3293,CAT,0.570559387953501,0.44118653696520815,0.45008239439009773,0.0
3294,CAT,0.5709646914756651,0.4454350766584961,0.4501381398529241,0.0
3295,CAT,0.5714491352348531,0.4516062484772732,0.45154571781377084,0.0
3296,CAT,0.5718892097562837,0.45226450087253206,0.45281716357526947,0.0
3297,CAT,0.5720426972589229,0.446546329037809,0.45257138938762703,0.0
3298,CAT,0.5720019271410343,0.44159666871073827,0.451281574757336,0.0
3299,CAT,0.5723208933574561,0.44005510090638084,0.44990924824545225,0.0
3300,CAT,0.5725367351580418,0.4403013975553279,0.44886578477566086,0.0
3301,CAT,0.5725394691541829,0.43570359850688456,0.4470155317471423,0.0
3302,CAT,0.5737625741546081,0.45724438679275803,0.4502928857078679,0.07485010700254416
3303,CAT,0.5747482481975678,0.4686301981946445,0.45542946977773135,0.033536370596482595
3304,CAT,0.5754029709607998,0.47497983991262416,0.46094113596571595,0.02946892686308201
3305,CAT,0.5762831267370075,0.4813606148195149,0.46675974400795905,0.025902764267355535
3306,CAT,0.5770050439030167,0.480495232344937,0.4712234997430301,0.027435315410729227
3307,CAT,0.5781562045641216,0.47905969832608264,0.474477448430228,0.02556666299354937
3308,CAT,0.5793109587827657,0.47919455280210743,0.4771103917019316,0.044060182885908634
3309,CAT,0.5801209390403986,0.47450910974855465,0.4781819067761304,0.0
3310,CAT,0.5811210040005016,0.4735493635850803,0.4788271467188697,0.0
3311,CAT,0.5817277589916171,0.4697704345735709,0.4785087142571366,0.0
3312,CAT,0.5822194021615575,0.46942494533398327,0.47817766260592304,0.0
3313,CAT,0.5832266638976261,0.47017365691060975,0.47807818373564515,0.0
3314,CAT,0.5838070385169799,0.46842163253477676,0.4776116438278734,0.0
3315,CAT,0.5843562359873599,0.4689796528880037,0.47736165777633843,0.0
3316,CAT,0.5850373367803204,0.46779172550802434,0.47689930010186254,0.0
3317,CAT,0.5862796262548048,0.472148364093251,0.47749163286703367,0.0
3318,CAT,0.5875363028406279,0.4751002175929182,0.47861745337509704,0.07629123506618346
3319,CAT,0.5888529375314487,0.48061733768216514,0.48073663574963266,0.03728891261079804
3320,CAT,0.5899902055430221,0.48219272956331805,0.48277992693340244,0.03580671040988676
3321,CAT,0.5914216449910153,0.48429096817506495,0.4848779824984315,0.029669439318151653
3322,CAT,0.591886904568898,0.49038384300210824,0.48790211565705244,0.06557044358080795
3323,CAT,0.5927622688374695,0.4978377222179139,0.4919677059770336,0.05271313447120471
3324,CAT,0.5936927806743807,0.5019235134868956,0.4961225770717047,0.08718626039192234
3325,CAT,0.5947336169233889,0.5085233211912997,0.5009041252115236,0.0
3326,CAT,0.5960166267475512,0.5125682013161895,0.5056227268168476,0.0
3327,CAT,0.597177375107996,0.5120656475252133,0.5092866127204085,0.0
3328,CAT,0.5983836891925244,0.5135051684562484,0.5125356579042537,0.0
3329,CAT,0.5994844823755133,0.5072512716388369,0.5137536415952538,0.0
3330,CAT,0.6004437792670071,0.5017400047398815,0.513510795331305,0.0
3331,CAT,0.6015301829966234,0.49672339998678033,0.5122085375141479,0.0
3332,CAT,0.6025950025461816,0.49465113485967205,0.5107090452160202,0.0
3333,CAT,0.6033624400593763,0.48756043737025884,0.5079433808764382,0.0
3334,CAT,0.6051467287645046,0.5006649438593078,0.5086251459213494,0.08043928127326291
3335,CAT,0.6066744084786996,0.5071461371624932,0.510602011725976,0.040643521316704345
3336,CAT,0.6082572498134352,0.5113137920616665,0.513103983829705,0.02454091370522505
3337,CAT,0.6093376596940051,0.5088970429295896,0.5145717918052785,0.02342020807804616
3338,CAT,0.6105104036569061,0.5080480626204623,0.5155585301133497,0.029711838427593694
3339,CAT,0.6116279854137588,0.5090619698396786,0.5165718550327352,0.04486532430791735
3340,CAT,0.6128769698835467,0.5095241887163141,0.5174846018713757,0.05553157110562523
3341,CAT,0.6140089156241583,0.5079990958564883,0.5178779632351566,0.0
3342,CAT,0.6148866702305958,0.5056842872240388,0.5176813974714457,0.0
3343,CAT,0.6155437862592358,0.5017772891819576,0.5166612347743234,0.0
3344,CAT,0.6162248905652462,0.49741725784757207,0.5148821363801775,0.0
3345,CAT,0.6168244511224298,0.4957515103008651,0.5130909561856287,0.0
3346,CAT,0.6174240116796134,0.4934660757519807,0.5111532448142819,0.0
3347,CAT,0.6179036601253601,0.4857219472241659,0.5078926866811346,0.0
3348,CAT,0.617879677703073,0.4712897018026269,0.5020966956696139,0.0
3349,CAT,0.6183952997822505,0.4643300137255603,0.49592276745016667,0.0
3350,CAT,0.6198615863104663,0.47857187722576233,0.4941291211168858,0.0769802205946166
3351,CAT,0.6210679015660111,0.48387619389905995,0.49386572968407066,0.03343545188286274
3352,CAT,0.6221543064666443,0.48753694976634465,0.4944635409155641,0.025500856042436206
3353,CAT,0.6237347501446596,0.49531743889287877,0.4966602096363673,0.027885364291160866
3354,CAT,0.6242335886267948,0.49743828075776886,0.49888595944624997,0.026731092702340364
3355,CAT,0.6248019708639881,0.4968004764839297,0.5005256921283782,0.03370265460382559
3356,CAT,0.625305603195793,0.49415873152350437,0.5012540153834307,0.05313513810737
3357,CAT,0.626014282017859,0.49087675548271176,0.5011118079400338,0.0
3358,CAT,0.6265826642550524,0.48663071345097675,0.500060249732555,0.0
3359,CAT,0.6270335332085458,0.48277756739770544,0.4983679869753737,0.0
3360,CAT,0.6271894174896425,0.47357703519970745,0.4949821225054279,0.0
3361,CAT,0.6272613647565047,0.4631413653850084,0.4899685808522807,0.0
3362,CAT,0.6274292417125161,0.4563562263222965,0.4844591634838771,0.0
3363,CAT,0.6275971186685273,0.4495089757881547,0.4785393274367873,0.0
3364,CAT,0.6278249516802571,0.444690785388406,0.4727393001203623,0.0
3365,CAT,0.6278729165248317,0.43951753099685387,0.4669566994011394,0.0
3366,CAT,0.6277374152534,0.43130047040946984,0.46051577674418853,0.0740065413876036
3367,CAT,0.6277494035370016,0.4226919735205773,0.45346174286366714,0.03653301598777669
3368,CAT,0.6283873368481075,0.4213488738924427,0.44752187516630787,0.032511283794243305
3369,CAT,0.6284185175101312,0.4125653462224359,0.44083002748481387,0.021951255598835526
3370,CAT,0.6272232314755003,0.40040201173961754,0.43279012260138183,0.03318812374445085
3371,CAT,0.6256931517625511,0.37893041567713076,0.4216159242914809,0.05815037859975616
3372,CAT,0.624465252912456,0.36910793305316614,0.4105071457370239,0.06925519118575513
3373,CAT,0.6229759424391329,0.36222502296200476,0.40009994487550643,0.0
3374,CAT,0.6219710783597848,0.3644726425342007,0.3922705994846353,0.0
3375,CAT,0.6206784275550222,0.3594504174039199,0.38489790103433374,0.0
3376,CAT,0.6197335171893591,0.3621876122086873,0.37960428647384936,0.0
3377,CAT,0.6188077956890677,0.36502384894470546,0.37599581369229246,0.0
3378,CAT,0.6179180478222074,0.36775538397751795,0.37371232963436135,0.0
3379,CAT,0.616822051123676,0.3664243682015457,0.37159157066713366,0.0
3380,CAT,0.6162033046286625,0.37047429220712125,0.37078944059186214,0.0
3381,CAT,0.6157884087230917,0.37584433868095324,0.3713337794258245,0.0
3382,CAT,0.6151252970888798,0.3772632802279801,0.3720826417359396,0.058612352229718376
3383,CAT,0.6149550195486063,0.3880183903643697,0.37505713410904584,0.03677349843664325
3384,CAT,0.6148279115394669,0.3985918563348833,0.3797720121139697,0.0273765749778564
3385,CAT,0.614925950522471,0.4106962123811875,0.3862173151201748,0.02094648503653721
3386,CAT,0.6148575997406897,0.4128757299819263,0.3918549316390674,0.02343102868410168
3387,CAT,0.6147496832317093,0.4117979059381626,0.3961269737396314,0.024158659234161668
3388,CAT,0.614416324048865,0.41177961495216875,0.39954056762376583,0.05349155562111714
3389,CAT,0.6145002590138203,0.4128417527151046,0.40250602933148893,0.0
3390,CAT,0.6148360138041059,0.4136383907887146,0.40505434632326853,0.0
3391,CAT,0.6157497458497788,0.41421793778865235,0.4072210002244118,0.0
3392,CAT,0.6163325163693275,0.4143708332124625,0.4089880922394778,0.0
3393,CAT,0.6168457402062767,0.41333784612062247,0.4101736175466646,0.0
3394,CAT,0.6170184136467455,0.4124873511210549,0.4109341951814259,0.0
3395,CAT,0.6176683372907324,0.4144391179076704,0.411973729746362,0.0
3396,CAT,0.6182055435499688,0.4196639769788416,0.4139593338126025,0.0
3397,CAT,0.6189825740320788,0.4287934661746358,0.4175641805814278,0.0
3398,CAT,0.6204071325507344,0.449226866202889,0.42496103363376325,0.07521005777541147
3399,CAT,0.6215846703633056,0.455687140488577,0.4323053496139127,0.03418759441806891
3400,CAT,0.6229686030918825,0.4691264941834734,0.4411490541682677,0.03572986202402307
3401,CAT,0.6243216883126909,0.48008566154301185,0.4506444889633972,0.01826098727651308
3402,CAT,0.6257762228099267,0.48681035821490426,0.4597260713765342,0.021280157194698255
3403,CAT,0.6266995475317602,0.48940072520077765,0.4675634527201754,0.0345512992787514
3404,CAT,0.6275269440282151,0.4904222972812647,0.4740589849498734,0.049755796587622504
3405,CAT,0.6281363865026875,0.48945313879981867,0.47904135978717277,0.0
3406,CAT,0.6291124725535534,0.4881351872620313,0.48273617333888014,0.0
3407,CAT,0.6302492379062022,0.4868089456547828,0.48539910689509635,0.0
3408,CAT,0.6317433454494913,0.49319013559197167,0.4889388204966316,0.0
3409,CAT,0.6330647769175238,0.49473885661945805,0.4921126460655926,0.0
3410,CAT,0.6344797398324767,0.49693311990054206,0.49513633740527435,0.0
3411,CAT,0.6354414349661993,0.4882099018039405,0.4956286570878546,0.0
3412,CAT,0.6362376513861391,0.47678162474040264,0.49349843285249306,0.0
3413,CAT,0.6377749246547576,0.4814114531568315,0.49281680980916925,0.0
3414,CAT,0.6394237164797666,0.4865465169870742,0.49340565537059977,0.07747995593142562
3415,CAT,0.6402559068258914,0.4753214701282417,0.491397537807434,0.04785335738010603
3416,CAT,0.6411735447978114,0.47130998776697197,0.4889050569832495,0.03475556582163622
3417,CAT,0.6414301581800567,0.4588351543253363,0.48415584708858506,0.026190062399564347
3418,CAT,0.6414925075011829,0.4579502255349791,0.4801610314223037,0.03869051233803043
3419,CAT,0.6415812412926293,0.4481586884745541,0.4748025937030602,0.05443383166272745
3420,CAT,0.6412645251848222,0.4404991752674077,0.46882414285868995,0.06514601082899754
3421,CAT,0.640856347402135,0.4333475744725257,0.4624618604144135,0.0
3422,CAT,0.6405397765004003,0.42832513165564123,0.45626276424253953,0.0
3423,CAT,0.640338325031449,0.42477810691640344,0.4505200818898447,0.0
3424,CAT,0.6397819310778577,0.41432870737261496,0.4436180535456381,0.0
3425,CAT,0.6397243732643682,0.415637916883544,0.43838558640086206,0.0
3426,CAT,0.6390120953224342,0.40329831527665466,0.43147425511613086,0.0
3427,CAT,0.6386019959013206,0.40060270831878564,0.42534983109220664,0.0
3428,CAT,0.6374268572092406,0.3909459002345147,0.41831746329055536,0.0
3429,CAT,0.6364915427400345,0.38609364372561944,0.4116198866380754,0.0
3430,CAT,0.6340621257043605,0.35336586999265013,0.39903348126591265,0.09754688027573553
3431,CAT,0.6322790331928049,0.33239106129661034,0.38433180435770886,0.04578750493828169
3432,CAT,0.6310077505155173,0.32380854771966483,0.37067490582028206,0.027231490525234426
3433,CAT,0.6290579795835564,0.3182678946940227,0.3585256634746876,0.02392325584528035
3434,CAT,0.6270302689994575,0.31566913614415,0.34823230080170636,0.02908711404940865
3435,CAT,0.6258095645832945,0.3171545042742895,0.3403256730599091,0.032583273948816764
3436,CAT,0.6243882942795697,0.3207229229874859,0.33478850141224364,0.05184196526938782
3437,CAT,0.6233978187753314,0.32488293527247974,0.3312775555858348,0.0
3438,CAT,0.6220572037115025,0.33125873119507165,0.32987697434471186,0.0
3439,CAT,0.6211170930505928,0.3369482436391014,0.3300131103586149,0.0
3440,CAT,0.6200762570943391,0.3405854554217335,0.33092534353768066,0.0
3441,CAT,0.6193975545436073,0.3509719944455212,0.33394912899962276,0.0
3442,CAT,0.6184454523787998,0.3549298913869054,0.3372423091230018,0.0
3443,CAT,0.6174645713072474,0.35865525088326095,0.3406996461305649,0.0
3444,CAT,0.6167498951230846,0.3602062693509714,0.3438080778431695,0.0
3445,CAT,0.6155411810398029,0.3612358838274041,0.3465222266332177,0.0
3446,CAT,0.6154596408040257,0.3727935690410004,0.3512462070784393,0.0
3447,CAT,0.6147665464578883,0.37642045711612154,0.35582643568077793,0.05537014532957247
3448,CAT,0.6148600755627757,0.38839022330042305,0.3621342932863337,0.043155226893755116
3449,CAT,0.6146802088593913,0.3948119467418159,0.3685988984659975,0.044558151593157576
3450,CAT,0.6158925185494913,0.39983816695355606,0.3748806871117596,0.03160809443164987
3451,CAT,0.6171360065595816,0.4085630236047,0.3818331133130936,0.026795574681283463
3452,CAT,0.6180883212639227,0.4163118014234227,0.3891064701651139,0.03373379144982209
3453,CAT,0.6188725438379311,0.4190082058532218,0.3955206907746628,0.0653694894683483
3454,CAT,0.6197263145583102,0.4231647027317459,0.4015700823319063,0.0
3455,CAT,0.6203426616400781,0.423768441252987,0.4065429388898213,0.0
3456,CAT,0.6210141709278946,0.4265810284832456,0.41114241970959275,0.0
3457,CAT,0.6216616963296527,0.42844255150974997,0.41523314534318284,0.0
3458,CAT,0.6222060973155753,0.42968770169818354,0.41878073306654257,0.0
3459,CAT,0.6227361088481255,0.4299358260429021,0.42167360465474524,0.0
3460,CAT,0.623345262374224,0.4298999000614599,0.4239799672165086,0.0
3461,CAT,0.6237649547642526,0.43244140521331564,0.4263863809230921,0.0
3462,CAT,0.6242517979366856,0.4307242658980679,0.42793225988503075,0.0
3463,CAT,0.6246834815378578,0.4279897956780909,0.4285650206139429,0.0
3464,CAT,0.6264965494424847,0.45248504897826963,0.43448131666268,0.057949866144686515
3465,CAT,0.6282724463490915,0.4696644619035989,0.44300864480353325,0.05203408623404706
3466,CAT,0.629608269905284,0.48346596991393564,0.45287874546171225,0.050265248387012004
3467,CAT,0.6311671273539613,0.49223884297150433,0.4627124263055288,0.03733661160892033
3468,CAT,0.6321659972915082,0.4952473389952299,0.4712438354965774,0.022491402586831497
3469,CAT,0.6330725325612155,0.49150562736066883,0.4772425583633721,0.02645152357445692
3470,CAT,0.6342392750634612,0.49289124083664937,0.48234756697242515,0.06157256088633571
3471,CAT,0.6353904313332536,0.49737843531461134,0.48742262768970845,0.0
3472,CAT,0.6363737124035597,0.49729554227326334,0.49146436828367934,0.0
3473,CAT,0.6379877320582855,0.5060811213355307,0.49663816735846966,0.0
3474,CAT,0.6390573480923011,0.5026677502589997,0.5000233203101954,0.0
3475,CAT,0.6401125746729442,0.4961347091742555,0.501288537662522,0.0
3476,CAT,0.6414555903210352,0.4985301904663722,0.5028297839795103,0.0
3477,CAT,0.6425180116283643,0.49339588962396397,0.5029288055525547,0.0
3478,CAT,0.6437003450471305,0.49091938677305624,0.502461055736674,0.0
3479,CAT,0.6447627663544592,0.4850542745772682,0.5007914714441366,0.0
3480,CAT,0.6460170470400876,0.48360002858610224,0.49913461533276166,0.0
3481,CAT,0.647147935645361,0.4818461912482287,0.4974217732164444,0.08655005292159676
3482,CAT,0.6481456058762854,0.4734237488594113,0.49419129626526753,0.027382316523926677
3483,CAT,0.6494574426188781,0.47149815520307525,0.49118162291508294,0.04093280690716825
3484,CAT,0.649284768885655,0.4651861245883058,0.4873797921921621,0.03501768948261382
3485,CAT,0.6493267425159704,0.4625584426569304,0.48375797072156035,0.028641260914182214
3486,CAT,0.6487463646763209,0.44794939371104653,0.4776339197385967,0.05287367693247743
3487,CAT,0.6487103925066607,0.44621637830736105,0.4723519205133443,0.08944357131232089
3488,CAT,0.6487931321563064,0.4439928316427769,0.4676352226418616,0.0
3489,CAT,0.6491216901706262,0.4418602174848199,0.46339084945115494,0.0
3490,CAT,0.6491504708338959,0.4388233042274794,0.45932461007601755,0.0
3491,CAT,0.6486588311770055,0.4296133512595186,0.4540374836151381,0.0
3492,CAT,0.6482919001160091,0.4221709256716677,0.4481640283323976,0.0
3493,CAT,0.64779786221689,0.4233970187924488,0.4437360623275225,0.0
3494,CAT,0.647745100887858,0.42420182398599593,0.4403714409612788,0.0
3495,CAT,0.6480448811664493,0.42921668716391004,0.4387873400253063,0.0
3496,CAT,0.6478050569435759,0.43017400495763414,0.4377314950568797,0.0
3497,CAT,0.6478650129992946,0.43094096203254567,0.4370562112826105,0.0
3498,CAT,0.6482727112506376,0.44104851002618833,0.4387483644732839,0.222522671930045
3499,CAT,0.6491120960306945,0.454609699334214,0.44309724773696096,0.06789422393840469
3500,CAT,0.6495197972095793,0.45972382455659966,0.4477058737867962,0.050891076908672096
3501,CAT,0.6500484892990478,0.465910343010575,0.4527591457163382,0.03466193445495172
3502,CAT,0.6507679619676682,0.4678674774638625,0.4572340212343835,0.05062431584509927
3503,CAT,0.6517536433294823,0.4796865738255456,0.46342431903061293,0.07060158373923488
3504,CAT,0.6529743550644999,0.488949159078922,0.4704223167363522,0.10782336442674968
3505,CAT,0.6540655523510318,0.4955532287318436,0.4774793074704276,0.0
3506,CAT,0.6557227383165954,0.4995992784399347,0.4840185214684454,0.0
3507,CAT,0.6568355235889906,0.5005452345369336,0.48945881907234207,0.0
3508,CAT,0.6579626974364957,0.5001014003387619,0.4937130307418147,0.0
3509,CAT,0.6590395081971973,0.49767389580942867,0.49658025490404384,0.0
3510,CAT,0.660286594156139,0.4973193424039544,0.4987957266159659,0.0
3511,CAT,0.6618454516048161,0.49604332967964987,0.500286280386412,0.0
3512,CAT,0.6636393367919095,0.4989591618255346,0.5021227219257052,0.0
3513,CAT,0.6652245749051028,0.5030762901453423,0.5045011951810778,0.0
3514,CAT,0.6665867764910237,0.500588842498611,0.505854589414044,0.0
3515,CAT,0.6683506804299618,0.5105274395126953,0.5091323700431687,0.08336548231084863
3516,CAT,0.6704491394525623,0.5213896959088223,0.5141536616823231,0.049094414646065704
3517,CAT,0.672474458235024,0.527352800753471,0.519487722353225,0.04741501242050995
3518,CAT,0.6742167847272497,0.5345336100939465,0.5253409437365935,0.05008902708839353
3519,CAT,0.6759471156170188,0.5444863602854251,0.5322217119948305,0.041969818458938116
3520,CAT,0.6778765047103313,0.549898570945234,0.538921681991015,0.05058986656867761
3521,CAT,0.6794953182147271,0.5488169309254971,0.5440427640667049,0.08195681606537589
3522,CAT,0.6812460335779319,0.5468843802722675,0.5477128013969854,0.0
3523,CAT,0.6824739315497647,0.5438571934721396,0.549980238650114,0.0
3524,CAT,0.683625084892015,0.5391570146746887,0.5507560943334587,0.0
3525,CAT,0.684800223584095,0.534749411460365,0.5504033037904522,0.0
3526,CAT,0.686337496852714,0.5372702378732683,0.5506778278513685,0.0
3527,CAT,0.6876301494140012,0.531492706132391,0.5496214059148797,0.0
3528,CAT,0.6889108107641456,0.5251785428408898,0.5473817052942017,0.0
3529,CAT,0.6897525937864312,0.5087174090488369,0.5419542945552747,0.0
3530,CAT,0.6905320225107697,0.4959421954040509,0.5347907979499901,0.0
3531,CAT,0.6916975682339345,0.4929993489330364,0.5284100356863872,0.0
3532,CAT,0.6922827425580415,0.48254587925160464,0.5209966444719173,0.0651221613299364
3533,CAT,0.6927826832596581,0.4745988013431072,0.5133107185187041,0.044652887103317135
3534,CAT,0.6939410371836782,0.47670874936142793,0.5076279865451473,0.032867922136685455
3535,CAT,0.694563381334789,0.4793481004928537,0.5036647351494465,0.033264309644229516
3536,CAT,0.6948679627819051,0.478223007642432,0.5002456430026803,0.026985708187687606
3537,CAT,0.6953032370130744,0.47801058455171125,0.497463452950644,0.03550550006989228
3538,CAT,0.6958584306745345,0.48341508885593126,0.4964313542522064,0.06500953869548098
3539,CAT,0.6960490918099816,0.48495987225309983,0.4959468603055762,0.0
3540,CAT,0.6963716521694504,0.487212499622891,0.49605678648224827,0.0
3541,CAT,0.6968752859650261,0.48814431988523754,0.49635053175064237,0.0
3542,CAT,0.6972709959327675,0.4862309782692054,0.49616294219465873,0.0
3543,CAT,0.6976786971116521,0.48416000959785377,0.495555470844172,0.0
3544,CAT,0.6983597979046129,0.48658843546137737,0.4956058424254766,0.0
3545,CAT,0.6990648811198604,0.4888649164024436,0.4961489293883458,0.0
3546,CAT,0.6990984565110628,0.48314761975322523,0.49532066145762216,0.0
3547,CAT,0.6995085559321762,0.47938128968512506,0.4938262053336149,0.0
3548,CAT,0.6998922746887738,0.4746868012992956,0.49159380311485257,0.0
3549,CAT,0.7004810399356322,0.46434432175084644,0.48752361351526974,0.11578843462708768
3550,CAT,0.7007292588845685,0.4497697819162207,0.48104848980416387,0.039009830631015784
3551,CAT,0.700244813076102,0.43067070691289966,0.4716501178085044,0.03529482949485215
3552,CAT,0.7001776625864514,0.41696820430930964,0.4611050486666541,0.03089216780242545
3553,CAT,0.7007437393844905,0.42042278043275605,0.4534319803186651,0.06238719794222989
3554,CAT,0.7020243998563719,0.4469788130063293,0.45315876235376806,0.09700827908860464
3555,CAT,0.7028805740885552,0.4602613015723952,0.4558737940982167,0.09748350244026749
3556,CAT,0.7039669760616464,0.47249154920458913,0.46074702484998736,0.0
3557,CAT,0.7050126131864248,0.4819582686343058,0.46673645454287954,0.0
3558,CAT,0.7056529426904802,0.48645236410683834,0.4725205762994388,0.0
3559,CAT,0.7064179819614463,0.48984887492817797,0.4778980362115257,0.0
3560,CAT,0.7069719759162837,0.48909724919154945,0.4820339980612935,0.0
3561,CAT,0.7078905026898893,0.4952526594375075,0.48670226798836724,0.0
3562,CAT,0.708638754265254,0.4938014147270337,0.49011635812359966,0.0
3563,CAT,0.7096148388523492,0.4967554826153425,0.49350007360353776,0.0
3564,CAT,0.7104326394523474,0.49967787360240534,0.4968524931137116,0.0
3565,CAT,0.7110993507919353,0.4990426825631611,0.49939413872208743,0.0
3566,CAT,0.7129675809026111,0.5159743008620062,0.5051670179235922,0.10960191873636521
3567,CAT,0.7150396624809915,0.5338281169523522,0.5137285630818886,0.06912291479744377
3568,CAT,0.7174084278770197,0.5516365022439654,0.5245110070373323,0.04068746622701146
3569,CAT,0.7199637546789818,0.5619365045662384,0.5354118483919457,0.03962395523184031
3570,CAT,0.7229543630309673,0.5714963007052587,0.5462439237392371,0.03613331604980747
3571,CAT,0.7264653931668844,0.5807670908754569,0.556957155645803,0.04947799408929915
3572,CAT,0.7299236543621604,0.5864812014540576,0.5667897749879566,0.09260937148399312
3573,CAT,0.7328027453287725,0.5911434234279741,0.5756855813347971,0.0
3574,CAT,0.7345222829574954,0.5925287432656865,0.5831081918741499,0.0
3575,CAT,0.7364144972469834,0.588031411336217,0.5880529874908106,0.0
3576,CAT,0.7383690646634019,0.5861753056933484,0.5915988795042734,0.0
3577,CAT,0.740299649657533,0.5828102441643179,0.5936923765834115,0.0
3578,CAT,0.7427818303642727,0.5875998665667432,0.5964250231208206,0.0
3579,CAT,0.7452280374375816,0.5893253531316688,0.59899223595007,0.0
3580,CAT,0.7476502620886031,0.5856309623715477,0.6002300531429111,0.0
3581,CAT,0.7492738720774558,0.5717332554279727,0.5981508219967943,0.0
3582,CAT,0.7513435551208535,0.5629978713198687,0.5945581166727437,0.0
3583,CAT,0.7526529988907923,0.5436089458972186,0.587401662244252,0.06325880880143679
3584,CAT,0.7537034301579947,0.5230929838905191,0.5771452882037698,0.04434770184681246
3585,CAT,0.7544744629852534,0.49800340303204826,0.5633988367242218,0.054009619739612054
3586,CAT,0.7543401620059528,0.4769154079801279,0.5477441242874043,0.03325128075122389
3587,CAT,0.7540715600473512,0.4626273372343485,0.5320646526392507,0.036716745462025524
3588,CAT,0.7531657200688174,0.4427812634654018,0.5151378181393004,0.04997110456525786
3589,CAT,0.7519522100865862,0.41840692380987055,0.4962129683861993,0.08024826445207874
3590,CAT,0.7505840117240768,0.3992113380817071,0.47683349993891894,0.0
3591,CAT,0.7491210813297612,0.38594161832118073,0.45839913921743114,0.0
3592,CAT,0.7475502332554488,0.37396643257974316,0.441006778938604,0.0
3593,CAT,0.7459625969000269,0.36684138174891945,0.42551923284316695,0.0
3594,CAT,0.7441687117129335,0.3572484704245211,0.4110104797943893,0.0
3595,CAT,0.7426937927422622,0.3534801915512463,0.3985712051575913,0.0
3596,CAT,0.7411277405668989,0.3529685226545125,0.38850677688070356,0.0
3597,CAT,0.7392547133862574,0.346915408721962,0.3791183272505958,0.0
3598,CAT,0.7373553055411001,0.3517373521981456,0.372672554939809,0.0
3599,CAT,0.7350673824548876,0.3480773023700504,0.3667075686511467,0.0
3600,CAT,0.7329101618136163,0.3456372830216316,0.36139667039029577,0.06792845238613134
3601,CAT,0.7307421487895615,0.3352323449972887,0.35484988921022265,0.04408138244062965
3602,CAT,0.7286340962125376,0.33317852662812714,0.3491588524222909,0.03355160777643833
3603,CAT,0.7269121527299772,0.3296920640419228,0.3438359934966067,0.041147673227413584
3604,CAT,0.7255715362023772,0.3320220042467827,0.3400923032105379,0.028453556523423188
3605,CAT,0.724263320243462,0.3276844840206467,0.33613935460909317,0.04069166197221666
3606,CAT,0.7230809885812214,0.3274202893226478,0.332918644977014,0.052337284032296635
3607,CAT,0.7217859363139337,0.32880110516459404,0.3306470479686233,0.0
3608,CAT,0.7208961907891068,0.3312050862976538,0.3293607200947486,0.0
3609,CAT,0.7202846419483212,0.3313337671372919,0.32836007859167227,0.0
3610,CAT,0.7197714181113722,0.33437761416269274,0.3282318376224291,0.0
3611,CAT,0.7192533977899657,0.3391708126782968,0.3291878835510992,0.0
3612,CAT,0.7190807243494969,0.34907937646209863,0.33214115231684377,0.0
3613,CAT,0.7187065985618145,0.3551839742027315,0.33585204519023343,0.0
3614,CAT,0.7188313071577087,0.36648741654692774,0.34131726813881097,0.0
3615,CAT,0.7187689528597615,0.3750862389357476,0.34758860551655113,0.0
3616,CAT,0.7183924288298503,0.37746868156203867,0.35313186809909947,0.0
3617,CAT,0.7187137903609587,0.38795152536409067,0.3598817472159377,0.05145220262269408
3618,CAT,0.7184188065668243,0.3924133855768302,0.3662671089455559,0.033997902569054786
3619,CAT,0.7188097177080749,0.4023054209758833,0.37356017984858964,0.030245581383434358
3620,CAT,0.719175448184186,0.4093402472176033,0.380948367198198,0.0255735086830947
3621,CAT,0.7199596780770489,0.41435644441887387,0.38796680787089033,0.023783029623948605
3622,CAT,0.7201923078659903,0.4119846945429758,0.39305772935827243,0.030483193059265782
3623,CAT,0.7203721760331451,0.40625122783756945,0.3958641576850986,0.060912945574338996
3624,CAT,0.7202066952700833,0.39874929306567236,0.3964524028742257,0.0
3625,CAT,0.7203673543718284,0.39274682407819567,0.39559727759558777,0.0
3626,CAT,0.7204345033977079,0.38848747733170524,0.3939724466048639,0.0
3627,CAT,0.7205664067202885,0.38739209438287414,0.39243065259077864,0.0
3628,CAT,0.7207990362164757,0.38928800635162053,0.39161595359147416,0.0
3629,CAT,0.7215664737296704,0.3995049944841922,0.39322074584528216,0.0
3630,CAT,0.7219022276416932,0.40067729358253673,0.3947634967772994,0.0
3631,CAT,0.7221732290135402,0.4018988358719199,0.39626749063537936,0.0
3632,CAT,0.7225233723789354,0.40994398981740654,0.39924756004055223,0.0
3633,CAT,0.7225569477701376,0.407296054891641,0.40104678554166223,0.0
3634,CAT,0.7231229294230687,0.42224644525911675,0.40578814933263124,0.05938724012051064
3635,CAT,0.7237512691797513,0.4343670114695703,0.4122582211880852,0.06316606074953234
3636,CAT,0.724614614425532,0.44373187141710313,0.41950262680498007,0.031177478476379167
3637,CAT,0.725097863747672,0.45100688690149754,0.4269049307672322,0.02255566373707959
3638,CAT,0.7261449356606783,0.4639900125489114,0.435694261954762,0.03791032455855792
3639,CAT,0.7270802559849682,0.4774130597402745,0.44569037717683346,0.04704313689811207
3640,CAT,0.7284904235864805,0.49625679659791627,0.45784914771228596,0.0766664230190065
3641,CAT,0.7298286401153266,0.5080346392580131,0.4701774501190551,0.0
3642,CAT,0.7313107511778966,0.5128924545141443,0.4811130021754809,0.0
3643,CAT,0.7330350893896357,0.5167225500214916,0.4907073690063075,0.0
3644,CAT,0.73467548707409,0.5137047293123463,0.49771633847989505,0.0
3645,CAT,0.7367139929685141,0.5182041418774262,0.5043172664083584,0.0
3646,CAT,0.7387405076517942,0.5204930905320581,0.5101035521016749,0.0
3647,CAT,0.7406710926459253,0.5210241093576576,0.5148498629010624,0.0
3648,CAT,0.7422299500946025,0.514922590726137,0.5172993137400907,0.0
3649,CAT,0.7435010184758316,0.5114429776290434,0.5184903577125451,0.0
3650,CAT,0.7452469388183499,0.5105071483504162,0.5192365031213437,0.0
3651,CAT,0.7472290836783654,0.5137495926325215,0.5205495544053711,0.060781110843417654
3652,CAT,0.7487903417113048,0.5133298724965669,0.521507294915527,0.0356141477878375
3653,CAT,0.7508096628389157,0.5124202301102647,0.5220725812618932,0.04206389148301264
3654,CAT,0.7520111845375447,0.5104871876122408,0.5220978733785517,0.031012961098596258
3655,CAT,0.7532774561415622,0.5097241374475575,0.5219495777620979,0.030740458488953154
3656,CAT,0.7547476017553564,0.5123860582000475,0.5224188602392351,0.04178962224380945
3657,CAT,0.7561134024611454,0.5114519891240804,0.5225879852148695,0.07516257960598419
3658,CAT,0.7571551995293669,0.5105606810936312,0.5225264285087186,0.0
3659,CAT,0.7580449438831772,0.50941312774044,0.5222237314265965,0.0
3660,CAT,0.7585341873471182,0.5081278822039188,0.5216977109780914,0.0
3661,CAT,0.7590114375506362,0.5037498674144367,0.5203099545086232,0.0
3662,CAT,0.7599323625664701,0.5052473626627777,0.5195304901575494,0.0
3663,CAT,0.7611554661031245,0.5128308809856738,0.5205818349113227,0.0
3664,CAT,0.7624936852667582,0.5151977556099638,0.5219456650039427,0.0
3665,CAT,0.7634817610649965,0.5166000576014481,0.5233464452640341,0.0
3666,CAT,0.7645489788567835,0.5181305208746083,0.5248050917031586,0.0
3667,CAT,0.7652348761342013,0.5101454344409257,0.5242084012078151,0.0
3668,CAT,0.7658128533895888,0.4952460923043788,0.520440340070915,0.07768819739082064
3669,CAT,0.7662709185335396,0.4825982166152679,0.5146324473503151,0.04752520593932025
3670,CAT,0.7662037671656264,0.46385964869555146,0.5058474827102718,0.039876804087627477
3671,CAT,0.7658044651041177,0.44676186361725023,0.49504324824201196,0.023893223142758904
3672,CAT,0.7653943604134289,0.43094427427005266,0.48290634538039245,0.029077397586828185
3673,CAT,0.7648607500537646,0.4163351178246897,0.46997020554199087,0.032551474616735236
3674,CAT,0.764397891060144,0.4062386645509022,0.4573913638708209,0.07112053117250983
3675,CAT,0.7639230390988546,0.4000177990213469,0.4459543334568038,0.0
3676,CAT,0.763289901979452,0.39635435269940866,0.4359955905268003,0.0
3677,CAT,0.7625680287265698,0.3899370711756243,0.4266112581414372,0.0
3678,CAT,0.7619037156292102,0.38733444816079066,0.41852896992052546,0.0
3679,CAT,0.7612058271406491,0.38555051644616856,0.4116691353916628,0.0
3680,CAT,0.7604743632608849,0.38447833153613087,0.40594446212825025,0.0
3681,CAT,0.7598556167658715,0.384025993933483,0.40126481901911315,0.0
3682,CAT,0.7588963198743776,0.3828646315562806,0.3972646029164523,0.0
3683,CAT,0.7576348444620639,0.38346064570369387,0.39419606732048407,0.0
3684,CAT,0.7559632696286359,0.3732786030067188,0.3894924055332663,0.0
3685,CAT,0.754507538059565,0.3709657811131998,0.3852186600452553,0.0707727259778681
3686,CAT,0.7529822595151404,0.3697954509556873,0.3815411813914386,0.03166970563755784
3687,CAT,0.7519006508062104,0.37063325643284595,0.37878423843735587,0.028798049287639755
3688,CAT,0.7510804487436874,0.3696854418764154,0.37636934720426324,0.025122134830492998
3689,CAT,0.7504209321307856,0.3727486913888699,0.3751139917364345,0.028089189176655666
3690,CAT,0.7504137376968535,0.38116916517619787,0.37596947582967966,0.03613265356372244
3691,CAT,0.7506319712990764,0.39099130822519135,0.3788232080113714,0.07299293767750487
3692,CAT,0.7509365509896674,0.39870031028655634,0.38280882466702565,0.0
3693,CAT,0.7512111500176116,0.4022661625031787,0.38678488169399156,0.0
3694,CAT,0.7515445051018973,0.40779451116706966,0.39118673325681763,0.0
3695,CAT,0.7518179047159731,0.41254777407227544,0.39575803292491873,0.0
3696,CAT,0.7519402150696383,0.4141899855789987,0.3997777759055969,0.0
3697,CAT,0.75223999534823,0.4154257329064165,0.40326650076547654,0.0
3698,CAT,0.7524318547265288,0.41627895051129227,0.4062459245862927,0.0
3699,CAT,0.7525133949623056,0.414573088988647,0.40825270248319656,0.0
3700,CAT,0.7525853422291678,0.4130313594536953,0.4095176142728151,0.0
3701,CAT,0.7530793801282875,0.42068439751792375,0.412219814256021,0.0
3702,CAT,0.7547941218580613,0.45090168649678936,0.4210554458839948,0.12257957948474923
3703,CAT,0.7565328451318599,0.47580666764439145,0.4336245322453517,0.0543746495724646
3704,CAT,0.7589910404887706,0.49861541056247993,0.44871740158519713,0.04802847453524945
3705,CAT,0.7614684214907569,0.5211216628109931,0.4657624884057218,0.03950249944958448
3706,CAT,0.7639625919448697,0.538035280722521,0.4831341449630335,0.03515129084309525
3707,CAT,0.7664159963796523,0.5502743750603794,0.49973462947227976,0.05307308524407202
3708,CAT,0.7696176512187834,0.5718095722409287,0.5177713385966712,0.11849115702532265
3709,CAT,0.7728408878959393,0.5906341898904519,0.5363583615342992,0.0
3710,CAT,0.7756348403851688,0.5999716927009401,0.5532902858461335,0.0
3711,CAT,0.7782968927721138,0.6052693208318374,0.5680058736799631,0.0
3712,CAT,0.7810980396952755,0.6098910399718134,0.5807991092554043,0.0
3713,CAT,0.7840478776366185,0.6117308708362453,0.5914400477043253,0.0
3714,CAT,0.786966538428988,0.6128699615882249,0.6002043811078202,0.0
3715,CAT,0.7899859253949643,0.6139469812461573,0.6074537212863498,0.0
3716,CAT,0.7932235524037553,0.6149630959767489,0.6134776152589961,0.0
3717,CAT,0.7963052936676783,0.6101708001004347,0.6172382910923876,0.0
3718,CAT,0.7995453189186986,0.6073813660063674,0.6196307498495357,0.0
3719,CAT,0.8029352363582934,0.6037683306641742,0.6207467321609115,0.0931601182493496
3720,CAT,0.806557783879584,0.6034255698875054,0.621563814943837,0.04443272089439155
3721,CAT,0.8101407580620666,0.6090233147320612,0.6234538141383683,0.05482116519377608
3722,CAT,0.8120953240147143,0.6015392168822143,0.6233128555321935,0.04815920512269573
3723,CAT,0.8127776242215433,0.5686685338982372,0.6159401812758827,0.05776701998521772
3724,CAT,0.8121576806546947,0.5180074110418311,0.5988528901441592,0.07654518806544568
3725,CAT,0.8114597912878706,0.48110600071290743,0.5770329125949493,0.08353596206339682
3726,CAT,0.8105988202784756,0.44853167241396386,0.5523824768762879,0.0
3727,CAT,0.809749841358487,0.42326812322283214,0.5270823529407711,0.0
3728,CAT,0.8085771017868987,0.410119355565723,0.503938181635268,0.0
3729,CAT,0.8069942619159342,0.3950638502457192,0.4820976452299125,0.0
3730,CAT,0.8055745025165236,0.38348529474685517,0.4620679452251597,0.0
3731,CAT,0.8046200021094875,0.38456128353643787,0.44628183099673774,0.0
3732,CAT,0.8033705179083169,0.3822415900533309,0.4331406058780221,0.0
3733,CAT,0.802008316322396,0.3788876502929804,0.4218868656351339,0.0
3734,CAT,0.8005262026250383,0.37611141700152956,0.4122707070959964,0.0
3735,CAT,0.7989132648141027,0.37409189870828224,0.40413174402774815,0.0
3736,CAT,0.7982801253526671,0.39583961927926514,0.40242383357723144,0.09605187001051366
3737,CAT,0.7985343399071755,0.4282844072206257,0.4082233482646448,0.05072103881351392
3738,CAT,0.7990739444086407,0.46269117022177314,0.42046213014617284,0.06139788538858232
3739,CAT,0.7995715752797902,0.48899438903743087,0.4360625552389748,0.03742052651302436
3740,CAT,0.7996375254773097,0.5043997027946339,0.4519453543055871,0.03924457153381208
3741,CAT,0.7994720461780186,0.5186399448499176,0.4677967316844721,0.042082661922088545
3742,CAT,0.7995943588737174,0.5249561800814396,0.48187285427330767,0.06424414643857418
3743,CAT,0.801022514170208,0.5309912611465646,0.49446667656541765,0.0
3744,CAT,0.8034267528827764,0.5315880707438596,0.5046735473704643,0.0
3745,CAT,0.8057218733304629,0.5324166312449744,0.5130220421132209,0.0
3746,CAT,0.8081536909503989,0.5316675905119725,0.5195354027583716,0.0
3747,CAT,0.8104823841544998,0.5282412970660962,0.523989350897168,0.0
3748,CAT,0.8123194377017103,0.5207567954095731,0.5258994622605778,0.0
3749,CAT,0.814477855707571,0.5155772467440385,0.5262835823149573,0.0
3750,CAT,0.8166362737134317,0.5103628920827362,0.5254392219763595,0.0
3751,CAT,0.818365406360349,0.5060305595515628,0.5238068831011409,0.0
3752,CAT,0.8206437364776463,0.5095375465724619,0.5232755745781033,0.0
3753,CAT,0.8222553587684059,0.49540022016477525,0.519728119860553,0.12182544949128797
3754,CAT,0.8238669795953947,0.48284765548437447,0.514117762920929,0.051218345034677835
3755,CAT,0.8252065142792041,0.46628050959181583,0.50597041300946,0.051694230872425716
3756,CAT,0.8255998295177666,0.45585562198669577,0.4971500643908749,0.039937752807450405
3757,CAT,0.8247820280395056,0.4371638092007405,0.4859654614969226,0.054768828793058555
3758,CAT,0.8235373397372844,0.4225064724967363,0.47378052041126506,0.05956898213650437
3759,CAT,0.821956898986811,0.4038282124608833,0.45990723684046025,0.09743293266911006
3760,CAT,0.8206186786521606,0.39001136018192595,0.44575698286192056,0.0
3761,CAT,0.8190454320428652,0.3777610996996233,0.4317311542310251,0.0
3762,CAT,0.8177240011603412,0.37017732123863983,0.4188355176368793,0.0
3763,CAT,0.816215506798467,0.36318652895489056,0.4069750031926633,0.0
3764,CAT,0.8147909509145991,0.35723991703523045,0.3961732069494436,0.0
3765,CAT,0.8136182104647479,0.36017792929371617,0.3881806672370739,0.0
3766,CAT,0.8121912563386514,0.35774524433827765,0.38124934613099914,0.0
3767,CAT,0.8109201879574223,0.35823137634256536,0.3758116576669023,0.0
3768,CAT,0.8099345104014125,0.3616986828533918,0.3722273055286809,0.0
3769,CAT,0.8079679488463086,0.34646533086440756,0.3659953447639441,0.06750666957866105
3770,CAT,0.8054018290760548,0.3228032422646224,0.35578370368109136,0.1067611784037486
3771,CAT,0.8033945020871295,0.3178032413641114,0.34651007718031074,0.045342976775225315
3772,CAT,0.8011473523391014,0.3179329685046603,0.33911982786454054,0.03998589346296272
3773,CAT,0.7996004831740263,0.3179307894154071,0.3332071471324164,0.029267751921927338
3774,CAT,0.7984421280789892,0.3265739406730673,0.3303859521586843,0.03369934217340043
3775,CAT,0.7973653196603209,0.3300938941025118,0.32890642255266944,0.05931392499376711
3776,CAT,0.7962261546016721,0.335658898222995,0.3289519006317515,0.0
3777,CAT,0.7954826995107643,0.33911326956319426,0.32975122483153024,0.0
3778,CAT,0.7948663518434881,0.3455739204911759,0.3318176009158634,0.0
3779,CAT,0.794588157208726,0.35136674787898275,0.3347501212062338,0.0
3780,CAT,0.7942739874767616,0.35657033656849985,0.33824541601917363,0.0
3781,CAT,0.7939022599313083,0.3584034102884074,0.34144650945699667,0.0
3782,CAT,0.7934705763301358,0.3608243763101921,0.34454208526825714,0.0
3783,CAT,0.7933794431254441,0.36887755057727684,0.3487971916257542,0.0
3784,CAT,0.7934010273055027,0.37700230484740277,0.35399573177205634,0.0
3785,CAT,0.7908349081207572,0.3367979978282356,0.3492749326069739,0.0
3786,CAT,0.7897281178684253,0.33125106674356325,0.3442731831702676,0.11294129026231578
3787,CAT,0.7890853907076495,0.33927276562630554,0.34204347759142717,0.04374483950943347
3788,CAT,0.7883719121808302,0.34738521914464127,0.34205145141156545,0.03600170214758114
3789,CAT,0.7885230026122575,0.35397661941793607,0.34351362484393144,0.04481100044894473
3790,CAT,0.7888719509550969,0.35145252196427657,0.3441258846436517,0.036484875332264376
3791,CAT,0.7888923339647619,0.35583806575721144,0.3455842954700259,0.04141377180490138
3792,CAT,0.7890098454919362,0.36491237625331363,0.3487552007310722,0.07056095125935292
3793,CAT,0.7891921113158115,0.37273251221132825,0.35301910118125435,0.0
3794,CAT,0.7887916069128923,0.37473166513504425,0.3568717598280995,0.0
3795,CAT,0.7886021469478389,0.3768967040505399,0.36043206305817527,0.0
3796,CAT,0.7884078893273115,0.3807667911136827,0.36413506347039704,0.0
3797,CAT,0.7884486594452002,0.38727843039942667,0.3685356419503919,0.0
3798,CAT,0.7882352158868425,0.39028630320354946,0.372720431604427,0.0
3799,CAT,0.7882136317067839,0.39686380296870954,0.3775209876003316,0.0
3800,CAT,0.7876788236897764,0.39146532832238734,0.38016911078030946,0.0
3801,CAT,0.7871296262193962,0.3842943246966455,0.38070380219415,0.0
3802,CAT,0.7872975031754076,0.3943134558920226,0.3833444075636596,0.0
3803,CAT,0.7858717452428833,0.37471802852569014,0.3811289931158385,0.0786130279655251
3804,CAT,0.7845071483422755,0.3623891402769755,0.37663367016974575,0.030759449756724067
3805,CAT,0.7857758205305551,0.3612179481946579,0.3727787391824351,0.04171255302925075
3806,CAT,0.7863118314744814,0.3707016192285814,0.3717893834609184,0.03379672762790011
3807,CAT,0.7865156835276949,0.3831258708712937,0.3737419524869922,0.03066118098744434
3808,CAT,0.7867806919287573,0.3954626951953874,0.3780287518786205,0.02701905332063421
3809,CAT,0.7868766201541358,0.4012913543088255,0.38274552470603423,0.05924966384351902
3810,CAT,0.787412623779208,0.4068040109719473,0.38773648313176234,0.0
3811,CAT,0.787677629838237,0.4112063212920374,0.39270155595918405,0.0
3812,CAT,0.7876992131400332,0.4145885487813669,0.39742062207287204,0.0
3813,CAT,0.7878982672450184,0.4210824131281152,0.40263012729324993,0.0
3814,CAT,0.788315561392818,0.4260407667826235,0.40789284678138726,0.0
3815,CAT,0.7885290049511752,0.4256902040031251,0.4120255961344122,0.0
3816,CAT,0.7884234822931112,0.42038435212930547,0.41415993091451,0.0
3817,CAT,0.788305968423903,0.4190054218375939,0.4155628444890071,0.0
3818,CAT,0.7883395438151054,0.41861917761021966,0.4165998684106616,0.0
3819,CAT,0.7872843172344622,0.39951808719399035,0.4132107693916999,0.0
3820,CAT,0.7864473280618466,0.3785200542526739,0.40586180819683865,0.06861743791456447
3821,CAT,0.7861427477857471,0.3703729691607596,0.3981832521353393,0.040413417816503275
3822,CAT,0.7847349763771841,0.3567895645288335,0.38904034003886956,0.03560708126959716
3823,CAT,0.7841006439424719,0.3352523803689046,0.3769692499950942,0.03796531090361556
3824,CAT,0.783218085239968,0.316677550724495,0.36320989117197944,0.05588379287416717
3825,CAT,0.7816724163670238,0.2973109555984341,0.34792504587354534,0.0509244220416187
3826,CAT,0.7803222048212298,0.29734163767996974,0.33570394616177257,0.06299293105264402
3827,CAT,0.7788376896613475,0.3003961015925016,0.3266016834997927,0.0
3828,CAT,0.7772476538926801,0.30413509545988404,0.320145677602891,0.0
3829,CAT,0.7756816049376126,0.3047683474317874,0.31512073461750933,0.0
3830,CAT,0.7742114824513985,0.30931013019526815,0.31210389057467003,0.0
3831,CAT,0.7732977521622507,0.3256610371160935,0.3133017205798109,0.0
3832,CAT,0.772132206439086,0.3341303852115296,0.3161305475624518,0.0
3833,CAT,0.7707484206731064,0.3409774890673468,0.3199058789051625,0.0
3834,CAT,0.7696812028813197,0.353724456306431,0.3257414734164091,0.0
3835,CAT,0.7689689249393855,0.3676990601607817,0.3334964175841413,0.0
3836,CAT,0.7687314989587409,0.3841759707088954,0.34333950765744947,0.0
3837,CAT,0.7684281219023145,0.39890116261359604,0.3544662251685527,0.08372719971327602
3838,CAT,0.7674736238373115,0.39778834623265136,0.3631218195612667,0.049759329846742674
3839,CAT,0.7671990277369093,0.39252821300167046,0.36888452791542464,0.0364749380409889
3840,CAT,0.7665754906125218,0.375180080370647,0.3696631394093173,0.03616356958102392
3841,CAT,0.7654818927417276,0.3601320673652161,0.36696248401620774,0.055350270747021514
3842,CAT,0.7645993413580784,0.3456580042440573,0.36160517922721,0.0554143110685746
3843,CAT,0.7644602465291076,0.33904750670562767,0.35585932314646207,0.07489051865373111
3844,CAT,0.7644338684993791,0.33447375070561486,0.3502524662414613,0.0
3845,CAT,0.7645477847124899,0.3287983399977302,0.34451349425799727,0.0
3846,CAT,0.7642126291900074,0.3298358282085676,0.3401514591053288,0.0
3847,CAT,0.7636778211729999,0.32914696239637314,0.3365096862288464,0.0
3848,CAT,0.7628648170574591,0.32382639723073653,0.3324211536081712,0.0
3849,CAT,0.7623779738850262,0.32393625331019205,0.3291745906205363,0.0
3850,CAT,0.761449854142506,0.31865094892703544,0.32541001370210754,0.0
3851,CAT,0.7604689730709536,0.32609629257698763,0.3240427507724385,0.0
3852,CAT,0.7596967390733013,0.3319327166153669,0.3242379887250021,0.0
3853,CAT,0.7586774861260891,0.33159282695982983,0.3243191101444061,0.0
3854,CAT,0.7563967595230884,0.3125199983157896,0.3201715310945925,0.09543178303492383
3855,CAT,0.7541783854615091,0.30333389207291883,0.31482459974575455,0.059819181047951406
3856,CAT,0.7520799258534002,0.30489811667016403,0.3108925335144938,0.03224121030024532
3857,CAT,0.7499207905998025,0.30757822420126435,0.3083388162805795,0.0339086877762705
3858,CAT,0.7480045900822229,0.30313316206251156,0.3053140941250596,0.03597078613027965
3859,CAT,0.7468882086175012,0.3130135252864862,0.30507651997203045,0.06211844942040196
3860,CAT,0.7458185873139108,0.30940848898238466,0.30409024264431145,0.07947028495955633
3861,CAT,0.7448760810455598,0.3085271552166635,0.3031065670383879,0.0
3862,CAT,0.7442141676542003,0.3115894998634882,0.30299598422123997,0.0
3863,CAT,0.7433627887354578,0.31515711571050853,0.30369547119011286,0.0
3864,CAT,0.7424082883284217,0.3166803127684982,0.30459147816045484,0.0
3865,CAT,0.7410916533448467,0.3084356554791416,0.3034873465734026,0.0
3866,CAT,0.740321218028866,0.31907799877503146,0.304954537841364,0.0
3867,CAT,0.7397816135274006,0.3308486586404963,0.30872799042281673,0.0
3868,CAT,0.739599347118017,0.3427192888628635,0.31436853177672053,0.0
3869,CAT,0.7395154086400112,0.3581324105230799,0.3222851483266546,0.0
3870,CAT,0.7397552328628846,0.37119610356095467,0.3315037239146816,0.0
3871,CAT,0.7386328537433121,0.3640229794979504,0.3372943089294898,0.08424747211872104
3872,CAT,0.7370164367246202,0.3476755632767713,0.3383162426672278,0.08650257475216948
3873,CAT,0.7351307728098718,0.324163210227553,0.3339407881824108,0.059506045958426346
3874,CAT,0.7345312122526882,0.3138293095933893,0.3281580515320458,0.06682055482326306
3875,CAT,0.7341786703523102,0.31662422072026425,0.32414915379350207,0.03859069776788563
3876,CAT,0.7331174437747826,0.3126510182502634,0.32006450342866366,0.03873379476225251
3877,CAT,0.7324022819114381,0.3181181869722922,0.3180042767116886,0.07739184528211639
3878,CAT,0.7319777956717398,0.3217958525018144,0.3171683544292942,0.0
3879,CAT,0.7310208940949331,0.32672909146003126,0.3175891850159045,0.0
3880,CAT,0.7306875404744181,0.3320898996408612,0.3191098519851555,0.0
3881,CAT,0.7303158608938091,0.3371756907717292,0.32144964705586015,0.0
3882,CAT,0.7298194727173056,0.3419870551244122,0.32438413397207966,0.0
3883,CAT,0.7293206862985734,0.3465285823790587,0.32773477741815343,0.0
3884,CAT,0.7292847126651424,0.35810481808378064,0.332972050699513,0.0
3885,CAT,0.7295653070059042,0.3638633813458182,0.3384337210806153,0.0
3886,CAT,0.7292007741871368,0.3713973276739337,0.3444670250161564,0.0
3887,CAT,0.7287211257413898,0.37773677217372387,0.3506938149116726,0.0
3888,CAT,0.7283493952683945,0.3870674312562374,0.3577360412656672,0.07897938277054772
3889,CAT,0.7282630579626513,0.4059342865006394,0.36753680669568,0.05754928289193725
3890,CAT,0.7279968565883123,0.4174098090837831,0.3779119337935306,0.027266381459046102
3891,CAT,0.7275256028686284,0.4041913442472931,0.38329256980839854,0.04145528759956338
3892,CAT,0.7275112140007644,0.39217331603685773,0.38494274461583017,0.03203318966954531
3893,CAT,0.7281569858049947,0.3853071423260347,0.38474640288575784,0.054453043759193374
3894,CAT,0.7285454998750328,0.38195568577289835,0.38384911780160225,0.07444002811590944
3895,CAT,0.7284327827830365,0.37899644557,0.3824777039912267,0.0
3896,CAT,0.7285922679405267,0.3754783718892612,0.3806035617363057,0.0
3897,CAT,0.7284963414716731,0.3752619872219854,0.37905645663330245,0.0
3898,CAT,0.7283764293602365,0.3733355248739634,0.3773932889000767,0.0
3899,CAT,0.7275106639156633,0.35774311628991917,0.37261897345492256,0.0
3900,CAT,0.7272972203573062,0.3602670435373857,0.3693569624527748,0.0
3901,CAT,0.7266448505062456,0.353659511082268,0.36528799627777453,0.0
3902,CAT,0.7260836138598775,0.35102129681474725,0.3614501402454466,0.0
3903,CAT,0.7257310242874088,0.3539726345821825,0.3590316958095041,0.0
3904,CAT,0.7249611885319854,0.3555205041144563,0.3574388068849621,0.0
3905,CAT,0.7246194419419326,0.36237522109748715,0.3576784469576603,0.13062260221442598
3906,CAT,0.7240102863665548,0.36521069226917324,0.35849640879805394,0.05034298008765574
3907,CAT,0.7225209799917903,0.34959241302702093,0.35570128314872806,0.0996277490688206
3908,CAT,0.7210526567727559,0.3424778627647044,0.3518938439406688,0.03773697403297458
3909,CAT,0.718846270994779,0.33358323730838313,0.3468834016949961,0.042151560474931855
3910,CAT,0.7168029639318304,0.3275322645738783,0.3415386138006143,0.04759189620521345
3911,CAT,0.7160870921396035,0.3292773643139624,0.33764821090299935,0.10051481793667826
3912,CAT,0.7155067186912666,0.3326611627497136,0.3352832434001061,0.0
3913,CAT,0.7148040345965098,0.3359905354926027,0.33412660360821617,0.0
3914,CAT,0.7140365964978067,0.33983923294032553,0.3340513254349272,0.0
3915,CAT,0.7131276626931163,0.34005156567202666,0.3340379992739834,0.0
3916,CAT,0.7126480142473696,0.3484107788892317,0.3358735766386046,0.0
3917,CAT,0.7122331183417986,0.35915821532372144,0.339715746220894,0.0
3918,CAT,0.7118278154051426,0.36620512923366605,0.3443458822287921,0.0
3919,CAT,0.712302667366432,0.3760715723549678,0.3502291201752159,0.0
3920,CAT,0.711911753883148,0.38028580519670435,0.355866477321938,0.0
3921,CAT,0.7119597187277228,0.38392304138069505,0.36117969279660855,0.0
3922,CAT,0.7121635660968691,0.3922159034721593,0.3672618489817965,0.06489802020450063
3923,CAT,0.7117108964124249,0.3895766677176416,0.3715446652292561,0.04392083997935693
3924,CAT,0.711897960770037,0.39967421884915044,0.3772010905034789,0.0353458409233996
3925,CAT,0.7122516956436916,0.4161985397159569,0.38537583663236324,0.031022898389871736
3926,CAT,0.7133093213448259,0.4406694178571801,0.39732033743797207,0.05860705234103812
3927,CAT,0.7151463757702988,0.45738952198163546,0.4105687852083431,0.04844009922274924
3928,CAT,0.7159959557146153,0.45379856585266826,0.42037443520465967,0.07441463281598322
3929,CAT,0.7170152121748777,0.4499329519355658,0.4273651853246061,0.0
3930,CAT,0.7182455116092351,0.4508954380330975,0.43317036268638154,0.0
3931,CAT,0.7193271162196063,0.45362996344673784,0.43841845920666134,0.0
3932,CAT,0.7200250047081681,0.4483731177315107,0.44145589535243535,0.0
3933,CAT,0.7207324861656449,0.4438140694331521,0.4428789206111608,0.0
3934,CAT,0.7217541373550859,0.44680261186905196,0.44467739833111164,0.0
3935,CAT,0.7230084180407136,0.4499713302795586,0.44681603216994925,0.0
3936,CAT,0.7236223680512693,0.4460462116089323,0.44766002698415275,0.0
3937,CAT,0.7241499813415909,0.444256794528482,0.4479400073707456,0.0
3938,CAT,0.7248310821345515,0.4437111095269161,0.4480434702242519,0.0
3939,CAT,0.7265026540404372,0.46739243121468993,0.4533565608496151,0.1081126500172136
3940,CAT,0.7285123792715914,0.4884385306981132,0.4622553314352479,0.050265690044402025
3941,CAT,0.7304645490312894,0.5028308509410159,0.4725530744265194,0.03813380319790866
3942,CAT,0.7322764265974274,0.5152705409341584,0.4835387321783846,0.02513737201044873
3943,CAT,0.7345421682850576,0.5239388862311053,0.4942417724150603,0.031225619131891483
3944,CAT,0.7359571297362396,0.523629615497602,0.5027358982391512,0.029554608396746132
3945,CAT,0.7370003665695101,0.5228391023239527,0.5093566040346865,0.06271093280911545
3946,CAT,0.7377462210736628,0.5263299000988721,0.5154241556478824,0.0
3947,CAT,0.7382978138587301,0.521586970516471,0.5192306607660403,0.0
3948,CAT,0.7397991132011635,0.5202456543742549,0.521979618173117,0.0
3949,CAT,0.7413028110785799,0.517435345523438,0.5235580917343446,0.0
3950,CAT,0.7424731532862018,0.5115064511480022,0.5235113990399065,0.0
3951,CAT,0.743674672642798,0.5088009228276521,0.5228764946294393,0.0
3952,CAT,0.7449913076263729,0.5010528278168311,0.5206573060169003,0.0
3953,CAT,0.7466436965219706,0.5009405281288828,0.5188571523160259,0.0
3954,CAT,0.7479387473254869,0.4993131253461706,0.5170575968037071,0.0
3955,CAT,0.7488045127700599,0.4893183320370198,0.5134104754863658,0.0
3956,CAT,0.7505840111385683,0.4936786394605772,0.5114558076467368,0.11902423749507827
3957,CAT,0.751672813695922,0.4834400109862909,0.5076307423777607,0.07788164332764994
3958,CAT,0.7524426459382957,0.46917898100431277,0.5014209607596352,0.06392615311775889
3959,CAT,0.7520889110646408,0.45840323703205743,0.49407317569568565,0.0650431046571226
3960,CAT,0.7518418924078353,0.45478004194225863,0.48739471904102644,0.06615696459475616
3961,CAT,0.751786730201787,0.4542274620333454,0.48192990943376696,0.0631570067730369
3962,CAT,0.7515960667243068,0.45268749282228293,0.47721794000991924,0.1211128352924887
3963,CAT,0.7514018082255168,0.4510413711857004,0.47308479762285605,0.0
3964,CAT,0.7520541301117324,0.46112900318341926,0.47200626522291783,0.0
3965,CAT,0.7524378503321006,0.4635973631814314,0.47168860792491224,0.0
3966,CAT,0.7525625589279948,0.4649173308071216,0.4717260136832315,0.0
3967,CAT,0.7534618997637702,0.47532097656818206,0.47405371544853836,0.0
3968,CAT,0.7543996124752052,0.4871737598536456,0.478533714427084,0.0
3969,CAT,0.7549080398276967,0.48612897606300903,0.4818869598544592,0.0
3970,CAT,0.7514593675027771,0.3994528161107733,0.4654260265999072,0.0
3971,CAT,0.7475070643098235,0.32426234411009996,0.43565051030423846,0.0
3972,CAT,0.7419695230036761,0.22878215073474745,0.3907420851919114,0.0
3973,CAT,0.7357676721132197,0.14918888502496758,0.3372361625605862,0.502611188904153
3974,CAT,0.7299615282629627,0.09754730276948909,0.28302572583135815,0.15576880737267515
3975,CAT,0.7246518202612996,0.06329453695219323,0.23209221854821308,0.1422646910153858
3976,CAT,0.7184859342216489,0.035656918698759366,0.18524129408859635,0.09374001440244749
3977,CAT,0.7127613311926774,0.014767026807059824,0.14314675686401773,0.08846375439255878
3978,CAT,0.7077382184069231,0.012124829074799393,0.10888756419330059,0.1005344716905342
3979,CAT,0.7019644473137038,1.2989201636448566e-05,0.07880515655635084,0.22974067865516207
3980,CAT,0.6961726937950817,0.00019196517646519196,0.05477875956152195,0.0
3981,CAT,0.6900068150742856,0.0,0.035515244020950965,0.0
3982,CAT,0.6837498019777805,0.0020192135805115474,0.020550400525758794,0.0
3983,CAT,0.6773728758915764,0.005797813479654301,0.009413077456888075,0.0
3984,CAT,0.6706026380798601,0.017010848435930925,0.0029797600330256357,0.0
3985,CAT,0.6638995510505482,0.02682189408742669,0.0,0.0
3986,CAT,0.6571892692945503,0.03872219945985883,0.00024452539570513077,0.0
3987,CAT,0.6500161267884063,0.05262369611915768,0.0035104676194571693,0.0
3988,CAT,0.6426079565438464,0.06713477942625834,0.009328178250713692,0.0
3989,CAT,0.6356530540805173,0.08240802125428992,0.017355635986919415,0.0
3990,CAT,0.634727570296619,0.1388030216077445,0.03623315349418438,0.1534386229829231
3991,CAT,0.6334157288699592,0.17062193194994985,0.058362777539464394,0.08455994472216107
3992,CAT,0.6341375971460209,0.2031253546434775,0.08324527005243743,0.06366115868374614
3993,CAT,0.6354428343311714,0.23625708939757248,0.11046882802961294,0.053544333679224676
3994,CAT,0.6364596866941216,0.2659290913403352,0.13880111249271598,0.05902000200070798
3995,CAT,0.6372702937384506,0.28916540506994326,0.16659897475232546,0.058481179984882066
3996,CAT,0.6380809007827791,0.3039950614687269,0.1921125823213418,0.11755418087239258
3997,CAT,0.6390833642778649,0.3173185885445678,0.2154661383684655,0.0
3998,CAT,0.6396793014400038,0.3295596957198021,0.236852587030233,0.0
3999,CAT,0.6410678836904412,0.3420140681381184,0.25671245211837235,0.0
4000,CAT,0.6420295788241633,0.34864400061959305,0.2740646488921785,0.0
4001,CAT,0.6433198331432225,0.3563841840883168,0.28965592403094176,0.0
4002,CAT,0.6451113200880868,0.37100507455033177,0.30535815329750693,0.0
4003,CAT,0.6469531701197545,0.3815016541428269,0.3202382394851456,0.0
4004,CAT,0.648454469754942,0.3865976329912759,0.33326782001724103,0.0
4005,CAT,0.6502555496687218,0.3936533344294599,0.34524982562208406,0.0
4006,CAT,0.6521213821226767,0.40056427090661684,0.35636179810683155,0.0
4007,CAT,0.6548170031674779,0.42373042690270096,0.37036791555820814,0.07755923343293443
4008,CAT,0.6575857770408474,0.4427959090283712,0.3857836631328581,0.04599088816638647
4009,CAT,0.6604756559989303,0.4598808560450568,0.40188968850001733,0.03791739107679826
4010,CAT,0.661724903947479,0.47919400830806885,0.4190400634993465,0.04648598610060028
4011,CAT,0.6635835416747479,0.4907840556851909,0.4353201725063903,0.034579123694322735
4012,CAT,0.6652287396494639,0.499340848379907,0.45023413593972483,0.0539773787501405
4013,CAT,0.6666263188213087,0.5051735931872793,0.46345354237784453,0.07634732555471616
4014,CAT,0.6679213713813502,0.508255715014124,0.4747097932370541,0.0
4015,CAT,0.6690989068518879,0.505448255255917,0.4830947308182377,0.0
4016,CAT,0.6705042782616971,0.5021578126216122,0.4890759448811518,0.0
4017,CAT,0.6718856657854481,0.49852646252181276,0.4930588863905613,0.0
4018,CAT,0.6734181665520312,0.4985688012504064,0.4962545906434554,0.0
4019,CAT,0.6748571118892716,0.4975895050545433,0.49859486405646414,0.0
4020,CAT,0.6761545609350169,0.4889719988975666,0.4985637972207524,0.0
4021,CAT,0.6776894359614066,0.4881162407324555,0.4983499387043101,0.0
4022,CAT,0.6788477869578854,0.4866524094490923,0.4978555461804197,0.0
4023,CAT,0.6795936402910215,0.47463040674471335,0.49480482033943235,0.0
4024,CAT,0.6790852141095466,0.43487638179867866,0.48358405889315315,0.1444009878109185
4025,CAT,0.6776726526571183,0.387395955374521,0.46412079517040006,0.10505351010523149
4026,CAT,0.6755729948061576,0.3373276742601073,0.43749196908569715,0.08213546647963949
4027,CAT,0.672557209594837,0.29747560749825885,0.40738707366555454,0.06594231910320583
4028,CAT,0.6693699436235702,0.26503205650335027,0.3761375874769309,0.048349117800404864
4029,CAT,0.6658325363361873,0.23648789062297343,0.3448336573480408,0.09574580143922894
4030,CAT,0.6620457098077369,0.21739828575150896,0.3155743318169231,0.1600418426211306
4031,CAT,0.6583811986097728,0.20443384049586846,0.2893035091758244,0.0
4032,CAT,0.654692700890963,0.1965160248110303,0.26653810101465675,0.0
4033,CAT,0.6509754245581626,0.19229240666683559,0.24739293483301925,0.0
4034,CAT,0.6472749367992258,0.19141117356021506,0.23188217037580033,0.0
4035,CAT,0.6438070785364761,0.1939585373813239,0.22003617642863224,0.0
4036,CAT,0.6402792642180081,0.1971634024564495,0.21126721638325285,0.0
4037,CAT,0.6367514498995402,0.20209668842717424,0.20534162714278403,0.0
4038,CAT,0.6328039431910436,0.2034786783442763,0.2009063857570754,0.0
4039,CAT,0.6290554905875322,0.21106117693417734,0.19903288366217153,0.0
4040,CAT,0.625640393653815,0.21936583813748256,0.19936827177524682,0.0
4041,CAT,0.6214003248137471,0.21764376343149783,0.1992562402187187,0.1307124794932953
4042,CAT,0.6170595093072803,0.2164833981667722,0.1989103335830861,0.09405867020934781
4043,CAT,0.6132726871701423,0.21932620978833572,0.19926147928829968,0.04087737890472059
4044,CAT,0.6108528616396122,0.22262343154571124,0.20027062910984106,0.04887866501104033
4045,CAT,0.6095578049810123,0.23473769532276753,0.20375353781737746,0.047074273744108566
4046,CAT,0.6093263681653475,0.2552716747411125,0.2110750546550465,0.11538895551781347
4047,CAT,0.6082147805502959,0.2533227952657624,0.21650183336737935,0.13932479859870942
4048,CAT,0.6072902570001019,0.25497806265293466,0.22120884314028164,0.0
4049,CAT,0.6067362659728063,0.26098796497852,0.22630181413557193,0.0
4050,CAT,0.6060983341254714,0.2669416536496964,0.23169113861000698,0.0
4051,CAT,0.6053141089166753,0.2699838837077701,0.23667451329502398,0.0
4052,CAT,0.6048944165266469,0.2814587296332206,0.24319557834844155,0.0
4053,CAT,0.6044723258943895,0.2914107919150886,0.2506104696091527,0.0
4054,CAT,0.6040718194421909,0.3009562375039197,0.25865061538024614,0.0
4055,CAT,0.6039399161196107,0.31602341133238243,0.26841050849620673,0.0
4056,CAT,0.6043668032363253,0.33929439537149764,0.2813581150558234,0.0
4057,CAT,0.6046186186703425,0.3546798359918464,0.2951142700614803,0.0
4058,CAT,0.6042828630017946,0.35026384886712847,0.30514386728334514,0.08184220597266538
4059,CAT,0.6040838056765138,0.35448053742549895,0.3140988542265946,0.050904547459067744
4060,CAT,0.6038032136777852,0.3568141373801021,0.32177824893783524,0.037221559858819794
4061,CAT,0.6042780389984445,0.36459448577600606,0.32964015336029107,0.03549467946383676
4062,CAT,0.6048775995556278,0.3718045412336718,0.3375221091209332,0.03632897027358688
4063,CAT,0.6057889286750052,0.38593427002138253,0.3469484035978033,0.05544809785891122
4064,CAT,0.6066355078889939,0.39482611377307075,0.35645331568376476,0.10471807131751036
4065,CAT,0.6070504064293528,0.4003626533934311,0.3652800603704431,0.0
4066,CAT,0.6072686496924634,0.4097563256929364,0.3744161678257964,0.0
4067,CAT,0.6080840532212496,0.40976681416203736,0.38172737030154846,0.0
4068,CAT,0.6090073764793124,0.4134239897280258,0.38838406590493063,0.0
4069,CAT,0.6098251770793105,0.4169970262565306,0.3944985728365064,0.0
4070,CAT,0.6107389073684585,0.4212633001709311,0.4003324391024992,0.0
4071,CAT,0.6118085234024738,0.4244743292753966,0.40570872863173213,0.0
4072,CAT,0.6123745085684552,0.4238224692668354,0.4098657887020004,0.0
4073,CAT,0.6130220339702134,0.42435091019639976,0.41330814964190377,0.0
4074,CAT,0.6144945546986561,0.44219553751813245,0.4200032507347919,0.0
4075,CAT,0.6152679892811938,0.44758263239455254,0.4265491398592888,0.08213944139614968
4076,CAT,0.6152092302973106,0.444422860549513,0.4310879754584989,0.04528246971279241
4077,CAT,0.6157200585268182,0.44977566546134695,0.4359012788143336,0.03628303790502467
4078,CAT,0.6169575523951077,0.45156326548717346,0.4401467356442045,0.025859702671828463
4079,CAT,0.6178712894176014,0.4527370678662626,0.44380235025569675,0.0329021505844121
4080,CAT,0.618812596564838,0.4521416176035406,0.4465953291998184,0.039734369579345626
4081,CAT,0.6194937037983904,0.45111680478954674,0.4486033694432202,0.06190623304449676
4082,CAT,0.6209446374192328,0.46648955032854394,0.4536050675261246,0.0
4083,CAT,0.6212779936745351,0.4626391835029925,0.45675602362895207,0.0
4084,CAT,0.6218655612640499,0.4618690616693686,0.45910669733362874,0.0
4085,CAT,0.6222924483807645,0.4557222161814874,0.45962962748559394,0.0
4086,CAT,0.6227265302241652,0.45548133784297656,0.4599947705700531,0.0
4087,CAT,0.6233236925391205,0.45082178220211777,0.45925776305798677,0.0
4088,CAT,0.624201449194837,0.456201326413884,0.45985629763843505,0.0
4089,CAT,0.6249568954968882,0.45808669923085754,0.4607515338093769,0.0
4090,CAT,0.6258394486370623,0.4632120625156571,0.46259972425368673,0.0
4091,CAT,0.626965423070699,0.4716923301547847,0.4659512513074246,0.05801037320711943
4092,CAT,0.6282292978962586,0.47750528128033987,0.46991633695611285,0.031193598971114945
4093,CAT,0.6295914991894253,0.48453662864148,0.47464136774733184,0.0628637462660628
4094,CAT,0.6301047253684079,0.4890930326007021,0.47942773200235334,0.032697000726747236
4095,CAT,0.6313074400403137,0.497907337265185,0.48520357441967876,0.03378590702184459
4096,CAT,0.6326947508593542,0.5007071787556546,0.4904426288686393,0.035775794392585276
4097,CAT,0.633845904201605,0.5051649853515172,0.4956184355712394,0.06123358883949442
4098,CAT,0.6347860160335314,0.5012209163126607,0.4988879832472036,0.0
4099,CAT,0.6359755406659332,0.5025373023072104,0.5017943619360208,0.0
4100,CAT,0.6372142333625826,0.5025109662079549,0.5041136482254247,0.0
4101,CAT,0.6383605899276218,0.49943324836773056,0.505289324224553,0.0
4102,CAT,0.639063274900641,0.503398471163105,0.5071056347854788,0.0
4103,CAT,0.6404974237534239,0.50543762066158,0.5090090552718958,0.0
4104,CAT,0.6418572270971165,0.5072442997587837,0.5109308196612046,0.0
4105,CAT,0.6433369425522449,0.5050988331974665,0.5119943776627891,0.0
4106,CAT,0.6450636769569339,0.5125794477875049,0.5144974127037353,0.0
4107,CAT,0.646838376206197,0.5143186499683263,0.5168839656035966,0.0
4108,CAT,0.648964416478199,0.5313116950054823,0.5225463375127742,0.07978496584994646
4109,CAT,0.6511528095843769,0.5427397749061881,0.5296002714756292,0.04203827535439141
4110,CAT,0.6532848466329674,0.553202146779435,0.5375541662115062,0.02995408750602034
4111,CAT,0.6550751335784551,0.557714389765852,0.5449138681111345,0.02520803719285213
4112,CAT,0.6566243960089378,0.5544139316829888,0.5500726815899231,0.03306865542045011
4113,CAT,0.6577887452457761,0.5454050267717983,0.5522100014262433,0.04281404655996371
4114,CAT,0.6587408477033375,0.5322762580195246,0.5510202021500713,0.06589550341986358
4115,CAT,0.6594339420494754,0.5213434169448327,0.5476537060715013,0.0
4116,CAT,0.6603645343937855,0.5133555081251049,0.5431962782022361,0.0
4117,CAT,0.6611367686841921,0.5059161979597568,0.5379872698733724,0.0
4118,CAT,0.6622135794448935,0.49899148001839183,0.5322906513981909,0.0
4119,CAT,0.6631009290695252,0.49404861550472434,0.526641662279478,0.0
4120,CAT,0.6638923490050074,0.48721535375808944,0.520613258433339,0.0
4121,CAT,0.6646837689404897,0.47897888348701667,0.5139714063999596,0.0
4122,CAT,0.6652113822308113,0.4736362948918403,0.5074779462999391,0.0
4123,CAT,0.6655519326272915,0.4648227710037218,0.5003365996509804,0.0
4124,CAT,0.6659260584149741,0.45928938267416164,0.4934014033164583,0.0
4125,CAT,0.6659728215036468,0.4451156432297424,0.4847227960685815,0.11792075650611021
4126,CAT,0.6657761638843654,0.4387817672295775,0.4763809933969872,0.03675031142366714
4127,CAT,0.6656946254051136,0.4329383529590925,0.4684169590819664,0.03471912908695947
4128,CAT,0.6647820959936054,0.4275956837389505,0.4608657353495861,0.024989858442181635
4129,CAT,0.6643660044799703,0.43305466202335763,0.45603044097651574,0.03459590667514354
4130,CAT,0.6637088884513304,0.43506611051437755,0.4526064593967932,0.038792093537735314
4131,CAT,0.6628982814070018,0.4311039594706277,0.4489921828067101,0.0833628323665085
4132,CAT,0.6622651463368784,0.4263063450126151,0.4450411475136724,0.0
4133,CAT,0.6619281909617077,0.4237583506127949,0.44131756238932657,0.0
4134,CAT,0.6619281883269202,0.42410174641646625,0.43841453760979515,0.0
4135,CAT,0.661892214693489,0.42420694855388086,0.43611535301293036,0.0
4136,CAT,0.6613526101920236,0.4154756665676826,0.43234759093394837,0.0
4137,CAT,0.6610456351867459,0.41341863350398317,0.42887905942081567,0.0
4138,CAT,0.6607386601814681,0.41176490263035237,0.4257389867657831,0.0
4139,CAT,0.6604268886917325,0.4118457793280625,0.4232447912865388,0.0
4140,CAT,0.6602446222823487,0.4125848653119302,0.42141267141955446,0.0
4141,CAT,0.6603621361515567,0.41738067233053067,0.42100619035101283,0.0
4142,CAT,0.6612159109704946,0.4382981767235183,0.4253009017242974,0.08321973537214161
4143,CAT,0.6627951528926076,0.4655841568496229,0.4347631257143293,0.06618125575120733
4144,CAT,0.6642209096541148,0.48512572117267655,0.4466489073133085,0.03738298563487256
4145,CAT,0.6663301669145826,0.5045510020223412,0.46044785231904495,0.04167457049370892
4146,CAT,0.668215189112172,0.5191895517813043,0.4747201177589653,0.04936227985311358
4147,CAT,0.6701649612151496,0.5302109341071256,0.4885721422271794,0.08357814034414385
4148,CAT,0.6720571705278163,0.5357729864525748,0.5008822116286789,0.13686520859368115
4149,CAT,0.6735800537575544,0.5408440146143354,0.5118502680561554,0.0
4150,CAT,0.6751892722437557,0.5431228368364122,0.5211280199975774,0.0
4151,CAT,0.6770023457107123,0.5423881871890528,0.5283879648555061,0.0
4152,CAT,0.6789209394936994,0.5410506575536913,0.5339005103524781,0.0
4153,CAT,0.6807244176497077,0.5375062983802172,0.5375277300588773,0.0
4154,CAT,0.682882835655568,0.5431716526083832,0.5416807711823264,0.0
4155,CAT,0.6849884923323967,0.544989727891509,0.5454047490735066,0.0
4156,CAT,0.6873027960831252,0.5405733278854381,0.5474085134137051,0.0
4157,CAT,0.6893964615488103,0.5358719952547812,0.5479731759280035,0.0
4158,CAT,0.6916292250637616,0.5336505926535765,0.5479342809917607,0.0
4159,CAT,0.6942505020632429,0.53999641604505,0.5493047206490078,0.09625834484034858
4160,CAT,0.6967158982946776,0.5409341347881659,0.5506081794561747,0.05947800071416
4161,CAT,0.6990302055584562,0.541273387822137,0.5517258748386052,0.04756937167832237
4162,CAT,0.700562678536813,0.5409897680007887,0.5525573901086857,0.03903478427355199
4163,CAT,0.7015879256258261,0.5399215855418884,0.5529866806765409,0.03113463770954711
4164,CAT,0.7026311624590961,0.5367762031393915,0.5526354155213838,0.04432318986166628
4165,CAT,0.7033074685241242,0.5301893867919846,0.550899621439192,0.07521756595104183
4166,CAT,0.7039669830877467,0.523805887627121,0.5481011093946468,0.0
4167,CAT,0.7045785319285321,0.5173045317669396,0.5444263928337958,0.0
4168,CAT,0.7052548397500856,0.5106349506937983,0.540013557987324,0.0
4169,CAT,0.7057824530404072,0.5033096683751418,0.5348654085733221,0.0
4170,CAT,0.7063724206286756,0.497603822923813,0.5294866806834383,0.0
4171,CAT,0.7070079548192901,0.49208196823745803,0.5239641267076067,0.0
4172,CAT,0.7078377466304323,0.4916164451645967,0.519443266850152,0.0
4173,CAT,0.7086771314104888,0.48951860402591535,0.5153632441331444,0.0
4174,CAT,0.709274293725444,0.491814917068294,0.5126063958285508,0.0
4175,CAT,0.7100489259653252,0.49527812161489704,0.5111658098470914,0.0
4176,CAT,0.7113080016716394,0.5028155667624818,0.5116780814512527,0.09082021739701708
4177,CAT,0.7122601070567428,0.5015111546526971,0.5117998027709005,0.052417886505975515
4178,CAT,0.7130366591785254,0.4986832576019413,0.5112726028850849,0.03861543058172682
4179,CAT,0.7131925434596224,0.49201433326295746,0.5093779264267123,0.034779194492002355
4180,CAT,0.713664997471437,0.4899011356648296,0.5073954587600724,0.041218780067207
4181,CAT,0.7140427162311501,0.4864568491486737,0.5050487702515847,0.04486289519227223
4182,CAT,0.7143760754139944,0.4829089150072587,0.5023878131765904,0.07135836367703627
4183,CAT,0.7145223702392266,0.4760456822137724,0.4987432154794829,0.0
4184,CAT,0.7148880989588123,0.4736621334736819,0.49530110034217467,0.0
4185,CAT,0.7153029925223499,0.46941630427348946,0.4916096629861133,0.0
4186,CAT,0.7157562603035806,0.46635940805865034,0.48798135878900223,0.0
4187,CAT,0.7162191210537264,0.4633189949491753,0.4844072016219943,0.0
4188,CAT,0.7170105409892086,0.46682514231086325,0.48232225301613546,0.0
4189,CAT,0.7178475275270367,0.4689214073966513,0.48111728087121525,0.0
4190,CAT,0.7185166371088537,0.4674895448532809,0.4798370581463612,0.0
4191,CAT,0.7189962855546005,0.46171004397489973,0.4775364038722557,0.0
4192,CAT,0.7192552957153037,0.4567894894119481,0.47460911355006824,0.0
4193,CAT,0.7202661539364529,0.46727069215852024,0.47458218789519485,0.07075991791355749
4194,CAT,0.7209016869560504,0.47185211934380344,0.4755725136902908,0.03810399132408223
4195,CAT,0.7212302426283369,0.47093408973993567,0.47616201584119994,0.026989241446807775
4196,CAT,0.7210215967254537,0.4641181934458332,0.4751282403912681,0.030062293566575544
4197,CAT,0.7212554194876718,0.46123271276123945,0.4736639250136851,0.027564058539920416
4198,CAT,0.7216204327160461,0.4603598165655896,0.47229968251226906,0.02963565252781503
4199,CAT,0.7221240650478512,0.4585488914654847,0.4708083227273507,0.06398666018019179
4200,CAT,0.7225581433782017,0.4591733110127949,0.4697531458785263,0.0
4201,CAT,0.7229838322520644,0.4580491743960393,0.46866072456559815,0.0
4202,CAT,0.7233339753247056,0.4550679741366211,0.4671283516151122,0.0
4203,CAT,0.7238424026771969,0.45226553657535284,0.46528349936445057,0.0
4204,CAT,0.7241685636203049,0.4495351072883099,0.4632045676145889,0.0
4205,CAT,0.7245738665569613,0.44694220303417564,0.4609687464136818,0.0
4206,CAT,0.7253101269211825,0.4523353846997499,0.46037124204775104,0.0
4207,CAT,0.7257945718513868,0.45082603039764163,0.4595598785080239,0.0
4208,CAT,0.726271822054905,0.4555241183526485,0.4599484200063197,0.0
4209,CAT,0.7270992156238184,0.4659819010504876,0.4625689871929372,0.0
4210,CAT,0.727346234280624,0.4590364432952246,0.46313144847911275,0.060280271363133575
4211,CAT,0.7281988105639555,0.4616565896133288,0.464160110064522,0.04116158543519925
4212,CAT,0.7290693713219693,0.46369245774379697,0.4654326866387703,0.051654702536018816
4213,CAT,0.7289002984651393,0.4578736164786151,0.4651655829804055,0.04629761922375622
4214,CAT,0.7289002984651393,0.45331583244989565,0.46394525562580974,0.027310326369353218
4215,CAT,0.7290897616504889,0.4493981255899669,0.46210371847769366,0.03315676606975934
4216,CAT,0.7297600735737159,0.45050095757107333,0.4608740631939918,0.06942191685048815
4217,CAT,0.7300250819747786,0.44552608158882034,0.45879157448949215,0.0
4218,CAT,0.7304231881354691,0.4459696622089217,0.45722355393360314,0.0
4219,CAT,0.7307421561084159,0.4437044889209858,0.4554688452297218,0.0
4220,CAT,0.7310059627535767,0.4429923236953244,0.4539077875412025,0.0
4221,CAT,0.7313776902990302,0.44325505706814544,0.45271696938910483,0.0
4222,CAT,0.731823763353575,0.4430787907979008,0.4517253842253316,0.0
4223,CAT,0.7317470196022554,0.43171226061588286,0.4484216736950611,0.0
4224,CAT,0.7316726740931646,0.42255628981066984,0.4437564929555964,0.0
4225,CAT,0.7313896815101742,0.4108872510126826,0.4374470930989723,0.0
4226,CAT,0.730802112164134,0.4032313627966006,0.4307086731699648,0.0
4227,CAT,0.7300106688083178,0.3878081353336438,0.421911521765199,0.11683427932665798
4228,CAT,0.7286100965177534,0.36962566407314024,0.41085797118027617,0.05602203163724382
4229,CAT,0.7262790030221445,0.34373890660546985,0.39629771189715723,0.07222047890235772
4230,CAT,0.7242908581652449,0.31686036187905275,0.37871303685646135,0.06742960036410235
4231,CAT,0.7218530428904574,0.2961101030264809,0.36006233889525213,0.04800572917966335
4232,CAT,0.7197377914881885,0.2884463634884092,0.34344914641850444,0.06483265491077747
4233,CAT,0.7177496466312888,0.2796748062908828,0.3282212827442178,0.09879080831473035
4234,CAT,0.7157974786281159,0.2755843479922999,0.3151355621934037,0.0
4235,CAT,0.7138668950977561,0.27450814626498565,0.30442929294737264,0.0
4236,CAT,0.7116040546977144,0.2729042534285888,0.29551003746884574,0.0
4237,CAT,0.7096830626724983,0.2749585802879849,0.28882835723641703,0.0
4238,CAT,0.7072368555991896,0.2719048486642263,0.2828085576783018,0.0
4239,CAT,0.7051839602513933,0.2770819961791604,0.27913615674358405,0.0
4240,CAT,0.7032773576795496,0.2871490706266378,0.2784216771097352,0.0
4241,CAT,0.7013299849898175,0.29678319979581713,0.27997791305903985,0.0
4242,CAT,0.6995648787094692,0.30941780422779797,0.28401341450405215,0.0
4243,CAT,0.6985000574033858,0.32420919536499204,0.2905086820528927,0.07868700557835366
4244,CAT,0.6974328428318953,0.33672254006934693,0.29846862702825067,0.04588665702234146
4245,CAT,0.6966234360796976,0.348383151716375,0.3074119770303837,0.03691902454665525
4246,CAT,0.6958871783502639,0.36124259687451643,0.317406828644613,0.0413539272285535
4247,CAT,0.6956281933664198,0.37232007647792886,0.32784931184774335,0.029058847976447293
4248,CAT,0.696035026529166,0.3889560073692422,0.33987755480967613,0.036848138535556844
4249,CAT,0.6971526082860188,0.4049441664459326,0.3530313369550314,0.0812768845134382
4250,CAT,0.6984284754937385,0.4134756306193136,0.36543864477373217,0.0
4251,CAT,0.699917784796045,0.4238165108771553,0.37764840562964475,0.0
4252,CAT,0.7010473598133206,0.43155778136525,0.38912597211611233,0.0
4253,CAT,0.7023567997774555,0.4369741317832459,0.3995042950129984,0.0
4254,CAT,0.703740585543435,0.44375673772413887,0.4093049779043013,0.0
4255,CAT,0.7051051853715845,0.4488828857261494,0.4182776990396519,0.0
4256,CAT,0.7065082530050831,0.45095308352608554,0.4259131053968999,0.0
4257,CAT,0.7078296844731157,0.45215518735731297,0.4322869303650627,0.0
4258,CAT,0.7094053296173942,0.4517136078763764,0.4372884619088554,0.0
4259,CAT,0.7108682573769219,0.45453857301182926,0.44191361653473116,0.0
4260,CAT,0.7129763158090293,0.47418847175049916,0.4499536696725262,0.12051880610291014
4261,CAT,0.7157139072638502,0.5023218688696027,0.46259932986835295,0.07177595073930135
4262,CAT,0.718531818169524,0.5287821708810573,0.47855995142931923,0.05179338295648548
4263,CAT,0.7207346030711083,0.5390832420099173,0.4936035709278454,0.03885370474364328
4264,CAT,0.7229433821144929,0.5457547728569798,0.5071119587567647,0.032511725451633326
4265,CAT,0.7252397019760478,0.5522811534580362,0.5193601029766293,0.03776192767551078
4266,CAT,0.7273453583601223,0.5548199747443455,0.5297193492439373,0.07946123098306089
4267,CAT,0.7292351714798394,0.5511061488049267,0.5371865006813008,0.0
4268,CAT,0.7309555780029638,0.5505846555875238,0.5430450434378804,0.0
4269,CAT,0.732531224318259,0.5482708837037694,0.547220851767511,0.0
4270,CAT,0.7342915341141499,0.544679257239591,0.5497682421591992,0.0
4271,CAT,0.7360902157857007,0.5448266681870687,0.5518387120505208,0.0
4272,CAT,0.7376466749921488,0.5381533478410176,0.5520212004999246,0.0
4273,CAT,0.7392870726766029,0.5328111812915772,0.5509873060002859,0.0
4274,CAT,0.740594114691263,0.5231236612240054,0.5480205786869043,0.0
4275,CAT,0.742083423115307,0.5182408120666666,0.5445687576504987,0.0
4276,CAT,0.7434720053657443,0.5095791230522126,0.5398942569106282,0.0
4277,CAT,0.744426508407568,0.49265640076781514,0.5324170584015835,0.07540239956876572
4278,CAT,0.7453258509998685,0.4764030656650384,0.5228455443288569,0.038083895912836264
4279,CAT,0.7456640011048404,0.4548602665060673,0.5104303325602993,0.04267050790820681
4280,CAT,0.7450524449452008,0.4356179501113614,0.49624825344007023,0.03390427120237029
4281,CAT,0.7441890762790856,0.42847065912718807,0.4833240202514808,0.030379845230000813
4282,CAT,0.7430547343455246,0.4224824626253203,0.4716620645301932,0.04186978306009831
4283,CAT,0.742221351026123,0.41484591282995664,0.4606458710450195,0.07764712325354865
4284,CAT,0.741528257851002,0.4118039646257496,0.4511610634024139,0.0
4285,CAT,0.7407008613545468,0.4094469696662676,0.44305264504804565,0.0
4286,CAT,0.739859075990228,0.40635367977329484,0.4358827180467423,0.0
4287,CAT,0.7392571171908154,0.40491843258263466,0.42982978389448634,0.0
4288,CAT,0.7383218027216093,0.40089917912565004,0.42409973345394825,0.0
4289,CAT,0.7372018236007903,0.3937014078190342,0.41792597398945025,0.0
4290,CAT,0.735906772797274,0.3843953243771817,0.41093159982230437,0.0
4291,CAT,0.7343982784354003,0.37744288033120804,0.4038005650145297,0.0
4292,CAT,0.7332351309544641,0.37431339292839244,0.3974045501712103,0.0
4293,CAT,0.7319736555421502,0.37156517175036563,0.39168075878237063,0.0
4294,CAT,0.7306090580560337,0.3635978867530928,0.3853420496977358,0.06578530990105329
4295,CAT,0.7288704056287459,0.3540834371522944,0.37816969552471036,0.038741744595272895
4296,CAT,0.7276976686919451,0.3554604688300213,0.3727359471028847,0.035467296705655446
4297,CAT,0.7268008894552301,0.3539116244667598,0.3680468664374207,0.02709104347520767
4298,CAT,0.7250405805376018,0.3332838759290964,0.3597397019337479,0.05533172113664062
4299,CAT,0.724102866947904,0.327092136746178,0.35172644617691273,0.04646169494414911
4300,CAT,0.7235872463324972,0.3301317431180813,0.3459871772025358,0.07169556909431749
4301,CAT,0.7226771169197429,0.33342023196618326,0.34212206650659616,0.0
4302,CAT,0.721756188976367,0.33646631243147523,0.33970274346659823,0.0
4303,CAT,0.7208592428697703,0.33738805158955487,0.3379708628218787,0.0
4304,CAT,0.7198184057425,0.33893456199412286,0.33692692474971786,0.0
4305,CAT,0.7189910121735866,0.3454522476421397,0.33753128785802555,0.0
4306,CAT,0.7183386902873709,0.3536907768847113,0.33983436205111783,0.0
4307,CAT,0.7176408017988093,0.3607840290900055,0.3432434561480857,0.0
4308,CAT,0.7172331006199245,0.3699986717039428,0.34800590215424154,0.0
4309,CAT,0.7160699531389881,0.35777390849334273,0.349115864907045,0.0
4310,CAT,0.716045970716701,0.368685066846129,0.3524137028626959,0.0
4311,CAT,0.7148936121054984,0.35422993658466473,0.35185937431497366,0.09308569897913102
4312,CAT,0.7143971727438542,0.35915970266488073,0.35250471286015433,0.06361412217170888
4313,CAT,0.7136753018330054,0.35819919486485774,0.35280884336258433,0.03760955587595345
4314,CAT,0.7129486347304533,0.351684880353378,0.35161337875676624,0.035903212549606406
4315,CAT,0.7113657202071731,0.3255957487044301,0.34489489135144996,0.0754602566868585
4316,CAT,0.7094063530860014,0.30646426380864045,0.33529467026448223,0.08112407105649085
4317,CAT,0.7079312672454484,0.2995008860229045,0.32607654306570594,0.08990466162750306
4318,CAT,0.7074564126493713,0.2961012557796117,0.3179511898359307,0.0
4319,CAT,0.7065690659522815,0.2952325056080649,0.31125903275478506,0.0
4320,CAT,0.7053819354635497,0.29655650813276524,0.30619772984522997,0.0
4321,CAT,0.7041756196224963,0.29848356055360525,0.3025743014934772,0.0
4322,CAT,0.702988489719273,0.3012610655775563,0.30028900603515923,0.0
4323,CAT,0.702110733063556,0.30882258725990913,0.30013082766599924,0.0
4324,CAT,0.7011178607808605,0.3134971088891923,0.30103671237872387,0.0
4325,CAT,0.7000914131069621,0.32205550901962426,0.30365165139917455,0.0
4326,CAT,0.6989450533216274,0.3296599036113479,0.30742312963899787,0.0
4327,CAT,0.6968921582665851,0.3176331030449252,0.3077840407402781,0.1263243924947393
4328,CAT,0.6947745121351377,0.3110096344457342,0.3066098925484179,0.06127466297676639
4329,CAT,0.6937792389754257,0.3104446348352384,0.30554578666273285,0.0424602789905567
4330,CAT,0.6916112244875997,0.3065840521525538,0.30384184328903113,0.04413526464221224
4331,CAT,0.6907922300360624,0.3093841709071714,0.30309713034247476,0.034252959711792055
4332,CAT,0.6892669514916373,0.31362130339610117,0.30343718445242596,0.06068085461588284
4333,CAT,0.687820811720465,0.31428676852817883,0.3038562041576435,0.08846507936472885
4334,CAT,0.686506572344331,0.3122963059004559,0.30375180099724297,0.0
4335,CAT,0.6864466177523835,0.316346428700874,0.3045627994737963,0.0
4336,CAT,0.6863339000748788,0.3198338581462322,0.30598184129348854,0.0
4337,CAT,0.6858326683273358,0.32234076528292327,0.30767075699581686,0.0
4338,CAT,0.6857247474270428,0.334299307761307,0.31166308538351584,0.0
4339,CAT,0.6857966946939048,0.3487774303531096,0.31805462515377975,0.0
4340,CAT,0.685568861682175,0.3552661011454428,0.32460096223703455,0.0
4341,CAT,0.685082018509742,0.3551713235104709,0.32981709906049944,0.0
4342,CAT,0.685137178081003,0.3670170169247934,0.33660628019757993,0.0
4343,CAT,0.6846359454551977,0.36933567762655894,0.34254973074036005,0.0
4344,CAT,0.6834676902921125,0.35530859295725736,0.3442064315620368,0.09722380789493501
4345,CAT,0.6826187151779283,0.3553937698981746,0.34555060462743004,0.047592779519993494
4346,CAT,0.6815359052986046,0.35110529962685316,0.3456787800119785,0.0382634296418799
4347,CAT,0.6814291817629009,0.349863234346407,0.3455069944441972,0.03623313061995227
4348,CAT,0.680632963586436,0.33694926619088855,0.34251735228173863,0.05296024178092159
4349,CAT,0.6797144400331266,0.328610701097485,0.3382839606585024,0.06400366398970761
4350,CAT,0.6792659699073703,0.328251143644322,0.3348178345346331,0.08577251508646437
4351,CAT,0.6784989860109197,0.3269077692223836,0.3317482323508977,0.0
4352,CAT,0.6779042216454393,0.33128885902406996,0.3302601698700318,0.0
4353,CAT,0.6773646168512201,0.3330155942425041,0.3294510912656304,0.0
4354,CAT,0.6770960137216019,0.3372923120535124,0.32974839576991033,0.0
4355,CAT,0.6763285762084069,0.33556936774765445,0.3296057052641812,0.0
4356,CAT,0.6754772002172061,0.3325649439162798,0.32882798773894767,0.0
4357,CAT,0.6745658681702872,0.32859075035785834,0.3273280626503056,0.0
4358,CAT,0.6729350634547479,0.32040259531754645,0.3243196646546186,0.0
4359,CAT,0.6710884169386225,0.31475532922801386,0.3206656758946428,0.0
4360,CAT,0.66961589621018,0.3136627589374079,0.31750117687640944,0.0
4361,CAT,0.6678172157096461,0.3013034475591937,0.312239866939855,0.10982561820441096
4362,CAT,0.6654501479950977,0.2923058025184104,0.3060435749291357,0.07936340387117119
4363,CAT,0.6634692034272137,0.2871945090813198,0.29995764731737623,0.05947270082547974
4364,CAT,0.6621384893096954,0.28183662320881003,0.2939055481568741,0.054964703845532974
4365,CAT,0.6599632818517084,0.2719474032466341,0.28687970913408734,0.0577436121435466
4366,CAT,0.6581741951983521,0.2688440284084138,0.2805736182099424,0.0636395174716351
4367,CAT,0.6559090536567874,0.259544358072445,0.2734747952908772,0.1388310256366657
4368,CAT,0.6542086999166149,0.25311994747240557,0.2663768243673264,0.0
4369,CAT,0.6526618330935731,0.25402060783231206,0.26089736989575885,0.0
4370,CAT,0.6510885885335568,0.26119993516218376,0.2580994518443074,0.0
4371,CAT,0.6493757879162171,0.2636181105289586,0.25639520211258393,0.0
4372,CAT,0.646788084551413,0.25342984564528387,0.25278159476788786,0.0
4373,CAT,0.6446920208434995,0.25487754605861096,0.2502104518955658,0.0
4374,CAT,0.6423345487326538,0.25437694927190113,0.2480429744462308,0.0
4375,CAT,0.6403464059250331,0.2575548118364819,0.24701086375207998,0.0
4376,CAT,0.638408626204216,0.2603289443778928,0.24679787756428748,0.0
4377,CAT,0.6368018039109641,0.2686042481743752,0.24845519444729403,0.0
4378,CAT,0.6366914868177217,0.3018921165710493,0.2571330960163465,0.10981700588530555
4379,CAT,0.6362190357334488,0.32140243239424365,0.2683845180508946,0.05772219176013057
4380,CAT,0.6352165707745917,0.3288961228018392,0.27904073227841375,0.04501504616313455
4381,CAT,0.6351038530970873,0.34163746676146894,0.2903797911248963,0.03844141757005846
4382,CAT,0.6350211134474418,0.35247083401697177,0.30184372480471033,0.03951309922694499
4383,CAT,0.6347410208873415,0.35809711903407926,0.3122575081759532,0.05362736526854867
4384,CAT,0.6343692962694295,0.3584337530736945,0.3206628847715136,0.14736517138404606
4385,CAT,0.6343189323043635,0.35883203740000635,0.3274751521945097,0.0
4386,CAT,0.6338956440147626,0.35502478239936847,0.33208408556290764,0.0
4387,CAT,0.6340803118866715,0.35686460442343504,0.3361775802936873,0.0
4388,CAT,0.634281764233885,0.358408532596919,0.33979337220342976,0.0
4389,CAT,0.6342841624761139,0.36020296338669383,0.3430823285373075,0.0
4390,CAT,0.6339795857130645,0.3604734696767269,0.34577323835050977,0.0
4391,CAT,0.6339100366884313,0.3612466732121729,0.34809673801160235,0.0
4392,CAT,0.6345000042766998,0.3624049164295196,0.3502113504498002,0.0
4393,CAT,0.6348501476420948,0.3665012209609188,0.3528077612264326,0.0
4394,CAT,0.6357998515646736,0.3793017493333683,0.3577120489406569,0.0
4395,CAT,0.6352914262614612,0.3610818069560636,0.35761137367938,0.09635771775310335
4396,CAT,0.6351150846111381,0.35283389539345383,0.35570917755949727,0.06544722116899203
4397,CAT,0.6345826745436048,0.34399712264405635,0.35223570728867426,0.06434837758261919
4398,CAT,0.6333451806753155,0.34832116977104394,0.3504119517397237,0.04272129850805925
4399,CAT,0.6324926000006713,0.3526335920093353,0.3499054004641162,0.05239668695125449
4400,CAT,0.6319769793852642,0.35488825347009256,0.34999813003240315,0.08295761171116402
4401,CAT,0.631478140903129,0.36357856858875526,0.35199168003607595,0.2154744824713911
4402,CAT,0.6309013665746604,0.36936340882081786,0.35486417539723797,0.0
4403,CAT,0.6304931601020637,0.3743556496140482,0.35826477140251967,0.0
4404,CAT,0.6304212107859227,0.3810196539650395,0.3624570781146965,0.0
4405,CAT,0.6303708476991191,0.38656786385265557,0.3670363160289328,0.0
4406,CAT,0.6306586367665673,0.39352828599282036,0.3722370038977008,0.0
4407,CAT,0.6305770965307903,0.3956667231866145,0.3768698551775779,0.0
4408,CAT,0.6307377787601153,0.40205164107468594,0.3819863263232912,0.0
4409,CAT,0.6308001330580625,0.4050918287987214,0.3867509672699472,0.0
4410,CAT,0.6309776029829889,0.4082264314046838,0.39125499678188386,0.0
4411,CAT,0.6311934447835749,0.411499268398369,0.39558106796437026,0.0
4412,CAT,0.6292724512945879,0.3695000733346857,0.38976586983164047,0.11971388550959644
4413,CAT,0.6270013161967308,0.33240387579850705,0.37692054545561415,0.11019219383812859
4414,CAT,0.6236509738524686,0.29082315593071606,0.3574606564323328,0.12226180699262895
4415,CAT,0.6219554148402285,0.26549972670439304,0.33629974458764267,0.08617221502443359
4416,CAT,0.6203546569497803,0.2547518258913373,0.31699720485740013,0.07789356807718051
4417,CAT,0.6190693416864635,0.25164964054653116,0.30087001608200226,0.09077781828757504
4418,CAT,0.6175032898038545,0.2556669271430507,0.2888555337743298,0.12333878853819574
4419,CAT,0.6159288467082323,0.2606199806454294,0.2803378926341854,0.0
4420,CAT,0.6144731119188654,0.2668996700937232,0.27491072880791056,0.0
4421,CAT,0.6127152035854994,0.2734472911985538,0.27201512293835917,0.0
4422,CAT,0.61091412367172,0.2776805912649791,0.2706336162707818,0.0
4423,CAT,0.6089907334042751,0.27995244952567633,0.27003017965693743,0.0
4424,CAT,0.6070121835655694,0.2844110973014239,0.2705321792945432,0.0
4425,CAT,0.6048417743485651,0.2853330326850442,0.27113740013080695,0.0
4426,CAT,0.6022156991081015,0.28032401886392555,0.27051527254745533,0.0
4427,CAT,0.5999949268042938,0.2828234670657398,0.2705696053269485,0.0
4428,CAT,0.5977118002025387,0.2894773918139087,0.27208267525033014,0.0
4429,CAT,0.5950593472251003,0.2863124856030044,0.27259412149880646,0.11057621493875205
4430,CAT,0.5918780812507177,0.2749158458483535,0.27048618601721597,0.058430610213724636
4431,CAT,0.5886524419400204,0.267398035873749,0.2671394339196811,0.06592575695108004
4432,CAT,0.5877363116521189,0.2667294219501237,0.26431436037383427,0.06246802124460377
4433,CAT,0.5876391831346094,0.28025831931810696,0.265042330163645,0.057441076831382054
4434,CAT,0.5877590001009382,0.28345769955758016,0.2663313297123081,0.058335433046175056
4435,CAT,0.587550354198055,0.2864553951098576,0.2680246084460878,0.13083216864599106
4436,CAT,0.5870539201059864,0.2916585421243217,0.2705284124642159,0.0
4437,CAT,0.5863534910966653,0.29638067384649175,0.2735743983798201,0.0
4438,CAT,0.5854541487971189,0.30187194324256417,0.27722400362682986,0.0
4439,CAT,0.5845667991724873,0.30770326564937583,0.2814316093606799,0.0
4440,CAT,0.5837873704481488,0.3163841489391041,0.2867149771577202,0.0
4441,CAT,0.583010339966039,0.3242991138758641,0.2926897918197603,0.0
4442,CAT,0.582350823353137,0.33147380900975376,0.2990542659959432,0.0
4443,CAT,0.5817920329138421,0.33753682715716904,0.30548493981699604,0.0
4444,CAT,0.5813315704059251,0.3463592085853196,0.3125780137428733,0.0
4445,CAT,0.5811708881765999,0.35624309855093966,0.3204354553805985,0.0
4446,CAT,0.5809946159090168,0.35712248679710545,0.32691563274185015,0.10420685288856078
4447,CAT,0.5806144965650418,0.359110887738215,0.3325389382057805,0.05407675166289528
4448,CAT,0.5804610114044365,0.3692193245800264,0.33927015910040853,0.07051965629338594
4449,CAT,0.5804921824055721,0.3717014343633244,0.3452033412525815,0.050384937539707755
4450,CAT,0.5813456193861882,0.380896455111494,0.3519807239649016,0.036916595431010134
4451,CAT,0.5821070656851238,0.3863863747688082,0.35861514854235504,0.06890473604677329
4452,CAT,0.58273541129689,0.3917784740322561,0.36511360173687046,0.10617200744546028
4453,CAT,0.5828996903040501,0.3989570844047173,0.3718978514691453,0.0
4454,CAT,0.5835808841928393,0.406603767528348,0.37901411823721926,0.0
4455,CAT,0.5841204872305333,0.408730926922643,0.3851769417914389,0.0
4456,CAT,0.5845593655583915,0.4097589308933961,0.3903342483541671,0.0
4457,CAT,0.5849238983771593,0.40831430476414327,0.3941410295955564,0.0
4458,CAT,0.5855594325677739,0.41334760062256903,0.398298121837039,0.0
4459,CAT,0.5859887179267175,0.4132503970017872,0.40160232697734116,0.0
4460,CAT,0.5864036138322885,0.4157836536620292,0.40480519296273326,0.0
4461,CAT,0.586820907980088,0.4177993364107236,0.40781267485930867,0.0
4462,CAT,0.5871926355255418,0.41833670368790066,0.41033734475737765,0.0
4463,CAT,0.5875209332813972,0.41730433482553353,0.41212906891478956,0.07832860060635143
4464,CAT,0.587655236017223,0.4156147194034534,0.41318927523839594,0.05509477194689423
4465,CAT,0.5877571630684691,0.415798594092796,0.414078051355263,0.06070956234623422
4466,CAT,0.5879286365095614,0.4098492816682836,0.4134750911201515,0.042046887673496826
4467,CAT,0.5878387024259838,0.4004375444810752,0.4109140213664111,0.04599596722637171
4468,CAT,0.5875461165813239,0.3969189354636522,0.4080880361208996,0.06804350413623186
4469,CAT,0.5874861605256055,0.39325817802304264,0.40501872319925614,0.10634844957277376
4470,CAT,0.5871519406454772,0.39167761423812414,0.40221418529723685,0.0
4471,CAT,0.5868485621252796,0.3892451622731974,0.39943331709835295,0.0
4472,CAT,0.5866207261860082,0.3899724108830513,0.3973692446214237,0.0
4473,CAT,0.5863569195408475,0.3927669823182323,0.39633520319640836,0.0
4474,CAT,0.5860211656288247,0.3955496508573455,0.39612255770731397,0.0
4475,CAT,0.5858724746106431,0.397891344118647,0.3964696339821446,0.0
4476,CAT,0.5857309783191479,0.39936093505982245,0.39707187280624695,0.0
4477,CAT,0.5856614292945145,0.3998805460244758,0.3976684265394402,0.0
4478,CAT,0.5854216050716413,0.40299943265882326,0.3988345152088851,0.0
4479,CAT,0.5847141236141645,0.3917717669491215,0.3972876137256907,0.0
4480,CAT,0.5850390833868789,0.4073509851914153,0.39949096054338556,0.09182476713062039
4481,CAT,0.5850462778208109,0.4130600198119703,0.40251455072470876,0.08084825601642259
4482,CAT,0.5853232739199671,0.4221691686311819,0.40694529395537105,0.036066625783914265
4483,CAT,0.5856880675827075,0.4296390825217139,0.41213971379433245,0.041402288712760825
4484,CAT,0.5859878478612991,0.433115003576031,0.41706295092978135,0.03785644235697533
4485,CAT,0.5861713095859932,0.43472181213903976,0.42135642469505696,0.043697140511311176
4486,CAT,0.5862984161313619,0.42849693913990033,0.42341636152969536,0.09731501014597439
4487,CAT,0.5866365662363341,0.42305608295373903,0.4238626288798871,0.0
4488,CAT,0.5868260253231249,0.4192912799018207,0.4233881382415094,0.0
4489,CAT,0.5870322773750919,0.4155327357853431,0.422178423577576,0.0
4490,CAT,0.5871857648777309,0.41252181987285924,0.4205456528673003,0.0
4491,CAT,0.5873296594114551,0.4085312116868731,0.4183580598518724,0.0
4492,CAT,0.5872984822624815,0.4041684613797432,0.41564441668345586,0.0
4493,CAT,0.5873104734736251,0.40371322480266836,0.4133729573750337,0.0
4494,CAT,0.5872553139023641,0.40242521982302215,0.41127131768746505,0.0
4495,CAT,0.5872025525733321,0.4015492771882254,0.40939654289332433,0.0
4496,CAT,0.5871354017909275,0.40015628873436987,0.4075890638849635,0.0
4497,CAT,0.5873716277721953,0.40474808065528567,0.40715723618063265,0.08300177745016614
4498,CAT,0.587647424164729,0.4118268125640249,0.4083752017679471,0.04177747666558387
4499,CAT,0.5887314270173291,0.4204483703247859,0.4112537546520164,0.03570402506670683
4500,CAT,0.5884232520126741,0.42223168751444706,0.41395046518577094,0.028857010549207588
4501,CAT,0.5884640253508587,0.42423635081058003,0.416550588935133,0.04056866038909574
4502,CAT,0.5882899171221617,0.4258365591013415,0.41898411423767484,0.03993620700658533
4503,CAT,0.5879445696557158,0.42381205789587645,0.42048379770338795,0.10758155700571305
4504,CAT,0.587556053243644,0.4190158660477389,0.42062424465642695,0.0
4505,CAT,0.5873833818524546,0.4188017216855728,0.42068930571959817,0.0
4506,CAT,0.5875200842942802,0.41778061938834254,0.4205158311729426,0.0
4507,CAT,0.5875344737476523,0.41398925308936635,0.41953968018696314,0.0
4508,CAT,0.5875176860520513,0.41097021133812667,0.4180919657244678,0.0
4509,CAT,0.5877287313681799,0.4126400477378429,0.4173025987087666,0.0
4510,CAT,0.5876256069523443,0.407366111543841,0.41550628937668943,0.0
4511,CAT,0.5875968280455993,0.4032109972884917,0.41315153221129297,0.0
4512,CAT,0.5876999524614351,0.4015295656653459,0.4108963609724762,0.0
4513,CAT,0.5874457387851894,0.39575629893482783,0.4078171247778496,0.0
4514,CAT,0.5870560244230202,0.38756785891451484,0.403545214955926,0.08728143755947193
4515,CAT,0.5867442508840054,0.3830796139098175,0.3991364012461886,0.04543749145668986
4516,CAT,0.5864348770509901,0.3791169773231972,0.3947341517137904,0.04816295921051091
4517,CAT,0.5857380196426446,0.373858030792063,0.3900508470255756,0.039647142244816434
4518,CAT,0.5851624429715193,0.376099115099247,0.3867991751771549,0.03917611463835878
4519,CAT,0.5840220849395942,0.36956455957330697,0.3827545982058125,0.049796208238809446
4520,CAT,0.5833553738927603,0.3699266568556043,0.3795989104075062,0.14418545900458815
4521,CAT,0.5826622789611141,0.3708639151721293,0.37728136555917624,0.0
4522,CAT,0.5818830867821515,0.37044133984022576,0.3753339985571966,0.0
4523,CAT,0.581300315091586,0.3715577825584479,0.37402268549437706,0.0
4524,CAT,0.5808902156704724,0.3734173550401532,0.3733843452193287,0.0
4525,CAT,0.580305044566661,0.375288044790006,0.3732868385642137,0.0
4526,CAT,0.5798134049097706,0.3783459412223354,0.3738842084631062,0.0
4527,CAT,0.5794608633021469,0.3810993225439643,0.37497022357958626,0.0
4528,CAT,0.5792090478681294,0.3856824222899119,0.37685127139800767,0.0
4529,CAT,0.5786070890687175,0.38629765796337195,0.37849199225679836,0.0
4530,CAT,0.5795879701402699,0.41349257759305963,0.38581091196930584,0.0
4531,CAT,0.5804357496463898,0.431931654496599,0.3957385518122736,0.21991424338457957
4532,CAT,0.580414163417052,0.42950265719743413,0.40314418881614256,0.2227432797963606
4533,CAT,0.5806539911529757,0.4282741848149674,0.40879737470779115,0.0678339377046668
4534,CAT,0.5811180504387271,0.42795010064193467,0.4132483453198004,0.03577469024911022
4535,CAT,0.581582109724479,0.4291631915092989,0.4170770483180968,0.05345291059949028
4536,CAT,0.5815005703669643,0.4177690289433417,0.4176234653549137,0.10726378451359278
4537,CAT,0.5819420143924415,0.41714897426276293,0.4179236520414521,0.12308969377022376
4538,CAT,0.5821218825595965,0.41707852356652114,0.41814824146060126,0.0
4539,CAT,0.5827754000538764,0.418139338694629,0.418562207475654,0.0
4540,CAT,0.5830224216382237,0.4154251011159695,0.41829390648258635,0.0
4541,CAT,0.5833629720347041,0.41538326918705676,0.41807002657590514,0.0
4542,CAT,0.5835908050464339,0.41133661963526635,0.41699716875671133,0.0
4543,CAT,0.5836891329778119,0.40644806119901794,0.41505918234897443,0.0
4544,CAT,0.5839049747783981,0.40565487292165986,0.4133336075284541,0.0
4545,CAT,0.5841447990012715,0.4055797326420315,0.41193655198796797,0.0
4546,CAT,0.5843222689261977,0.40546811439257047,0.4107942552490713,0.0
4547,CAT,0.5842435825986728,0.4000894965647363,0.40869248187149715,0.0
4548,CAT,0.5829113587478568,0.3719544832027558,0.4007970885161023,0.14531963518216268
4549,CAT,0.5821199411544081,0.3583656297733719,0.391479503148468,0.07287214438133406
4550,CAT,0.5799747131880509,0.3465296003231375,0.38141129758512876,0.04731519785036515
4551,CAT,0.5784985953890193,0.3490998459442951,0.37392440448890935,0.054805707185125334
4552,CAT,0.5780669147153891,0.3569536533263688,0.3696695030144758,0.055361753839162066
4553,CAT,0.5772658953703999,0.3569092706417294,0.36625577935593784,0.067027029653098
4554,CAT,0.5765704065878378,0.3605259930024349,0.36432359944826653,0.12155846759902013
4555,CAT,0.5755163817630967,0.35812115322462135,0.36224671614670406,0.0
4556,CAT,0.5750463259935109,0.3568750872191683,0.3603100000191586,0.0
4557,CAT,0.5741709690437936,0.3564511080041302,0.3586669859284051,0.0
4558,CAT,0.573047248665098,0.35204875913758743,0.35638026005548995,0.0
4559,CAT,0.5718289416129013,0.34848502094899597,0.35376378256462687,0.0
4560,CAT,0.5705842538961879,0.34239142403978884,0.3503247523843316,0.0
4561,CAT,0.5687831739824089,0.328936027114451,0.34460173311887454,0.0
4562,CAT,0.5675193003278659,0.32656360106262006,0.33949933731370363,0.0
4563,CAT,0.5664137106604193,0.32725232165843543,0.3355695333510349,0.0
4564,CAT,0.5651066686457592,0.3275319595823593,0.3324874517641989,0.0
4565,CAT,0.5625237614726585,0.3025917375732375,0.3245134220443805,0.23437366467648485
4566,CAT,0.5605583999169313,0.2970455605077908,0.31690925469859776,0.11487022891323354
4567,CAT,0.5589211462718305,0.295484218925677,0.3104810787246309,0.09257116811975628
4568,CAT,0.5585961818150497,0.29888720973339333,0.3060901316395005,0.0701298936466922
4569,CAT,0.5579162748736283,0.303441380382909,0.3035832203386596,0.068378942923953
4570,CAT,0.5575685268229199,0.31336986937478817,0.30377052405579275,0.04896920477599468
4571,CAT,0.5565372782732517,0.3191221434792215,0.3051908297452657,0.13872193626133045
4572,CAT,0.5552638107715312,0.3247614712419457,0.3075725913800801,0.0
4573,CAT,0.5542925255964358,0.32964806782243244,0.31055726753957824,0.0
4574,CAT,0.5531989262618705,0.3348890758513615,0.31410255158367306,0.0
4575,CAT,0.552383523904101,0.3398481071745552,0.3180340438025109,0.0
4576,CAT,0.5515273514284428,0.3437298267506139,0.32203656459380275,0.0
4577,CAT,0.5503354250407618,0.34047422621907036,0.32451954054524434,0.0
4578,CAT,0.5493606834693151,0.33856274518449464,0.3260837464687188,0.0
4579,CAT,0.5486004406828063,0.341575538859861,0.3280005249143835,0.0
4580,CAT,0.547928932858761,0.34256295069324966,0.32975203010173326,0.0
4581,CAT,0.5477802418405794,0.34555171726609035,0.3318133412680706,0.0
4582,CAT,0.5472598232769438,0.3481247374610669,0.3340306743554217,0.1012269904780875
4583,CAT,0.5472166543313183,0.3623908380930172,0.3389553901456256,0.07430112686674777
4584,CAT,0.5474061175166675,0.37775689265357487,0.346288950878494,0.0406280633080536
4585,CAT,0.5485601544875746,0.38417106396523,0.3535724505763406,0.045248903751150794
4586,CAT,0.549323994051918,0.3941267993724361,0.3615981008089274,0.06750269466215086
4587,CAT,0.5499007710151745,0.39970509934344184,0.36925065931616474,0.07348759395432865
4588,CAT,0.5502053524622906,0.40184010283322164,0.3758442487297219,0.1664368207999431
4589,CAT,0.550619052174289,0.4065021963881,0.3821488027707114,0.0
4590,CAT,0.5505818826400396,0.4059422136035054,0.38706876670095547,0.0
4591,CAT,0.5508984538345286,0.4097959314355116,0.3918558803209369,0.0
4592,CAT,0.5512078270820352,0.41276442281431014,0.3963412001995415,0.0
4593,CAT,0.5514308636093074,0.41275587866664404,0.39992756901901244,0.0
4594,CAT,0.5516227229876062,0.4125646651413984,0.40275443214158946,0.0
4595,CAT,0.5519392909617992,0.4149820896356045,0.4055498415093555,0.0
4596,CAT,0.5527427021084249,0.42616472907652786,0.4102559967996052,0.0
4597,CAT,0.5533926257524121,0.42449028677302936,0.41365109920522386,0.0
4598,CAT,0.5536324499752853,0.4143114752480299,0.41411906146460076,0.0
4599,CAT,0.5545305881768964,0.42370659283121714,0.41656846218735055,0.10740401073492452
4600,CAT,0.5552068936564157,0.4241342452246113,0.41862243522230946,0.09506056999861098
4601,CAT,0.556274108520661,0.43390352435734897,0.4224232828907763,0.05624727690615465
4602,CAT,0.5573509169393293,0.44098203510954037,0.4270273399310994,0.04592221044223817
4603,CAT,0.557870950823974,0.44611369428767245,0.4318439775988336,0.04640295451127628
4604,CAT,0.5581419533668378,0.4481778735236572,0.4361531879057816,0.042824425508629214
4605,CAT,0.5587889986517437,0.4512065863310125,0.4402694858004928,0.13921129264947396
4606,CAT,0.5592422690677618,0.4537066470161039,0.4441146942371387,0.0
4607,CAT,0.5598921906624695,0.4568639039561482,0.4478881812381676,0.0
4608,CAT,0.5605780861833626,0.4572005869328797,0.45098133154593983,0.0
4609,CAT,0.561160859044945,0.45767321932786614,0.45356023865293515,0.0
4610,CAT,0.5623120153147371,0.4650959224845269,0.4572627625034192,0.0
4611,CAT,0.5630554704056449,0.46603107570022506,0.4604313220358961,0.0
4612,CAT,0.5637965272543236,0.4660220937441672,0.4629641858829271,0.0
4613,CAT,0.5646479032455242,0.46537349168433106,0.46484722496674374,0.0
4614,CAT,0.5654968809944961,0.46403118507672186,0.46605719078949914,0.0
4615,CAT,0.5659957153780731,0.4576613685446399,0.46561830865195475,0.0
4616,CAT,0.566885463244933,0.4696217872528995,0.4679088131569276,0.2269962196335701
4617,CAT,0.5681469386572474,0.47581028407924564,0.47110802479921765,0.06193604491832319
4618,CAT,0.5696566353605316,0.4763813208781628,0.47379351483490395,0.03405553885845256
4619,CAT,0.5705068154509138,0.47974345572275096,0.47668447699969463,0.04354233959610873
4620,CAT,0.5722575293503477,0.4935777924672785,0.4820527355194718,0.09138863045797442
4621,CAT,0.5734302733132491,0.5010114968980076,0.48798917027113375,0.08200937329478841
4622,CAT,0.5744039590726068,0.5013459326570249,0.49281218245286956,0.15469557991492353
4623,CAT,0.5752029589992737,0.4968644707129176,0.49568080447104845,0.0
4624,CAT,0.5762413946640196,0.49580977686065997,0.497742759567291,0.0
4625,CAT,0.5770999633326274,0.4921027170355285,0.49857357244998524,0.0
4626,CAT,0.5781408004598981,0.4926588670102739,0.49936105553400556,0.0
4627,CAT,0.5790809114135614,0.4917495408363944,0.49979020577898864,0.0
4628,CAT,0.5801169520563746,0.49050228892945213,0.49985805456729,0.0
4629,CAT,0.5809971069543199,0.4861049412376054,0.4989411235705008,0.0
4630,CAT,0.5815103307912696,0.4817393042452691,0.49724337245594363,0.0
4631,CAT,0.5821314755285115,0.4754985633345441,0.49450682475712404,0.0
4632,CAT,0.5828485499549029,0.4717592421316955,0.4914917100691956,0.0
4633,CAT,0.583651957881233,0.4699222843318412,0.48867390288304763,0.27987166319560763
4634,CAT,0.5842407237135995,0.46312279388556504,0.48491790340310553,0.054093534643716086
4635,CAT,0.5847635387629385,0.45111298832317454,0.4792605858908316,0.057485242570384176
4636,CAT,0.584509325672201,0.4425317842968523,0.4728394641010183,0.04543925808624995
4637,CAT,0.5844181912964924,0.4363345742834585,0.4663338342129512,0.044471365916018406
4638,CAT,0.5843702235243761,0.4285513999658192,0.45941031750836614,0.06512525293166654
4639,CAT,0.5843174619025896,0.42581335337634774,0.4532667718174826,0.12602207801126977
4640,CAT,0.5836963189218728,0.4236348036050198,0.44787077490825167,0.0
4641,CAT,0.5830176157856325,0.41812000653076425,0.44233596448011525,0.0
4642,CAT,0.5826698735900079,0.41615324662750625,0.4374737322604491,0.0
4643,CAT,0.5825955280809171,0.416538770529686,0.4336690943297013,0.0
4644,CAT,0.5823557038580437,0.4167631667714844,0.43067494474204665,0.0
4645,CAT,0.5824348458515919,0.4216080337758759,0.42934967541726077,0.0
4646,CAT,0.5824108634293047,0.427518101042641,0.42959477329504053,0.0
4647,CAT,0.5823868810070173,0.43154578432510315,0.4306804165499046,0.0
4648,CAT,0.5822405882310647,0.4323030356459292,0.43171617971534004,0.0
4649,CAT,0.5823652968269587,0.43578853587963223,0.4333146071952678,0.0
4650,CAT,0.583132734925662,0.4515702717500562,0.43807894577099876,0.09244971233750045
4651,CAT,0.5842855707261755,0.46949208097312084,0.44584867557467434,0.07649086420647307
4652,CAT,0.5851693226947096,0.4791428256367101,0.4541959488167418,0.043412492323442485
4653,CAT,0.5856765559029079,0.47986383700656876,0.4610330119189881,0.0397275238898003
4654,CAT,0.5863049015146741,0.4774797944964202,0.46597611636578107,0.031329408618546474
4655,CAT,0.5872186312183135,0.4747147151418982,0.46931989706687066,0.04145285848391826
4656,CAT,0.5878349812276232,0.4669085694657389,0.47027083531764136,0.08517826506819079
4657,CAT,0.5885232779182866,0.4625405572910128,0.470066855011967,0.0
4658,CAT,0.5893398791044163,0.4585664285350827,0.4690259340114247,0.0
4659,CAT,0.5899802103649966,0.4547962102441525,0.46736049666822016,0.0
4660,CAT,0.5906157445556112,0.45137869318688967,0.4652733447931048,0.0
4661,CAT,0.5914887047268705,0.44952626233272175,0.46319449043685357,0.0
4662,CAT,0.5920642828617667,0.44387192759272615,0.46028257538729084,0.0
4663,CAT,0.5924719840406515,0.4375529831661129,0.4565574243018054,0.0
4664,CAT,0.5929492342441695,0.43373488905122787,0.45273402890751946,0.0
4665,CAT,0.5930763410822927,0.42792027839168156,0.44839108205725614,0.0
4666,CAT,0.5922945176287752,0.40645996373542737,0.4401769418155852,0.08534410741814377
4667,CAT,0.5913568057956028,0.38603404055886714,0.4290943053425294,0.07268664827752513
4668,CAT,0.5906061583200423,0.37205056492877925,0.4171397681611209,0.0782115613979958
4669,CAT,0.5898123380930523,0.3637737476395709,0.4057480983086832,0.05064087799722507
4670,CAT,0.5885004993011803,0.3603623757718288,0.3958813176692517,0.0403972973217675
4671,CAT,0.5869711368359681,0.3597518906518762,0.38785305977366585,0.05841448971898886
4672,CAT,0.5857132599580138,0.3617928544382818,0.3818812262033811,0.10495965790985198
4673,CAT,0.5847431692199657,0.3638881222257328,0.3775665258209295,0.0
4674,CAT,0.5837994573899087,0.36445231548724843,0.3742393747547626,0.0
4675,CAT,0.582936092529598,0.3669600336884165,0.3721315152822834,0.0
4676,CAT,0.582427662835073,0.3719117321501226,0.3715388731323694,0.0
4677,CAT,0.5818448899734906,0.37707205476015915,0.37220448213050644,0.0
4678,CAT,0.5815115343036964,0.38673634381363897,0.37487145017848966,0.0
4679,CAT,0.5811086296092688,0.39302029563868685,0.37839291510270046,0.0
4680,CAT,0.5803531833072176,0.39083510970246593,0.38072746100433447,0.0
4681,CAT,0.5793459215711495,0.3853889452957667,0.3813922432202709,0.0
4682,CAT,0.5789202335755491,0.38977304740554053,0.38289235356560114,0.0
4683,CAT,0.5777211153887242,0.37581303392491666,0.38100919575227776,0.0816781302522725
4684,CAT,0.5768534774884267,0.3736217717090369,0.37901870144043137,0.05660435690598682
4685,CAT,0.5762826973017586,0.3759549085368109,0.3779416088601593,0.036157607206258637
4686,CAT,0.5763810187925448,0.3754180389748845,0.3769613603418607,0.024634765900604563
4687,CAT,0.5765776983683893,0.37378919494371343,0.375817410657595,0.030084597264771615
4688,CAT,0.5766928093113018,0.3729719881949946,0.37472176043172634,0.043118569330383355
4689,CAT,0.5768391058930588,0.37565019993517007,0.37443675729264775,0.06832439823628537
4690,CAT,0.5765585112595429,0.37178777067502344,0.37335568827617094,0.0
4691,CAT,0.576524938503128,0.3758429560356742,0.3733864721985199,0.0
4692,CAT,0.5763450694577107,0.3783063827368175,0.3739551783771412,0.0
4693,CAT,0.5760812628125497,0.3787947397682797,0.3745180031662819,0.0
4694,CAT,0.5759085893720811,0.3798297884247559,0.3751968666251656,0.0
4695,CAT,0.5756615704225213,0.38098140756071375,0.37599430708918113,0.0
4696,CAT,0.5752226920946629,0.380711464262346,0.3765726390581455,0.0
4697,CAT,0.5748941329093266,0.38398012052243063,0.3777572288381969,0.0
4698,CAT,0.57433774071226,0.3873343427994771,0.3794457232075504,0.0
4699,CAT,0.5742058373896798,0.39751633074168746,0.3830453399201918,0.07957054118709114
4700,CAT,0.5739444289867476,0.39563434114802537,0.38550937201151336,0.04732955171554084
4701,CAT,0.5742106347523998,0.40136935387146455,0.3887472480053473,0.02307836525816972
4702,CAT,0.5739372330890448,0.4030831981699629,0.39171607305748923,0.028745492058227226
4703,CAT,0.5740931173701415,0.39582805194695186,0.39248874200892675,0.04274271889147528
4704,CAT,0.5742772597482998,0.39925085049217596,0.39386284565425167,0.04098933905309097
4705,CAT,0.5743755885579404,0.4039015815393217,0.3959893015266651,0.0698867612534855
4706,CAT,0.5745938315282969,0.4073616675669829,0.3984546701223378,0.0
4707,CAT,0.5748744012777082,0.4097995374053781,0.4009653994822372,0.0
4708,CAT,0.5752677153452538,0.4141083273126261,0.4039256338873149,0.0
4709,CAT,0.5754331923025114,0.4155844900688273,0.4066198506843408,0.0
4710,CAT,0.5761286825488444,0.4213735257463809,0.41005380609755016,0.0
4711,CAT,0.5765171977898994,0.42602630713724116,0.41382859622869345,0.0
4712,CAT,0.577078386471423,0.431985490736753,0.4181645896364486,0.0
4713,CAT,0.5778458239846179,0.4389002979060111,0.42316060725498433,0.0
4714,CAT,0.5784789599330039,0.44148578272142724,0.4277284584736584,0.0
4715,CAT,0.5791552642415069,0.44404935985846494,0.43194893798372797,0.0
4716,CAT,0.5807848724707193,0.4640389187850901,0.4397402692906981,0.1316777217191867
4717,CAT,0.5817873365513134,0.46915774048339665,0.4471038910514597,0.06507578730398417
4718,CAT,0.5830032418482317,0.47744010248958885,0.4548240531884723,0.042856887326795774
4719,CAT,0.5837634878550363,0.4809579274527477,0.4617771391722699,0.047982100509297215
4720,CAT,0.5850057755729957,0.4829521728227706,0.4677800623505115,0.08454956577349557
4721,CAT,0.5859602786148194,0.4847300634360284,0.4729750705913576,0.05734104143254224
4722,CAT,0.5874316025641811,0.4931669513092212,0.4789944709106534,0.16154414023328784
4723,CAT,0.5893453024692509,0.4993740500269718,0.48518090766812283,0.0
4724,CAT,0.5907746513245263,0.5020676943777014,0.49072498260355113,0.0
4725,CAT,0.5922591609220792,0.5061252959399578,0.49605641533620337,0.0
4726,CAT,0.5937508675883522,0.5081057624578116,0.5007589726792132,0.0
4727,CAT,0.5955711334399613,0.5150852491969112,0.5060625267495498,0.0
4728,CAT,0.597386602807113,0.5216524642111245,0.5117558227607649,0.0
4729,CAT,0.5991804879942059,0.5232225435225769,0.516657231505459,0.0
4730,CAT,0.6006290263003614,0.5206596262201504,0.5200123056989291,0.0
4731,CAT,0.6017322177255792,0.5104384993311183,0.5204388995035805,0.0
4732,CAT,0.6029337370821749,0.5058320575970886,0.5197627834478536,0.0
4733,CAT,0.6024217100243069,0.46790785642590316,0.5108458496256554,0.1560137063954419
4734,CAT,0.6021722907832393,0.4405066555046464,0.49766039970206294,0.08174857460598088
4735,CAT,0.6022562289684908,0.42653651369067686,0.4840265567026827,0.05141576588801733
4736,CAT,0.6015787226113315,0.4178992736219776,0.47121183825228924,0.057015760764791604
4737,CAT,0.6010079397898761,0.403340193017169,0.45774450582757314,0.03844693828743372
4738,CAT,0.6000750273687029,0.38940672048710234,0.4438932557038716,0.046612962600231386
4739,CAT,0.5995090383969172,0.3841708682970526,0.4316558512208433,0.09553535169288381
4740,CAT,0.5988807006895139,0.3791101224242446,0.4207481977021116,0.0
4741,CAT,0.5981876051723595,0.37519408174395863,0.41115716761959986,0.0
4742,CAT,0.5970676257587867,0.3715196250373922,0.4026727931716654,0.0
4743,CAT,0.5959213619031408,0.369076163485924,0.39534562412918167,0.0
4744,CAT,0.5948613388380403,0.36827490232121707,0.38930692020127117,0.0
4745,CAT,0.5935423056122368,0.3657198668474087,0.38391164505850583,0.0
4746,CAT,0.5921801040263154,0.36321969302222945,0.37904322983499283,0.0
4747,CAT,0.5907147780245593,0.36619016136176386,0.37580456327566236,0.0
4748,CAT,0.588940078775296,0.3648642121779343,0.37292077732847034,0.0
4749,CAT,0.5873896137106486,0.36671119784809997,0.371021678788905,0.08724235088045505
4750,CAT,0.5857827934666758,0.36497408945329546,0.36911873752935437,0.046571888462959406
4751,CAT,0.5841783702939151,0.35722412587663055,0.36588470674107537,0.04334271045581913
4752,CAT,0.5822957510226213,0.3505007077940106,0.36181252992608126,0.04655113056562841
4753,CAT,0.5825271805194318,0.3567562322789459,0.35993640042118513,0.03504772218513527
4754,CAT,0.5825055972176355,0.3599613116650541,0.35914337926292283,0.04039420572003735
4755,CAT,0.5820811109779372,0.36248967674921245,0.35906738384282527,0.07287236521002907
4756,CAT,0.5810858407457667,0.3556102818047924,0.35748718585355027,0.0
4757,CAT,0.5806853366356014,0.3555364071273121,0.3562067113023517,0.0
4758,CAT,0.580634973256044,0.36079533464960256,0.35634383252534485,0.0
4759,CAT,0.5803232023518167,0.3654731774414023,0.35748669043266973,0.0
4760,CAT,0.5802488568427261,0.37334187517154677,0.3601388784833588,0.0
4761,CAT,0.5800713869177999,0.377471806964659,0.36317277675736664,0.0
4762,CAT,0.5801769095758641,0.3859743081508587,0.36747778063581354,0.0
4763,CAT,0.5801505289113481,0.39015689650963,0.3718455614426137,0.0
4764,CAT,0.5800114308620813,0.3919571110588781,0.3757373863107966,0.0
4765,CAT,0.5800593957066561,0.39506978475249654,0.37953831968144897,0.0
4766,CAT,0.5806925351680922,0.40887384394019205,0.385627867983354,0.08171522947303428
4767,CAT,0.5811218237473316,0.4198486579878216,0.3929234335460999,0.04719837947070453
4768,CAT,0.5818113154605505,0.42960646236319655,0.400915020891051,0.05587672635592683
4769,CAT,0.5895614712411233,0.3917178967487887,0.40648592468181965,0.0
4770,CAT,0.5890794239676397,0.3916798631740675,0.40338844318932326,0.0
4771,CAT,0.5884678721993127,0.3902059591923286,0.4005849276013597,0.0
4772,CAT,0.5879088419357944,0.38927362773404817,0.3981361978998249,0.0
4773,CAT,0.587318874347526,0.3892261607079861,0.3961667304436713,0.0
4774,CAT,0.5869663327399021,0.39307201106784523,0.3954405613234953,0.0
4775,CAT,0.5863403915182025,0.39662486278443637,0.39564431840442627,0.0
4776,CAT,0.5860621954196691,0.4028572139647461,0.3971838178979411,0.0
4777,CAT,0.5855189967751572,0.40229429198337363,0.3982910890313071,0.08482736827181891
4778,CAT,0.5847563577956988,0.40191291352772446,0.39909267366747486,0.033023385537972925
4779,CAT,0.583818644206001,0.39570400088212926,0.39836262424539826,0.0341332705590963
4780,CAT,0.5841521424470798,0.3937518152985912,0.39734741975399623,0.023139534806687664
4781,CAT,0.5837708154921194,0.3921013603454503,0.39617073224495036,0.024531859728729614
4782,CAT,0.5836275415972535,0.391222085314587,0.39503518319167813,0.03597233193114473
4783,CAT,0.5836886979451027,0.3951304294646651,0.3949899513402434,0.08919867228955411
4784,CAT,0.5838205983401413,0.3983588397589765,0.39566680123182907,0.0
4785,CAT,0.583922525976896,0.40184262013692307,0.39697771824071315,0.0
4786,CAT,0.5841191850599482,0.4045869143599637,0.3986325640441741,0.0
4787,CAT,0.584392584674024,0.4084952913956234,0.40081965534132385,0.0
4788,CAT,0.5846276124124398,0.41077154468691085,0.4030720677975273,0.0
4789,CAT,0.5847787016728502,0.41254300498960766,0.40526524724507335,0.0
4790,CAT,0.5852031905473359,0.41949792117274154,0.4085558722800242,0.0
4791,CAT,0.5855053690681565,0.4206362022560196,0.41143977612673766,0.0
4792,CAT,0.5856756442663967,0.4186540951597334,0.4133091257046594,0.0
4793,CAT,0.5857979546200619,0.4164494883901095,0.4143176899918107,0.0
4794,CAT,0.5851696122285918,0.4026473866709034,0.412076172147899,0.07092046037483021
4795,CAT,0.5846443942529574,0.39441404271086267,0.4084645194017569,0.038843988281062815
4796,CAT,0.5842882573312697,0.39496194975932764,0.4056962094278601,0.029018657153955362
4797,CAT,0.5842990453227402,0.3976840702829886,0.4040827763022679,0.03189208013343353
4798,CAT,0.5838685576223867,0.3907304180585786,0.4012562274862003,0.036033722308357684
4799,CAT,0.5837498458030811,0.38599881323202456,0.3979499534769549,0.04915933828239882
4800,CAT,0.583241273244517,0.37718786447271024,0.39335892445048365,0.08985210439809053
4801,CAT,0.5827504282278578,0.3707220351343378,0.3882580407871626,0.0
4802,CAT,0.5822845483038713,0.366834076969563,0.38331862896881636,0.0
4803,CAT,0.5816801912622304,0.3657765074722936,0.37913352187315436,0.0
4804,CAT,0.5810758342205892,0.3654487623106158,0.3757130495195254,0.0
4805,CAT,0.580472676300063,0.366546420769451,0.3732191034333826,0.0
4806,CAT,0.5797004423024102,0.3642990256571055,0.37072758084093127,0.0
4807,CAT,0.5791488465898015,0.3693549469515836,0.3698510271299451,0.0
4808,CAT,0.5785900561505065,0.3728263403197179,0.3699164854284992,0.0
4809,CAT,0.5779713096554929,0.374716780647491,0.3703863797979779,0.0
4810,CAT,0.5770815617886328,0.37654685404761945,0.3711664902223434,0.0
4811,CAT,0.5755299025796917,0.3603616167987518,0.3682158635713466,0.1479154764920125
4812,CAT,0.5745166431887726,0.3567169957527018,0.36505040145277784,0.05165249424906871
4813,CAT,0.5739602521627228,0.3634392839373883,0.36400273438999997,0.050908301546882924
4814,CAT,0.5738463415119416,0.3664589683829541,0.3638315363606853,0.04004640052539563
4815,CAT,0.5735249779315538,0.3674930532664773,0.3639229687033206,0.03484301398486043
4816,CAT,0.5729122214797827,0.36953436072988455,0.3644469632290388,0.06452658633949276
4817,CAT,0.5728043049708024,0.3842398820617306,0.3681140598064922,0.12296227561320264
4818,CAT,0.573123799971531,0.3957377031944583,0.3735871767398753,0.0
4819,CAT,0.5731897513400671,0.4001201023616807,0.378933578742695,0.0
4820,CAT,0.5735135166757334,0.403663060912764,0.3839932076909042,0.0
4821,CAT,0.5740907016329232,0.4118571375649927,0.3898506766373651,0.0
4822,CAT,0.574632704376617,0.41825269773306356,0.39594919239890325,0.0
4823,CAT,0.5750523967666453,0.4221164418109691,0.401681361907531,0.0
4824,CAT,0.5754097348587272,0.42370257656959753,0.40661741549936126,0.0
4825,CAT,0.5755056645478761,0.4201866927945754,0.409789730834666,0.0
4826,CAT,0.5759973042047669,0.42196214185964437,0.4127197135542689,0.0
4827,CAT,0.5767431575379031,0.4348119174194657,0.41790173568900574,0.0
4828,CAT,0.5780190241601147,0.45469199131568483,0.42643811993769465,0.08449457942843792
4829,CAT,0.5796941928438354,0.4768289001188015,0.43815644449947294,0.068649237246646
4830,CAT,0.5812362658172076,0.4905834886253746,0.4505689795267123,0.05211976776771118
4831,CAT,0.5836512901792134,0.5006382680971632,0.46271973316106046,0.03281050667598269
4832,CAT,0.585115419694643,0.49613169805182405,0.4714450028986226,0.040726994563418356
4833,CAT,0.5862449897350975,0.49361587635631393,0.4778695675486826,0.050392004057948095
4834,CAT,0.5874165260870133,0.4887890355542852,0.48194315023888523,0.11222160954527617
4835,CAT,0.5888770576535917,0.488305700558478,0.4850952657250933,0.0
4836,CAT,0.5902176785725043,0.48528177997183464,0.48694908688765076,0.0
4837,CAT,0.5908771916723555,0.4805018018946867,0.4873764250151944,0.0
4838,CAT,0.5918179741338435,0.48149937324571945,0.4879386218064141,0.0
4839,CAT,0.5930938389995305,0.48366266285851195,0.48886616919629405,0.0
4840,CAT,0.5940939060089124,0.4787658374251504,0.48852668108461916,0.0
4841,CAT,0.595062795869321,0.47884177583331466,0.48827186255616223,0.0
4842,CAT,0.5961563943256237,0.4807132126891154,0.48848133830614765,0.0
4843,CAT,0.5972188156329526,0.47967071519267895,0.48841867010775525,0.0
4844,CAT,0.5983076176047982,0.4773069545309091,0.48784646901757,0.0
4845,CAT,0.6004516438152533,0.49208210627728294,0.49065198786275865,0.10760540650477421
4846,CAT,0.602895455866629,0.5136179700475471,0.4976528716806997,0.06348449572773765
4847,CAT,0.6044135443684345,0.5216079742575911,0.5050182725349975,0.0464323247277127
4848,CAT,0.6054489866217073,0.5266304576568447,0.5120198723980198,0.039213876345205595
4849,CAT,0.6063229090759504,0.5329400495882496,0.5190147057170499,0.03932141991967577
4850,CAT,0.6072342381953278,0.534434631770611,0.5249406698091947,0.04971052670514533
4851,CAT,0.6077906321489192,0.5269855036911182,0.5280362066385591,0.08613599911845185
4852,CAT,0.6089825579510916,0.5217127007480039,0.5293480706753705,0.0
4853,CAT,0.6100953432234869,0.5166553176582185,0.5292805746858051,0.0
4854,CAT,0.611114598219978,0.507624992393771,0.5272321159906629,0.0
4855,CAT,0.6120834880803866,0.5025837935165353,0.5244799363042072,0.0
4856,CAT,0.6134744685730525,0.5046248267856515,0.5227289806473647,0.0
4857,CAT,0.6153858676293537,0.5144410108718951,0.5234962449164611,0.0
4858,CAT,0.6171293897296436,0.5229880898570607,0.5259977871634444,0.0
4859,CAT,0.6190719659349181,0.5347427901088279,0.5305951956449478,0.0
4860,CAT,0.621072099953682,0.5379783079020324,0.5349877275841882,0.0
4861,CAT,0.6227077011536791,0.5361521261352944,0.5380984177234059,0.0
4862,CAT,0.6253397734634855,0.5566520157386762,0.5451146305382838,0.1625557564851315
4863,CAT,0.6283207876755396,0.5766128898467933,0.5551362130830053,0.0898306840146745
4864,CAT,0.631714301307461,0.598198718675862,0.5679209832777226,0.0777228674959373
4865,CAT,0.6341988840622338,0.6114130927882155,0.5810673616085837,0.055354687320921726
4866,CAT,0.6360898930827695,0.6179929528019712,0.5930377098367963,0.06478164348223002
4867,CAT,0.6386535853353771,0.6270981749562011,0.6046249922511908,0.06756099343763367
4868,CAT,0.6408461750727011,0.6240564610361107,0.6132230170728592,0.12464344446831847
4869,CAT,0.6430096299142,0.6223303535923153,0.6197202042018964,0.0
4870,CAT,0.6452927562232006,0.6190050652003105,0.624183521775413,0.0
4871,CAT,0.6479236282408761,0.6140648139617877,0.6266630586706291,0.0
4872,CAT,0.6507343681329526,0.6135147141456885,0.6285251916632332,0.0
4873,CAT,0.6532836996220966,0.6056621181248727,0.6282805525992768,0.0
4874,CAT,0.6564373881528823,0.6060255459319164,0.6281651089901502,0.0
4875,CAT,0.6594735628144598,0.60477312903444,0.6277961419414756,0.0
4876,CAT,0.6620540714525774,0.5991194951920948,0.6262522915401125,0.0
4877,CAT,0.6643060209053587,0.5949812878077241,0.6241032356162426,0.0
4878,CAT,0.6662629865640058,0.5855285493479216,0.6202962336602549,0.0
4879,CAT,0.6693735090767076,0.6065144573229528,0.6218856361225215,0.22963600585372704
4880,CAT,0.6743768401698792,0.6556208219828195,0.6340029217458971,0.1858876330851734
4881,CAT,0.6789502869290586,0.6794315765919958,0.6489556574899789,0.09576655933655993
4882,CAT,0.6826352057280386,0.6998628603827386,0.6654303543246163,0.053006394978178814
4883,CAT,0.6862385632129407,0.7164377738155119,0.6822708917119003,0.06600150119346868
4884,CAT,0.689909071187493,0.7351771165140366,0.6998821432050204,0.1043590038594231
4885,CAT,0.6933241657791772,0.7392761391408889,0.7148764655514562,0.16354661483964414
4886,CAT,0.6967884284351086,0.7382821406673665,0.7266523862547478,0.0
4887,CAT,0.6999157638202708,0.7330592313542963,0.7349195770319026,0.0
4888,CAT,0.7034459766737217,0.7259823772781362,0.7399703166459968,0.0
4889,CAT,0.7067675421605181,0.7155839509534436,0.7417142839573623,0.0
4890,CAT,0.7100795146784001,0.7042014225111244,0.7405954819884433,0.0
4891,CAT,0.7135209922766338,0.6946772038437977,0.7375968958857065,0.0
4892,CAT,0.7164396530690033,0.6787186974957553,0.7316733884090377,0.0
4893,CAT,0.7191976316320473,0.6547014392893304,0.7216300662429329,0.0
4894,CAT,0.7217493613634204,0.6375420560735312,0.7098055410236545,0.0
4895,CAT,0.7242195508590165,0.6205020406929344,0.6965824172626758,0.0
4896,CAT,0.7268600129180657,0.6058493566110158,0.6827676870740131,0.136820380368594
4897,CAT,0.729534051539333,0.5952838341905905,0.6693823732504619,0.11305766698458637
4898,CAT,0.7323184128161725,0.5830917208226156,0.6559813392714762,0.07560865356990563
4899,CAT,0.7334311934045009,0.567114416438204,0.641731721708983,0.05986467175912359
4900,CAT,0.7327381052062013,0.5500659665134302,0.6265666611973411,0.04648333615626015
4901,CAT,0.732882001203696,0.5406961908613249,0.6123651789597748,0.047088406780589245
4902,CAT,0.7325174490631526,0.5261135638614745,0.5977832349852396,0.12122832869997927
4903,CAT,0.7320150196582663,0.5143618699506572,0.583522169110235,0.0
4904,CAT,0.7311432594863839,0.5055120178092471,0.5701587142856487,0.0
4905,CAT,0.7307139750057031,0.49983641808670964,0.5582144222202321,0.0
4906,CAT,0.7303542386713929,0.495362655618581,0.5476709013676432,0.0
4907,CAT,0.7297786605364968,0.4856824425516578,0.5370980868156996,0.0
4908,CAT,0.7291790999793132,0.47743258472330175,0.5268177494058008,0.0
4909,CAT,0.7285363710620124,0.4680477534029113,0.5165207204142754,0.0
4910,CAT,0.7277353581576153,0.4569807862509341,0.5058388171175804,0.0
4911,CAT,0.7266921227881159,0.4454719100528156,0.49475141315735544,0.0
4912,CAT,0.7258719239458887,0.4354477019824173,0.48366751645847905,0.0
4913,CAT,0.7280510142025426,0.4813734877960098,0.4849436915623494,0.17080679984550823
4914,CAT,0.7290558782818907,0.49651083244573135,0.48930790626067244,0.1183551265491961
4915,CAT,0.7294348017250473,0.4933337390298591,0.49209757663026427,0.07423841151736475
4916,CAT,0.7305451890479681,0.506239178636027,0.49717964299584444,0.06519459314189988
4917,CAT,0.730088734051998,0.48573850089209225,0.4967174613139645,0.0642384048925039
4918,CAT,0.7293956385348438,0.4620779502302224,0.4911219831704978,0.07436516718830084
4919,CAT,0.7288248557133882,0.44104413290043054,0.48200001523983704,0.11538498060130328
4920,CAT,0.7283589951111772,0.4236578703269708,0.4708624642243284,0.0
4921,CAT,0.7276515133609466,0.41042728808991463,0.459030281466859,0.0
4922,CAT,0.7271814561275894,0.3992535647807042,0.4470966767056554,0.0
4923,CAT,0.7267042059240719,0.39146842209865096,0.4358303453643074,0.0
4924,CAT,0.7260279016155687,0.38297740180333656,0.42494193073239994,0.0
4925,CAT,0.7252364816800864,0.37657971407534335,0.41481818852390306,0.0
4926,CAT,0.724229219944018,0.36844554179314537,0.4049226596093474,0.0
4927,CAT,0.723596083995632,0.3651426324845946,0.39627674705249666,0.0
4928,CAT,0.7228790095692404,0.36151318059384074,0.3885584065096448,0.0
4929,CAT,0.7223489980366905,0.36096874295076076,0.38226348811454236,0.0
4930,CAT,0.7203416684129776,0.32725301448246247,0.3697810070106822,0.15639353175086018
4931,CAT,0.7180321599756899,0.29317872671763523,0.3522692833700919,0.0947220396091597
4932,CAT,0.7162838405126802,0.2789088020906416,0.33510821055947587,0.03843987176919338
4933,CAT,0.711506253337422,0.2601458290580024,0.31723531166860003,0.03277384911261093
4934,CAT,0.707790178175015,0.2492498407371729,0.3005304752965129,0.049862456847312636
4935,CAT,0.7049314702180681,0.24636620279715774,0.28652971817472495,0.040482758026736614
4936,CAT,0.7010894888024234,0.24181928543505055,0.27432486809057877,0.10276506233883645
4937,CAT,0.6987495948234604,0.24197003668652434,0.26459428334974927,0.0
4938,CAT,0.696703895666121,0.2433999740352305,0.2571256353623368,0.0
4939,CAT,0.6947565256111766,0.24656571148998602,0.2518499102533863,0.0
4940,CAT,0.6927635863190985,0.2494055839236774,0.2482565520230142,0.0
4941,CAT,0.6910656308211546,0.2601565214404652,0.24775634638775315,0.0
4942,CAT,0.689401250714413,0.27018411754662025,0.2495709037009221,0.0
4943,CAT,0.6874754622047395,0.2750314124230603,0.25209313612313966,0.0
4944,CAT,0.6856264174463856,0.2793642718286957,0.2550678890321634,0.0
4945,CAT,0.6838780988616383,0.2862942359107383,0.25897826184820005,0.0
4946,CAT,0.6823600115308498,0.2944301103056178,0.26390347118196816,0.0
4947,CAT,0.6793610102093263,0.2738476420400223,0.2632977394002435,0.12726578522156956
4948,CAT,0.6764855151422863,0.260295008745114,0.2598198829677736,0.10170022637149526
4949,CAT,0.6734757205597163,0.2503299566624994,0.2548366896415224,0.04083696725353365
4950,CAT,0.6729265210400571,0.2617863054024109,0.25338041494782304,0.05020915789847931
4951,CAT,0.6727994144946884,0.2726479975441495,0.2546143377059781,0.035670679933760226
4952,CAT,0.6722022545217671,0.28401984716954337,0.2581130931783119,0.0547385752618421
4953,CAT,0.6722969897738688,0.29971116243268886,0.26437772360967293,0.08331888745620139
4954,CAT,0.672216646902681,0.31170881616981216,0.2720392619983001,0.0
4955,CAT,0.6719960106669166,0.3231255395167495,0.2806900209057329,0.0
4956,CAT,0.6720823462161346,0.3353068047072748,0.2903010149942022,0.0
4957,CAT,0.6719840182847566,0.34364891509126916,0.2998322711806535,0.0
4958,CAT,0.6717705747263992,0.34793822034939104,0.3084046236150091,0.0
4959,CAT,0.6714348208143764,0.3496032774515549,0.31563025454828875,0.0
4960,CAT,0.6714779891744934,0.3579919678052799,0.3232635079878692,0.0
4961,CAT,0.6712045895604178,0.3652538357651897,0.3309739864106831,0.0
4962,CAT,0.6714396172988338,0.3819485057769563,0.3408295988283452,0.0
4963,CAT,0.6712405631938488,0.38169701876895873,0.34865854466611224,0.0
4964,CAT,0.6708856251005212,0.3775700813054684,0.3540102148385557,0.0485432262233192
4965,CAT,0.6703748255609226,0.37350385250975454,0.35739347275823696,0.0334573139236688
4966,CAT,0.6691409328617807,0.3569574765779499,0.3564456020435557,0.05585861840293596
4967,CAT,0.6693399837464696,0.3461947657859471,0.3533102242455738,0.06160104778799209
4968,CAT,0.6698208324843477,0.3453853917057792,0.3506231614729557,0.03763450951848966
4969,CAT,0.6706842011504627,0.3524084600959395,0.35002464501135233,0.03958177695109329
4970,CAT,0.670197358270784,0.347865618040277,0.348542487538486,0.06697336828021042
4971,CAT,0.6696769405854112,0.3445114909477798,0.34661596003759587,0.0
4972,CAT,0.6690533961421695,0.3417769159557496,0.3444707724560079,0.0
4973,CAT,0.6680533259124913,0.3379091626898171,0.34190038001129935,0.0
4974,CAT,0.6672043481635196,0.33729703647541287,0.3397088702149615,0.0
4975,CAT,0.666153918067334,0.33434334653682074,0.33730330248112905,0.0
4976,CAT,0.6649811776174833,0.3325882958435945,0.3349912230819222,0.0
4977,CAT,0.6636381619693917,0.326493167748922,0.3317953731932155,0.0
4978,CAT,0.6625877318732064,0.3257658128211839,0.32907804771841864,0.0
4979,CAT,0.6615253105658773,0.32350315370979266,0.3264044503671986,0.0
4980,CAT,0.6604724822274631,0.32931197999573686,0.3255485254687601,0.0
4981,CAT,0.6587601381544094,0.3211315628012297,0.32305703662665286,0.06644161278262484
4982,CAT,0.6566557025552585,0.31805709415476086,0.3203848101462362,0.13858413915564383
4983,CAT,0.6549853236226492,0.3120931527755857,0.3169298168430611,0.03345510563671869
4984,CAT,0.6533425262321956,0.3048588000552004,0.3125680236191097,0.03736134442276152
4985,CAT,0.6516793165566591,0.29876110323692634,0.3077318353354103,0.03062408176668256
4986,CAT,0.6503267044266027,0.28794941697797183,0.30147498662898,0.05057904596262209
4987,CAT,0.6484956514617853,0.27249282830884697,0.29305572395663604,0.11010121241578422
4988,CAT,0.6466621967416887,0.26879575717928517,0.28550376875460526,0.0
4989,CAT,0.644525362037624,0.2681051276307032,0.27930967029507514,0.0
4990,CAT,0.6426139656161106,0.26317886032148413,0.2732663628920565,0.0
4991,CAT,0.6407265489820967,0.2609892880666953,0.26794812215780156,0.0
4992,CAT,0.6390909477821002,0.2653681240748229,0.2646606510576185,0.0
4993,CAT,0.6374625413087899,0.2680942884001857,0.26263278215590724,0.0
4994,CAT,0.6356039035815207,0.26864468814455733,0.2611320498010714,0.0
4995,CAT,0.6341169933997054,0.2751329771254786,0.2613644848563519,0.0
4996,CAT,0.6326444726712629,0.28175020405180795,0.26301193142082036,0.0
4997,CAT,0.6316875740219977,0.2935422466717562,0.26693431089209196,0.0
4998,CAT,0.6308517842632505,0.3097291277594045,0.27364729252224873,0.11115169451794972
4999,CAT,0.630611961796902,0.33332428685184196,0.2842289680665969,0.11159865179665122
5000,CAT,0.6311827408125531,0.3761774684447263,0.30215897734039954,0.0804739513783796
5001,CAT,0.6325509347837498,0.41310875131846797,0.32465972713379254,0.06757578896019938
5002,CAT,0.6340438200783444,0.44692927319640874,0.35013001831033147,0.07433977188837462
5003,CAT,0.635428810820522,0.466153930759501,0.3747522607799441,0.082333549819064
5004,CAT,0.6366183369166948,0.4728240204970598,0.39592322869841523,0.10578003651181643
5005,CAT,0.6379721472896028,0.47913055360664336,0.41425288088219747,0.0
5006,CAT,0.6395010272959295,0.479631183290922,0.42902717304654603,0.0
5007,CAT,0.6414915660037451,0.48047656753508894,0.44103332061384204,0.0
5008,CAT,0.643161701891836,0.48050259114326566,0.4506439863117094,0.0
5009,CAT,0.6450731009481371,0.48534552710072226,0.459402142719126,0.0
5010,CAT,0.6477327515798031,0.4978765949533037,0.4691763131634864,0.0
5011,CAT,0.6504907301428474,0.5087394878969219,0.479394857244419,0.0
5012,CAT,0.6530424598742203,0.5162219132125403,0.48922228107056087,0.0
5013,CAT,0.6558579962507541,0.5240200839257406,0.4988065450698266,0.0
5014,CAT,0.6588390113410708,0.529077212615986,0.5075908873008876,0.0
5015,CAT,0.6619375414716121,0.5385781692204257,0.5167167678916209,0.10376894958635473
5016,CAT,0.664669140833911,0.5369047095066154,0.5236478675550252,0.0473454513815816
5017,CAT,0.6678588050474069,0.5488419959688039,0.5318292484507307,0.029167054037002496
5018,CAT,0.6711168223847174,0.5636581206468777,0.5416466822764263,0.03335860349699905
5019,CAT,0.6733519858984228,0.5619637624292781,0.5491264088280969,0.03377530724448408
5020,CAT,0.674553507597052,0.5608509765317713,0.5548644171859188,0.03050704255832693
5021,CAT,0.6755931508727834,0.5578570285888939,0.5587935724844095,0.07015462646053339
5022,CAT,0.676343799226606,0.5527233345814417,0.5608030552698551,0.0
5023,CAT,0.6774206073525203,0.5470216041128447,0.5611513419856726,0.0
5024,CAT,0.6788691474152008,0.5409898001087846,0.5600977709177979,0.0
5025,CAT,0.6801905788832333,0.5339182610503052,0.5576930749449553,0.0
5026,CAT,0.6817470380896818,0.5282123782993303,0.5545091015698989,0.0
5027,CAT,0.6833922322585934,0.5254911932499879,0.5513609146277002,0.0
5028,CAT,0.6852283265089126,0.526189295328783,0.5489965497749493,0.0
5029,CAT,0.6870342029071489,0.5304082394297732,0.54803686522371,0.0
5030,CAT,0.6883772185552403,0.5322883775094027,0.5476843699311457,0.0
5031,CAT,0.6896243045141822,0.5324146762152209,0.5474302683686412,0.0
5032,CAT,0.6895415666210615,0.5034947426213527,0.5408396528737112,0.0764398527779256
5033,CAT,0.6887597402400024,0.46834481463817335,0.5278038529312633,0.06512260298732642
5034,CAT,0.6881745685506832,0.444486967473652,0.5121059047436071,0.03136761198278331
5035,CAT,0.6869130907963356,0.4181998695559674,0.4937417071107476,0.04160125536696539
5036,CAT,0.6862991413712879,0.40335714774232356,0.4757721455804969,0.03988784552237801
5037,CAT,0.6850568243779108,0.3933999798208669,0.45919732949304015,0.036866025659852704
5038,CAT,0.6831214411427974,0.3783865137345933,0.442621562160248,0.08051745463129668
5039,CAT,0.681588960845586,0.3638314190671129,0.42614627097444197,0.0
5040,CAT,0.6801668034967007,0.3572002007462819,0.41150144932856686,0.0
5041,CAT,0.6786846868718014,0.3509536268059373,0.39840595690609715,0.0
5042,CAT,0.6771905819633003,0.3453795521942177,0.38669845787115936,0.0
5043,CAT,0.6757948049861767,0.34374537020724616,0.3769715288183206,0.0
5044,CAT,0.6746076750829532,0.3475662594948475,0.3700338774513041,0.0
5045,CAT,0.6731687297457131,0.34516913339505745,0.3639543206459215,0.0
5046,CAT,0.6719096525756273,0.34902594900209705,0.35994250186031956,0.0
5047,CAT,0.6696864820295908,0.3357420163198445,0.3537991217640903,0.0
5048,CAT,0.667216292533995,0.3251776392746885,0.3465511409851455,0.0
5049,CAT,0.6641321565408925,0.31006548168682585,0.33741504462892585,0.10277764957445205
5050,CAT,0.6612566641086405,0.30366045435278566,0.32869153599586526,0.06468889543032556
5051,CAT,0.658438729489878,0.30110078798645695,0.3211473942976141,0.026757150488351616
5052,CAT,0.6569434216544577,0.3002831904285669,0.3149315041453933,0.023961900866907207
5053,CAT,0.6561448028937308,0.303989317662892,0.31077733724340506,0.02297060085500454
5054,CAT,0.655012832269014,0.30549839686267866,0.307787303008959,0.02870309294878519
5055,CAT,0.6543365262039861,0.31016809148372704,0.3064266369234453,0.06698882628886116
5056,CAT,0.6529767208110145,0.30656258941569303,0.30454178317986497,0.0
5057,CAT,0.6519239179422139,0.3129121697639598,0.3044362855628149,0.0
5058,CAT,0.6510677442955389,0.31569069854781784,0.30496556080262305,0.0
5059,CAT,0.6504442013160682,0.32063895982128776,0.30648186727590904,0.0
5060,CAT,0.650120438615189,0.336029406656431,0.3110940878985532,0.0
5061,CAT,0.6498998003301452,0.3494272051830652,0.31774293818077776,0.0
5062,CAT,0.6494920991512606,0.3553620171341155,0.3243727969216291,0.0
5063,CAT,0.650146819279705,0.3847775935046091,0.33617348715473483,0.0
5064,CAT,0.6503794487758922,0.4036589697224593,0.34978423082925186,0.0
5065,CAT,0.6506480519055103,0.41317202161352234,0.36277390397225506,0.0
5066,CAT,0.6504058314896878,0.41493689638960096,0.37355543747213593,0.10691553766156103
5067,CAT,0.651643323894206,0.4301080451802316,0.38553140496066435,0.03581223112726203
5068,CAT,0.653367663569716,0.4509106594685072,0.39970670024235455,0.03556534464624016
5069,CAT,0.6552934517866355,0.46314019813478496,0.4137479852398011,0.030003994791092743
5070,CAT,0.6567899525953321,0.46746362375088046,0.4259358966369005,0.032358470337295955
5071,CAT,0.6579890517531358,0.46524328477610827,0.43519583572229054,0.06572656946818047
5072,CAT,0.6592217517717552,0.46352139524023356,0.44222348584078236,0.07370047281631889
5073,CAT,0.6604520535481458,0.4646087748757428,0.4480857675237959,0.0
5074,CAT,0.6617854771055848,0.46438532115558706,0.4527262402811258,0.0
5075,CAT,0.6631404868923613,0.4663369143230626,0.45686965259812695,0.0
5076,CAT,0.664624998831948,0.46152166656968086,0.4591208738937586,0.0
5077,CAT,0.6656994113504205,0.45660884337172836,0.45983679159740976,0.0
5078,CAT,0.6669321078559901,0.4522254739613772,0.45944140301371283,0.0
5079,CAT,0.6680784676413251,0.4482068871186839,0.45823753625824565,0.0
5080,CAT,0.6689130559369244,0.4486192622726344,0.45736552113847573,0.0
5081,CAT,0.6697260600524654,0.4485490984610352,0.45665241247469124,0.0
5082,CAT,0.6705534536213785,0.4431024475853777,0.4548789635954515,0.0
5083,CAT,0.6688099280080385,0.4090092237773897,0.4459302834691816,0.0975044811662935
5084,CAT,0.665673028051117,0.34881141979727737,0.4254758906222851,0.14350376082309038
5085,CAT,0.6627543672587474,0.30154217246476,0.3986723633606818,0.09197758058756773
5086,CAT,0.6595527124196167,0.254192505101335,0.36677176678318846,0.06183468454731332
5087,CAT,0.6552094992564291,0.20891921785392362,0.33125210964489216,0.06295759846144232
5088,CAT,0.650794334435067,0.18338589040153777,0.2971970246219596,0.09390232349328029
5089,CAT,0.6467245170801511,0.16955995817449157,0.2668993240599839,0.153103846681287
5090,CAT,0.6427961986515182,0.1597647971459672,0.24049777802485242,0.0
5091,CAT,0.6391053258180593,0.15493907241224225,0.21831071866474652,0.0
5092,CAT,0.6351770038763761,0.14976243769757686,0.19941774572333262,0.0
5093,CAT,0.6314021706083487,0.15491823981031388,0.18544209167908907,0.0
5094,CAT,0.6272795922171547,0.1541626513113924,0.17409468713746404,0.0
5095,CAT,0.6228236581561667,0.15228370245700235,0.16460177381121893,0.0
5096,CAT,0.6186123448025093,0.15314548541199385,0.15719777884937808,0.0
5097,CAT,0.6143698542998789,0.15554483699334948,0.1518045101175136,0.0
5098,CAT,0.6104847018893297,0.1677701595905022,0.15019001273176036,0.0
5099,CAT,0.6054316055133865,0.1556594912248176,0.1462236200650714,0.0
5100,CAT,0.5994084178138873,0.13284385956665373,0.13801138421531628,0.2427826005537942
5101,CAT,0.5926957378156604,0.10380096028728691,0.1250271027588627,0.09340523810081139
5102,CAT,0.5865778195481263,0.09198166574511452,0.1120292364412312,0.06399019343931196
5103,CAT,0.581683013599872,0.08239325764969763,0.09951322180995159,0.06959239660303634
5104,CAT,0.5787271771254153,0.08553507427899815,0.09019432016811929,0.08131906279418523
5105,CAT,0.5757725409430897,0.09091620661791039,0.08392769020278379,0.07153458497565474
5106,CAT,0.5733814931482878,0.0989653514230786,0.08069214198121749,0.13064247679697694
5107,CAT,0.5710312128365865,0.09971447637198427,0.07826915715316973,0.0
5108,CAT,0.5687264994199855,0.11243295247449081,0.07913980609882587,0.0
5109,CAT,0.5663282542637095,0.12743525706115127,0.08314977455938077,0.0
5110,CAT,0.563932410277204,0.1407564283467334,0.08929989901356844,0.0
5111,CAT,0.5598889738795584,0.11991370614592867,0.08961661894471507,0.0
5112,CAT,0.5555721378678368,0.09688817013931872,0.08478451313479213,0.0
5113,CAT,0.5507420780191664,0.07796399590063907,0.07673918451293738,0.0
5114,CAT,0.5464636138831046,0.07071752733666509,0.06870244709627044,0.0
5115,CAT,0.5405471503048173,0.03055933825850804,0.053403611613188684,0.0
5116,CAT,0.536724352192215,0.04646070540237174,0.04467656190302777,0.0
5117,CAT,0.5332421021340598,0.06895784439916258,0.0426637007062835,0.28448146220395426
5118,CAT,0.530071625614919,0.1044150835849536,0.04888459287338326,0.09333523540449302
5119,CAT,0.52893245704322,0.15357145742754053,0.06471811542310185,0.08510892485795746
5120,CAT,0.5278136823130909,0.1792059824688266,0.08304664354658692,0.06414698181276951
5121,CAT,0.5274503451023876,0.2033416528422162,0.10304013505952858,0.05417038302957978
5122,CAT,0.5265665934266074,0.22120387133727729,0.12298002584465823,0.13627890840842796
5123,CAT,0.5258543151919192,0.23697202266434078,0.1424145347458008,0.16633016054025299
5124,CAT,0.5248410598995584,0.2519445245390909,0.16126900886370876,0.0
5125,CAT,0.5238505876156164,0.26517322893606554,0.1792743153582913,0.0
5126,CAT,0.522778573046618,0.2756851407980363,0.19600024965458002,0.0
5127,CAT,0.5221430388560032,0.2854484863500026,0.2115373558255172,0.0
5128,CAT,0.5216993640436874,0.30711214235362444,0.22875173404010976,0.0
5129,CAT,0.521531487087676,0.3326533259214083,0.24816433104683636,0.0
5130,CAT,0.5208863599281467,0.34194432039775075,0.2657464426582967,0.0
5131,CAT,0.5250832838284315,0.41658574742530713,0.2962976380913789,0.0
5132,CAT,0.5285895139668407,0.4505910723958422,0.328249101887288,0.0
5133,CAT,0.5295224301938181,0.4186766665510188,0.34676157149123105,0.0
5134,CAT,0.5336244346996227,0.4634307764594444,0.3714560601485059,0.3808809165804147
5135,CAT,0.5385168503100114,0.4760148430968662,0.3939910018467869,0.14841057442622632
5136,CAT,0.5422353254711724,0.503690829805759,0.4181315479986858,0.07110264404821397
5137,CAT,0.5459406126421081,0.5299275896055141,0.44323870619094874,0.08127666368474319
5138,CAT,0.5490523333976617,0.5506883922299,0.46790971939918685,0.04943603663724713
5139,CAT,0.5510380849891537,0.5597734637358672,0.4896530832712792,0.08589352921133019
5140,CAT,0.5532108918628785,0.5532832510890601,0.5056143285637872,0.1464741275996782
5141,CAT,0.5550587410131683,0.5412131086801847,0.5157174807114262,0.0
5142,CAT,0.5570672706362582,0.5302080095312851,0.5213693866594694,0.0
5143,CAT,0.5591681281938418,0.5217625135186679,0.5240256164744805,0.0
5144,CAT,0.5611322885791749,0.5116692277542663,0.5239213701106753,0.0
5145,CAT,0.5647776167668509,0.5373442645580329,0.5295086306400628,0.0
5146,CAT,0.5687323182020335,0.5609549177144554,0.5391931513644017,0.0
5147,CAT,0.5729028614378021,0.5822291783877651,0.5516394583227102,0.0
5148,CAT,0.5760181780929278,0.5875326336327731,0.5627678392657999,0.0
5149,CAT,0.5787737584137432,0.5895614773927482,0.57211863990485,0.0
5150,CAT,0.5820857309316251,0.589101606208453,0.5794977120305969,0.0
5151,CAT,0.5816084830701403,0.5742990885884571,0.5821316459134738,0.1172902905818549
5152,CAT,0.5832416842713833,0.5804230761863479,0.5855913533765462,0.06804372496492687
5153,CAT,0.5870740779876881,0.5710277727008026,0.5862840473728617,0.04990242684110956
5154,CAT,0.5868752100743607,0.5476556448881446,0.5816761716174554,0.04835728846212026
5155,CAT,0.5871677959190204,0.5161491709245122,0.5710312665117888,0.05056535458353143
5156,CAT,0.5870286937711952,0.4998252116926022,0.5589099889268286,0.05261906144713019
5157,CAT,0.5861029684650995,0.475235666795352,0.5437820538977511,0.1157199777316344
5158,CAT,0.5849626031143197,0.452324305218338,0.5266194409909699,0.0
5159,CAT,0.5838977800517117,0.42988896024960704,0.5079342200892459,0.0
5160,CAT,0.5831159507431108,0.4060825445899101,0.48772809443452686,0.0
5161,CAT,0.5830631894140789,0.3973207825430298,0.4696280476011556,0.0
5162,CAT,0.5832118804322602,0.3947468702870861,0.4545795289571951,0.0
5163,CAT,0.5834277222328464,0.3958505058537105,0.44278446595887455,0.0
5164,CAT,0.5838354234117312,0.39867301135516575,0.4339718017096857,0.0
5165,CAT,0.5819480067777175,0.3879123419291207,0.4245450399456686,0.0
5166,CAT,0.5800030323302142,0.38347961452004165,0.41602460644760714,0.0
5167,CAT,0.5788590707871076,0.4015025012634406,0.4131888428449974,0.0
5168,CAT,0.579043735145966,0.43401386991970564,0.41810078020634067,0.0975086769114987
5169,CAT,0.5794802146460872,0.4643581409449463,0.4287322473328029,0.04449366961421448
5170,CAT,0.579919094730471,0.4875595810819051,0.44236175344771766,0.034042068308056915
5171,CAT,0.5812884889937989,0.511849231372759,0.45863003577213696,0.03460208987860384
5172,CAT,0.581823299645594,0.5319154456577773,0.47607653963902385,0.04380645071534143
5173,CAT,0.5829336796496601,0.5459942993205262,0.4931432361840832,0.048582312902336076
5174,CAT,0.5848127077054487,0.5573216540488589,0.5092983834234123,0.10248836398398815
5175,CAT,0.5873164708357222,0.5659140756378334,0.5241202465359001,0.0
5176,CAT,0.5895264545625506,0.57431556284512,0.5378333120663112,0.0
5177,CAT,0.5922618928689408,0.5792022183405141,0.5498830443543916,0.0
5178,CAT,0.5951277923322783,0.5809194554327965,0.5599021037834826,0.0
5179,CAT,0.5983630210988405,0.5840133620537228,0.5686006798567573,0.0
5180,CAT,0.6019483932307982,0.5857509677694582,0.5759433129829126,0.0
5181,CAT,0.6047495401539597,0.5786073454665426,0.5802396598662314,0.0
5182,CAT,0.6074259784812269,0.5726356636673235,0.5823578156840744,0.0
5183,CAT,0.6097690611387,0.5621010779723772,0.5817256434340479,0.0
5184,CAT,0.6119874352002791,0.5513111264282696,0.5788368079420807,0.0
5185,CAT,0.6146112091001473,0.5365966779140214,0.5732758669101344,0.05013164702653058
5186,CAT,0.6170262419520246,0.5230205637423314,0.5658286570279452,0.033067772105670065
5187,CAT,0.6184879697121753,0.5124176032934643,0.5575290907860104,0.02967186843379677
5188,CAT,0.6196918846762124,0.5158631162740639,0.5516504230478712,0.029053327259072028
5189,CAT,0.620155943961964,0.5070796593826666,0.5450075509661069,0.04259630946668324
5190,CAT,0.6210145114595548,0.5073622942000496,0.5397556767859369,0.04708310689190899
5191,CAT,0.6217699562978355,0.5113203117131554,0.5364283558254207,0.08143632283123586
5192,CAT,0.6223599230078413,0.5120137558081889,0.5339196549832056,0.0
5193,CAT,0.6230122484071069,0.5124412041461454,0.5320071016979604,0.0
5194,CAT,0.6234990889447524,0.5100057886432958,0.5299391666575467,0.0
5195,CAT,0.6240386934462178,0.5094545104997983,0.5281630618530913,0.0
5196,CAT,0.6243720491160117,0.5070362072535477,0.5262080650562847,0.0
5197,CAT,0.6248550551008786,0.507332054181268,0.5247094091662724,0.0
5198,CAT,0.6251788178017578,0.502952049049777,0.522543104751314,0.0
5199,CAT,0.6254929875337222,0.5019574623317484,0.520590394124228,0.0
5200,CAT,0.6258359361724312,0.5020268499807615,0.5190435507651732,0.0
5201,CAT,0.6263899301272685,0.4989296617921001,0.5171220227720597,0.0
5202,CAT,0.6263743389179942,0.4851630469871221,0.5125442688391701,0.09192590667293525
5203,CAT,0.6260613709419319,0.4633192247998413,0.5040575804275644,0.04036218555926081
5204,CAT,0.6258191461347963,0.44626914828707476,0.4935025039840374,0.040233221601374616
5205,CAT,0.6256080045025431,0.42849504388937154,0.48113280637075523,0.03926002954246282
5206,CAT,0.6255984094843489,0.41795500831784616,0.4689091477014427,0.026161133840517957
5207,CAT,0.625534859871092,0.4098033657094154,0.4573298270750379,0.029325829868715132
5208,CAT,0.6251223619149954,0.40906485616171373,0.44790326137074354,0.07082793315162075
5209,CAT,0.6249460922822002,0.40314466426575857,0.4390544593168905,0.0
5210,CAT,0.6252099003911317,0.41602863368073284,0.43482100577959476,0.0
5211,CAT,0.6248285810477797,0.417452398859237,0.4317486995529131,0.0
5212,CAT,0.624087524199101,0.4097311694288612,0.4275855230916908,0.0
5213,CAT,0.6232961042636188,0.4036817002517147,0.4229188799045877,0.0
5214,CAT,0.623221758754528,0.41235889615210775,0.42110203415814856,0.0
5215,CAT,0.6226269946818018,0.410778537978949,0.4192995154082585,0.0
5216,CAT,0.6221161690870814,0.41042821812770247,0.41778012782464796,0.0
5217,CAT,0.6213223509093705,0.40754613542314944,0.4159280732271246,0.0
5218,CAT,0.6210105794196349,0.41186191125619875,0.4153996233966087,0.0
5219,CAT,0.62018318292318,0.4079699190911645,0.41411726768436935,0.05987416739300905
5220,CAT,0.6192454705044989,0.4045407646132308,0.41233401084202564,0.04787234864787694
5221,CAT,0.6188113871973274,0.4103118503358649,0.412182022868462,0.03297811565549575
5222,CAT,0.6189085157148367,0.41557651974364607,0.41322320152182174,0.023902056290559328
5223,CAT,0.6196459708088599,0.4227841128706204,0.4156480328302139,0.027262848199925933
5224,CAT,0.6204757678895773,0.43088195990187783,0.41937641013215265,0.02865738140891799
5225,CAT,0.6215813540439735,0.4387349275187616,0.4240935395034493,0.05464096897864741
5226,CAT,0.6225142693926885,0.44455699844324625,0.4291531212294821,0.0
5227,CAT,0.6236006701947635,0.45212097733728673,0.43487138731417896,0.0
5228,CAT,0.6243848986238553,0.45691412421621674,0.4405046274813865,0.0
5229,CAT,0.6252938324285454,0.45738209235060356,0.44511457631480067,0.0
5230,CAT,0.6253657796954074,0.45720563069090064,0.448763561585196,0.0
5231,CAT,0.6256943388807442,0.4532767859650492,0.45081501459807627,0.0
5232,CAT,0.6264425904561092,0.44970231202322736,0.4516667090885428,0.0
5233,CAT,0.6272963646895383,0.448645874540163,0.4521147370596302,0.0
5234,CAT,0.6271284877335271,0.43942586183120563,0.45043680265430236,0.0
5235,CAT,0.6280374215382173,0.4459615571399047,0.45053794635812894,0.0
5236,CAT,0.628523062076486,0.442745310044299,0.4499085123452069,0.054668130908133716
5237,CAT,0.6290146993913431,0.43737456193555274,0.44821876727571713,0.03352444584695202
5238,CAT,0.6285806181334507,0.42010364046635623,0.44305246909536855,0.0577665783278277
5239,CAT,0.628954743335625,0.41605244839345734,0.43802467338382256,0.018169564196778683
5240,CAT,0.6293840307438475,0.41355633365335476,0.4334511382057223,0.018344018865837072
5241,CAT,0.629640644418847,0.41635624086406064,0.4304107050934904,0.023179063143094564
5242,CAT,0.6296598344552354,0.41427499396963663,0.4275186888220384,0.05942058525345724
5243,CAT,0.62937684362877,0.4094429943358283,0.4241378673815822,0.0
5244,CAT,0.6289691395223432,0.405660450783829,0.4205977874961674,0.0
5245,CAT,0.6283240152903556,0.3995437299703417,0.41641476819259465,0.0
5246,CAT,0.6276956758264273,0.3952173966490983,0.412112827147022,0.0
5247,CAT,0.6269042558909447,0.39199314548087044,0.40795915753359335,0.0
5248,CAT,0.6269162471020887,0.40576661015932225,0.4076782662627109,0.0
5249,CAT,0.6269402295243759,0.41410327892349597,0.4092948123109049,0.0
5250,CAT,0.6268682822575137,0.41858526788265205,0.41157795327462976,0.0
5251,CAT,0.6271200976915309,0.4254952837275764,0.414930630713174,0.0
5252,CAT,0.6276237285595648,0.4359785833899619,0.41992814239734716,0.0
5253,CAT,0.6284499238856266,0.4528164482534174,0.4276450078238227,0.0731996333360348
5254,CAT,0.630757031738652,0.48843885690197797,0.44168616106087605,0.05257423322204303
5255,CAT,0.6325521142903344,0.5188755845233008,0.4596414211001592,0.03885966711840857
5256,CAT,0.6347129328804572,0.5411781981065386,0.4789314442974194,0.037785556345876915
5257,CAT,0.6368231269542955,0.5536238293463119,0.4971122384137713,0.016977089243721342
5258,CAT,0.6394803761234368,0.5603904075710833,0.5131513583561957,0.02727985200944175
5259,CAT,0.6415548615063756,0.561425367377027,0.5262112383139392,0.0718289496261039
5260,CAT,0.6435645861520215,0.5599074953060343,0.5363239009758274,0.0
5261,CAT,0.6453968429220202,0.55810662566777,0.5440162861978748,0.0
5262,CAT,0.6474641265521722,0.5557046186950747,0.5496396806610377,0.0
5263,CAT,0.6495985621357457,0.5504093862389405,0.5529688769623717,0.0
5264,CAT,0.6517210065081754,0.5444074949270769,0.5543066401604875,0.0
5265,CAT,0.6541768065503991,0.5419197343824111,0.5548273972401695,0.0
5266,CAT,0.6561145862712162,0.5280157502178653,0.5521731315996342,0.0
5267,CAT,0.6581842693146139,0.5185238459823394,0.5479533116118447,0.0
5268,CAT,0.6594049746090397,0.5082475400947193,0.5423078030895875,0.0
5269,CAT,0.660548936152146,0.4949741688783915,0.534859803837778,0.0
5270,CAT,0.6616329390047461,0.48035374706178724,0.5256722987870607,0.07930135100787321
5271,CAT,0.6624723267123448,0.4664944746754634,0.5152612986056899,0.06334007376120071
5272,CAT,0.6630754881459219,0.45531408430482184,0.5044631674002624,0.06546378332111782
5273,CAT,0.663312911784533,0.4473346786936395,0.49406230947099977,0.045292407004067885
5274,CAT,0.6625262886262623,0.4422291740691303,0.4846140076571076,0.031116308927861228
5275,CAT,0.6618152106837053,0.4428579433599444,0.47719423788114274,0.03794764460801471
5276,CAT,0.660907475121867,0.43857363689872314,0.4703121786228921,0.07357901703406304
5277,CAT,0.6602985830252496,0.4375878509587043,0.4645888078846521,0.0
5278,CAT,0.6595982989292467,0.4332484846996417,0.4590517072016778,0.0
5279,CAT,0.6590514973590619,0.4302305196048991,0.4539554707748336,0.0
5280,CAT,0.6586581856335495,0.430231932419719,0.4498787936714358,0.0
5281,CAT,0.6580682180452809,0.4269998020629224,0.4459035949929874,0.0
5282,CAT,0.6574422768235814,0.42422064747468147,0.44210962449994284,0.0
5283,CAT,0.656902672322116,0.42192804429011654,0.4385680976056601,0.0
5284,CAT,0.6562551469203578,0.417493162060411,0.43475537608391235,0.0
5285,CAT,0.655514090071679,0.4157297330353152,0.4313157231934828,0.0
5286,CAT,0.6553821867490984,0.4165293495751668,0.4287406063387979,0.0
5287,CAT,0.6554157650678428,0.42327738978911916,0.4281709031495096,0.0439243732384771
5288,CAT,0.655538075421508,0.4286597705284161,0.4289039076712729,0.05803289773401051
5289,CAT,0.6558210694682695,0.43191109819571477,0.43020840825399664,0.021363188784022248
5290,CAT,0.6561736113686477,0.43240579727221967,0.4313612692875292,0.018302723899870085
5291,CAT,0.656419429733322,0.4287105779061166,0.43146742203565314,0.02145328689158658
5292,CAT,0.656789954059103,0.428523606843711,0.4315110493028953,0.029743637759675222
5293,CAT,0.6571772751558643,0.42981271883841515,0.4318306678558404,0.07260008342908097
5294,CAT,0.6575671103084079,0.4322209602300836,0.43261825336319837,0.0
5295,CAT,0.6574927656775796,0.42917461344582414,0.4325754974324083,0.0
5296,CAT,0.6576462552294978,0.42691616993693376,0.43204248678568985,0.0
5297,CAT,0.6576582464406414,0.4247008593250758,0.43112679881377064,0.0
5298,CAT,0.6579844073837494,0.42609404062935674,0.43070195020274665,0.0
5299,CAT,0.6581546825819894,0.42439942096685945,0.42998779306161883,0.0
5300,CAT,0.658274594693426,0.4244542560454604,0.42942857837152487,0.0
5301,CAT,0.6585743749720178,0.4250792449976073,0.4291192433588424,0.0
5302,CAT,0.6597183365151241,0.4429412229547049,0.4328168197976118,0.0
5303,CAT,0.6601740025385835,0.44225931997622864,0.43562427402444465,0.0
5304,CAT,0.6603226909219776,0.43245561878616523,0.43570496561733413,0.04717033422643818
5305,CAT,0.6602483483404286,0.42166617071779605,0.4333865323987042,0.03585661769495917
5306,CAT,0.6603466751007899,0.4189258276899731,0.4309265462990398,0.023857890551557206
5307,CAT,0.6600348992197417,0.4143243361995211,0.4279422596439588,0.020383371864260133
5308,CAT,0.6598848187902301,0.4142872672743816,0.425546643177479,0.025542151008403194
5309,CAT,0.6597984782641914,0.4147850596209273,0.4237400937595819,0.036414430978555984
5310,CAT,0.6595370707395217,0.40966825941462304,0.4211647439822343,0.041443362850032806
5311,CAT,0.6594375422232585,0.4052101142852428,0.41811982624750227,0.0
5312,CAT,0.659094594170058,0.39961904613855403,0.41444903372495767,0.0
5313,CAT,0.6585995934609971,0.3938339789808315,0.4102346942292872,0.0
5314,CAT,0.6581042365286519,0.39110236083534644,0.40625991010894824,0.0
5315,CAT,0.6579291648459543,0.3911741170069161,0.4030959310735475,0.0
5316,CAT,0.6577397037098843,0.39149173200132215,0.40063489714636163,0.0
5317,CAT,0.6577277124987405,0.3953978276446161,0.3995287807845457,0.0
5318,CAT,0.6576773494119376,0.40112104354438183,0.3999079325376936,0.0
5319,CAT,0.6577516949210281,0.40570309279836225,0.40122325765097056,0.0
5320,CAT,0.6573367963806694,0.4006901273422082,0.40116834072049706,0.043045916689724864
5321,CAT,0.6570529916975881,0.40034813594448027,0.40104887403704353,0.032401090275433
5322,CAT,0.655882649197212,0.39925411914117603,0.4007116731993465,0.01977211803647074
5323,CAT,0.6553982039742531,0.3985163071537558,0.40027895739105657,0.01469504550948161
5324,CAT,0.6553850153985202,0.3989908262978563,0.4000375883176814,0.02409130648218343
5325,CAT,0.655328052754275,0.39572299265802424,0.39912275054022084,0.03840586415016174
5326,CAT,0.6550786335132076,0.3951594686423247,0.3982664188898873,0.06434528598088904
5327,CAT,0.6549970947412015,0.3960338374026123,0.39777446900355296,0.0
5328,CAT,0.6546559911798463,0.39508468227868887,0.3971712761433203,0.0
5329,CAT,0.6543706026966606,0.3962481124939565,0.3969456801787569,0.0
5330,CAT,0.6543466217381441,0.39731321206408204,0.39700044416021646,0.0
5331,CAT,0.6544593391228944,0.4006887640157478,0.3977897888199483,0.0
5332,CAT,0.6546799774079378,0.4035363862622389,0.3990501980490017,0.0
5333,CAT,0.6550166906168521,0.40673781348298965,0.4007656012508444,0.0
5334,CAT,0.6552780990197843,0.40933008589226966,0.4027104600623839,0.0
5335,CAT,0.6554387812491095,0.41126558182072287,0.40469382594328707,0.0
5336,CAT,0.6558440841857655,0.4179136428580796,0.40774882727287015,0.0
5337,CAT,0.6554315862296692,0.40943100808854815,0.4083193308274648,0.03937861455168352
5338,CAT,0.6551917620067956,0.40888748246161516,0.40865568914065653,0.025439244836528246
5339,CAT,0.6552133453085917,0.4139203264267333,0.4100363432332108,0.038516057668972044
5340,CAT,0.6552445236285819,0.4093669159023188,0.4101351880232632,0.029115159293675003
5341,CAT,0.6551601957875192,0.40687832310141686,0.4096646265621459,0.02592308050729651
5342,CAT,0.6550738625803348,0.4039862753591442,0.4086494319576091,0.03327181781985988
5343,CAT,0.6548700105271216,0.39933609598494596,0.40681022516179577,0.07848914306762415
5344,CAT,0.65464097927254,0.3962111574721343,0.404648677408115,0.0
5345,CAT,0.6547962669206214,0.39816618983196883,0.40335123290557356,0.0
5346,CAT,0.6546571720916504,0.3955302950918013,0.4017311065082567,0.0
5347,CAT,0.6544605162288945,0.39357690353050756,0.4000035740811748,0.0
5348,CAT,0.6548629652572985,0.40292884002824153,0.4006870419641915,0.0
5349,CAT,0.6550284439710811,0.40713379572956837,0.4021625340860282,0.0
5350,CAT,0.6553138347963005,0.4129574180214111,0.40462914865165645,0.0
5351,CAT,0.6553402154608164,0.4144837083591311,0.40693954088947604,0.0
5352,CAT,0.6552442857716673,0.41317566475148926,0.40849895665367536,0.0
5353,CAT,0.6554865082367692,0.42006029205495216,0.4112670465511099,0.0
5354,CAT,0.656309108541521,0.4374846408647102,0.41732990696852873,0.07993292107560357
5355,CAT,0.6574037825766749,0.4563913424078435,0.42635598020989063,0.09140320515184512
5356,CAT,0.6573905940009418,0.4527278520347641,0.4327677104749369,0.03961666788490496
5357,CAT,0.6584734038802657,0.4586161367290579,0.43919759706709394,0.024812974657478132
5358,CAT,0.659403923036031,0.46559680492966293,0.44588327547751105,0.030400382298636803
5359,CAT,0.6604351715856994,0.4779781557962294,0.45396639662843286,0.03381814801131614
5360,CAT,0.6617446097933092,0.48425109017042683,0.46181835069119437,0.08911829064457025
5361,CAT,0.6629161534640792,0.4865168303483334,0.46860033140541596,0.0
5362,CAT,0.6643694850343961,0.4923161042191017,0.47530675918724646,0.0
5363,CAT,0.6658899723639388,0.4948686449987086,0.4812356624282829,0.0
5364,CAT,0.6674368386014721,0.4968480518651924,0.4864159621405511,0.0
5365,CAT,0.6688661909697976,0.49920573378663075,0.49108092587491303,0.0
5366,CAT,0.670633695492375,0.5027827704040093,0.49560293078165,0.0
5367,CAT,0.6724131912260954,0.5047247711277194,0.49964945020527074,0.0
5368,CAT,0.6735139844090844,0.5017141925492292,0.5022217412695306,0.0
5369,CAT,0.6747898492747709,0.49875709527440404,0.5036264616707399,0.0
5370,CAT,0.6759338108178773,0.49517570635205327,0.5039592428106886,0.0
5371,CAT,0.6783296559753994,0.514492437700109,0.5084918129145897,0.09935635060265255
5372,CAT,0.6798813175263735,0.5083857380789427,0.5107691269099338,0.04243775446366562
5373,CAT,0.6815816680462502,0.5135251988195879,0.5137260932157451,0.03424810148050182
5374,CAT,0.6827503500449271,0.5174342879575718,0.5169550381916082,0.02379186277174903
5375,CAT,0.6835095201801266,0.5163045699297765,0.5192886816129897,0.020765184677933493
5376,CAT,0.6851690997038523,0.5150296415745839,0.5208740122476793,0.02699785376591319
5377,CAT,0.6862902750182437,0.5108560700397164,0.5212204905313449,0.0766288821408547
5378,CAT,0.6869186133111552,0.49908481157479406,0.5188978413829092,0.0
5379,CAT,0.6874558160573417,0.4944930964375747,0.5160255835204564,0.0
5380,CAT,0.6880961502454638,0.4894296551312579,0.5126094519774973,0.0
5381,CAT,0.6888468000630575,0.4850541766413685,0.5089101668064093,0.0
5382,CAT,0.6892616959686285,0.4786679642508824,0.5045402626404454,0.0
5383,CAT,0.6900483194196533,0.4795778110327486,0.5012452905127864,0.0
5384,CAT,0.690789376268332,0.4794946079295391,0.4985909363497075,0.0
5385,CAT,0.6913697508876858,0.4770845614652534,0.49593516368105384,0.0
5386,CAT,0.6916407522595326,0.4707292859978443,0.4924069023289995,0.0
5387,CAT,0.6912450422917914,0.4513569858227594,0.4853056749749561,0.0
5388,CAT,0.6914429004959578,0.4446285075836393,0.47813862330758855,0.059607847986826244
5389,CAT,0.6916045660865681,0.43865462599135246,0.47108557443267446,0.027088614359562554
5390,CAT,0.691729274389708,0.4326241990281131,0.4641112390291502,0.022214262574593174
5391,CAT,0.690876701033918,0.4303631903770943,0.4580323982600611,0.019655299656810125
5392,CAT,0.6911213264253159,0.4311811258298217,0.4533499770667714,0.01884242923047604
5393,CAT,0.6908767083527726,0.43242722510584997,0.44987925694666375,0.024236390934805407
5394,CAT,0.6905833833038125,0.43319483741467135,0.44727221776777176,0.042053512534347144
5395,CAT,0.6904442823270044,0.43377870277961506,0.445315540498077,0.0
5396,CAT,0.6901313140581878,0.431162460017727,0.44317236827576756,0.0
5397,CAT,0.6899106754803904,0.42881840074794425,0.440940115268823,0.0
5398,CAT,0.6900953401320026,0.42786412626228465,0.43894354923611273,0.0
5399,CAT,0.6900090034117684,0.42690975902947575,0.4371355122984053,0.0
5400,CAT,0.690030587591827,0.42771592528153196,0.43586713479293543,0.0
5401,CAT,0.6900281893495982,0.4281425096350347,0.4349466493551583,0.0
5402,CAT,0.6900929418897742,0.4275669473349589,0.43408314076873583,0.0
5403,CAT,0.6898651088780442,0.42751258606981485,0.4333803275245028,0.0
5404,CAT,0.689490983090362,0.42421775548343904,0.4320903717921982,0.0
5405,CAT,0.6893015248818336,0.423770879701025,0.43095970902024094,0.04596902612558042
5406,CAT,0.6890760895268243,0.4188113066571154,0.4289597941732202,0.028575233134374038
5407,CAT,0.6889609736070911,0.4034238148850585,0.42396133951476217,0.02269279835668118
5408,CAT,0.6885544697927956,0.39428949067594493,0.41794514439812896,0.014003851694098375
5409,CAT,0.6876157754766005,0.3759106333582908,0.40907298449141666,0.033445389174138224
5410,CAT,0.6873999351397854,0.3759444114832292,0.40198271689348664,0.025456248646044063
5411,CAT,0.6869118919679754,0.37340631036868904,0.3957499309827983,0.04323428356656892
5412,CAT,0.6863339120778004,0.3727814660203705,0.3906256974524452,0.0
5413,CAT,0.6856456171436617,0.3712631455196628,0.38619097028246424,0.0
5414,CAT,0.6847103009179304,0.365412673676157,0.3813510376141922,0.0
5415,CAT,0.6839596511003366,0.36543331967492726,0.37748365141034124,0.0
5416,CAT,0.6835087815613347,0.36940370926552946,0.37526665336116144,0.0
5417,CAT,0.6831826206182269,0.3755235194758915,0.3748446926495538,0.0
5418,CAT,0.6828036983460869,0.38070800044408143,0.375652182478234,0.0
5419,CAT,0.6824439620117767,0.3855005295218713,0.37735666519140837,0.0
5420,CAT,0.6824151831050319,0.3981800860142206,0.3815206922803611,0.0
5421,CAT,0.6821369870064987,0.4030465766297686,0.3859267401457264,0.0
5422,CAT,0.6826622052748875,0.4229830513765698,0.3938548018223336,0.04110350748841146
5423,CAT,0.6830723041104928,0.43665190325689807,0.4032161905197789,0.03354962031818323
5424,CAT,0.6841611057895837,0.45815255041412073,0.41545399218373763,0.05604278953457482
5425,CAT,0.6851693731362546,0.47506684024030116,0.4289799690166722,0.03424434739268664
5426,CAT,0.6860783089902239,0.4810541471336669,0.44112312317211166,0.02619823306127974
5427,CAT,0.6875987936849791,0.48628192364872097,0.45199226726525044,0.034757111622501294
5428,CAT,0.6884213890129097,0.4778071360954759,0.45881581818796513,0.08465821349144079
5429,CAT,0.6897931818112205,0.4704414762788439,0.4626478595066103,0.0
5430,CAT,0.6904646884642495,0.4634288167383536,0.4641646577315432,0.0
5431,CAT,0.691277690530511,0.45732255591015303,0.4640294511367064,0.0
5432,CAT,0.6922417839064624,0.4560953913683877,0.46365025100260204,0.0
5433,CAT,0.6930859651709768,0.45065610661072547,0.4621455558477205,0.0
5434,CAT,0.6943474405832909,0.4495275496948217,0.4606925436107988,0.0
5435,CAT,0.695596924784461,0.4520391661524325,0.46008485618110884,0.0
5436,CAT,0.696700116209679,0.4539246798363624,0.4600151458561945,0.0
5437,CAT,0.6975418992319645,0.4519986786457295,0.4595339957979001,0.0
5438,CAT,0.6983165314718457,0.44860816530130704,0.458400237863293,0.0
5439,CAT,0.6991978872474304,0.4481332964852705,0.4573883507128671,0.03659197724934452
5440,CAT,0.6994772845163572,0.4434241517279059,0.4555387666273692,0.03021400288004784
5441,CAT,0.6995936010209759,0.430751932258024,0.45126027891505516,0.04162444237994151
5442,CAT,0.6991163751160546,0.424258899811797,0.4464034201515611,0.02347762353874892
5443,CAT,0.6990408299003411,0.42557952320645315,0.4428096095723855,0.02701905332063421
5444,CAT,0.6986668730318194,0.43131130655955746,0.44120049818241186,0.039366689802152945
5445,CAT,0.6988936989691757,0.4487005074757052,0.4437538347116746,0.12362144926780934
5446,CAT,0.6994309037646415,0.4618303345637894,0.4486963928272041,0.0
5447,CAT,0.7000016865860971,0.4735731244627407,0.4552439834510171,0.0
5448,CAT,0.7010137450993769,0.4795460849033346,0.46180126004304944,0.0
5449,CAT,0.7021433171891106,0.48592968482083454,0.468456980347965,0.0
5450,CAT,0.7031313929873494,0.4865631883777499,0.47392147388977907,0.0
5451,CAT,0.7034551556882281,0.4723360071205948,0.4751508152406057,0.0
5452,CAT,0.7039348041339751,0.4678247035095376,0.47513790968330655,0.0
5453,CAT,0.7044216473064081,0.4598286848184218,0.47336156306307103,0.0
5454,CAT,0.7046614715292815,0.4514432520457874,0.4700884565520391,0.0
5455,CAT,0.7046662680137393,0.4433482061637349,0.465682077757329,0.0
5456,CAT,0.7015701361254266,0.3723826429155905,0.44648332972946175,0.175959395786191
5457,CAT,0.6989716383285599,0.3246822170146838,0.42058908706583814,0.06308236667412331
5458,CAT,0.6963023967772578,0.28540476922150443,0.3911987702720503,0.04350303208839684
5459,CAT,0.6933921274906555,0.2536489073418171,0.3606728318504027,0.04932959720625201
5460,CAT,0.6904650687519273,0.2262982257015549,0.33021133607140274,0.03984677138510603
5461,CAT,0.6879984757414116,0.20795986682944692,0.30179188023030457,0.04896434654470445
5462,CAT,0.6854083477865026,0.19699135840372153,0.2766337813128019,0.12406862737520584
5463,CAT,0.6824693031062056,0.190122193604,0.25499015998285063,0.0
5464,CAT,0.6792962600111835,0.18724296282209163,0.23703934827155343,0.0
5465,CAT,0.6753415571122302,0.18437304616134773,0.22204484139700809,0.0
5466,CAT,0.6714324222793936,0.18559250802857094,0.21031856952220931,0.0
5467,CAT,0.6672354983791088,0.18515274975476317,0.20084042582833309,0.0
5468,CAT,0.663156088348032,0.18731744283619348,0.1937360108039908,0.0
5469,CAT,0.6589903415967208,0.19224787597529905,0.1891414274962943,0.0
5470,CAT,0.6549612946524473,0.1979392203552027,0.1867227664632184,0.0
5471,CAT,0.6513519400982025,0.19971254777901093,0.18517949949672674,0.0
5472,CAT,0.6478505064442507,0.21309372836815682,0.18690028942531464,0.0
5473,CAT,0.6441787958355337,0.2184694656034332,0.18946422113922895,0.06162379314357818
5474,CAT,0.640462118770536,0.22237366895124194,0.19237765935282747,0.03794764460801471
5475,CAT,0.6368347776923299,0.2283799782735271,0.19603497954031107,0.025932576141181968
5476,CAT,0.6360457539497971,0.23007809279258218,0.19933588582601705,0.016775251816481637
5477,CAT,0.6348898067578769,0.23328094124434984,0.20268400057008323,0.026571212727152675
5478,CAT,0.6337818200192183,0.235926340459295,0.2059467623444589,0.04501968356572977
5479,CAT,0.6327601664877441,0.23937951995269025,0.20931965026598473,0.07822525277708646
5480,CAT,0.6319903327815998,0.2450261657379901,0.21326509396457186,0.0
5481,CAT,0.6309926631361839,0.24757766137472711,0.2169849791059509,0.0
5482,CAT,0.6300141791358437,0.2529242954609192,0.22114175919038767,0.0
5483,CAT,0.6289973244308605,0.2574003850962129,0.22545578444258624,0.0
5484,CAT,0.628009248632622,0.26324309087147396,0.2301974403419315,0.0
5485,CAT,0.6271794568214796,0.26963999314092063,0.23540360208589337,0.0
5486,CAT,0.6263064966502202,0.2762482188999662,0.24102804197931332,0.0
5487,CAT,0.6257644939065267,0.28589624922349127,0.2476584837967359,0.0
5488,CAT,0.6254071558144453,0.29866581268605297,0.2557831573503881,0.0
5489,CAT,0.6249742730921587,0.3090612205108098,0.2645788538992129,0.0
5490,CAT,0.6235017488506659,0.29603130281329026,0.2687375885026223,0.07950848832379316
5491,CAT,0.6224537134836589,0.29086775170566104,0.2709241404126279,0.07957473693229634
5492,CAT,0.6208372990997545,0.2859271688819621,0.2715821915422424,0.06822436283744557
5493,CAT,0.6194463215346305,0.28081755548672516,0.27098010950130824,0.03354542457297803
5494,CAT,0.6183113574984406,0.2811329224206837,0.2705680966570243,0.04856133417631007
5495,CAT,0.6171853810155249,0.28384519323786783,0.2708375258024826,0.04038382677137185
5496,CAT,0.6163292141021962,0.28795471139064577,0.27196070834084773,0.10269881373033327
5497,CAT,0.6153926972915796,0.29071234877698776,0.2734683135747949,0.0
5498,CAT,0.6146324512847748,0.2960288802862174,0.27584862119724896,0.0
5499,CAT,0.6140086234437782,0.3037335876598517,0.2794545496692405,0.0
5500,CAT,0.613243584172812,0.30903421579828766,0.28351000342092225,0.0
5501,CAT,0.6126584130690008,0.3143346003132895,0.2879250235890298,0.0
5502,CAT,0.6118669931335189,0.3167748224406653,0.2919959937397423,0.0
5503,CAT,0.6111475204648983,0.31974593607358365,0.2959089780010229,0.0
5504,CAT,0.6102793567780967,0.3205995169711559,0.299227889580761,0.0
5505,CAT,0.6093320510977468,0.32078418064374203,0.3019238041594927,0.0
5506,CAT,0.6092265284396822,0.33948972214937273,0.3082118919834805,0.0
5507,CAT,0.6080525891614713,0.33562344616483225,0.3123884461395705,0.0749402051101085
5508,CAT,0.6060740393227656,0.3204657666108352,0.3123819236276152,0.044274386720068934
5509,CAT,0.603878473739219,0.3042086458338379,0.3087861142383792,0.054172591316529885
5510,CAT,0.6031446122027347,0.3008222058943213,0.30516152850217215,0.03749627075541301
5511,CAT,0.6019850641344208,0.29428588782817283,0.30081823114123396,0.03424655567963675
5512,CAT,0.6010065772065386,0.2920051120023086,0.29683985497486054,0.05276017098324197
5513,CAT,0.600246331199734,0.2934594454196261,0.29397836202828165,0.09937732932867856
5514,CAT,0.5992990225918423,0.2948740460411823,0.29200160016549964,0.0
5515,CAT,0.598207823841539,0.29529149993569204,0.2905123906641649,0.0
5516,CAT,0.5971334089810331,0.2978225090610313,0.2898800285396494,0.0
5517,CAT,0.5961045630649059,0.3001808716572073,0.289895013140236,0.0
5518,CAT,0.5955961357124141,0.3159250046976374,0.2933842923504183,0.0
5519,CAT,0.5947498439947386,0.32452983499388605,0.2980762016600209,0.0
5520,CAT,0.5942653990645342,0.3378415301747708,0.30476978587549985,0.0
5521,CAT,0.5937905471032449,0.34929007239671117,0.3126532090466484,0.0
5522,CAT,0.5935027580357967,0.3600482729071434,0.3213360326568968,0.0
5523,CAT,0.5936322631161483,0.3777418349961572,0.33219013921283197,0.0
5524,CAT,0.5938912700565558,0.39216869237026175,0.3440597789439482,0.13402203914541944
5525,CAT,0.594373314695252,0.40682139376000803,0.35679172573137424,0.03790480384118265
5526,CAT,0.5942486066848663,0.4232338167978467,0.3706021750156323,0.0636604961976611
5527,CAT,0.5950989477900467,0.43694186682632136,0.38467813120752814,0.022797029500726193
5528,CAT,0.5963892032801222,0.4435688064245524,0.39740253984810414,0.033460405525398945
5529,CAT,0.5979552332061681,0.4487251487711948,0.40872091038696445,0.030185295149696457
5530,CAT,0.598976886737642,0.4491209895706193,0.4178630332806861,0.07494395919792368
5531,CAT,0.6002395627348417,0.448882189136068,0.4251239894900025,0.0
5532,CAT,0.6014338905850473,0.44834884099312566,0.4308149577534339,0.0
5533,CAT,0.6027409346489866,0.4517401600128732,0.4361167481957679,0.0
5534,CAT,0.6040215959991307,0.4523186152052469,0.4404859397178023,0.0
5535,CAT,0.6053981870384239,0.4522864209231189,0.4439741824197691,0.0
5536,CAT,0.606606901121706,0.44917656534200023,0.44607792552113584,0.0
5537,CAT,0.6078419958695044,0.44594052968892484,0.44704620047226895,0.0
5538,CAT,0.6084223704888579,0.44199261312680765,0.4469488729727335,0.0
5539,CAT,0.6095951109387087,0.44608062730229997,0.44777390076889645,0.0
5540,CAT,0.61074866545073,0.45406837389520655,0.4501981181823844,0.0
5541,CAT,0.6108733755103951,0.43857454674639285,0.44871548381528664,0.0804845511557401
5542,CAT,0.6115736625339395,0.4392046917460425,0.4476685518395075,0.043936297988007675
5543,CAT,0.6110280659399528,0.4220901723318048,0.4430510475122569,0.04546906996007638
5544,CAT,0.6106947140759628,0.41316467043971256,0.43738573371865797,0.020944055920892095
5545,CAT,0.6104632845791528,0.4114067047757335,0.43246521366336454,0.027130130154224552
5546,CAT,0.6100184080109349,0.41046012623758316,0.42831973373962207,0.03721162256754432
5547,CAT,0.6097040705308264,0.4134345260134781,0.42566028372770676,0.08326345945375373
5548,CAT,0.6093203506032124,0.4104734964325211,0.4228787427682772,0.0
5549,CAT,0.6091908425953189,0.4137941978299495,0.4213869290344987,0.0
5550,CAT,0.6092091177866102,0.4162305300896675,0.42073157293707886,0.0
5551,CAT,0.6090604267684286,0.41448474987669365,0.4198217103501815,0.0
5552,CAT,0.6087126816452623,0.40901335306319003,0.4178853928781234,0.0
5553,CAT,0.6083745294910107,0.40918406736294355,0.41637404331945055,0.0
5554,CAT,0.6081131210880787,0.40932397976428736,0.41519586510143475,0.0
5555,CAT,0.6076118884622733,0.4044389361232582,0.41317439866175704,0.0
5556,CAT,0.6072737363080217,0.4014717368297724,0.4109018819008296,0.0
5557,CAT,0.6079932089766421,0.4209377138366149,0.41338317648127054,0.0
5558,CAT,0.6067053511432866,0.3932176229768896,0.40924587839108323,0.0885618023331435
5559,CAT,0.6052184374484214,0.37508715788000224,0.4019316966788663,0.07036330957731841
5560,CAT,0.6040648849856795,0.3734253507428457,0.39571332011930216,0.03019589492705697
5561,CAT,0.604184797097116,0.37783620431364306,0.391712811843798,0.031197353058930125
5562,CAT,0.6039977344960291,0.3883543523863637,0.3908354716702811,0.031591311450829065
5563,CAT,0.6048910738711489,0.4020877337238808,0.3931667910369403,0.040840279683958806
5564,CAT,0.6055194121640607,0.4120347125927647,0.3972287630119934,0.06312962401485558
5565,CAT,0.6058203927347833,0.4182518567486464,0.4018514757565277,0.0
5566,CAT,0.6060997900037101,0.4230256638875762,0.4066040018246605,0.0
5567,CAT,0.6061909504111206,0.426414779826371,0.41115455193237643,0.0
5568,CAT,0.6066634041301809,0.4315789543459787,0.4159355654797158,0.0
5569,CAT,0.6071670349982151,0.4416749381305749,0.42199020242539154,0.0
5570,CAT,0.60785384360768,0.45292022198681964,0.4293175755918701,0.0
5571,CAT,0.608784361592429,0.46273814244884875,0.437347886420245,0.0
5572,CAT,0.6096908971548903,0.4652768059641694,0.4443328311286369,0.0
5573,CAT,0.6106501940463841,0.47218185999796003,0.4514458556839748,0.0
5574,CAT,0.6114152333173503,0.4728306653992034,0.4572795722325828,0.0
5575,CAT,0.6126215488656491,0.47681917955009195,0.46282745942445797,0.04738012148669827
5576,CAT,0.6137751036704245,0.4788795336333985,0.4677208245172196,0.03140824446266526
5577,CAT,0.613829065584342,0.4784808960079696,0.47154747241428874,0.04121833840981698
5578,CAT,0.61657025469526,0.4905578923376037,0.47727614859366757,0.037702524756552926
5579,CAT,0.6189876869603824,0.49574935331131964,0.48300568955791356,0.03140846529136027
5580,CAT,0.6208475249797826,0.4993613741357289,0.4883870829545295,0.02741831160121341
5581,CAT,0.6225214933713722,0.5025944512717686,0.49340626377576,0.07522684075623227
5582,CAT,0.6242143640102827,0.5111621183112073,0.49931388639744,0.0
5583,CAT,0.6254038944977681,0.5114755053727684,0.5041092000033096,0.0
5584,CAT,0.6265622460797554,0.509011723026827,0.5074012932985973,0.0
5585,CAT,0.6276414550826855,0.5027504274061975,0.5086520813591912,0.0
5586,CAT,0.6290780021776975,0.5042335837862664,0.5099802857111901,0.0
5587,CAT,0.6305720831037763,0.5053184232139174,0.5112824497438759,0.0
5588,CAT,0.6319270899630111,0.5048790131389,0.5122271316801079,0.0
5589,CAT,0.6330614585372024,0.5051501050546641,0.5130427513180662,0.0
5590,CAT,0.633680205032216,0.49722611785703136,0.5119451339232446,0.0
5591,CAT,0.6347690070040611,0.5013189571200259,0.51197099548497,0.0
5592,CAT,0.6364885460965551,0.5120804509700412,0.5143684971835099,0.06962949582379813
5593,CAT,0.6382344661463194,0.5254444398697407,0.5192381050413956,0.03477279045984705
5594,CAT,0.6403401231159024,0.5380455391497558,0.5259169039753772,0.04546929078877139
5595,CAT,0.6425417077253551,0.5526548455721969,0.534486593796009,0.09947957301446847
5596,CAT,0.6441161543340276,0.5490991739224602,0.5405570304574308,0.03268353017635159
5597,CAT,0.6459735917691655,0.5493993459873325,0.5454796765954147,0.039585089381518446
5598,CAT,0.6472830372956294,0.549792551182545,0.5495046378618067,0.09224456247983558
5599,CAT,0.648851487127713,0.5505540512266874,0.5528927938209132,0.0
5600,CAT,0.6502676459434847,0.5468961846043106,0.5547954323368468,0.0
5601,CAT,0.6516274525074729,0.5427170891635102,0.5553945369008,0.0
5602,CAT,0.6526350020326087,0.5376773256793386,0.5547607248463899,0.0
5603,CAT,0.6540091948296732,0.5346702742281785,0.5535895297390451,0.0
5604,CAT,0.6554889102848022,0.5315403416521236,0.5519612883339116,0.0
5605,CAT,0.6573715304343587,0.5328991018801511,0.5509587946449211,0.0
5606,CAT,0.6587025548713062,0.5285105860161137,0.5491875402875208,0.0
5607,CAT,0.6604234135825343,0.5328446982709806,0.548727780480498,0.0
5608,CAT,0.662186121620654,0.5355096904963013,0.5489485699789229,0.0
5609,CAT,0.6635339302401523,0.5292151993878494,0.5477349833573857,0.062196622778435726
5610,CAT,0.6646635043791654,0.511323808303613,0.542812573348944,0.034019543781165826
5611,CAT,0.6659273745206581,0.5102462228796594,0.5386366469298529,0.026612728521814673
5612,CAT,0.6667619654510452,0.507906587115867,0.5347791675529026,0.027284489412036973
5613,CAT,0.667414287630015,0.5072542607226792,0.5315491094912623,0.021832449760919814
5614,CAT,0.6680102473108053,0.5079063137240158,0.5291090772199711,0.029677168322477025
5615,CAT,0.6683484003433194,0.5081232190096447,0.5272049576871731,0.0563336209259038
5616,CAT,0.6691841868817706,0.5041722962059235,0.524809050633894,0.0
5617,CAT,0.6698772785931205,0.5017002566896037,0.522346343701025,0.0
5618,CAT,0.6704720409093213,0.4984153661830235,0.5196506684105454,0.0
5619,CAT,0.6710164418952443,0.4958308608146178,0.5169233073776149,0.0
5620,CAT,0.6716879497192897,0.4928246974821961,0.5140774692397447,0.0
5621,CAT,0.6724218118412825,0.49107219462549706,0.5114137362393294,0.0
5622,CAT,0.6731676651744188,0.4887721149269075,0.5087747480561723,0.0
5623,CAT,0.6739398991720714,0.489018778911522,0.5067180363801047,0.0
5624,CAT,0.67490878903248,0.4930576663737923,0.5059647065771503,0.0
5625,CAT,0.6756642353345311,0.4960222586427351,0.5060168105495261,0.0
5626,CAT,0.6774197451329144,0.5141588341599841,0.5100641865313542,0.07157190502511153
5627,CAT,0.6789856747613788,0.532352490498105,0.5173203871442252,0.040217542764028856
5628,CAT,0.6801584187242801,0.5376856012022541,0.5243032327953586,0.037640913550644965
5629,CAT,0.6815889766543118,0.5388309518688266,0.5301424745421812,0.019110736094913938
5630,CAT,0.6835459431912213,0.53763210725578,0.5345490878969603,0.02617637102047369
5631,CAT,0.6849465230933941,0.537734822617264,0.5380970645715297,0.024098373000423768
5632,CAT,0.6865485471456635,0.5402058450764752,0.5414812025714649,0.06468204974078023
5633,CAT,0.6880378555697072,0.5406048691501786,0.5442766425005576,0.0
5634,CAT,0.6892957368389742,0.5368763769563476,0.5456895096389894,0.0
5635,CAT,0.6906315589313957,0.5349557947180872,0.5463956183957542,0.0
5636,CAT,0.6921112743865249,0.5320239308875943,0.5463129660772881,0.0
5637,CAT,0.6935238390592492,0.5286331177163824,0.5454979401139933,0.0
5638,CAT,0.6952241927994217,0.5303205379785844,0.5452186075167712,0.0
5639,CAT,0.6967830502480991,0.528318580840099,0.5445529838058849,0.0
5640,CAT,0.6982219955853394,0.522898984982105,0.542823498332865,0.0
5641,CAT,0.6996465514692075,0.5186129355200368,0.5404932815531196,0.0
5642,CAT,0.7008960330355901,0.5103645366775612,0.5368073445965216,0.050007982957324636
5643,CAT,0.7021898879382883,0.5066297486033539,0.5330337197013432,0.016914153065643315
5644,CAT,0.7032451145189312,0.502374269942572,0.5290749433331906,0.02009320295901618
5645,CAT,0.7046121155168515,0.5052333138949533,0.5265393783685909,0.021250345320871823
5646,CAT,0.7061997580201113,0.5277815834328416,0.5294909977969963,0.07381066633512919
5647,CAT,0.707340123370891,0.539952784258165,0.534540457459501,0.07746228963582477
5648,CAT,0.707910898873492,0.5286075123006141,0.5360742779388321,0.07364084906866601
5649,CAT,0.7085260450776206,0.5177141325527449,0.5348953931993442,0.0
5650,CAT,0.709408595290253,0.5128980221089416,0.53288858631366,0.0
5651,CAT,0.7099841704976072,0.5040495540121592,0.5293288443643454,0.0
5652,CAT,0.7106508815444411,0.501791180668316,0.5259822603996482,0.0
5653,CAT,0.7121593759063153,0.5164699117078289,0.5265469772088159,0.0
5654,CAT,0.7136031177280132,0.5228544745213539,0.5284088623552433,0.0
5655,CAT,0.7155768710822613,0.5400653159554603,0.5336996031591495,0.0
5656,CAT,0.7175698103743394,0.5524641694380297,0.5406706398996647,0.0
5657,CAT,0.7195603514241885,0.5608016725428889,0.5480889126317027,0.0
5658,CAT,0.7212631034065898,0.5653122765018662,0.5550197549282551,0.0
5659,CAT,0.7240210819696343,0.5871200570243913,0.5653809537718649,0.17170071440291124
5660,CAT,0.7278163032241477,0.6213064384416949,0.5812204089095502,0.11615942683470552
5661,CAT,0.7321652982823569,0.6584728905815451,0.6021006555100905,0.09893876354038747
5662,CAT,0.737048123265864,0.6922355693637697,0.626261768750796,0.10540043198509318
5663,CAT,0.7415532148519491,0.7114688395293791,0.6498385710742769,0.08432100807415957
5664,CAT,0.745925213069719,0.7200995467312774,0.6706062141174346,0.0797233546440385
5665,CAT,0.7501461135372075,0.727423714232031,0.6888379638671076,0.12341585775275445
5666,CAT,0.7530839576326195,0.7241924072763608,0.7027096885297012,0.0
5667,CAT,0.7564774718500488,0.7234262548692981,0.7136378537804073,0.0
5668,CAT,0.7606240352983179,0.7155516178409844,0.7206411724867899,0.0
5669,CAT,0.7649792431856989,0.7095962537131988,0.7249285097278444,0.0
5670,CAT,0.7690106883722011,0.6997133088590244,0.726175605763518,0.0
5671,CAT,0.7731572491856825,0.6871657795137112,0.724402001544111,0.0
5672,CAT,0.7769680560871409,0.6729235659868558,0.7198375446184815,0.0
5673,CAT,0.779845946761622,0.6568160208027204,0.7126284233656732,0.0
5674,CAT,0.7830068300190937,0.6433799861609015,0.7038936076481728,0.0
5675,CAT,0.7850645218513473,0.6206919057058058,0.6918948046592237,0.0
5676,CAT,0.786697724223607,0.5920634509287585,0.6759728048178599,0.2918288745443476
5677,CAT,0.7882014238575484,0.5651062428173825,0.6572813635239882,0.04992119728018546
5678,CAT,0.7901320109009587,0.5508138741467934,0.6391715595389688,0.03862823864603744
5679,CAT,0.7913119492977917,0.5424076423752945,0.622827093413331,0.02585926101443844
5680,CAT,0.7910253575949332,0.5228612305947472,0.6054344474833794,0.04277120579313165
5681,CAT,0.7904535940469802,0.513106705343331,0.5893659200807926,0.04560377546403285
5682,CAT,0.7892640679508075,0.4988870290905623,0.5733705022515343,0.11194336538956279
5683,CAT,0.7886429264338611,0.494578885497184,0.5596226598175873,0.0
5684,CAT,0.7878682915591922,0.48403751684963925,0.5462961908649913,0.0
5685,CAT,0.7871847954515448,0.4809308157768748,0.5349488613558995,0.0
5686,CAT,0.7867651030615165,0.477835302710631,0.5251873144147946,0.0
5687,CAT,0.7857818237477355,0.4682348416133403,0.5152576932263546,0.0
5688,CAT,0.785074342290259,0.46209601533229844,0.5059581586073976,0.0
5689,CAT,0.7843140995037502,0.459289169431617,0.49789860338427055,0.0
5690,CAT,0.7835802373817576,0.4552754299435091,0.49056447391701846,0.0
5691,CAT,0.7829471014333719,0.45221157392866906,0.48402047887082483,0.0
5692,CAT,0.7822947795471563,0.44767719127441863,0.4777838068964136,0.0
5693,CAT,0.7816376635185164,0.44164247098162396,0.47146162477698933,0.11448245372479489
5694,CAT,0.7811436247411344,0.44194977957006637,0.4664717520820689,0.056725150202157626
5695,CAT,0.781189191928989,0.44357307254206485,0.46283837877391415,0.041966064371122935
5696,CAT,0.7820201819829827,0.4523828829999911,0.4618774385381619,0.034266871919577724
5697,CAT,0.7830514232137967,0.4605237639645144,0.46290670319492366,0.04088157464992579
5698,CAT,0.7836581782049122,0.4660731407432975,0.46495576518754655,0.040206501329278325
5699,CAT,0.7837229281103005,0.46287983590617054,0.4658897328945179,0.09442524584306544
5700,CAT,0.7844016294900152,0.46112198282877026,0.466248662905855,0.0
5701,CAT,0.7845838958993993,0.45565956397648755,0.46532936240902456,0.0
5702,CAT,0.7850272557199295,0.45089991097186816,0.4635426922591925,0.0
5703,CAT,0.7852167168559993,0.4492577115745576,0.461750655567647,0.0
5704,CAT,0.7862479610143552,0.45886882025125436,0.46243976150296573,0.0
5705,CAT,0.7872192491169924,0.4705881126279517,0.46557940065670445,0.0
5706,CAT,0.7883032546043801,0.48157590961533064,0.47051790634787705,0.0
5707,CAT,0.7895743229856093,0.486866151562215,0.47563712795272867,0.0
5708,CAT,0.7920660966612639,0.5176275837976817,0.48652655781985105,0.0
5709,CAT,0.7946250211193234,0.5444981425977271,0.5011728055345921,0.0
5710,CAT,0.7977319418773693,0.5741880842583029,0.51944720400203,0.36053994382559656
5711,CAT,0.8015379511233537,0.6107478872842478,0.5421414191129352,0.08611457873503582
5712,CAT,0.8047923634857123,0.6239527490647889,0.563213252457582,0.06033967428209143
5713,CAT,0.8084616711681337,0.6384561130028186,0.5832739710649585,0.09542869143319369
5714,CAT,0.8116165585272793,0.6418883313124495,0.6000805949095135,0.03178321158679329
5715,CAT,0.8149345246014538,0.6470808525060737,0.6146727281689184,0.04833675139348427
5716,CAT,0.8182692801277546,0.6567178725111726,0.6284748929106152,0.09191685269643982
5717,CAT,0.8214421557673864,0.6598037991537176,0.640198190754506,0.0
5718,CAT,0.8246462056284501,0.6597715828343754,0.6495697136467595,0.0
5719,CAT,0.8281284527590637,0.6557969754352517,0.6561890894901377,0.0
5720,CAT,0.8316994354376489,0.6530782317568481,0.6608841211304324,0.0
5721,CAT,0.8349226729930675,0.6374265606543339,0.6611832763050199,0.0
5722,CAT,0.8382133731023808,0.6240187396282657,0.6584613130644239,0.0
5723,CAT,0.841539735073635,0.6143714312313453,0.6541530120159104,0.0
5724,CAT,0.844470387077148,0.607580365086953,0.649206478060027,0.0
5725,CAT,0.8470724798953247,0.597905288426467,0.6431123874659755,0.0
5726,CAT,0.8497776971293368,0.5928298758789114,0.6371161457372295,0.0
5727,CAT,0.8518473813437512,0.5710191980906558,0.6275019874499702,0.09706547372061239
5728,CAT,0.8522934508852454,0.5457438285656158,0.6142282747888652,0.04596990944036046
5729,CAT,0.8523941773516063,0.5211916866476645,0.5981866526213862,0.034931787120254694
5730,CAT,0.851791023236884,0.49618612415934316,0.5798305591632394,0.050025649252925485
5731,CAT,0.8506086915746432,0.4787090545538026,0.5612856518406272,0.03922293032170103
5732,CAT,0.8498028856988388,0.4589308774911381,0.542081464650106,0.08704426754103052
5733,CAT,0.8483039843058798,0.4350255751518812,0.521438325586581,0.10216838320491776
5734,CAT,0.8472859316507989,0.42070730895599817,0.5017614435888127,0.0
5735,CAT,0.8458841605318749,0.4065145764564317,0.48288529295314253,0.0
5736,CAT,0.8441598261259399,0.3969812586799013,0.4656788182632956,0.0
5737,CAT,0.842457361932606,0.38846354439526654,0.45003239324637767,0.0
5738,CAT,0.8423446445478556,0.41557124262149775,0.4435023323047763,0.0
5739,CAT,0.8420304748158914,0.43144365848605953,0.44178390797045747,0.0
5740,CAT,0.8417690664129595,0.4479311402581835,0.44405063803106587,0.0
5741,CAT,0.8420208818469764,0.46036329046388025,0.4486098201806849,0.0
5742,CAT,0.842287086734366,0.4712762321286158,0.4546674275208574,0.0
5743,CAT,0.8431120820610504,0.49407251139583425,0.46454836088833285,0.0
5744,CAT,0.8437370217707062,0.5099009013514865,0.4759490083207307,0.3242306273058656
5745,CAT,0.8443641612352576,0.519106631807712,0.4871027286321302,0.085182681642091
5746,CAT,0.8452875076209002,0.5358964130945907,0.4997339410924576,0.11490997807833545
5747,CAT,0.8471173676124412,0.5507620277117968,0.5131221706507931,0.04165491673985298
5748,CAT,0.8496834897247286,0.5698001658807526,0.5280375686512538,0.04868212747248088
5749,CAT,0.8519234470881037,0.5728934069759739,0.5406530685918286,0.0569969903257157
5750,CAT,0.8544943630500609,0.5758570997190653,0.5514000376873309,0.09535051807515993
5751,CAT,0.8567019444361023,0.571811482593856,0.5591040870943931,0.0
5752,CAT,0.8595318690949917,0.574468514154705,0.5658541657503394,0.0
5753,CAT,0.8626351951244821,0.5725231439861795,0.5708245689922293,0.0
5754,CAT,0.8655850330658251,0.5706435101894876,0.5743857506145988,0.0
5755,CAT,0.8686355971807748,0.5665871465004872,0.5763387965281985,0.0
5756,CAT,0.8717077454757834,0.5636211700021824,0.5772461597197224,0.0
5757,CAT,0.8748851286397886,0.560543439952861,0.5772922945440128,0.0
5758,CAT,0.87618977241222,0.5509142297744861,0.5752024691685883,0.0
5759,CAT,0.8779165068169087,0.5452604404616134,0.572281897768187,0.0
5760,CAT,0.8797583568485766,0.5459852343702606,0.5701055205781393,0.0
5761,CAT,0.8816050062922435,0.5450503203854021,0.5681579312111776,0.12362542418431953
5762,CAT,0.8838281756672631,0.5523741007869147,0.5682174095369765,0.07297990878449924
5763,CAT,0.8848426338865428,0.5462381134616447,0.566909781548811,0.06934484763592945
5764,CAT,0.8853040949789622,0.5272768535287233,0.5616758443382781,0.04800550835096834
5765,CAT,0.8858424991882962,0.5106316283842876,0.553812385416704,0.03833586145384338
5766,CAT,0.8860823014546061,0.5010399197544908,0.5454031677373781,0.05187420625885937
5767,CAT,0.8861134797745965,0.49128465370861896,0.5365212193214378,0.07039510890939994
5768,CAT,0.8856194664434079,0.480762909023852,0.5270917997843981,0.0
5769,CAT,0.8856074758177727,0.471759317817401,0.5175597068071631,0.0
5770,CAT,0.8855978807995782,0.4664478979953382,0.5087609379710423,0.0
5771,CAT,0.8856945299613966,0.45938046026998247,0.5001609896150573,0.0
5772,CAT,0.8858911858241526,0.463035912297283,0.4940883838876639,0.0
5773,CAT,0.8863900202077294,0.46944169619912157,0.49064509795143096,0.0
5774,CAT,0.8868097125977578,0.47362996114534206,0.488815500652845,0.0
5775,CAT,0.8868552792001038,0.4676344193586841,0.4860276313442238,0.0
5776,CAT,0.886519525288081,0.45632803598567556,0.48130017768393457,0.0
5777,CAT,0.8863444536053834,0.4512879963722167,0.4764050580634743,0.0
5778,CAT,0.8863108805562147,0.44431603441533357,0.4709491161147976,0.08373669534716148
5779,CAT,0.8860326850431898,0.4368596787296345,0.4649375318029767,0.03737260668620706
5780,CAT,0.8855698266350777,0.4335581720942281,0.45939908472647356,0.025375204514975165
5781,CAT,0.8853323956776119,0.4354490919687724,0.455385960709895,0.021140151802061524
5782,CAT,0.8837819329549977,0.4188652045766686,0.4485126995642863,0.03413393304518133
5783,CAT,0.8830864441724359,0.4133418711937314,0.4417941923949741,0.036726682753301
5784,CAT,0.8832855023759792,0.41502227718751356,0.4367905256427667,0.0932453581256237
5785,CAT,0.8833550534498918,0.41312892544938595,0.4323694214884512,0.0
5786,CAT,0.8833526540366462,0.4147062584625299,0.42918091217276766,0.0
5787,CAT,0.8833910223992559,0.41553534557566746,0.4268132191278865,0.0
5788,CAT,0.8833313301501827,0.4121253137227215,0.4241659158937689,0.0
5789,CAT,0.8834848176528215,0.4139195868265438,0.42244436128561547,0.0
5790,CAT,0.8833073477278951,0.41082823833892335,0.42038435406528685,0.0
5791,CAT,0.8832838449540538,0.409343520071934,0.4184084294229578,0.0
5792,CAT,0.8828881349863128,0.4101843156441907,0.41701339007850335,0.0
5793,CAT,0.8821974412244372,0.40883813003166175,0.41560003643119187,0.0
5794,CAT,0.8814060212889548,0.4055438773156399,0.41374177600642376,0.0
5795,CAT,0.8806169966681595,0.39451180519324736,0.4098185945731358,0.09485851174267627
5796,CAT,0.8808283271268579,0.4009455185171417,0.4081010166393923,0.05061283275295872
5797,CAT,0.881149688072458,0.41272918309042284,0.4093295261141946,0.03693956161529124
5798,CAT,0.8814314786067924,0.41855274203844245,0.4115985405719084,0.02968975555809263
5799,CAT,0.882567379456353,0.43921922709268335,0.41797820756052223,0.04507157830905727
5800,CAT,0.8833875742000216,0.4513433793229782,0.4257597139920703,0.03649790422527
5801,CAT,0.8834930974435943,0.45021964398837183,0.4317367279316938,0.07865918116278232
5802,CAT,0.8845687093759357,0.4513273973004671,0.4367630004565701,0.0
5803,CAT,0.8852737893708876,0.45157121433619457,0.440837868562148,0.0
5804,CAT,0.8856955910430605,0.4514293343477803,0.4440664270511203,0.0
5805,CAT,0.8862924655689478,0.4513428320560586,0.4466301687137063,0.0
5806,CAT,0.8866953702633754,0.44985692527791715,0.4483529806799422,0.0
5807,CAT,0.8872013993736382,0.4500351292907419,0.4497705888700594,0.0
5808,CAT,0.8879085930420475,0.44991533969593595,0.45087821837035497,0.0
5809,CAT,0.8881244348426335,0.44361436187101466,0.4503726710766843,0.0
5810,CAT,0.8883043030097887,0.4330922939661174,0.44764430105019387,0.0
5811,CAT,0.8889997932561217,0.4362804080239867,0.44616574046667334,0.0
5812,CAT,0.8897144662199882,0.44087515267721966,0.44599769965060865,0.08919999726172417
5813,CAT,0.890760099246208,0.44901933315605747,0.4476620125827181,0.0395259072912556
5814,CAT,0.8919879980963034,0.45650204887882456,0.45064611562990475,0.03595245734859377
5815,CAT,0.8933789829802817,0.45673234235170723,0.4530842613029016,0.029194878452573837
5816,CAT,0.8939782581021413,0.4547772829948975,0.4546029781782714,0.0287428421138871
5817,CAT,0.8943799680667669,0.4552567574946151,0.45592384970498123,0.03128789282388448
5818,CAT,0.8948608168046449,0.4533887910063094,0.45656798282828837,0.06890009864417806
5819,CAT,0.8946074685097501,0.45232753787077973,0.45684889810770457,0.0
5820,CAT,0.8947441700733131,0.45540989170962537,0.45775440728274525,0.0
5821,CAT,0.8952478024051184,0.4548045986302286,0.45834512796676596,0.0
5822,CAT,0.8955451844414811,0.45196692119669546,0.45819096745082744,0.0
5823,CAT,0.8958305752667005,0.44886233931335734,0.45738195274093285,0.0
5824,CAT,0.895830863055768,0.44018485672544233,0.45481820885119734,0.0
5825,CAT,0.8957136369756274,0.43108943645656084,0.4507583747783215,0.0
5826,CAT,0.8954738127527541,0.42022046264082924,0.4451099567568215,0.0
5827,CAT,0.8952172008342795,0.4130350522868996,0.43900423330077964,0.0
5828,CAT,0.8946512156682983,0.4011186969718232,0.4314877762803599,0.0
5829,CAT,0.8945456894971838,0.39572992923307476,0.42428443294096874,0.08553269512368283
5830,CAT,0.894694381686382,0.3917675278223716,0.4176466116464326,0.029508676028183925
5831,CAT,0.8944305750412213,0.39196722084274055,0.4123804593478818,0.0286430275437423
5832,CAT,0.8932698266807765,0.37602850520083164,0.40464726994309846,0.02267115714457014
5833,CAT,0.8921570460924481,0.36982411675835153,0.39709040051591804,0.03798628962964157
5834,CAT,0.890924353392683,0.3644679712635317,0.3898619322875723,0.03762678051416428
5835,CAT,0.8901880912719365,0.36603643748258646,0.38442557336869604,0.061879733601095485
5836,CAT,0.8895213802251026,0.3676131947766833,0.38042473308650815,0.0
5837,CAT,0.8886712024767539,0.36802865039738697,0.3773158195055263,0.0
5838,CAT,0.8879037643780504,0.3688293192976542,0.37500552652554875,0.0
5839,CAT,0.887275137125055,0.3737160840508933,0.3742365961362993,0.0
5840,CAT,0.8865556644564346,0.3804607149218574,0.3751110891227057,0.0
5841,CAT,0.8857642445209523,0.3820790801650349,0.37616812000818356,0.0
5842,CAT,0.8852534189262319,0.3876614640125173,0.3782466850136663,0.0
5843,CAT,0.8847114161825379,0.39123672218364125,0.38069917814488125,0.0
5844,CAT,0.8847377968470543,0.40029760757181687,0.3846623841443885,0.0
5845,CAT,0.8854548712734457,0.4199521042822618,0.3921738939014904,0.0
5846,CAT,0.8860712183552136,0.4296352147466821,0.40032173950404115,0.06877974700539727
5847,CAT,0.886430953811261,0.4330954051149004,0.4076042429287596,0.037385193921822664
5848,CAT,0.8875221575383853,0.44453875232091133,0.41595765408212193,0.04156018122969342
5849,CAT,0.8883843259123693,0.4521825994927705,0.42432862363113716,0.018992813571778268
5850,CAT,0.888993481487747,0.4525134509460042,0.43109847201134877,0.032132783410995104
5851,CAT,0.8898208779842022,0.45993385913552826,0.43815324200779715,0.03436028245756721
5852,CAT,0.8916915113139273,0.47062452729674464,0.44615822770216984,0.06417127296922068
5853,CAT,0.8932815426912822,0.47835634218279266,0.4542698856697291,0.0
5854,CAT,0.894981893796667,0.48498169760332366,0.46222250584509217,0.0
5855,CAT,0.896426355383788,0.4892298874618315,0.46952286861293635,0.0
5856,CAT,0.8977453886095917,0.4888876264742933,0.47528756614580703,0.0
5857,CAT,0.8990116605063635,0.48531770254495366,0.47911086118024915,0.0
5858,CAT,0.900069285329235,0.47730996642482754,0.4804008870905492,0.0
5859,CAT,0.9009281438361895,0.4699159514197333,0.4797998457961451,0.0
5860,CAT,0.9017915110385336,0.4660365794692928,0.47846220424730246,0.0
5861,CAT,0.9029186848860388,0.46385522421402825,0.47691031102498327,0.0
5862,CAT,0.9038060345106703,0.4605294681399448,0.47493426102389413,0.0
5863,CAT,0.9053984655940249,0.470992706615042,0.47566435998862927,0.08608057111600419
5864,CAT,0.9072331194352358,0.48959048511166486,0.48035599449367805,0.04686824057166366
5865,CAT,0.9084634165275595,0.5031012728496757,0.4870933309826668,0.029124213270170438
5866,CAT,0.9098723838369408,0.5107478172990866,0.4941720365281511,0.028849502373577227
5867,CAT,0.9111374551488273,0.5086884794226425,0.4993801700674554,0.02607633562163388
5868,CAT,0.9118976938367774,0.5044225182871525,0.5026044852593572,0.040475691508496274
5869,CAT,0.912627961815723,0.4984513156510717,0.503865121553325,0.0652743123007987
5870,CAT,0.9135608748224043,0.49181204076934815,0.5034072624975812,0.0
5871,CAT,0.9141748219054185,0.4866747080462082,0.5019063301431146,0.0
5872,CAT,0.9145105737681619,0.4814228638892244,0.49954564784668487,0.0
5873,CAT,0.9148103540467537,0.47579120683872367,0.4964132791004189,0.0
5874,CAT,0.912635148345292,0.4203837940514261,0.4816699540287353,0.0
5875,CAT,0.9109916329459403,0.38785026150277746,0.46268985055112843,0.0
5876,CAT,0.9096725997201366,0.36660969202232635,0.4428145185175926,0.0
5877,CAT,0.909020277833921,0.36195778698769343,0.4258868206445794,0.0
5878,CAT,0.9084111243078229,0.3554080171072497,0.4108980625703444,0.0
5879,CAT,0.9077540059371495,0.34954563353618434,0.39761227432251206,0.0
5880,CAT,0.9057934399876174,0.32106712828428646,0.38069380452909896,0.1787111421547183
5881,CAT,0.9038460670051308,0.3015400338319516,0.36284622214194406,0.07335178430689712
5882,CAT,0.9023351729372576,0.29557262938427237,0.34725017925076296,0.04620707945880186
5883,CAT,0.9000764866253249,0.29025803062437233,0.33359954837473227,0.03423264347185107
5884,CAT,0.8972297742708341,0.2862962789517037,0.32180404055377265,0.031747437338201574
5885,CAT,0.8943830619163436,0.28444896420562804,0.311959631398227,0.037444596840780525
5886,CAT,0.8914224315922169,0.2801799071644757,0.3031412286642052,0.06630580313519331
5887,CAT,0.8888071507838159,0.2786114833721287,0.29574010018366415,0.0
5888,CAT,0.8867758402015865,0.2895251877419471,0.2922296274728026,0.0
5889,CAT,0.884965167318892,0.30249513638621084,0.29228582701351763,0.0
5890,CAT,0.8825885092702169,0.30113073311997857,0.29202944087439175,0.0
5891,CAT,0.8801183197746206,0.3003494415910554,0.2916517738165876,0.0
5892,CAT,0.8775569970743323,0.29873410803957184,0.29099287326156553,0.0
5893,CAT,0.8750244532807893,0.29863339961532975,0.290443510084354,0.0
5894,CAT,0.8749477095294697,0.3007703490757609,0.2904759919426591,0.0
5895,CAT,0.8744200962391481,0.30528599637761056,0.2914993154264841,0.0
5896,CAT,0.8735615255212615,0.3071145293145058,0.2927218289114776,0.0
5897,CAT,0.8731538258061476,0.3306132960636934,0.298889840467747,0.08462840161761435
5898,CAT,0.8736046930031162,0.36437325868280707,0.3112805657739524,0.04573450605147914
5899,CAT,0.8744728546406387,0.3986890710310875,0.3287722285449264,0.03316052015757452
5900,CAT,0.8764813825072034,0.4249005470187258,0.3485546957817645,0.021712318950834038
5901,CAT,0.8782392908405695,0.44181418014966,0.368116260033526,0.03376294083756349
5902,CAT,0.8796950256299364,0.45649971265694955,0.38700899760631,0.03445060139382656
5903,CAT,0.8813781352707438,0.470271980059551,0.4051649676508362,0.06980328800677149
5904,CAT,0.88315523305499,0.48117210413716865,0.4220971743802011,0.0
5905,CAT,0.8848939586708223,0.4879480192620601,0.437139486585886,0.0
5906,CAT,0.8868317398554103,0.49226536708030216,0.45012687739081036,0.0
5907,CAT,0.888855856296462,0.4968069471921253,0.4615198556220262,0.0
5908,CAT,0.8901533053422069,0.4948734696211578,0.47020720515518516,0.0
5909,CAT,0.8912301161029089,0.49083852023550645,0.4762659150179968,0.0
5910,CAT,0.8928849032407352,0.4860529698423611,0.48005593338905916,0.0
5911,CAT,0.8946260270987961,0.48228363893144854,0.4822554435322735,0.0
5912,CAT,0.8966765242043641,0.48270293018214006,0.4841076574391594,0.0
5913,CAT,0.8984512234536272,0.47635067680901766,0.4841864528154016,0.0
5914,CAT,0.900123997115415,0.46943974562448815,0.4827231222844662,0.05710850881669606
5915,CAT,0.9020713686341305,0.4706685381471897,0.4818238522781969,0.044928702143385395
5916,CAT,0.9043281113510736,0.47448616139633726,0.48194760680240695,0.02005742871042446
5917,CAT,0.9054864591272561,0.4747394941261288,0.48210256216921266,0.02053486034903742
5918,CAT,0.905800628273712,0.47104752695965546,0.48141110867350434,0.024775654608021336
5919,CAT,0.9056543390108093,0.4652065637450817,0.4795678950459872,0.03211423380061421
5920,CAT,0.9058366077622263,0.4660470638303001,0.47827895925132097,0.04181921328894087
5921,CAT,0.9061699669450706,0.46576378428060844,0.47718524473303636,0.0
5922,CAT,0.9064697469309081,0.4660030507889495,0.4763631181623792,0.0
5923,CAT,0.9062251265163314,0.4570004807145677,0.47371708508822297,0.0
5924,CAT,0.9064145876524016,0.4592569118057478,0.47209862006300124,0.0
5925,CAT,0.9064985261304072,0.4573107877922011,0.47037402186371957,0.0
5926,CAT,0.9067311556265946,0.4582432934176053,0.4692002990024773,0.0
5927,CAT,0.9067191644154505,0.45542143394092,0.4676380772467825,0.0
5928,CAT,0.9070717060230745,0.45578933771740227,0.4664695560589029,0.0
5929,CAT,0.9073339538107869,0.4521206583584272,0.46472446472718754,0.0
5930,CAT,0.907662512996123,0.4494455876909932,0.462737568365965,0.0
5931,CAT,0.9094060327543795,0.47724234729985693,0.4672873182974801,0.09025312930822982
5932,CAT,0.9110464289750627,0.5003007064816545,0.4760198494122042,0.042198817815664126
5933,CAT,0.9125117549768192,0.5078356634346239,0.48467006514396366,0.04490131938520408
5934,CAT,0.9140262455297731,0.512471076136179,0.4926140274345553,0.026384612479868702
5935,CAT,0.9154268181130915,0.5198810996332021,0.500605794968217,0.027748008842864262
5936,CAT,0.9167122797534971,0.5255812084448481,0.5082581503441733,0.033449805748038436
5937,CAT,0.9180481024314272,0.5277769386712211,0.5148649895229298,0.0739773919998622
5938,CAT,0.9194318911249487,0.5260022478045538,0.5197584978723122,0.0
5939,CAT,0.9209787558987114,0.5244365437366246,0.5233274989441378,0.0
5940,CAT,0.922175479356358,0.5206527885983325,0.525347009474344,0.0
5941,CAT,0.9234897160977041,0.5185738396357249,0.5265034556442383,0.0
5942,CAT,0.9226215524109026,0.4713114342274931,0.5169901107218504,0.0
5943,CAT,0.9220363813070916,0.4309310504216204,0.5004609147095644,0.0
5944,CAT,0.9207701094103197,0.394703001317012,0.4792361336253103,0.0
5945,CAT,0.9199666982636939,0.3729893882110801,0.45746058182020716,0.0
5946,CAT,0.9194198990355423,0.3647446475546233,0.438219184800117,0.0
5947,CAT,0.918964233012083,0.3576978565327456,0.42126969398336706,0.0
5948,CAT,0.9171535633496847,0.3276237107116412,0.40106784467102424,0.26902301189582095
5949,CAT,0.9165723458325007,0.3271934070438818,0.3848113271968103,0.0819300957932796
5950,CAT,0.9162569796142098,0.3340209712523239,0.3733140673950125,0.05057661684697697
5951,CAT,0.9143479808494167,0.3373583061173519,0.3648533522996897,0.036622009951865965
5952,CAT,0.9124677598203518,0.34344730153865444,0.3594296121140528,0.03371215023771105
5953,CAT,0.910686343326467,0.3415342950194536,0.35466810820523104,0.0547010343836903
5954,CAT,0.9090507403699454,0.3437021692376313,0.3513377076033425,0.07219773354677163
5955,CAT,0.9071297503940084,0.3451532252294164,0.34899387124734155,0.0
5956,CAT,0.9052615191123164,0.34927560362358434,0.34802928173200964,0.0
5957,CAT,0.9032709780624669,0.3496948063425315,0.34735019635869957,0.0
5958,CAT,0.9015514383844644,0.35420680403960136,0.3478034599957139,0.0
5959,CAT,0.8989589385352027,0.34132715728502966,0.34532143751393074,0.0
5960,CAT,0.8953999470677615,0.31061902558888943,0.3365535390456037,0.0
5961,CAT,0.8921910989657152,0.29713790118885586,0.32656174291052703,0.0
5962,CAT,0.8916874680976811,0.2998569576937375,0.31916884412856994,0.0
5963,CAT,0.8911334741428435,0.29953989798589475,0.313184498443952,0.0
5964,CAT,0.8909056411311139,0.3029967797064043,0.3091605180821118,0.0
5965,CAT,0.8905626942489299,0.31102084068524427,0.3077135494620556,0.10924903448173824
5966,CAT,0.8894714928638391,0.31118338611957264,0.3065918747874158,0.05931061256334195
5967,CAT,0.88861772214346,0.3162832193084525,0.30682089790967304,0.04185962494012782
5968,CAT,0.8886129209749355,0.3138947210768959,0.30647658626987145,0.037622143111569056
5969,CAT,0.8875193231041413,0.3126155174927511,0.30591860861706016,0.041625325694721556
5970,CAT,0.8860503997390415,0.3111203132893421,0.30514199167665035,0.04789818560519318
5971,CAT,0.8844819472721702,0.30612321403442433,0.3034170253550668,0.10287282674200164
5972,CAT,0.8828967097444852,0.3056884465082457,0.30194102837369496,0.0
5973,CAT,0.8815843937633027,0.30478368566618486,0.30056040287781727,0.0
5974,CAT,0.8801262639520034,0.30512076040602215,0.29953034971391646,0.0
5975,CAT,0.8787256904904225,0.30677688797778735,0.29907208396851237,0.0
5976,CAT,0.8773706836311875,0.3124471256863449,0.2999578153091207,0.0
5977,CAT,0.87590775587166,0.3122490833727146,0.30062266022405515,0.0
5978,CAT,0.8743728808452701,0.3152044477027161,0.3018072658633508,0.0
5979,CAT,0.8739411972440979,0.3245461413633482,0.30481818193894356,0.0
5980,CAT,0.8746175015526013,0.33453556665348916,0.309433206111801,0.0
5981,CAT,0.8747182277262079,0.3406692896861677,0.3144799360011453,0.0
5982,CAT,0.8750323968726635,0.36270932160782593,0.3233851405870891,0.08893367785554138
5983,CAT,0.8756547433658076,0.383237588464011,0.33504323243565515,0.03217584500652217
5984,CAT,0.8761032134915642,0.39844793851137095,0.3477291046980314,0.023004829302731185
5985,CAT,0.8764821325434083,0.4131429756579316,0.36112338789947696,0.020251978790728816
5986,CAT,0.8774150522834362,0.42891664384005224,0.3753226292011046,0.03130158420297514
5987,CAT,0.8780290017084834,0.4382566640254276,0.3887448841983208,0.036281271275464586
5988,CAT,0.8790494549478266,0.4462739687250365,0.40125341165552386,0.050066060904112426
5989,CAT,0.8802485789897355,0.45536332659361517,0.41326773362435254,0.0
5990,CAT,0.8814644851649164,0.46071471362374566,0.42406111291871895,0.0
5991,CAT,0.882977778353281,0.4655761210838043,0.4337695198690348,0.0
5992,CAT,0.8842176695855365,0.4653489577379731,0.44148607352231156,0.0
5993,CAT,0.8855414992957978,0.4645370869084437,0.44748000447192726,0.0
5994,CAT,0.8872874196383161,0.47192503028381855,0.45390687025780907,0.0
5995,CAT,0.8886256388019499,0.46870574992571623,0.4583373439760255,0.0
5996,CAT,0.8899638579655836,0.4687108804305588,0.4618828560876844,0.0
5997,CAT,0.8914627593585424,0.4656430637507316,0.4640416995415078,0.0
5998,CAT,0.8930935640740812,0.46735152579396994,0.4661461098222818,0.0
5999,CAT,0.8942806974903551,0.46473393134717766,0.46725150910358726,0.0677383188797272
6000,CAT,0.8954510405762396,0.46340596140810025,0.46784252951947,0.02696583360513665
6001,CAT,0.896651959494016,0.459841535948828,0.4675280972671958,0.01988628647179123
6002,CAT,0.897181968977287,0.458939847407177,0.4670774021111205,0.02404184085450105
6003,CAT,0.8975069261152134,0.45612279191304494,0.4660946635400549,0.032097450819793406
6004,CAT,0.8978954401852516,0.45353691556354775,0.46473734908408776,0.027809178391382205
6005,CAT,0.8982192043499017,0.45231150875826265,0.46338085087948133,0.03781735567795844
6006,CAT,0.8983343176348476,0.45081612097880464,0.461965376952536,0.0
6007,CAT,0.8986460861970412,0.4504760429458059,0.4607578872627805,0.0
6008,CAT,0.8987288258466867,0.4459957763065771,0.4588023717820138,0.0
6009,CAT,0.8988343485047511,0.44577168062077743,0.45718846502206223,0.0
6010,CAT,0.8995418299622274,0.45648357377180815,0.45826319711959956,0.0
6011,CAT,0.900069443252549,0.46184360428956944,0.4603068135408372,0.0
6012,CAT,0.9006666055675038,0.46349941226514374,0.4623074128766704,0.0
6013,CAT,0.9013549010871508,0.46608358835007413,0.46447864041945064,0.0
6014,CAT,0.901498795620875,0.4647663783337645,0.4659246999099689,0.0
6015,CAT,0.9020743737557709,0.46380701348464176,0.466869659603876,0.0
6016,CAT,0.9011822241336317,0.4350432040566296,0.4612727751168708,0.09753429304011993
6017,CAT,0.9009999568459851,0.42461706978032243,0.4544925234947085,0.05109887671067709
6018,CAT,0.9008632596737353,0.421977927626246,0.4484854341691328,0.03290237141310711
6019,CAT,0.9008152919016187,0.418320767418897,0.4428720324780421,0.020561359792438692
6020,CAT,0.9006929792059198,0.41515749902345456,0.4376826631672646,0.024618645405868788
6021,CAT,0.9005616789569467,0.41051765265717005,0.43250639878235253,0.03321683147480223
6022,CAT,0.90040579467585,0.40882302971749623,0.4279911082983083,0.05403236509519815
6023,CAT,0.9003218582471236,0.4074556420725735,0.424076871001478,0.0
6024,CAT,0.9002043467199489,0.40586027080571974,0.42059312317905956,0.0
6025,CAT,0.9000484609750811,0.40515429886327453,0.4176502020608837,0.0
6026,CAT,0.8999789119504477,0.4064030022820399,0.41557165715882977,0.0
6027,CAT,0.8993193953375459,0.3964208821757063,0.41170414336732897,0.0
6028,CAT,0.8991755008038217,0.3957506647706594,0.40846210631709384,0.0
6029,CAT,0.8985471613398935,0.3889858015610856,0.40437437081042765,0.0
6030,CAT,0.897108216002653,0.37832290006224195,0.39874914532754474,0.0
6031,CAT,0.8961489191111595,0.3778254746384914,0.3941391022255062,0.0
6032,CAT,0.8950912942882875,0.37379989538049196,0.38956196749173166,0.0
6033,CAT,0.8935656767345245,0.36319956865534786,0.3835590430598274,0.05896810725738048
6034,CAT,0.8921027504387672,0.3540319110493383,0.3767319100208279,0.046556872111698684
6035,CAT,0.890778922485031,0.35108340083130285,0.3706189876998668,0.022161705345180645
6036,CAT,0.8908029063710895,0.35014140495223495,0.3655205981019893,0.01970741522883263
6037,CAT,0.8901146120224593,0.34763281331050877,0.3608878321328043,0.08766567948879041
6038,CAT,0.8891912873006257,0.3471748881397337,0.35708048077373816,0.03095687061006356
6039,CAT,0.8883614975387631,0.3480288874710932,0.3542232162736096,0.05214957964153761
6040,CAT,0.8875413001603069,0.3494010073517117,0.3522404547573934,0.0
6041,CAT,0.8869441352105648,0.3537130871843203,0.35160662308333424,0.0
6042,CAT,0.8862534426197061,0.3577298071134391,0.35198670130104787,0.0
6043,CAT,0.8855651471000593,0.361469345124674,0.35311668828897436,0.0
6044,CAT,0.8845506906373047,0.3576002352832276,0.35316613588296414,0.0
6045,CAT,0.8830973558466916,0.3465142269690954,0.35075720837244184,0.0
6046,CAT,0.8814617546466951,0.33649927210286545,0.3466181365208646,0.0
6047,CAT,0.8806223698666381,0.33508641267372913,0.3429948311095584,0.0
6048,CAT,0.8795191784414206,0.336329819841659,0.34037080902880895,0.0
6049,CAT,0.8786606077235336,0.33684060940835564,0.3383844057204638,0.0
6050,CAT,0.8774890640527636,0.3259482101320151,0.33438955850041124,0.0740023456423984
6051,CAT,0.8766884618824787,0.3336002609471257,0.3328837332293873,0.04165182513812283
6052,CAT,0.8762423879496716,0.3438538687948963,0.33394371239452025,0.04659595879071556
6053,CAT,0.8759957059601712,0.3489386071238639,0.33591472469727374,0.021765759495026606
6054,CAT,0.8757792362018727,0.3528521219219452,0.3383558839338718,0.023107956303301147
6055,CAT,0.8754566723293536,0.35795426538151354,0.34143568443771155,0.03456675728740214
6056,CAT,0.8749266628460829,0.3589171769350885,0.3441121960739666,0.03425119308223197
6057,CAT,0.8745141648899862,0.36025059875669174,0.34654790850955675,0.0
6058,CAT,0.8742239764092928,0.3652085941791139,0.3495915146497628,0.0
6059,CAT,0.8737395288443007,0.3660509177714378,0.35221243741395436,0.0
6060,CAT,0.8731047860736217,0.36407554880338344,0.3538728903269661,0.0
6061,CAT,0.8723477329492769,0.3630481141266364,0.35497433067382694,0.0
6062,CAT,0.8716282602806572,0.3635584508620572,0.35596819729403767,0.0
6063,CAT,0.8707433088982538,0.3610349312131481,0.35620593925954347,0.0
6064,CAT,0.8703068288126244,0.3616123762879843,0.3565236689028417,0.0
6065,CAT,0.8702804481481082,0.36251309535446696,0.35697678785084547,0.0
6066,CAT,0.8703044305703959,0.3627569659297182,0.35739314491980845,0.0
6067,CAT,0.8705898219811233,0.3745315867006906,0.3603268049582963,0.04250488638694885
6068,CAT,0.8698271797813691,0.3638108800007654,0.3603059288994961,0.02638417082247868
6069,CAT,0.8693211489145815,0.359984064492944,0.359444027296279,0.031737058389536076
6070,CAT,0.8692372162916592,0.35422831541278715,0.3574832758054629,0.021753172259411
6071,CAT,0.8680496736050444,0.3425773465163935,0.3533414103147797,0.04290613212578314
6072,CAT,0.8670627992699537,0.34178821261654146,0.3498536276886129,0.047370846681507824
6073,CAT,0.8662162200559645,0.3411692767250628,0.34692670174353135,0.05213831737809207
6074,CAT,0.865703622712957,0.3476646220692854,0.3460197404139753,0.0
6075,CAT,0.8648582408635573,0.3479116617791433,0.34534873320447557,0.0
6076,CAT,0.8642586803063738,0.35030940304052627,0.34534149901488764,0.0
6077,CAT,0.863500835762094,0.34956558230301527,0.34517142941639367,0.0
6078,CAT,0.8626302738330632,0.3506682373961873,0.3452789091044451,0.0
6079,CAT,0.8616613839726547,0.346606013361487,0.3444676991388914,0.0
6080,CAT,0.8616102294659157,0.3601401942855584,0.34680792673333183,0.0
6081,CAT,0.8613648173386496,0.36725958817021226,0.35025251727292755,0.0
6082,CAT,0.8612473034694416,0.3767708626458229,0.35510887534324076,0.0
6083,CAT,0.861146577295835,0.3814987369836941,0.36003817283012785,0.0
6084,CAT,0.8605038457437463,0.37622595528660013,0.3628170500854106,0.050569771157431644
6085,CAT,0.8594941860582036,0.3647278674043102,0.3625006533031913,0.03399679842557973
6086,CAT,0.8586548039129341,0.3587818348751507,0.3609342791553119,0.03287785942796093
6087,CAT,0.857808224698945,0.3656020914082275,0.3611875200217639,0.022442820273929163
6088,CAT,0.8580336600539543,0.3734480809253703,0.3631229990428114,0.028002845156906517
6089,CAT,0.8582255238235658,0.38335818389661924,0.3668601542315334,0.029602086566173417
6090,CAT,0.8584737354536481,0.38927319908656255,0.37115628453172833,0.050764321237736
6091,CAT,0.8591572365381163,0.39544039719085905,0.37595529271721184,0.0
6092,CAT,0.8594654092007378,0.400185071008093,0.3808424206743895,0.0
6093,CAT,0.8599042857720712,0.4059608219234385,0.38602777090744117,0.0
6094,CAT,0.8598699189609337,0.4068629422524387,0.3903752958138528,0.0
6095,CAT,0.860152911543924,0.40866868069177087,0.3942521359829321,0.0
6096,CAT,0.8603711515867388,0.41024544513597166,0.3977018565502999,0.0
6097,CAT,0.8607692597967088,0.41192479891782263,0.40083253959308196,0.0
6098,CAT,0.8613112625404028,0.41721484365739936,0.4045054595234852,0.0
6099,CAT,0.8624096574811629,0.4272731835368469,0.4096653074415672,0.0
6100,CAT,0.8627166324864411,0.43445374445613766,0.41537910375570936,0.0
6101,CAT,0.8633665534956402,0.44289719549415074,0.42181498409186025,0.05348758070460695
6102,CAT,0.8629636505577379,0.43063734562626244,0.42425594497524893,0.04459922573042955
6103,CAT,0.8630183308904088,0.4272327091780392,0.4254567565273324,0.03835396940683425
6104,CAT,0.8631970060842874,0.4176518383860872,0.42430134890092164,0.0206863488338147
6105,CAT,0.8637653883214808,0.41042997184319474,0.42178198194909455,0.024253836401711245
6106,CAT,0.8642714139186934,0.4060135850996686,0.4187910733440885,0.03488740055255756
6107,CAT,0.8642330411647711,0.4021458334617924,0.4155441044402225,0.041883253610493956
6108,CAT,0.8640915454587842,0.3990519365206234,0.41226320292502505,0.0
6109,CAT,0.8637869660609475,0.3966995786602046,0.4091189336347429,0.0
6110,CAT,0.8636550656659089,0.3964547749263105,0.4065494501920318,0.0
6111,CAT,0.8634464185920091,0.39611424842891035,0.404418653840611,0.0
6112,CAT,0.8634416221075515,0.4000019430977169,0.40357266345073617,0.0
6113,CAT,0.8635711271879031,0.407907926803311,0.4046420079443952,0.0
6114,CAT,0.8638189375573982,0.41292296340133505,0.40660511799837634,0.0
6115,CAT,0.8638645041597438,0.4136661622025993,0.40833975092587416,0.0
6116,CAT,0.8641019301403888,0.41835288446118846,0.41076257933969806,0.0
6117,CAT,0.8644640647169276,0.4249760215172352,0.4141636459181319,0.0
6118,CAT,0.8651547567222778,0.44083957604282314,0.42038816646070387,0.05582549409868437
6119,CAT,0.8655582598062456,0.45292621247519094,0.42803726989547886,0.041655358397243
6120,CAT,0.8659971407688917,0.46214101803473195,0.43619175936048415,0.02966877683206662
6121,CAT,0.8662753377456874,0.4685132059168119,0.44412272947096976,0.02284561181362853
6122,CAT,0.8673545467486176,0.4710360579228647,0.45102470943262574,0.02298473389148522
6123,CAT,0.8682903427984473,0.47576342752207135,0.4575903929546493,0.03453385381184556
6124,CAT,0.8694906568860911,0.4775147111394851,0.46322973297792264,0.05261111161410981
6125,CAT,0.87063461930746,0.47731444280410684,0.46769697319384423,0.0
6126,CAT,0.8717402098531687,0.47683721537496915,0.4711653636342139,0.0
6127,CAT,0.872706221822903,0.4723390231502184,0.4729465931645607,0.0
6128,CAT,0.8737926255525196,0.4704608818736006,0.4739567654596899,0.0
6129,CAT,0.8750013396358015,0.4707968687993215,0.4748391102710458,0.0
6130,CAT,0.8763059834082326,0.47381359616317953,0.4762112686320261,0.0
6131,CAT,0.8774811221003126,0.4724472345984385,0.4770072170340417,0.0
6132,CAT,0.8783828611783168,0.46896219962825175,0.4768742615674252,0.0
6133,CAT,0.8789968111888725,0.46430688146521853,0.47573971111523744,0.0
6134,CAT,0.8791071303313945,0.44833933808932536,0.47130543621675314,0.0
6135,CAT,0.8792774052368805,0.4334893893584411,0.46447821671764117,0.08462464752979917
6136,CAT,0.8789692287684544,0.4157598477270054,0.4551006469121945,0.041072370642414965
6137,CAT,0.8784847814962168,0.4011755017880855,0.4443774532338529,0.04303686271322943
6138,CAT,0.877610624838631,0.392571094477942,0.4338985057715707,0.04168826187279958
6139,CAT,0.8768138065161005,0.3876498911342781,0.4244284376073904,0.04159750127915021
6140,CAT,0.87602718335783,0.38449587796007584,0.4161557792511742,0.07152729762871939
6141,CAT,0.875312511857734,0.3835621010510873,0.40933141608890966,0.08763498430018393
6142,CAT,0.8747537196619138,0.3845783749583391,0.40409638254510555,0.0
6143,CAT,0.87386396945302,0.3822117015369737,0.39938564585867964,0.0
6144,CAT,0.8730797468790116,0.3816708553053735,0.395497603757508,0.0
6145,CAT,0.8722643445212418,0.38011704171337996,0.39204399063135653,0.0
6146,CAT,0.871856643342357,0.3881856964421812,0.3910631648952967,0.0
6147,CAT,0.8704109829268761,0.36975660629553914,0.386208205935451,0.0
6148,CAT,0.8695715981468192,0.3707710253040533,0.38254828607566244,0.0
6149,CAT,0.8658087560899353,0.31356872769532246,0.3669864970284248,0.0
6150,CAT,0.8620459140330515,0.2732973761915023,0.34564262688347325,0.0
6151,CAT,0.8588130835087179,0.25134923446582735,0.3237200052086488,0.0
6152,CAT,0.8559615699857029,0.24220720945849641,0.30416277565993516,0.3187607005304526
6153,CAT,0.8547096872495495,0.26904880398830033,0.29444529871545133,0.09146327055688801
6154,CAT,0.853575316918833,0.2824330839629131,0.2896274052002481,0.11218163955147925
6155,CAT,0.8523165983726163,0.289878160750025,0.2874174300531153,0.039995168268153164
6156,CAT,0.8511474552861081,0.29312006214451763,0.2863654649887808,0.06179824781263657
6157,CAT,0.8497972437403144,0.29258949600629414,0.28540671067432927,0.06106840897562647
6158,CAT,0.8479517945887783,0.2859099119866314,0.28316443634732935,0.09061308008109713
6159,CAT,0.8461243375235329,0.28408732515537527,0.28096807546066527,0.0
6160,CAT,0.8441553777262006,0.28159152376241514,0.2786597573491625,0.0
6161,CAT,0.8422463739845866,0.28359594630195467,0.2772558050081705,0.0
6162,CAT,0.8404500905552642,0.29040314244568566,0.27763609876744666,0.0
6163,CAT,0.8384595495054151,0.28959736284690796,0.2777623671274536,0.0
6164,CAT,0.8364450260332786,0.2908349502792682,0.27813671870131845,0.0
6165,CAT,0.8343249799030775,0.28951000261902315,0.27814356845987287,0.0
6166,CAT,0.8319123482209708,0.2926914676628756,0.27885171518528573,0.0
6167,CAT,0.8314303015329952,0.31176542998158,0.2836309591373856,0.0
6168,CAT,0.829749133730653,0.31782730522147695,0.28879319635354644,0.0
6169,CAT,0.829869045256581,0.3027271125927034,0.28958791700642694,0.08764646739232448
6170,CAT,0.8294985136119456,0.28534181359741284,0.28638392967621507,0.05051103072455882
6171,CAT,0.8288941556920423,0.2763128817350746,0.2818265856590897,0.045827474932078616
6172,CAT,0.8288296692654146,0.28826208971601625,0.2808198446290377,0.04785357820880104
6173,CAT,0.827038182027796,0.2951033100382811,0.281525422108564,0.02751481374093305
6174,CAT,0.8255776533887594,0.29941982422270064,0.2830432410139554,0.039654208763056774
6175,CAT,0.824061603919806,0.2984095917571745,0.2840343734813147,0.08325087221813812
6176,CAT,0.8224451909996725,0.2928376237111129,0.28359663961999204,0.0
6177,CAT,0.8211741261314934,0.2926037372322867,0.28319479573473894,0.0
6178,CAT,0.8202867773851245,0.2941551438169597,0.2832159684536457,0.0
6179,CAT,0.8192795156490561,0.2961877432058111,0.2836818319916351,0.0
6180,CAT,0.8185504500115207,0.30237359606186276,0.2854207469059544,0.0
6181,CAT,0.8176535074179742,0.3074435913929653,0.28793165162993234,0.0
6182,CAT,0.8165742984150438,0.3125814074623988,0.29107512727214746,0.0
6183,CAT,0.816094649969297,0.32271303788501227,0.2958276069059832,0.0
6184,CAT,0.815768489026189,0.33534194118979643,0.3024188441323481,0.0
6185,CAT,0.8157037364860132,0.3478837711546371,0.31046185618089983,0.0
6186,CAT,0.8166774228308794,0.38291095435034844,0.3246324636226545,0.06261045575288562
6187,CAT,0.8165766984137978,0.40351061378759,0.3405186457131619,0.028394816090550362
6188,CAT,0.8168045320110356,0.4165712260111507,0.3561121932967197,0.03557329447926054
6189,CAT,0.818025236427199,0.4265258652628058,0.3707856397380148,0.026199116376059782
6190,CAT,0.8192519423040173,0.42748471108657504,0.3827361701562242,0.025927276252501713
6191,CAT,0.8202717734407315,0.4268957260850411,0.3921665096806784,0.03134552911328225
6192,CAT,0.8205065403351747,0.42737641523816555,0.3998169475982712,0.059219410312302566
6193,CAT,0.821029357726547,0.42965150481563225,0.40643978032986755,0.0
6194,CAT,0.8216433086153657,0.4307569665207658,0.4119822017578507,0.0
6195,CAT,0.8225042796247602,0.4308834629674836,0.4164440772453707,0.0
6196,CAT,0.8235355237831158,0.4282418306633979,0.4194301396263185,0.0
6197,CAT,0.8245092101279822,0.4275609084165527,0.42166859921391747,0.0
6198,CAT,0.8254828964728481,0.4272240998418479,0.4233849784371417,0.0
6199,CAT,0.8264661757866293,0.426460842202325,0.4245895066824898,0.0
6200,CAT,0.8273775078335482,0.42747184634455637,0.42577642237031277,0.0
6201,CAT,0.8283368047250418,0.4280616977508983,0.4268562310871784,0.0
6202,CAT,0.8289843301268,0.421815866459351,0.4263406069783102,0.0
6203,CAT,0.8298860715468374,0.4270830793290475,0.42709143847925946,0.06521270109489075
6204,CAT,0.8300419608047555,0.41916384914000077,0.42594304122052973,0.03128458039345932
6205,CAT,0.8300173782364023,0.41088947339671206,0.4231968225526275,0.044649574672891976
6206,CAT,0.8290125141570545,0.40845530104272176,0.4204622297712858,0.02344516172058236
6207,CAT,0.8281923120945315,0.40326314337573127,0.4171278016519207,0.02879385354243455
6208,CAT,0.8273277431362852,0.3951944664914222,0.41267818949824236,0.05315236274558083
6209,CAT,0.8263036963394031,0.3855140517231673,0.40698045735712907,0.05863222681226933
6210,CAT,0.8255962131254017,0.3781555701269269,0.4007970576257563,0.0
6211,CAT,0.8249145350212016,0.37215023349591075,0.3945239830552607,0.0
6212,CAT,0.8241782729004551,0.3678733975482654,0.3885609299190881,0.0
6213,CAT,0.8238497137151185,0.3755979045009832,0.3854965427724184,0.0
6214,CAT,0.8230391078418063,0.37154039779317055,0.3821488812205804,0.0
6215,CAT,0.8222860597819838,0.3694964811833595,0.3790193270644141,0.0
6216,CAT,0.8217104816470878,0.3695533790559158,0.3765282503565054,0.0
6217,CAT,0.8213867189462084,0.3769046946272215,0.37615902030113757,0.0
6218,CAT,0.8208830880781744,0.3796888068666068,0.3764785427672827,0.0
6219,CAT,0.8220150548970869,0.4160070967891712,0.38475551584416595,0.0641551524744849
6220,CAT,0.8231829976914636,0.4469396596411982,0.39820894325673606,0.057509754555530354
6221,CAT,0.8240343707551226,0.46415145330690216,0.41277312818598594,0.033773540614924
6222,CAT,0.8254356635137193,0.48198052157748456,0.4283622520565052,0.020777109427464066
6223,CAT,0.8261947019095385,0.49203615654742694,0.44305446571309826,0.025731401200027294
6224,CAT,0.8273842280057114,0.49610201639342755,0.4557062333694212,0.028671514445398668
6225,CAT,0.8286894725097166,0.49875307537315305,0.46641316750446016,0.049255177936033435
6226,CAT,0.8304090127732274,0.5125135779309609,0.4780178963835555,0.0
6227,CAT,0.831963075201218,0.515374256827368,0.48793349671488495,0.0
6228,CAT,0.8337629580431624,0.5174613848413986,0.4963269456814946,0.0
6229,CAT,0.8404324685102552,0.6158537209632075,0.5247729006028391,0.0
6230,CAT,0.8469988557325291,0.6883930249628873,0.563550890143231,0.0
6231,CAT,0.8545533187530415,0.7620470226459652,0.6108407016210939,0.0
6232,CAT,0.8618535680973086,0.8104388950077808,0.6593605097680715,0.0
6233,CAT,0.8693816504533048,0.8591338456200577,0.7089312539271455,0.0
6234,CAT,0.8762718003764581,0.8683673589692966,0.7506271878242929,0.0
6235,CAT,0.88459849856564,0.901020195465537,0.7911957281527202,0.3974669182052722
6236,CAT,0.893778968060709,0.940001103275871,0.8322599884609007,0.1204971648907991
6237,CAT,0.9028179409715288,0.9683980580166209,0.8713832244375639,0.0964290454215918
6238,CAT,0.9124205063684304,0.992678558017356,0.9080444696937184,0.07069499427722437
6239,CAT,0.9200229371610592,0.9971595264482196,0.9383631446271906,0.07464760708921943
6240,CAT,0.9277920475451104,1.0,0.9632454391953131,0.05673486666473809
6241,CAT,0.9357686035399136,0.9932239243645038,0.9816546925768147,0.11076215269995099
6242,CAT,0.9435525785173685,0.9822153359386538,0.9939507088608645,0.0
6243,CAT,0.9513888379272991,0.9650665728883556,1.0,0.0
6244,CAT,0.9592598674582334,0.9431525823409126,0.9999994500734378,0.0
6245,CAT,0.9674330763882514,0.9266535112551646,0.9963549809571757,0.0
6246,CAT,0.9752633372650686,0.9133851070654349,0.9905089102610037,0.0
6247,CAT,0.9834197590849932,0.8972999070752474,0.9822794332113414,0.0
6248,CAT,0.9915641896937742,0.8799410072694345,0.9718619183150211,0.0
6249,CAT,0.9948953481494857,0.8586325024164085,0.958821652757577,0.0
6250,CAT,0.9978739649975737,0.827273519775854,0.9414634111402223,0.0
6251,CAT,0.998629409835854,0.7716001583536816,0.9152806496415327,0.13631004525442447
6252,CAT,0.9991126524246478,0.7128841474764909,0.8813662645031703,0.07857614957345833
6253,CAT,0.9990862702963609,0.6681510752344001,0.8443548898538773,0.05230968044542031
6254,CAT,1.0,0.6259594332203211,0.8054272307051313,0.028981557933193576
6255,CAT,0.9995434718154855,0.5925208315167398,0.7668997639602851,0.04002365516980954
6256,CAT,0.9979414477632161,0.5593580540719687,0.7287533704255329,0.04850413954430232
6257,CAT,0.9961175892323307,0.5309457651586866,0.6919610411210618,0.08357968614500892
6258,CAT,0.994043106191426,0.510478444556308,0.6580067102510597,0.0
6259,CAT,0.9923379565523042,0.49309463535414655,0.6270038107422555,0.0
6260,CAT,0.990257477905827,0.47672503545148964,0.5985860573136021,0.0
6261,CAT,0.9881901936901668,0.4611366229590989,0.5724089558996466,0.0
6262,CAT,0.9858974741194971,0.4445881674412738,0.5478123384150992,0.0
6263,CAT,0.9833505408725812,0.42392667521873384,0.5235716917352444,0.0
6264,CAT,0.9808779531347563,0.40697714387945066,0.5004356553543109,0.0
6265,CAT,0.9781151780872545,0.39442880060867275,0.47915536543585296,0.0
6266,CAT,0.9743715219682011,0.36987408801143046,0.4567079136953555,0.0
6267,CAT,0.9689826749005309,0.3168455522595896,0.4270379274026701,0.1842861833889564
6268,CAT,0.963515882911148,0.27553251580432236,0.3941774301238494,0.07534962151065819
6269,CAT,0.9576557753904488,0.2341455560410991,0.35874819715568446,0.06173972820845875
6270,CAT,0.9522537321354375,0.20372077806628316,0.3236851125625496,0.07729953888760195
6271,CAT,0.9484717067755112,0.18965525965720686,0.2925280966964517,0.07501683266727718
6272,CAT,0.9451309571074097,0.17936840003901502,0.2653305005462544,0.05240949501556511
6273,CAT,0.9412218252021146,0.16681019810426945,0.2407987854013702,0.12251311004755104
6274,CAT,0.9376076747489209,0.16168907708172667,0.22004234873534795,0.0
6275,CAT,0.9338936345442278,0.16050292046470485,0.20317522166474736,0.0
6276,CAT,0.930411386828106,0.16236423817780413,0.19009261563996946,0.0
6277,CAT,0.9278824377631182,0.18578850628956337,0.1848000776191724,0.0
6278,CAT,0.9255561428012459,0.21409169234736078,0.18681716492936892,0.0
6279,CAT,0.92306676736782,0.2348965451079529,0.1930258504634045,0.0
6280,CAT,0.9206445427167987,0.25278904957144055,0.20194458550577812,0.0
6281,CAT,0.9181959374012608,0.2660462279915856,0.21200758958920377,0.0
6282,CAT,0.9156993672411488,0.2733210009665709,0.22166471876340077,0.0
6283,CAT,0.9139186706297885,0.2881988560546225,0.23267638515611458,0.09045872082328471
6284,CAT,0.9116954992054894,0.29141673916420946,0.24219642858071297,0.052308355473250245
6285,CAT,0.9093500185985418,0.2934364220094472,0.2502585359007247,0.036830030582565974
6286,CAT,0.9075849131964558,0.2935444619090089,0.2567320837392677,0.028331438255082317
6287,CAT,0.9076016953297278,0.2978525864222009,0.2628624259665411,0.023242220149867602
6288,CAT,0.907735447394944,0.3041161624998142,0.2691500899918535,0.02789375578157127
6289,CAT,0.9083997651763703,0.3107384353432267,0.2756428341871534,0.04862780361350827
6290,CAT,0.9089189872536788,0.31403029887574274,0.2815640793688231,0.0
6291,CAT,0.9093027048392596,0.32229922028057095,0.2881273717152285,0.0
6292,CAT,0.909663641758455,0.32752436946989805,0.29453204608292,0.0
6293,CAT,0.9105989547638905,0.33740415623998765,0.3018378618313059,0.0
6294,CAT,0.9108771508624235,0.3342207082017535,0.30697940954197744,0.0
6295,CAT,0.9112081322724109,0.3336868293253753,0.31097473378728024,0.0
6296,CAT,0.9116206299357533,0.3357848230100554,0.3146343617062856,0.0
6297,CAT,0.91100188344074,0.3359215331055312,0.3175922582005333,0.0
6298,CAT,0.9102032687785714,0.34051914192359967,0.3209740156338251,0.0
6299,CAT,0.9090029491285981,0.33293678386115216,0.32200476160406655,0.06465820024171909
6300,CAT,0.9076887147292855,0.32509673121937344,0.3210977832866198,0.03983550912166049
6301,CAT,0.9065015845333081,0.32001859161389046,0.31925062907381574,0.04017580614067185
6302,CAT,0.9052902113638243,0.3118076630654744,0.315959417960604,0.036585573217189214
6303,CAT,0.904056318371928,0.3136448171365419,0.3137322078548273,0.028609461582100686
6304,CAT,0.9033416395529777,0.31717886540057033,0.31273097916621756,0.028730254878271494
6305,CAT,0.902562210828639,0.3178029335813477,0.31206782959068347,0.05094782988328982
6306,CAT,0.9017348403638855,0.3155404979483606,0.31103762231691445,0.0
6307,CAT,0.9011808487510812,0.32343943354013394,0.3119580366381006,0.0
6308,CAT,0.899710075472329,0.31311406529585606,0.3104138795190959,0.0
6309,CAT,0.8975984211406492,0.2932773473630311,0.30479736299757065,0.0
6310,CAT,0.895691818568806,0.2803126026869973,0.2974407214333533,0.0
6311,CAT,0.8930753362972567,0.26143139447862074,0.28738525380097063,0.0
6312,CAT,0.8906698993418366,0.2504780466049159,0.27692169385069787,0.0
6313,CAT,0.8881541432438945,0.2462607481200022,0.2676194020147068,0.0
6314,CAT,0.8862931072743968,0.24671914181161023,0.2602788106084022,0.0
6315,CAT,0.8843577228682667,0.2484859045519833,0.2547965494497041,0.10577826988225635
6316,CAT,0.882640583481772,0.25790674812565273,0.2524914533493806,0.042507757159983985
6317,CAT,0.8810625386314944,0.26756771282654873,0.2527811230931508,0.028182599714645158
6318,CAT,0.8793549892863729,0.27770673391255113,0.25525219033000635,0.01793239417833728
6319,CAT,0.8781115012762827,0.28485528782503805,0.25880789294563783,0.020212229625626906
6320,CAT,0.8769795306515661,0.2914291084649384,0.2631043667293284,0.034961598994081126
6321,CAT,0.8755597680318595,0.29202843023951075,0.2666739135738635,0.0740295075718847
6322,CAT,0.8745887407731948,0.2979386942518468,0.2708349078408556,0.0
6323,CAT,0.8730898385019733,0.29999375202645884,0.27461758883674064,0.0
6324,CAT,0.8717420298824751,0.30700369610378314,0.27919196871894025,0.0
6325,CAT,0.8710297516477868,0.32371487849448266,0.28654234927249284,0.0
6326,CAT,0.8699121467867744,0.3255397437517719,0.2928256983596951,0.0
6327,CAT,0.8687777782125833,0.33617758298061373,0.30020187938670884,0.0
6328,CAT,0.8684324313316455,0.34430037891242204,0.30789684674476125,0.0
6329,CAT,0.869202267087069,0.36180836639341646,0.31791968179235097,0.0
6330,CAT,0.8694157106454264,0.3657231023627618,0.3268025689359848,0.0
6331,CAT,0.8701483736463046,0.3699165503596552,0.3348350548437914,0.045339001858715124
6332,CAT,0.8708666460227937,0.37550536060833584,0.3424954032193743,0.03868808322238532
6333,CAT,0.8709098149684195,0.3687508365419617,0.34713185958431214,0.02809073497752074
6334,CAT,0.8707659224839747,0.36192610883771,0.3493336969766266,0.024196420941008483
6335,CAT,0.8710842926528893,0.3663098669484987,0.3520633754865191,0.0245523967973656
6336,CAT,0.8708036950918313,0.3639526248716962,0.35372649147515384,0.03542666422577349
6337,CAT,0.8704943197950455,0.3625773615932382,0.35475323992288144,0.04087384564560042
6338,CAT,0.8701609650035137,0.3624871723964138,0.35555471925270354,0.0
6339,CAT,0.8700674323855765,0.3656544152646398,0.356895428487205,0.0
6340,CAT,0.8697580570887907,0.3636888628782642,0.35753387869307257,0.0
6341,CAT,0.8697076975150374,0.3621736030269915,0.3577099744953267,0.0
6342,CAT,0.8695326258323398,0.3630280960140124,0.35803957675437026,0.0
6343,CAT,0.8694870592299938,0.3630799037503315,0.35831470095746215,0.0
6344,CAT,0.8692256508270618,0.363302113278625,0.3585838781134587,0.0
6345,CAT,0.8681464418241313,0.357006321535529,0.3574087143563163,0.0
6346,CAT,0.8676548021672409,0.3526745012346646,0.3555118458788247,0.0
6347,CAT,0.8668106191462012,0.3508305950866509,0.35358710103018054,0.11009480838362891
6348,CAT,0.8658681093648005,0.34695760038393875,0.35119190513401566,0.048406754089802634
6349,CAT,0.8639135451686782,0.3339402273835485,0.3464006964369504,0.035938765969503114
6350,CAT,0.8625645339150153,0.3268796545056116,0.3410083123808576,0.031936908358520685
6351,CAT,0.8610788210977894,0.3200672770006784,0.33518980513455543,0.02720742019747827
6352,CAT,0.8597166212683934,0.32017604857433585,0.33055902291955425,0.052351858726167336
6353,CAT,0.8589683708640451,0.32255659456624564,0.32738017093214355,0.05916596976810999
6354,CAT,0.8580594350100758,0.32006585254411346,0.32428697736627965,0.0
6355,CAT,0.8567122218525759,0.3191861628507183,0.3216181318840719,0.0
6356,CAT,0.856023927503946,0.3269775776017657,0.32120388829670266,0.0
6357,CAT,0.8556593981982284,0.3407239172910867,0.3239085469486801,0.0
6358,CAT,0.8553716091307805,0.35432985999468425,0.32907731893660425,0.0
6359,CAT,0.8550550411565875,0.36772074387236264,0.336169883123104,0.0
6360,CAT,0.8547912345114267,0.37484144912414613,0.34341663256841515,0.0
6361,CAT,0.8543211790345949,0.37601862010533854,0.3494740252707721,0.0
6362,CAT,0.8540166022715455,0.3822742575255891,0.35570157632295407,0.0
6363,CAT,0.8534260368792447,0.38037685761679413,0.3602645523222984,0.046826503948306654
6364,CAT,0.8530135374593776,0.38258664821914373,0.36440299341218546,0.03661207266059049
6365,CAT,0.852915208649737,0.384177319708434,0.3680650662635478,0.02219637545029731
6366,CAT,0.8525782559093539,0.3807405028606271,0.37023565994048546,0.01968577401672159
6367,CAT,0.8521010080478694,0.3763534634891926,0.3710032015779513,0.023300739754045414
6368,CAT,0.8518665778207312,0.3752587544747647,0.37137545451338094,0.0517854331234651
6369,CAT,0.8522383024386432,0.37673111389143576,0.37199844611889976,0.06603440466902526
6370,CAT,0.8525081046893758,0.3784106387173112,0.3728677837694455,0.0
6371,CAT,0.8528822322335835,0.3800333696806865,0.37392165461092897,0.0
6372,CAT,0.8530465112407436,0.38169309594874085,0.37513132288756484,0.0
6373,CAT,0.8522838684554809,0.3652656836942928,0.37247085509589817,0.0
6374,CAT,0.8518905567299687,0.35525149794718275,0.36813072088912097,0.0
6375,CAT,0.8515548028179457,0.3492762112447469,0.3633388956462759,0.0
6376,CAT,0.8508377283915541,0.3447836684009348,0.3585132003675056,0.0
6377,CAT,0.8500127330648696,0.34645325329988064,0.35502139315164855,0.0
6378,CAT,0.8482740074490372,0.3314849967944954,0.34892201802565476,0.0
6379,CAT,0.846589239648564,0.3238737994958723,0.34236148843727143,0.056985728062270154
6380,CAT,0.8457706682268143,0.3330957629087182,0.3391498523864651,0.0572465267510777
6381,CAT,0.8449480734843916,0.33631108540797566,0.3372906883129693,0.023001516872306026
6382,CAT,0.8439791871370336,0.34156656738878965,0.3369640969265756,0.023254586556788196
6383,CAT,0.8434281871791774,0.34806047928262096,0.3381370866482646,0.03338444045431529
6384,CAT,0.8426151868694408,0.35175143821124794,0.3398906735326486,0.031025548334211863
6385,CAT,0.8419460752383446,0.3578533830031278,0.3426412349635595,0.05161936994481712
6386,CAT,0.8416810691793154,0.36667476500065005,0.3467899982403891,0.0
6387,CAT,0.8413189340172681,0.37002732701162466,0.35084946471633915,0.0
6388,CAT,0.8409154323970712,0.3742062010933524,0.35501999525593336,0.0
6389,CAT,0.8405149256521186,0.37988470940581004,0.3596105902923417,0.0
6390,CAT,0.840483748503145,0.39252253047401475,0.36607428944195697,0.0
6391,CAT,0.8404549695964002,0.40261999418270633,0.3734754017294659,0.0
6392,CAT,0.8402151453735266,0.4062627493272711,0.3802008402492285,0.0
6393,CAT,0.8411840352339356,0.4163051105756988,0.3877991739554144,0.0
6394,CAT,0.8418219676667787,0.41954876937236263,0.3945942441183007,0.0
6395,CAT,0.8418627374919131,0.410779863917279,0.3980935762266827,0.06890407356068826
6396,CAT,0.8413327230318207,0.3914994720255928,0.3966347227514286,0.04181457588634565
6397,CAT,0.8406468278036824,0.37780136633170003,0.3924422395391933,0.0373443406132457
6398,CAT,0.840919030638677,0.37040757913304456,0.38745524126070313,0.02481209134269809
6399,CAT,0.8411240829840213,0.36688745488349556,0.38268817853715287,0.03070976330034668
6400,CAT,0.840853848920876,0.36891696109716704,0.3793227705541946,0.032860413961055095
6401,CAT,0.8408514483366137,0.3716720416504268,0.377238938662058,0.05460077815615548
6402,CAT,0.8408682325191646,0.3765638752660041,0.37665229666563804,0.0
6403,CAT,0.8408058802704969,0.3807244181124916,0.37710189174146275,0.0
6404,CAT,0.8405845204635053,0.37890042597827267,0.3770587159980699,0.0
6405,CAT,0.8400329276784385,0.3734883153228785,0.37582884210100453,0.0
6406,CAT,0.8393206497365043,0.3697609933466687,0.3740217166359183,0.0
6407,CAT,0.8390496483646573,0.37244536045272314,0.373168892796114,0.0
6408,CAT,0.8394333671212549,0.3897210593982812,0.3763021910152942,0.0
6409,CAT,0.8398842366602569,0.4068835894660438,0.38259939209921356,0.0
6410,CAT,0.8398698472068843,0.41851267955993093,0.3902055850532668,0.0
6411,CAT,0.8395580774736741,0.4213246355271111,0.39691159556748906,0.08150742967102928
6412,CAT,0.840877110699478,0.4530409344559045,0.4092813509858393,0.03880777237508107
6413,CAT,0.8421409872815623,0.48339539102731,0.4258813221650029,0.04016145227549616
6414,CAT,0.843982840240772,0.5138366650493089,0.44588464068824435,0.03804326343295431
6415,CAT,0.8461124805109045,0.5313009648115471,0.4657445076810265,0.03106419335583872
6416,CAT,0.848678602623192,0.5402988275915352,0.4836196934271939,0.027250260964310328
6417,CAT,0.8510936269851975,0.5439106391991899,0.4987175564411722,0.061818122395187525
6418,CAT,0.8533587644282036,0.5450613188210321,0.5110499890456514,0.0
6419,CAT,0.8554932000117773,0.5435206903844361,0.5205756677928717,0.0
6420,CAT,0.8574669568790753,0.5417387590287035,0.5278026486431542,0.0
6421,CAT,0.8594071348421214,0.5388382260684415,0.5329436138196914,0.0
6422,CAT,0.8612297989359593,0.5349443734746174,0.5361963792137927,0.0
6423,CAT,0.8634026063951926,0.5377155123963652,0.539410632717719,0.0
6424,CAT,0.8658615241523134,0.538977963899778,0.5422608639522647,0.0
6425,CAT,0.8683077312256223,0.533894802505088,0.5434183682551962,0.0
6426,CAT,0.871540561749956,0.5449946814614943,0.5467959207905803,0.0
6427,CAT,0.8737637340525178,0.5362521186113868,0.5475670568954812,0.05196121276469355
6428,CAT,0.876069641613412,0.544432999562918,0.549990817129381,0.03340387337947622
6429,CAT,0.8786033833570529,0.5574561529589979,0.5548061539703588,0.04363420433323315
6430,CAT,0.8814177238327686,0.5699754045584098,0.5614234589921414,0.042104965620284616
6431,CAT,0.8845894006440403,0.5792075242487107,0.5687563337721976,0.03486288856741138
6432,CAT,0.8864096656173871,0.5859839262214768,0.5761192879449654,0.049666140137448196
6433,CAT,0.888150784498627,0.5936337266112366,0.5836992067532075,0.0768722353627564
6434,CAT,0.8895393638215224,0.5976813510175937,0.5906571110026492,0.0
6435,CAT,0.8911677694165702,0.5985106422472235,0.5964065938915851,0.0
6436,CAT,0.8931031508951589,0.6001084879354152,0.6013590846950339,0.0
6437,CAT,0.8960026292627484,0.6173379478257475,0.6091264221468294,0.0
6438,CAT,0.8990699810732995,0.6318203337684654,0.61853891078351,0.0
6439,CAT,0.9019382787788653,0.635586707545867,0.6269007531260364,0.0
6440,CAT,0.9046506907395638,0.6336639996394801,0.6331655725653027,0.0
6441,CAT,0.9073583062158047,0.6295056059901737,0.6372589941212194,0.0
6442,CAT,0.9102218074369132,0.6268425024000739,0.6399455511509597,0.0
6443,CAT,0.913864740309902,0.6457781867000787,0.6462769828917415,0.11148315838916066
6444,CAT,0.9169488824508417,0.6468254747837203,0.6515734351447108,0.06005016786293251
6445,CAT,0.9201601279168542,0.6429942247666908,0.6549644167732895,0.05136342948729981
6446,CAT,0.9230200288470779,0.6465077344238176,0.658453205260254,0.037000068677724145
6447,CAT,0.9268895877063196,0.6517113026491143,0.6623935101106864,0.04956455893774331
6448,CAT,0.9298670074825722,0.6509058797620089,0.6653678661279168,0.06998083427756002
6449,CAT,0.9323407949270198,0.6451767040277059,0.6664819897940297,0.1083685904747309
6450,CAT,0.9347282418454287,0.6402044936758583,0.666275112987676,0.0
6451,CAT,0.9369334223544538,0.6311327309260998,0.6641059976447498,0.0
6452,CAT,0.9388783976802196,0.6175526659250524,0.6593713757229883,0.0
6453,CAT,0.9404468501470912,0.6010451444762194,0.6519377826406687,0.0
6454,CAT,0.9423078861165887,0.5921806483581566,0.6440330717421967,0.0
6455,CAT,0.9441953027506026,0.5835062071101057,0.6357934426200942,0.0
6456,CAT,0.9461738525893081,0.57972880630509,0.6283674524302801,0.0
6457,CAT,0.9471451406919454,0.5719823757801415,0.6207157628170863,0.0
6458,CAT,0.9480157026209758,0.5653139528234732,0.6131216053134566,0.0
6459,CAT,0.9487855401329247,0.551167447913715,0.6039218442228015,0.08927706647628289
6460,CAT,0.950145345233142,0.5484705796700053,0.5959663977831582,0.042445925125381014
6461,CAT,0.9513108886142733,0.5406270543560456,0.5878696985540943,0.03279217789429681
6462,CAT,0.9525088094365094,0.5367645206681221,0.5805392496014299,0.022997762784490845
6463,CAT,0.9526910708690722,0.5346151958466306,0.574200184783726,0.024364250749216554
6464,CAT,0.9533218024273914,0.5297582385271256,0.568056212284741,0.03156746195176792
6465,CAT,0.9543410553746033,0.530734134002826,0.5633565731826663,0.07109204427085346
6466,CAT,0.9549586056760443,0.5309195953691497,0.5596378233967301,0.0
6467,CAT,0.9554394564632015,0.531983407642045,0.5568977800051659,0.0
6468,CAT,0.9560126366486229,0.5312236488340641,0.5545379429200193,0.0
6469,CAT,0.9566050030646286,0.5272940942946615,0.551782181277138,0.0
6470,CAT,0.9573196792487914,0.5276248297465703,0.5496506190834679,0.0
6471,CAT,0.9580031782839807,0.5233408559707532,0.5469991993688454,0.0
6472,CAT,0.9588785366974687,0.5187396883686113,0.5438618373566404,0.0
6473,CAT,0.9600416841784046,0.5163920642815117,0.5408334451826478,0.0
6474,CAT,0.9609650074364674,0.5145869832519157,0.5380120563967844,0.0
6475,CAT,0.9616245258058945,0.5068285657151251,0.534041400423105,0.049436919952027175
6476,CAT,0.961571765940633,0.4897949501766061,0.5271027855449242,0.02545116958605882
6477,CAT,0.9614542544134587,0.47133771013891573,0.5174753780108026,0.021698185914353355
6478,CAT,0.9610897242294784,0.45227537523747785,0.5055632934743575,0.013225872201575966
6479,CAT,0.9609122493277312,0.43360596937277573,0.49191025069895533,0.018291682465119554
6480,CAT,0.9602587268566302,0.41878185326063166,0.4777137223598995,0.02003159175310822
6481,CAT,0.9597838795794077,0.4066394109275869,0.4636746872467567,0.03276788673784564
6482,CAT,0.9592934402146484,0.4006106814518405,0.4511119377642986,0.0
6483,CAT,0.9586770940111428,0.3956912284441506,0.43997521456788413,0.0
6484,CAT,0.9581710684139301,0.39254679776868506,0.430371348602301,0.0
6485,CAT,0.9580439624540696,0.4043268065288588,0.4252900202189251,0.0
6486,CAT,0.9575643140083229,0.4070686833375963,0.4218305357919591,0.0
6487,CAT,0.9570942585314909,0.41174676076934874,0.42009616100252717,0.0
6488,CAT,0.9564395384030467,0.41133950301205824,0.41861871312835525,0.0
6489,CAT,0.9556430821588838,0.40609778122848916,0.4162790540707536,0.0
6490,CAT,0.9548924323412905,0.4077364727355687,0.41476925263428965,0.0
6491,CAT,0.9548588598776299,0.4207912558454201,0.41644472596255283,0.07315657174050773
6492,CAT,0.9549835673025072,0.434242646532406,0.42075601491781667,0.033707292006420815
6493,CAT,0.9549092238426958,0.44285240095686224,0.42610661957967216,0.030354449930074592
6494,CAT,0.9490020543898582,0.3419405882250904,0.3582448203996878,0.0
6495,CAT,0.9481242945138456,0.3426571619483923,0.3539682742409447,0.0
6496,CAT,0.9476854161859872,0.3529315033745385,0.3528162559697359,0.0
6497,CAT,0.9466062071830571,0.35013019098256204,0.35127593597040935,0.0
6498,CAT,0.9457668224030001,0.35361380014885585,0.35081307925229793,0.0
6499,CAT,0.9448051272692776,0.3524832586979796,0.35019309945506566,0.0
6500,CAT,0.9433326065408351,0.3542495234153215,0.3500872175889205,0.0
6501,CAT,0.9413012936165722,0.34341749032564994,0.34761012016082693,0.055782653331852304
6502,CAT,0.9391260858658309,0.32708781317549707,0.3420218258431374,0.05360064499645239
6503,CAT,0.9373268980223061,0.31977442811528145,0.33593593651262993,0.0390288218987867
6504,CAT,0.9356610535591646,0.31724933023362023,0.3305095251448346,0.016852762688430365
6505,CAT,0.9349152037390785,0.3129559021150134,0.32522013797935845,0.01802514223024174
6506,CAT,0.933954999309632,0.3102449719979044,0.3203898849367134,0.030513004933092218
6507,CAT,0.9333782223463757,0.310954416412186,0.3166823723022991,0.04798011305104212
6508,CAT,0.9321551211517546,0.3101861903852431,0.3135466897301401,0.0
6509,CAT,0.9310533691988315,0.3108186312938628,0.3111778262709365,0.0
6510,CAT,0.9297415283576808,0.30809193966217857,0.30868051106284716,0.0
6511,CAT,0.9287342657433498,0.31046333518922364,0.30720641168470764,0.0
6512,CAT,0.9275351446289827,0.30875317531406643,0.3056494216767608,0.0
6513,CAT,0.9265758477374891,0.3115135250818585,0.305013487937514,0.0
6514,CAT,0.9256381350260542,0.3152453393885069,0.3053289594817226,0.0
6515,CAT,0.9247747678237098,0.3227952668531786,0.3072488339845118,0.0
6516,CAT,0.9233118400641819,0.32615164919456485,0.30952603320967,0.0
6517,CAT,0.9226343337070227,0.33460788104978034,0.31321545868026457,0.05067157318583154
6518,CAT,0.9217289987294462,0.34233921986997323,0.31787456332361735,0.021202867151444538
6519,CAT,0.920690557209617,0.3418904994200394,0.3215027414339606,0.018334744060646627
6520,CAT,0.9194266861898616,0.3396125041179721,0.32390215975856984,0.01576981876809829
6521,CAT,0.9188079429151442,0.3392266332497088,0.32573646994141053,0.02610460169459524
6522,CAT,0.9190070011186876,0.34817641967927615,0.3291805919676838,0.02705813999965109
6523,CAT,0.9190650615911012,0.3574894036934616,0.333992780263198,0.03280079021340222
6524,CAT,0.9191576591521932,0.3682808020826315,0.3402259481456436,0.0
6525,CAT,0.9193734997817627,0.37640802070003615,0.3470074817942666,0.0
6526,CAT,0.9195197905084359,0.38125547071478944,0.3535033295491121,0.0
6527,CAT,0.9197284364113193,0.3883773043347629,0.3602729550635305,0.0
6528,CAT,0.9199466764541343,0.39195071142422316,0.3664778877670236,0.0
6529,CAT,0.9201601200124915,0.3949529427455796,0.3721049148068142,0.0
6530,CAT,0.9205798124025201,0.3974234659315866,0.37715218282810486,0.0
6531,CAT,0.9207093174828717,0.3967996631587859,0.3810522224885026,0.0
6532,CAT,0.9211625852641024,0.39850790739926056,0.38454954163003247,0.0
6533,CAT,0.9211074268638583,0.3923253068683745,0.38598189117660403,0.03915469425494275
6534,CAT,0.9211398010846671,0.3899542556746983,0.3866040940759225,0.01905398312029621
6535,CAT,0.9207896313713956,0.38389707528818057,0.38576405125882934,0.02940289908327384
6536,CAT,0.9204514812664232,0.3761468546423839,0.38338028244753714,0.016637454710795013
6537,CAT,0.9198543212935019,0.36993242480984134,0.38010073172675796,0.014977485410400192
6538,CAT,0.9190964758709596,0.3624175459699831,0.3758173348161685,0.027659235707469993
6539,CAT,0.918427371558718,0.3516448132661073,0.37001132259507385,0.05550926740742916
6540,CAT,0.9179165433292095,0.3444663705114966,0.36378106266206456,0.0
6541,CAT,0.9174992477176392,0.34213552676197745,0.3582820583018772,0.0
6542,CAT,0.9167502026730593,0.3426128784954837,0.35398828400029175,0.0
6543,CAT,0.9160571141820052,0.3465177533650039,0.3514157057155801,0.0
6544,CAT,0.9150258700236497,0.34614807605505915,0.34927599516376845,0.0
6545,CAT,0.9136660666799575,0.33893414313384457,0.3459709381126231,0.0
6546,CAT,0.9128482660799592,0.343487482833343,0.34433255531311646,0.0
6547,CAT,0.911649144965592,0.34286051836242487,0.3428833760157343,0.0
6548,CAT,0.9112344649018217,0.3572336179326476,0.34489851397117754,0.0
6549,CAT,0.9105713518038389,0.36391410010172964,0.34798609357866506,0.04064793789060456
6550,CAT,0.9097535523748573,0.3663956661174163,0.3510042426031498,0.016524832076339598
6551,CAT,0.9085196593829611,0.35746047639253614,0.3514453118101572,0.043137118940764246
6552,CAT,0.9072581825068763,0.3525302632719933,0.3507092670578768,0.019436679248749613
6553,CAT,0.9062013033288966,0.34593547238468436,0.34866388801967485,0.027189974730572428
6554,CAT,0.9051880445234856,0.3446794227164397,0.3467501702842263,0.023696464775504442
6555,CAT,0.9045813188077877,0.34848611166144383,0.346059951645298,0.04821330815297334
6556,CAT,0.9041256507350491,0.3520163927415079,0.3462874840997937,0.0
6557,CAT,0.9030020748363957,0.34099215585332393,0.34403466748079836,0.0
6558,CAT,0.9027946262981018,0.34913574388658547,0.34403102892144144,0.0
6559,CAT,0.9039457799331064,0.37910299024509564,0.35064676463033817,0.0
6560,CAT,0.9050969362028992,0.4035304757305821,0.36133447328140955,0.0
6561,CAT,0.9063608098574419,0.4276386538123314,0.37520923719501337,0.0
6562,CAT,0.9074599962181377,0.4444229736853367,0.39001607831456064,0.0
6563,CAT,0.908428886078546,0.45722765304208496,0.4046896271006633,0.0
6564,CAT,0.9099685575893933,0.47446727090416985,0.4202360544555189,0.0
6565,CAT,0.9121593506943254,0.4931603497884644,0.436801799972369,0.12682434866024334
6566,CAT,0.9134603259641482,0.497705043932337,0.45105814974661157,0.03886121291927364
6567,CAT,0.914943638197112,0.49911472559840914,0.4627745756467607,0.033863859551183345
6568,CAT,0.9154158781236513,0.4922266185095526,0.4706263905260523,0.018583838828618603
6569,CAT,0.9160933771619563,0.4849897842545419,0.4753094957696686,0.02170370663172862
6570,CAT,0.916930361357751,0.4785122200458943,0.47762532772743554,0.02657253769932274
6571,CAT,0.9181978332538995,0.47025377050962264,0.47765400993760815,0.04279593860697284
6572,CAT,0.9194281329810109,0.4637935049746473,0.47625012410017104,0.0
6573,CAT,0.9207584106020495,0.45681607592643697,0.47358596170143175,0.0
6574,CAT,0.9217512863977958,0.4469633698311139,0.46927853663880564,0.0
6575,CAT,0.9222477193188475,0.4325206131113288,0.46264273053012617,0.0
6576,CAT,0.9222764982255923,0.41104680778108155,0.45259132329521323,0.0
6577,CAT,0.9232333968748573,0.39910677987272564,0.4419130908591337,0.0
6578,CAT,0.9239049046989029,0.39992151032286277,0.4335504484667674,0.0
6579,CAT,0.9223940120948005,0.37807503464761916,0.4220352632310984,0.0
6580,CAT,0.9208615353106392,0.3614695076464335,0.40915557372800726,0.0
6581,CAT,0.9187247017775911,0.3413105902709581,0.39439946946452,0.12099800437108318
6582,CAT,0.917388879099661,0.3410938907785568,0.3825467252215405,0.036792489704414164
6583,CAT,0.9151609123619214,0.32315913319835426,0.36910341107511474,0.03233837492604999
6584,CAT,0.9126451580205043,0.3118439486464437,0.35584965769255983,0.058134699762410404
6585,CAT,0.9095598217352713,0.29814513176459095,0.34222109747960006,0.030558495644264404
6586,CAT,0.9068810551340237,0.28800905858909515,0.32907956895082874,0.03972774471849531
6587,CAT,0.903817302150587,0.2722812217764481,0.3150926538267569,0.06610816145315881
6588,CAT,0.9011888266186151,0.2636248086737712,0.3019912430688056,0.0
6589,CAT,0.8984548339909083,0.2554081534727827,0.28969536191560064,0.0
6590,CAT,0.8957160425367104,0.2506792047597779,0.2788142086730212,0.0
6591,CAT,0.8929244850694137,0.24528721272369103,0.268918396228928,0.0
6592,CAT,0.8899074963456667,0.23893726659750364,0.2595992801091448,0.0
6593,CAT,0.8869072953175198,0.2349586804235704,0.25126526597999765,0.0
6594,CAT,0.8842812200770561,0.23778258183592382,0.2452217491307794,0.0
6595,CAT,0.8820052882019874,0.2429543411828818,0.24152918431792142,0.0
6596,CAT,0.8805639446225179,0.25640565071101806,0.24154602483532658,0.0
6597,CAT,0.8790746359057201,0.2725910450034959,0.2451342469248137,0.07060975440095027
6598,CAT,0.876899428447733,0.2825853117868748,0.25021218521399285,0.03009917195864232
6599,CAT,0.8754880631888774,0.28519053245428533,0.2548499318824858,0.026845481966355864
6600,CAT,0.8746127012623391,0.29997402785815214,0.26182525173723137,0.04423684584191713
6601,CAT,0.8741354534008544,0.31340729487952357,0.2703724150721929,0.02903897339389634
6602,CAT,0.8727466348977956,0.32082520063140296,0.2788484843373387,0.03237083674421655
6603,CAT,0.8721926415284663,0.3265052077034896,0.28688384137426737,0.05407012680204496
6604,CAT,0.8715427161279544,0.3316537470423201,0.29444924723693683,0.0
6605,CAT,0.8711733856537124,0.3364772166489123,0.30156689638563483,0.0
6606,CAT,0.8708268408226773,0.3408910490966042,0.308235866599496,0.0
6607,CAT,0.8707405032241803,0.3413841880345408,0.313679958761542,0.0
6608,CAT,0.8708700083045319,0.34914834288534596,0.3197500445947576,0.0
6609,CAT,0.8716590299977854,0.36657005776460994,0.3284539200238346,0.0
6610,CAT,0.8720667311766702,0.37271257460764173,0.3367736731427393,0.0
6611,CAT,0.8730643999438238,0.3867455223737121,0.34652883018971764,0.0
6612,CAT,0.8734960835449957,0.3822043050933227,0.35332997037594943,0.0
6613,CAT,0.8727214510123605,0.35286401310349,0.35229070679512137,0.10679518602278025
6614,CAT,0.8716506338079516,0.32829989716503893,0.34603399927752054,0.04936404648267367
6615,CAT,0.8709851230532487,0.31943104214137286,0.33906983411121905,0.03327203864855489
6616,CAT,0.8695317888481443,0.3045878552075531,0.33022019582652284,0.027031640556249816
6617,CAT,0.8674285330483319,0.2845082437369518,0.31870564825300657,0.030277601544210896
6618,CAT,0.8657125910264268,0.27402765429213793,0.30717923904679134,0.03096835370220411
6619,CAT,0.864078188362036,0.2623885636687885,0.29538747085109174,0.05721671487725127
6620,CAT,0.8620708631296358,0.25849812187172627,0.28509480286514177,0.0
6621,CAT,0.8600371510848815,0.25722342786091035,0.27657913613189494,0.0
6622,CAT,0.8580852199198391,0.2554630285044164,0.26937779621301466,0.0
6623,CAT,0.8562049971342488,0.25619171286561415,0.26377766346398823,0.0
6624,CAT,0.8545598029653371,0.2631615669368841,0.2608369379637948,0.0
6625,CAT,0.852919405280883,0.27029251477660343,0.26005931786524605,0.0
6626,CAT,0.8513941232234082,0.2796680721052537,0.26150793257127747,0.0
6627,CAT,0.8499911515195987,0.28729590689453766,0.26435152842458526,0.0
6628,CAT,0.847931061445116,0.2875684262178918,0.26668659445728005,0.0
6629,CAT,0.8456167591581586,0.29452323922673834,0.2700907059729996,0.07773479224546788
6630,CAT,0.8433995839249394,0.29531088944425277,0.27298795772912754,0.04211777368459523
6631,CAT,0.8405432774305169,0.29270756003586124,0.27473078080542934,0.033354407751793845
6632,CAT,0.8384556107906999,0.29222647641034444,0.27601878584420875,0.020908944158385404
6633,CAT,0.8374812077836055,0.290299001919413,0.2766234826798064,0.026357229721687386
6634,CAT,0.8367539405349874,0.293076797085163,0.2777207514528661,0.03616268626624388
6635,CAT,0.8357358878799065,0.2999695354160848,0.28012091518070886,0.07101431257020972
6636,CAT,0.8351219372838424,0.30612062308353427,0.28339959191393793,0.0
6637,CAT,0.8349708456813988,0.3121205253801305,0.28734768784421577,0.0
6638,CAT,0.8347106378633519,0.3194833636527417,0.29213234083417045,0.0
6639,CAT,0.8346243014358717,0.3249305694147436,0.2971631477280354,0.0
6640,CAT,0.8342669633437904,0.3280649627170664,0.301880063770375,0.0
6641,CAT,0.8339072270094804,0.33145128008789193,0.3064015077582146,0.0
6642,CAT,0.8338712533760494,0.3392457280532485,0.31174016567074614,0.0
6643,CAT,0.8340367320898322,0.35070496771542287,0.31854201046493225,0.0
6644,CAT,0.833919218220624,0.35910578759099643,0.3258389139520268,0.0
6645,CAT,0.8337021775916776,0.36418980709710097,0.3327993069512004,0.05739161120369968
6646,CAT,0.8330258721121576,0.3613180368744173,0.33773335446236097,0.03750422058843339
6647,CAT,0.832543847966254,0.3624697730311027,0.3419349680137103,0.023482481770039153
6648,CAT,0.8324886854674513,0.3657098404677088,0.34601186885529456,0.01727189555156052
6649,CAT,0.8322284782349131,0.3698249180118534,0.35018225661267643,0.020793671579589862
6650,CAT,0.8319771414539775,0.36771447348007175,0.35305244836827104,0.025360629821104465
6651,CAT,0.8318356460407447,0.3643051309134499,0.35459560521216377,0.036182781677489846
6652,CAT,0.8316665667433231,0.3618016319859798,0.35527720118695033,0.0
6653,CAT,0.831494610257837,0.35743678871350837,0.3548584469527559,0.0
6654,CAT,0.8313573132322752,0.3582623513816677,0.3547057795546775,0.0
6655,CAT,0.831021556685465,0.358745741718497,0.3546904085249356,0.0
6656,CAT,0.8307073869535005,0.35965543166622066,0.3548790282674441,0.0
6657,CAT,0.8300190914338538,0.3531399451593679,0.35359089620364137,0.0
6658,CAT,0.8290549980579028,0.3444807081922353,0.35064788820761356,0.0
6659,CAT,0.8284338533206607,0.34423903353193414,0.348240104895908,0.0
6660,CAT,0.8277887261611313,0.3421963644054218,0.3458627288543612,0.0
6661,CAT,0.8271208148221662,0.34089059205083905,0.3436724316301213,0.08154209977614595
6662,CAT,0.8263221975252099,0.3421767143839219,0.34220425028518137,0.03956521479896749
6663,CAT,0.8248400806075565,0.3342556219494258,0.33928023144920627,0.03303266034316337
6664,CAT,0.8234850702352715,0.33030946318127746,0.3360694571510836,0.029142321223161308
6665,CAT,0.8219250124944631,0.3217737951384534,0.3316156271322674,0.03116467041206855
6666,CAT,0.8208877771218485,0.3196131381927229,0.32757535461823195,0.0428076425278084
6667,CAT,0.8198013517284225,0.32077189879592105,0.3245990635875569,0.07451466821482304
6668,CAT,0.8187077561996617,0.3243431949107708,0.3230067968194503,0.0
6669,CAT,0.8177112830405727,0.3312137503789667,0.32325043274769033,0.0
6670,CAT,0.8167982495297895,0.33344150125028815,0.3239373685339604,0.0
6671,CAT,0.8159924392626724,0.33605671506066537,0.32506452031253447,0.0
6672,CAT,0.8152513824139934,0.33994503958300637,0.3268250275377997,0.0
6673,CAT,0.8151218773336418,0.35358514726858525,0.3312460241540799,0.0
6674,CAT,0.8148053093594488,0.36466164767994913,0.3372292070918639,0.0
6675,CAT,0.8147141761547568,0.37780274835706146,0.34491813224937656,0.0
6676,CAT,0.8142441206779248,0.3805134920548812,0.35166797451258575,0.0
6677,CAT,0.8144527689228417,0.3893192314952653,0.359012707598051,0.08089860495888501
6678,CAT,0.8148220961767875,0.395600920811811,0.3662758848485399,0.04525199535288094
6679,CAT,0.814898838464336,0.40038348630681975,0.37314271691549483,0.029356083399931586
6680,CAT,0.8151698404216915,0.40568678310335804,0.37980748295014677,0.031376445130583734
6681,CAT,0.814614646760231,0.3921904911071218,0.38215846846139884,0.04453430209409643
6682,CAT,0.812331522793264,0.3473216440473409,0.37412940274071893,0.08369606286727953
6683,CAT,0.8095111949090935,0.29198239486105926,0.35548377488558847,0.12125284068512544
6684,CAT,0.8068707097458853,0.25511589611586183,0.3324248386238463,0.0
6685,CAT,0.8046619295314835,0.23064390296775508,0.3085727394485348,0.0
6686,CAT,0.8019267310493164,0.2060626452967506,0.2840619774862335,0.0
6687,CAT,0.7994325582531704,0.19597370491522328,0.2622250974335164,0.0
6688,CAT,0.7970175283288349,0.19380466522514755,0.24427653345691877,0.0
6689,CAT,0.7944921792619778,0.19536577980660408,0.2302624742370062,0.0
6690,CAT,0.7921922889470442,0.19968161257714828,0.22000443328394695,0.0
6691,CAT,0.7907053547828066,0.22240350386443816,0.21681641848770045,0.0
6692,CAT,0.788714813732957,0.23284223546811392,0.2165715329628346,0.0
6693,CAT,0.785146226076305,0.21993997892302036,0.21352599749245738,0.07090058579227926
6694,CAT,0.7816699760150342,0.2136690146184528,0.20970454708900374,0.056648964302378965
6695,CAT,0.7777704347366207,0.20611584075354314,0.20497917249013853,0.04297061410472624
6696,CAT,0.7741574860393284,0.20054380109364092,0.19996821715901095,0.031765545291192444
6697,CAT,0.7702711304091062,0.1992118433126187,0.1956652731194595,0.05191042216484111
6698,CAT,0.7663140307316948,0.19824267118225208,0.19200886392682198,0.04826321543804574
6699,CAT,0.7620067897381676,0.19229462748013,0.18777003565754322,0.08835289838766344
6700,CAT,0.7577067408365391,0.1917120567839005,0.18425030491271252,0.0
6701,CAT,0.7543444066956247,0.19558981689499833,0.1822909728349989,0.0
6702,CAT,0.752665637135511,0.20166813991712454,0.18206598192868922,0.0
6703,CAT,0.7515792316493696,0.2002526928762947,0.18157336976672517,0.0
6704,CAT,0.7498021581402997,0.19228229684675865,0.17941891695264547,0.0
6705,CAT,0.7475885805631782,0.18206665601886524,0.17543910081746172,0.0
6706,CAT,0.7461280510458789,0.1849060712519911,0.17288236878755756,0.0
6707,CAT,0.7445068392992545,0.1931921811478199,0.17266707566101372,0.0
6708,CAT,0.7427537242300498,0.20270167066508973,0.17459513256771975,0.0
6709,CAT,0.7420501009798893,0.23518830421245446,0.1833126632738976,0.20264234783301904
6710,CAT,0.742846317107075,0.29454444850080186,0.20339624536355522,0.06160833513492744
6711,CAT,0.7432072791797094,0.3502349932271908,0.23176307439082988,0.04936868388526889
6712,CAT,0.7432072821072512,0.377522763752709,0.2604833879364793,0.035189494207332084
6713,CAT,0.7444951443319191,0.403018467396012,0.2890906883897206,0.03932539483618596
6714,CAT,0.7455036019688058,0.4189207133584749,0.31548874152685535,0.03335507023787888
6715,CAT,0.7464197322567075,0.42447606263842536,0.3378341534064333,0.0937797635675494
6716,CAT,0.7473082777821575,0.4261107827572266,0.35607153158822624,0.0
6717,CAT,0.7482256083621902,0.4284546184875186,0.37117909999122506,0.0
6718,CAT,0.7493144123833145,0.4313273187484033,0.38389962701253866,0.0
6719,CAT,0.7510723233514686,0.43968084787554984,0.3959210315195616,0.0
6720,CAT,0.7524537108752191,0.4396352195546043,0.405528077531607,0.0
6721,CAT,0.7536144601139264,0.43650903509264044,0.41252325684053553,0.0
6722,CAT,0.7548255724394372,0.43540425709895425,0.41787539605131974,0.0
6723,CAT,0.7562309423854755,0.42974674044353545,0.42090757308899485,0.0
6724,CAT,0.7580440135103984,0.4243361582156019,0.4221383189893799,0.0
6725,CAT,0.759620859239562,0.4085573709540051,0.41963797035556805,0.04883207015639309
6726,CAT,0.7608487624809698,0.3971832632446003,0.4151255754562063,0.028749246146042406
6727,CAT,0.7624987543053557,0.4007129092412954,0.41229522663613577,0.02536924214020988
6728,CAT,0.7640528143913129,0.4021311815553162,0.41034419101442454,0.018953064406676358
6729,CAT,0.7643883106796586,0.4006044058160251,0.40844615472464324,0.03005368124747013
6730,CAT,0.7632275623192138,0.40023698309002054,0.40684657572224325,0.031464776608587985
6731,CAT,0.7618281827091725,0.4029567249628901,0.40616760201864294,0.04297105576211626
6732,CAT,0.7613485313358838,0.40731442902205484,0.40658687728395154,0.0
6733,CAT,0.7605930821062906,0.40875636130237364,0.4072407665342773,0.0
6734,CAT,0.7601110365893317,0.4114468773579865,0.408358112540325,0.0
6735,CAT,0.7599791309247178,0.41403512931146635,0.40982363762655705,0.0
6736,CAT,0.76024053932765,0.4216629699979383,0.4126807630864941,0.0
6737,CAT,0.7604419916748638,0.4275031506209486,0.4162563414401186,0.0
6738,CAT,0.7603052918678258,0.42607708240345826,0.41880183886448424,0.0
6739,CAT,0.7601158307317558,0.43002263188957884,0.42170966146565353,0.0
6740,CAT,0.760139813154043,0.4310828372665056,0.42427007935503797,0.0
6741,CAT,0.7597596941028223,0.4204968576320049,0.4239803657586528,0.041904894822604996
6742,CAT,0.7593280105016499,0.41265510265979455,0.4220166438066313,0.030140466924609303
6743,CAT,0.7594599167517723,0.41372682662211036,0.420682370079184,0.046088936106971186
6744,CAT,0.7660717982661104,0.43218773497713936,0.4283118965389296,0.0
6745,CAT,0.7659716751661111,0.43119206499694895,0.4295759917437128,0.0
6746,CAT,0.7655040179315075,0.4238683115563681,0.4289697240428349,0.0
6747,CAT,0.7652737866775493,0.42136862391808305,0.4279326221533758,0.0
6748,CAT,0.7651994411684583,0.4212771773464836,0.42708274350627695,0.0
6749,CAT,0.7647989347162599,0.416574573682755,0.4253642109069578,0.0
6750,CAT,0.7642713214259383,0.4098125997457539,0.4224959170935287,0.0
6751,CAT,0.7636825503239965,0.39174067087178405,0.41620986727020587,0.03599507728673082
6752,CAT,0.7634990880137941,0.3860355492615798,0.40992097892236107,0.03328440505547548
6753,CAT,0.7625445878995122,0.3714622259756976,0.40167116490287025,0.030374545341320558
6754,CAT,0.761997790427886,0.3647297957241612,0.3935843710510629,0.03131284646642068
6755,CAT,0.7619078563443084,0.3686414521098939,0.3879788749100673,0.015732057061251477
6756,CAT,0.761390486522686,0.36849996602202784,0.3834632289997143,0.021762667893296457
6757,CAT,0.7611818406198031,0.3731581772211946,0.3808795373140609,0.04348492413540597
6758,CAT,0.76068540623498,0.37687457680767267,0.37963339796462614,0.0
6759,CAT,0.7604383887491913,0.3827102539089114,0.37992536981083325,0.0
6760,CAT,0.7598891936208446,0.38299093262637157,0.38022093874355506,0.0
6761,CAT,0.7590402138225937,0.378766229143303,0.3795243145261691,0.0
6762,CAT,0.7580857134155573,0.37580908018453896,0.37831389128700815,0.0
6763,CAT,0.7570017079281693,0.36997933053814025,0.3760579785235283,0.0
6764,CAT,0.7560903758812504,0.3697642010405772,0.3742057342338334,0.0
6765,CAT,0.755174247349874,0.3678513826310268,0.37230146858816815,0.0
6766,CAT,0.7543012871786147,0.3614307579746187,0.36935997965702094,0.0
6767,CAT,0.7526728830473376,0.3446026662295433,0.36329009095015324,0.040068925052286715
6768,CAT,0.7515636989440898,0.3449834308678283,0.35851827668583164,0.032464688939596066
6769,CAT,0.7510216982496752,0.35334339606944337,0.356547229653048,0.02739490375954228
6770,CAT,0.7506979370125669,0.3620854979663146,0.356901196142857,0.026345746629546835
6771,CAT,0.7509893225650955,0.36952750936117174,0.3588280319689635,0.026959429572981343
6772,CAT,0.7507698813518872,0.37341670123146503,0.3612284779970541,0.02112800622383594
6773,CAT,0.7509645701993194,0.375136796687175,0.3635287397239807,0.0501175139900499
6774,CAT,0.7508278686357565,0.3742200281928382,0.36516646915239415,0.0
6775,CAT,0.7503949876699948,0.37640598927767843,0.36695944993426644,0.0
6776,CAT,0.7500309327431481,0.37625868346647573,0.3683613002024734,0.0
6777,CAT,0.7490908235460095,0.3688158416555711,0.3678389343748598,0.0
6778,CAT,0.7486447504914647,0.3733992198028182,0.36843333892646546,0.0
6779,CAT,0.7481914827102342,0.3798037819475131,0.3703233913728661,0.0
6780,CAT,0.7483042000949848,0.3923614710835325,0.3746089582966083,0.0
6781,CAT,0.7485320331067141,0.4000483511414688,0.37973515682078113,0.0
6782,CAT,0.7486279627958637,0.4034315321434436,0.38458333408723505,0.0
6783,CAT,0.7492155353621998,0.41250297839953465,0.39046541989659966,0.0272038869383581
6784,CAT,0.7491423907307483,0.40970506849433347,0.3945531346441039,0.024749596822010084
6785,CAT,0.7490680452216575,0.40528850483996015,0.39684785232555775,0.016729981934004462
6786,CAT,0.7490920244236489,0.3985292393301896,0.3971907569272631,0.016226492509380252
6787,CAT,0.7498714531479876,0.39676069462053226,0.3970744750717573,0.013898295577883298
6788,CAT,0.750330711265215,0.4016717755470646,0.39806612411745934,0.022305685654327567
6789,CAT,0.7501556369477297,0.3997122068959585,0.398426647756138,0.047309456304294874
6790,CAT,0.7497119606716428,0.3942416722916966,0.3975068296943907,0.0
6791,CAT,0.7494481575395325,0.393931500576438,0.39670246988649166,0.0
6792,CAT,0.7494505546107445,0.3970179831615892,0.39674067087768367,0.0
6793,CAT,0.74970673500956,0.4031304268698352,0.39812124241292135,0.0
6794,CAT,0.7500904537661578,0.40799452773074213,0.400299998027683,0.0
6795,CAT,0.7504022252558932,0.4128249966639482,0.40310987286813876,0.0
6796,CAT,0.7510612622203491,0.4215734509632892,0.4072899798652183,0.0
6797,CAT,0.7522387991546579,0.4313921473902457,0.41280264913977305,0.0
6798,CAT,0.7528263685006976,0.4364882989575273,0.4183383342885467,0.0
6799,CAT,0.7531663172873414,0.4374138960742703,0.4229713122739618,0.05947535076981987
6800,CAT,0.7530104289076861,0.43468650499361505,0.42607531573938817,0.046488636044940405
6801,CAT,0.752226201942365,0.4168175964614526,0.4246119433573818,0.03681744334695036
6802,CAT,0.7511421976259937,0.39373835816849556,0.4183439028656692,0.04248147854527772
6803,CAT,0.7500102270012771,0.3811877269315201,0.41055750433222554,0.030027181804068857
6804,CAT,0.7492943478901956,0.3704799010686226,0.40196342631215853,0.03334049554400818
6805,CAT,0.7486084541258277,0.3609381764636232,0.3929807529600683,0.046346201536658554
6806,CAT,0.7481935614405527,0.35631801104268185,0.3847741921285796,0.0
6807,CAT,0.7475796090879633,0.35255696302296624,0.37737826829136006,0.0
6808,CAT,0.7464692252780928,0.3460624055786551,0.3700271238127668,0.0
6809,CAT,0.7463037471498185,0.3554974463541213,0.3662300566886657,0.0
6810,CAT,0.7458336916729867,0.35310915110450597,0.3626649176829144,0.0
6811,CAT,0.745615451630172,0.3609317764731251,0.36154053253757407,0.0
6812,CAT,0.7450302805263608,0.36311735339929047,0.3611237368141261,0.0
6813,CAT,0.7443443832489428,0.3668106150994521,0.3616060039387095,0.0
6814,CAT,0.7437448226917595,0.3719929688907647,0.36313640622234156,0.0
6815,CAT,0.7429773866423351,0.37398362563536586,0.36480038984699703,0.048252174003295206
6816,CAT,0.7417782626004265,0.3719510887199714,0.36568266518191306,0.02777627491582562
6817,CAT,0.7407518184395782,0.37748821579201974,0.36761143021391346,0.01950822774593305
6818,CAT,0.7402194112995869,0.3901425448240919,0.37194931135326104,0.022097665023627564
6819,CAT,0.7400593333148858,0.405279293523849,0.3787627592568552,0.018503457183634737
6820,CAT,0.7400065716930994,0.4162892531201523,0.3866452068412729,0.021716073038649218
6821,CAT,0.7406325167206033,0.4235407851334344,0.3945527577550105,0.0369117371997199
6822,CAT,0.7417333087325758,0.42996455593355,0.40229756976636877,0.0
6823,CAT,0.7424647696847978,0.4324171343340089,0.40903510243135777,0.0
6824,CAT,0.7431362795581223,0.4316304454652637,0.41425137834586906,0.0
6825,CAT,0.7439181030116399,0.43146434855647214,0.4183877144678797,0.0
6826,CAT,0.7447598860339252,0.4346359238247904,0.42239726600165817,0.0
6827,CAT,0.7458822633969729,0.44193610211699746,0.4272172442227662,0.0
6828,CAT,0.7475370505347997,0.45418747044371843,0.43377909692921146,0.0
6829,CAT,0.7488656767295184,0.4702783441099499,0.4425824526904294,0.0
6830,CAT,0.7509017843817135,0.4865444140500365,0.4532177052152829,0.0
6831,CAT,0.7525493770856081,0.49936290805307304,0.46455703426553135,0.07298035044188926
6832,CAT,0.753971535898264,0.4991858073123107,0.4735893825602341,0.04006782090881166
6833,CAT,0.7552114280087824,0.49567791043851966,0.4800404976663045,0.024725526494253927
6834,CAT,0.756079591988338,0.48600094046355174,0.4830641081592922,0.02157143024341726
6835,CAT,0.7568674154387397,0.47337571120603283,0.4826945544943376,0.021826487386154527
6836,CAT,0.7576036775594862,0.4576844922744486,0.47893330678492735,0.03167831795666325
6837,CAT,0.7581744530620872,0.4480937210894614,0.47380606512191226,0.044681815662363525
6838,CAT,0.7584070799234869,0.44104224729900887,0.4681468643419717,0.0
6839,CAT,0.7585869454558541,0.43906009271125085,0.46318171972947625,0.0
6840,CAT,0.7588123831528971,0.4372228092394674,0.4588038166748972,0.0
6841,CAT,0.7589107090349959,0.4315205832361091,0.4540420852735563,0.0
6842,CAT,0.7589658686062569,0.42680464194272566,0.44919112468611816,0.0
6843,CAT,0.7591457367734119,0.42316513520881627,0.4445065249791184,0.0
6844,CAT,0.7597860674484839,0.4273094008443975,0.4416741588579397,0.0
6845,CAT,0.7609705113204112,0.44239808093869093,0.442740792391744,0.0
6846,CAT,0.760956118939497,0.432406596393758,0.4413873530938574,0.04614944316940409
6847,CAT,0.7611251929673436,0.43324367006340503,0.4404894799955453,0.029133708904055894
6848,CAT,0.7605855908079117,0.4257577811605596,0.43811782797831766,0.023785900396983743
6849,CAT,0.7599788366950587,0.4253091682718363,0.43612142451645464,0.026470735670922844
6850,CAT,0.7592161751735288,0.42587946978738433,0.43465026007215785,0.023057386532143714
6851,CAT,0.7578779592301911,0.41509439229330525,0.43109130732056095,0.029091751452003874
6852,CAT,0.7569450394901635,0.40583334659498904,0.42619872568079525,0.09707474852580283
6853,CAT,0.7562783272723127,0.40182144371177786,0.4213985807177249,0.0
6854,CAT,0.7556499875156303,0.3936190754524611,0.4157468676527531,0.0
6855,CAT,0.7552123059668528,0.387176290098617,0.4098025263149765,0.0
6856,CAT,0.7553633963982799,0.3895843764007261,0.4055789096562603,0.0
6857,CAT,0.75533941661078,0.3913006355614993,0.4025790739393332,0.0
6858,CAT,0.755051627543332,0.3882559539933798,0.39950674881322634,0.0
6859,CAT,0.7540971271362956,0.37611672050129125,0.39436778498367886,0.0
6860,CAT,0.7533776544676755,0.37193815954052384,0.38933372571794345,0.0
6861,CAT,0.7528980060219287,0.37014481299166396,0.3849103949676333,0.0
6862,CAT,0.7515645868558026,0.35139364085453817,0.3772302961024956,0.08511157480229758
6863,CAT,0.7503198985535809,0.3394668845821076,0.3684520415714093,0.035764532129139735
6864,CAT,0.7484828423715834,0.3257239786204155,0.3583941428069784,0.044114727573576255
6865,CAT,0.7464326351043621,0.32351294441753725,0.34985948884006773,0.040184860117167286
6866,CAT,0.7458126915375135,0.3311367712837936,0.3447155845543721,0.030711750758601775
6867,CAT,0.744696310072792,0.3365806461789274,0.34180280996351,0.029069889411197824
6868,CAT,0.7439888256877739,0.34232926581210976,0.34074224587024615,0.06157675663154091
6869,CAT,0.7429383944205715,0.34605146124236663,0.34071588868035424,0.0
6870,CAT,0.7419191619661522,0.3514430631738903,0.3418856066189283,0.0
6871,CAT,0.7414227223117539,0.35618145487299635,0.3438679148930878,0.0
6872,CAT,0.740993439294844,0.361153950056895,0.34655200016043164,0.0
6873,CAT,0.7405665521781292,0.36885279215010064,0.3503996553267387,0.0
6874,CAT,0.7406504906561352,0.3808495780077778,0.3561274218211361,0.0
6875,CAT,0.7402907543218248,0.38112928833321286,0.36077141259074536,0.0
6876,CAT,0.7399166285341424,0.38857324516213326,0.36613069751448696,0.0
6877,CAT,0.7387366933576051,0.37744910015910305,0.36796121689617817,0.0
6878,CAT,0.7369284166678604,0.351404102285081,0.3636732641849923,0.13782117601438212
6879,CAT,0.7348275541334558,0.3155655765242748,0.35232750891402714,0.05477744111216397
6880,CAT,0.7320911565301743,0.28026126020200437,0.3354534985273194,0.07518885822069045
6881,CAT,0.729869140606617,0.26584887494007703,0.3187711320811689,0.04535556401084092
6882,CAT,0.7284301952693765,0.2547229597233698,0.3029679393927969,0.04335750597838484
6883,CAT,0.7263389277531661,0.2362741586355671,0.28625073345967117,0.06137646500516628
6884,CAT,0.7246241860233921,0.2264462002189756,0.27070633940836053,0.08143256874342068
6885,CAT,0.7225257220239704,0.22043496358230563,0.25694316629081193,0.0
6886,CAT,0.7200039711987191,0.2174325234528134,0.24526950080185106,0.0
6887,CAT,0.7176105272109675,0.21852135624560395,0.23617105094712437,0.0
6888,CAT,0.7144904146568926,0.20705562241436926,0.22635993827955292,0.0
6889,CAT,0.7119362866832907,0.210630537129494,0.21930061341570956,0.0
6890,CAT,0.7091159538222994,0.21190086232788727,0.2139337209614706,0.0
6891,CAT,0.7066457643267031,0.22229943244469205,0.2119368631363016,0.0
6892,CAT,0.7040196890862392,0.22998276251490443,0.2120363378015175,0.0
6893,CAT,0.7016262433419626,0.24614955862843005,0.2156865595654742,0.0
6894,CAT,0.7005002697865886,0.29260005882364726,0.22886591926790814,0.1136216634716435
6895,CAT,0.6999138972196296,0.3321273046582568,0.24813950075941227,0.06305542557333202
6896,CAT,0.699044534997222,0.36498015302193787,0.27081433432182406,0.03855492351929391
6897,CAT,0.6993395214261439,0.398303426160722,0.29631406882087996,0.03048937626272608
6898,CAT,0.7008528116869669,0.43224026438612706,0.3242092377030064,0.054557716560628404
6899,CAT,0.7032426591896376,0.4607470209359251,0.3528214516614237,0.055524946244774914
6900,CAT,0.7060917721283907,0.48377475205316434,0.3807971894010299,0.08619915612522489
6901,CAT,0.70838573531881,0.5011725592010635,0.40702030602942724,0.0
6902,CAT,0.7107743810655792,0.5142611026730823,0.430889570213886,0.0
6903,CAT,0.714000017741489,0.5292734448926069,0.45330064780404966,0.0
6904,CAT,0.7174319035418245,0.5466218018315836,0.4750611146068716,0.0
6905,CAT,0.7206983094573601,0.554804332895392,0.4942767038473397,0.0
6906,CAT,0.723552217709554,0.5505132149133383,0.508701427391441,0.0
6907,CAT,0.7266795255758233,0.5524957295858819,0.5206790697445585,0.0
6908,CAT,0.7304519606016221,0.5513721242658319,0.5300130211368018,0.0
6909,CAT,0.7337998108232459,0.5502753763166336,0.5372379515514413,0.0
6910,CAT,0.7385675166667235,0.5736124123059272,0.548172176361207,0.10809145046249258
6911,CAT,0.7428843500436574,0.5877790353487901,0.5600484346417082,0.044042737419002796
6912,CAT,0.7469613618325054,0.5892503597833394,0.5698744019343517,0.0337028754325206
6913,CAT,0.751112717373919,0.598005706674213,0.5796689052094686,0.029353212626896448
6914,CAT,0.7541081195755747,0.610543462947556,0.5902736303705712,0.03882323038373181
6915,CAT,0.7570588694461832,0.6189468133308149,0.6006133970459262,0.04848581076261644
6916,CAT,0.7601034397120862,0.6261019675050119,0.6104655169638942,0.08992232792310391
6917,CAT,0.7628230437646829,0.6295419254699574,0.6191069712579926,0.0
6918,CAT,0.7651805185103163,0.6298819873227934,0.6260952416678763,0.0
6919,CAT,0.7674432632734228,0.6278394725823331,0.6312347427017193,0.0
6920,CAT,0.7702588016992359,0.6365516005250444,0.63727052751677,0.0
6921,CAT,0.7732302238206376,0.6442418887230109,0.6437976530849548,0.0
6922,CAT,0.7761081144951186,0.6461447071380233,0.6494396151277472,0.0
6923,CAT,0.7786742336798641,0.6443913598205153,0.6535659357619784,0.0
6924,CAT,0.7808254569590384,0.638643653673975,0.6555975384450518,0.0
6925,CAT,0.7844995640534592,0.659427401059861,0.6618131748876186,0.0
6926,CAT,0.7885453989860881,0.6715655563731933,0.6694665496408767,0.0824808425586361
6927,CAT,0.7919077369328066,0.6707927348539712,0.6754185620060822,0.04858253373103109
6928,CAT,0.7951477642331058,0.6636126634102646,0.6785943620254629,0.0394676085157728
6929,CAT,0.7983734983024756,0.6561937785072962,0.6794964471858502,0.027449890104599927
6930,CAT,0.8001218189365021,0.6425732691863342,0.6772098530255646,0.03573979931529855
6931,CAT,0.8018618399895733,0.6268256637629973,0.6719025192478035,0.03720676433625408
6932,CAT,0.8036581210768617,0.6055877010514432,0.6629659787121278,0.07040857945979559
6933,CAT,0.8051570242263456,0.5901657322807445,0.6524106088201818,0.0
6934,CAT,0.8062254423102634,0.5748768632978632,0.6405895722200121,0.0
6935,CAT,0.8070363377174578,0.5565170234321195,0.627077739372002,0.0
6936,CAT,0.8078733219132527,0.5439591476843213,0.613494706911393,0.0
6937,CAT,0.8089357432205818,0.5375898487319342,0.6012215404611994,0.0
6938,CAT,0.809971783863395,0.5307425670542112,0.5898906982702226,0.0
6939,CAT,0.8108975053636865,0.5218990913067282,0.5788728307003552,0.0
6940,CAT,0.8110893647419853,0.5111924878722678,0.5676938474399787,0.0
6941,CAT,0.8110078245062081,0.4993981430411655,0.5561457301394388,0.0
6942,CAT,0.8118208262797156,0.506332939868519,0.5484388741609401,0.05607635549621643
6943,CAT,0.8127057759055935,0.5116151031955667,0.5434400221643693,0.03898774776151472
6944,CAT,0.813926478857986,0.5198915774724693,0.5412689049158039,0.027766558453245153
6945,CAT,0.81369145111957,0.5226709590581364,0.5401458728024991,0.02454113453392006
6946,CAT,0.8137112339831695,0.5275732336921671,0.5403301766605364,0.03518861089255204
6947,CAT,0.8143371716918187,0.5354077461740605,0.5422079712260067,0.08445549274942105
6948,CAT,0.8151189936815652,0.5397636297288984,0.5446722590250943,0.08196388258361623
6949,CAT,0.8157161536544865,0.5389449197546223,0.5464628667794722,0.0
6950,CAT,0.8165531378502812,0.5368308860450641,0.5474284418172154,0.0
6951,CAT,0.8176358505352176,0.536425672800481,0.548111405361354,0.0
6952,CAT,0.8192882417728488,0.5401134728049224,0.5494722736152138,0.0
6953,CAT,0.8208638869171273,0.5433665784391021,0.5512794578701575,0.0
6954,CAT,0.822571435383986,0.5459920776792073,0.5533050800913186,0.0
6955,CAT,0.8245883570983513,0.5484458883227725,0.5554675330806733,0.0
6956,CAT,0.8263246844719551,0.5464378844650917,0.5567540023443988,0.0
6957,CAT,0.828483102477816,0.5571045500860793,0.5601390461870605,0.0
6958,CAT,0.8303321484071865,0.5569331632667778,0.5628092283077416,0.17101261218925815
6959,CAT,0.8327555748141101,0.5649948052467146,0.5667258899145895,0.056088721903137025
6960,CAT,0.8354570737773034,0.5728383633416307,0.5715915685175071,0.0687450769002806
6961,CAT,0.8380999384698934,0.5736528496086193,0.5756640010253922,0.041773722577768686
6962,CAT,0.8398290763863862,0.5705731632986115,0.5782417592377797,0.04830163963097758
6963,CAT,0.8414862626447038,0.5657772790293307,0.5792447339208509,0.04868521907421103
6964,CAT,0.8431146711672936,0.5649407312201542,0.5798623514702673,0.07131154799369402
6965,CAT,0.8449037598699288,0.5634163407681474,0.5800197645383474,0.0
6966,CAT,0.8463780816220768,0.5579209400813183,0.5789319660303072,0.0
6967,CAT,0.8477858509813604,0.5558759724632503,0.5776100701806715,0.0
6968,CAT,0.8496444916361713,0.561656853710039,0.5778293344670608,0.0
6969,CAT,0.8518005113998032,0.5679040824945585,0.579384525632586,0.0
6970,CAT,0.8536135825247263,0.563847124189132,0.5797326478521285,0.0
6971,CAT,0.8555081938854262,0.5633115370963698,0.5798928544232673,0.0
6972,CAT,0.8573956105194401,0.5664408238603248,0.5807121623636402,0.0
6973,CAT,0.85929022188014,0.569106297974906,0.5819563124913386,0.0
6974,CAT,0.8618395562968261,0.5846260283655174,0.586379361950974,0.10092820925373813
6975,CAT,0.8654405184670414,0.6186634728242648,0.5974354029646012,0.1198565408465733
6976,CAT,0.8702178178649421,0.6651214871439363,0.6165410776564899,0.10194313793600693
6977,CAT,0.8733091556108304,0.6772630592882714,0.6345072376596823,0.12301593698609022
6978,CAT,0.8766583000049953,0.6822519779709642,0.649982031648328,0.03806843790418552
6979,CAT,0.8797316480066263,0.6871793768032269,0.6634501453858592,0.04303973348626457
6980,CAT,0.8826324393767059,0.6875779045283368,0.6743126562801444,0.08414014937294588
6981,CAT,0.8857813296665088,0.6864235350011426,0.6827477078398649,0.0
6982,CAT,0.8889374135119811,0.6806661143007939,0.6882241496808714,0.0
6983,CAT,0.8920335451075393,0.671267941526942,0.6905295974608086,0.0
6984,CAT,0.8952639776823984,0.6684229954009475,0.6917456132386542,0.0
6985,CAT,0.8981874349592255,0.6577467691460069,0.6903604458419441,0.0
6986,CAT,0.9013770971234417,0.6495552803503382,0.6874431176976361,0.0
6987,CAT,0.9042933596735828,0.6386546058772833,0.6827017029266307,0.0
6988,CAT,0.9070711716998584,0.6336678540729728,0.6778071837063165,0.0
6989,CAT,0.9095389629532259,0.6241957615331283,0.6717995365190486,0.0
6990,CAT,0.912025938387898,0.60758149673072,0.6633239476004208,0.09332618142799759
6991,CAT,0.9140188776799761,0.5864107914408845,0.6518676576069412,0.06556779363646782
6992,CAT,0.9159230825950996,0.571260020896378,0.6393563857177316,0.035400164782372213
6993,CAT,0.9178848415179081,0.5607483288052323,0.627025727644916,0.02799997438387138
6994,CAT,0.9190240065765568,0.5488920275516241,0.614542586632466,0.03163702299069626
6995,CAT,0.9191355239619304,0.5404665244306049,0.6026951945628443,0.03176731192075253
6996,CAT,0.918041926091136,0.5294258854401978,0.5907788157121836,0.06454889003768884
6997,CAT,0.9179747717956813,0.5194616586873254,0.5790449867359244,0.0
6998,CAT,0.9179064215994085,0.5089045968022505,0.567326262498868,0.0
6999,CAT,0.9176378152494941,0.4994531477717522,0.555863810679152,0.0
7000,CAT,0.9172996666082928,0.4892758905799981,0.5444460728524785,0.0
7001,CAT,0.917124594925595,0.4854949042182421,0.5344768037833113,0.0
7002,CAT,0.9167360796845402,0.47552006394050833,0.5242983185006261,0.0
7003,CAT,0.9164986537038952,0.4683050060930302,0.5145619932105446,0.0
7004,CAT,0.9159878281091752,0.4637843244439514,0.5057744830818416,0.0
7005,CAT,0.9157863757619614,0.4605762700977032,0.4980359354755338,0.0
7006,CAT,0.9169039575188141,0.4879786485177283,0.49789726032186354,0.06969176951579113
7007,CAT,0.9186402884054677,0.5197043020777902,0.5047933332948988,0.07907367662331725
7008,CAT,0.9207117488063222,0.5564557099090935,0.5184272063624588,0.084267567529967
7009,CAT,0.9227970218879774,0.5808522958606094,0.5347226003463572,0.05122673652508824
7010,CAT,0.9251532978052507,0.5969164224511695,0.5513068816985323,0.03615871134973369
7011,CAT,0.9276450749939557,0.6042945613913656,0.5662038623725622,0.0430384085140945
7012,CAT,0.9297891041319523,0.6040583721419488,0.5780692815194907,0.10328290562863636
7013,CAT,0.931568603085969,0.597259349687306,0.5860599664678994,0.0
7014,CAT,0.9335879201150213,0.5928948560793823,0.5914885606404543,0.0
7015,CAT,0.9353434328409466,0.5843384429451369,0.5939416435815442,0.0
7016,CAT,0.937693708761335,0.5850933440012216,0.5960708394101742,0.0
7017,CAT,0.9398329408293659,0.5793369591778624,0.5965028254528838,0.0
7018,CAT,0.941490126209421,0.561345849532842,0.5928748494665488,0.0
7019,CAT,0.9435765969484197,0.5544210030085045,0.5884430284662094,0.0
7020,CAT,0.945523969638152,0.5426973105367272,0.5823082454436312,0.0
7021,CAT,0.9476536087372679,0.5408953525554888,0.5770024337437517,0.0
7022,CAT,0.9501861496032692,0.5402383327390559,0.5726126732216984,0.06275642352028764
7023,CAT,0.9527522667387355,0.5402859418248052,0.5691113798746658,0.04533480611350992
7024,CAT,0.9555384217204256,0.5452218626300539,0.5674005059295075,0.028600628434300262
7025,CAT,0.9578934967600593,0.5395087353925798,0.5647699901398433,0.03496689888276138
7026,CAT,0.9586705249001358,0.5311539341628477,0.5608203136581447,0.038691616481505486
7027,CAT,0.9589054308528134,0.5230719298142025,0.5558755592750138,0.03020318227399232
7028,CAT,0.9586967556745126,0.5193500032204544,0.5510977210597435,0.06844541236115119
7029,CAT,0.9585708464937334,0.5141848581888452,0.5461346626764723,0.0
7030,CAT,0.9586008233505755,0.5110973323059358,0.5414822967067976,0.0
7031,CAT,0.9587830862469094,0.5076230722798691,0.536993069525941,0.0
7032,CAT,0.9579005319357184,0.47778943244439387,0.5268125499205677,0.0
7033,CAT,0.9574040957943705,0.4572892696716702,0.5141404131998505,0.0
7034,CAT,0.9553535986888028,0.411390360752517,0.4938653474634326,0.0
7035,CAT,0.9535573152594808,0.37766034913928,0.4701955938727483,0.0
7036,CAT,0.9511782589685768,0.34889952470658075,0.4449075980321558,0.0
7037,CAT,0.9488927341245929,0.324659650519843,0.4193235176113039,0.0
7038,CAT,0.9462043069282154,0.28669082408015306,0.39047035624029014,0.1642046843507758
7039,CAT,0.9426668996408326,0.24954657235373512,0.3591840478960529,0.055535766850830434
7040,CAT,0.9399137166839832,0.23396852091166956,0.3307143909190465,0.059956536496248006
7041,CAT,0.9360525466957214,0.20956862288303635,0.3025496382933388,0.047985412939722374
7042,CAT,0.9328748757426485,0.20923027028422256,0.279943106728604,0.0473620135337074
7043,CAT,0.9299226401445851,0.21799900658912588,0.26379456813977986,0.05731498364653099
7044,CAT,0.9265633079050154,0.22495441738048783,0.2524119279861369,0.07477325861668047
7045,CAT,0.9237141949662623,0.23510900255867956,0.2455485848322854,0.0
7046,CAT,0.9207403760664031,0.24005556838333728,0.2411504221292631,0.0
7047,CAT,0.9184933413707671,0.2608623222743511,0.24222732754149714,0.0
7048,CAT,0.9156394345823443,0.27011169740886665,0.24513169371769125,0.0
7049,CAT,0.9130757136398274,0.2839986123816388,0.25052228801536536,0.0
7050,CAT,0.9100011671025904,0.28781276132531963,0.2556771666382889,0.0
7051,CAT,0.9069817801366141,0.2934401725899924,0.26104395471008296,0.0
7052,CAT,0.9054277191723944,0.3037235921073388,0.2676086088349204,0.0
7053,CAT,0.9037849232457115,0.31478811539065665,0.2753040724788659,0.0
7054,CAT,0.9022716347414136,0.2979429508992336,0.2777399750994375,0.06663152546033398
7055,CAT,0.8998362174161006,0.2690465590724579,0.27330656244890783,0.042733002428894815
7056,CAT,0.8975778630874064,0.24900146960233605,0.2653326200045156,0.05097300435452103
7057,CAT,0.8955705355129725,0.23796135224301598,0.256515116062882,0.03435100765237677
7058,CAT,0.894675988526867,0.234518573914152,0.24870073163669743,0.02677238766830735
7059,CAT,0.8945356934057654,0.2407418733663514,0.24382371873552633,0.0510533859995049
7060,CAT,0.8937106974935723,0.244968732628872,0.24085566390939556,0.05699323623790052
7061,CAT,0.8936363519844818,0.2516077431484042,0.2399475297516649,0.0
7062,CAT,0.8927418105607056,0.25801124309786927,0.2406353166313037,0.0
7063,CAT,0.8915139120033645,0.2645571901851449,0.24263130159846774,0.0
7064,CAT,0.8905522142348546,0.2747895806797319,0.2464880428325133,0.0
7065,CAT,0.8893986597228335,0.28294434968658894,0.251374520015462,0.0
7066,CAT,0.8886743905697557,0.29472759582162994,0.25788618116622397,0.0
7067,CAT,0.8871778874190256,0.30417016256212587,0.2651810207504667,0.0
7068,CAT,0.8849221007786784,0.28819487642764663,0.2674885477946597,0.0
7069,CAT,0.883298490789825,0.2952907718313243,0.27090178795640574,0.0
7070,CAT,0.8839064454875635,0.3401734683028799,0.2835452930337838,0.09754975104877067
7071,CAT,0.884237403500637,0.37160628534584533,0.3006024335316043,0.040301016010742874
7072,CAT,0.8845364887808095,0.40055243396693474,0.32064127009614224,0.03581267278465205
7073,CAT,0.8845772588986981,0.4197506111010846,0.3409125003374618,0.03840476000668669
7074,CAT,0.8851432405516292,0.41903005204085414,0.35697033992024496,0.04911009348341146
7075,CAT,0.8868975553274566,0.4261582535192308,0.3713909653193315,0.07621571165248983
7076,CAT,0.8881522485037215,0.42213230759026693,0.3820382844025227,0.08338933180990978
7077,CAT,0.8895600155209719,0.4248606839237757,0.3911587361975739,0.0
7078,CAT,0.8908118982571255,0.42682581168989836,0.39888912103257845,0.0
7079,CAT,0.8918515342140024,0.4306701725970681,0.4059225047808057,0.0
7080,CAT,0.8939931659880328,0.4538402968070979,0.41666662767336127,0.0
7081,CAT,0.8959717158267387,0.4695410876752763,0.42872964484848936,0.0
7082,CAT,0.8978135658584067,0.47771114164247785,0.44018451866171837,0.0
7083,CAT,0.8951083486243944,0.3883520555440421,0.4296123298378503,0.0
7084,CAT,0.8910097526554878,0.29298888650337396,0.40009241301198084,0.0
7085,CAT,0.8877841168578403,0.23640188604472828,0.36397852257382474,0.0
7086,CAT,0.8841843555652648,0.19019313084301837,0.3248816203808955,0.25479148581716665
7087,CAT,0.8803039964188767,0.14954247362681494,0.28462588524051313,0.11065681741243093
7088,CAT,0.8775798295582075,0.12018377569518868,0.24593705621263018,0.08156219518739191
7089,CAT,0.8740640032305872,0.10220629945769938,0.21101543928084318,0.069522835564108
7090,CAT,0.8691823785392113,0.1011744120082328,0.18285024030051708,0.09010892817038789
7091,CAT,0.8645549669385729,0.104657071005748,0.1610872705407764,0.08132082942374531
7092,CAT,0.8591620177993567,0.09878917666721204,0.14238089582162788,0.1425661221840753
7093,CAT,0.853828327082652,0.09538555656597497,0.12666406336480796,0.0
7094,CAT,0.8494107660683404,0.09975058397689934,0.11505466908268919,0.0
7095,CAT,0.8445711150072802,0.10570310082061962,0.10708184252223618,0.0
7096,CAT,0.8405312727526814,0.12108027018664663,0.10409982422038194,0.0
7097,CAT,0.8363343488523965,0.13916688202243876,0.1057088672698811,0.0
7098,CAT,0.8324324087462464,0.1625696369445522,0.11216489704763188,0.0
7099,CAT,0.8279357045673698,0.17382323789974297,0.11981522141659279,0.0
7100,CAT,0.8224245439257386,0.18457861394272643,0.1283109421656205,0.0
7101,CAT,0.8172107653204704,0.19982030350187713,0.1384738392771534,0.0
7102,CAT,0.8116643471221284,0.20377040234877936,0.14747658641210337,0.09179142199767379
7103,CAT,0.8107482168342269,0.210747064981738,0.15621966857632108,0.07001462106789665
7104,CAT,0.8109394743099351,0.21596853861968718,0.16436736300610844,0.04307042867487104
7105,CAT,0.8098027074935151,0.211381712565875,0.169872459822333,0.05081400769411339
7106,CAT,0.8089173969017355,0.21144066758045352,0.17428955823825176,0.07587077723088324
7107,CAT,0.8082890586088239,0.2121541910656276,0.1779808276852468,0.044797088241159064
7108,CAT,0.8074412864215582,0.20991561843006812,0.18043942607523583,0.08682697210514007
7109,CAT,0.8065323558371641,0.21088864796647974,0.18262121070528783,0.0
7110,CAT,0.8052701153293701,0.21610059503801576,0.1855177630446856,0.0
7111,CAT,0.8039762422993334,0.22250605487714037,0.18924973198852382,0.0
7112,CAT,0.8015252361067794,0.1934642057285683,0.18582104630165402,0.0
7113,CAT,0.7995131108768715,0.1799740796147098,0.18009863224903908,0.0
7114,CAT,0.7970908862258502,0.1669239203638051,0.17263840776742453,0.0
7115,CAT,0.7942129955513691,0.14896801687694117,0.16270443908832394,0.0
7116,CAT,0.7911336525296745,0.14092111800801915,0.15298000443785575,0.0
7117,CAT,0.7879391938810006,0.13802980315573876,0.14456187314989133,0.0
7118,CAT,0.7850732941249089,0.15185875640021945,0.1408816678931779,0.2020651016242613
7119,CAT,0.7829604433069027,0.1714311744503835,0.14226032053183812,0.0660125426282192
7120,CAT,0.7799890191362221,0.17083410726754572,0.14323137278037246,0.04225181670246668
7121,CAT,0.7765127638053758,0.1668146634542299,0.14312046941785583,0.08945240446012132
7122,CAT,0.7737528677024638,0.1709830496841346,0.1439523877115409,0.049433386692907005
7123,CAT,0.7704768679397501,0.16774599903126927,0.14390297864094764,0.05135349219602433
7124,CAT,0.7673285748684712,0.1681174118637466,0.14394548262068557,0.08900301806577471
7125,CAT,0.7652876707318185,0.18335994498470629,0.14734599262811449,0.0
7126,CAT,0.7633022850830492,0.20043136353686944,0.15383684000846976,0.0
7127,CAT,0.7614316581939157,0.21699139328461137,0.16268701058165763,0.0
7128,CAT,0.7586137206476115,0.2073659912257449,0.16764125487685874,0.0
7129,CAT,0.7554960057502572,0.19633169907680945,0.16916758689851844,0.0
7130,CAT,0.7525805106376292,0.19651744148024292,0.17042967608218101,0.0
7131,CAT,0.7494628197226972,0.1949933115017975,0.17110272398654866,0.0
7132,CAT,0.7478895728206477,0.19224689150307694,0.17103458060916024,0.0
7133,CAT,0.7463019364652256,0.19907251612756047,0.17248759170309788,0.0
7134,CAT,0.7453234510011143,0.2144195964861594,0.17703959798572272,0.12893127523933964
7135,CAT,0.745270689379328,0.23746805426731024,0.18577174733138158,0.0751274678434775
7136,CAT,0.7446696395816398,0.24910925208881735,0.1953285730400835,0.0450702533368872
7137,CAT,0.7443475569969896,0.26622535089540483,0.20675434118251063,0.0533535376867355
7138,CAT,0.7434766352730741,0.28282794531805944,0.2195618493138337,0.038342265485998686
7139,CAT,0.7423158869126293,0.2970393689061191,0.23294662902037752,0.04769811480751356
7140,CAT,0.7418938012571931,0.3062083709047426,0.24567954320525398,0.0807716284592539
7141,CAT,0.7418902071141461,0.3170212972337045,0.25825404651782,0.0
7142,CAT,0.7415748406031007,0.32459971368878027,0.2699874385902692,0.0
7143,CAT,0.7416923571070965,0.3313073364361072,0.2808556158324026,0.0
7144,CAT,0.7415604567120581,0.33240702106991404,0.2897930369293185,0.0
7145,CAT,0.7406827000563413,0.33080022785749386,0.296588093140307,0.0
7146,CAT,0.7402749988774563,0.3427888650685335,0.3046719807384567,0.0
7147,CAT,0.7398768906674867,0.3539443201753546,0.31360291460793593,0.0
7148,CAT,0.7399584309032635,0.34852230576488,0.3195501410312086,0.0
7149,CAT,0.7411815344399179,0.362968977391888,0.3274986528853344,0.0
7150,CAT,0.7409309166632444,0.35049914445915165,0.33110334155915067,0.08997024774992121
7151,CAT,0.7408146054282009,0.34010457245294234,0.33169131939343094,0.04501107124662435
7152,CAT,0.7410148595325629,0.33535361378605805,0.33111239216328237,0.042225096430370396
7153,CAT,0.740921324572592,0.33285373793488315,0.33009712108120204,0.04576674704095069
7154,CAT,0.7405400049364858,0.3333709588432672,0.32939913901519907,0.03313799563068344
7155,CAT,0.7396406641007104,0.3326466567197989,0.32868078204911944,0.03553420780024366
7156,CAT,0.7390977514770304,0.3320077009055559,0.3279649749781699,0.06469441614770083
7157,CAT,0.7384749266235587,0.33689208359114864,0.32847110720628164,0.0
7158,CAT,0.7376167159933112,0.33819939782647374,0.32916474992369754,0.0
7159,CAT,0.736844480531888,0.3415885118636514,0.3304681929308436,0.0
7160,CAT,0.7363768203697431,0.3481198042572814,0.33295346612499593,0.0
7161,CAT,0.736204146929274,0.36253763858132865,0.3381260463116042,0.0
7162,CAT,0.7359763139175447,0.3712718857242617,0.34419317975486513,0.0
7163,CAT,0.7355470285586009,0.37415384481258923,0.3496834037378971,0.0
7164,CAT,0.7353072043357277,0.3757173262715751,0.3544208976406194,0.0
7165,CAT,0.7353791516025897,0.38047933968332026,0.35926264384102546,0.0
7166,CAT,0.7362257278890368,0.413039081657115,0.370327272905676,0.14871730548359607
7167,CAT,0.7370039563212444,0.43808618935269306,0.38471094766767155,0.05571728803812916
7168,CAT,0.7384018449342559,0.4555061237415607,0.4000653009958793,0.04350612369012699
7169,CAT,0.7389006796105867,0.46788859184860354,0.41508360883776724,0.04248810340612804
7170,CAT,0.7400698226970944,0.46657867943708753,0.42680894433617594,0.04528710711538763
7171,CAT,0.7416130909857764,0.47140357632595836,0.4372548524268647,0.04787256947657195
7172,CAT,0.7431395698223323,0.47673043538183424,0.44678808330441566,0.10719024855815423
7173,CAT,0.7444801907412449,0.4766408733285738,0.4543948870907092,0.0
7174,CAT,0.7459095448660956,0.4792575950305067,0.4610582663062829,0.0
7175,CAT,0.747343694011633,0.4786156292359282,0.46624718338831095,0.0
7176,CAT,0.7492071291016219,0.48532635008538744,0.47188046489326946,0.0
7177,CAT,0.7508715092083632,0.4900724269546037,0.4774353213878581,0.0
7178,CAT,0.7530131395186229,0.4994742028180088,0.48395570806443783,0.0
7179,CAT,0.7551523715866538,0.5073172497149142,0.4909042538185746,0.0
7180,CAT,0.7564714048124576,0.4983520806833215,0.4944830190990651,0.0
7181,CAT,0.7579007571807831,0.5012164093834103,0.4979786546569593,0.0
7182,CAT,0.7591922071079064,0.4964437498642896,0.49972106069716404,0.06382898849195422
7183,CAT,0.7599176742110817,0.47551878292778943,0.49649344110379706,0.05199654535589525
7184,CAT,0.7607798425850657,0.4601245494530881,0.49051133365770017,0.03568635877110598
7185,CAT,0.7615065108586349,0.44781414598155383,0.4830067389105457,0.02881748221280069
7186,CAT,0.760621566209578,0.4326360173266714,0.47365078083262396,0.031409790263530336
7187,CAT,0.7598433377773705,0.42228287350946697,0.4638793912066601,0.034267534405662756
7188,CAT,0.7593639747669473,0.4183776286530906,0.455199756633041,0.06587629132339766
7189,CAT,0.7589514768108511,0.41586928001971846,0.4477020483547408,0.0
7190,CAT,0.7590665939016011,0.4144839265084012,0.44139790883297747,0.0
7191,CAT,0.7588387579623296,0.4126944004296206,0.43595935767713273,0.0
7192,CAT,0.7591025660712613,0.4237565808128486,0.4340517396373231,0.0
7193,CAT,0.7595846127592368,0.4333134627098873,0.4346364038217612,0.0
7194,CAT,0.7599563403046906,0.4416820539422297,0.43695244471631106,0.0
7195,CAT,0.7603784309369476,0.44702458803097744,0.4399852438668317,0.0
7196,CAT,0.760711786606742,0.45693431672953116,0.4446001724962591,0.0
7197,CAT,0.7608844600472106,0.46116081124677505,0.44922559033598514,0.0
7198,CAT,0.7597932627606784,0.4441391079143805,0.44916646547038275,0.05450935507642108
7199,CAT,0.7582871640062455,0.42326181589983347,0.44450815076374095,0.03991699491011941
7200,CAT,0.7577667422223143,0.4132996727409707,0.43858123329086873,0.0276115367093477
7201,CAT,0.7569669287317858,0.4105281259446038,0.43322756803964146,0.038516720155057076
7202,CAT,0.7563901517685295,0.4070226621904041,0.428170409694299,0.033496400602685675
7203,CAT,0.7564105347781945,0.40055758771553673,0.422696789297063,0.04229244918234863
7204,CAT,0.7563493784303449,0.39564686887924505,0.41723329842139106,0.06011509149926563
7205,CAT,0.7561958900494435,0.39036013655063506,0.4116948638126629,0.0
7206,CAT,0.7563781529457773,0.3883384964509674,0.40681761126087457,0.0
7207,CAT,0.7564237195481233,0.3859484705331469,0.4023879416729432,0.0
7208,CAT,0.7560016300868825,0.3789477307303485,0.3972980037979113,0.0
7209,CAT,0.7556179113302851,0.37526333257356387,0.39241230742055166,0.0
7210,CAT,0.7551022892511073,0.3706697425986783,0.38748919769327483,0.0
7211,CAT,0.7546226408053606,0.36761583224079775,0.3828762150635827,0.0
7212,CAT,0.7534954669578554,0.36470319558173725,0.37854253620069933,0.0
7213,CAT,0.7521740354898229,0.35993474426208205,0.374022420138524,0.0
7214,CAT,0.7509461372252363,0.35986574448847436,0.3703910878133739,0.04097940176181549
7215,CAT,0.7500995553764597,0.3674786987135784,0.36916743948034575,0.029849414704585308
7216,CAT,0.7488932398281606,0.37257496380527527,0.3693140956163606,0.03313799563068344
7217,CAT,0.7476413556282363,0.3730416900602339,0.36953450293999296,0.022257324170120243
7218,CAT,0.7474135196889647,0.3754251895175817,0.3702372548938021,0.025256398677059453
7219,CAT,0.7477228949857505,0.38173284539204405,0.3721925822827229,0.03864126753904307
7220,CAT,0.7474566936114112,0.381544595975176,0.37371526692180096,0.06959659234824155
7221,CAT,0.7469998281740832,0.3828180730184019,0.37521467819481824,0.0
7222,CAT,0.7467360247492186,0.3868220241872689,0.37729853062749263,0.0
7223,CAT,0.7465249826533861,0.38757043154625015,0.3791309078339985,0.0
7224,CAT,0.7465681518917654,0.3937584368014376,0.38196350906778787,0.0
7225,CAT,0.7467096481832608,0.3992384722253354,0.38543992540406424,0.0
7226,CAT,0.746915897014932,0.40690094815708516,0.3899134134973779,0.0
7227,CAT,0.7468463479902986,0.406137541306877,0.3933235958837247,0.0
7228,CAT,0.746879923381501,0.40233081176662955,0.39521097727739696,0.0
7229,CAT,0.7458246968008578,0.3781858695234497,0.3913881655681048,0.0
7230,CAT,0.7438869156162699,0.33913144003106166,0.37970424995897234,0.09810822681845253
7231,CAT,0.7418268264200499,0.3068881492896932,0.36323577763687737,0.06975669315212425
7232,CAT,0.7402092102802434,0.2910219160204908,0.3465567408648636,0.05027783562262761
7233,CAT,0.7385945934069941,0.2770068290255172,0.3301181016732966,0.04861344974833258
7234,CAT,0.7367335550954629,0.26550161101409797,0.31442611695411843,0.05551346315263436
7235,CAT,0.7342351177492014,0.2519431095334722,0.29887796210841966,0.0653697102970433
7236,CAT,0.731611440165458,0.23915801528446354,0.28361568796091874,0.13936697687945646
7237,CAT,0.7292779522334246,0.2331846665663572,0.2700865787939213,0.0
7238,CAT,0.7268821082469193,0.230816499301678,0.2587402516746924,0.0
7239,CAT,0.7242776177720224,0.23069998457502203,0.24963745622369074,0.0
7240,CAT,0.7219465260329384,0.232898828084197,0.24284086234888622,0.0
7241,CAT,0.7203948633109477,0.2539840040323713,0.24206051586739288,0.0
7242,CAT,0.7174018570094874,0.24493276940521896,0.23943715868067522,0.0
7243,CAT,0.7146390819619858,0.2418689863039622,0.23666179756279906,0.0
7244,CAT,0.7117563948030473,0.2442310334531832,0.23496319674898355,0.0
7245,CAT,0.7090200004200614,0.2514670690701436,0.23520248636840227,0.0
7246,CAT,0.7062812069165846,0.26213932262499773,0.2377510206617078,0.11584518760170541
7247,CAT,0.7036311507176044,0.2672334723622962,0.2409149556959329,0.04023145497181453
7248,CAT,0.7014247649396271,0.27884743112920934,0.24601119386469553,0.04487393662702276
7249,CAT,0.7004211011524103,0.2932626497067239,0.25327196831018395,0.07162887882842427
7250,CAT,0.7010314570199191,0.3190318248856353,0.26477203714150216,0.16580922564872294
7251,CAT,0.7018024910181945,0.34115471207760856,0.27885821251866905,0.07515970883294905
7252,CAT,0.7014895221638698,0.3448961001022936,0.2909534858330999,0.14436808433536194
7253,CAT,0.7014733343215801,0.35181567419275633,0.3021579802120027,0.0
7254,CAT,0.7015788575651526,0.35839684857428283,0.31257511157344625,0.0
7255,CAT,0.7018733126452409,0.36188831985881376,0.3216799523925113,0.0
7256,CAT,0.7027990344382865,0.3743675292839794,0.3317200167745614,0.0
7257,CAT,0.7034633475356459,0.3811981357432693,0.34126069437747203,0.0
7258,CAT,0.7040605098506006,0.385775009975169,0.3499040972012765,0.0
7259,CAT,0.7044921934517728,0.3858843900730573,0.3568429774426574,0.0
7260,CAT,0.705211666120393,0.39249080832240624,0.36385319292256396,0.0
7261,CAT,0.7053867378030906,0.4038622503572044,0.37197289255074484,0.0
7262,CAT,0.7062297234595408,0.39941545239485354,0.3774865205062369,0.09315283090241425
7263,CAT,0.7068244884105294,0.3930243905034374,0.3804858757677304,0.04568967782639199
7264,CAT,0.7072142027726988,0.3867826674349334,0.38150679624774514,0.030948920777043178
7265,CAT,0.7075835297338905,0.3852283541038562,0.38198024281282594,0.026092897773759675
7266,CAT,0.70788090942822,0.38598946828375863,0.38252710178787036,0.04800440420749329
7267,CAT,0.7082574352146563,0.3835569136878439,0.38242732842328164,0.04872143498019277
7268,CAT,0.708319791854637,0.3813992807570827,0.3818709691247002,0.06625898745185106
7269,CAT,0.7082898132412693,0.38193134447960997,0.3815433947093124,0.0
7270,CAT,0.707537962546036,0.3807652307017459,0.38102378415453336,0.0
7271,CAT,0.7067453434894394,0.3802316243546292,0.3804902419790207,0.0
7272,CAT,0.7068892380231632,0.38529886688509163,0.3811825730401865,0.0
7273,CAT,0.707112274550436,0.3944465310715502,0.38375681558222846,0.0
7274,CAT,0.7072321866618726,0.40013786986113087,0.3870732139942495,0.0
7275,CAT,0.7073664882266816,0.40275644909728747,0.39030467917040534,0.0
7276,CAT,0.7071530446683244,0.40683715294097134,0.39379112652759435,0.0
7277,CAT,0.7071410534571806,0.4109170618669085,0.3974813840619404,0.0
7278,CAT,0.7070966865614575,0.41232527025535626,0.4007446107781173,0.0967726548710283
7279,CAT,0.7070942859771953,0.41052431438958104,0.40295742819915586,0.07348958141258374
7280,CAT,0.7067945056986035,0.40915423860400973,0.4044250835164249,0.03251790865509362
7281,CAT,0.7064395661415049,0.41293657750336,0.40643458530315607,0.07968625542327672
7282,CAT,0.7065966507147329,0.4131138317132523,0.40808133557364146,0.12152931821127873
7283,CAT,0.7068088974940093,0.41133937343991295,0.4090068241675945,0.05431745494045685
7284,CAT,0.7070187436890235,0.40845588864263777,0.4091103608421558,0.1159697349856914
7285,CAT,0.7072249948627279,0.4092107457810754,0.40935990995779326,0.0
7286,CAT,0.7072154051141092,0.40700844765082417,0.40907314376741255,0.0
7287,CAT,0.7074744120545163,0.4076136010328794,0.4089773866171896,0.0
7288,CAT,0.7078653261233082,0.4103114437721172,0.4094966336938314,0.0
7289,CAT,0.7081627081596716,0.4123684602225441,0.4103663495358399,0.0
7290,CAT,0.70822266421539,0.40710101149308353,0.40989873932878157,0.0
7291,CAT,0.7085560198851838,0.4087531067990661,0.4098895373717956,0.0
7292,CAT,0.7091915540757986,0.42150679111818795,0.4126989887956316,0.0
7293,CAT,0.7085200462517528,0.40901817202627855,0.41218827996362034,0.0
7294,CAT,0.7079276801285014,0.399241687722876,0.40962045230415745,0.06588026623990785
7295,CAT,0.707160243493569,0.38610240224273645,0.40466421227858274,0.05999473986048485
7296,CAT,0.7059874995306678,0.36957820174376954,0.39704964093338124,0.046124931184257915
7297,CAT,0.7048339415055965,0.3583392088534526,0.3884757096869216,0.04319873014667221
7298,CAT,0.7043578866173884,0.3624674224365658,0.3825283330347331,0.04225181670246668
7299,CAT,0.7039453886612917,0.36469057430481844,0.37826144300848447,0.048662252889929924
7300,CAT,0.7036456083827002,0.3693452550629078,0.37587597628741143,0.07385924864803152
7301,CAT,0.7030724281972786,0.37260238121746164,0.37468698054534255,0.0
7302,CAT,0.7026479361024965,0.3759272539110989,0.3744701242691421,0.0
7303,CAT,0.7023325640291224,0.3793173063809908,0.3750453753461661,0.0
7304,CAT,0.7020831468373337,0.3822198696448156,0.3761466441297748,0.0
7305,CAT,0.7017833665587424,0.3867571031905451,0.3780297647496708,0.0
7306,CAT,0.7017018263229654,0.3923233857886223,0.3807656453774784,0.0
7307,CAT,0.7013348952619688,0.3932333025971325,0.3831553165511094,0.0
7308,CAT,0.7009895483810312,0.39678372876072787,0.3858512101529335,0.0
7309,CAT,0.7007665118537588,0.40221249249131236,0.3892069363796792,0.0
7310,CAT,0.7001573556928727,0.3916536499220226,0.38955946301832606,0.10230927191233453
7311,CAT,0.6989078714917024,0.3759882179416547,0.3863815749271353,0.04650056079447098
7312,CAT,0.6971931297619284,0.36584895419026725,0.38159987941661433,0.057077813628089585
7313,CAT,0.6962698047473407,0.35255593077827335,0.3748385901374512,0.03455483253787157
7314,CAT,0.6953632694776334,0.3431426482667182,0.3673505158439817,0.04404472487725789
7315,CAT,0.6947613083361878,0.33727619386787877,0.3600643755268008,0.04112029046923227
7316,CAT,0.6945310791315086,0.334755401003315,0.353678714187311,0.08070118410554551
7317,CAT,0.6942049217014507,0.3328849188046209,0.348157065391102,0.0
7318,CAT,0.6932863981481415,0.33229510914659377,0.34360947940817255,0.0
7319,CAT,0.6925021755741331,0.3339652041527089,0.3403402722926283,0.0
7320,CAT,0.6915740558316131,0.33553713256312967,0.3380720869328816,0.0
7321,CAT,0.6908282024984763,0.34056368873985504,0.33736771734924464,0.0
7322,CAT,0.6902670138169528,0.3494893866853284,0.33877557531501007,0.0
7323,CAT,0.6896722497442266,0.3568689442756443,0.3415317306067899,0.0
7324,CAT,0.6892516700045738,0.3667839500442547,0.34592650965709737,0.0
7325,CAT,0.6887557135116714,0.37541991269838687,0.3513496948150188,0.0
7326,CAT,0.6865181523412457,0.3480222232216894,0.34963711562260313,0.12533176751066658
7327,CAT,0.6843813179299351,0.3257102111452365,0.34333916132637055,0.05023411154101551
7328,CAT,0.6819399090976089,0.30548734021903634,0.333834320275306,0.04304878746276
7329,CAT,0.6785032312041289,0.272583945994643,0.31896331537062605,0.09758331701041228
7330,CAT,0.6754646623988813,0.24176877287564918,0.30026058950769685,0.07381994114031963
7331,CAT,0.6732318994694381,0.22873842261692093,0.28242049064507213,0.07318815024389425
7332,CAT,0.670884018278228,0.21994205705669576,0.2662056226204351,0.08468868785135225
7333,CAT,0.6690421700030852,0.21991237116455922,0.2532271716948187,0.0
7334,CAT,0.6670564254376933,0.2194026258748584,0.24273182723989453,0.0
7335,CAT,0.6650418794469052,0.22132164308499894,0.2347593909736198,0.0
7336,CAT,0.6636604933869256,0.23942046270601122,0.23237879589583008,0.0
7337,CAT,0.6620344851558434,0.2496921414461158,0.23274295040138995,0.0
7338,CAT,0.6607202484144975,0.26606248445636405,0.23664987195218729,0.0
7339,CAT,0.6592213470215386,0.27792582973356783,0.24239557950900245,0.0
7340,CAT,0.6576433036350314,0.28647280264679864,0.24887985295882817,0.0
7341,CAT,0.6560019466536858,0.29620347847182144,0.25621641492891467,0.0
7342,CAT,0.6531888052990845,0.2848939694025046,0.25958781594190594,0.11753806037765681
7343,CAT,0.6506178893371276,0.282205144808476,0.2616910757272625,0.05348117667245164
7344,CAT,0.6480094859215936,0.28430124593902906,0.2638366340837208,0.043522023356167755
7345,CAT,0.6453085828888053,0.2858230695495406,0.26588919482083045,0.028160075187754076
7346,CAT,0.6442413694883312,0.2879275658593297,0.2679960481205362,0.05017250033510754
7347,CAT,0.6430986108721438,0.2878398719480582,0.26966216244741315,0.042264624766777295
7348,CAT,0.6420505801892037,0.2874354274801603,0.27090572721694317,0.08081822331390114
7349,CAT,0.6419162754040989,0.289311981426408,0.27231503977966454,0.0
7350,CAT,0.642302390939154,0.2964037862375945,0.2750088048969838,0.0
7351,CAT,0.6420409819507137,0.29895211382933373,0.2777266474704174,0.0
7352,CAT,0.6415541393637892,0.2968618581745017,0.27943926204846653,0.0
7353,CAT,0.6410241278312389,0.3003097946289377,0.28157087422125787,0.0
7354,CAT,0.6404725321186301,0.30115854166266776,0.28346362051004725,0.0
7355,CAT,0.6401080232822846,0.3071101119500425,0.28629229734734274,0.0
7356,CAT,0.639078457893489,0.31352733078429773,0.28997256301276153,0.0
7357,CAT,0.6385460481187101,0.3241656373189274,0.29526638051276055,0.0
7358,CAT,0.6368636823662696,0.3160032445993773,0.29769866652337634,0.08327030514329906
7359,CAT,0.6364104110719889,0.333697611336943,0.3035525207164468,0.06949633612070673
7360,CAT,0.6358276370393897,0.3434779376280859,0.31039571321649323,0.06714031477363844
7361,CAT,0.6353501493536821,0.3557200195764524,0.3185740863316122,0.07203233285420867
7362,CAT,0.6356811079522641,0.36255226194929835,0.3266257722332418,0.05038206676667262
7363,CAT,0.636470131694797,0.38274061130084397,0.337525974040882,0.08397099459256774
7364,CAT,0.6369713707611943,0.3956157375598119,0.3490897704695826,0.10614374137249892
7365,CAT,0.6376620671578576,0.4082634367348676,0.36113421243825444,0.0
7366,CAT,0.6384223067240703,0.4191391096748667,0.37317179636297826,0.0
7367,CAT,0.6394283661187282,0.42955234178133345,0.3851017579274148,0.0
7368,CAT,0.6410064065776934,0.4476833290360853,0.3986501857442202,0.0
7369,CAT,0.6425292903929395,0.46110599630348603,0.4124534943586848,0.0
7370,CAT,0.6439538462768076,0.47323645083015364,0.4261753060330254,0.0
7371,CAT,0.6453376320427874,0.4768673824547219,0.43795469268785564,0.0
7372,CAT,0.6471291189876517,0.48209648581177267,0.44853311583039585,0.0
7373,CAT,0.6486184274116956,0.4828689982625739,0.45716647352014705,0.0
7374,CAT,0.6506857142621437,0.4915893533606025,0.4659991607315551,0.13188463820641166
7375,CAT,0.6524292363624332,0.4947889842973874,0.47377198958717803,0.05730880044307069
7376,CAT,0.6538485196264484,0.49015245026987936,0.47896621530742917,0.05667921783359542
7377,CAT,0.6542838011764719,0.46960568939740077,0.4785835830656848,0.044566984740958
7378,CAT,0.6554193653587276,0.44995077847942416,0.47393644083180486,0.04684637853085761
7379,CAT,0.6554721269805136,0.4345431280333979,0.4668157519649578,0.05284430671604102
7380,CAT,0.6560860764055615,0.4289377665064595,0.45988118566235114,0.0680589621448826
7381,CAT,0.6566172847171926,0.4264268628131295,0.4537789676834528,0.0
7382,CAT,0.6573559453729222,0.4252191468838452,0.4486304539149127,0.0
7383,CAT,0.6572384297471888,0.4205469040017023,0.4434797187822446,0.0
7384,CAT,0.657996271071173,0.43176067288746184,0.44183583380498215,0.0
7385,CAT,0.6582600777163335,0.4323964859677562,0.44066115320859317,0.0
7386,CAT,0.6588332576090009,0.44003512201880923,0.44140849841566326,0.0
7387,CAT,0.6594951724641317,0.4495237976690667,0.44410206898266263,0.0
7388,CAT,0.6596078898488823,0.4552545878492226,0.44752264315478274,0.0
7389,CAT,0.6592865253902319,0.44982711425245425,0.4490603760896138,0.0
7390,CAT,0.6593141086889128,0.45459142567496735,0.45134282106054013,0.08027962212677024
7391,CAT,0.6590958665968184,0.44753931574604866,0.45161122908850165,0.05123071144159843
7392,CAT,0.6584579332857124,0.4359841112940839,0.44927384200536785,0.03092816287971218
7393,CAT,0.6576737107117042,0.42108256568539937,0.4441127369334583,0.03175582882861198
7394,CAT,0.6561999861780802,0.4038538586499572,0.4361786743444482,0.03001039882324805
7395,CAT,0.6545637830754928,0.3843359336329184,0.42552064290693453,0.056917050338121854
7396,CAT,0.6533490728011307,0.37194565056403184,0.41425766654412927,0.07678037062563198
7397,CAT,0.6529294997377052,0.36324604506335384,0.4033258672061054,0.0
7398,CAT,0.6527520321548125,0.35913195196051395,0.3936717780779238,0.0
7399,CAT,0.6524330691586867,0.3539856014738099,0.38481186997801436,0.0
7400,CAT,0.6521980431767959,0.3590874541199476,0.3788507523828123,0.0
7401,CAT,0.6518622892647733,0.36366169557606703,0.3750921375661933,0.0
7402,CAT,0.6512195603474725,0.362321278661216,0.37178919763122054,0.0
7403,CAT,0.6509893290935139,0.36686052657249046,0.3701493961744386,0.0
7404,CAT,0.6498093939169766,0.36610613892566646,0.36867093892620395,0.0
7405,CAT,0.6490659388260692,0.3672119878918201,0.36773241390183176,0.0
7406,CAT,0.6488249169458523,0.3864351443481809,0.37122727187224924,0.06564883776753672
7407,CAT,0.6478908042325479,0.3911630895894958,0.3750673849391448,0.044889173806978495
7408,CAT,0.6469626856610443,0.39395399229050815,0.37875588166270246,0.040966152040114855
7409,CAT,0.6460057881827964,0.38632186284634873,0.38002102642404995,0.04748236517248819
7410,CAT,0.6447874770320406,0.38463331685118646,0.38066020542730755,0.051940675696057564
7411,CAT,0.6443078285862941,0.3887205037400145,0.3820742557089493,0.06827338680773792
7412,CAT,0.644574037279488,0.40211065014409847,0.3861628796500234,0.1292567767357853
7413,CAT,0.6451160373883941,0.41288818435027996,0.3918141339682073,0.0
7414,CAT,0.6459638186510391,0.4222459246495306,0.3984019130906351,0.0
7415,CAT,0.6470604172521613,0.42853493513878566,0.4050611441445716,0.0
7416,CAT,0.64796934812931,0.43194806217607146,0.41114236139666394,0.0
7417,CAT,0.6489321224720351,0.4360686455725684,0.4169174183197977,0.0
7418,CAT,0.6497595160409485,0.4383469080219625,0.42204064702484656,0.0
7419,CAT,0.6516469326749622,0.45940267120219336,0.43078966242427236,0.0
7420,CAT,0.6529779571119095,0.4722336998407645,0.4406227702074649,0.0
7421,CAT,0.6543905217846339,0.48327388548709704,0.4509276215021918,0.0
7422,CAT,0.6546015647587292,0.4605900909843016,0.45416149872996653,0.08042801900981737
7423,CAT,0.6542789997151935,0.43616418056738737,0.4513538283021096,0.04003050085935487
7424,CAT,0.6541231163123592,0.41540105110364783,0.44452189139340426,0.04199256381452421
7425,CAT,0.6528928154142309,0.377872120095857,0.43076760131924957,0.054975966108978515
7426,CAT,0.6509145070977224,0.3511118739422179,0.41385382938639154,0.05447004756870919
7427,CAT,0.6482224787321974,0.30533770960577844,0.390213006904003,0.0749527923457241
7428,CAT,0.6458026532016673,0.2752136732474639,0.3646470733010392,0.09762328700420922
7429,CAT,0.6438624740676046,0.2531450675618139,0.3393201948659035,0.0
7430,CAT,0.6418395573331758,0.23993887890005497,0.316141937803321,0.0
7431,CAT,0.6396883361032805,0.2339766541077884,0.29628249916441063,0.0
7432,CAT,0.6370382755129874,0.23085829231194022,0.2797062184876333,0.0
7433,CAT,0.633733497721792,0.217005569642224,0.2633856443934244,0.0
7434,CAT,0.6305246496197455,0.211298072270939,0.24906861191189456,0.0
7435,CAT,0.6270424019036235,0.20248867687708164,0.23566931918806466,0.0
7436,CAT,0.623296179665385,0.19114594284737926,0.22244469829189253,0.0
7437,CAT,0.6199194546073273,0.1941521623385845,0.2125289632898604,0.0
7438,CAT,0.6145521902559455,0.15682066609174694,0.19635124071287977,0.17384164860103918
7439,CAT,0.6080913239352105,0.12725486107211403,0.17687907950773912,0.11353708608145442
7440,CAT,0.6028523634937865,0.129681379695055,0.16183727796704045,0.059756465698568385
7441,CAT,0.5975936193105008,0.1360612140675191,0.1512129040973762,0.057713358612330144
7442,CAT,0.5946581731645636,0.16211303656230233,0.14846728052226343,0.07683403199851956
7443,CAT,0.592342670585475,0.19219471416515174,0.15291470181067107,0.07011090237892129
7444,CAT,0.5891601984638778,0.19884492196313377,0.157941421605578,0.09629500240372034
7445,CAT,0.587656503221249,0.22025630892698392,0.1666917739013448,0.0
7446,CAT,0.5858036181135841,0.2341915678159832,0.17676983446192085,0.0
7447,CAT,0.5856405364710132,0.2568583807548619,0.1898385361245503,0.0
7448,CAT,0.5853911172299459,0.27910892290478384,0.20520781198380306,0.0
7449,CAT,0.5856213484839042,0.30802864167374133,0.22389051946932476,0.0
7450,CAT,0.5857508535642558,0.33204544042196577,0.24414110016533913,0.0
7451,CAT,0.5850337791378645,0.3365495988561197,0.2613363652571403,0.0
7452,CAT,0.5839737560727637,0.3333135748591667,0.2743778603750235,0.0
7453,CAT,0.5838994105636729,0.33874791656332454,0.28601129978084855,0.0
7454,CAT,0.5848083434901009,0.3672608107186815,0.30161548572628094,0.11271604499340494
7455,CAT,0.5854786507292612,0.3785106651248844,0.3165835075565102,0.05971539156129641
7456,CAT,0.5868470187252516,0.3954292665206523,0.332294612787306,0.05175032136095841
7457,CAT,0.587969394331774,0.41312173595626955,0.34877110331331385,0.03694486150397149
7458,CAT,0.5920727832720881,0.4469415617046258,0.3694218333268941,0.06583808795916082
7459,CAT,0.5963860257262706,0.47418935138761503,0.39196043738527364,0.06445349204144424
7460,CAT,0.5995145359339505,0.4924780724774817,0.4140306167159069,0.10508310115036291
7461,CAT,0.6025908796890883,0.5060636931487763,0.4346873168680934,0.0
7462,CAT,0.6046893416392306,0.5131601962721146,0.45278002973883164,0.0
7463,CAT,0.60658251522561,0.5201109870838231,0.4687893703717178,0.0
7464,CAT,0.6085922445553228,0.5073314173797803,0.4787743127729312,0.0
7465,CAT,0.6101007389171965,0.4995560910242977,0.4850449872217808,0.0
7466,CAT,0.6114677369875748,0.4844918181847012,0.4867343910019709,0.0
7467,CAT,0.6124797952081008,0.4741869167712779,0.48580994580942877,0.0
7468,CAT,0.612539751263819,0.44828130135486843,0.4793488058229822,0.0
7469,CAT,0.613055373342997,0.4470424817020155,0.4739062847964366,0.0
7470,CAT,0.6144427593998615,0.46401885127652737,0.473301714577,0.06304129253685134
7471,CAT,0.6168733802407168,0.48324966764895694,0.47706542818101194,0.055365287098282236
7472,CAT,0.6189058873092733,0.48158099167795165,0.4797078508053297,0.03819431026034157
7473,CAT,0.6209156140041981,0.4860787896982709,0.4828151846616828,0.03466259694103675
7474,CAT,0.6215847256352943,0.4842332986367931,0.484893451631868,0.0313320585628866
7475,CAT,0.623562075181869,0.4976358009754941,0.48951617788869817,0.0735428011280813
7476,CAT,0.625285211637706,0.5095842278951644,0.4958533205705195,0.11892111049450832
7477,CAT,0.6269687794388025,0.5212569507744749,0.5035011036571295,0.0
7478,CAT,0.6276498819882878,0.5282313632723294,0.5111597176117898,0.0
7479,CAT,0.6282962062196525,0.5327950747242912,0.5182945623500469,0.0
7480,CAT,0.6289365339671827,0.532518499324499,0.5239413529546627,0.0
7481,CAT,0.6295552804621963,0.5306524890330147,0.5280466533911812,0.0
7482,CAT,0.6304714089935727,0.5315618433150695,0.5315317361706762,0.0
7483,CAT,0.6312306924831897,0.5301859516578256,0.5340159192656648,0.0
7484,CAT,0.6326672395782017,0.5248856363301043,0.5348326238557823,0.0
7485,CAT,0.633509981897379,0.5103919854312046,0.5322848808441396,0.0
7486,CAT,0.6363758798969451,0.5321140478468488,0.5350442795097726,0.11318618928508256
7487,CAT,0.638583461868495,0.5363647925466701,0.5381906293389505,0.0657729434941327
7488,CAT,0.6416087981848829,0.5382010004714075,0.5411132590186646,0.06783482101944684
7489,CAT,0.6447313127869906,0.5596982207833581,0.5481992966061833,0.06764998740172294
7490,CAT,0.6474353294361176,0.5844801486494053,0.5593415298567527,0.056310213084232674
7491,CAT,0.6499559282736772,0.6046302370927348,0.5727057191365444,0.06444355475016876
7492,CAT,0.6531539895552695,0.6164205019022446,0.586001100128084,0.1312528473099863
7493,CAT,0.6561182172427392,0.6250520694252937,0.5985437961185298,0.0
7494,CAT,0.6591447977643848,0.6261613146262565,0.6088229437866481,0.0
7495,CAT,0.6614854848144168,0.6259636522143668,0.6170026056697099,0.0
7496,CAT,0.6628764629650495,0.6059972029338206,0.6191364915357761,0.0
7497,CAT,0.6641475313462785,0.5890671041071931,0.6171043731085422,0.0
7498,CAT,0.6653394577339596,0.5712093875902278,0.6115345751109581,0.0
7499,CAT,0.6661788425140164,0.54847908253742,0.6020584604598289,0.0
7500,CAT,0.6670206255363019,0.5266895633311512,0.5896650769759364,0.0
7501,CAT,0.6684379893282714,0.5200333138183351,0.5782802530352684,0.12378729161776231
7502,CAT,0.6703613787174537,0.5278589479957334,0.5709007844755867,0.05026458590092697
7503,CAT,0.6718794683902759,0.523495362406537,0.5640334563891253,0.054900221866589875
7504,CAT,0.6733640066777381,0.5152311156091021,0.5567143301652366,0.07025245357242309
7505,CAT,0.6744734317762259,0.49070593911478394,0.5454423328034537,0.04666220739921875
7506,CAT,0.6741976353836922,0.4759174066551352,0.5331584998964009,0.07879631578238391
7507,CAT,0.6745273936901429,0.46482642485076625,0.5208818495266264,0.11411366980412715
7508,CAT,0.6740993537074741,0.4396614140211696,0.5055025173175323,0.0
7509,CAT,0.6735189758678247,0.4379512497782651,0.49282134008014933,0.0
7510,CAT,0.6722982691096281,0.4325902787485483,0.4814923598230375,0.0
7511,CAT,0.6709923776188887,0.42907936572168875,0.4716537459319848,0.0
7512,CAT,0.6705127271238628,0.4415557030098715,0.4665384121980489,0.0
7513,CAT,0.66994914020011,0.45096786549448975,0.4645249407088803,0.0
7514,CAT,0.669344783158469,0.4538226845766196,0.46354468653127123,0.0
7515,CAT,0.6685893368564179,0.4538070957146535,0.462757040191241,0.0
7516,CAT,0.6686396999432213,0.4527426043644444,0.46189181669919166,0.0
7517,CAT,0.6683998757203476,0.446319155828658,0.45978093780134965,0.0
7518,CAT,0.6667930554763754,0.4098243397152978,0.45003189153026235,0.11602494215944406
7519,CAT,0.665279761702502,0.3762810598878973,0.43482419559583346,0.06394448189944477
7520,CAT,0.6639391463459191,0.3515817560920977,0.4172028842419117,0.06417127296922068
7521,CAT,0.6615265152493209,0.3222947069849186,0.3966374187950938,0.05482977751288149
7522,CAT,0.6592673751684118,0.3178426689640834,0.37920175735718925,0.06755723934981848
7523,CAT,0.6575718161561718,0.3180012386730721,0.365288250338889,0.07376915054046719
7524,CAT,0.6557035614541452,0.31202189569965655,0.3528368309679173,0.08370622098725002
7525,CAT,0.6547610540147776,0.3109002217936273,0.3426279595581798,0.0
7526,CAT,0.6535619329004106,0.3111476231570395,0.3345155041603106,0.0
7527,CAT,0.6529024162875087,0.3249629150949465,0.33107682234279395,0.0
7528,CAT,0.6528832303496791,0.33425319433379624,0.3303777529255851,0.0
7529,CAT,0.6515066393103855,0.33244351227916147,0.3294188061503952,0.0
7530,CAT,0.6504058461273966,0.3339560522490217,0.32898571237236585,0.0
7531,CAT,0.6494225668136157,0.339404027645215,0.3298424918353191,0.0
7532,CAT,0.6478613111227097,0.34787323620567273,0.3323984475661397,0.0
7533,CAT,0.646352816760836,0.356313347222819,0.33630731774964956,0.0
7534,CAT,0.6453287673291662,0.369583714185065,0.3423653428028319,0.0
7535,CAT,0.6430852102604149,0.35326733285481654,0.3436080830206746,0.0794947969447025
7536,CAT,0.6410395072972711,0.34470166330231483,0.3427104384005857,0.04509896106723858
7537,CAT,0.6395094275843219,0.34438082597711783,0.3419214617107425,0.0352168769655134
7538,CAT,0.6398020134289818,0.35182311968220975,0.34293400534492446,0.028640598428097182
7539,CAT,0.6401881342336121,0.35531425652130355,0.3445151021156623,0.04707140297107343
7540,CAT,0.6402420961475296,0.3529454782036415,0.3452568047878178,0.04034253180540487
7541,CAT,0.6405322814079274,0.3460624814389532,0.34432996976464225,0.05606641820494095
7542,CAT,0.6399830807172512,0.34139529193989276,0.3425576937320326,0.0
7543,CAT,0.6392705144007415,0.33771146980524414,0.3403262540504075,0.0
7544,CAT,0.63893449434004,0.33634634078093795,0.3382395962405311,0.0
7545,CAT,0.6385191187860232,0.3369083940359133,0.3366944065848295,0.0
7546,CAT,0.6377013181860248,0.32978985907010483,0.333886036099349,0.0
7547,CAT,0.6364518339848545,0.3286230588349326,0.3313816370756901,0.0
7548,CAT,0.6353990056464399,0.33023288845778875,0.32973366915307534,0.0
7549,CAT,0.6347970468470278,0.33185012620260806,0.3287724822890192,0.0
7550,CAT,0.6342166722276742,0.3365042676969315,0.3290314589944557,0.0
7551,CAT,0.6335355714347134,0.3422848961124111,0.3305153654839005,0.0
7552,CAT,0.6328017096054751,0.34988207555780526,0.33338042414231284,0.11730287781747051
7553,CAT,0.6313363871167689,0.3423684986274369,0.334013002278305,0.04515328492621119
7554,CAT,0.629211545965881,0.3295505304528812,0.33168805389262423,0.053747054421244424
7555,CAT,0.6281623149908099,0.31567230074005037,0.32676291207720987,0.03847078778649487
7556,CAT,0.6269536061771032,0.3061209198737137,0.3207132549810152,0.042776064024421884
7557,CAT,0.6254163320302221,0.2986183962334921,0.3142165017726852,0.041566143604458705
7558,CAT,0.623569682586555,0.2945064735948392,0.30811092892281117,0.06390031616044264
7559,CAT,0.6227017578457136,0.31000023938547483,0.306648465389068,0.0
7560,CAT,0.6213791237435166,0.30807303602877384,0.30505284725008225,0.0
7561,CAT,0.620357471383059,0.3083214507028081,0.3038312182713213,0.0
7562,CAT,0.6197746985214766,0.31882026016998327,0.305172710358813,0.0
7563,CAT,0.6190627083686103,0.3245823116606993,0.30751852620438025,0.0
7564,CAT,0.6182020032151395,0.3276673939728835,0.310076558450295,0.0
7565,CAT,0.6176604801198914,0.3384684593707808,0.31450853657458505,0.0
7566,CAT,0.6176245064864606,0.3498925387966682,0.3205772719539117,0.0
7567,CAT,0.6177156396911526,0.36567392893296763,0.3289177804893941,0.0
7568,CAT,0.617658081877663,0.37704050113205206,0.338100638997034,0.0
7569,CAT,0.6177216388097745,0.3882931742284625,0.3479322214205226,0.08356621559461327
7570,CAT,0.6182960151887688,0.41050145010400274,0.3607024668455282,0.02908313913289846
7571,CAT,0.6183850148010089,0.41907417778205813,0.3728120588564717,0.02677989584393771
7572,CAT,0.6185864662699602,0.430327910477697,0.38498526210853595,0.03475976156684142
7573,CAT,0.6192879491943232,0.43518574268535676,0.3957967385851581,0.02932914229914029
7574,CAT,0.6204918641583602,0.44147611858504426,0.40583522909066716,0.038255479808859516
7575,CAT,0.6219763766834548,0.44714247356450987,0.4151175078820254,0.06671963610964321
7576,CAT,0.623372150733036,0.44955577793274587,0.42307633980272336,0.0
7577,CAT,0.6246264334679433,0.44684326875350305,0.42884431327311157,0.0
7578,CAT,0.6258567323167922,0.44429508069249235,0.43289589238697557,0.0
7579,CAT,0.6261466798022463,0.43970501264318407,0.4351233809146245,0.0
7580,CAT,0.6268373735641216,0.42891820651454704,0.43452296874971064,0.0
7581,CAT,0.6279501579582544,0.42964682716684854,0.4342035641329393,0.0
7582,CAT,0.6285065501553208,0.4275410296027399,0.43348294833097867,0.0
7583,CAT,0.6293435366931487,0.4280377915941158,0.4330161718776854,0.0
7584,CAT,0.6301805232309773,0.4258186672622773,0.4321526289520635,0.0
7585,CAT,0.6307800837881609,0.42639624540810755,0.4315893600728769,0.0
7586,CAT,0.631907231873298,0.43980621099768635,0.43410050600385325,0.05695525370235869
7587,CAT,0.632816163628709,0.45157003348508123,0.4387076121940245,0.03348425502446009
7588,CAT,0.6336879258498705,0.45803525236082476,0.443821222759889,0.027151992195030603
7589,CAT,0.634823490032126,0.470023871036235,0.45055994974811064,0.02645439434749206
7590,CAT,0.6356125137746588,0.48465356845939467,0.4591820856233462,0.0355578364706098
7591,CAT,0.6369109005120371,0.49706149449125664,0.4688202422085406,0.03707227966099262
7592,CAT,0.6376519564824535,0.4988134916044797,0.4769177182669523,0.04931833494280647
7593,CAT,0.6385548940960634,0.4988209673357676,0.483397350223782,0.0
7594,CAT,0.6394014747738234,0.49941123643660956,0.4887114242089828,0.0
7595,CAT,0.6402120815253981,0.4992015760514815,0.492916377241101,0.0
7596,CAT,0.6411066258767161,0.4981676104154428,0.4960519752380284,0.0
7597,CAT,0.6421210823394704,0.49469988220057054,0.49779456186382554,0.0
7598,CAT,0.6432386632180608,0.4931642922964535,0.49884947665192275,0.0
7599,CAT,0.6439029763154199,0.4793621133703265,0.49664502215663986,0.0
7600,CAT,0.6452387972368249,0.4749037500443544,0.493896772456074,0.0
7601,CAT,0.6458359595517794,0.46466887510426047,0.48943767071399624,0.0
7602,CAT,0.6465506357359424,0.4560239548220596,0.4839610489968532,0.0
7603,CAT,0.6468120409185786,0.4416242707311401,0.4763993987011128,0.051632619666517755
7604,CAT,0.6462292648367002,0.40998202368029407,0.463361486754298,0.051664860655989304
7605,CAT,0.6458671302601612,0.3922871301335564,0.44902301545977896,0.05280786998136427
7606,CAT,0.6449300168165294,0.37978410674606794,0.43479078708165597,0.06405798784868022
7607,CAT,0.6440162871128899,0.37241718561734816,0.421777926382854,0.03868543327804519
7608,CAT,0.6433447748975315,0.36984507451067683,0.4107995544532171,0.05921411042362231
7609,CAT,0.6419537973324075,0.36076064566107563,0.40001044554281756,0.11015156135824664
7610,CAT,0.6404105290437255,0.3569507263537565,0.39053768939856615,0.0
7611,CAT,0.6386873887820842,0.3526174611380132,0.38200242788360433,0.0
7612,CAT,0.6372844185420455,0.34957329460540454,0.37450187587119665,0.0
7613,CAT,0.6360661114898488,0.3513732111137908,0.3688989686579076,0.0
7614,CAT,0.6344904663455705,0.3475992791712633,0.3635831221374349,0.0
7615,CAT,0.6330922911262181,0.3493998532520767,0.359728124550907,0.0
7616,CAT,0.6317948420804732,0.3537476759835483,0.35760439829328694,0.0
7617,CAT,0.6304350387367809,0.3548424602900494,0.35614721429094354,0.0
7618,CAT,0.6290848283620035,0.3586752743944378,0.3558279927114024,0.0
7619,CAT,0.628060778930334,0.35741069990382185,0.3552933181277064,0.0
7620,CAT,0.62710387823179,0.3655647471515885,0.35666650324680965,0.0412622833201241
7621,CAT,0.6266098409181792,0.3761059859945255,0.36009321767853636,0.03196031620019181
7622,CAT,0.6262716878856652,0.38799737980416305,0.36546095441433807,0.04107744970240021
7623,CAT,0.6259994923695248,0.3918375421525068,0.37060329237821876,0.039487262269628745
7624,CAT,0.6266110485291648,0.39347529007934123,0.37507888015727214,0.05686206399306421
7625,CAT,0.6271626413142316,0.4007926177672824,0.38027547503622444,0.08384048483381647
7626,CAT,0.6275146123439622,0.40362794236431077,0.38505896834874864,0.10217876215358326
7627,CAT,0.6276009505279677,0.40246930099430855,0.3886298623523788,0.0
7628,CAT,0.6277556403720169,0.4058435693831759,0.3922318275387183,0.0
7629,CAT,0.6282592683125091,0.4082814957345592,0.39565184665276165,0.0
7630,CAT,0.6288948025031237,0.4157071515542358,0.4000279122419719,0.0
7631,CAT,0.6297677626743826,0.4244563352397153,0.4054611329322375,0.0
7632,CAT,0.6305352001875776,0.4286436131965214,0.4107325229457162,0.0
7633,CAT,0.630180260337725,0.41181171310078957,0.41123209627198976,0.0
7634,CAT,0.6303793144427098,0.404299665312329,0.40997262387266153,0.0
7635,CAT,0.6303457390515078,0.3976761057195739,0.40750214878323154,0.0
7636,CAT,0.629964418537139,0.3876247848643078,0.40330580697846985,0.0
7637,CAT,0.6303733156168422,0.39352451756526613,0.4012517643522946,0.13190694190460775
7638,CAT,0.6308265798850227,0.4016059224851149,0.4013934110576718,0.0705896589897043
7639,CAT,0.6311287607478767,0.4000313856026579,0.40115897197514166,0.04579258399826693
7640,CAT,0.6308601587892751,0.3955586894354125,0.39998356901494025,0.029452364710956216
7641,CAT,0.6305387952088873,0.3947655327852091,0.3988680679377066,0.03158689487692885
7642,CAT,0.6297881442202767,0.3886153950667149,0.3966173311332438,0.04762568299555008
7643,CAT,0.6293048948981369,0.3838875030355557,0.39377252675124985,0.07735143363092944
7644,CAT,0.6295878863101109,0.39487557224041525,0.3939235377365206,0.0
7645,CAT,0.6290362935250439,0.3921054609016865,0.3934325322908389,0.0
7646,CAT,0.6286285894186171,0.39013593562571636,0.3926047332894884,0.0
7647,CAT,0.6289220863025696,0.3999833727437573,0.39411742551156176,0.0
7648,CAT,0.6279028333553575,0.3846441867504535,0.3919397254524779,0.0
7649,CAT,0.6269147575571193,0.3733120629517857,0.3876947220922398,0.0
7650,CAT,0.6256628751137202,0.36484857803283594,0.38242945138243506,0.0
7651,CAT,0.6241639737207613,0.3565793836835192,0.3763908783302685,0.0
7652,CAT,0.6226914529923185,0.3487566162858097,0.3698322624603481,0.0
7653,CAT,0.6218904161054989,0.3374228710618199,0.36208216833908724,0.0
7654,CAT,0.6204130988925988,0.320968904541373,0.3522480257825601,0.2850035012389594
7655,CAT,0.6189597646874941,0.3087891415745858,0.3416906565599868,0.04268397845860246
7656,CAT,0.6182283037352719,0.31044535506789467,0.3336105569445078,0.04538360925510727
7657,CAT,0.6169512441397839,0.31502397948360406,0.3281577245438998,0.03917523132357874
7658,CAT,0.6156118279043149,0.32166507270562306,0.325262228317855,0.035781977596045574
7659,CAT,0.6148299985957143,0.33149620934255175,0.32511716259211315,0.05674082903950338
7660,CAT,0.6144870517135302,0.3458892844330358,0.3281800032519502,0.27409279707587475
7661,CAT,0.6139402510216078,0.3561936239780559,0.3329061199007487,0.0
7662,CAT,0.6136668534568114,0.3648768660545767,0.3386048173977371,0.0
7663,CAT,0.6134006743083694,0.3721915631191168,0.3447793190444844,0.0
7664,CAT,0.6126092543728868,0.3817991481409781,0.3518408774065619,0.0
7665,CAT,0.6129665924649687,0.4020427871391573,0.361961188602486,0.0
7666,CAT,0.6134678250907738,0.42099026949059093,0.3742422294255563,0.0
7667,CAT,0.6134333383675244,0.4357067813383748,0.38731739043577423,0.0
7668,CAT,0.6145653086994874,0.44809054340245974,0.4005126302100998,0.0
7669,CAT,0.6159994575522704,0.46405467126239297,0.4145947022062615,0.0
7670,CAT,0.6175151466408303,0.47764277257877447,0.42886146437281053,0.0
7671,CAT,0.6194831646479712,0.4947940300678776,0.4440629469226114,0.09800973722047779
7672,CAT,0.621471693891107,0.5057400400848067,0.4586416981480535,0.04324377920045438
7673,CAT,0.6237020857810397,0.5123639133598574,0.4717676655790894,0.03601782264231691
7674,CAT,0.625927654276551,0.5078851304208456,0.48127924348897255,0.030244698068654315
7675,CAT,0.627972154312776,0.49918309200380984,0.48696655022865515,0.0263117390105152
7676,CAT,0.6300965176888443,0.5030590691672763,0.4923724543519473,0.05022638253669014
7677,CAT,0.6320678730936181,0.5039922860029334,0.4969032904285716,0.08928082056409807
7678,CAT,0.6340332340638365,0.5054988493743586,0.5008607029244033,0.0
7679,CAT,0.635831915735387,0.5057377396920542,0.5040793948785622,0.0
7680,CAT,0.6373443663186756,0.5046632654288493,0.5064170371688748,0.0
7681,CAT,0.6389463921274704,0.5029069948894406,0.5078992563704781,0.0
7682,CAT,0.6403421691045935,0.4961697567945104,0.5075970272223349,0.0
7683,CAT,0.6417643027638106,0.49045608106948946,0.5060933061298495,0.0
7684,CAT,0.6431408938031041,0.4875591541202957,0.5042505061854666,0.0
7685,CAT,0.6438603664717241,0.4831026809538804,0.5017919975913394,0.0
7686,CAT,0.6445102901157113,0.4803246876748585,0.4992116356556266,0.0
7687,CAT,0.6453544713802256,0.48139301531250206,0.49738329981983276,0.0
7688,CAT,0.6461578857471472,0.4817133129050506,0.49599137293816664,0.05280036180573391
7689,CAT,0.6468269982565061,0.48504326864748937,0.4956132944061055,0.032234364610699985
7690,CAT,0.6473138411361848,0.48469413455849897,0.49523372088739637,0.02879584100068965
7691,CAT,0.6475114355688366,0.48481605201429634,0.4949569890893235,0.028885497450863957
7692,CAT,0.6477814500663487,0.4840433200333044,0.4945649359891184,0.030297034469371834
7693,CAT,0.6479589176492416,0.47980392243485176,0.4933149687635822,0.04183400881150659
7694,CAT,0.6485416887542986,0.47563379317717264,0.49139396902965693,0.04882919938335795
7695,CAT,0.6491496440375454,0.4680660880259273,0.48818574554746696,0.0
7696,CAT,0.6493707586336374,0.4651215532185474,0.4849688288918333,0.0
7697,CAT,0.6496801304173728,0.46298315580788846,0.48192300336907384,0.0
7698,CAT,0.6497496794420065,0.45755132577150426,0.47828665437304146,0.0
7699,CAT,0.6499919019071086,0.4565000083247825,0.4751453783799145,0.0
7700,CAT,0.6502421584836767,0.45514327544371047,0.47233270591559284,0.0
7701,CAT,0.6504819827065501,0.45351272601871645,0.46972244041664635,0.0
7702,CAT,0.6509040733388075,0.4512362991070991,0.46713145025275293,0.0
7703,CAT,0.6514220936602141,0.45152931473775393,0.46512337434119333,0.0
7704,CAT,0.6518201778877616,0.4512819804255872,0.4634622866911431,0.0
7705,CAT,0.6527003336639695,0.45936378264751404,0.46391838512662475,0.04623313724481312
7706,CAT,0.6533147632058692,0.4611405867129088,0.46467569359538224,0.0337443912271826
7707,CAT,0.6536049522720714,0.4592371913723894,0.4648611513608259,0.02346658210399839
7708,CAT,0.6529814078288297,0.4384345741608425,0.4604149956366718,0.027924671798872758
7709,CAT,0.6523134964898646,0.42478359750728556,0.45384307967180665,0.03640559783075556
7710,CAT,0.6515604522358466,0.41004240532998537,0.4453297675842567,0.03660964354494537
7711,CAT,0.6509992644325852,0.40373854797653413,0.43712683103990085,0.05591669634972375
7712,CAT,0.6504791585187023,0.3997117051399633,0.4296751024749138,0.0
7713,CAT,0.650061576289081,0.39602098054559604,0.42289857627158567,0.0
7714,CAT,0.6495387615324962,0.39104190177036735,0.4163776625912348,0.0
7715,CAT,0.6483660210826451,0.370256460956542,0.406570203335801,0.0
7716,CAT,0.6479990900216485,0.37486819960326745,0.39974279692127335,0.0
7717,CAT,0.6474259101289811,0.3753791507140498,0.39439372182496646,0.0
7718,CAT,0.6473635558310341,0.3836697152191888,0.39194553810228283,0.0
7719,CAT,0.6469054915653459,0.3859627893178888,0.3904934456313442,0.0
7720,CAT,0.6471740946949643,0.40317781321915697,0.3931339280922939,0.0
7721,CAT,0.6467184286715048,0.40159231273561896,0.3948961361638265,0.0
7722,CAT,0.6461656341305354,0.3979181845344257,0.39549442479370694,0.050283577168697885
7723,CAT,0.6453382385123431,0.3919995828019497,0.3946658574149728,0.034332016384605854
7724,CAT,0.6445000788851022,0.38733961826444724,0.3929737912223402,0.024338192963205302
7725,CAT,0.6429460152860945,0.37776962315036433,0.389506483431595,0.021744559940305587
7726,CAT,0.6417404169855324,0.3739104139064622,0.3858802818752253,0.020750830812757803
7727,CAT,0.6409969604308542,0.3782189388241701,0.3839309130209858,0.026709672318924335
7728,CAT,0.6408146916794367,0.37490467332011296,0.38163942035253295,0.05586237249075114
7729,CAT,0.6404873295659353,0.37265485671899895,0.37930932567771736,0.0
7730,CAT,0.6403434315191613,0.3712646367865715,0.3771382022278986,0.0
7731,CAT,0.6399477209659118,0.3706137252803737,0.3752575414037063,0.0
7732,CAT,0.6395091304271209,0.37049946952701773,0.3737277779116471,0.0
7733,CAT,0.6388475033610573,0.36555778210950934,0.3714125327560527,0.0
7734,CAT,0.6383462707352522,0.36328924760655357,0.3690593020054258,0.0
7735,CAT,0.6386892193739612,0.36254100843581716,0.36701145929106566,0.0
7736,CAT,0.6379937291276284,0.36129267290415135,0.36509747437962414,0.0
7737,CAT,0.6376435857622332,0.36456599450664307,0.36428924105541116,0.0
7738,CAT,0.6368042009821763,0.3649456089709712,0.3637264970667026,0.0
7739,CAT,0.6346289949879601,0.33340831346342487,0.35631089004538397,0.0508120202358583
7740,CAT,0.6314225474701761,0.3032203434135859,0.3437110082443684,0.046241528735223525
7741,CAT,0.6285446582594661,0.2724837870712554,0.32684254437691734,0.03391222103539067
7742,CAT,0.6256192828572628,0.24645196666959737,0.3075983154783736,0.026999620395473278
7743,CAT,0.6229932120081115,0.23098188490687327,0.2887861685314289,0.027775391601045578
7744,CAT,0.6202172437008101,0.21754885586416287,0.2707695960833145,0.0407674062146053
7745,CAT,0.6180492379956096,0.2157135311596211,0.2559509833788369,0.0951171021445337
7746,CAT,0.6155706567014924,0.2132869731880262,0.24356015710119153,0.0
7747,CAT,0.6127599165166616,0.2136244311793307,0.2337220279578254,0.0
7748,CAT,0.610287329364345,0.2161235830675997,0.22640349404470123,0.0
7749,CAT,0.6078171398687487,0.22028788941202454,0.22146840680343002,0.0
