,Ticker,MA20,MACD,Signal_Line,Volume
0,CVX,0.8897376548859999,0.6312515356011775,0.6247957389577037,0.0
1,CVX,0.8888885511367857,0.6236934756916862,0.6227891581696464,0.0
2,CVX,0.8878574965841697,0.6158645138889041,0.6194470944257846,0.0
3,CVX,0.8856589243763864,0.5976055758702469,0.6127228287819617,0.0
4,CVX,0.8752422436579241,0.49493990148571465,0.5845677715848775,0.24897565167920496
5,CVX,0.8631576685440896,0.38726549760464457,0.5381569303734641,0.22723254904435944
6,CVX,0.8502315774426652,0.3039498878480341,0.482545285995841,0.18265462781794858
7,CVX,0.8376869918511547,0.2501163590387027,0.42611338762472406,0.17135012235691907
8,CVX,0.8255569382909664,0.20994542254464638,0.3720562343272916,0.17277255216272447
9,CVX,0.8150341131257051,0.2036117385947087,0.32740542926002536,0.15980669595393582
10,CVX,0.8053604111440986,0.1953452053142971,0.2898509139938964,0.18862707495921194
11,CVX,0.7939733178117745,0.19132723362495163,0.2589159435340662,0.0
12,CVX,0.783571789480316,0.19532187586814515,0.2350541499425604,0.0
13,CVX,0.7726547477542942,0.20365907658649857,0.21781426334673554,0.0
14,CVX,0.7613434728094184,0.21513177337272926,0.20656748969709282,0.0
15,CVX,0.7491982566822797,0.21106493227411122,0.19666787120195423,0.0
16,CVX,0.7358855228999737,0.20758149042335944,0.18797539977588557,0.0
17,CVX,0.7221482372430605,0.20098739257018433,0.17955856924607894,0.0
18,CVX,0.7062730296461632,0.19632588001629958,0.17179098164285012,0.0
19,CVX,0.6936554995585258,0.21021232415205537,0.1686575197521364,0.0
20,CVX,0.6797817507990604,0.21138229264935587,0.16641029937264634,0.0
21,CVX,0.6671210157246614,0.22900470965333847,0.1685219300887551,0.20066289753750036
22,CVX,0.6539411108041584,0.23952004629670248,0.17254398679653898,0.17147361768095667
23,CVX,0.6425540313535789,0.26023385093752616,0.18035684139253544,0.10883093879214367
24,CVX,0.6398569009141397,0.2903988138467139,0.19329900608199624,0.06352011532762862
25,CVX,0.6387576286919927,0.30722769504352326,0.20738610461688678,0.08406601941859496
26,CVX,0.636369529024579,0.30776788835665597,0.21877562146303925,0.13784614355949548
27,CVX,0.632336280663119,0.3009513238506498,0.22637502891714373,0.17645060893137782
28,CVX,0.6284698168363114,0.298927290038198,0.2320055374730693,0.0
29,CVX,0.6220560528672614,0.29260740776919963,0.23510792369257305,0.0
30,CVX,0.615915208625168,0.28642950374227377,0.23621930889924908,0.0
31,CVX,0.6100018075145766,0.2855867147348391,0.2369214503584311,0.0
32,CVX,0.6069389689906286,0.3232899638493916,0.24584735935207264,0.0
33,CVX,0.6036335293954771,0.3538301959356715,0.2597632183393166,0.0
34,CVX,0.5992667101138096,0.36896230323681944,0.2742528551741351,0.0
35,CVX,0.5954154181084501,0.371850072232778,0.28648519551467455,0.0
36,CVX,0.5927013186243579,0.38486677728824253,0.29915873059214065,0.0
37,CVX,0.5909121357242304,0.3996585323924803,0.31257900360148544,0.0
38,CVX,0.5872731261343214,0.3885308673955308,0.32084662921365287,0.2116637803057093
39,CVX,0.5848342170604299,0.4087572637089072,0.33194781088600167,0.2122609385586986
40,CVX,0.5830359342139628,0.4198897095658758,0.3432984096187491,0.08809784633953807
41,CVX,0.5814151942542489,0.4449527844732569,0.35793895229859685,0.07044147344764072
42,CVX,0.5787729661148786,0.4472639206702017,0.37016409545791706,0.07217718077323347
43,CVX,0.5760891852865395,0.45871171512437037,0.3824838212083459,0.09221526978612685
44,CVX,0.57179637143647,0.4611257789322256,0.39287514457755557,0.17336351403422764
45,CVX,0.5682104197254914,0.4622752069217809,0.4014431956414498,0.0
46,CVX,0.5663605847066631,0.4684331329949235,0.40966372829550585,0.0
47,CVX,0.5658602172209566,0.47947561524051285,0.4186898500306563,0.0
48,CVX,0.5651172514403955,0.48666075864755587,0.4275047200314269,0.0
49,CVX,0.567391636482931,0.5196013487357475,0.4418642500583384,0.0
50,CVX,0.5698631348958196,0.5438294210279045,0.45872669842271274,0.0
51,CVX,0.573289875026572,0.5746979433334389,0.4790646177408262,0.0
52,CVX,0.5733050375935225,0.5953004592654824,0.4999054738219724,0.0
53,CVX,0.5737144269011791,0.613809191352974,0.5206841883610396,0.0
54,CVX,0.5764436889522209,0.6428349088774693,0.5437463075744023,0.0
55,CVX,0.5821144926934076,0.6868127768935746,0.5719521780426844,0.19987134582812044
56,CVX,0.5866329450481746,0.7153778327371785,0.6008538275042726,0.08487054029852724
57,CVX,0.5908724067263282,0.7354240446686153,0.6284222556413099,0.06998106789303143
58,CVX,0.5981049345034961,0.7584963186173931,0.65559541690788,0.08297358295239997
59,CVX,0.6034270103102228,0.7796571697056063,0.6820283292039974,0.058982923060828
60,CVX,0.609630021632082,0.7972754129804254,0.7070831401486647,0.0870809192663369
61,CVX,0.6138587249581358,0.8007515733822383,0.7278981501970511,0.11606989748879391
62,CVX,0.6198706772012059,0.8022983045728871,0.7448932894743948,0.0
63,CVX,0.6251472486489886,0.8007698209547706,0.7581503177509321,0.0
64,CVX,0.6311364607434315,0.797192964624419,0.7679624404088382,0.0
65,CVX,0.6374137634608301,0.7930827147820801,0.7749003090407904,0.0
66,CVX,0.6440549677850331,0.7954727045478684,0.7809808060613785,0.0
67,CVX,0.6508326352117875,0.8013821957707175,0.7871561819882729,0.0
68,CVX,0.6585200566555569,0.8111842640351675,0.7942710013824774,0.0
69,CVX,0.6647821968060033,0.8263293226842127,0.8033226797066519,0.0
70,CVX,0.6717116415279314,0.8406796994373171,0.8137475506868376,0.0
71,CVX,0.6777766683080255,0.8506330569341105,0.8242955285565012,0.0
72,CVX,0.6815066616286831,0.8252500037943532,0.8271028622790667,0.1980784300502022
73,CVX,0.6857521775983999,0.8109502011166456,0.8261764204327431,0.08142174964486087
74,CVX,0.6878825117767606,0.7880609040906745,0.8203574403187863,0.058894300395386776
75,CVX,0.6887467660620787,0.7753657165403041,0.812885919778732,0.055966870397925854
76,CVX,0.689012092474715,0.7517341732661008,0.8016662146947826,0.0757464406111419
77,CVX,0.6888665192458774,0.7258160578540378,0.7869407023208822,0.0813792395858281
78,CVX,0.6877899899487057,0.7024387309497814,0.7699741998511067,0.09720854455068596
79,CVX,0.686440516862886,0.6847539932905434,0.7524777654644902,0.0
80,CVX,0.6851896023131427,0.6741357833950985,0.7361250441259926,0.0
81,CVX,0.684476951486535,0.6629908620684015,0.7205704460667026,0.0
82,CVX,0.6837188231390243,0.6541370202610467,0.7061626062159189,0.0
83,CVX,0.681899315104995,0.6341236121550402,0.6901965030612915,0.0
84,CVX,0.6810350487888321,0.628785664808367,0.6762394351433182,0.0
85,CVX,0.6792155407548037,0.6143925167253758,0.66188076397484,0.0
86,CVX,0.6759859139944036,0.594786687643992,0.6460444142540308,0.0
87,CVX,0.6724075481941485,0.5817990100670665,0.6304941112105996,0.0
88,CVX,0.6687078818582908,0.5779237166765349,0.6171941626878124,0.0
89,CVX,0.6638103681061169,0.5714402635128825,0.6051158962126841,0.11146771526733638
90,CVX,0.6587155884324707,0.569515042823887,0.59502618660907,0.09727454321860804
91,CVX,0.6536967741446942,0.5706677001966621,0.5872101277102472,0.07479291837175234
92,CVX,0.652013728287768,0.5793721922629811,0.5828883098239727,0.05277616623825173
93,CVX,0.6507099085582864,0.5988775794833048,0.5837579859933593,0.06998121199492646
94,CVX,0.6504142505336015,0.6163124604023352,0.5883215304110525,0.05892657921987269
95,CVX,0.6479427678533574,0.6125167899780388,0.5911303236420509,0.10181000626266835
96,CVX,0.646570566649757,0.6101678100033241,0.5928562538403053,0.0
97,CVX,0.6457487601483018,0.6087729908411699,0.5939275673559666,0.0
98,CVX,0.6448996536227405,0.6056336044246287,0.5940881677728658,0.0
99,CVX,0.6439444119048758,0.6037055493149026,0.5937889228869313,0.0
100,CVX,0.6425949434463041,0.6018896025811236,0.5931466721991354,0.0
101,CVX,0.6399718193639146,0.5840346294682552,0.5886718737217562,0.0
102,CVX,0.6378793851247817,0.5768357982541481,0.5834950257852226,0.0
103,CVX,0.6371364193442197,0.574288619095975,0.5787884739798889,0.0
104,CVX,0.6356050000822462,0.5743842293514123,0.5750444429861337,0.0
105,CVX,0.6378642225578322,0.6078137267824788,0.5794653128104172,0.0
106,CVX,0.6354382025912981,0.5726698565649307,0.5752055927243535,0.1872300070869312
107,CVX,0.6332547901741137,0.5505091371091222,0.566881619735263,0.12293764970385619
108,CVX,0.6306316762716699,0.5348220215422758,0.556742367089589,0.09378799786844476
109,CVX,0.626962337846062,0.5077224026827167,0.5426191085871279,0.08654442791115369
110,CVX,0.6239904876801106,0.4982731552853679,0.5292242539153158,0.08621068792227259
111,CVX,0.62126122100182,0.49709111411103724,0.5182461428078375,0.07627990582652956
112,CVX,0.617789003350163,0.496387731207934,0.5093076134616668,0.09280378192541458
113,CVX,0.6134371883835561,0.4995026747731423,0.5028478179088249,0.0
114,CVX,0.6087671122101854,0.501622815013625,0.49815031939675836,0.0
115,CVX,0.6056436160148397,0.5046572148109811,0.495065480453069,0.0
116,CVX,0.602656590325644,0.5104347247924182,0.49387930851524064,0.0
117,CVX,0.6014617800499655,0.5368480647501765,0.49878998129092045,0.0
118,CVX,0.5993086955430318,0.5454587007795022,0.5046287274545364,0.0
119,CVX,0.595927443113129,0.5395078749901645,0.507979576297423,0.0
120,CVX,0.5918638751704668,0.5275415697141019,0.5080056162359344,0.0
121,CVX,0.5875273810226993,0.499489222495368,0.5018032358367456,0.0
122,CVX,0.5821370921736886,0.47332563413122697,0.4910371267940459,0.22872313904651234
123,CVX,0.5776034911337167,0.46680537279675693,0.4809777662738721,0.11429701187428434
124,CVX,0.5727666230220949,0.46157722141299806,0.47177044991159456,0.07140681204242244
125,CVX,0.5652459879638778,0.4617158116108716,0.4644353420647382,0.05602134091424583
126,CVX,0.562653201971683,0.45798373596590025,0.4577393215304932,0.07523415837432311
127,CVX,0.5603788169291475,0.4653476469519754,0.45401613602301627,0.07442646725270025
128,CVX,0.5589232003219786,0.48303900540489486,0.4549622888034982,0.10834344208126943
129,CVX,0.5584986502982714,0.49436207886470945,0.45823115379137547,0.0
130,CVX,0.557482750909009,0.5084687124378381,0.4639757014234698,0.0
131,CVX,0.5559665034684818,0.5199573110583278,0.47112000286422107,0.0
132,CVX,0.5544199105341621,0.5285766884869483,0.4787475911767312,0.0
133,CVX,0.5530704420755921,0.5408622616179756,0.487575128249911,0.0
134,CVX,0.5518877618534725,0.5515856412342899,0.49701606288712274,0.0
135,CVX,0.5512964217424141,0.5674906113575161,0.5080972143245884,0.0
136,CVX,0.550583781095753,0.5812615913949492,0.520017128783046,0.0
137,CVX,0.5482487457854166,0.5947497501446486,0.5325453117808726,0.0
138,CVX,0.5472783516805482,0.6080345118873627,0.5455149874407035,0.13703528219618205
139,CVX,0.5477029063315033,0.6208365419924604,0.5587307666731328,0.11189065432923882
140,CVX,0.5474299875299966,0.614733880126706,0.5679495582248024,0.0800720912960438
141,CVX,0.548946234970523,0.6105520573926094,0.5743968840382566,0.057683556273375125
142,CVX,0.550758149690231,0.605174500890793,0.5783617722873178,0.05633317741508291
143,CVX,0.5517285530495961,0.6039032379594791,0.5812516623086607,0.06725552465050247
144,CVX,0.5535935654425694,0.6113605476683465,0.5852179250834851,0.09075940834067532
145,CVX,0.5549281764364276,0.6137218372881841,0.5889147704965111,0.0
146,CVX,0.556778005902558,0.6158360369004573,0.5923412668713107,0.0
147,CVX,0.5581578022713787,0.6206562922054811,0.5961518030931306,0.0
148,CVX,0.5582487776730796,0.6199833148709499,0.5990509368680546,0.0
149,CVX,0.5594314578951973,0.6277260971472249,0.6030879246905783,0.0
150,CVX,0.5609022268893709,0.6407717089336554,0.6092115905048979,0.0
151,CVX,0.5627520600573002,0.6542158587563616,0.6170930115221049,0.0
152,CVX,0.5646625434930286,0.6635244812610612,0.6254631995802823,0.0
153,CVX,0.5666336771965597,0.6754993246391416,0.6348158832794141,0.0
154,CVX,0.5676950568830756,0.6741379794335921,0.6419960255533458,0.0
155,CVX,0.5687412665990452,0.67900638608668,0.6488201605262318,0.1503178743702387
156,CVX,0.5698784693002592,0.6838905450915511,0.655362984204723,0.10624820052758585
157,CVX,0.5707178780390114,0.6858727127167354,0.661036972841029,0.07665399434601804
158,CVX,0.571445674774476,0.6878398757939309,0.6660125647920618,0.060054320650349144
159,CVX,0.5714305205365733,0.6824482037713812,0.6687969345239911,0.05675871031109581
160,CVX,0.5728102965455006,0.6771927862272141,0.6698585535609602,0.06444726692022835
161,CVX,0.5745085197765709,0.676570786476103,0.670569862599839,0.1127863917087228
162,CVX,0.5760096222336912,0.6709966584902751,0.6699023294531437,0.0
163,CVX,0.5772074594700616,0.6653854692049191,0.6681235007740813,0.0
164,CVX,0.5776168413741205,0.659809188465914,0.6654633798801565,0.0
165,CVX,0.5782078782338411,0.6534648925797428,0.661927846553634,0.0
166,CVX,0.5794057210229102,0.6551803001599009,0.6594799707801859,0.0
167,CVX,0.579815110330566,0.6503070538226962,0.6564405753584222,0.0
168,CVX,0.5803912878746749,0.643591159791901,0.6525191860222265,0.0
169,CVX,0.5803458001738253,0.6392873453501924,0.6484273041386268,0.0
170,CVX,0.5800577114017704,0.6400144681969848,0.6453151056284431,0.0
171,CVX,0.579041819416104,0.6355704497059707,0.6418394731413039,0.0
172,CVX,0.57475080649104,0.5939715151362177,0.6298305414037334,0.2205042874636827
173,CVX,0.5688525781273448,0.5486453903284405,0.6101681198016051,0.16537695470618055
174,CVX,0.5637958518694957,0.5133694512202658,0.5866124680367606,0.09983537799512186
175,CVX,0.5587770459107668,0.49392832834880507,0.5634550727320826,0.0705986886151145
176,CVX,0.5535762734159899,0.4798141430613745,0.5417980255528069,0.06755439198078718
177,CVX,0.5482714803813451,0.4680587366590816,0.5218645350785054,0.07902850537226275
178,CVX,0.5423277569132026,0.4545063672573626,0.5029112465946601,0.14661589668701097
179,CVX,0.537172473044726,0.44854712148744863,0.4864265998071818,0.0
180,CVX,0.5318049345242892,0.44310784918705326,0.47203221876752377,0.0
181,CVX,0.5261644531406544,0.441917164546786,0.4602525690747457,0.0
182,CVX,0.5212972691496285,0.44733258203350124,0.45203022091060596,0.0
183,CVX,0.5168091493323583,0.45717487639509846,0.44763578490357975,0.0
184,CVX,0.5127000936888448,0.4703733586858806,0.4470482248809571,0.0
185,CVX,0.5086971760139836,0.4820999253584478,0.4491796317062191,0.0
186,CVX,0.5042242187636639,0.4946010357175228,0.4536580389801991,0.0
187,CVX,0.5002213010888008,0.5053333469846226,0.45962165120081877,0.0
188,CVX,0.49743138876995907,0.5262387515472802,0.469030255277712,0.0
189,CVX,0.49453533292976637,0.5437103646253644,0.48043309078786095,0.1456318248458758
190,CVX,0.49131329578188776,0.5588940374629404,0.49292374828600355,0.1380483185182175
191,CVX,0.4896302452977137,0.5841365917703542,0.5085161541978279,0.09523161065281904
192,CVX,0.49201077941429716,0.6124204080001089,0.5272646410198506,0.07360234851504438
193,CVX,0.4950281154301992,0.6288500538159811,0.5459082297504204,0.08694286965090163
194,CVX,0.49814403496931803,0.6421611425393334,0.5637760704485751,0.08738324504210225
195,CVX,0.5006913582478028,0.6528772239825146,0.5804476289383188,0.10491698722133215
196,CVX,0.5032083462124417,0.6602354142117373,0.5954172375410909,0.0
197,CVX,0.5058542224743032,0.6647072358331545,0.6083849660276849,0.0
198,CVX,0.5090838427565565,0.668240956628799,0.619543079470799,0.0
199,CVX,0.5121618438474531,0.671514775326547,0.6291958434598478,0.0
200,CVX,0.5151488695366506,0.6697377485116726,0.6365238339773451,0.0
201,CVX,0.5164680128613206,0.6499375924591207,0.6379937035583217,0.0
202,CVX,0.5170896781062799,0.6305003415220548,0.6348575842912195,0.0
203,CVX,0.5181965454936481,0.6242808301874009,0.6309689348253378,0.0
204,CVX,0.5190001615420101,0.6195552852956195,0.6268096869576165,0.0
205,CVX,0.5189698364081092,0.6060906942185816,0.6204952655517929,0.0
206,CVX,0.5162557471039628,0.5670367549026032,0.6067798916518297,0.22267273278003968
207,CVX,0.5143907448909362,0.5461710863015293,0.5911786933699932,0.158283683025402
208,CVX,0.5108426958955352,0.5227869728692248,0.5735101366312192,0.1041290380593279
209,CVX,0.5066426815084126,0.4982117931765927,0.553923463606166,0.09957714739923458
210,CVX,0.5033903044194403,0.49170746855898906,0.5368111873466247,0.10237200365327123
211,CVX,0.49996357261773383,0.4987483299639533,0.524683331022672,0.09497568568725219
212,CVX,0.4968552417656875,0.5173519319324548,0.5191081218414068,0.130376477728908
213,CVX,0.49427761001139636,0.5332932581272384,0.5181844235582231,0.0
214,CVX,0.49160899637725475,0.5462799581840304,0.5203264713426184,0.0
215,CVX,0.4886826126268131,0.5549141761158338,0.5239555489894033,0.0
216,CVX,0.4865750158207298,0.5710340141448452,0.5304348817407752,0.0
217,CVX,0.4844067687468465,0.5826997848070689,0.5382063156256931,0.0
218,CVX,0.48266307354756943,0.5976142583478484,0.54773213188737,0.0
219,CVX,0.480843565513541,0.6097505713708832,0.5580451390337641,0.0
220,CVX,0.4794182842202188,0.6200873048481921,0.568588675052349,0.0
221,CVX,0.48128327995509856,0.6476206064450845,0.5831315696628512,0.0
222,CVX,0.4829511623196243,0.6630612052060655,0.598191271617559,0.0
223,CVX,0.4846966778783486,0.6846761165688001,0.6150341464846018,0.23556322369772956
224,CVX,0.4846784715075225,0.6810880243189188,0.627712453806624,0.11373054732493565
225,CVX,0.4859066348032437,0.6819339691474476,0.6380427664667118,0.09294802792233599
226,CVX,0.48943949254275676,0.679338439299974,0.645731216884489,0.11064330832589046
227,CVX,0.4923203941450458,0.6783710007250459,0.6516673578986084,0.09086863757710532
228,CVX,0.495955629751311,0.6776162544237817,0.6562488356476428,0.08714720613804904
229,CVX,0.5007469833240421,0.6821043008010719,0.6609096587971528,0.1399585332386872
230,CVX,0.503900795398792,0.6777223369822617,0.6636662100224289,0.0
231,CVX,0.5062055027988785,0.6746863585563985,0.6651979409292559,0.0
232,CVX,0.5077975723286539,0.6753162626557462,0.666563065368468,0.0
233,CVX,0.5093896418584283,0.6753754685174594,0.6676682993162906,0.0
234,CVX,0.5105874846474965,0.6698333963792955,0.6673230174570053,0.0
235,CVX,0.5120127659408187,0.6651194911292989,0.6660010458457408,0.0
236,CVX,0.5122402044450718,0.6559546792584562,0.6629103206716228,0.0
237,CVX,0.513635160604494,0.6600700347666659,0.6613507026821133,0.0
238,CVX,0.5135896729036427,0.6518678910010458,0.6582834214309583,0.0
239,CVX,0.5130438204934356,0.6396057966082657,0.6531093385968134,0.0
240,CVX,0.5115578935595604,0.6198362755733234,0.6445843456557582,0.4338508896995101
241,CVX,0.5089802525507716,0.6114164716166322,0.6358964780886237,0.2034714434715645
242,CVX,0.5074640004829973,0.6111261455105929,0.628881777267292,0.15823829092846867
243,CVX,0.504748083415806,0.6074166485985291,0.6224470912836778,0.1073354493255599
244,CVX,0.5038868599780679,0.605880476697576,0.6169585537609567,0.11910670082457986
245,CVX,0.5010287244369955,0.5865673390052262,0.608283242445472,0.15581464115601998
246,CVX,0.49745035771129054,0.5611046817278402,0.5956942852120245,0.2999867138052785
247,CVX,0.49393263477523863,0.5442558524345906,0.5818853272995959,0.0
248,CVX,0.4910403732785822,0.5396728899450041,0.5698214635595437,0.0
249,CVX,0.4879623786658316,0.5406293845199056,0.5603825640395673,0.0
250,CVX,0.48594575726145095,0.5471174868447761,0.5542707834636085,0.0
251,CVX,0.48386848558926854,0.55339918636244,0.5507749090581181,0.0
252,CVX,0.48115438610517547,0.5554965904287783,0.5484435036065103,0.0
253,CVX,0.47865256255838773,0.5604759683458767,0.5476830185792296,0.0
254,CVX,0.4777428085413735,0.5781352905182234,0.5509922247244327,0.0
255,CVX,0.47713630586336375,0.5960797585396673,0.5576204413723396,0.0
256,CVX,0.47722728126506464,0.6133560060612046,0.5667556264895757,0.0
257,CVX,0.4800626896138054,0.6697654733644012,0.5865778109611699,0.39472246983731185
258,CVX,0.484164168601092,0.7167678074030078,0.6128626897651847,0.16767336250532094
259,CVX,0.4886219660608102,0.7510543521344157,0.6414968172340219,0.18029841773237223
260,CVX,0.4940198361932948,0.7771349352881777,0.6701899098209109,0.13529928666679925
261,CVX,0.49740108214504986,0.779997896181276,0.693779511263136,0.13729898866408033
262,CVX,0.5012978498204159,0.7924667294073025,0.7154173137798532,0.12453285768179823
263,CVX,0.505482709969634,0.7999510749534159,0.7343879042578689,0.19835496158675783
264,CVX,0.5103498948861089,0.8127212004338749,0.7523973375323364,0.0
265,CVX,0.5167409131538347,0.81952363000752,0.7683139544412027,0.0
266,CVX,0.5245041585377512,0.8274135988358227,0.7827975810534573,0.0
267,CVX,0.5317367029730127,0.8276483715931444,0.7944365649982851,0.0
268,CVX,0.5395909126532343,0.8402635357819884,0.806546335993322,0.0
269,CVX,0.546641506285094,0.842164339133809,0.8166558324014614,0.0
270,CVX,0.5522364934897315,0.8294648686093146,0.8219261429319448,0.0
271,CVX,0.5582408700020238,0.8221340630119169,0.8245161046298255,0.0
272,CVX,0.5647001235228251,0.8156573682917124,0.825151265643514,0.0
273,CVX,0.5711267775246824,0.8105850198772098,0.824534130281364,0.0
274,CVX,0.5751145307816943,0.7898875759742285,0.8194488422744072,0.2132916994138223
275,CVX,0.5802849577826779,0.7887662768965408,0.8151318596979842,0.13656075465586018
276,CVX,0.58537957287436,0.7880501978214988,0.8115194166218292,0.13276655175981555
277,CVX,0.5854250587243115,0.7711687859084977,0.8048844418143642,0.08668060420195361
278,CVX,0.5852430921882652,0.7570170028344664,0.7964369902331361,0.08868290003334517
279,CVX,0.5855160072879739,0.7480856249226763,0.7876976667352622,0.1166723875118992
280,CVX,0.5857889223876818,0.7403398439224992,0.7789878618889544,0.12612705694647508
281,CVX,0.5881694565042643,0.7409980042599587,0.7721660261697432,0.0
282,CVX,0.5888214542867214,0.7326006257636066,0.7648456593078733,0.0
283,CVX,0.5894886127852299,0.7245907960635163,0.7572124424571232,0.0
284,CVX,0.5893976373835281,0.7174912290747918,0.7495308808794714,0.0
285,CVX,0.5893521496826777,0.7103268251166169,0.7417962599029175,0.0
286,CVX,0.5883665828309121,0.6978680110504446,0.7328446644376045,0.0
287,CVX,0.5876084544834006,0.6862130457016157,0.7230978174629343,0.0
288,CVX,0.5844243154238518,0.66363948638287,0.7102925573956771,0.0
289,CVX,0.5812160678828509,0.6397104525176934,0.694739864532663,0.0
290,CVX,0.5794875352505242,0.6258453511478705,0.6792218367901708,0.0
291,CVX,0.5756589769156433,0.5961297605833368,0.6602152236202578,0.2333675431232126
292,CVX,0.5707917892228194,0.5629236485803655,0.6376433949226185,0.10083832718450547
293,CVX,0.5656842850237798,0.5370669680545526,0.6138498125473506,0.10348331746771469
294,CVX,0.5630005041954407,0.5306618041554333,0.5933940069029519,0.07093905729116681
295,CVX,0.5586033690343699,0.5242810557903401,0.5756138390546346,0.0821729528236334
296,CVX,0.5539788046235401,0.5198817694855459,0.560413754612178,0.09714643663392959
297,CVX,0.5502488029738366,0.5133055469193055,0.5467947991736641,0.1280855458017786
298,CVX,0.5463747782234467,0.5085345499396983,0.5348412233076317,0.0
299,CVX,0.5425386571140844,0.5102139244268018,0.5256509198189114,0.0
300,CVX,0.537565345334353,0.5006085329539256,0.516167789713071,0.0
301,CVX,0.5319551955627659,0.49532673388211357,0.5074095563268319,0.0
302,CVX,0.5281948789591082,0.5060326787947735,0.5027780068323514,0.0
303,CVX,0.5246165131588523,0.5176332012913196,0.5016462600822684,0.0
304,CVX,0.5214626992332025,0.533066271500267,0.5041645787931509,0.0
305,CVX,0.518354373008405,0.5461726995465667,0.5090868009699093,0.0
306,CVX,0.5157464114929642,0.5571351162969049,0.5154565123664425,0.0
307,CVX,0.5127290551171697,0.5607957213394658,0.521364360499079,0.1490911349378791
308,CVX,0.5093478119417636,0.5475281855142521,0.5231473311900628,0.14306147934429025
309,CVX,0.5069913863066322,0.5438239500055482,0.5237519496209601,0.07364096782291145
310,CVX,0.5036404553088314,0.5356300816640085,0.5224178933497032,0.07558677571145267
311,CVX,0.502237936374927,0.5334601621360776,0.5208692672240358,0.08245769816820553
312,CVX,0.5013812476404409,0.5287335182018601,0.5185817942137919,0.08899070168112153
313,CVX,0.5010324919424916,0.5313340093578718,0.5173287161466615,0.10959900189263429
314,CVX,0.4996223815451666,0.5352651911949933,0.517198358232663,0.0
315,CVX,0.49824258702724666,0.5372737193076786,0.5175396494803641,0.0
316,CVX,0.4969992454319314,0.540845090602219,0.518604965625932,0.0
317,CVX,0.4959985197150143,0.5430234747749696,0.5199404774718867,0.0
318,CVX,0.4950584405640992,0.5454599223909908,0.5215493954050702,0.0
319,CVX,0.49235950364695746,0.5324385830582337,0.5199478388653509,0.0
320,CVX,0.49031255710867594,0.5184489134024853,0.5155630855992849,0.0
321,CVX,0.4881897977356431,0.5086699168607565,0.5098858826302141,0.0
322,CVX,0.484929845841342,0.5028166697960514,0.5040456193082581,0.0
323,CVX,0.48079046506392764,0.491516730981591,0.49686659814260825,0.0
324,CVX,0.47551388528709815,0.4764217069219281,0.48777465821663857,0.2145180065404968
325,CVX,0.4706770181009263,0.47123730606603587,0.4793509840710377,0.13125924593783964
326,CVX,0.4665679643083118,0.4769689413069301,0.4738835669889958,0.12919008682715583
327,CVX,0.46248923009690035,0.4777884324460062,0.46969143156425985,0.09509413744496388
328,CVX,0.4602603309043163,0.4841983908231312,0.46775972658926823,0.08995704898916844
329,CVX,0.45848631334748813,0.501786230027665,0.4701160987917766,0.09506344374132326
330,CVX,0.45744009252612283,0.5189987356109967,0.4758196676601536,0.13996934088081417
331,CVX,0.45624224140800784,0.5352057483709773,0.48397793247861376,0.0
332,CVX,0.4552642632433148,0.5473481176489177,0.49319824200721685,0.0
333,CVX,0.45399061779944017,0.5596032126384411,0.5032931946958299,0.0
334,CVX,0.45265631190782063,0.5700891412775537,0.5136953850264622,0.0
335,CVX,0.45233789800186486,0.5883457282345436,0.5260672303735062,0.0
336,CVX,0.4517313953238551,0.6008011754407896,0.5387278584214465,0.0
337,CVX,0.448835345036362,0.583317600019726,0.544977754851036,0.0
338,CVX,0.44437755035299187,0.5521965884893035,0.543073698441606,0.0
339,CVX,0.4406930465840846,0.5215679290052935,0.5347557045367659,0.0
340,CVX,0.4388432134161562,0.5146929151593567,0.5265761368225635,0.0
341,CVX,0.43756955409053777,0.5170585756631813,0.520557287493681,0.2164184223321047
342,CVX,0.43631864416804245,0.5208825127016304,0.5165905210796663,0.11247758134768127
343,CVX,0.43558326244730594,0.5227991502631031,0.5138423002665883,0.0790452211920858
344,CVX,0.4347341623998906,0.5164141406524988,0.5102272549565253,0.0759807502924548
345,CVX,0.43338469486676967,0.5119292169619077,0.5063402705038753,0.11682960267937299
346,CVX,0.4310344923622349,0.5064074421452154,0.502005716739633,0.14205435119995088
347,CVX,0.4286843129939415,0.4980749396509103,0.4966895677182209,0.23997000374953129
348,CVX,0.425985368673202,0.49313205627391987,0.49134010521947435,0.0
349,CVX,0.4223615235011424,0.49124485639626314,0.48664187344169707,0.0
350,CVX,0.41846475119852933,0.4902271745814938,0.4826575225964018,0.0
351,CVX,0.4145982966262194,0.49282263914872837,0.48004582714850513,0.0
352,CVX,0.4129152516947423,0.519520368631416,0.4838791708957466,0.0
353,CVX,0.410716679486959,0.5376557561603307,0.49096905175085837,0.0
354,CVX,0.4092004227919359,0.5607290776284817,0.5017596075765599,0.0
355,CVX,0.40656213614259507,0.5762423443365979,0.5138335593671302,0.0
356,CVX,0.404270314148067,0.5906116270180906,0.5266804432652616,0.0
357,CVX,0.4038305997065095,0.5957268480946859,0.5380927255499454,0.0
358,CVX,0.403845757646212,0.5873234530398839,0.5453583183607834,0.3243948368867419
359,CVX,0.40639306426660227,0.6027808674987237,0.5545999093179143,0.2187043106929082
360,CVX,0.4092739464344488,0.6348668775147241,0.5691112336404736,0.1392714554032014
361,CVX,0.4116089947010808,0.660204092516311,0.5863411728089764,0.13434662903877984
362,CVX,0.41383030520659236,0.679105819815676,0.6043183369914775,0.11223664297919715
363,CVX,0.4150053948907395,0.6791793917720222,0.6187163897491513,0.13298068717582476
364,CVX,0.41656713743571405,0.6739488115405775,0.6290744651866855,0.1769007832514402
365,CVX,0.41856860367674287,0.6735548857943161,0.6372735359307736,0.0
366,CVX,0.4205094150227211,0.6687092384040986,0.6427578203517942,0.0
367,CVX,0.4230112293150139,0.6654126885029563,0.6464139318993563,0.0
368,CVX,0.4255130528618025,0.6625084739842649,0.648694541943268,0.0
369,CVX,0.4286213790866009,0.6671596062549628,0.6515508503662882,0.0
370,CVX,0.4334734005106764,0.6890148105033301,0.6586843176639416,0.0
371,CVX,0.43847704760425366,0.7089830662483265,0.6688209060481067,0.0
372,CVX,0.4412517973561467,0.7215765625218552,0.6797239537227631,0.0
373,CVX,0.44446626154959734,0.7313406827376915,0.690612492012335,0.0
374,CVX,0.4474987749396435,0.7435866933423869,0.7020400124040015,0.0
375,CVX,0.4516988124630066,0.7617605027132754,0.7152137581851596,0.23407176908420652
376,CVX,0.4567957047160798,0.7862608982322278,0.7311879921107123,0.16395409259469007
377,CVX,0.4631336651048752,0.8111445135893802,0.7494876311286807,0.15303909455591685
378,CVX,0.47124564767774757,0.8358728481876447,0.7696131462961746,0.11396312778350823
379,CVX,0.47759876693169456,0.8545288656900851,0.7898522623189279,0.13023453736230703
380,CVX,0.48240529787857067,0.8687300921447927,0.8091939955323298,0.15515955394123004
381,CVX,0.4868024330396423,0.8727517035446446,0.8255595477936906,0.15291920177925492
382,CVX,0.4912435526011647,0.8730292926551241,0.838713570759147,0.0
383,CVX,0.49659594521274464,0.8666255090310859,0.8478161555914704,0.0
384,CVX,0.5026913017539885,0.8626012610693906,0.8542054728643251,0.0
385,CVX,0.5083924269272764,0.8565361845197539,0.8579714328815706,0.0
386,CVX,0.5171867157584131,0.8802057011195215,0.8662351136576255,0.0
387,CVX,0.5260416548573508,0.8975270055724223,0.8766886656349542,0.0
388,CVX,0.534623667751184,0.9050391182206395,0.8867180156142227,0.0
389,CVX,0.5433118186136676,0.9162897861031933,0.8972373757023042,0.0
390,CVX,0.5501804614421246,0.9198625761555873,0.9064454616614466,0.0
391,CVX,0.5565699671549531,0.9174479323039471,0.9132762589813338,0.0
392,CVX,0.5606032034855692,0.8834342266878669,0.9111951998155758,0.22295819863408695
393,CVX,0.5634082802222613,0.8409239128562622,0.9000997437721782,0.10967854613868884
394,CVX,0.5670914263565425,0.8209133414988719,0.8867841769758265,0.0
395,CVX,0.5692905954793464,0.7961211433873967,0.870631751922541,0.06283303749214283
396,CVX,0.5702306903629051,0.7723026062302408,0.8524258399741212,0.07500460405554608
397,CVX,0.5696393511772948,0.7421383764147961,0.831169392034319,0.09737296481291106
398,CVX,0.5684263411940282,0.7174813066496629,0.8086942393222669,0.1521669898872172
399,CVX,0.5670920362278578,0.6974200500306419,0.7862636710286516,0.0
400,CVX,0.5658638766339354,0.684280205050247,0.7654042358781736,0.0
401,CVX,0.5648631472152204,0.6715593852589691,0.7458946649798074,0.0
402,CVX,0.5636668206828457,0.6587964806593067,0.7274556492697561,0.0
403,CVX,0.5600278046147897,0.6169430246090257,0.7034195471860076,0.0
404,CVX,0.5566768773187869,0.591254068732628,0.678491754614263,0.0
405,CVX,0.5533411125897363,0.5714792763732308,0.6541626244775453,0.0
406,CVX,0.5473367360774422,0.557422354174735,0.6315808928388618,0.0
407,CVX,0.5412868718642985,0.5483490026286109,0.6115026494609078,0.0
408,CVX,0.5356615595257619,0.5439706880268689,0.5944687570168876,0.0
409,CVX,0.5310218084862921,0.5611860337279254,0.584660744227821,0.16095475575161097
410,CVX,0.5273221365977365,0.5841292858995795,0.5819041301961673,0.11946969349815131
411,CVX,0.5226687466516093,0.5899119149784534,0.5809816738230763,0.12267668117196341
412,CVX,0.521122181480778,0.6012515806619793,0.58275933235411,0.08286276859512469
413,CVX,0.5205763281451201,0.6088277374705752,0.585862175314708,0.07719149441446645
414,CVX,0.5194253232879316,0.6238476813122572,0.5916765166679202,0.070934590132421
415,CVX,0.5187727193359581,0.6343933799098085,0.5986674774675039,0.10977091545340076
416,CVX,0.5179539296152491,0.6382214985704313,0.6051094868191972,0.0
417,CVX,0.5181358720896059,0.6425834204562707,0.6112307554355728,0.0
418,CVX,0.5185755865311625,0.649031680744151,0.6175582706980948,0.0
419,CVX,0.5190607886735688,0.6546360971795965,0.6238635825615654,0.0
420,CVX,0.519136601508321,0.6574541243819237,0.6295329912075245,0.0
421,CVX,0.5199705426905838,0.6661307463898787,0.6359933645842026,0.0
422,CVX,0.5211077352118512,0.673629734125562,0.6428252600150918,0.0
423,CVX,0.5251106528867133,0.6799488328760931,0.6496926231670783,0.0
424,CVX,0.5287345063878206,0.6869893296716434,0.6567483974863603,0.0
425,CVX,0.5325251481253792,0.6936558782772704,0.6638719430113554,0.0
426,CVX,0.5400609355705992,0.7413529639291552,0.6801520363284391,0.22061438131148287
427,CVX,0.547369290064263,0.7759896321300039,0.7008600077922226,0.142573982633416
428,CVX,0.5546397335133042,0.8028333556100467,0.7233814727916708,0.12883746949002628
429,CVX,0.5608033206803729,0.8290204133682282,0.7472080560315835,0.13879044327760337
430,CVX,0.5669062677595873,0.855253526357439,0.7720889508870739,0.16316974598006148
431,CVX,0.5744041450856336,0.8763276433340186,0.796668808712757,0.1213345161216877
432,CVX,0.5810756652892408,0.8870217077053829,0.8187050965748033,0.16930733389302507
433,CVX,0.5878078440896957,0.8915226362640201,0.8373326256344064,0.0
434,CVX,0.5937060900369335,0.8914636757439265,0.8522215689129173,0.0
435,CVX,0.5998621023986752,0.89006599698755,0.863822658512283,0.0
436,CVX,0.6062152179508242,0.8838561778455972,0.8717259262831212,0.0
437,CVX,0.6126593089046741,0.8785850579508778,0.8768791802971907,0.0
438,CVX,0.6178297442347045,0.8603668558191218,0.8769602058245156,0.0
439,CVX,0.6248348501657128,0.8650230008839945,0.8780579586867578,0.0
440,CVX,0.6315821924585672,0.861780206356265,0.8782167702319514,0.0
441,CVX,0.6373591304666073,0.8523857388659822,0.8762597241283715,0.0
442,CVX,0.6438335465543572,0.8515058966438299,0.8744989005489985,0.0
443,CVX,0.6500653624963535,0.8464847967166373,0.871976346622323,0.22735100080207113
444,CVX,0.6546596091768793,0.8241900302793146,0.8650123691977931,0.10377469149945803
445,CVX,0.6582228216646806,0.7946285903659474,0.8528831935003516,0.16444000418471902
446,CVX,0.6586928806745806,0.7777477232096097,0.839434953446222,0.09617461345387168
447,CVX,0.6597958084228184,0.768544385349948,0.8266346668030738,0.06625949235208012
448,CVX,0.660080569277957,0.7518560472128288,0.8126922491766088,0.08175693065269224
449,CVX,0.6597849112532721,0.7379419401163059,0.7984515700538133,0.12245562886499295
450,CVX,0.6582307398118257,0.7195365145951687,0.7829759149034029,0.0
451,CVX,0.6572148580061059,0.71328253874501,0.7692079910249073,0.0
452,CVX,0.6562747779297426,0.7052825547374694,0.7564189127572447,0.0
453,CVX,0.655061772573724,0.6941161760149938,0.7437104689850238,0.0
454,CVX,0.6542733190923116,0.6888418159561812,0.7323736349574443,0.0
455,CVX,0.6534242153430982,0.6849799489779012,0.722447440200751,0.0
456,CVX,0.6523325105226805,0.6764281409569166,0.7126093270247126,0.0
457,CVX,0.6517714955455229,0.6776983693096241,0.7050206275479325,0.0
458,CVX,0.6522415351209796,0.6785756722055377,0.6991442913316753,0.0
459,CVX,0.649892853500389,0.6683300104329379,0.6921702956627328,0.0
460,CVX,0.649124725669485,0.6735602231103939,0.6877513843569633,0.13970966926597664
461,CVX,0.6482452893827739,0.6716880527230937,0.6838009277183784,0.10465990944060509
462,CVX,0.6461225411151377,0.664675025592887,0.6790847725583663,0.07953372661622524
463,CVX,0.6442120660084543,0.6593827741148102,0.674137800337309,0.07325102809497006
464,CVX,0.6436965442848441,0.6548117424549307,0.6691661719194888,0.08849484706033575
465,CVX,0.6442727060963085,0.6534347553778217,0.6648833944626635,0.09422073585920898
466,CVX,0.6435752178366521,0.6458151038374157,0.6597668073666424,0.1900891327861496
467,CVX,0.6426845688020677,0.6431828177151692,0.6550895838631827,0.0
468,CVX,0.6421799581297467,0.6374449371136746,0.6500748973374494,0.0
469,CVX,0.6418615340438469,0.6355234574455172,0.6456368816120349,0.0
470,CVX,0.6421951105167514,0.6350678901807655,0.6419854046962967,0.0
471,CVX,0.6402694645140716,0.618244206297319,0.6353320093671362,0.0
472,CVX,0.6368730495172183,0.5863832672964611,0.6229411719399481,0.0
473,CVX,0.6347502901441855,0.5723071159137476,0.6099058086120682,0.0
474,CVX,0.6321120034948446,0.5603005518315335,0.5968139476861117,0.0
475,CVX,0.6300044066887622,0.5586414112894119,0.5859723904970415,0.0
476,CVX,0.6271841692360187,0.5451813639408131,0.5743131296277555,0.0
477,CVX,0.6236209650772633,0.5356844423567123,0.5628788968855436,0.25446751900055536
478,CVX,0.620103253246608,0.5302597362779266,0.5525280784940554,0.12770266706669353
479,CVX,0.6170085742575138,0.5215595135156543,0.5423173416626116,0.0716589903587186
480,CVX,0.6126365881904894,0.515202039659361,0.5327383921477686,0.08665178382294834
481,CVX,0.6085426997411743,0.5092065230787126,0.5237451701158631,0.05839124067984968
482,CVX,0.6052524023530816,0.5099187849050605,0.5167086026760672,0.09752945947090971
483,CVX,0.602614107374694,0.5198294979871425,0.5132779694517151,0.1558940413001795
484,CVX,0.599490624135643,0.523263088850831,0.51129518041769,0.0
485,CVX,0.596367141822042,0.5296566701171674,0.5111273194105136,0.0
486,CVX,0.5938046670820025,0.5358915158395009,0.5123761864810711,0.0
487,CVX,0.5909541044953581,0.5421027262355677,0.5147531926859338,0.0
488,CVX,0.5886493943189226,0.5506295909202444,0.5185464215199651,0.0
489,CVX,0.5871331376238995,0.5698062324857868,0.5258352051962027,0.0
490,CVX,0.5859201322678809,0.5900650965559315,0.5361605160591479,0.0
491,CVX,0.5862385461738358,0.6073335529766988,0.5482516481485002,0.0
492,CVX,0.5879064285383606,0.6175959608603271,0.5602011955207329,0.0
493,CVX,0.5894378478003359,0.6346206889569085,0.5735376474341125,0.0
494,CVX,0.5940321037353566,0.6809708289051551,0.5944892556029155,0.19928355419830784
495,CVX,0.5963519653733478,0.6978901128721922,0.6150039641284883,0.1042110320375979
496,CVX,0.5996725703117978,0.7087367337918943,0.6338219761282504,0.08414743698928487
497,CVX,0.6037058186732578,0.7244934283318131,0.6523718955793886,0.07801964800518306
498,CVX,0.607253853786915,0.7312054837152387,0.6687008525626531,0.10397657825438998
499,CVX,0.6107715572885235,0.7293805012245663,0.6813591588522537,0.0757879419569095
500,CVX,0.6133643664169606,0.7155628003348643,0.6884204458889374,0.13418364979550498
501,CVX,0.6162149317799539,0.7043592816670331,0.6915840551292725,0.0
502,CVX,0.6190200159202437,0.6982519628063082,0.6927600775662809,0.0
503,CVX,0.6210669615330753,0.6920842121252547,0.6923326241940351,0.0
504,CVX,0.6236294353476666,0.6867983148402006,0.6908180230354112,0.0
505,CVX,0.6277839786920296,0.70253390163991,0.6930971693588257,0.0
506,CVX,0.6314988075948378,0.7091361790271808,0.6963851543775753,0.0
507,CVX,0.6350923359620433,0.7122867050680739,0.6997144640340974,0.0
508,CVX,0.6389587905343532,0.7195682641416238,0.7039932734971556,0.0
509,CVX,0.6414757822007902,0.7205554321614752,0.7076353172237797,0.1462895058947762
510,CVX,0.6413999795459855,0.6954705892908056,0.7049840594446521,0.09929254615655748
511,CVX,0.6402476290850165,0.6638155266898903,0.6958406042625541,0.07935878691566321
512,CVX,0.6391634972190277,0.635876747430757,0.6823278220054646,0.07131415452392048
513,CVX,0.635607874343747,0.5947629786077925,0.6623968009986281,0.10202298886351735
514,CVX,0.6306951943228247,0.5806426153046976,0.6433194827090907,0.15308059590168446
515,CVX,0.6272078224332631,0.5674759250100597,0.6251366921211472,0.1657389386664868
516,CVX,0.624266281668568,0.5624210441432128,0.6094690705280554,0.0
517,CVX,0.6201117336969553,0.5536440913019811,0.5949878691167693,0.0
518,CVX,0.6162756061094452,0.5466891349953922,0.5818600007349756,0.0
519,CVX,0.6129701776196903,0.5422716226206653,0.5703777125426387,0.0
520,CVX,0.611180988241415,0.5457330831855755,0.5619597822278691,0.0
521,CVX,0.6092553422387343,0.5484567813495015,0.555829670909549,0.0
522,CVX,0.6070719325979015,0.5521174637551014,0.5517376780327392,0.0
523,CVX,0.6051614491621713,0.5583601409599286,0.5498489769659005,0.0
524,CVX,0.6025838127806313,0.5567630043657674,0.5479837027959745,0.0
525,CVX,0.5981715057981125,0.5560848470551276,0.5463410391168952,0.0
526,CVX,0.5962458690499295,0.5796687235790637,0.5502588222983286,0.1555323455436633
527,CVX,0.5962762052892252,0.619759297548983,0.5622868555935034,0.09492798795999846
528,CVX,0.5950177168596049,0.6424353469981575,0.5769398014186768,0.1114355805447455
529,CVX,0.5933194936285338,0.6513808098250421,0.5906466449492597,0.08287386444104171
530,CVX,0.5940321129898534,0.6606327678031465,0.6036646003986824,0.0852805101898773
531,CVX,0.5959122564844881,0.6695040953569341,0.6160470052492045,0.11468378136053516
532,CVX,0.5973299759287771,0.6680129560278816,0.6256221305473941,0.156393786672131
533,CVX,0.6011281998752613,0.6742236910365726,0.6346600378730776,0.0
534,CVX,0.6027506047188824,0.6716247111709072,0.6413137986615007,0.0
535,CVX,0.6046914058849149,0.6700551461078944,0.6462886105225321,0.0
536,CVX,0.6064805887850433,0.6711995969100515,0.6505223482265006,0.0
537,CVX,0.6085426978902762,0.6691321137024607,0.6534506820451432,0.0
538,CVX,0.6107412700980595,0.6676638040665214,0.6554676151217649,0.0
539,CVX,0.6129398423058436,0.6661663177833775,0.656748954974519,0.0
540,CVX,0.6147896754737712,0.6665526451892371,0.6578597308252544,0.0
541,CVX,0.6166698337756014,0.6658337548893336,0.6585888708407216,0.0
542,CVX,0.6189745439520369,0.6702695333106152,0.6601562285316238,0.0
543,CVX,0.6199974156789096,0.66125058067714,0.6594093246265637,0.5043518772297967
544,CVX,0.6209526481422785,0.6457574750626518,0.6553747669667559,0.129579017841832
545,CVX,0.6225750539113495,0.6407366412585694,0.6510332848132389,0.09696919130304714
546,CVX,0.6230450897850082,0.6468978052444183,0.6489269092011133,0.10772481264592118
547,CVX,0.6219988689636429,0.6553937123429684,0.6491265648627563,0.09858399713871277
548,CVX,0.6195425173850619,0.6369341062872343,0.6451911579762788,0.15220099793444342
549,CVX,0.617783677202377,0.6216158439041242,0.6386445856501808,0.4490926912383454
550,CVX,0.6159945054076452,0.6118533242580297,0.6312415827143911,0.0
551,CVX,0.613416879206051,0.5974504595976214,0.6221240079785395,0.0
552,CVX,0.6115973600666278,0.5871345622605247,0.6125414402368888,0.0
553,CVX,0.6091410242206896,0.5801382649327136,0.6033233075812848,0.0
554,CVX,0.6073063536197099,0.5753071762030465,0.5948770590171414,0.0
555,CVX,0.6059265600272399,0.5782399186654846,0.5887706680799987,0.0
556,CVX,0.6039402637567584,0.5770868457080616,0.5836297543517378,0.0
557,CVX,0.602545307597337,0.580991335810543,0.5803832065386423,0.0
558,CVX,0.6003467353895529,0.5761019033806299,0.5767012827164004,0.0
559,CVX,0.5977539364410625,0.5685011456647947,0.5720695699877298,0.0
560,CVX,0.5884744491693166,0.4894626599635291,0.5508300777398569,0.2913650974258502
561,CVX,0.5795740131150326,0.4328288872236683,0.5212746870088613,0.16214143485715324
562,CVX,0.5704158124971439,0.39319172243694755,0.4888371532545044,0.14350113422601574
563,CVX,0.5634340584369761,0.3774580607543926,0.45939672607416027,0.0913492173970183
564,CVX,0.5571698054849943,0.36806708958277307,0.4337610646234089,0.07101903384290645
565,CVX,0.5497856196475857,0.35830354653306723,0.4110865633531338,0.1051384718339877
566,CVX,0.5422498220224199,0.36224985570113705,0.39382242276666496,0.17192163047259368
567,CVX,0.5343349546708005,0.36795970352063095,0.3812777991485089,0.0
568,CVX,0.5288157914063101,0.3777347336365357,0.37341062068703623,0.0
569,CVX,0.5230843336955235,0.38508629923944765,0.36874777010292675,0.0
570,CVX,0.5173225582544347,0.395437053097937,0.3673137302582749,0.0
571,CVX,0.513107364642269,0.4167805485844217,0.37090140001727007,0.0
572,CVX,0.5085889196910989,0.43309432510774115,0.3773906303245952,0.0
573,CVX,0.5038127111017756,0.44579687414658575,0.38539998411284726,0.0
574,CVX,0.498505812669193,0.45191792298088024,0.39316537799502577,0.0
575,CVX,0.49192359073042624,0.45038891914971935,0.39903849454989226,0.0
576,CVX,0.4888607605355251,0.48706969821685847,0.41187435596188393,0.20567663477115322
577,CVX,0.4857069438335273,0.5206111107895173,0.42958396728351245,0.10775752377609217
578,CVX,0.4839764455461584,0.555754900069591,0.45154805433090667,0.08637871073187335
579,CVX,0.48211190420705474,0.5782324519458367,0.47410580789272555,0.06991867177248501
580,CVX,0.48688810354188305,0.5978841780590468,0.49651160545605316,0.06615645949713626
581,CVX,0.49080004859139237,0.6075447572115017,0.5165793738130998,0.09527224738721649
582,CVX,0.4939993511433416,0.6097827491354245,0.5331300709809892,0.1411688450550138
583,CVX,0.49586434040007354,0.6092720408598409,0.546257331741501,0.0
584,CVX,0.49792857156133596,0.6114234177691721,0.5572364079114182,0.0
585,CVX,0.5000816606955185,0.6089364392862046,0.5654679504799474,0.0
586,CVX,0.501764701925195,0.6104021933725412,0.5723783515826839,0.0
587,CVX,0.5036751853609243,0.613917418947129,0.5786865000863635,0.0
588,CVX,0.505085304087296,0.6135012562079535,0.583640696165727,0.0
589,CVX,0.5059950581043102,0.6045126484817621,0.5856099947718195,0.0
590,CVX,0.5061921714746642,0.591486909499336,0.5842957667396538,0.0
591,CVX,0.5057221318992067,0.5847228724854474,0.5817438311390851,0.0
592,CVX,0.5044788014092871,0.5683402977558135,0.5760679257690884,0.0
593,CVX,0.5034477579620669,0.5562898635704936,0.5688538989412144,0.22780708329982963
594,CVX,0.5022802477104964,0.540212285662018,0.5595159819500911,0.11936939857921296
595,CVX,0.5019786744338015,0.5300955218942907,0.549801316760609,0.07828695702045699
596,CVX,0.4984003077080965,0.5220156194806744,0.540237116118058,0.07616073355934275
597,CVX,0.49403910312941246,0.5112208094697137,0.5301910043038043,0.08709677047478981
598,CVX,0.4882792896415671,0.49588988048750815,0.5187530580411803,0.11720671733865703
599,CVX,0.4839575092176718,0.4957959601700822,0.5095818654812158,0.1816415914959131
600,CVX,0.4796816708904039,0.4992234271488723,0.5030052704386885,0.0
601,CVX,0.4757848976623409,0.5015916042247802,0.49826935753064167,0.0
602,CVX,0.47249462988863655,0.5061949505653607,0.49550184662568947,0.0
603,CVX,0.4692953282621364,0.5097485180879112,0.4940761714098101,0.0
604,CVX,0.4639884298295547,0.49234056017517014,0.48907380043107446,0.0
605,CVX,0.4591060832715783,0.48069629615808623,0.48248870705948244,0.0
606,CVX,0.4546331260212595,0.4810870924548947,0.47730732772219664,0.0
607,CVX,0.4503572821412929,0.4874669635143569,0.4745775529611944,0.0
608,CVX,0.4463543644664316,0.49382829699617037,0.4738049494323636,0.0
609,CVX,0.4419420574839119,0.4868753603023761,0.4716444073931705,0.0
610,CVX,0.438075601060703,0.48296926523252093,0.4690494345417839,0.216873352014703
611,CVX,0.43351167673772917,0.4766850369594097,0.46557934521911026,0.11549291350110828
612,CVX,0.43014467067962947,0.4754699244829498,0.4625337097593861,0.07595582066461523
613,CVX,0.4272789233152441,0.4820401323358993,0.4615547549550827,0.08479632782258865
614,CVX,0.42520922459749055,0.4904162659126817,0.4626297763648674,0.09211814510887907
615,CVX,0.4224039785035121,0.4916925722832123,0.4637729329214757,0.13328142783074481
616,CVX,0.42012959346097745,0.49899083210363293,0.46630652484570345,0.16209719557538013
617,CVX,0.4181680103977623,0.5040506834087359,0.46945589016395695,0.0
618,CVX,0.41745537345290007,0.515372995166811,0.47448715620397486,0.0
619,CVX,0.415484234196672,0.5216811612642688,0.4799115905124681,0.0
620,CVX,0.41374053899739494,0.5324063202949989,0.48663043768827646,0.0
621,CVX,0.41151164165570986,0.5346168696973723,0.492495909984283,0.0
622,CVX,0.4091917689123239,0.5376896672631895,0.4978699659570221,0.0
623,CVX,0.4069931967045397,0.541059432745632,0.5029167690768886,0.0
624,CVX,0.4070841721062406,0.5490898085483616,0.5087356929397777,0.0
625,CVX,0.40778165018595214,0.5636004479419531,0.5166099134700999,0.0
626,CVX,0.4070235218384406,0.5670470808925463,0.5236739007334006,0.0
627,CVX,0.40834266701401045,0.5983757486144833,0.5362751311362217,0.15850084458120675
628,CVX,0.4107383581448456,0.6352165418638712,0.554528981627061,0.12530322641260924
629,CVX,0.41524163220001853,0.6744098721570195,0.577826821685155,0.09190242457202458
630,CVX,0.4205636848705039,0.7137973694076372,0.6052029279461542,0.0696225423782058
631,CVX,0.42589332622806264,0.7388880777204341,0.6326700069217144,0.0779199294938248
632,CVX,0.4315347284340918,0.7627984569302406,0.6599480165096615,0.1099885093148906
633,CVX,0.4355376683197463,0.7672167155850329,0.6827505832238095,0.1587131066725806
634,CVX,0.4394268676679305,0.7693683635753593,0.7014699642940132,0.0
635,CVX,0.4439757987812394,0.7700633476144492,0.7165996463825266,0.0
636,CVX,0.44828196039150914,0.770983410687808,0.7289075014576682,0.0
637,CVX,0.4526791048070775,0.7689772476604106,0.7383087326161167,0.0
638,CVX,0.45760693906590344,0.7777567897050397,0.7477773960759209,0.0
639,CVX,0.4614733936382125,0.7670578535022211,0.7529788444613431,0.0
640,CVX,0.46392972948415157,0.745686271527424,0.7523988707486572,0.0
641,CVX,0.46667415410214463,0.7235831283942493,0.7470314677531461,0.0
642,CVX,0.46955504182268903,0.7069993175261278,0.7390585456709069,0.0
643,CVX,0.4735579594975503,0.705751056710997,0.7324032902819685,0.0
644,CVX,0.47775800072271224,0.7105197809685558,0.7281369932989274,0.14523237439286268
645,CVX,0.48060857163840254,0.7053466739677654,0.7235763389685496,0.12154620180548145
646,CVX,0.48382303768275214,0.6958789333220188,0.7178274650396756,0.07568952036260648
647,CVX,0.48465698349226294,0.6886515115571475,0.7116250141329938,0.06727713993475642
648,CVX,0.4844447084804093,0.682402724232922,0.7052768046868048,0.07029463361660883
649,CVX,0.4835956084329949,0.6800838437523303,0.6996838101005406,0.0835282311463565
650,CVX,0.4816699790884087,0.674686457689516,0.6940120429837174,0.1495068689050302
651,CVX,0.48064649841567064,0.6753557890820663,0.6896231156666709,0.0
652,CVX,0.4784934028033412,0.6680587872717714,0.6844931862146306,0.0
653,CVX,0.47784140131908526,0.6661129406198489,0.6799575705073121,0.0
654,CVX,0.4771135981054737,0.6635718593011,0.6757653572473605,0.0
655,CVX,0.4762341692223604,0.6600780367230423,0.6716365071194241,0.0
656,CVX,0.47518795210279485,0.6570800575917191,0.6676683468150652,0.0
657,CVX,0.47436917348748153,0.6558789848084151,0.6642273691753823,0.0
658,CVX,0.47214027614579734,0.6506023920300408,0.6603040127409867,0.0
659,CVX,0.471518610900838,0.6485488126916645,0.6567097557227589,0.0
660,CVX,0.4724132023509018,0.6524794389737877,0.6547063314019845,0.0
661,CVX,0.47221608157695183,0.6388937254293173,0.650089698681666,0.13081815003716388
662,CVX,0.4740507484761318,0.6529671329020362,0.6495184771747572,0.13071742281254042
663,CVX,0.4752637612357473,0.6693108548995266,0.652687237658367,0.07089784414918926
664,CVX,0.47623416459511336,0.68552913024475,0.6588201542928992,0.06884770648864895
665,CVX,0.4777655755280392,0.695967131664839,0.6660420834699292,0.07272707360465414
666,CVX,0.47950926147282047,0.7012421503251123,0.6729898519273738,0.09648457663007343
667,CVX,0.48170782905335585,0.7106577316402449,0.6806368459839129,0.11268465577083417
668,CVX,0.4838609070821418,0.7166821825850815,0.6880909225306742,0.0
669,CVX,0.4857410700112199,0.7204964787681449,0.6949003580624444,0.0
670,CVX,0.48801544857560764,0.7239099644656143,0.7011051638461628,0.0
671,CVX,0.4899410945782874,0.7269705247319479,0.7067479718518114,0.0
672,CVX,0.4919577159826689,0.7219894857294111,0.710157210422415,0.0
673,CVX,0.4938681994183991,0.7200410674891677,0.7124523586447575,0.0
674,CVX,0.49659746146943995,0.7261596609175126,0.7156458433599816,0.0
675,CVX,0.49987257593069145,0.7349214025445229,0.7201443607700247,0.0
676,CVX,0.5025563502808827,0.7339729277784287,0.7235327623631486,0.0
677,CVX,0.5055737011039794,0.7372805350380879,0.7269772526227081,0.0
678,CVX,0.5092885411121832,0.7425108517738759,0.730893153144336,0.14033694481502648
679,CVX,0.5111535303689143,0.7266841273696218,0.730514828086385,0.10290186632128324
680,CVX,0.5129477255043078,0.7181313435046365,0.7283147941853367,0.09584159397446572
681,CVX,0.5167535446160114,0.7168074654736271,0.7262610742034968,0.08166845208914604
682,CVX,0.5187550145588382,0.7191576586634928,0.7251394717476627,0.07179372563056828
683,CVX,0.5204304717286918,0.7218686951904133,0.7248436138229902,0.06736965335136336
684,CVX,0.5225228902351802,0.7315310557980688,0.7267504529927161,0.11565776606901847
685,CVX,0.5247972752777148,0.7383699865721574,0.7297930921477255,0.0
686,CVX,0.5272384559603003,0.7422316885134878,0.7330838943940972,0.0
687,CVX,0.5288001985052757,0.7401093632349044,0.735245713525932,0.0
688,CVX,0.5304074306020006,0.7372738811158562,0.736346137427936,0.0
689,CVX,0.5340312841031061,0.7567590437479208,0.7415491203478665,0.0
690,CVX,0.5370334723592531,0.7649939426553656,0.7475383600370151,0.0
691,CVX,0.5388681429602311,0.7581365173266252,0.750808481084594,0.0
692,CVX,0.5418248435155277,0.7577417138822453,0.7533369936056753,0.0
693,CVX,0.5446602435352217,0.7576048073289154,0.7553294318840603,0.0
694,CVX,0.5472553168687551,0.7619918468418208,0.7578966158074887,0.0
695,CVX,0.5501513764107457,0.7723986014085881,0.7622590269249824,0.11535616080272824
696,CVX,0.5535477812276524,0.7779804662231372,0.7669872525568248,0.0822843435884888
697,CVX,0.5567319156599542,0.7834980338822723,0.771993865936644,0.0675582827319529
698,CVX,0.559582462513954,0.7861537650831141,0.7765883115899403,0.07111356468604375
699,CVX,0.5643359420600467,0.7893716100385936,0.7809777239732358,0.06584952246073007
700,CVX,0.568386912782171,0.7870664075253659,0.7839778612096724,0.07169962709311604
701,CVX,0.5713587629481216,0.7776260052438211,0.7842836853545805,0.16336558045540234
702,CVX,0.573815091390462,0.76708346732799,0.7821895581280993,0.0
703,CVX,0.5761728696257737,0.7580306853236839,0.7785059614854627,0.0
704,CVX,0.5776739702319951,0.7483586490914337,0.7734134121938595,0.0
705,CVX,0.5792660397617695,0.7408884023230757,0.76768215200882,0.0
706,CVX,0.5808884344254457,0.7338540752865313,0.7615366287799499,0.0
707,CVX,0.5849823275020087,0.7512909942627931,0.7604884658074405,0.0
708,CVX,0.5880300034590054,0.7517992877730673,0.7597626967048404,0.0
709,CVX,0.5895007724531789,0.7558733057964028,0.7600858731475401,0.0
710,CVX,0.589841930209559,0.7392462436368445,0.756655819626583,0.0
711,CVX,0.5931625323716601,0.7469587564681367,0.7556227425527896,0.0
712,CVX,0.5940040557628468,0.7300201001438608,0.7510385612844949,0.1927455071190659
713,CVX,0.5955506274118259,0.7252251618151019,0.7463074935377704,0.08079087154843538
714,CVX,0.5957151431141341,0.7106739063470132,0.7392945475151009,0.07098300836914985
715,CVX,0.5629032455089158,0.5600765378945637,0.5589719434760034,0.0
716,CVX,0.5609548575067107,0.5609095319676112,0.5562019534595937,0.0
717,CVX,0.5581346200539663,0.5509222067221707,0.5517703448591534,0.0
718,CVX,0.5553750328690228,0.5464856216024839,0.5472408333400083,0.0
719,CVX,0.5528125590544333,0.5467920313289708,0.5436851989283393,0.0
720,CVX,0.5494616317584313,0.5394733257210569,0.5392170889685182,0.0
721,CVX,0.5451857878784656,0.5358837510302809,0.5348462795601524,0.0
722,CVX,0.5379227609828625,0.49969600675093384,0.5233216401024527,0.35425260543431303
723,CVX,0.5291739663307249,0.45092454277351646,0.5032823285012179,0.20269372554410714
724,CVX,0.5199681763158468,0.4141250140254119,0.4790871672857657,0.14758858447843903
725,CVX,0.5141305787855099,0.39593335549647735,0.45569534913768295,0.11298280259164376
726,CVX,0.5086265595789774,0.3876940830902428,0.4351540710366242,0.10262158813545692
727,CVX,0.5041839154317129,0.39078175664421777,0.41940602682315814,0.09206987097404523
728,CVX,0.5002719703822036,0.3977270536892429,0.40834835586714135,0.13024981216317982
729,CVX,0.49639035139204335,0.4021183278680537,0.4004763918333553,0.0
730,CVX,0.4919856275438992,0.40978388539003435,0.39587936965017095,0.0
731,CVX,0.48676985536131046,0.42061453784412844,0.39460445459318105,0.0
732,CVX,0.4821301098745394,0.4301941067628947,0.3957096813137373,0.0
733,CVX,0.4773539012852144,0.44349422318972054,0.3995443982784685,0.0
734,CVX,0.473699722650208,0.46316516274026187,0.4069760289276121,0.0
735,CVX,0.46983326807789805,0.48176271263202514,0.41704706671493796,0.0
736,CVX,0.4656029118987828,0.4912335722661717,0.4272049393346119,0.0
737,CVX,0.46219133433497905,0.4980840886121951,0.43685097542575013,0.0
738,CVX,0.457354475477854,0.4912941332951093,0.443061501333859,0.0
739,CVX,0.45533785129712356,0.522337211087944,0.45491660657184063,0.1394887610609012
740,CVX,0.4544887512497091,0.5526059539818874,0.47111559462134794,0.08461908249170622
741,CVX,0.4541551692241059,0.5841560755716662,0.4910739536079027,0.06639566864288005
742,CVX,0.45849182625101026,0.6278602390489929,0.5167360965027853,0.07852515745293559
743,CVX,0.4641626114832045,0.6553364360849645,0.5433612083764062,0.07488082052771843
744,CVX,0.46936548937591827,0.6706445223944074,0.5680572872031459,0.07431867903522052
745,CVX,0.4724434886159168,0.6662810588413137,0.5868461471216759,0.1830104153967687
746,CVX,0.475385027529712,0.6642489457618367,0.6014264253216073,0.0
747,CVX,0.4778110400926483,0.6632075614049189,0.6128596242192352,0.0
748,CVX,0.48008541773158697,0.6620953441313957,0.6217594458997,0.0
749,CVX,0.4826933792470278,0.6609403058237585,0.6286230662666538,0.0
750,CVX,0.484922276588712,0.6570163610810661,0.6332434635180858,0.0
751,CVX,0.48698438569394487,0.6540598475430273,0.6362838999621601,0.0
752,CVX,0.48878873116102195,0.6472568578516485,0.637207054570019,0.0
753,CVX,0.4910024659357566,0.6498861142873159,0.6385288599686768,0.0
754,CVX,0.49215482102397523,0.6468198740087735,0.6389060808388948,0.0
755,CVX,0.4932465258443912,0.6448233329319871,0.6387649391942454,0.0
756,CVX,0.49574834291303205,0.6522766795540941,0.6403054974538576,0.11231143186271585
757,CVX,0.4984321191141241,0.657772758605515,0.6427572098421493,0.11554234045110233
758,CVX,0.5025611885316161,0.6644760983968842,0.6462056676834506,0.05617452122865887
759,CVX,0.503046401779419,0.6628346268192218,0.6486002852414259,0.05503222550678475
760,CVX,0.5036074093529805,0.6667534094480718,0.6513853331519466,0.05420378371227808
761,CVX,0.5039864735267372,0.6742968434333,0.6552868282920954,0.05427453774273604
762,CVX,0.503000892793227,0.6827045209205724,0.6602732074481008,0.09374145295635124
763,CVX,0.5028189503188703,0.6910064940861298,0.6661040440699586,0.0
764,CVX,0.5031070335382282,0.6962106442088157,0.6719232168056853,0.0
765,CVX,0.5048052475148017,0.6996155484471833,0.6773339086173182,0.0
766,CVX,0.5065034550132284,0.7032898097926247,0.682477570635037,0.0
767,CVX,0.5080651994091019,0.7047282789655577,0.6869116143344715,0.0
768,CVX,0.5096421063719259,0.705257578810097,0.6905762706742589,0.0
769,CVX,0.5119013288475109,0.712626964654873,0.6951428412242057,0.0
770,CVX,0.5142212015908978,0.7154798080559919,0.6994289805437318,0.0
771,CVX,0.5167359133195939,0.719373898952671,0.7037217681795265,0.0
772,CVX,0.5197835892765905,0.7232320271861773,0.7080118964090367,0.0
773,CVX,0.5232254854961473,0.7378144690867875,0.7146790093046662,0.1201759368856756
774,CVX,0.52801685942877,0.7583999750895284,0.7245794467168162,0.07718673905193058
775,CVX,0.532850848466552,0.7741452391298878,0.7359927707233902,0.0727579114101898
776,CVX,0.5369902459020608,0.7861558134410385,0.7477878898328747,0.055269273124103145
777,CVX,0.5416299876870339,0.7993652737705587,0.7601544093027418,0.054216464679040406
778,CVX,0.5464572949783939,0.8126232722123437,0.7729888168935437,0.11696981382323365
779,CVX,0.5519461368107814,0.8219237070846663,0.7853195778429851,0.1215010979123382
780,CVX,0.5565707234324018,0.8228107507110382,0.7953809708790047,0.0
781,CVX,0.5608465728650662,0.8222494828051521,0.8033055720420913,0.0
782,CVX,0.5653043758774823,0.8246826741345371,0.8101850390451081,0.0
783,CVX,0.5694285940879462,0.8229064880321447,0.8152945784798238,0.0
784,CVX,0.5745080540162757,0.8295338081769759,0.8208524335440498,0.0
785,CVX,0.579056824101345,0.8265219918204502,0.8246305677040968,0.0
786,CVX,0.5842727471322267,0.8312811107547313,0.8287088514880578,0.0
787,CVX,0.588957980319849,0.8260985617056174,0.8308217671204747,0.0
788,CVX,0.5934764252710192,0.8181677094711837,0.8307526968503589,0.0
789,CVX,0.597919057387438,0.8167631333951,0.8303858454898373,0.0
790,CVX,0.6037263233057271,0.827015509715758,0.8323667806717611,0.18280535840014617
791,CVX,0.6079286259596355,0.8172526526607491,0.8317857088906373,0.11905756207837587
792,CVX,0.6119618743210955,0.8073801849781723,0.8291307152062619,0.07022258266909565
793,CVX,0.6150853594110464,0.7999390291922692,0.8253559531331442,0.04672965072294479
794,CVX,0.6179359294012876,0.7994696483407305,0.8222320146939327,0.0985377404304093
795,CVX,0.6205316074236169,0.7953631196665983,0.8188218599627106,0.08759536303158108
796,CVX,0.6238521901512755,0.7997912176782236,0.8170760780123778,0.1548746644947629
797,CVX,0.6260052765091091,0.7936775907723908,0.814323188102216,0.0
798,CVX,0.628360174745132,0.7941476389075064,0.8122251529868874,0.0
799,CVX,0.6306042337283166,0.7923838327717514,0.8101554371338731,0.0
800,CVX,0.6333638209132602,0.7907795637805646,0.8081437688638011,0.0
801,CVX,0.637230275485571,0.8011715631392279,0.8088398248892373,0.0
802,CVX,0.6402476263086667,0.8028067582577281,0.8097594260371321,0.0
803,CVX,0.6427191247215553,0.7944704895870015,0.8086457654461598,0.0
804,CVX,0.6443870070860811,0.7871777282929829,0.8061369901031488,0.0
805,CVX,0.6463429782226608,0.7770064231197182,0.8018735386119044,0.0
806,CVX,0.6471162691371237,0.7633215008243047,0.7954268754042387,0.0
807,CVX,0.6481852328834643,0.7478127508420732,0.7868290397113907,0.18457939682981594
808,CVX,0.6479577943792103,0.717996280914662,0.7733362008169272,0.12631352479863922
809,CVX,0.646024557838559,0.6812607718620679,0.7543924200779015,0.09245058818070492
810,CVX,0.6421580986390012,0.6434741877466045,0.7308547123871878,0.09840761641920048
811,CVX,0.6402324461581745,0.6201537467259607,0.7068510733898863,0.11101941427190933
812,CVX,0.6385797319132962,0.6049976030282935,0.6842858802445766,0.08802608359581493
813,CVX,0.6365706964196383,0.5916862699807119,0.6632807018130492,0.1917622998893009
814,CVX,0.6340537001259525,0.5832361166657536,0.6446019530657346,0.0
815,CVX,0.6311230699313146,0.5706548296723513,0.6268678856419252,0.0
816,CVX,0.6279541026932121,0.5683037267778595,0.612159056361783,0.0
817,CVX,0.6252248406421685,0.5644983819063881,0.5995478044276851,0.0
818,CVX,0.6219800513148197,0.5635480369470941,0.589247975656527,0.0
819,CVX,0.6182955475459124,0.558317610371696,0.5798477799584894,0.0
820,CVX,0.6149901079507609,0.5609593120870694,0.5729136660086129,0.0
821,CVX,0.610608126102143,0.5651004032835031,0.5682850462766379,0.0
822,CVX,0.6065142330255799,0.5677923003857146,0.5651793285867369,0.0
823,CVX,0.6027387538549709,0.5665695920979518,0.5624235053568861,0.0
824,CVX,0.5941264084236391,0.5126485925159758,0.5482568591394467,0.19713845338894512
825,CVX,0.5870758231208271,0.4867675048574687,0.5311820082007279,0.13073269761341322
826,CVX,0.5791837181286255,0.45454801707093423,0.5103744648053281,0.08380692421133754
827,CVX,0.5707457459190204,0.4218523322040292,0.48647512653231045,0.07875110922433697
828,CVX,0.5639453337163909,0.40083750524734474,0.46269366703894843,0.0935505179454413
829,CVX,0.5580698390231742,0.38509095840578744,0.4401752407871451,0.08414887800823513
830,CVX,0.5528993981404469,0.3751116958761703,0.419946671854159,0.1668274843815161
831,CVX,0.5470163314182512,0.36856227013011567,0.4023108735058899,0.0
832,CVX,0.5408451555641101,0.3661488519082795,0.38766683527704343,0.0
833,CVX,0.5351061295261443,0.3704390487904061,0.37690335415053017,0.0
834,CVX,0.5293443540850555,0.3780428671208685,0.3699794218956348,0.0
835,CVX,0.5236171492966113,0.38076952685352566,0.3650451660280296,0.0
836,CVX,0.5180373246589252,0.3942454905015711,0.3640873073690321,0.0
837,CVX,0.5122755492178355,0.4027624486176765,0.36521044661067775,0.0
838,CVX,0.5064531235089458,0.41262234417932453,0.3682963052284704,0.0
839,CVX,0.5006610229339552,0.4179249951830608,0.37194134727604955,0.0
840,CVX,0.4946718089886124,0.4281858514322656,0.377133678395878,0.0
841,CVX,0.48784866496640245,0.430361541810514,0.3817702046222211,0.10812455130272436
842,CVX,0.4817836465153551,0.44163817418061446,0.38798106574359476,0.07051799155389972
843,CVX,0.47526373809950595,0.44342543011553226,0.3933462445714671,0.0638024109399853
844,CVX,0.4741872088023342,0.4549361340780024,0.40019195488066467,0.05282761061477615
845,CVX,0.4726861063452148,0.47616674226477484,0.41037838152367456,0.0740017989680575
846,CVX,0.4721778494013016,0.49222725902052644,0.42209043347234826,0.06730206956259599
847,CVX,0.47187460268954506,0.49925103454330844,0.43301824933435584,0.08934908309405214
848,CVX,0.4717002340950671,0.5099335157631145,0.44413033398623447,0.0
849,CVX,0.4713363417427576,0.5156305959962395,0.4542838581611479,0.0
850,CVX,0.4706913335482916,0.5177793962474351,0.4628833734494302,0.0
851,CVX,0.4704184073431872,0.523321629956181,0.470992490540876,0.0
852,CVX,0.4703274319414863,0.5306794846871425,0.4791120715971231,0.0
853,CVX,0.4707823089499925,0.5469344143837842,0.4892137761951485,0.0
854,CVX,0.47111588542289873,0.5605267079217745,0.5003104928617113,0.0
855,CVX,0.47128267365935095,0.5639759975153223,0.5099530663912201,0.0
856,CVX,0.47044873247708807,0.5645926560435351,0.5178039264934717,0.0
857,CVX,0.4722606564512928,0.5910693967965299,0.529958289913631,0.1502599454084381
858,CVX,0.47586933905640105,0.633210562504042,0.5490304964926583,0.1225263828954509
859,CVX,0.4787714510390577,0.6532859731321324,0.5687418478454102,0.11113483988982545
860,CVX,0.4805833703860136,0.6600875444355424,0.5860198088157981,0.09334675786587399
861,CVX,0.4826606346545983,0.6599164082679245,0.599804212258814,0.08963598996704966
862,CVX,0.48407833096264774,0.6592658521277438,0.6106874137921049,0.08601586216019692
863,CVX,0.4853216725579621,0.6472530261928134,0.6167290156079005,0.14763340016779225
864,CVX,0.48583719428157224,0.6373831298021049,0.6193727312237489,0.0
865,CVX,0.48574621887987135,0.6329121501883702,0.6204958489054261,0.0
866,CVX,0.4857313561586052,0.6279121324233751,0.6202851249143067,0.0
867,CVX,0.48641366796956653,0.6247877788552456,0.6194234302555525,0.0
868,CVX,0.48694435781282497,0.624371045441567,0.618641625204917,0.0
869,CVX,0.48882451611465516,0.6353566710211359,0.6204532635321034,0.0
870,CVX,0.49027314776108,0.6353955887774174,0.6219112078193969,0.0
871,CVX,0.4910464386755429,0.6302932325650753,0.6219456420610634,0.0
872,CVX,0.4922746065985111,0.6332457343058002,0.6226281808229621,0.0
873,CVX,0.4930327349460226,0.6395550729257516,0.6245738934246787,0.0
874,CVX,0.4948522402037021,0.6563244742623849,0.6298506351083242,0.12263935878115158
875,CVX,0.4979453936816043,0.6756008846755435,0.6383483620686605,0.092898889176132
876,CVX,0.5003259074382944,0.6792718635234652,0.645960924006773,0.10500445707161316
877,CVX,0.5006670744491712,0.6837301679911201,0.6530400164778721,0.05065599505672859
878,CVX,0.498468506868635,0.6787908374753975,0.6576075353499652,0.07855513064710108
879,CVX,0.4976739852139138,0.6773673576580301,0.6609457616435748,0.06635921086343838
880,CVX,0.4975754248269393,0.6749354477142182,0.6630768408721286,0.10419301930071961
881,CVX,0.49796964786584574,0.6729438270109824,0.6643398774637856,0.0
882,CVX,0.49815917532547616,0.6683994304575631,0.6643421649037733,0.0
883,CVX,0.4992660362346957,0.6636246088532338,0.6632847348749352,0.0
884,CVX,0.5009035934653214,0.6652514037741454,0.6627996836557287,0.0
885,CVX,0.5036935057841649,0.6825256863276247,0.6662438185651813,0.0
886,CVX,0.5055736640859934,0.683690208372022,0.6692574673692494,0.0
887,CVX,0.5082726010031351,0.6940362299443044,0.6739635772113322,0.0
888,CVX,0.5107289368490733,0.7006355330881974,0.6791924732304212,0.0
889,CVX,0.5118358042364406,0.7009602998165531,0.6834476372187511,0.0
890,CVX,0.5138092123250146,0.7017164430823535,0.6870195133782552,0.0
891,CVX,0.5170767529063873,0.7110819428445325,0.6919546833625487,0.20843575375522333
892,CVX,0.5203670271582395,0.7247065487366233,0.6989253406024972,0.09722598087998416
893,CVX,0.5231872590582851,0.7330096450383393,0.7063438488512237,0.06597287368287265
894,CVX,0.5247004849057273,0.7354685280332303,0.7128241410347689,0.04808694647219827
895,CVX,0.5260499524388491,0.740775786966059,0.7191857521710223,0.06466918383856898
896,CVX,0.5285214582553346,0.745471539446682,0.7253167601419662,0.09800975108703264
897,CVX,0.5306138767618229,0.7456834923249586,0.7302685867469904,0.13807281584037198
898,CVX,0.5336312312867184,0.7471901801429638,0.7345642959341706,0.0
899,CVX,0.5363150121150566,0.7462583363261059,0.7377941404059993,0.0
900,CVX,0.5389836350036941,0.7432547988275104,0.739711702697476,0.0
901,CVX,0.5416219216530358,0.739693062854121,0.74045560691025,0.0
902,CVX,0.5445028093735802,0.7359063639784446,0.7402106782511297,0.0
903,CVX,0.548202475709437,0.7402321254447525,0.7409743745287232,0.0
904,CVX,0.551492752737639,0.743477859148613,0.7423053743305758,0.0
905,CVX,0.5535700244098205,0.7473864713489379,0.7442372717994595,0.0
906,CVX,0.5569209517058233,0.7517698902094392,0.7467552198594782,0.0
907,CVX,0.5607267449049367,0.7690153518796771,0.7525953604857479,0.192942638511462
908,CVX,0.5645022250009948,0.7798223076311603,0.759664918732537,0.0787475066769613
909,CVX,0.569161524313273,0.7925543797332201,0.7681450843525224,0.06516662358020005
910,CVX,0.5732152365874184,0.7951266126983952,0.7754998483122928,0.09204782338410619
911,CVX,0.5763159787523922,0.7940539097393571,0.7811456880101815,0.059078606719125515
912,CVX,0.5792271888304885,0.7964076058292747,0.7861845103914226,0.07624777110393867
913,CVX,0.5827904013182899,0.802449895039379,0.7915560068893568,0.17831067619237834
914,CVX,0.5865689141128279,0.8047853677996344,0.7963713119954445,0.0
915,CVX,0.5896166011752211,0.8009261989769805,0.7993674271121894,0.0
916,CVX,0.5926036287153167,0.7970675676563599,0.8009083094784372,0.0
917,CVX,0.5957726144624127,0.7920508529526417,0.8010280931386837,0.0
918,CVX,0.6006246358864882,0.8080003561717808,0.8046622031430078,0.0
919,CVX,0.6051734059715592,0.8142554649810161,0.8089571422434926,0.0
920,CVX,0.6098131514583311,0.8171385297769653,0.8130326808034793,0.0
921,CVX,0.6149077739536093,0.8225002993487756,0.817482581835798,0.0
922,CVX,0.6202904852209423,0.828025146286276,0.8222681503917773,0.0
923,CVX,0.6252334820467205,0.8336147991719594,0.8273366297022196,0.0
924,CVX,0.6321930947241805,0.8596335809521174,0.8371634935702129,0.32920740787493796
925,CVX,0.6424960700722604,0.9179388431792369,0.8579595895706588,0.23640895771963938
926,CVX,0.6508809723720894,0.9412665224818649,0.8797715449767716,0.13810307723832752
927,CVX,0.6579846544227177,0.9566794150257178,0.9006403491420998,0.13502189051887345
928,CVX,0.6646106887763725,0.9585005225921421,0.9177393921471769,0.08706650907683426
929,CVX,0.6696554304613462,0.9442411137998064,0.9282552788210754,0.11469559771592731
930,CVX,0.6752125010686605,0.9297419210483859,0.9334514460757803,0.19404559441599392
931,CVX,0.6810045970164023,0.9164227835424392,0.9346536246010637,0.0
932,CVX,0.6864782892381349,0.9041798604547897,0.9328993626048285,0.0
933,CVX,0.6914667700629638,0.8920607332860054,0.9288074114294869,0.0
934,CVX,0.6965310674243428,0.8800049244317363,0.9228593556255182,0.0
935,CVX,0.7016711776204723,0.864872244553064,0.9147438343150964,0.0
936,CVX,0.7062199477055424,0.8447528429087262,0.9037880720852904,0.0
937,CVX,0.7109355060270657,0.8283423940103195,0.8913829217271663,0.0
938,CVX,0.7148019605993756,0.8253317835137628,0.8807909190607321,0.0
939,CVX,0.7188352034081387,0.8184242007460972,0.8707849191551922,0.0
940,CVX,0.7225803574448468,0.8076832409603465,0.8603973142173931,0.0
941,CVX,0.7263406721976065,0.8026504313098288,0.8509707374857092,0.19254895213424994
942,CVX,0.7294641572875555,0.7930427004435461,0.8412980698078228,0.09684122882026372
943,CVX,0.7330880052359641,0.7928438070047296,0.8335158125803713,0.07792799919994628
944,CVX,0.7348620227927931,0.7938345958996995,0.827509806219804,0.07729207753719486
945,CVX,0.7339596862546669,0.8029594419380861,0.824729282882718,0.10722722880239509
946,CVX,0.733868714554764,0.7982580242680801,0.8214618883694114,0.08748642199894113
947,CVX,0.7333910899940328,0.788959986914076,0.8167852697542367,0.14847971059728218
948,CVX,0.7334214216060806,0.7790868409600087,0.8108536881329476,0.0
949,CVX,0.7344373154426451,0.7688756782525908,0.8038431495105453,0.0
950,CVX,0.7355896807108095,0.7610927916512622,0.7965081409527092,0.0
951,CVX,0.7366207352634264,0.7535832694256032,0.7889742003757293,0.0
952,CVX,0.7375456518473911,0.7465452826705673,0.7813857209509666,0.0
953,CVX,0.7376214646821415,0.7306806824424186,0.7717954894555977,0.0
954,CVX,0.7376214646821415,0.7166705625402556,0.7610152594842875,0.0
955,CVX,0.7378792283202955,0.7047883900545288,0.7497551006285097,0.0
956,CVX,0.7384857309983053,0.6929909971976859,0.7381298064187262,0.0
957,CVX,0.7385008944907057,0.6781306133096703,0.725532901299291,0.11294677711788716
958,CVX,0.7377579250083457,0.6694570788851367,0.7135312157021041,0.10812829795199504
959,CVX,0.7364691031157768,0.6537049122181092,0.7004353618492034,0.06733175455297143
960,CVX,0.7345889383357989,0.6312120290147217,0.6849687936978394,0.07287838059443184
961,CVX,0.7329210467167773,0.6213878634641339,0.670416118399366,0.0675484838030911
962,CVX,0.7311015433099977,0.6083742238271073,0.6558869953966822,0.13873914300297396
963,CVX,0.7293275257531686,0.6081266939441821,0.6442087842625486,0.1159933793825349
964,CVX,0.7271896121422321,0.6070616985648202,0.6346299537566719,0.0
965,CVX,0.723929812947123,0.6039940839995758,0.6262863610275986,0.0
966,CVX,0.7213976577882866,0.6002513368759306,0.6187811851964539,0.0
967,CVX,0.719244568654104,0.5982554646485037,0.612334274570155,0.0
968,CVX,0.7181680264006376,0.6084732691664281,0.6094434928325864,0.0
969,CVX,0.717152134414972,0.616634323834685,0.6089413389800643,0.0
970,CVX,0.7154236017826445,0.6169067912826162,0.608600060850254,0.0
971,CVX,0.7150748627427896,0.6329837968076262,0.6118936068960568,0.0
972,CVX,0.7146806360020834,0.6452842888217825,0.61725721980326,0.0
973,CVX,0.7156813654207994,0.6615288799621893,0.6251518563473832,0.0
974,CVX,0.7146048129873863,0.6499292706366308,0.6288942753176247,0.14905957662286834
975,CVX,0.7123304279448517,0.627125557062828,0.6268293699329276,0.11216617715252926
976,CVX,0.7120271719785984,0.6299881205260682,0.6258124848309157,0.08846199182826973
977,CVX,0.7118679715037688,0.6289634984822194,0.6247716716861098,0.11087156572761225
978,CVX,0.7098480157043241,0.6106090509684059,0.6198672184239667,0.07170063580638124
979,CVX,0.7076646023616906,0.5860908833097165,0.6105044758916902,0.08219932347042323
980,CVX,0.7060118881168131,0.5635130732501938,0.5980055563819457,0.16367770516002947
981,CVX,0.7043591794246327,0.55439393054449,0.585983404266297,0.0
982,CVX,0.7030097100406127,0.5461316365811096,0.574532751823588,0.0
983,CVX,0.700538214404073,0.5376041250455276,0.5634804625000384,0.0
984,CVX,0.696990173737718,0.5186590515027136,0.5504358021397895,0.0
985,CVX,0.6944883501909294,0.5144432588559209,0.5390648304418327,0.0
986,CVX,0.6920623394788912,0.5116803767408601,0.5293551274710055,0.0
987,CVX,0.6840413415622173,0.44807381769346377,0.5074767054508509,0.0
988,CVX,0.6793409458076436,0.4493529806393588,0.49025774097429664,0.0
989,CVX,0.6756716046056876,0.46400537281161164,0.4797330976719305,0.0
990,CVX,0.6720174259706813,0.4712747897628652,0.4729260511249953,0.0
991,CVX,0.6658418653361311,0.46592766184149315,0.46629419184842,0.20459457364140013
992,CVX,0.6600952441329451,0.4682062560771246,0.4614941942415147,0.09255607076786423
993,CVX,0.6535980823438701,0.47011375585954795,0.4580773613232769,0.1056704960304251
994,CVX,0.6489280320830897,0.4701627946317753,0.4553547738891429,0.0772906365182446
995,CVX,0.6458197012310425,0.47622745011168793,0.45452210433157103,0.05919691437494218
996,CVX,0.6409221985842644,0.48315710884195573,0.4553932638521253,0.08265237982838616
997,CVX,0.6368510530599245,0.49635436020034285,0.4590179071780298,0.11562375802179224
998,CVX,0.6343070799091475,0.5079555393619295,0.4644912603606918,0.0
999,CVX,0.6326846926490699,0.5185177182586571,0.4712130866601937,0.0
1000,CVX,0.6314110379506994,0.5281454988977775,0.4787264018908638,0.0
1001,CVX,0.629591529916671,0.5384775253441638,0.48702914015576604,0.0
1002,CVX,0.6307742101387888,0.5796490701731033,0.5028049431620492,0.0
1003,CVX,0.6332760336855783,0.6244148867773935,0.5253565614165234,0.0
1004,CVX,0.6370666754231378,0.6608360614373371,0.5514776328094702,0.0
1005,CVX,0.6398565877419804,0.6870404875650722,0.5781877542125936,0.0
1006,CVX,0.6430407268015301,0.7106105352375656,0.6047846976281237,0.0
1007,CVX,0.6519259910343669,0.7299583991391947,0.6303544374187127,0.0
1008,CVX,0.6581881422902107,0.7632997367799184,0.6582067662522887,0.36633771086070044
1009,CVX,0.6637982883599998,0.7921075102662314,0.6868794275770667,0.12065622850179852
1010,CVX,0.6703940142378482,0.817894279359668,0.7155381667034025,0.09682653042697102
1011,CVX,0.6781919686106237,0.83672547370213,0.7426427236207618,0.13605265137399716
1012,CVX,0.6862584653335446,0.8567640004871057,0.768771772827706,0.123843330114097
1013,CVX,0.6937866742716388,0.862059501331159,0.7908497811348825,0.13560752062026066
1014,CVX,0.7020350912581241,0.8684558502498724,0.8099311719845284,0.3128027040432398
1015,CVX,0.7103138574402008,0.875298354925746,0.8267142453279923,0.0
1016,CVX,0.7185319668763279,0.8776024196863867,0.8406518442706994,0.0
1017,CVX,0.7260980766790999,0.8752937745223287,0.8512897670272308,0.0
1018,CVX,0.7337551729889684,0.8714588821988196,0.858949361831824,0.0
1019,CVX,0.7412303184954343,0.8637233946413857,0.8633609751540519,0.0
1020,CVX,0.7477805474179364,0.844602696315479,0.86264847580993,0.0
1021,CVX,0.7544217517421403,0.8298353308609366,0.8588024420563931,0.0
1022,CVX,0.7590766597958618,0.825518285407351,0.8547679094336819,0.0
1023,CVX,0.7620485229181071,0.8127751070727882,0.8487133004748089,0.0
1024,CVX,0.7643077453936922,0.7939190440858496,0.8396865307607251,0.0
1025,CVX,0.7648936235009591,0.7563405216817531,0.8241285888907195,0.2319075027228053
1026,CVX,0.7639914581710174,0.7122898184212525,0.8019099023197209,0.13520043276681112
1027,CVX,0.7626571633847927,0.6737435650268884,0.7755837427738322,0.11049243364179784
1028,CVX,0.7610423463027942,0.659188744619426,0.7512939324555595,0.08281607958113614
1029,CVX,0.7593744778200131,0.6510564486625214,0.7300579925775834,0.1200448041612016
1030,CVX,0.7575093266095934,0.6472738961820054,0.7122301084939373,0.09910780752713366
1031,CVX,0.7559324298267152,0.6481483792682735,0.6981617990376099,0.14445710619762075
1032,CVX,0.7542948698197414,0.6555800075581626,0.6885558049914002,0.0
1033,CVX,0.7526724825596638,0.6534629016365279,0.6804013449661338,0.0
1034,CVX,0.7506710329767285,0.652134280325094,0.6735830318221234,0.0
1035,CVX,0.7487605495409984,0.6564202511340006,0.6690791932393978,0.0
1036,CVX,0.7446060061966344,0.6337918606863097,0.6604561759923809,0.0
1037,CVX,0.7416341430743882,0.6281267436576876,0.6523009965493899,0.0
1038,CVX,0.7388442307555447,0.6265402452269542,0.6454248996789196,0.0
1039,CVX,0.736948909886765,0.6334925829936162,0.6414663485309764,0.0
1040,CVX,0.735402328057841,0.632454150605238,0.6380691388233865,0.0
1041,CVX,0.7332947312517586,0.6279154973179321,0.6343445033264367,0.0
1042,CVX,0.7278816948505256,0.5964648955744213,0.6243877041471694,0.16437054707131632
1043,CVX,0.7208614328307137,0.5468646562587827,0.605418806894686,0.17544261617566828
1044,CVX,0.7142202211029129,0.506456702332922,0.5812794738721762,0.1084787537606992
1045,CVX,0.7101317928064912,0.48419017609429493,0.5570283380568339,0.08027743649645638
1046,CVX,0.7072812228162499,0.46926164812044013,0.5343156423754826,0.09195963302435005
1047,CVX,0.7050295806986906,0.46308694782012433,0.5147756727852812,0.11502097979489688
1048,CVX,0.7019591470095232,0.4670186986862488,0.5000159278878356,0.1291889340119956
1049,CVX,0.6974710170123073,0.45949853373845406,0.48653983722747385,0.0
1050,CVX,0.693877634866146,0.46851550676716014,0.4777593155958242,0.0
1051,CVX,0.6900111710393393,0.4783613943068975,0.47291913793562995,0.0
1052,CVX,0.6854927260881691,0.48737025243525156,0.47104554647158137,0.0
1053,CVX,0.6796399752453777,0.4732889280649578,0.46642283232396176,0.0
1054,CVX,0.6736659238669853,0.4632656359761085,0.46050106543189895,0.0
1055,CVX,0.6683135377335523,0.4699349745641196,0.4572431969254313,0.0
1056,CVX,0.6652810243435052,0.4775818060972482,0.45633329693756997,0.0
1057,CVX,0.6616723334093484,0.4908890288411065,0.45855748902111304,0.0
1058,CVX,0.6593372980990129,0.5201605918530009,0.46683052933095737,0.0
1059,CVX,0.6554253465713558,0.5346362922394966,0.4766602920503148,0.13417831802538902
1060,CVX,0.6540303793065387,0.5691346739438118,0.4921773211669191,0.1029350097571393
1061,CVX,0.6531509550506733,0.5990006266844808,0.5112164922081667,0.08979940151600957
1062,CVX,0.6550766075315009,0.6266144985175504,0.5325737687667382,0.06942526688391468
1063,CVX,0.6578665142976456,0.6327377249688226,0.5510179839539051,0.08062630718431525
1064,CVX,0.6598679842404724,0.6260766452290065,0.5642956432627872,0.13589903875389903
1065,CVX,0.660777724375742,0.6165181642650259,0.5727972901555051,0.17703465391191972
1066,CVX,0.6615737591406301,0.608749859269457,0.5778752648345851,0.0
1067,CVX,0.6621423452213175,0.6040185581803862,0.5808880393116844,0.0
1068,CVX,0.6623697902037184,0.6036102015823124,0.5832076679062882,0.0
1069,CVX,0.6637040960953389,0.6036731184198209,0.5850773284318302,0.0
1070,CVX,0.6636131206936371,0.6008406820549461,0.585944701127553,0.0
1071,CVX,0.6649474265852575,0.6160424202072051,0.5900109960348529,0.0
1072,CVX,0.6657662052005708,0.6218378380044709,0.594549703898521,0.0
1073,CVX,0.6684499795507621,0.624835714481036,0.5988457276182426,0.0
1074,CVX,0.6717250940120136,0.6331660513042444,0.6041305721654134,0.0
1075,CVX,0.6762132166056318,0.6660214581764108,0.6156471845429596,0.17194713650801335
1076,CVX,0.6813988256080075,0.6998519256975863,0.632365521407462,0.12937655467931997
1077,CVX,0.6863873018055884,0.7289070076477709,0.6521858527687362,0.11184915298347121
1078,CVX,0.6891165703347779,0.7422087564464009,0.6709930155760372,0.0849849572031782
1079,CVX,0.6913909553773134,0.7364884822822803,0.6847697439609656,0.12575340073267166
1080,CVX,0.6907693077158967,0.720053238598214,0.6921450855489837,0.1513322076093294
1081,CVX,0.6878580976378013,0.6823547341403385,0.68968221556121,0.38354823248938613
1082,CVX,0.6851743168094622,0.6586602182486457,0.6824554608948367,0.0
1083,CVX,0.684006798228844,0.6413976850842658,0.6728444877947555,0.0
1084,CVX,0.6836277303532894,0.6252483986188596,0.6615731057560101,0.0
1085,CVX,0.6837338794273373,0.6137627839639673,0.650007998761338,0.0
1086,CVX,0.6850226976181064,0.6179149260230125,0.6416770361482624,0.0
1087,CVX,0.6850681853189577,0.6083323962139773,0.6328864504393503,0.0
1088,CVX,0.684719446279102,0.5996077138113445,0.623918473557907,0.0
1089,CVX,0.6845981457435002,0.5957773406899024,0.6158943512047372,0.0
1090,CVX,0.6845374954756993,0.5906717163025195,0.6083424071128035,0.0
1091,CVX,0.6833851403874824,0.5918400122406201,0.6025600299270562,0.0
1092,CVX,0.6837793782335835,0.604438319775735,0.6007289724897122,0.22240138891170502
1093,CVX,0.6840674577511416,0.6117616725531861,0.6008887599116068,0.12735120254472418
1094,CVX,0.6835064316685866,0.614010066196079,0.6015153798782422,0.07826836787599858
1095,CVX,0.6806861932903931,0.61672324232665,0.6026185745472936,0.05711853274297669
1096,CVX,0.6765467958548861,0.6125545491733377,0.6025763355581304,0.0786578752982549
1097,CVX,0.6725438791054739,0.6143792925631312,0.6029473506209929,0.06662061170101623
1098,CVX,0.6690109982297194,0.6129771052727259,0.6029330974618506,0.16293197785326796
1099,CVX,0.6671763368832373,0.6164491550832557,0.603691944321949,0.0
1100,CVX,0.6661452758524744,0.6176881384980871,0.6045738814083527,0.0
1101,CVX,0.6670095347650404,0.6164763189944971,0.605010597598341,0.0
1102,CVX,0.6673279486709953,0.6159349021833123,0.60523986110781,0.0
1103,CVX,0.6659784802124245,0.5984030845017438,0.6015339637065881,0.0
1104,CVX,0.6641741347453456,0.5773793120561128,0.5939052724179977,0.0
1105,CVX,0.662218163608765,0.5609023473213582,0.5841470227508665,0.0
1106,CVX,0.6584426844381577,0.5411323854429401,0.5719545985454538,0.0
1107,CVX,0.6554708213159115,0.5227869537878711,0.5581308565385261,0.0
1108,CVX,0.6532722491081282,0.5169325344012493,0.5457731019150622,0.0
1109,CVX,0.6499364936335716,0.5034095273786328,0.5328869159454295,0.1906347025607195
1110,CVX,0.64765453378571,0.5037014360938665,0.5226427250278644,0.10804760089078026
1111,CVX,0.6454104775788725,0.5105191076117932,0.515959823899297,0.08996800073319043
1112,CVX,0.6419230825530713,0.5143840385881062,0.5114709102570955,0.0990129884802063
1113,CVX,0.6391635073989734,0.5241370107288857,0.5100434063725602,0.09628384269030169
1114,CVX,0.6380111606398016,0.5474964271542209,0.5140835225240938,0.08955817494373541
1115,CVX,0.6372530322922909,0.5719738192597883,0.5227457496034129,0.13928745071354934
1116,CVX,0.6368891362381826,0.5898332351480531,0.5336375147919181,0.0
1117,CVX,0.6361765029951192,0.6052244243198612,0.5457653520454884,0.0
1118,CVX,0.6357671099856637,0.6179910719599699,0.5582998112064221,0.0
1119,CVX,0.6351757698746043,0.630445573520053,0.5710903205206448,0.0
1120,CVX,0.6345237794957441,0.6378754570075212,0.5829709944189525,0.0
1121,CVX,0.6358884105212654,0.6641310755558701,0.5983001544982934,0.0
1122,CVX,0.637162066145085,0.6835359621355678,0.614868317692726,0.0
1123,CVX,0.6403462052046356,0.7025058028505081,0.6323311715694618,0.0
1124,CVX,0.6441368469421942,0.7157651401043881,0.6492429436916348,0.0
1125,CVX,0.6481549271840059,0.727147852648139,0.6652975346565657,0.0
1126,CVX,0.6519513215165453,0.7247991734010442,0.6776201697562352,0.3224569546024272
1127,CVX,0.6561816888010572,0.7229264710107536,0.6870628322209478,0.2259961547850331
1128,CVX,0.6586531899902939,0.707770379352807,0.6912546917898886,0.16101153189825138
1129,CVX,0.6629290218394157,0.705226897007631,0.6940439261004253,0.11006790945905012
1130,CVX,0.6666514348020467,0.7055511908347571,0.696347255812162,0.1107904363607124
1131,CVX,0.6700463311360352,0.7063833924545105,0.6983745375515684,0.12965078058555515
1132,CVX,0.6724723279663278,0.6923497492436149,0.6968830996904847,0.25615639321026457
1133,CVX,0.6744131337596091,0.6805546084574736,0.6930732818822144,0.0
1134,CVX,0.6751004556958122,0.6710478670211422,0.6879164251249168,0.0
1135,CVX,0.6754491928847681,0.6645314710505907,0.6823453239363705,0.0
1136,CVX,0.676252808933131,0.6622067124983384,0.677372711948115,0.0
1137,CVX,0.6782997554714125,0.6750454859241977,0.6762428123046704,0.0
1138,CVX,0.6801647512062914,0.6829553060081185,0.6770936295339821,0.0
1139,CVX,0.6815293822318136,0.6851954450974853,0.6782712421329616,0.0
1140,CVX,0.6827272250208809,0.6821090852702776,0.67852864538564,0.0
1141,CVX,0.6822420228784738,0.6805535372673632,0.6783894808024834,0.0
1142,CVX,0.681574869932664,0.6759205077669866,0.6772503447180307,0.0
1143,CVX,0.6828151621714049,0.6977541828163603,0.6811826803110778,0.22561500527268832
1144,CVX,0.6834747301319419,0.7067321677001912,0.6863202504414054,0.13058052601226536
1145,CVX,0.6833079418954888,0.7055013798137215,0.6901572650666218,0.09908230149171399
1146,CVX,0.6830444201096562,0.6924210806275084,0.6903251060592461,0.08109406193557088
1147,CVX,0.6826350243238526,0.6808567328550337,0.6878939111113351,0.09578611474488057
1148,CVX,0.6834386385213156,0.672329551485028,0.6840572610284927,0.10386172904405397
1149,CVX,0.6840603093189728,0.6733222377615913,0.6812081613041322,0.2117983714756639
1150,CVX,0.6846668027424867,0.6766086696728002,0.6796579529102855,0.0
1151,CVX,0.6848957562078057,0.6758141699352833,0.6782415321177852,0.0
1152,CVX,0.6863665326055752,0.6749234982292336,0.6769108063438223,0.0
1153,CVX,0.6880192524031505,0.6756854532331571,0.6760152599859773,0.0
1154,CVX,0.6895456680180319,0.6746414329713571,0.6750672144807615,0.0
1155,CVX,0.6900915204282398,0.6636052474228453,0.6718604793418397,0.0
1156,CVX,0.6911377375478063,0.663418720989249,0.6692537116771089,0.0
1157,CVX,0.6908799739096514,0.6631456403212804,0.667107716554643,0.0
1158,CVX,0.6913348509181585,0.6689920285855466,0.6666878998276073,0.0
1159,CVX,0.6915497044918437,0.6670553274857057,0.6659224031755314,0.0
1160,CVX,0.6943775269298609,0.690506559901717,0.6705124938330774,0.15898545925418045
1161,CVX,0.6985320767523735,0.7246778753785241,0.6817652279997534,0.13394127040807063
1162,CVX,0.7029746986888457,0.7507968155737667,0.6965617151798943,0.0926706317744102
1163,CVX,0.704986788166325,0.7683341941064951,0.7122894467678134,0.1113803895189504
1164,CVX,0.7081027077054447,0.7856475156750211,0.7287124684488995,0.0750865980338161
1165,CVX,0.7123740048513154,0.803137655390249,0.7457309480441853,0.10843047962586537
1166,CVX,0.7181812707696036,0.8210136612891149,0.763311395620516,0.15798913875196807
1167,CVX,0.7237914159139427,0.8300041299863643,0.7793702247820818,0.0
1168,CVX,0.7293560770592293,0.8353661585518285,0.7934068157515513,0.0
1169,CVX,0.7345113470459603,0.8407445889264848,0.8058292547912607,0.0
1170,CVX,0.7395908069742898,0.8447003170568391,0.816644755982114,0.0
1171,CVX,0.744624779201768,0.8419992728657866,0.8246979496229597,0.0
1172,CVX,0.7495374508936434,0.8363467624126721,0.8298865355687607,0.0
1173,CVX,0.7543894723177189,0.8308512207098588,0.8328182577517401,0.0
1174,CVX,0.7597115333172519,0.8284615900004111,0.8346335130371754,0.0
1175,CVX,0.765124569718485,0.8156489099978061,0.83324331595746,0.0
1176,CVX,0.7695672018349047,0.8013437717824802,0.8289576658184985,0.0
1177,CVX,0.7739795171464703,0.7880938345968451,0.8225897420243721,0.19971139272464117
1178,CVX,0.777876303330828,0.7765086329727287,0.8149253089694064,0.10518573725555634
1179,CVX,0.7820206831280876,0.7624945253086959,0.805684833094004,0.06418557787886045
1180,CVX,0.784037307308818,0.7512896214328757,0.7958067247061972,0.060970376397031845
1181,CVX,0.7846119652646122,0.7412794238369013,0.7856835473414604,0.06759863126256027
1182,CVX,0.785354939374221,0.7345009448999211,0.7760812484376144,0.08849902601529151
1183,CVX,0.7866968182202703,0.7332349202088603,0.7681185508027211,0.10632097198457417
1184,CVX,0.787454938238735,0.7296025961281591,0.7609425876082675,0.0
1185,CVX,0.7873533470041796,0.721581021719981,0.7534222882120639,0.0
1186,CVX,0.7874746503161303,0.7229238950255046,0.7477039555217296,0.0
1187,CVX,0.7879446898915878,0.7240298528816709,0.7433746382001823,0.0
1188,CVX,0.7879446898915878,0.7190969846664714,0.7388168628532532,0.0
1189,CVX,0.7869894481737223,0.7069123199659522,0.7324675619652498,0.0
1190,CVX,0.7850638021710417,0.6876388623981631,0.7231124427090272,0.0
1191,CVX,0.7835930331768699,0.6736816629102812,0.7125320425439836,0.0
1192,CVX,0.7808182834249768,0.6463550816525866,0.6980055160432589,0.0
1193,CVX,0.7778919080035811,0.6243257526906852,0.6814972459626366,0.0
1194,CVX,0.772372733633695,0.5819610589116957,0.6588923259532472,0.22642039076399076
1195,CVX,0.7677784851022702,0.5511168453423683,0.6339658220381764,0.09999432238533595
1196,CVX,0.7624715866696885,0.5176251652510695,0.6065947295089444,0.0894554302925816
1197,CVX,0.7568732641445388,0.4892746429670954,0.5784084951325434,0.07790119624747137
1198,CVX,0.7516876690239069,0.47393979162351224,0.552457580672418,0.07176879600272872
1199,CVX,0.7457060483928837,0.45141752569895643,0.5267004456889901,0.09739097754978936
1200,CVX,0.7390572479780122,0.4295329887790581,0.5012398098998802,0.20706981189226825
1201,CVX,0.7324630444648257,0.41544084868207387,0.4777450609006957,0.0
1202,CVX,0.725609566054219,0.40624010260651566,0.45690814207024744,0.0
1203,CVX,0.7183163685748069,0.4018354096080262,0.43926145740580674,0.0
1204,CVX,0.711387075478549,0.40364345900212906,0.4255452124850476,0.0
1205,CVX,0.7045487577839937,0.4046296145139201,0.41479098808695525,0.0
1206,CVX,0.6986353566734023,0.4271205405063875,0.41117705944429767,0.0
1207,CVX,0.6932526454060683,0.45417885145660253,0.4142886090522082,0.0
1208,CVX,0.6875211950988795,0.46870325097132265,0.41999998276288475,0.0
1209,CVX,0.6828359619112563,0.4864693667852892,0.42851036730310677,0.0
1210,CVX,0.6787420688346932,0.49987330840587685,0.43829224339932316,0.0
1211,CVX,0.6753304801654938,0.5213879249854042,0.45089060790012075,0.18406596177783693
1212,CVX,0.6738445550825185,0.5454047706668544,0.4662972647325946,0.11520615073000579
1213,CVX,0.6713275652669815,0.5530708788228909,0.4803232613966404,0.10061684257184993
1214,CVX,0.6696445194100553,0.544231931288456,0.4895832015123159,0.1396837309248719
1215,CVX,0.6684466636646924,0.5455811933340602,0.49729047772772256,0.10827067062428111
1216,CVX,0.6665664970338163,0.5296452459896736,0.4999210228976624,0.13053671903617736
1217,CVX,0.6644167469219466,0.5118580201685773,0.4980794903580188,0.199661389367067
1218,CVX,0.6623394659952675,0.505362926399554,0.4951653742844615,0.0
1219,CVX,0.6609293398652989,0.4969667490931885,0.49097144961451167,0.0
1220,CVX,0.6600195941773306,0.4912995818374971,0.4863590894049804,0.0
1221,CVX,0.6589885396247155,0.48783511097200327,0.4819006331846276,0.0
1222,CVX,0.6570780561889862,0.4761724954580301,0.47574660047157036,0.0
1223,CVX,0.6551372476193551,0.4686984720238847,0.4691653157231071,0.0
1224,CVX,0.6532874144514267,0.4683704981369725,0.46382752926611814,0.0
1225,CVX,0.6521653844971089,0.4751910611241019,0.4610703931577489,0.0
1226,CVX,0.6491328711070627,0.479804389865256,0.4598881182166228,0.0
1227,CVX,0.6455999930076572,0.48658682801026854,0.460446933597729,0.0
1228,CVX,0.6478364808873129,0.5502195971326747,0.4750104600635596,0.29887842613063065
1229,CVX,0.6491707858534843,0.5953107959279009,0.49666444079469685,0.20161382594277943
1230,CVX,0.6512783891377145,0.6376439116256785,0.5233789239533092,0.09319156012493057
1231,CVX,0.6513693839738579,0.657406874274212,0.5491347822228777,0.08648145538302715
1232,CVX,0.65062640986425,0.6690529159064004,0.5723230597783177,0.08798184431404184
1233,CVX,0.6504899523143957,0.6724891603208574,0.5916359880393621,0.10279868936444435
1234,CVX,0.6506567414762978,0.6624109224836829,0.6048505457534267,0.17315543089780955
1235,CVX,0.6500805676339869,0.6530251503463662,0.6133400255867323,0.0
1236,CVX,0.6513087438860028,0.6478963012102593,0.618993810999785,0.0
1237,CVX,0.6531282445164344,0.6439279240634482,0.6226364832774192,0.0
1238,CVX,0.654053161100399,0.6366194097552073,0.6239292795358939,0.0
1239,CVX,0.6561455953395319,0.6393173893780342,0.6255620440019949,0.0
1240,CVX,0.657313112994701,0.6302412633134796,0.6248547820008227,0.0
1241,CVX,0.6588445322566727,0.6266453548211687,0.6234912458508614,0.0
1242,CVX,0.6609672916297065,0.61999739554122,0.620925614770108,0.0
1243,CVX,0.66249871089168,0.6081136860760563,0.6162367940588938,0.0
1244,CVX,0.6642424060909562,0.6051470076218285,0.6118276011189847,0.0
1245,CVX,0.6661225727218332,0.6098876396949621,0.609351922045218,0.18344934976901905
1246,CVX,0.6700345038895978,0.634355024189344,0.6127992928274192,0.10650239627041239
1247,CVX,0.6739388722828812,0.6548456918755322,0.6201028973474285,0.07661523093625594
1248,CVX,0.6722179061268347,0.6635694873141377,0.6278810925111317,0.08301594890953773
1249,CVX,0.6707622895196668,0.6673553444897601,0.634943513946304,0.06531735416239765
1250,CVX,0.6686698478769371,0.6692908712017753,0.6410228338353599,0.07243281753501027
1251,CVX,0.6685636988028891,0.6795461177942905,0.6481613427662035,0.11108080167919056
1252,CVX,0.6688821145597439,0.6883008518934327,0.655814324978865,0.0
1253,CVX,0.6689579255435953,0.6865039152147079,0.6615380732145304,0.0
1254,CVX,0.6705499950733698,0.6893441655180451,0.6667471609940665,0.0
1255,CVX,0.6722482025717964,0.6909752619628122,0.6712762782838237,0.0
1256,CVX,0.6740677106058248,0.6954196426768011,0.6758855261511948,0.0
1257,CVX,0.6759023812068028,0.6985818652475971,0.6802744408780154,0.0
1258,CVX,0.6787984314942985,0.7082619412973375,0.6859330282129035,0.0
1259,CVX,0.681906757719096,0.725858585973965,0.6943635876942443,0.0
1260,CVX,0.6859551630948086,0.7381194938059541,0.7038280298825234,0.0
1261,CVX,0.6888967010831548,0.7374711305205262,0.7112557488811487,0.0
1262,CVX,0.6894724140515427,0.705066196162744,0.7100091214417603,0.15144114864196934
1263,CVX,0.6917467990940791,0.6912779789532872,0.705953002238585,0.10938558698610021
1264,CVX,0.6930143967245357,0.6744651451675364,0.6989783000959521,0.09019366430080175
1265,CVX,0.6934237693740979,0.6578445415724761,0.6897113764930135,0.0868646223219023
1266,CVX,0.6921198108271689,0.645618415523803,0.6795855590970157,0.06170198171808078
1267,CVX,0.690884057918927,0.6380049762352344,0.6697959181932412,0.0616420353297498
1268,CVX,0.6905959654450742,0.635638207764331,0.6614391548331799,0.13227271456556017
1269,CVX,0.6905353262826681,0.6336300871483311,0.6543082569664527,0.0
1270,CVX,0.6903988641055658,0.6305514781483963,0.6479205713120931,0.0
1271,CVX,0.6893981374631997,0.6275281637931291,0.642139722148587,0.0
1272,CVX,0.6883519203436332,0.6259568851885146,0.6371664659111411,0.0
1273,CVX,0.6875937919961208,0.6200441076971365,0.6318761535756201,0.0
1274,CVX,0.6864414369079039,0.6159507280840012,0.6267358167523732,0.0
1275,CVX,0.685956234765495,0.620544315906189,0.6236426018578356,0.0
1276,CVX,0.6847887171103277,0.6203821561765158,0.6211320559673895,0.0
1277,CVX,0.68366668715601,0.6213057414194146,0.6193285100274541,0.0
1278,CVX,0.6818471791219824,0.6222105438606785,0.6180863972178867,0.0
1279,CVX,0.6796637731829467,0.6297898787843329,0.6187741281480713,0.14328901623653692
1280,CVX,0.6770558190711036,0.6304873989926422,0.6194790527555494,0.08396039272954063
1281,CVX,0.675381414137493,0.6325825126416907,0.6205077784016423,0.059761217395865485
1282,CVX,0.6753056198117351,0.621633606917638,0.6189018225878202,0.061279042656178354
1283,CVX,0.6739334093536389,0.610918874699211,0.6152400713213927,0.05933842243585808
1284,CVX,0.6729082656478917,0.6013618667909365,0.6101905165407228,0.13538373037728468
1285,CVX,0.6714526721769642,0.5863823833650441,0.6028277815849622,0.16885715957296268
1286,CVX,0.6698605915417932,0.5747101036798505,0.594348181956398,0.0
1287,CVX,0.6680562423729173,0.5659337903940097,0.5856175399975175,0.0
1288,CVX,0.6659334922543811,0.5598699766207428,0.5772878127672698,0.0
1289,CVX,0.6638562205821987,0.5563440088218186,0.5698418202760365,0.0
1290,CVX,0.6628554911634827,0.565153513935908,0.5658393519084919,0.0
1291,CVX,0.661096633397257,0.563600399978361,0.5622928300046918,0.0
1292,CVX,0.6583673713462135,0.5529154292210905,0.5570852282333201,0.0
1293,CVX,0.6561384740045293,0.5463634984390132,0.5514656478900393,0.0
1294,CVX,0.6535911627568893,0.5390015902352213,0.5453367969984033,0.0
1295,CVX,0.649679220483729,0.5264508531898183,0.5376494251463348,0.0
1296,CVX,0.6464041004697805,0.521143622423609,0.5303221565238257,0.1683679336393481
1297,CVX,0.6434853063318604,0.5232040442569308,0.524917431455035,0.07890428953875
1298,CVX,0.6413473834664272,0.534964287029903,0.5232025770450857,0.07606245606693475
1299,CVX,0.6391639701237954,0.5515274769511567,0.5255051185935589,0.0501818998220918
1300,CVX,0.6368744077071158,0.5589529058888402,0.5289944300692959,0.05956941777358537
1301,CVX,0.6345320946607869,0.5665367490061937,0.5334683005382135,0.0639881582826743
1302,CVX,0.6338198917518065,0.5791089273641742,0.539836444653763,0.10324338781249576
1303,CVX,0.6332209685063726,0.5885903951513898,0.5470343556788102,0.0
1304,CVX,0.6328268889121604,0.5974318282895816,0.5547540931278033,0.0
1305,CVX,0.6330239976552647,0.6036096626907331,0.5623003914099454,0.0
1306,CVX,0.6333727366951205,0.6100351843321058,0.5697628859991823,0.0
1307,CVX,0.6337518008688763,0.6153790601008017,0.5769183822428162,0.0
1308,CVX,0.6344341163816374,0.6232502436797103,0.5843889449498264,0.0
1309,CVX,0.6348586682562436,0.6269994240804614,0.5911971239397785,0.0
1310,CVX,0.6345554169172383,0.6324580816481506,0.5978546312241484,0.0
1311,CVX,0.6347828554214923,0.6335250437103042,0.6034173349447083,0.0
1312,CVX,0.6342521655782329,0.6155068519612498,0.6038702911083706,0.0
1313,CVX,0.6356926094385065,0.6248279527252601,0.6063004754961846,0.22081425063988444
1314,CVX,0.6370875637470288,0.6284926300593674,0.6090576054305641,0.07575638364189871
1315,CVX,0.6393316310592603,0.6331810397706967,0.612303399499222,0.045740247111693666
1316,CVX,0.6401959084808189,0.624531798910279,0.6129812626057445,0.046712934903121735
1317,CVX,0.6408099905914044,0.6199610658702104,0.6125095686966546,0.07584904116040068
1318,CVX,0.6404574636861602,0.6144722332255563,0.6109145553522312,0.06761318555395794
1319,CVX,0.6384559937433334,0.5979336125159863,0.6059695701039337,0.11848129860016536
1320,CVX,0.6369852321527585,0.5849083268279953,0.5991240155483806,0.0
1321,CVX,0.6356192388653623,0.5773607020556834,0.5919731853961011,0.0
1322,CVX,0.6337087637586798,0.5717857497599909,0.5850157580292384,0.0
1323,CVX,0.6311159648101903,0.5594025282324455,0.576702687115061,0.0
1324,CVX,0.6301455605253752,0.5698268596872457,0.5723647936692136,0.0
1325,CVX,0.6304488118643796,0.591989173236941,0.5738110294710886,0.0
1326,CVX,0.6301910482262256,0.6047146218831448,0.5777910677688912,0.0
1327,CVX,0.6301152353914743,0.6171163611042364,0.5837263354455302,0.0
1328,CVX,0.6294632450126141,0.6239696764280319,0.5899949085154159,0.0
1329,CVX,0.6277195405588403,0.6145447380917596,0.5929189118926061,0.14045539657273817
1330,CVX,0.6272191767749336,0.6239100068466161,0.5973357324037284,0.08081680988954013
1331,CVX,0.6277877730355668,0.6402457739872718,0.6044931617737384,0.07436839418900462
1332,CVX,0.628697527052581,0.6379788380212833,0.6097162017590279,0.06114690121843916
1333,CVX,0.6289628766014586,0.6520838713581082,0.6170237343880872,0.05491146811875264
1334,CVX,0.6292661233132151,0.6596153866590959,0.6245405732283169,0.055355301955433894
1335,CVX,0.6288870591394584,0.6592485348505438,0.630472660853768,0.11345156605616458
1336,CVX,0.6295845316664712,0.6585380482260417,0.6350607145842174,0.0
1337,CVX,0.6300394105258773,0.6570511651326898,0.6384013032017606,0.0
1338,CVX,0.6304374260574228,0.652911548728154,0.6401554298398907,0.0
1339,CVX,0.6319082061569912,0.6491457101488464,0.6407233068284258,0.0
1340,CVX,0.6349407195470373,0.6632374481205535,0.6443037595785374,0.0
1341,CVX,0.6377609569997809,0.6736377601278425,0.6494753565216919,0.0
1342,CVX,0.6402931056804713,0.6777635396858007,0.6545279087267912,0.0
1343,CVX,0.6429768800306617,0.6734907075593161,0.6576220532809983,0.0
1344,CVX,0.644250535654483,0.6729934098875634,0.6599870469969922,0.0
1345,CVX,0.6442808607883821,0.6713370392084256,0.6615115879957503,0.0
1346,CVX,0.6466992948441934,0.6915526727679325,0.6672159143374969,0.14065584230871986
1347,CVX,0.648109420974162,0.6974096781797317,0.6730787101199832,0.07596158474041628
1348,CVX,0.6495650209232373,0.6987355197306808,0.6780630751998113,0.05194830085132517
1349,CVX,0.6523094649756729,0.6987297133352371,0.6820492791564239,0.051201420729403445
1350,CVX,0.6530827475610872,0.6921832312118226,0.6837859521414373,0.06663113113935316
1351,CVX,0.6532571254100628,0.6884892643465088,0.6843558104325616,0.05582882078249058
1352,CVX,0.6555011788405487,0.6934278771487152,0.6859072929506431,0.10098559932122243
1353,CVX,0.6561455833086862,0.6944233526479279,0.6873693180760931,0.0
1354,CVX,0.6570098561029978,0.6936923177265455,0.6883767633140235,0.0
1355,CVX,0.6588596818673293,0.6976293221300841,0.6900561157387385,0.0
1356,CVX,0.6601939877589489,0.6940128935665373,0.6905973188986256,0.0
1357,CVX,0.6625138605023357,0.7010108661814066,0.692582731539256,0.0
1358,CVX,0.665485723624581,0.710404611054276,0.6962549966839965,0.0
1359,CVX,0.6679117343366192,0.7104024716629538,0.699192334191144,0.0
1360,CVX,0.6691702273934883,0.7135176414488782,0.7022332823064028,0.0
1361,CVX,0.6704135578834078,0.7145733019394193,0.7049002315189412,0.0
1362,CVX,0.671520425270776,0.7093652289159057,0.7058784171832745,0.0
1363,CVX,0.672202750963482,0.6926096214095241,0.7029438541749339,0.12281127234191805
1364,CVX,0.6724620341899499,0.6773216827820956,0.6972046840593976,0.08081969192744065
1365,CVX,0.6727804490213538,0.6646978025397065,0.6898128305337298,0.0753876268925262
1366,CVX,0.6720502229805776,0.6645158665579203,0.6838589865184643,0.08773499776786164
1367,CVX,0.671678724357653,0.6587641416171292,0.6778199323157518,0.06800038734589382
1368,CVX,0.671769696057555,0.6566747316280627,0.672525168309595,0.08845838928089407
1369,CVX,0.671769696057555,0.6534418305080917,0.6675721611417345,0.10298011365028256
1370,CVX,0.6717697034611527,0.6448831829239999,0.6617110807286645,0.0
1371,CVX,0.6722548972745139,0.6456486268391428,0.657192024649504,0.0
1372,CVX,0.6722852288865608,0.6494159851056425,0.6544125412398657,0.0
1373,CVX,0.6722094160518104,0.6487928201603144,0.6520507098314653,0.0
1374,CVX,0.6720123026814564,0.6459393657059552,0.6495282262673906,0.0
1375,CVX,0.6715271005390502,0.6454938314628924,0.6474114008347402,0.0
1376,CVX,0.671648401074652,0.6459092266991715,0.6458100929471785,0.0
1377,CVX,0.6719971401145068,0.6591909630804424,0.6474755047439269,0.0
1378,CVX,0.6711177112313935,0.6600700821767249,0.6490028604575385,0.0
1379,CVX,0.6711177112313935,0.6639339376268054,0.6510819136912872,0.0
1380,CVX,0.6706021830296356,0.6647669611629397,0.6529299565845668,0.15619708758542
1381,CVX,0.670238291602776,0.6663081294712344,0.65475028805221,0.10659130713964367
1382,CVX,0.6699805214864742,0.6632327593046147,0.6555243043773249,0.07069984814542302
1383,CVX,0.6705111974479872,0.6576064051811503,0.6548953510649707,0.06859106101360696
1384,CVX,0.6712374903277816,0.6536530827599115,0.6535151721453418,0.07023944259081373
1385,CVX,0.6721775620750998,0.6526013097538936,0.652177700699911,0.07446422194919716
1386,CVX,0.6722027343053876,0.6512584459132582,0.6508098188166553,0.12009221368466527
1387,CVX,0.6726955260603171,0.6500460836888503,0.6494465594321889,0.0
1388,CVX,0.6732413886504718,0.6522137652722348,0.6488368365613058,0.0
1389,CVX,0.6737569057468349,0.6520232338630727,0.6483067902358559,0.0
1390,CVX,0.674681973956468,0.6505043363091382,0.6475457966298521,0.0
1391,CVX,0.6753491269022778,0.6537991748187244,0.6476679380743418,0.0
1392,CVX,0.6753491269022778,0.6518969386999837,0.6473436537687424,0.0
1393,CVX,0.6762133932184407,0.6565951134529201,0.648126482749971,0.0
1394,CVX,0.677259610338008,0.6598832747806617,0.6494822009792691,0.0
1395,CVX,0.6783816402923248,0.6649495553342912,0.6516906936243252,0.0
1396,CVX,0.6785332659618284,0.6584675262497384,0.6520194960052222,0.0
1397,CVX,0.6784422887092276,0.6634536421914264,0.6533886720264502,0.13382786221668486
1398,CVX,0.6788365117481359,0.6632817850981655,0.6544458875779467,0.10497952744377359
1399,CVX,0.6786166480492097,0.6593284027928347,0.6544146304645416,0.09159073217308251
1400,CVX,0.6791356633452219,0.6624603363949807,0.6550844218159427,0.07896798257635167
1401,CVX,0.6801060667045862,0.6709428788411567,0.6575020461959812,0.06213817815432563
1402,CVX,0.6809703441261457,0.6720507483515812,0.65968191861754,0.06440115431381992
1403,CVX,0.6824866008211696,0.6769878930484632,0.6625210867513162,0.15312454697966751
1404,CVX,0.6838663851591447,0.6795437971253034,0.6653594302751719,0.0
1405,CVX,0.6849580964577093,0.6800331052893069,0.6677386546065462,0.0
1406,CVX,0.6861331852164056,0.6805296432027297,0.6697521874520729,0.0
1407,CVX,0.6875433039427783,0.6830875769141643,0.6719304730052297,0.0
1408,CVX,0.6891960237403536,0.6905811728480038,0.6753355020446727,0.0
1409,CVX,0.692365000232952,0.7113043810778257,0.6826568206248775,0.0
1410,CVX,0.6953670368634288,0.7236039981039113,0.6912424574497646,0.0
1411,CVX,0.6981417866153219,0.7343172438765319,0.7004876237676864,0.0
1412,CVX,0.7006436101621114,0.7342174803435636,0.7078616249966329,0.0
1413,CVX,0.7038125866547107,0.7469481529463143,0.7165850345334441,0.0
1414,CVX,0.708421997753085,0.7718191503325448,0.7290812148339265,0.2799558298871365
1415,CVX,0.712333949280743,0.7846176523968796,0.7419174151082978,0.09334963990377451
1416,CVX,0.7181791243927558,0.8047321196029784,0.756648625839475,0.07216392339889105
1417,CVX,0.7233798968875318,0.8215884304272382,0.7721730462741674,0.06839969369701193
1418,CVX,0.7290658594938701,0.834411381461784,0.787437262484871,0.07119296483020329
1419,CVX,0.7350626574990367,0.8422104945370428,0.8013788128403931,0.07953977889581634
1420,CVX,0.7404873656711679,0.8459846734496159,0.8133693276899903,0.13137452745386072
1421,CVX,0.7453393778407467,0.8463906627674874,0.8230518053925827,0.0
1422,CVX,0.7507372470477822,0.8453555660151837,0.8305681587523981,0.0
1423,CVX,0.7559531737804628,0.844577469210144,0.8364086262359376,0.0
1424,CVX,0.761244909646094,0.8416046378213689,0.8404214988673626,0.0
1425,CVX,0.7648990882811013,0.8173629583021123,0.8382539539637657,0.0
1426,CVX,0.7693038139801454,0.8054215875109023,0.8338708104420011,0.0
1427,CVX,0.7732005936863544,0.7910567371394995,0.8271775564351682,0.0
1428,CVX,0.7772035113612175,0.7852638012845239,0.8205378318929978,0.0
1429,CVX,0.7796446846402052,0.7768047316602159,0.8133494682377884,0.0
1430,CVX,0.7846180065998825,0.7941819756638786,0.8114537944588638,0.0
1431,CVX,0.7908801569302764,0.8226707397211973,0.8162572837362182,0.3150025635727125
1432,CVX,0.7976123311034815,0.8408158661580687,0.824125441522411,0.14430147615099226
1433,CVX,0.8042080440250361,0.8650801502622663,0.835802825425402,0.1671115092166131
1434,CVX,0.8092268731200063,0.8797761013476606,0.8484049240596307,0.13346299621847807
1435,CVX,0.8139424323669786,0.8799365626731694,0.858522200163028,0.10603608253810702
1436,CVX,0.8175586962555634,0.8766088394268067,0.865877789473084,0.1323707038541781
1437,CVX,0.8209702738193663,0.8719606843965129,0.8707311010127019,0.1813356631727721
1438,CVX,0.8241240914468131,0.8644411038333808,0.8729455851435437,0.0
1439,CVX,0.8269898203022068,0.852696249443343,0.8721116606056929,0.0
1440,CVX,0.8298555491575996,0.8410387073514094,0.8688583787409865,0.0
1441,CVX,0.8331761513197007,0.8345641143521796,0.8648194111563533,0.0
1442,CVX,0.8363299652453495,0.8263834159439415,0.8597734077280663,0.0
1443,CVX,0.8392411780997948,0.8174746000999996,0.8537602479857325,0.0
1444,CVX,0.8422130412220401,0.8091275418526294,0.8470979850922621,0.0
1445,CVX,0.8466253482045598,0.7973647327183161,0.8391586798035164,0.0
1446,CVX,0.8503523071609269,0.7876635856246926,0.8306551055588907,0.0
1447,CVX,0.854961727513798,0.7852540082400726,0.8233176986751913,0.0
1448,CVX,0.8587068908050037,0.779102369490784,0.8160830761630653,0.2176584191388067
1449,CVX,0.8621260570558782,0.7667391358338023,0.8075526832986302,0.14261908652655927
1450,CVX,0.8636271447058039,0.7594416258161648,0.7991094686665192,0.08868967282241141
1451,CVX,0.8636271447058039,0.7519878248175704,0.7907013245853287,0.11125098601721671
1452,CVX,0.8636878079298995,0.7434656020330673,0.7820842152225485,0.07534482862970338
1453,CVX,0.8639455687917055,0.7501790628085687,0.7766798609308464,0.10682734604369688
1454,CVX,0.863430023931854,0.7436727076129511,0.7709129891887944,0.14243881505588127
1455,CVX,0.8635513142875091,0.7359876601741467,0.7645946190528266,0.0
1456,CVX,0.8639758689384651,0.7315894109489411,0.75856420284893,0.0
1457,CVX,0.8642184598297229,0.7256936309952619,0.752431933322269,0.0
1458,CVX,0.8649462630433344,0.724360582900751,0.7472303905270171,0.0
1459,CVX,0.8656134159891451,0.7183719560910956,0.7417406223171421,0.0
1460,CVX,0.8659469924620504,0.7089758250607787,0.7352643433650632,0.0
1461,CVX,0.8658105293594982,0.7004527254346854,0.7281925315845446,0.0
1462,CVX,0.8651862864781572,0.686669163540174,0.7194772976567493,0.0
1463,CVX,0.8652924244468077,0.6832375881389974,0.7117438400849824,0.0
1464,CVX,0.8653509461804294,0.6801721191776684,0.7048770216900611,0.25239346042544064
1465,CVX,0.8661697210939447,0.6826300829169437,0.6999288486284125,0.11950557487001288
1466,CVX,0.8667944105232479,0.6831792159276648,0.6960921314052273,0.09624594389190974
1467,CVX,0.8672915852076857,0.6885465266899081,0.6942134570844257,0.0987698885832968
1468,CVX,0.8678980786311996,0.6908284847064327,0.6932167536728429,0.09917337388937067
1469,CVX,0.8691717287023213,0.6936372120783177,0.6930424869979709,0.10743516783691816
1470,CVX,0.8694143353262227,0.6873785521966171,0.6915146347810504,0.18280622301151633
1471,CVX,0.870187616060738,0.687572106036345,0.6903352915408348,0.0
1472,CVX,0.8706728107995492,0.6825116467693924,0.6882691902978084,0.0
1473,CVX,0.8696417627250801,0.6754538545348953,0.6850505886364154,0.0
1474,CVX,0.8693081936557725,0.6669116309695292,0.6805806761794627,0.0
1475,CVX,0.8684439273396087,0.6524938286436309,0.673806260012559,0.0
1476,CVX,0.8679738877641503,0.6482384706988935,0.6674427063912531,0.0
1477,CVX,0.8693536813566229,0.664361976032194,0.6659287476933478,0.0
1478,CVX,0.8702331102397363,0.6753106184239798,0.6671464586473419,0.0
1479,CVX,0.8710367262880991,0.6786444601379112,0.6688602163214153,0.0
1480,CVX,0.8728259091882267,0.6881708550220911,0.672344584948024,0.0
1481,CVX,0.8751306165883133,0.7005507634792648,0.677878473889061,0.165570483551201
1482,CVX,0.8780595798260364,0.7102155173442994,0.6844496414783661,0.13823867712154736
1483,CVX,0.88050076235952,0.7193605414346863,0.691735333657521,0.10595307984657183
1484,CVX,0.8829289108602332,0.7255892084998787,0.6989456725863017,0.07319209041990428
1485,CVX,0.8845588821801353,0.7257684755094181,0.7047537128316766,0.09003760194848819
1486,CVX,0.8856945708457333,0.718440782576877,0.7077745488238796,0.13853985008215247
1487,CVX,0.8859100386588548,0.7068094168966472,0.7076108824327058,0.1777986821593496
1488,CVX,0.8863649156673628,0.6982775575079909,0.7055872174103143,0.0
1489,CVX,0.8865241207694403,0.689179251351671,0.7019498913238199,0.0
1490,CVX,0.8876158265153071,0.6842071773058751,0.6979370114321649,0.0
1491,CVX,0.8882374917602673,0.6801196129893237,0.6938199106459152,0.0
1492,CVX,0.8890259452416789,0.6736795375312079,0.6890975453933663,0.0
1493,CVX,0.8907848030079064,0.6766355803240611,0.6859754301169502,0.0
1494,CVX,0.8923768725376808,0.6740358795269933,0.6829010128902244,0.0
1495,CVX,0.8946967452810677,0.6724382719296235,0.6800870613036999,0.0
1496,CVX,0.8971379185600563,0.679374199001909,0.6793745857878816,0.0
1497,CVX,0.8960310557999369,0.6637139291265841,0.6753304866452498,0.23653490277589242
1498,CVX,0.8929378976947859,0.6272646412934582,0.6640091938356225,0.10069091094589348
1499,CVX,0.8903905947761936,0.6001950864949479,0.6489469726986562,0.09165197547846872
1500,CVX,0.8854627697718636,0.5598253242058508,0.6279414531096891,0.07172873567591137
1501,CVX,0.8785562316314275,0.5121578335050839,0.6005623459694063,0.09019697864438736
1502,CVX,0.871187223168163,0.4716843296530263,0.5696803032549278,0.10134297202088785
1503,CVX,0.8646218289023633,0.4533699987313817,0.5409117659157477,0.137111512098651
1504,CVX,0.8581170784262149,0.4418032139826378,0.5153309276766589,0.0
1505,CVX,0.852211266928145,0.4380598118812972,0.49403581013539033,0.0
1506,CVX,0.8465268165065236,0.43344541792691177,0.4759760458468786,0.0
1507,CVX,0.8412805664908429,0.4321522061650954,0.46124134464728983,0.0
1508,CVX,0.8368530969413737,0.4441263127630255,0.4521099534908084,0.0
1509,CVX,0.8327592038648106,0.4577694598849962,0.44783147505721366,0.0
1510,CVX,0.8284227097170431,0.4705033923629624,0.44723362404396466,0.0
1511,CVX,0.823904264765873,0.48066203613228564,0.44900896560840386,0.0
1512,CVX,0.8200226476266135,0.4948714055911879,0.4535814857223237,0.0
1513,CVX,0.8156103406440947,0.5100311003809546,0.4606025715452813,0.0
1514,CVX,0.8143063543336764,0.5541066418125972,0.4759972834490452,0.2080309715320942
1515,CVX,0.8135785575982117,0.5969725425021443,0.4978225460809549,0.16015830457780017
1516,CVX,0.8120319692911409,0.6303281580187361,0.5226824606321063,0.07894406166177728
1517,CVX,0.8125291439755795,0.6590805735550168,0.5489489097661434,0.0826957544987891
1518,CVX,0.8146367398562129,0.6757254266601509,0.5736546105423664,0.09856166134498368
1519,CVX,0.8163880144880657,0.685664686602536,0.5956241248073659,0.09169837628866721
1520,CVX,0.8201786562256244,0.696421189301698,0.6155859893167717,0.17430594042770017
1521,CVX,0.8256750784160376,0.7065786781218877,0.6338088470821397,0.0
1522,CVX,0.8308606670585217,0.7056724714812566,0.648186097840479,0.0
1523,CVX,0.8355307312010467,0.7098510546201368,0.6606148871940316,0.0
1524,CVX,0.8400036884513655,0.7107509631777554,0.6707575569462128,0.0
1525,CVX,0.8452044489152977,0.7219555418317708,0.681357348287314,0.0
1526,CVX,0.8508752489546847,0.7311425073789771,0.6918752438797618,0.0
1527,CVX,0.8564550735923717,0.7362390721336726,0.7014201967484817,0.0
1528,CVX,0.8616255089224021,0.7451159089678551,0.7110254217288456,0.0
1529,CVX,0.8662046041413731,0.7462028218141329,0.7189507255447929,0.0
1530,CVX,0.8702833346509866,0.7401434363815299,0.7239467373300725,0.0
1531,CVX,0.8729595175377565,0.71661515295539,0.7227239655642483,0.1417087948556776
1532,CVX,0.8756736123945998,0.7021722254906847,0.718541688118122,0.08646618058215436
1533,CVX,0.8777053954404819,0.6847909663724329,0.7113399582915585,0.0673529375315403
1534,CVX,0.8766895062311661,0.6668516521902645,0.7015988660409003,0.0551652315558941
1535,CVX,0.8753703471738508,0.6564097121451988,0.6914895226152223,0.06578453250607318
1536,CVX,0.8737782730168284,0.6442306195072938,0.6807002033864098,0.08335876731780549
1537,CVX,0.8724168209108312,0.6397620664225276,0.6710774315004338,0.14189093965099098
1538,CVX,0.8714312494318177,0.6348577439555037,0.6622912251717807,0.0
1539,CVX,0.8707413461574331,0.6317292130677463,0.6545682179345536,0.0
1540,CVX,0.8697406074842213,0.6293404946471194,0.6478598920685656,0.0
1541,CVX,0.8685276021282036,0.627558623241146,0.6420979359641901,0.0
1542,CVX,0.8692554053418142,0.6401868906112304,0.6402898617667917,0.0
1543,CVX,0.8694070310113169,0.6491879457543512,0.6408402220365823,0.0
1544,CVX,0.8697709326181213,0.656962416842563,0.6430052209910069,0.0
1545,CVX,0.8704229229969824,0.6774298911738542,0.6492777827690965,0.0
1546,CVX,0.8708778000054895,0.692148353473903,0.6575610176551745,0.0
1547,CVX,0.8716814160538515,0.7059740873340331,0.6672547456159997,0.0
1548,CVX,0.8717875549479528,0.7141329323067557,0.6768197093170619,0.2086383610196304
1549,CVX,0.8716586694270774,0.7123477170772647,0.6840756430630239,0.0998192385828789
1550,CVX,0.8721848143871389,0.7118449920428739,0.6897688641108852,0.08222944076648374
1551,CVX,0.8743606621789404,0.7116828191604241,0.694287464056509,0.07946470180850759
1552,CVX,0.8758996617989396,0.7083877866713886,0.6971713646507636,0.06999706320337935
1553,CVX,0.8780375892916208,0.7064552828937808,0.6990497730016004,0.08561742042044898
1554,CVX,0.8800693677102549,0.6991702042812109,0.6989363571599011,0.2051340911363789
1555,CVX,0.8821314860699827,0.6970510299674776,0.6983755008402673,0.0
1556,CVX,0.8845120201865644,0.6945369273083501,0.6973690801129088,0.0
1557,CVX,0.886574135769945,0.6934598836103992,0.69632500909925,0.0
1558,CVX,0.8884542940717735,0.6885393222712068,0.6943981609909453,0.0
1559,CVX,0.8909106299177125,0.6913140477932384,0.6934722354917903,0.0
1560,CVX,0.8932911529288994,0.6920124458510415,0.6928864297004207,0.0
1561,CVX,0.8960355775468916,0.6960578252088414,0.6933152235092346,0.0
1562,CVX,0.8969604941308571,0.6918570845889263,0.6927263543309046,0.0
1563,CVX,0.8970363069656067,0.6774643653172266,0.6890623372828555,0.0
1564,CVX,0.8983554428866807,0.6806742234998905,0.6868432076967181,0.6207978806646094
1565,CVX,0.8982038172171789,0.680632395387558,0.6850586247606147,0.10917779205347217
1566,CVX,0.8969604802491116,0.6668774066222728,0.680579512652461,0.08425753083708502
1567,CVX,0.8957323178788403,0.6588547879024231,0.6752164624522312,0.10844258418504758
1568,CVX,0.8951788758561108,0.6580771138314708,0.6707535008682646,0.09993322318184478
1569,CVX,0.8946557654454281,0.6502728034849328,0.665451801236716,0.11512199522331037
1570,CVX,0.8930985576037029,0.6340459855894318,0.6576106381802262,0.31092995581547694
1571,CVX,0.8914306659846805,0.6211969863887623,0.6484872492729589,0.0
1572,CVX,0.8901949223309336,0.6138892793363644,0.6395673756674406,0.0
1573,CVX,0.8884208973705086,0.6037914541476535,0.6301913465745799,0.0
1574,CVX,0.8872685506113376,0.5983222314494883,0.6214772154093429,0.0
1575,CVX,0.8864952596968756,0.6030694690893124,0.6155590511529824,0.0
1576,CVX,0.8854338800103596,0.6037421813283937,0.6109737561408989,0.0
1577,CVX,0.8838872981814347,0.6006995878464458,0.6066305425550158,0.0
1578,CVX,0.8833111206373268,0.606290243323991,0.6043962185697931,0.0
1579,CVX,0.8830230318652719,0.6215014316433397,0.6059832525842337,0.0
1580,CVX,0.882704617959317,0.6323955175014901,0.6096696547317926,0.0
1581,CVX,0.8820905358487323,0.6417586287349121,0.6146959156285292,0.22337105056333753
1582,CVX,0.882393783485937,0.6527357749471361,0.6211521256266879,0.10298674233745378
1583,CVX,0.8832277292954487,0.6566928712532771,0.6271949471043012,0.10095994918390773
1584,CVX,0.881901004687303,0.6500370188899584,0.6305526511015838,0.08556136478328372
1585,CVX,0.8809988301028655,0.6474246764790608,0.6326592848423145,0.05551150840964249
1586,CVX,0.8813930716507654,0.6467217801437878,0.6341886593162996,0.07141300842390857
1587,CVX,0.8814916320377408,0.6458049689220928,0.6352087708911622,0.1243829917109708
1588,CVX,0.8808472303459522,0.6423259382069755,0.6352530620999471,0.0
1589,CVX,0.8813779257419085,0.6458978038088141,0.6360808878729166,0.0
1590,CVX,0.882848703065128,0.6492843483613131,0.6374944291495058,0.0
1591,CVX,0.8844559351618528,0.6531742352645354,0.6394882057251071,0.0
1592,CVX,0.8862602806289317,0.6608497995417851,0.6427859959564315,0.0
1593,CVX,0.8885346656714663,0.6672810995153675,0.6468509659866368,0.0
1594,CVX,0.8904754742410965,0.6702593023521697,0.6507636349834879,0.0
1595,CVX,0.8921433566056223,0.6777130126273389,0.6555473224301283,0.0
1596,CVX,0.8959036732092809,0.7033615271476712,0.6650642116669402,0.0
1597,CVX,0.8984509844569208,0.7050090066181491,0.6730432045794545,0.21936573839107928
1598,CVX,0.8993152535494326,0.6940176831566321,0.6769880525074632,0.11103151883109154
1599,CVX,0.8983904905901099,0.6749689234901357,0.6759180999244094,0.08883276600417261
1600,CVX,0.8971509479655788,0.6548455947824772,0.6705979214856216,0.08624801031308442
1601,CVX,0.8957029200454825,0.6372894621075341,0.6624470764186317,0.07727305608705137
1602,CVX,0.8943610411994323,0.6284295666085612,0.6539608959935523,0.08272515128537448
1603,CVX,0.893845519475823,0.6264839298143973,0.6467403260632436,0.110307550910479
1604,CVX,0.8941563595018991,0.6249098577444143,0.6406146735020675,0.0
1605,CVX,0.8941487800693233,0.6229578211081725,0.635281106103745,0.0
1606,CVX,0.8939213332360234,0.6205601213176722,0.6304823396562893,0.0
1607,CVX,0.8938227672963501,0.6200737519698418,0.6265354289413582,0.0
1608,CVX,0.8926855747750828,0.605458198786294,0.6201355445563793,0.0
1609,CVX,0.8908509041741048,0.5928230188386954,0.6122126128564729,0.0
1610,CVX,0.8892739972112809,0.5870368790587487,0.6045906538204227,0.0
1611,CVX,0.887666765114556,0.5841059977848868,0.5978428915687682,0.0
1612,CVX,0.8854985180406718,0.5808688052423393,0.5917265337831417,0.0
1613,CVX,0.8832999458328867,0.5793181238364632,0.5864894399890447,0.0
1614,CVX,0.8839974322416451,0.6098556167514201,0.5890742890805549,0.1628371588063406
1615,CVX,0.8835122282483381,0.6261905740646704,0.5947659616604644,0.08458334522173967
1616,CVX,0.8813288130548065,0.6401447987736842,0.6024149445510677,0.08011301623423128
1617,CVX,0.8808587771811469,0.65276203142872,0.6113331735771376,0.052608719836231076
1618,CVX,0.8809042630310993,0.6568011931997698,0.6193638159128062,0.08795849980704756
1619,CVX,0.881626900384803,0.6576242818043838,0.6259709260942071,0.10434735243029286
1620,CVX,0.8815776201913152,0.6445223765571275,0.6283500503818557,0.13370220536422187
1621,CVX,0.8815321334159147,0.6326279797211303,0.627614663048675,0.0
1622,CVX,0.8808134231152254,0.6206298334824526,0.6243646503567869,0.0
1623,CVX,0.8797368706818123,0.612260209138465,0.6199078989767325,0.0
1624,CVX,0.8788119540978485,0.6075331324187011,0.6152938297526046,0.0
1625,CVX,0.8770985840324723,0.5943761282840676,0.608683787222224,0.0
1626,CVX,0.874990987226389,0.5790589800661116,0.5999977535505647,0.0
1627,CVX,0.872898552987257,0.5690952657195019,0.5908385479347548,0.0
1628,CVX,0.8718068481668402,0.5589730387367979,0.5812656398704025,0.0
1629,CVX,0.8714581091269844,0.5588053590344,0.5735701148776838,0.0
1630,CVX,0.8726256267821526,0.5803531195503392,0.5721939112522854,0.0
1631,CVX,0.8739750943152735,0.6009752349571443,0.5756678169817477,0.19053656917020653
1632,CVX,0.8740736602549468,0.601827061894647,0.5786359132715423,0.13519711842322554
1633,CVX,0.8744830449353556,0.6067625717039008,0.5821052978117939,0.07519928571572673
1634,CVX,0.8718447499569679,0.6075407564127996,0.5850534401491497,0.06197462250347069
1635,CVX,0.8688425681789678,0.5964637843124864,0.5849546070798372,0.07170423835375689
1636,CVX,0.865142898141313,0.5813780825880461,0.58152888572425,0.1414984060889391
1637,CVX,0.8610338323178528,0.5672747413661836,0.5756595833825398,0.16873308784134497
1638,CVX,0.8571522142531434,0.5539300370837796,0.5680037144244153,0.0
1639,CVX,0.8536091858220543,0.5461416195182262,0.560151214593195,0.0
1640,CVX,0.8513196428398162,0.5417644799286313,0.5528981776545923,0.0
1641,CVX,0.8494849722388382,0.5430301784794146,0.5473765342636414,0.0
1642,CVX,0.8487253276346305,0.5545430851938877,0.5455132754625386,0.0
1643,CVX,0.8474365094438614,0.5593517175223942,0.5450894290695274,0.0
1644,CVX,0.846678381096349,0.5715648190944407,0.547459741081893,0.0
1645,CVX,0.8473303714752092,0.5880657023528275,0.5530165934812338,0.0
1646,CVX,0.8480278495549207,0.5965720518862134,0.5593491481314408,0.0
1647,CVX,0.8499535001848484,0.6189883269722344,0.5693880819583965,0.15606264051736038
1648,CVX,0.8518488303081249,0.633322943105758,0.5805992609602134,0.11879255869342235
1649,CVX,0.8524401694937342,0.6366959049195463,0.5903164715865626,0.07019909406020634
1650,CVX,0.8513029871524127,0.6405469514367607,0.5989445671804687,0.06525178780016064
1651,CVX,0.8498473705452438,0.6430104871910948,0.606393561421522,0.06095178725257344
1652,CVX,0.8506433960556343,0.6546661844295802,0.6149384897812639,0.07866191015131563
1653,CVX,0.8499762394080257,0.6508871612737415,0.6209360832431986,0.12756231182093783
1654,CVX,0.8497791260376726,0.6496601755953955,0.6254619600263457,0.0
1655,CVX,0.850628225159638,0.6483851478428829,0.628799805676334,0.0
1656,CVX,0.8521293285422074,0.6477741405248479,0.6313345345981901,0.0
1657,CVX,0.8537062419831791,0.6451136026631384,0.6327720964629406,0.0
1658,CVX,0.8556773756867102,0.6443132767996542,0.6337445993929928,0.0
1659,CVX,0.8576939970910908,0.6458384150183051,0.6348609427294567,0.0
1660,CVX,0.8596954559285228,0.6474502925246785,0.6361116008808987,0.0
1661,CVX,0.8616665896320521,0.6518602792095478,0.6380904513685502,0.0
1662,CVX,0.8621214666405601,0.6474181803306841,0.6386880839318886,0.0
1663,CVX,0.8626824816177185,0.639870524018421,0.6374917964778102,0.0
1664,CVX,0.8638730438944453,0.648617560787028,0.6384752339848748,0.1221713158261059
1665,CVX,0.865692542673977,0.6686502336928054,0.6437060890224025,0.09855460035212739
1666,CVX,0.869134434266285,0.6973860193241391,0.6542656013202134,0.07018943923323957
1667,CVX,0.8709690919109683,0.7162937244723542,0.6669077501491215,0.0804347957658252
1668,CVX,0.8731674975378168,0.7308916071663244,0.6802599049537061,0.05931738355918423
1669,CVX,0.8760938849900572,0.7416065219728134,0.6933186559185976,0.07421045851205571
1670,CVX,0.879490285179716,0.7553392017590377,0.7068121533625301,0.11379380805685223
1671,CVX,0.8832202877548694,0.7680160926911951,0.7204192287928349,0.0
1672,CVX,0.8860102000737129,0.7755985001740541,0.7329869919401744,0.0
1673,CVX,0.8901647517471236,0.7827105265712289,0.7446189545856418,0.0
1674,CVX,0.8938340929490813,0.7830170194951271,0.7539925179624126,0.0
1675,CVX,0.8956990886839602,0.7609815813190556,0.7566029644983707,0.0
1676,CVX,0.8976853849544408,0.7441964049508645,0.7549676505470777,0.0
1677,CVX,0.8997171689257728,0.7282803156003133,0.7501285289373888,0.0
1678,CVX,0.9017641154640543,0.7163185998416628,0.7436036106654126,0.0
1679,CVX,0.904008175372689,0.7105116584030431,0.7370954476726888,0.0
1680,CVX,0.9058580085406183,0.7011756670018189,0.7298177944403903,0.0
1681,CVX,0.9067620062608528,0.6856802781730701,0.7205581308040581,0.1360938645159747
1682,CVX,0.9086876587416794,0.6768321027888807,0.7111874955470431,0.07956960798808681
1683,CVX,0.9118793790847048,0.6798409563079333,0.7043584799484881,0.0633790395723978
1684,CVX,0.9136151987075207,0.6799088050989546,0.6989103192380728,0.0760490545906973
1685,CVX,0.9132285689829329,0.6687389112375328,0.6920738297032463,0.06540986757900458
1686,CVX,0.9111361504764446,0.6537016994528463,0.6832687403211498,0.07552337087764106
1687,CVX,0.9104235079788836,0.6544441565742871,0.676389377611192,0.12516777063128445
1688,CVX,0.9096655369578119,0.6550013015957694,0.6710094860765733,0.0
1689,CVX,0.9088770723710038,0.6552350120096985,0.6667574198306281,0.0
1690,CVX,0.9078005347447853,0.6584765234000868,0.6640748729236415,0.0
1691,CVX,0.9062539529158622,0.6587123761746025,0.6619811576471569,0.0
1692,CVX,0.9051774106623949,0.6631184154803969,0.6612836336946861,0.0
1693,CVX,0.9044192823148824,0.6726310911866858,0.6628359335186861,0.0
1694,CVX,0.9045860705513356,0.6865516337910393,0.6671659460708376,0.0
1695,CVX,0.9070878940981242,0.7027362996966031,0.674220408346689,0.0
1696,CVX,0.9098171561491668,0.7191361507315926,0.6835021676815408,0.0
1697,CVX,0.9128345069722634,0.7327691811936493,0.6939519653324553,0.0
1698,CVX,0.9163143086837451,0.7491466124805886,0.7059450193067986,0.33376117185966664
1699,CVX,0.9207102509402274,0.7755479035613773,0.7213963998551411,0.15379505309722524
1700,CVX,0.9247434928235405,0.786595957778228,0.7362084360076446,0.11961163386475229
1701,CVX,0.9288128105848346,0.7865062418280853,0.7480381620885567,0.09730610153361882
1702,CVX,0.9334222207577598,0.7946979370702814,0.759319211882733,0.08796815463401432
1703,CVX,0.9379027620679041,0.8082539117133614,0.7713513476194571,0.15613353864971335
1704,CVX,0.9425425038528772,0.8169254218579697,0.7829007686384696,0.16946786340408448
1705,CVX,0.9480844155950408,0.821155872766009,0.793078800693728,0.0
1706,CVX,0.9542100880156879,0.8230611600061758,0.8016439006685656,0.0
1707,CVX,0.9595321591951658,0.8260433276677114,0.8091575531890978,0.0
1708,CVX,0.9650664961320023,0.8288045252363725,0.8157810271134294,0.0
1709,CVX,0.9692058769094167,0.812980403805502,0.8175693382286469,0.0
1710,CVX,0.974239849136894,0.8119784921071562,0.8187777201851476,0.0
1711,CVX,0.9794860973016757,0.809545370486746,0.8192046551422376,0.0
1712,CVX,0.9843381187257512,0.8056750934303482,0.8186876098576733,0.0
1713,CVX,0.9885836374718169,0.8002075981101587,0.8170610489455079,0.0
1714,CVX,0.9916161508618639,0.7871950760485975,0.8128730653779844,0.0
1715,CVX,0.9949215876806665,0.7842234577686072,0.8088634462880562,0.23689876006083405
1716,CVX,0.9980514352369116,0.7826968777661044,0.8053170901742683,0.1246086552785821
1717,CVX,0.999673827124238,0.7644821049019269,0.7984391883577631,0.09689728445742898
1718,CVX,0.9993012873704652,0.732944811603921,0.7859405442222773,0.09657161417466936
1719,CVX,0.9981501436958293,0.7131696115643494,0.7715546423936392,0.08602609339474379
1720,CVX,0.9984382361696822,0.7050560219495428,0.7582459791754108,0.08639729987633175
1721,CVX,0.9993783310532409,0.6982696359835149,0.7460935374709987,0.14225076208287185
1722,CVX,1.0,0.6986126289738056,0.7364476746462213,0.0
1723,CVX,0.9994389822464917,0.6937152162385469,0.7276445284410393,0.0
1724,CVX,0.9988173142251835,0.6885470985226683,0.7194555015700784,0.0
1725,CVX,0.9982259741141242,0.6837411334424267,0.7118381111353662,0.0
1726,CVX,0.9974981709005117,0.6785865450095704,0.7046006902553377,0.0
1727,CVX,0.9963913035131453,0.6733893428722569,0.6976577914738754,0.0
1728,CVX,0.9961638650088922,0.6814452339078103,0.693890614187391,0.0
1729,CVX,0.9974830083335622,0.68897049988966,0.6925462987284856,0.0
1730,CVX,0.9977710971056171,0.6959942759749536,0.6930290207892191,0.0
1731,CVX,0.9976952842708657,0.6970480637952802,0.6936489737196603,0.0
1732,CVX,0.9939956170095581,0.6561356881277084,0.6850688184922129,0.19105634470556668
1733,CVX,0.9903338487620301,0.6237801307187163,0.6710268455944711,0.13314222540014933
1734,CVX,0.9878699223781204,0.6052828396964223,0.6556897757205132,0.08048436681771427
1735,CVX,0.9837608796909016,0.5814489619148734,0.6381327447078866,0.07450702021201999
1736,CVX,0.9785992537160233,0.5539630099317984,0.61798955827491,0.08296810708038897
1737,CVX,0.9753393110762181,0.5395612470054214,0.5986800811531141,0.08450725942116574
1738,CVX,0.9736573294863824,0.5314518776105996,0.5814334939259423,0.13244289890358632
1739,CVX,0.9714739105910519,0.5266471299833686,0.5665703252894938,0.0
1740,CVX,0.9683200938890542,0.5213941329343409,0.5535144506012742,0.0
1741,CVX,0.9652875712445104,0.520316151567582,0.5428306084038163,0.0
1742,CVX,0.9617850182790066,0.5218343485660563,0.5346203357782815,0.0
1743,CVX,0.9592073818974667,0.5303509795920015,0.5299414712840876,0.0
1744,CVX,0.9573575487295374,0.5457997010885928,0.5296255679257675,0.0
1745,CVX,0.9548405626157983,0.55121485117187,0.5305741575076562,0.0
1746,CVX,0.9525358524393619,0.5579834849915974,0.5328346021164613,0.0
1747,CVX,0.9499127283569715,0.559894800068301,0.535066969366507,0.0
1748,CVX,0.9462888748558651,0.563475782211865,0.5376472784119839,0.0
1749,CVX,0.9371989141183006,0.5069118339550494,0.5271632187772246,0.2043710716022142
1750,CVX,0.9287230447458166,0.47275528051673044,0.5111985842813069,0.11879702585216817
1751,CVX,0.9204746027721908,0.44666592323893983,0.49263913959616856,0.08457628422888337
1752,CVX,0.9164868402606823,0.4356117703351824,0.47533929918421025,0.09401798449290687
1753,CVX,0.9119759904747307,0.4232362453328775,0.4587540052529666,0.082340111021864
1754,CVX,0.9069283798958647,0.4165970586073866,0.4440129140755743,0.08586311415146895
1755,CVX,0.9036380825077721,0.42411325476375183,0.43388745542810725,0.11830160353706747
1756,CVX,0.9010149528726838,0.43054092384841525,0.42721302086857327,0.0
1757,CVX,0.8980885709731403,0.44068052074644143,0.4241228701839802,0.0
1758,CVX,0.8955260980840007,0.45704842226135134,0.42528185137823465,0.0
1759,CVX,0.8918870820159448,0.46007235818227393,0.4268798748635464,0.0
1760,CVX,0.8884451793182402,0.46394480448532965,0.4290173681338693,0.0
1761,CVX,0.8853216905264922,0.4742785127283463,0.4330198219250331,0.0
1762,CVX,0.8815310487889336,0.47770370758231434,0.43698163990878713,0.0
1763,CVX,0.876967116136913,0.4794564309661373,0.4405399234273881,0.0
1764,CVX,0.8709930647585198,0.47421001685450653,0.44222267084072986,0.0
1765,CVX,0.868036368830472,0.4984116364018789,0.44893782476224386,0.18023976826109647
1766,CVX,0.863396621492801,0.5014328290983013,0.4549801778646519,0.136980523476072
1767,CVX,0.860758344097956,0.5237279827187098,0.46476008052356266,0.10707837154483284
1768,CVX,0.8576803504106563,0.5387096526896621,0.47590757885127977,0.0679548511470655
1769,CVX,0.8591283783307526,0.542637126582497,0.4856968594722715,0.07665039179864239
1770,CVX,0.8607356067256795,0.5572706545352646,0.4967746273559345,0.08235207147915119
1771,CVX,0.8624338299567489,0.5694749215240279,0.5083442709006017,0.10044680233571879
1772,CVX,0.8632981046019585,0.577575241698491,0.5193969837613348,0.0
1773,CVX,0.8644959418383307,0.5823680229187508,0.5293023982429361,0.0
1774,CVX,0.8656695258159077,0.5870915463962594,0.5382746096869518,0.0
1775,CVX,0.8659424622009588,0.5913634137794368,0.5464000620306424,0.0
1776,CVX,0.8641077915999791,0.5694653620990945,0.5480424979504007,0.0
1777,CVX,0.8625915349049569,0.5594366907750049,0.5471316577674226,0.0
1778,CVX,0.8607113766031267,0.5545271158439646,0.5453138315796382,0.0
1779,CVX,0.8595590215149089,0.5480153559976277,0.5424149833376606,0.0
1780,CVX,0.8576940257800301,0.5353408386199285,0.5372841538249794,0.0
1781,CVX,0.8560261434155043,0.5341299440278807,0.532910861920702,0.0
1782,CVX,0.8495062405523521,0.47285776459190265,0.515819434154286,0.2406926747530886
1783,CVX,0.8452152313290862,0.44922887214527957,0.49690439135636366,0.1989168148754657
1784,CVX,0.8421220695221381,0.43801192031992275,0.47928395667921053,0.14476130529802145
1785,CVX,0.8355870068683853,0.41895367523910154,0.4609596737407837,0.09193412698893037
1786,CVX,0.8294158541504855,0.3931101898290299,0.44056705521482387,0.13628479952688466
1787,CVX,0.8223652466368812,0.38406133453511293,0.4222455366451855,0.139509511733785
1788,CVX,0.8164518316445442,0.3889610628798692,0.40867529143621995,0.19631260542854895
1789,CVX,0.8105839173093541,0.38721161058501097,0.39743099180511277,0.0
1790,CVX,0.8037910854647485,0.3886898922298515,0.3887634982972854,0.0
1791,CVX,0.7976805608038582,0.4002386087966565,0.3843915035619898,0.0
1792,CVX,0.7907361051406516,0.40030601779764097,0.3809088619779117,0.0
1793,CVX,0.7844436398563026,0.4082120172962399,0.3798766380852218,0.0
1794,CVX,0.776847193814235,0.4025860606125855,0.3778027807677996,0.0
1795,CVX,0.7680983926839504,0.38779651743431903,0.3728627406664271,0.0
1796,CVX,0.7624579177784625,0.38849957562654047,0.3690666770107334,0.0
1797,CVX,0.7572268321806304,0.40287874226852405,0.36921974123771034,0.0
1798,CVX,0.7501610759818211,0.3980905708134699,0.3682799710696776,0.0
1799,CVX,0.7478184621643589,0.44696696092382715,0.37837103208155204,0.25536599431604484
1800,CVX,0.7466812696430907,0.4924959437931451,0.3965441597114268,0.16112825443322273
1801,CVX,0.7440733099785506,0.5207114614069385,0.4173420723490193,0.09614377564833604
1802,CVX,0.7465446538413483,0.5401924465338541,0.43830211950781817,0.08243435366121125
1803,CVX,0.7467569288532019,0.5534705039302303,0.45801579918520097,0.08919273253794852
1804,CVX,0.7470601755649584,0.5710119677940426,0.47767819107235976,0.10139139025761672
1805,CVX,0.748788707271836,0.5891171719856496,0.4974246144821639,0.15527973492168207
1806,CVX,0.7518818607497382,0.6059114842361972,0.5169474511201463,0.0
1807,CVX,0.7539894621830685,0.6166775300628784,0.5349540906024408,0.0
1808,CVX,0.7555360504901394,0.6280949251922332,0.5518922695387262,0.0
1809,CVX,0.7578407606665758,0.6373157864416416,0.5674883947261307,0.0
1810,CVX,0.7598725446379078,0.6414467680230826,0.5808817235582884,0.0
1811,CVX,0.76135847619903,0.6460092204656629,0.5926085340270663,0.0
1812,CVX,0.7641029008170221,0.6520602036286112,0.6033323496862116,0.0
1813,CVX,0.766968625970617,0.6631594550217803,0.6143736916543051,0.0
1814,CVX,0.7705015040700216,0.6646883800215317,0.6235459462914725,0.0
1815,CVX,0.7748379982177891,0.6616220649282365,0.6302035099553812,0.0
1816,CVX,0.7741102014823253,0.6110141873135838,0.6243025656364146,0.44146336050806867
1817,CVX,0.7733672264472675,0.5824847385303698,0.6132527562656471,0.20157232459701183
1818,CVX,0.7760358345287095,0.5806830397182732,0.6040132147893819,0.11840823893938698
1819,CVX,0.7749592820952973,0.5873880817402971,0.5981090471667186,0.11172709867838387
1820,CVX,0.773458179638177,0.5934667048646993,0.5947342120802324,0.11847740784899966
1821,CVX,0.7725181078908596,0.595979287815997,0.5925917425463954,0.11468968953823123
1822,CVX,0.7705622857516712,0.5829570696430465,0.5879888810686561,0.1759463964006805
1823,CVX,0.7691976584279487,0.5769801796795666,0.5829806616480685,0.0
1824,CVX,0.7670445766973648,0.5702352414873627,0.577477769873588,0.0
1825,CVX,0.7645882334478289,0.5658857240227773,0.5721105471510108,0.0
1826,CVX,0.7621773853027429,0.5658674828589473,0.5678127223013768,0.0
1827,CVX,0.7648611596529333,0.6216365625750577,0.5767464333990412,0.0
1828,CVX,0.7678785104760308,0.6720354467782929,0.5950740338355273,0.0
1829,CVX,0.7711081372364301,0.7137015690549916,0.6189794450442357,0.0
1830,CVX,0.7743984142646321,0.7430692636960972,0.6446187867677625,0.0
1831,CVX,0.7790078346175031,0.7811910561736927,0.6735873068208174,0.0
1832,CVX,0.7830410774262662,0.8054667007721263,0.7021475007815928,0.0
1833,CVX,0.7869075403276229,0.8272067977205205,0.7298185407792248,0.2751703500552054
1834,CVX,0.7920173309425502,0.8492892157976044,0.7568541990974096,0.1793080054078559
1835,CVX,0.7962141719628448,0.849879197570244,0.7786136089834079,0.07424230503085653
1836,CVX,0.804856830497231,0.8503589210569612,0.7961275601124758,0.09316908022930646
1837,CVX,0.8138482447295665,0.8630789815160589,0.8129605753413072,0.11075253756232047
1838,CVX,0.8205652739193665,0.8646302438830973,0.8267711239720417,0.08323786582787836
1839,CVX,0.825849429426972,0.8544928120230146,0.8355706462117592,0.15599044546795215
1840,CVX,0.8319751148039138,0.8538658488795485,0.8424711767197852,0.0
1841,CVX,0.8377823686913581,0.844549624024345,0.8459248633547747,0.0
1842,CVX,0.8455001198962764,0.8410718634445371,0.8479162963820843,0.0
1843,CVX,0.8528388023001892,0.835336730782565,0.8482371446916719,0.0
1844,CVX,0.8612388643906206,0.8378617444751202,0.8490539795456266,0.0
1845,CVX,0.8693660002759467,0.834633050124093,0.8489911847074211,0.0
1846,CVX,0.8770989094205666,0.8279639541014188,0.8474614576410572,0.0
1847,CVX,0.8792671564944499,0.8124912177294403,0.8428051602227948,0.0
1848,CVX,0.881268615331881,0.8030092749168999,0.8369766211746108,0.0
1849,CVX,0.882754546893004,0.7904270350484651,0.8295225101216033,0.0
1850,CVX,0.8832169940795902,0.7648226427127526,0.8178790701904003,0.1554056799779351
1851,CVX,0.8831715036023917,0.7538726150895979,0.8061351330294597,0.12012665403757658
1852,CVX,0.8838689705767058,0.7484302464568853,0.7955326327918799,0.08603718924066082
1853,CVX,0.8840812455885594,0.7420400630784812,0.785633016178878,0.0724165340208723
1854,CVX,0.8831259964670979,0.7298263228186992,0.7750037920734014,0.07497059600831986
1855,CVX,0.8832504925803164,0.717140340948681,0.7636861185543963,0.10252042860514841
1856,CVX,0.883007885956415,0.7045723150838498,0.7518438531996462,0.09255607076786423
1857,CVX,0.881810040390997,0.6979088995897729,0.740891809904638,0.0
1858,CVX,0.8806728395406829,0.686843025180578,0.7296752902727393,0.0
1859,CVX,0.8803839991184281,0.6784578360765166,0.718841880410112,0.0
1860,CVX,0.8792164814632599,0.6712549399448098,0.7085772415925189,0.0
1861,CVX,0.8786251413522015,0.6653954018899243,0.6990656339806228,0.0
1862,CVX,0.8781096140758935,0.6675264277730267,0.6919291007231768,0.0
1863,CVX,0.8774576236970333,0.6666173267299774,0.6860181965608149,0.0
1864,CVX,0.8765327071130686,0.6717540625533478,0.6824290212896108,0.0
1865,CVX,0.8732879177857189,0.6461818315753237,0.6738846647507488,0.0
1866,CVX,0.8698156899541152,0.6215779704022089,0.6615909891045659,0.0
1867,CVX,0.8622950595231469,0.5485398604699191,0.6355530669188486,0.4299759897422507
1868,CVX,0.8535614255870598,0.48322225504340055,0.6002324861402315,0.24340726625159556
1869,CVX,0.8450703945730753,0.4332869631764228,0.5608982345990365,0.16019029519849604
1870,CVX,0.8379515814207847,0.3980337107703354,0.5216101517653391,0.1367875710386317
1871,CVX,0.8302338403958132,0.37691848359570607,0.4854954235540397,0.12437838045032995
1872,CVX,0.8215305417735728,0.3566419431187844,0.45210543567878086,0.1391063146315012
1873,CVX,0.8124026699913838,0.3382842181147646,0.421320915544543,0.33881208738223634
1874,CVX,0.803608383011146,0.3250747144065249,0.3937628656316149,0.0
1875,CVX,0.7953902661714212,0.32274878110353294,0.37120043405381464,0.0
1876,CVX,0.7872631339878939,0.3238228929728723,0.35338877281816344,0.0
1877,CVX,0.7786811210940607,0.32703326980232683,0.3398516429400209,0.0
1878,CVX,0.772949670786871,0.3602248857261145,0.33638526134785407,0.0
1879,CVX,0.7683410085623477,0.402957006799333,0.3430919711331212,0.0
1880,CVX,0.7639893518476297,0.44185460929578807,0.3570864935327426,0.0
1881,CVX,0.7586824534150471,0.4639056467198257,0.37317397619935466,0.0
1882,CVX,0.7531784416121123,0.4879669396221491,0.391381787862148,0.0
1883,CVX,0.7479473560142802,0.5093780187112489,0.410697931765379,0.0
1884,CVX,0.7398657170843022,0.501498970691902,0.424402936506066,0.228803259700147
1885,CVX,0.7343162286859117,0.496357115931418,0.4342262566403877,0.12369159081863422
1886,CVX,0.7292670929660332,0.4951360501812655,0.44181402805512204,0.08697673359623283
1887,CVX,0.7282057179067651,0.48703758853900025,0.4460876594639696,0.08621803711891893
1888,CVX,0.7276833709920387,0.47940636086804533,0.44781363137882013,0.10120852495282824
1889,CVX,0.7282281600606071,0.48680042535731805,0.4508347291693773,0.11031201806922482
1890,CVX,0.7276671524870455,0.48332550359653376,0.4524807208928129,0.1686923070050525
1891,CVX,0.7265602823233293,0.47995155729784883,0.45304902844574124,0.0
1892,CVX,0.7265451160545817,0.48476904428507006,0.45457239947858347,0.0
1893,CVX,0.7270606424054398,0.4906241632054531,0.45709001250933445,0.0
1894,CVX,0.7283494605962098,0.5034096866641108,0.4619404797571899,0.0
1895,CVX,0.7307148210404462,0.5316144778565228,0.4720778845093945,0.0
1896,CVX,0.7333682702567366,0.5574923046851029,0.4859286188841566,0.0
1897,CVX,0.7373560253646492,0.5925897523649452,0.5047953238218947,0.0
1898,CVX,0.7382809419486129,0.6130377661327243,0.5244249331999755,0.0
1899,CVX,0.7382233241942027,0.6317730189691277,0.5442849023826405,0.0
1900,CVX,0.738587225801008,0.6540376199778873,0.5651121200276472,0.0
1901,CVX,0.7393756755806216,0.6654489316205987,0.5843054119161538,0.22192023268421193
1902,CVX,0.7397850593355804,0.6745828839557436,0.6016863473450533,0.17654485157072505
1903,CVX,0.7414529435510051,0.6964301072602813,0.6204377457321725,0.11138759461370172
1904,CVX,0.7446825545787616,0.7044545183669622,0.6372190225837578,0.08162161897326246
1905,CVX,0.7488370831159319,0.7199384980378462,0.6540790540755473,0.10528531166501957
1906,CVX,0.7524912673036361,0.726660746220829,0.6690583618909248,0.11396183086645299
1907,CVX,0.7565851557529513,0.7271287978177072,0.6811456420383164,0.16672272230383192
1908,CVX,0.7614136670542972,0.7317959660094651,0.6918508439983758,0.0
1909,CVX,0.764765651213791,0.7292211521356563,0.6998438015465426,0.0
1910,CVX,0.7694053883715171,0.7297626708659728,0.706358299637627,0.0
1911,CVX,0.7740148087243881,0.7263836370214798,0.7108202836490684,0.0
1912,CVX,0.7785180911086078,0.7271863177414796,0.7145679398280249,0.0
1913,CVX,0.7838249895411904,0.7362378157365355,0.7195740747843842,0.0
1914,CVX,0.7891925382415739,0.7494157388171374,0.7265024106189142,0.0
1915,CVX,0.7936503329249422,0.7648175277562407,0.7354618558717746,0.0
1916,CVX,0.7978200388362575,0.774743060223786,0.7448313203760921,0.0
1917,CVX,0.8004128377847479,0.7770010993550863,0.7528278217911986,0.0
1918,CVX,0.8018684423610711,0.7567349693991249,0.7547291271165906,0.1545572080200198
1919,CVX,0.8050186120511151,0.7611324758027802,0.7572257266823847,0.10056640690859069
1920,CVX,0.807217193513396,0.759908712045029,0.7589515231086316,0.10262735221125799
1921,CVX,0.8102193752913962,0.7608152448581982,0.760533268062626,0.05570129060539223
1922,CVX,0.81276669856988,0.7554788964322534,0.7606148333406639,0.06268288331752535
1923,CVX,0.8145255618888063,0.7561343341674511,0.760825489731114,0.06705075585766998
1924,CVX,0.8165876719194873,0.750310702024747,0.7597020837551507,0.13252330776101104
1925,CVX,0.8178613312451057,0.74548983895405,0.7577338850239372,0.0
1926,CVX,0.8194988838484827,0.7401352368587836,0.7549714459079828,0.0
1927,CVX,0.8214851773426144,0.7349388317736159,0.7516087093580908,0.0
1928,CVX,0.8230165966045879,0.7299255885064359,0.7478063679987629,0.0
1929,CVX,0.8241689516928066,0.7154931589901887,0.7415627637725243,0.0
1930,CVX,0.8252151688123721,0.7056984898718055,0.7343950031864144,0.0
1931,CVX,0.8262917110658385,0.6948391038379323,0.7262517176890537,0.0
1932,CVX,0.8274289035871067,0.6908277216307052,0.7188471928736594,0.0
1933,CVX,0.8281112190998678,0.6913683858374122,0.7130435155039514,0.0
1934,CVX,0.8277776426269616,0.6868801816920019,0.7074048976581747,0.0
1935,CVX,0.8295213369007897,0.712687835882886,0.7086192466573793,0.22547104747955699
1936,CVX,0.8317653857040295,0.7370288895558624,0.714990614309873,0.10198955722387122
1937,CVX,0.8352527825807305,0.7650972958974807,0.7263144833832798,0.11227497408327418
1938,CVX,0.8404535550755066,0.78460010505391,0.7397001371953976,0.13293702430163176
1939,CVX,0.8443964332793321,0.805586896818897,0.7550644297135194,0.11697456918576953
1940,CVX,0.8477625249931835,0.8103191992874501,0.7684056911430488,0.09505450942383162
1941,CVX,0.8509163416951813,0.8129127427325514,0.7796540593278235,0.15692998982352416
1942,CVX,0.8546766518206921,0.8151756178098012,0.7891547565072747,0.0
1943,CVX,0.8580578968469981,0.816809985597443,0.7971178870409551,0.0
1944,CVX,0.8617878938694536,0.8150130053471395,0.8030897442673925,0.0
1945,CVX,0.8661092254502698,0.8193090329804396,0.8088202730155009,0.0
1946,CVX,0.871370636182002,0.8309065646793763,0.8159775253724563,0.0
1947,CVX,0.8774356629620961,0.8470617873852138,0.8252872477291316,0.0
1948,CVX,0.8834703646082884,0.8571557079474913,0.8349742896095046,0.0
1949,CVX,0.8901267314994428,0.8601525421127081,0.8433887493132812,0.0
1950,CVX,0.8957217187040794,0.850339963939799,0.8479434668756822,0.0
1951,CVX,0.9004979272934035,0.8285419556359522,0.8467515088770824,0.0
1952,CVX,0.9065023047311458,0.8283511416465665,0.8457556117610601,0.2281784338833126
1953,CVX,0.9126279854808406,0.8316922015344353,0.8457000842793196,0.13590984639602602
1954,CVX,0.9182078128948756,0.8216147272533463,0.8434200467886058,0.0981766210814732
1955,CVX,0.9220894263323363,0.8222681736849305,0.8417409792076074,0.0856819780694208
1956,CVX,0.9248338703847718,0.8127693104660069,0.8382904703582438,0.08497443776484126
1957,CVX,0.9260013713818465,0.7955960336621712,0.8317202947961999,0.0855983989703055
1958,CVX,0.9278056974144819,0.786520349309501,0.8244507787631304,0.13850598613682127
1959,CVX,0.9291096790976523,0.7794261084770621,0.817061359409255,0.0
1960,CVX,0.9316266541059948,0.7761981943781854,0.8104337342981377,0.0
1961,CVX,0.9338403962843262,0.7695085039408038,0.8036475742900164,0.0
1962,CVX,0.9358873428226087,0.76310313388572,0.7967976608051104,0.0
1963,CVX,0.9358266925548078,0.734661792460206,0.7850082220879678,0.0
1964,CVX,0.935447628381052,0.7066299515874311,0.7693580079502625,0.0
1965,CVX,0.9345681994979387,0.6859379132115646,0.7522474561003433,0.0
1966,CVX,0.9332035684724174,0.6739807590741601,0.7359064055991908,0.0
1967,CVX,0.9310959716663341,0.665052441542948,0.7208528818888936,0.0
1968,CVX,0.9287457737890481,0.6548196763235224,0.7065399972326898,0.0
1969,CVX,0.9283818721822428,0.6667003758188722,0.6977253376140892,0.18071155786541285
1970,CVX,0.9300649069337723,0.6892431964365432,0.6956745732460133,0.10666926626485294
1971,CVX,0.9327032019121599,0.7054532274283332,0.6976300410484249,0.09410098718444207
1972,CVX,0.9339313661333302,0.7204676034267158,0.7025252470889228,0.07580638699947287
1973,CVX,0.9342042812330389,0.7261286220212296,0.7076972683584404,0.10446133702925874
1974,CVX,0.9352959879043548,0.7283481848200342,0.7123272794868682,0.12450576652553326
1975,CVX,0.9347501345686977,0.7211463869930624,0.71443362111316,0.14259113075892416
1976,CVX,0.9347652888066014,0.7130013838294111,0.714311783788014,0.0
1977,CVX,0.9354324519323569,0.7054126372752744,0.712530804847232,0.0
1978,CVX,0.9356598996911076,0.6998922282584137,0.7098813584853964,0.0
1979,CVX,0.9354324611868536,0.6914170947218059,0.7058816537105435,0.0
1980,CVX,0.9351292098478492,0.6872513238466175,0.7017577434527325,0.0
1981,CVX,0.9350837221469988,0.6837607874097116,0.6976842647333912,0.0
1982,CVX,0.935538599155505,0.6865078815407638,0.6950349049191842,0.0
1983,CVX,0.9381010729700945,0.6899879222197864,0.6936874391721838,0.0
1984,CVX,0.94037545801263,0.6842109476098118,0.6913278861257856,0.0
1985,CVX,0.9387833810792579,0.6374059235189726,0.6790568842609201,0.2789530247996479
1986,CVX,0.9384952839781571,0.6203162331781613,0.6654488573447411,0.11808040712820198
1987,CVX,0.9382678547283998,0.6086655885884814,0.6519778237388547,0.09058518914958842
1988,CVX,0.9374945749193335,0.5907583821840205,0.6372284113453016,0.07720042873195808
1989,CVX,0.9347198223910915,0.5746809386481124,0.6218622157112267,0.07669275775578013
1990,CVX,0.9306714197917278,0.5619382186001443,0.6067423780108621,0.07613594803339821
1991,CVX,0.9262591072565121,0.5478307775565066,0.5915168730772274,0.12624262666628625
1992,CVX,0.9206186351273722,0.5269741273879368,0.5747095706431247,0.0
1993,CVX,0.9158879216424962,0.5170431220147704,0.5590606062688922,0.0
1994,CVX,0.9112784966623773,0.5108035760690693,0.5451572361823116,0.0
1995,CVX,0.9078365995173723,0.5126807801675216,0.5344509843997893,0.0
1996,CVX,0.9045463224891703,0.5157423936864431,0.5265651800089898,0.0
1997,CVX,0.8946603288376176,0.4444563375323281,0.5044422354119588,0.0
1998,CVX,0.8826212506791302,0.36761137474604605,0.4696963750204551,0.0
1999,CVX,0.8723107051529695,0.3266250621105318,0.4328071667485701,0.0
2000,CVX,0.8629402387777247,0.3117952589633155,0.4000059144978142,0.0
2001,CVX,0.8532816836304251,0.300964545555624,0.3713621964855327,0.0
2002,CVX,0.843266805383446,0.29828621888223256,0.34785305448248566,0.7701656912409391
2003,CVX,0.8333050025989408,0.30254106438574624,0.32998964788641494,0.2840635985067585
2004,CVX,0.8213114112158548,0.2787675717958063,0.3104249435184433,0.22074551403595688
2005,CVX,0.8131387885551273,0.2657723603205016,0.2918902854158763,0.2228721698027562
2006,CVX,0.8024340199900601,0.2507193334588544,0.27372315271801434,0.15693532159364015
2007,CVX,0.7919263490627015,0.24710929014168082,0.2583885843010236,0.1848128418997587
2008,CVX,0.7818128965470024,0.24408825048825128,0.24545073355372632,0.3072464231748126
2009,CVX,0.7722453195777526,0.24980884704973888,0.23636952633834796,0.0
2010,CVX,0.763496525851064,0.2671229170998975,0.23294556302208652,0.0
2011,CVX,0.7550358107164836,0.28318771395584574,0.23377025251292238,0.0
2012,CVX,0.7478639165490222,0.30358770095218895,0.238955595138154,0.0
2013,CVX,0.740252307940005,0.323544293427751,0.24753109637157744,0.0
2014,CVX,0.7323829356928329,0.34000576895560775,0.2580433578249418,0.0
2015,CVX,0.7243467752092076,0.3597254798802448,0.27082784364508744,0.0
2016,CVX,0.716522890662886,0.3809143007779631,0.2857560204860143,0.0
2017,CVX,0.7153705355746682,0.40095127570229383,0.3021436213626414,0.0
2018,CVX,0.7158102500162258,0.4141886430612236,0.31819031722085717,0.0
2019,CVX,0.7137329672386477,0.4147328384924832,0.3311483997669175,0.7461539924726934
2020,CVX,0.7085322039983684,0.3960500045531601,0.3373702128805154,0.2511262283605787
2021,CVX,0.7014361226656574,0.3597675855721464,0.33429866853577944,0.27797154679262326
2022,CVX,0.6934151349289293,0.32599972657020226,0.3243502753491822,0.18024394721605225
2023,CVX,0.6858035198417634,0.3102187917356925,0.3128906734128037,0.22724508590922674
2024,CVX,0.6809060171949852,0.30140946950706654,0.30176870681008916,0.18177459754502245
2025,CVX,0.6739009186675737,0.27600253860312574,0.2872347878437546,0.45217186053126907
2026,CVX,0.667623620577424,0.25935417551979667,0.2719143325381657,0.0
2027,CVX,0.6611188821321221,0.2518190636581872,0.25798635768549316,0.0
2028,CVX,0.6549780517717734,0.24979200864472284,0.246394290164187,0.0
2029,CVX,0.6483823351484217,0.25107278811974565,0.23740476790212273,0.0
2030,CVX,0.6418017810920187,0.26506574761411256,0.23331738795390106,0.0
2031,CVX,0.6349028131296617,0.27494454577400856,0.23223902462586127,0.0
2032,CVX,0.6279886826003542,0.2904201093325662,0.23480947691969806,0.0
2033,CVX,0.6211200397718981,0.3071839408252404,0.24058477472704243,0.0
2034,CVX,0.6145546482824455,0.32476605823218213,0.24910547981559716,0.0
2035,CVX,0.6080802321946948,0.3465681318561718,0.26075867779712386,0.0
2036,CVX,0.5990585067102048,0.3406789355328446,0.2687747601500502,0.31357653121953144
2037,CVX,0.5898548359750091,0.3378981352732981,0.27457072540788563,0.2486475316642299
2038,CVX,0.5812576540360785,0.3408480254319736,0.27986190962194296,0.1572475904001623
2039,CVX,0.573646062085154,0.345334146824799,0.28509007089945254,0.14160547379694371
2040,CVX,0.5684149811145707,0.35750030110686865,0.2919715741281389,0.11642683788277426
2041,CVX,0.5655719998114019,0.3728823217398225,0.3008891678391643,0.1622101714610808
2042,CVX,0.5631080826819881,0.38373740689307345,0.31043136571688973,0.22931150708390505
2043,CVX,0.5599997592335386,0.39495876407575514,0.3205545017548614,0.0
2044,CVX,0.5567246392195901,0.4044496841727191,0.33075850324507666,0.0
2045,CVX,0.5554206575364207,0.41453808010075377,0.3411597428317362,0.0
2046,CVX,0.5536466372032436,0.4187954463502521,0.3504252007168766,0.0
2047,CVX,0.5522668436107727,0.4302888176524128,0.3603872891453167,0.0
2048,CVX,0.5505837986792965,0.43770062501676466,0.3700012162765266,0.0
2049,CVX,0.5494162810241283,0.45007572090052894,0.3804376843862961,0.0
2050,CVX,0.546535393303583,0.451081546293553,0.38900999403492376,0.0
2051,CVX,0.5429608181450645,0.4408063517901736,0.39358836343304715,0.0
2052,CVX,0.5399737924558696,0.44525815905230326,0.3982386605136353,0.0
2053,CVX,0.5359102309913526,0.4394241240625395,0.40066465929265627,0.27772945560897894
2054,CVX,0.531687458872061,0.4359905914838783,0.40184375370053244,0.20043636935851888
2055,CVX,0.5267899562252838,0.43241561685092467,0.4019939467046026,0.14542158018103232
2056,CVX,0.5242881419329901,0.43280746551170957,0.4022010299272588,0.14646329278017803
2057,CVX,0.5215740294926032,0.43149260746123747,0.4020750046624736,0.11132822463295085
2058,CVX,0.5198758293977743,0.44603408242413883,0.40520010654089667,0.19612714628965
2059,CVX,0.5184808760147019,0.46183882590204395,0.41120635720778154,0.3082668086934944
2060,CVX,0.5165703907280736,0.4757045003700455,0.41908735833109734,0.0
2061,CVX,0.5148646019461713,0.49339008224804415,0.42931557892443284,0.0
2062,CVX,0.5135301370252847,0.5088835136202375,0.44093526220187496,0.0
2063,CVX,0.5118319295268572,0.5181917579533362,0.45229597617357875,0.0
2064,CVX,0.5125294076065687,0.5519210710715136,0.4688671539334604,0.0
2065,CVX,0.5144247284753485,0.5928898929626214,0.4912127359036509,0.0
2066,CVX,0.5103308353987854,0.5514547378144172,0.49989710902380413,0.0
2067,CVX,0.5042354834847895,0.5029620481406659,0.4960868515678408,0.0
2068,CVX,0.49789753049959184,0.4597995243999371,0.4834633487943595,0.0
2069,CVX,0.4910440502380853,0.42645841224243625,0.4659680595963078,0.0
2070,CVX,0.4779849849792628,0.3216104006760044,0.4287120476795674,1.0
2071,CVX,0.4656540375869307,0.23812586786479456,0.3803867923676635,0.5145014060021897
2072,CVX,0.4510676592861991,0.16197704395270723,0.3248335168285102,0.3698726744475926
2073,CVX,0.4379823566045493,0.11322889905875544,0.26957646953379333,0.2597625431332997
2074,CVX,0.42501076854777775,0.0811788414384439,0.21826075592269667,0.2716100245347886
2075,CVX,0.41053810117012635,0.042220651298271794,0.16856558952751605,0.40883955608546624
2076,CVX,0.39580008424359825,0.016331027544349452,0.12306602877496253,0.44701964137649586
2077,CVX,0.38141081376052366,0.0031225239452281617,0.08373616823442831,0.0
2078,CVX,0.36585401914413307,0.0,0.05157957022488091,0.0
2079,CVX,0.3505094930614483,0.009453308721013798,0.02795144066265831,0.0
2080,CVX,0.3350285122052581,0.02195223022669779,0.011821733245199972,0.0
2081,CVX,0.31907749177361033,0.03841270275653852,0.002569605269931441,0.0
2082,CVX,0.3033085737710355,0.06019432586511675,0.0,0.0
2083,CVX,0.2908752688718419,0.11733291571334314,0.01062010277729053,0.0
2084,CVX,0.2749697361410446,0.15376614538425154,0.027198636106347762,0.0
2085,CVX,0.25738115847877285,0.18232294083615652,0.04679658334780956,0.0
2086,CVX,0.24663089851105457,0.21331599732087686,0.06935052878346681,0.0
2087,CVX,0.23604742863069017,0.227312118926415,0.09049862448514201,0.48954612802531117
2088,CVX,0.22581269223748368,0.24020030991814728,0.110276253926756,0.20706260679751695
2089,CVX,0.21612638285539187,0.25948946923442723,0.13037751934633085,0.1780149791037842
2090,CVX,0.21465970712498983,0.2909021440014163,0.15342720863554876,0.15705867281578273
2091,CVX,0.21349218299167383,0.31791371330301776,0.17785928328892764,0.17232180143508194
2092,CVX,0.21394704149118837,0.3458072377108006,0.2035929216583361,0.19176129117603574
2093,CVX,0.21453838067679687,0.37802506392118923,0.2313271263895179,0.24867476692238988
2094,CVX,0.21491745410505025,0.4039874241479997,0.2592740538765227,0.0
2095,CVX,0.21707811064096205,0.42698606245725557,0.28673367908373765,0.0
2096,CVX,0.21961025006715573,0.4494619936870119,0.3136875036445947,0.0
2097,CVX,0.22255178805550013,0.4738489981298728,0.34066064559565956,0.0
2098,CVX,0.2253568629412932,0.4932711975266924,0.3665478350119741,0.0
2099,CVX,0.22810128755928627,0.5140792968376419,0.39187371437212637,0.0
2100,CVX,0.23155835282394044,0.5377974758488961,0.41739612603002774,0.0
2101,CVX,0.23446956567838573,0.5509852165968274,0.4407396612049849,0.0
2102,CVX,0.23733529083197968,0.5638461038954207,0.46226758509642096,0.0
2103,CVX,0.23725947799722924,0.5749300866027454,0.48194882640173015,0.0
2104,CVX,0.23759305817193255,0.5747040337624203,0.4976436712420966,0.25956094458215784
2105,CVX,0.23801759894114305,0.5707726834059341,0.5093274051898695,0.15701198380179418
2106,CVX,0.23716848501198484,0.5574555670784236,0.5157200854535697,0.1541077542094325
2107,CVX,0.23742624587378902,0.5453541293415403,0.5181496123599711,0.17152924101243686
2108,CVX,0.23741109163588536,0.5310791449986174,0.5169264308305663,0.20450292483616334
2109,CVX,0.2376283872120526,0.528405268277977,0.5153547052039726,0.2088190647959935
2110,CVX,0.2379013254480027,0.5401762655730884,0.5167086361615054,0.36530968794158225
2111,CVX,0.2379922971479047,0.5468967572412065,0.5192826738792331,0.0
2112,CVX,0.2379468168506511,0.5547373036294778,0.5230812731241659,0.0
2113,CVX,0.23732515345659166,0.5623353398030884,0.5278057224363353,0.0
2114,CVX,0.23680962618028367,0.5681107452773346,0.5328665142333437,0.0
2115,CVX,0.23727966575573944,0.5845889047453161,0.5405707093502206,0.0
2116,CVX,0.23690060158198456,0.5905403348441929,0.5480543475934719,0.0
2117,CVX,0.23605149783277124,0.5950478048917397,0.5550412081405107,0.0
2118,CVX,0.23533885718611103,0.599059730032125,0.5615207134414808,0.0
2119,CVX,0.2350356058471057,0.6112268128607513,0.56940349788034,0.0
2120,CVX,0.2340955266961906,0.6198530054573036,0.5776233844875391,0.0
2121,CVX,0.23268540982071784,0.6149561980020861,0.5831129721049811,0.2504101860441926
2122,CVX,0.23078493789922572,0.6073638464428226,0.5858203333736974,0.17775386646999639
2123,CVX,0.22846506700673874,0.5971757522931441,0.5857260666576419,0.12122442227388755
2124,CVX,0.22669861500074173,0.5862999240541621,0.5832379286708625,0.12992342137094506
2125,CVX,0.22495492905596137,0.5741505110619958,0.5785521580100423,0.16540087562075492
2126,CVX,0.22409826345771489,0.5644056395710652,0.5726417115233212,0.18474295248067088
2127,CVX,0.22265782422469105,0.5484099719928236,0.5643648300253296,0.2744589189994602
2128,CVX,0.22180871584822892,0.5377485411609636,0.5553781627424895,0.0
2129,CVX,0.22048198198558744,0.5324185903776351,0.5470064175022614,0.0
2130,CVX,0.21811661136140525,0.5302957702742204,0.539838088871471,0.0
2131,CVX,0.2162516156265255,0.5319123285844567,0.5344620478519276,0.0
2132,CVX,0.21520539850695997,0.5452010845787214,0.5331092303939666,0.0
2133,CVX,0.21555413754681485,0.5729803260266549,0.538189602218031,0.0
2134,CVX,0.21566027551546618,0.5916973867088542,0.5464061455583452,0.0
2135,CVX,0.2141440188204431,0.599665498351892,0.5547470487396331,0.0
2136,CVX,0.21356768965066486,0.6094264962895276,0.5635851787794499,0.0
2137,CVX,0.21230919659379488,0.6089749488376851,0.5705555102426052,0.0
2138,CVX,0.212764071751403,0.6283542916487829,0.5804309438419419,0.2852961020149191
2139,CVX,0.21330309341779685,0.6531808607958297,0.5938388873057288,0.18130194332933594
2140,CVX,0.21450852026668965,0.6787973039092868,0.6102480665443032,0.15367271058834786
2141,CVX,0.21860240871600478,0.7192646990204263,0.6323528117569865,0.17262600053548263
2142,CVX,0.22258015323512836,0.7447095618800607,0.6556813685440394,0.14314866099078122
2143,CVX,0.22782638844361536,0.7732113464442865,0.6806671307803943,0.15397201022431764
2144,CVX,0.2338383638229269,0.7993173599215974,0.7064471727164725,0.25417081319869606
2145,CVX,0.2399337175878209,0.8146594007320691,0.7304747281560858,0.0
2146,CVX,0.2461427794994453,0.8250008184433515,0.7519909419730098,0.0
2147,CVX,0.25334499509900876,0.8330243431534863,0.7709838745277127,0.0
2148,CVX,0.26062302723512243,0.8387968536468163,0.7874588106879625,0.0
2149,CVX,0.2683559363797414,0.8480652229593602,0.802694880978144,0.0
2150,CVX,0.27595238242180997,0.852236677996361,0.8158091446388123,0.0
2151,CVX,0.28291200065196787,0.8479009411439093,0.8253387033944742,0.0
2152,CVX,0.2888102391956089,0.8409004330982134,0.8314093378191103,0.0
2153,CVX,0.29343482211543126,0.8349840042477817,0.8349533279853958,0.0
2154,CVX,0.2988478585166652,0.8332482164103747,0.8374034480165248,0.0
2155,CVX,0.3016681070748053,0.7930646186144524,0.8304491006217367,0.4102324450027912
2156,CVX,0.3038971569676079,0.756198024635278,0.8167070328301774,0.30431567883376603
2157,CVX,0.3069903243272547,0.7273321942711596,0.7993097008364123,0.17684271018774458
2158,CVX,0.30837771215949594,0.7037754074442985,0.7801659307720125,0.16675384831315762
2159,CVX,0.30905169399822174,0.6860206104192086,0.7609121401410713,0.14394943522144282
2160,CVX,0.31027226953232034,0.6840939104991872,0.7450816830559963,0.1627983953965785
2161,CVX,0.3093928378728572,0.6791297777803851,0.7313160600920032,0.23183891022077274
2162,CVX,0.3091502358762037,0.6766524028248113,0.7197539738271866,0.0
2163,CVX,0.30811919242898345,0.6751208166326269,0.7101645333861559,0.0
2164,CVX,0.30692134131086757,0.6769244245267156,0.7028930985291518,0.0
2165,CVX,0.3061632129633569,0.6796026972710321,0.6976701062729913,0.0
2166,CVX,0.30575382365570025,0.685512464637616,0.694802752038997,0.0
2167,CVX,0.30633000119980824,0.7028193720788586,0.6963482821343455,0.0
2168,CVX,0.30646646430236135,0.7123673129259294,0.6997028485155528,0.0
2169,CVX,0.30601158729385425,0.7193349154272118,0.7039322143410179,0.0
2170,CVX,0.3053141092141427,0.720422267414289,0.7075569282532878,0.0
2171,CVX,0.3051473209776905,0.7211847565807169,0.7106258521445554,0.0
2172,CVX,0.30528379148384044,0.7230583781479152,0.7134966407854074,0.280111459933765
2173,CVX,0.3033126670348061,0.701559797632334,0.7110239655602182,0.14224470980328074
2174,CVX,0.30038340606142366,0.6782811811389627,0.7038816310072097,0.11156541635216427
2175,CVX,0.30047437776132657,0.6572026722305712,0.69349164710489,0.0877440761872483
2176,CVX,0.30079280184722723,0.6394296318169554,0.6812368382385077,0.12516445628769884
2177,CVX,0.30124768348298225,0.6283998118306732,0.6689861045650501,0.16441276892655904
2178,CVX,0.30133106649581354,0.6157356922423253,0.656376073382295,0.19208652915311028
2179,CVX,0.3009065164721063,0.6017637708055595,0.6431884777170881,0.0
2180,CVX,0.30007258361888933,0.5991230000624015,0.6320525651058881,0.0
2181,CVX,0.29916283515457387,0.5937087956486058,0.6219427325383861,0.0
2182,CVX,0.2965851987730339,0.5729561208484271,0.609251034188108,0.0
2183,CVX,0.29378012388723995,0.5557112662831922,0.5952720280115283,0.0
2184,CVX,0.2902775709217362,0.5386627064624399,0.5803067221573209,0.0
2185,CVX,0.28701761902743517,0.530894914472369,0.5666112484454572,0.0
2186,CVX,0.2828782382500208,0.520351733596369,0.5533159402974491,0.0
2187,CVX,0.27716195050978243,0.5087849479560024,0.5401136852134978,0.0
2188,CVX,0.2695048569762628,0.4759341392847906,0.5222641644844817,0.48664809481443566
2189,CVX,0.26137771091099005,0.44705233910154274,0.5015773273507356,0.26678246694950986
2190,CVX,0.25362963364672275,0.4274501025334547,0.48067924183106114,0.25697863862328507
2191,CVX,0.24673066105711783,0.4249613447866204,0.4634086603309694,0.1972600753883474
2192,CVX,0.24059740550209607,0.43633855870385196,0.4521161485671704,0.2040454013194546
2193,CVX,0.23547214969818597,0.4369732884365092,0.4432229494020754,0.21465360642371661
2194,CVX,0.23113854665510303,0.44301975133090865,0.43744975456491425,0.2991014958641315
2195,CVX,0.22669590713508647,0.4463624580917509,0.4335727542532387,0.0
2196,CVX,0.2227233034887286,0.45545080184370046,0.4324873379844099,0.0
2197,CVX,0.2184171261458152,0.46378366712948993,0.43346759146205804,0.0
2198,CVX,0.2148235977786097,0.47623958194201876,0.43701504974958705,0.0
2199,CVX,0.2112603945453051,0.48388186340379413,0.44154840179617605,0.0
2200,CVX,0.20680259986193494,0.4893835131915495,0.44639558504201343,0.0
2201,CVX,0.20226899234381523,0.4907403780188564,0.45057434238422756,0.0
2202,CVX,0.1990848532842655,0.4917547438777655,0.45414237806000995,0.0
2203,CVX,0.19652237946967688,0.49953229291932755,0.45872220016113774,0.0
2204,CVX,0.19220848757853837,0.4828859135140867,0.45869317777429763,0.39961055021850167
2205,CVX,0.18785682901292233,0.47564098005541217,0.45706272325737235,0.219921395298301
2206,CVX,0.18349760212012445,0.4660513761793694,0.45363097469427166,0.16804601000585917
2207,CVX,0.1793885409239131,0.45868472506438307,0.4492513370458949,0.1761906491127502
2208,CVX,0.1773870709810872,0.45357326757049743,0.4446136866848884,0.1593690584987407
2209,CVX,0.17582532843611087,0.45166124135871044,0.44047939707285566,0.182269155248753
2210,CVX,0.17400582502933215,0.4502163754118815,0.43685143221948786,0.2891594738205764
2211,CVX,0.17168595691319322,0.4560252105888418,0.4352377088242266,0.0
2212,CVX,0.16829711301986983,0.4614385493531367,0.4351476405484168,0.0
2213,CVX,0.16583880170912302,0.46765704591962787,0.43645511486091876,0.0
2214,CVX,0.16444383999700474,0.48977567543838985,0.4424079538800286,0.0
2215,CVX,0.16273046993162854,0.5015703348738392,0.44978678583051557,0.0
2216,CVX,0.1610929127010028,0.5175103417831819,0.4592260277787059,0.0
2217,CVX,0.15927340466697437,0.5284426979888117,0.4692026862758021,0.0
2218,CVX,0.15718097042784152,0.5391063109096563,0.47954965923874115,0.0
2219,CVX,0.15596796507182287,0.5545913223608981,0.49126247651269733,0.0
2220,CVX,0.15353952227812329,0.5516616012837203,0.4999827926903745,0.284634530214853
2221,CVX,0.15128788016056394,0.5477060116762532,0.5060815264037412,0.19159197144937973
2222,CVX,0.14921060663748165,0.5458845054050471,0.5105564252518192,0.16078039245862905
2223,CVX,0.14639037843923486,0.542406137179764,0.5133646932478023,0.10740029517832177
2224,CVX,0.14531398795950956,0.5362090306669003,0.5142365239416639,0.12593698654693528
2225,CVX,0.1437749883395103,0.531302103314756,0.5138454218017703,0.1730743015309097
2226,CVX,0.14261502975702633,0.5272042562241545,0.5126234620571407,0.22198767237108427
2227,CVX,0.14222080856901886,0.5321186955024862,0.5127361274234523,0.0
2228,CVX,0.14146268855055322,0.531669571984505,0.512726624880173,0.0
2229,CVX,0.14068940596513801,0.5323486026608931,0.512869660938625,0.0
2230,CVX,0.1412504218677464,0.5471310291908321,0.5162634652553516,0.0
2231,CVX,0.1421298507508606,0.5681565365992879,0.5236428669654245,0.0
2232,CVX,0.14343383150858102,0.5890238297306466,0.5341756478857592,0.0
2233,CVX,0.1447249240843922,0.6057501468673789,0.5463124863030735,0.0
2234,CVX,0.14431553477673642,0.6152622812620793,0.5581321559368018,0.0
2235,CVX,0.14474008665134264,0.6251980478372797,0.5697920703093114,0.0
2236,CVX,0.14364837257642993,0.6210944393985219,0.5782096456607725,0.3684590348573838
2237,CVX,0.14223067164113345,0.6114494333927718,0.5828040304266352,0.17307127539111414
2238,CVX,0.14079023240810873,0.6047876247872,0.5850016637048255,0.12413528055342044
2239,CVX,0.1397288434670969,0.6102444882945756,0.5879703364203525,0.22924334688755757
2240,CVX,0.1395500928685589,0.6088234783037156,0.5900300337020337,0.11143140158978974
2241,CVX,0.14022164540197224,0.6150319182342843,0.5930550894678638,0.14319088284602394
2242,CVX,0.14088880204958176,0.6203566335041837,0.5966563840333208,0.2131769943053813
2243,CVX,0.14176822167819747,0.6240332798112365,0.600353057340754,0.0
2244,CVX,0.14315558637419823,0.6282664333775105,0.6042494907921248,0.0
2245,CVX,0.1448007258137487,0.6334027033424737,0.6085060822645553,0.0
2246,CVX,0.14671122035487372,0.6390162276430733,0.6131566756106164,0.0
2247,CVX,0.1478029251752906,0.6409886998403493,0.617314729119725,0.0
2248,CVX,0.14948597010676679,0.6436934501009252,0.6212412014038335,0.0
2249,CVX,0.1516238920467501,0.6507203141556523,0.6259412387028843,0.0
2250,CVX,0.15271559686716607,0.6572741564490893,0.6311551915234155,0.0
2251,CVX,0.15294303537142007,0.6608059724658627,0.6361098618721267,0.0
2252,CVX,0.15301883987712372,0.6651936286248763,0.6410469682503395,0.24351476626528523
2253,CVX,0.1540347244591933,0.6787910429452433,0.648013142349953,0.2000939832559362
2254,CVX,0.15503546128150614,0.6848477681253929,0.6549297227391649,0.1565832806640907
2255,CVX,0.15532353987361436,0.6832093314838187,0.6600995116143069,0.09641771335078118
2256,CVX,0.1568322310178063,0.6832053027940549,0.6642344489784456,0.10599919245298027
2257,CVX,0.15928855946014764,0.6868005463517651,0.6683399779078005,0.14511651646926146
2258,CVX,0.16182070536448823,0.6905124154349411,0.6724478526270075,0.15600989922378072
2259,CVX,0.16356440981826115,0.6941873297379799,0.6765494058247528,0.0
2260,CVX,0.16614127807659784,0.6998528224860984,0.6810874973790062,0.0
2261,CVX,0.16794880616499785,0.7018598461807767,0.685163214456947,0.0
2262,CVX,0.1697379872142255,0.7026955009160429,0.6886091721382658,0.0
2263,CVX,0.17166363321690703,0.7034628058139277,0.6915361593803113,0.0
2264,CVX,0.17319505247887967,0.7000450360217852,0.6931195414199204,0.0
2265,CVX,0.17454452093745143,0.6963076130243332,0.6935571265229918,0.0
2266,CVX,0.1759849647977232,0.6952826437193537,0.6936798125048574,0.0
2267,CVX,0.17838065037586048,0.702235101803828,0.6953203143304283,0.0
2268,CVX,0.1805489020769926,0.7055669006180121,0.697371851499083,0.24989689509410862
2269,CVX,0.18300523607203178,0.7156437256145014,0.7012485527001893,0.23269444317154436
2270,CVX,0.1845290749759796,0.7132826781310969,0.7038261321841417,0.15499902443017066
2271,CVX,0.18638179277044564,0.7129176144718836,0.705807209012697,0.16530821810225296
2272,CVX,0.18868650942502896,0.7187791623074958,0.7086924128888252,0.15618282149781237
2273,CVX,0.19036941646450867,0.7258759555318878,0.712574948747025,0.17742675516828652
2274,CVX,0.19214343402133682,0.7273352470901213,0.716004710815916,0.2355094736908847
2275,CVX,0.19485754368537478,0.7322613066153799,0.7198413315016131,0.0
2276,CVX,0.19741242973834172,0.7350374998454317,0.7235265066381736,0.0
2277,CVX,0.19959205706648397,0.7359688504897763,0.726681260218547,0.0
2278,CVX,0.20054729693345053,0.7231617491151818,0.726363899353458,0.0
2279,CVX,0.20129026271401163,0.711117443868619,0.7234380677906849,0.0
2280,CVX,0.2028065194090356,0.7130352805595184,0.7215228608768764,0.0
2281,CVX,0.20447440177356135,0.7136737040595873,0.7201323250276235,0.0
2282,CVX,0.205914845633834,0.7107257253059238,0.7183659083719466,0.0
2283,CVX,0.2069155750525491,0.7034554399240209,0.7153399142973267,0.0
2284,CVX,0.21035747589935383,0.7213974584789375,0.7168994273727666,0.24746762534775388
2285,CVX,0.21337482024430265,0.7293416174803972,0.7199093926201438,0.15116793144899932
2286,CVX,0.2159676284472889,0.7322826970964667,0.722969822270049,0.12514860507924594
2287,CVX,0.217711321795667,0.7323008595441521,0.7254221951989325,0.1394625345160064
2288,CVX,0.21939436765259224,0.7291700773825417,0.7266895519387514,0.14387334942086888
2289,CVX,0.22030413092410317,0.7251538314087062,0.7268124619213077,0.16508024890432124
2290,CVX,0.22196443385605402,0.7201459767696423,0.7257998332164985,0.20872583086991142
2291,CVX,0.2232958551211368,0.7139029637887438,0.7236047625285251,0.0
2292,CVX,0.22409947302039868,0.7091683660784707,0.7207983693801747,0.0
2293,CVX,0.22466063329315134,0.7053259657309308,0.7177008458594955,0.0
2294,CVX,0.22347794844378388,0.678692165765048,0.7093143092429025,0.0
2295,CVX,0.22205266715046257,0.6594138379096391,0.6983283209653757,0.0
2296,CVX,0.22049092275458904,0.6425106078445108,0.6857896697960015,0.0
2297,CVX,0.21848567327541968,0.6240534062556637,0.6716641508584709,0.0
2298,CVX,0.21766689466010725,0.6107732141378255,0.6574176201854328,0.0
2299,CVX,0.21578673635827794,0.5876142596817787,0.6408827474402361,0.0
2300,CVX,0.21049499216359902,0.5435803244040751,0.6178862360259941,0.5051781574958779
2301,CVX,0.20471805785735775,0.504650854229386,0.5908528027069784,0.2521391205807191
2302,CVX,0.19850140540776184,0.46810268127900023,0.5611181056010879,0.21695217575128242
2303,CVX,0.19258801447711615,0.44070815775794686,0.5312530690430881,0.19002342232201758
2304,CVX,0.18497639938995114,0.42663776521522834,0.5042396239679732,0.1594445678917345
2305,CVX,0.17842618249829467,0.4248850449641328,0.4822400394712567,0.1736478270731147
2306,CVX,0.17223985240624895,0.4278210573564525,0.46529170519858404,0.29993469302117404
2307,CVX,0.16635677828045647,0.4347406005239144,0.45326808888188586,0.0
2308,CVX,0.1606556475544707,0.4424691892695604,0.44536372789798073,0.0
2309,CVX,0.15515162834793816,0.4524613955614728,0.441256938523376,0.0
2310,CVX,0.15010249077716065,0.466689957607337,0.4411280116240417,0.0
2311,CVX,0.1452656319200356,0.4808115854158266,0.4441576521101093,0.0
2312,CVX,0.141186901410423,0.5032776276747307,0.45156529509667903,0.0
2313,CVX,0.13707784576690862,0.5227490382365824,0.46181100248596285,0.0
2314,CVX,0.13328720402935001,0.5200691258133615,0.4694130490169238,0.0
2315,CVX,0.1308157056164614,0.5363108363557145,0.4790977934200026,0.0
2316,CVX,0.12939042524858912,0.5604925824895359,0.4922101361588218,0.38490451952537447
2317,CVX,0.12892052819237687,0.5859830449236902,0.5083548869058558,0.19309956547514573
2318,CVX,0.12970898445013823,0.6218249979908962,0.5292219681302581,0.1425689390670901
2319,CVX,0.13205509646725044,0.6546733843816606,0.5532028124060635,0.13222674606104676
2320,CVX,0.13646740900246712,0.6771644111641173,0.5773769610620616,0.15108175851577352
2321,CVX,0.14180463904709661,0.6993120550519922,0.6016295761859866,0.1146649040122867
2322,CVX,0.14703572001767995,0.7071953573046054,0.6227805224382102,0.19500718636150496
2323,CVX,0.1523880959711672,0.7132613128706349,0.6410469682445198,0.0
2324,CVX,0.1576040273310948,0.7207545437177996,0.6573224444946206,0.0
2325,CVX,0.16227409239906976,0.7263603147170922,0.6715864256484438,0.0
2326,CVX,0.16706545707719656,0.7330001607232831,0.6844706128606022,0.0
2327,CVX,0.1717810153987207,0.7384849041801218,0.695994713690446,0.0
2328,CVX,0.17713340153215285,0.7488427536089097,0.7075118090784168,0.0
2329,CVX,0.18244029996473543,0.756888137839825,0.7185102962681083,0.0
2330,CVX,0.18747427219221358,0.7630300762976902,0.7286716310848387,0.0
2331,CVX,0.19261438238834305,0.7686414124946267,0.738045533691211,0.0
2332,CVX,0.19681441250810838,0.7705092098078974,0.7459590132351199,0.24126720900855878
2333,CVX,0.19995307404675344,0.7587723708404739,0.7496860631918321,0.12756533796073338
2334,CVX,0.20501737233358153,0.7507680989014323,0.7508920127454375,0.08946667024039366
2335,CVX,0.20836830148048335,0.7407978424070358,0.7496449423812007,0.0771191552631632
2336,CVX,0.21062753228511522,0.7297445441755579,0.7461951910288886,0.08287328803346161
2337,CVX,0.2126895034983498,0.7234655762242013,0.7420424458701872,0.0966985679441876
2338,CVX,0.2124165652624006,0.7063971181579172,0.7349337345470008,0.18817027195197833
2339,CVX,0.21158670994031148,0.6905181679064386,0.7257241340829765,0.0
2340,CVX,0.2113895993463073,0.6815926251181522,0.7163763859592303,0.0
2341,CVX,0.21069211108665087,0.673406714239602,0.70708220175044,0.0
2342,CVX,0.20925167185362703,0.6494024536555352,0.6943216810653058,0.0
2343,CVX,0.20893325794767037,0.6438557372092331,0.682882765193152,0.0
2344,CVX,0.20817512960015971,0.6380599749454681,0.6724458841401746,0.0
2345,CVX,0.20759895205604995,0.636257919919836,0.6636966062947192,0.0
2346,CVX,0.2061888333296782,0.6286726839712329,0.6550144537403884,0.0
2347,CVX,0.20494550283975865,0.6260909448273059,0.6474959913554583,0.0
2348,CVX,0.20170070333246315,0.6087343378121547,0.6376307824703931,0.2530629578297332
2349,CVX,0.1991230715781711,0.6042213914856736,0.6287374505366368,0.15249338067945195
2350,CVX,0.19677288017903116,0.6048407325419062,0.6217601813679081,0.07244304876955715
2351,CVX,0.19412701502256446,0.6045781742616319,0.616120119358604,0.062077223052729474
2352,CVX,0.19203457337983476,0.6099835299964808,0.6128072092136431,0.07405900742038297
2353,CVX,0.19060489249891077,0.6103563041936609,0.6102395783839144,0.08749434760316759
2354,CVX,0.18898248672983886,0.6113475183736302,0.608405367487957,0.13189790553659655
2355,CVX,0.1873752527822159,0.6101857332876783,0.6066802650693172,0.0
2356,CVX,0.18598028736829697,0.6099269873187898,0.6052427821940652,0.0
2357,CVX,0.1843124003765224,0.6103786993016654,0.6041930049625934,0.0
2358,CVX,0.18416078396151736,0.6170507127144118,0.6048333215753119,0.0
2359,CVX,0.18359976898435804,0.6161518072256464,0.6051461591197901,0.0
2360,CVX,0.18173477324947918,0.6050369515224573,0.6029306780101585,0.0
2361,CVX,0.17915713686793922,0.5879344187581237,0.5973642186984718,0.0
2362,CVX,0.1766553133211506,0.5587771566162124,0.5864427214356195,0.0
2363,CVX,0.17289499671749287,0.5359680075433173,0.5726454772378968,0.0
2364,CVX,0.17065093865975633,0.5350553082535496,0.5614052060780459,0.28510704032864453
2365,CVX,0.16928631781418257,0.5482163366136457,0.5553326690468452,0.123215189953677
2366,CVX,0.16895273949037826,0.5650387108200012,0.5542065626759703,0.0911536711254675
2367,CVX,0.16819051972999421,0.5774486744039233,0.5560587391336675,0.08372507433496254
2368,CVX,0.16891833960169933,0.589273258331066,0.5601636795692196,0.0932512183094715
2369,CVX,0.16970679956125867,0.6085318617972953,0.5677200151874191,0.09310740461823516
2370,CVX,0.170101017972919,0.6232600014916889,0.5770324160062213,0.11620866761370431
2371,CVX,0.1705483109216006,0.6344427407428248,0.5869631472854808,0.0
2372,CVX,0.17036636844724562,0.6413460249996967,0.5964391764874426,0.0
2373,CVX,0.17070433432780696,0.6484252225242741,0.6055904691263068,0.0
2374,CVX,0.1708559701772554,0.6521259191915302,0.613732476292654,0.0
2375,CVX,0.17185669959597139,0.6622419416425122,0.6224902491665039,0.0
2376,CVX,0.1728271038807856,0.6698822866231835,0.6311914232876836,0.0
2377,CVX,0.17437368570971046,0.6823672288534943,0.6409220576148099,0.0
2378,CVX,0.17487405041906712,0.6857936120661265,0.649466683656194,0.0
2379,CVX,0.1753592525614751,0.6813966565477012,0.655326951393764,0.0
2380,CVX,0.17873292926060014,0.6995222617253511,0.6640362012965609,0.1725968919526873
2381,CVX,0.18296327988701755,0.7139577517957377,0.6742060113195943,0.1350801076844641
2382,CVX,0.1880730668001469,0.7180370724202603,0.6832468274069026,0.08270800315986634
2383,CVX,0.18886178403470755,0.6251042621611119,0.6064527848745705,0.0
2384,CVX,0.18823254768621833,0.6325660657923416,0.6100831154811055,0.0
2385,CVX,0.18833868565487055,0.6441339037674476,0.6155536219848046,0.0
2386,CVX,0.1882173851192679,0.6538052004647045,0.6220755351047154,0.0
2387,CVX,0.18800510918196522,0.6610214762843063,0.6288939447160838,0.0
2388,CVX,0.187580557307359,0.656784028362877,0.6334086249278145,0.0
2389,CVX,0.18765637014210945,0.6532409753398579,0.6362343681555442,0.0
2390,CVX,0.18890727913915573,0.6630801054724375,0.6406777033004649,0.24851236408669514
2391,CVX,0.19160105574908748,0.6892457125664292,0.6500370239805113,0.16485919659735077
2392,CVX,0.19413320628067599,0.7148800897701035,0.6632112835415838,0.14466648625109407
2393,CVX,0.19628630189300544,0.7272076297568799,0.6764854676600403,0.10478743961770343
2394,CVX,0.19950075868285833,0.7279381850551141,0.6872668834162742,0.1420157318920838
2395,CVX,0.20200789431059718,0.7229243428655207,0.6947797310351985,0.12944903793251822
2396,CVX,0.2055711067983994,0.7205101876200657,0.7002544460766946,0.18705895813753487
2397,CVX,0.2091176426836343,0.7169821918494168,0.7038515575118514,0.0
2398,CVX,0.2122866154744356,0.7146832184597159,0.706219235876225,0.0
2399,CVX,0.21537219414700992,0.7132015709684407,0.7077846856817366,0.0
2400,CVX,0.21747979002764328,0.7137514234082442,0.7091590263524694,0.0
2401,CVX,0.2201332392439337,0.7176044657369686,0.7111132687383741,0.0
2402,CVX,0.22261990022377187,0.7195352230026177,0.7131049873204932,0.0
2403,CVX,0.22497009810105872,0.7221710860580967,0.7152831095298547,0.0
2404,CVX,0.2279116360894049,0.7289367766275234,0.7185265273016352,0.0
2405,CVX,0.2303679719353422,0.7333639451141944,0.7221033971452498,0.0
2406,CVX,0.23014053528198808,0.7060183518528643,0.7188984689745883,0.2270612118911731
2407,CVX,0.2294430479477798,0.67831238578312,0.7101881562655583,0.12750106851555162
2408,CVX,0.22983727098668805,0.6588855626404881,0.6989102044979735,0.1324525537305531
2409,CVX,0.230807678973302,0.6499458717862453,0.6879046366842594,0.11643505169079076
2410,CVX,0.23117915445998616,0.6488088832831223,0.6788479496757486,0.20244327645055127
2411,CVX,0.22743795486960217,0.6199435384331193,0.6651990300162518,0.6138409293765258
2412,CVX,0.2235714956700443,0.6018331519486879,0.6502622347340241,0.7012261918451584
2413,CVX,0.21999311876439265,0.5844398072558121,0.6344542095403929,0.0
2414,CVX,0.2171425552522992,0.5717574282733191,0.6189942944256616,0.0
2415,CVX,0.21460282343723502,0.561536245366348,0.6043588660989885,0.0
2416,CVX,0.2124194054673545,0.5609182607590082,0.5925134279778469,0.0
2417,CVX,0.2128742824758616,0.5905064822005166,0.5896010125289893,0.0
2418,CVX,0.21328367178351826,0.6150792341613118,0.592722369229014,0.0
2419,CVX,0.2123587551995536,0.6206691607641471,0.5964595397768827,0.0
2420,CVX,0.21126705037913585,0.6259243131441387,0.6006150941389786,0.0
2421,CVX,0.2097962813849632,0.6301701602458031,0.6048814484040087,0.0
2422,CVX,0.20879555474259792,0.6387303618764877,0.6101935512489226,0.46125445887288685
2423,CVX,0.20308685013673333,0.5941426100156961,0.6045517600636447,0.33170786395743573
2424,CVX,0.197203770458243,0.5633931941879345,0.593216789407991,0.2633048559168382
2425,CVX,0.19150234821561973,0.5423727881933826,0.5794855863389203,0.16259535582648632
2426,CVX,0.18850016643762135,0.5278468982232071,0.5652781592124457,0.14380879177189707
2427,CVX,0.18625611300713363,0.5208044282166869,0.5523498959708497,0.1461233564098108
2428,CVX,0.1846640388501104,0.5267484380615026,0.5433259213970952,0.26159969819299106
2429,CVX,0.18263225117698045,0.5342103345828384,0.5377621100473421,0.0
2430,CVX,0.17955426026602872,0.5353896807787043,0.5335726904758944,0.0
2431,CVX,0.17913091425230743,0.5397071386566199,0.5311789519320024,0.0
2432,CVX,0.17884282825660147,0.5500414617723349,0.5315565566768992,0.0
2433,CVX,0.17913091702865547,0.5620517805074444,0.5345230436793273,0.0
2434,CVX,0.17952514376936168,0.573864071483626,0.5395167054475224,0.0
2435,CVX,0.1799496956439688,0.5831534269861676,0.5455724118600309,0.0
2436,CVX,0.17941900580070946,0.5867528295124231,0.5512154786654714,0.0
2437,CVX,0.17599226566995618,0.5865404028458174,0.5556828067750066,0.0
2438,CVX,0.17521896457554842,0.6178720885704412,0.5662073793770998,0.3527489021597127
2439,CVX,0.17708396216132627,0.6586159402347618,0.5836657691872394,0.2530409102397942
2440,CVX,0.17869118870535328,0.6880605132622144,0.6041645487114026,0.24418008471462205
2441,CVX,0.17852439769255213,0.6904515596097637,0.6210940088408569,0.18179520411601124
2442,CVX,0.17790272689489495,0.6917180957576347,0.6349185489192677,0.13628595234204485
2443,CVX,0.1820345356433295,0.6946660667271635,0.6466321672314163,0.2029950426066073
2444,CVX,0.18544611320713322,0.6918543984671127,0.6553793134117608,0.2263030918214393
2445,CVX,0.1889186381080723,0.6919490914059372,0.6623980373064264,0.0
2446,CVX,0.1923150447758788,0.6913994243783583,0.6678910767282096,0.0
2447,CVX,0.19543853634397568,0.6903511809329643,0.6720529629636578,0.0
2448,CVX,0.19618151045358445,0.6720895756004317,0.6713312655788002,0.0
2449,CVX,0.19769776714860754,0.6676914627521254,0.6697782178300302,0.0
2450,CVX,0.19912304844192885,0.6570269313492378,0.6661699297070881,0.0
2451,CVX,0.20019959069539617,0.6467278209214707,0.6609985153113901,0.0
2452,CVX,0.20154905915396704,0.6474828928416787,0.6570288910933239,0.0
2453,CVX,0.2021555618319768,0.6424603140164514,0.6527389685727549,0.0
2454,CVX,0.20402814810482806,0.6543553493775108,0.651945858971812,0.31823433677246915
2455,CVX,0.20543827423479577,0.6575528663211005,0.6520207175278456,0.18953967226041402
2456,CVX,0.20662094797876662,0.6529547092092991,0.6510605361444322,0.16483556388656645
2457,CVX,0.20830444175332108,0.6512392367593283,0.649911825759028,0.13312940033149198
2458,CVX,0.20692466574439194,0.6459510626872791,0.6478197139009864,0.17102445207415945
2459,CVX,0.2045517203148819,0.6464321577097478,0.6462527519002071,0.19090258798357354
2460,CVX,0.20267157682024717,0.6500538234459824,0.6458026229087264,0.2178712576377607
2461,CVX,0.20208023948553588,0.6472477482545012,0.644820012028378,0.0
2462,CVX,0.20144341444997504,0.6444194691552809,0.643406489859004,0.0
2463,CVX,0.2011098268716749,0.6481337599840017,0.6430996609461349,0.0
2464,CVX,0.2024441364650933,0.6653490103782599,0.6466732778388586,0.0
2465,CVX,0.20302031400920306,0.6728471977987551,0.6511955905383906,0.0
2466,CVX,0.20305063914310306,0.6721315047594666,0.6546546693222671,0.0
2467,CVX,0.2027777129379995,0.6677371113591247,0.6564470676413808,0.0
2468,CVX,0.20318710224565528,0.6548418013241123,0.6550202541076251,0.0
2469,CVX,0.20356616641941105,0.6545010417179095,0.6538032082021351,0.0
2470,CVX,0.20305822875562463,0.6371164845478965,0.6489729319589145,0.2537428305704677
2471,CVX,0.20212573181363513,0.6169693024300705,0.6406392028837598,0.17256432492441134
2472,CVX,0.200435113002281,0.6017587254091871,0.6305978620332043,0.1323624900461616
2473,CVX,0.19916146755840725,0.5894725706455859,0.6198391938985668,0.09324963318862621
2474,CVX,0.1963184862552385,0.5785010148630878,0.6087982983068896,0.12365974429983338
2475,CVX,0.19363970285497079,0.5665078088941141,0.5973049749716611,0.1373618170903118
2476,CVX,0.19118337441263034,0.5535659157827952,0.5852392499925307,0.24480937769020225
2477,CVX,0.18868110202276522,0.5459254475594811,0.5738916868466288,0.0
2478,CVX,0.1864521972774833,0.5402924261840562,0.5635639908753572,0.0
2479,CVX,0.18386698146336666,0.5376706447871169,0.5547202106697832,0.0
2480,CVX,0.1814257989298831,0.5417325373758669,0.54854628828927,0.0
2481,CVX,0.17946982779330334,0.5460029447638075,0.544554509683849,0.0
2482,CVX,0.17761999462537403,0.5510751828415297,0.5424863264951885,0.0
2483,CVX,0.17519398391333585,0.5555153550547957,0.5418168003540768,0.0
2484,CVX,0.171691430947833,0.5621582387380796,0.5427548556171975,0.0
2485,CVX,0.16674843412205576,0.5462298584482863,0.5399717027221831,0.0
2486,CVX,0.16274262534250905,0.53922071021646,0.5361902510628566,0.4140664200218631
2487,CVX,0.16011951236551347,0.5470752878744426,0.5349075715428547,0.342077004017849
2488,CVX,0.15640469456810102,0.5327834734547705,0.5307108912403193,0.3465212505623576
2489,CVX,0.1542843598731336,0.5508040715031651,0.5313512876313539,0.276817722919147
2490,CVX,0.15318490256105743,0.560552834317436,0.5340262979644642,0.30514916419459864
2491,CVX,0.15212352750178937,0.5629679199231359,0.5367020756783539,0.18906456831251203
2492,CVX,0.15067549958169213,0.5616691959919169,0.5385545852453766,0.348484350678302
2493,CVX,0.14958378458132948,0.5647763068648716,0.5407258831964025,0.0
2494,CVX,0.14812816889961056,0.5620236712932037,0.5418522690670384,0.0
2495,CVX,0.14757731813588038,0.5669079929467002,0.5438369295461625,0.0
2496,CVX,0.14745601667482866,0.5720512013159463,0.5465656418761002,0.0
2497,CVX,0.14719825303667555,0.5768232815924255,0.5498072635769254,0.0
2498,CVX,0.14700113966632156,0.5812502093144419,0.5533826431518611,0.0
2499,CVX,0.14636431185441268,0.5810617065160331,0.5562011288158353,0.0
2500,CVX,0.14630366158661,0.5930632639783335,0.5611183769278913,0.0
2501,CVX,0.14597008511370646,0.5998771559540789,0.5665637885586531,0.0
2502,CVX,0.14662208567251156,0.6174941794072463,0.5748283283623377,0.3825376458995661
2503,CVX,0.14534843560138988,0.6091895454346071,0.5795976366272344,0.24397358669904923
2504,CVX,0.14251302725264914,0.587541755510783,0.5786106760625382,0.3004987078383073
2505,CVX,0.14328631909256107,0.5900433868730433,0.5783760766145287,0.28476465422606184
2506,CVX,0.14301627288674545,0.5851540325228349,0.5771037288057791,0.18854248714683147
2507,CVX,0.14149242750464897,0.5799411918395485,0.574929419181902,0.23686806635719343
2508,CVX,0.14244765348987087,0.5831231759878002,0.5738958718801715,0.2425406374549069
2509,CVX,0.14074702131337968,0.5841711706393389,0.5733015241476302,0.0
2510,CVX,0.13962515423819877,0.5867991083407176,0.5734090351222092,0.0
2511,CVX,0.13917785296047036,0.5909785101556183,0.5744222142661664,0.0
2512,CVX,0.1403908536892411,0.609553070625259,0.5793533908106705,0.0
2513,CVX,0.14143707080880663,0.6257951782924734,0.5869015273238906,0.0
2514,CVX,0.14296849007078105,0.638135162914015,0.5956775737571729,0.0
2515,CVX,0.14365080558354126,0.6443569994968918,0.6040786807956661,0.0
2516,CVX,0.14459088473445547,0.6525858111849545,0.6126250693736351,0.0
2517,CVX,0.14611214507657255,0.665442036883856,0.6223142418449704,0.0
2518,CVX,0.14799230985654965,0.6792589616294722,0.6331307656350279,0.3386315277077683
2519,CVX,0.15044863644799022,0.6918379420576667,0.6445745413980574,0.20681561614944172
2520,CVX,0.15166164180400976,0.6984940459387391,0.6552061709907018,0.14548138246746828
2521,CVX,0.1525410799416198,0.696139303907312,0.6631890920072532,0.15085595084626718
2522,CVX,0.1528291492792322,0.6987760775328262,0.6701603781676023,0.10165365570656473
2523,CVX,0.15561905604537785,0.7061527611460009,0.6773738715316591,0.1461507357698658
2524,CVX,0.15986457941869148,0.7121771453540221,0.6844811327193498,0.2156781708973542
2525,CVX,0.1626393282451355,0.7182759431626073,0.6915199162903636,0.0
2526,CVX,0.16615705488298538,0.7231610208073599,0.6982346626410364,0.0
2527,CVX,0.1696975105640668,0.7242909876737924,0.7038571347792959,0.0
2528,CVX,0.1728058414161131,0.7259016890927786,0.7087124350656093,0.0
2529,CVX,0.1762022564129655,0.7273553313161913,0.7129191554125156,0.0
2530,CVX,0.17894668103095768,0.7212827081821204,0.714937363733286,0.0
2531,CVX,0.1818427313184534,0.7188306796568769,0.7160079654203452,0.0
2532,CVX,0.1839048404236845,0.7213046326905858,0.7174132755347531,0.0
2533,CVX,0.1858277571643141,0.722081818895325,0.7187099368204364,0.0
2534,CVX,0.1883750711883021,0.7282821632637736,0.7211227678469835,0.2882385186094628
2535,CVX,0.1912407907891982,0.7322737623110992,0.7239385403333682,0.1755760545304627
2536,CVX,0.19269639814187212,0.7217776372360439,0.723862668136436,0.14649888594824956
2537,CVX,0.1936617960032443,0.7136210473881587,0.7219924893297847,0.1005965242046512
2538,CVX,0.19441992435075584,0.7080776561184019,0.7192665846270225,0.11922558488797662
2539,CVX,0.1948596517486081,0.7015525938758577,0.7156383225317214,0.19918686182674514
2540,CVX,0.19536001923431456,0.6938174493479745,0.7110197264326833,0.166455557390453
2541,CVX,0.19646187372009116,0.6870552827685145,0.7058247113211007,0.0
2542,CVX,0.19673480917969144,0.6769513279484706,0.6994272092085708,0.0
2543,CVX,0.19681062201444366,0.6723613970904819,0.6932909642258076,0.0
2544,CVX,0.1974171283942514,0.6754077449061966,0.6890577786878751,0.0
2545,CVX,0.19781135513495673,0.677187350867697,0.6860660230964808,0.0
2546,CVX,0.19808428134006117,0.6777824323513494,0.6838046331891855,0.0
2547,CVX,0.1979629808044594,0.6716020809905785,0.6806244545709339,0.0
2548,CVX,0.19758391663070363,0.6651654659671696,0.6766523947254435,0.0
2549,CVX,0.1957340834627752,0.6443434786964187,0.668855538077519,0.0
2550,CVX,0.19364165199999217,0.6190159547432491,0.6569993229384185,0.28622411821888905
2551,CVX,0.1913066176151057,0.5998950698095694,0.6432725194276357,0.16533819129641847
2552,CVX,0.18808458231812608,0.5806155975932675,0.6280140637664876,0.12836712090466015
2553,CVX,0.1844255572143929,0.5610019716416177,0.6114561567717066,0.10105707386115552
2554,CVX,0.18037745538616257,0.5486542777170913,0.5954705836995141,0.11681014892354442
2555,CVX,0.17691280328533576,0.5467711037496166,0.5822643565823248,0.16767682095080158
2556,CVX,0.174122896519191,0.5414306738221264,0.5705146387515252,0.19144887826761853
2557,CVX,0.17137847467754685,0.5398839983693627,0.5607717456133016,0.0
2558,CVX,0.168315629675452,0.5378916869735937,0.5525354510863442,0.0
2559,CVX,0.16560152648956095,0.5400392800465704,0.5464228436092864,0.0
2560,CVX,0.16340295150542872,0.5467801740323482,0.5430281766874151,0.0
2561,CVX,0.16093645673963408,0.5499999061896789,0.5410267176727932,0.0
2562,CVX,0.15885918506745078,0.5536880687459306,0.5402437429135809,0.0
2563,CVX,0.15649382462321526,0.5580447698361531,0.5405838660451101,0.0
2564,CVX,0.15359777433571953,0.5633909531668153,0.5420419770386757,0.0
2565,CVX,0.15102013795418046,0.5718564017237213,0.5450864649755192,0.0
2566,CVX,0.14672914076176014,0.5594787138655221,0.5447761539092247,0.24526805402207122
2567,CVX,0.14415149697662333,0.5638939363309504,0.545507390543111,0.17218735436702234
2568,CVX,0.14114931519862317,0.562176387290299,0.5457113538947745,0.13184660526196715
2569,CVX,0.13981501115790174,0.5651213613760294,0.5465278459883152,0.13954726643028192
2570,CVX,0.14048216780551037,0.5819928033913657,0.5509238482592853,0.16047532874685821
2571,CVX,0.14246846037419303,0.6113006963752945,0.5609423962632113,0.1979200620675682
2572,CVX,0.1456449968649256,0.6433187473753736,0.5760602100021734,0.19320937111915584
2573,CVX,0.1490793127264558,0.6661014035705476,0.5932086301255746,0.0
2574,CVX,0.152445096265577,0.6849960268865921,0.6111190031041659,0.0
2575,CVX,0.1551667881385388,0.6987395397390564,0.6284962013972287,0.0
2576,CVX,0.15842673355469294,0.7100084860696592,0.6448978950791547,0.0
2577,CVX,0.1622022127253011,0.7253944184633989,0.6614325089488905,0.0
2578,CVX,0.16626578066796416,0.7378181839305389,0.6774163234480338,0.0
2579,CVX,0.1703293486106272,0.7489820594806529,0.6926800008945757,0.0
2580,CVX,0.17430194115158937,0.7593751831406172,0.7071965829114958,0.0
2581,CVX,0.17974530268672417,0.7796965162873113,0.7233179907642836,0.0
2582,CVX,0.18773596899135025,0.8230251307236742,0.7458272598866897,0.42023599855552257
2583,CVX,0.1958934226069795,0.8572593947103492,0.771429301501399,0.19370536984183664
2584,CVX,0.20493030418027303,0.8925674463579829,0.7997437732132322,0.2924905332260062
2585,CVX,0.21411897800400492,0.9224757063735924,0.8290302838966497,0.1982154709523723
2586,CVX,0.22477067203204903,0.9394773940675845,0.8562311951106528,0.19111802031663797
2587,CVX,0.23501299341053006,0.9579422377113106,0.8820882174190376,0.23159797185228864
2588,CVX,0.24661234787296316,0.9781159928422505,0.9072492383789957,0.36128780405139593
2589,CVX,0.257726507596586,0.9879752649653403,0.9295652640660587,0.0
2590,CVX,0.26758216963609094,0.991187044113015,0.9481305948203427,0.0
2591,CVX,0.2763764612435766,0.9931050695528096,0.9634083596327709,0.0
2592,CVX,0.28523141144791,1.0,0.977160162428411,0.0
2593,CVX,0.29387407460954407,0.9966294751808971,0.9874138778698471,0.0
2594,CVX,0.30248641263727727,0.9909234478379354,0.9943510089173375,0.0
2595,CVX,0.31122005120061313,0.9832808542765668,0.9982052591017043,0.0
2596,CVX,0.3202114534021021,0.9774719705888464,1.0000000000000002,0.0
2597,CVX,0.3268223325924051,0.949459967100142,0.9952215303362477,0.0
2598,CVX,0.33226570060568683,0.9121018679946729,0.9831111278368752,0.7325588432883245
2599,CVX,0.3379819976004219,0.8853688358246649,0.9674922740834357,0.2444277958721724
2600,CVX,0.34277337430939436,0.8540376102386863,0.9480465830446827,0.20578024403367717
2601,CVX,0.34663982332900645,0.8301112936725992,0.9271821482178164,0.17699228795478197
2602,CVX,0.3474282832885667,0.803326707234647,0.9045486316572142,0.16305273524130007
2603,CVX,0.34832289232217306,0.7840560630195724,0.8821667639850663,0.1816064306335267
2604,CVX,0.34909619804382874,0.7769042493311366,0.8626746911940995,0.36395556243401933
2605,CVX,0.34938428018966405,0.7693670493273501,0.8454089591137356,0.0
2606,CVX,0.34958897484349194,0.757831225209125,0.8290372334758738,0.0
2607,CVX,0.34980883206427116,0.756179443739024,0.8155734170747095,0.0
2608,CVX,0.34976334713976875,0.7598854390281935,0.8056245124703625,0.0
2609,CVX,0.34908103162700854,0.7521146814745783,0.7959415018693508,0.0
2610,CVX,0.34930847013126254,0.7545085792866404,0.7887261624756483,0.0
2611,CVX,0.349839159974521,0.761918655015474,0.7845977631982045,0.0
2612,CVX,0.3505214754872803,0.7774689018938743,0.7847447546922242,0.0
2613,CVX,0.35226517068655827,0.7954403499210861,0.7888491849402626,0.0
2614,CVX,0.35341753688017175,0.8020486033038282,0.7935987228305129,0.2985248000802359
2615,CVX,0.35416051191522957,0.8015682218568394,0.7972917839586695,0.16013697749733627
2616,CVX,0.3546608655191914,0.800692806460215,0.8000520282242289,0.14859095726024255
2617,CVX,0.3556161016843582,0.7837141712240956,0.7984936349921097,0.14372521267278177
2618,CVX,0.357094438080261,0.7628156918667964,0.7926107424132347,0.22379600705177033
2619,CVX,0.35795110367850747,0.7436364946753364,0.783649660793813,0.1627606407000816
2620,CVX,0.3594825146114342,0.7274831463694608,0.7728972908493736,0.20491678547867911
2621,CVX,0.36090780145745516,0.71568822497154,0.7616787760441247,0.0
2622,CVX,0.3629244228618358,0.7064117141063284,0.7506460366927855,0.0
2623,CVX,0.3641525806048582,0.6930298620814591,0.7388511771663037,0.0
2624,CVX,0.36477423937167064,0.6846578519764838,0.7275580190545834,0.0
2625,CVX,0.3660174182359217,0.6842573367482876,0.7184346411298874,0.0
2626,CVX,0.36770046316739613,0.6842662539445228,0.7111379170062601,0.0
2627,CVX,0.36835245354625634,0.6808166348802022,0.7045352644203681,0.0
2628,CVX,0.3686405423183121,0.6798501233479929,0.6990387286893409,0.0
2629,CVX,0.3699172304555223,0.6805308723089694,0.6947925193867264,0.0
2630,CVX,0.3712212093623428,0.6906712782469958,0.6936451283873993,0.22374052782218518
2631,CVX,0.3722598526020313,0.7018719571833347,0.6952120060028532,0.1566270876401787
2632,CVX,0.3723508261528332,0.7103398315505913,0.6983440453858623,0.14147462927625976
2633,CVX,0.3718504725488714,0.7168280451107505,0.7022890406090442,0.09128869460110722
2634,CVX,0.37254793767228644,0.72890587409626,0.7081244166597164,0.09065968982931706
2635,CVX,0.37373818159433636,0.7391271869253722,0.7150602425574389,0.14829915092281412
2636,CVX,0.37484506563979814,0.7464034527610434,0.7222230907465383,0.1970296564582002
2637,CVX,0.37748335784183684,0.7537800512770784,0.7295898148554043,0.0
2638,CVX,0.380599272753706,0.7577156070994433,0.7363562690195073,0.0
2639,CVX,0.3838364909775285,0.7594256871664464,0.7421488013679163,0.0
2640,CVX,0.3877939237278891,0.7676182328450334,0.7486002848393134,0.0
2641,CVX,0.39100838792133796,0.7660229758879308,0.7534075752839977,0.0
2642,CVX,0.39514776869875323,0.7746427722986697,0.7591656477478368,0.0
2643,CVX,0.3994691002795694,0.7765660717375732,0.7641987759268448,0.0
2644,CVX,0.40344169282053155,0.775282300038734,0.767940482911644,0.0
2645,CVX,0.4067319698487317,0.7716722781458436,0.770132990993606,0.0
2646,CVX,0.41015871738308274,0.7697165693153147,0.7714531374597877,0.23631500328408217
2647,CVX,0.4138735370313942,0.7670175993673435,0.7719105074768704,0.1656794245838409
2648,CVX,0.41823564669982805,0.772990251467853,0.7736013935893798,0.11727545394258461
2649,CVX,0.42184131622598997,0.7694762423846422,0.7741745447277979,0.13035025118401322
2650,CVX,0.423964066344527,0.7585159752299784,0.7722016088558132,0.11808458608315774
2651,CVX,0.42347126440965077,0.7227790425134323,0.7626952775442024,0.15584792869377107
2652,CVX,0.42233407188838346,0.6869336308220555,0.7471381645971333,0.19090892846695467
2653,CVX,0.421439469332924,0.661718589403535,0.7290986978635511,0.0
2654,CVX,0.4202567909617043,0.6463219931024138,0.7112514998410013,0.0
2655,CVX,0.4184903602410488,0.6293453329950783,0.6932075909465716,0.0
2656,CVX,0.4180961279476447,0.6321098800340396,0.6793857587949345,0.0
2657,CVX,0.41726218676538274,0.6322725173579068,0.6683643729992927,0.0
2658,CVX,0.4165798712526225,0.6336586355379697,0.6598547647551516,0.0
2659,CVX,0.4158217429051101,0.6339261351056872,0.6531064210233952,0.0
2660,CVX,0.4123646776404559,0.6118413629834295,0.6428083974898463,0.0
2661,CVX,0.4101661054326726,0.6025577433365829,0.6325104741235668,0.0
2662,CVX,0.40616318498146153,0.5865745963039576,0.6207263887153148,0.17287745834230367
2663,CVX,0.4027061141641095,0.5775494510237255,0.6092969565365933,0.12155369510402284
2664,CVX,0.39818768031833507,0.5579312473301045,0.5958012527884783,0.10761298957538071
2665,CVX,0.39460932192167686,0.55308405018344,0.5839293738133662,0.1060621649811068
2666,CVX,0.390886908959045,0.5510180293432893,0.5739735387044889,0.08956451542711658
2667,CVX,0.38729338799543633,0.5521851902548925,0.566267796907686,0.100114791569578
2668,CVX,0.3838258670007164,0.5650625965241136,0.5629599638370569,0.18430185657999512
2669,CVX,0.38105110614342763,0.5771763847434138,0.5630010545511959,0.0
2670,CVX,0.3788373824740896,0.5870077738777528,0.5652149504002167,0.0
2671,CVX,0.378791905878634,0.5940800074714649,0.5685549914585338,0.0
2672,CVX,0.3807175537322127,0.615572816892097,0.5759950501669703,0.0
2673,CVX,0.3822641355611376,0.6317995283280154,0.5855468768676743,0.0
2674,CVX,0.3834013280824049,0.644574372237792,0.5960223458700482,0.0
2675,CVX,0.3846598211392749,0.6510635292393826,0.6058422940844476,0.0
2676,CVX,0.3842807569655191,0.653412964765489,0.6142194581033253,0.0
2677,CVX,0.3848266093757271,0.6634863346572694,0.623155894294372,0.0
2678,CVX,0.3859789653893948,0.6791528693217146,0.6337805517757912,0.140061133787946
2679,CVX,0.3864490058903014,0.6823600640157144,0.6429917709373413,0.10302680266427111
2680,CVX,0.3893223188055188,0.6892541076017121,0.6518901404684738,0.08796541669800882
2681,CVX,0.39151331620797514,0.6940622792156949,0.6600754945350331,0.055080355539723555
2682,CVX,0.3930750587529497,0.6809478544792913,0.663714436571792,0.0825908483192099
2683,CVX,0.39453067536011854,0.671892463714644,0.664616716604947,0.10187297879079488
2684,CVX,0.3971083071144106,0.6638871667118569,0.6635626228166552,0.1377637172755404
2685,CVX,0.3988065072092404,0.656967509336133,0.6611842713482968,0.0
2686,CVX,0.4005122913638939,0.6521798317149293,0.6582194781774992,0.0
2687,CVX,0.4021650130123682,0.6494606340336757,0.6552444091072188,0.0
2688,CVX,0.40295346927012954,0.6483930283017321,0.6526275131643969,0.0
2689,CVX,0.40460618906770485,0.6584231738900206,0.6527591123838797,0.0
2690,CVX,0.40631955913308193,0.6663833201519287,0.6546302932057384,0.0
2691,CVX,0.40751740192215014,0.6652443105944478,0.6558745567492489,0.0
2692,CVX,0.4085029687739157,0.6770878656256817,0.659497375457044,0.0
2693,CVX,0.4100647131697901,0.6915813287736295,0.6656109014361926,0.0
2694,CVX,0.4113606665773064,0.699305693110327,0.6722153171340902,0.11461562116418768
2695,CVX,0.41322566046128717,0.7076610794060003,0.6793524323098912,0.09082987416734323
2696,CVX,0.41581846033522574,0.7190732655826257,0.6875938362321196,0.08088943724463342
2697,CVX,0.4175745926522554,0.7260198898926562,0.6957280182288952,0.062303895333605974
2698,CVX,0.41839336108762204,0.7279043092417088,0.702653408764736,0.06737412051010917
2699,CVX,0.42017436578925427,0.7306595198662228,0.7088049449406276,0.09384578272835034
2700,CVX,0.42095523706174287,0.7253181308342393,0.712541224973829,0.12367084014575042
2701,CVX,0.42228195519173983,0.7263132584117304,0.7157510109274323,0.0
2702,CVX,0.4246321576962755,0.721439318143009,0.7172375909435718,0.0
2703,CVX,0.4266184493395073,0.7142558213415402,0.7168332476314886,0.0
2704,CVX,0.42937803004630304,0.7159952212209046,0.7168956463893641,0.0
2705,CVX,0.43216794236514655,0.7164601122827495,0.7170486981486893,0.0
2706,CVX,0.43471525361278474,0.7140315511316018,0.7166323806554877,0.0
2707,CVX,0.4368835006866689,0.7081612386420697,0.7149970398719333,0.0
2708,CVX,0.43873333385459823,0.7003484254795829,0.7119555505918842,0.0
2709,CVX,0.43974922584026377,0.6950537425192119,0.708347771667862,0.0
2710,CVX,0.44103803940378583,0.6936818469501331,0.7051572033206719,0.11565214609511243
2711,CVX,0.4420842639269491,0.6821719305657216,0.7000513561145727,0.09309040059462205
2712,CVX,0.4417279380509207,0.6698071957340369,0.6932236504701009,0.07432156107312105
2713,CVX,0.4410607795524122,0.6618954793345151,0.6860063283264194,0.07286987858262528
2714,CVX,0.4399771011567486,0.6476853156467298,0.6770800475551154,0.08608647208875984
2715,CVX,0.438908137410408,0.6396105046948799,0.6681476839514403,0.08958440148863021
2716,CVX,0.4375586698772871,0.6357475999994577,0.6601448353237536,0.10407010038426211
2717,CVX,0.43619676430096455,0.6315352254222787,0.6528080712861138,0.0
2718,CVX,0.4350444184672426,0.6281277699019926,0.6461827404493266,0.0
2719,CVX,0.4337031272817171,0.6257333453750686,0.6403512898448693,0.0
2720,CVX,0.43282369284590505,0.6227856329777934,0.6350322004742865,0.0
2721,CVX,0.43133776128478285,0.6199533726009128,0.6301486122947855,0.0
2722,CVX,0.4298669922906102,0.6134646275281034,0.6248022601221348,0.0
2723,CVX,0.42883593773799333,0.6112281436113299,0.6200290304423496,0.0
2724,CVX,0.4271074051056676,0.6101155178140363,0.6159636186328107,0.0
2725,CVX,0.4250452960004347,0.6057733071013945,0.6117480008327825,0.0
2726,CVX,0.4224221719180443,0.5944839336647101,0.6058710399380767,0.1310941051661394
2727,CVX,0.4196701669420255,0.5815736145618898,0.598305409379051,0.12325928513355507
2728,CVX,0.41709844048190536,0.5717301647424698,0.5900692060775009,0.09093276292039205
2729,CVX,0.4140512124425362,0.560923123636534,0.5810827787552133,0.23431803922280658
2730,CVX,0.41031364524200065,0.5489398674797743,0.5712352373300866,0.12292684206172921
2731,CVX,0.40747822948966217,0.5409865059729879,0.5615928078930515,0.1418370455422511
2732,CVX,0.40419554392488255,0.5279499062520697,0.5509867880493222,0.20945008699431403
2733,CVX,0.4007991344807289,0.5198399860856551,0.5407028444598697,0.0
2734,CVX,0.39829731185938844,0.517228515721748,0.5318963535885927,0.0
2735,CVX,0.39553014801821984,0.5167215354533052,0.5247386909494597,0.0
2736,CVX,0.3927553964154269,0.5201023222816213,0.5197625641864876,0.0
2737,CVX,0.39017776003388693,0.5251162929860608,0.5168939762722711,0.0
2738,CVX,0.38740301028199386,0.5279170344132172,0.5152204303706408,0.0
2739,CVX,0.3848253739004539,0.5337617570547827,0.515178203513805,0.0
2740,CVX,0.38209611184941217,0.5365995011956602,0.5157739552451451,0.0
2741,CVX,0.37933652466446866,0.5389386190500529,0.5167694731759898,0.0
2742,CVX,0.3762433693356675,0.5336456479767011,0.516391679790559,0.18485146120762574
2743,CVX,0.3728014721906625,0.5293046130463518,0.5151264175686991,0.13353173282240566
2744,CVX,0.3688137281881456,0.5212926168429587,0.5123368038067135,0.10148332726664355
2745,CVX,0.36512922904648626,0.515992719921113,0.5089293686171257,0.13679564074475317
2746,CVX,0.36235447651824515,0.5152830293285141,0.5060459806895214,0.07393248595654982
2747,CVX,0.3603151094125385,0.5198956717392869,0.5047625520355271,0.10130593783386607
2748,CVX,0.3579286755544828,0.520551868911562,0.5038813817560286,0.16518328175926508
2749,CVX,0.3556690051612703,0.5199904270199328,0.5030518936692097,0.0
2750,CVX,0.35353866357931274,0.5179660346181131,0.501939206241913,0.0
2751,CVX,0.3514310751022771,0.5184259584462704,0.5011510871078768,0.0
2752,CVX,0.3529170020361514,0.5529503703334371,0.5081795853514318,0.0
2753,CVX,0.3549184608735825,0.5876591028955862,0.5215022677189001,0.0
2754,CVX,0.35585854002449757,0.6057973675033804,0.53618425772954,0.0
2755,CVX,0.3563589047338551,0.6155562779155529,0.5500947941302632,0.0
2756,CVX,0.3560859785287507,0.6170929120679237,0.5615641145338384,0.0
2757,CVX,0.3558282148905958,0.6197285104445608,0.571324259483259,0.0
2758,CVX,0.35717767872191875,0.6377965455591562,0.5831406396493024,0.23035912786074683
2759,CVX,0.35760222411837894,0.6438718813712481,0.5939415135270854,0.1956426757185713
2760,CVX,0.35908814735045436,0.6576602432396681,0.6056410619725314,0.11551078213609155
2761,CVX,0.36043761673447516,0.6656533576373633,0.6167739159200031,0.10523660522450067
2762,CVX,0.36143832856964764,0.6593949061041913,0.6242918064215864,0.13735043304060474
2763,CVX,0.3617870611313547,0.6454778788949095,0.627218725995125,0.11213778907920906
2764,CVX,0.362530012104723,0.6331056634487229,0.6268155742536042,0.16867025941511346
2765,CVX,0.3631819978563344,0.6220848379105811,0.6240481616339474,0.0
2766,CVX,0.3636520402081409,0.6136226051645235,0.6199569458008396,0.0
2767,CVX,0.3637581791022422,0.6069178386089595,0.6151965686862659,0.0
2768,CVX,0.3637278548937912,0.5961693718069533,0.6090037966034405,0.0
2769,CVX,0.3643798452726523,0.5935411160238203,0.6034665192124089,0.0
2770,CVX,0.3650166730845612,0.5888874579976393,0.5980043165909255,0.0
2771,CVX,0.3658202891329241,0.5883688020465168,0.5935194943850335,0.0
2772,CVX,0.3639552933980452,0.5910957306949511,0.5905365862136704,0.0
2773,CVX,0.3616505832216097,0.5954755076636802,0.5891218818338814,0.0
2774,CVX,0.3610289133494007,0.6088304994135579,0.5909528276157977,0.19441017221041065
2775,CVX,0.36142313453740904,0.6263166828753348,0.5962967688252501,0.17498033729642365
2776,CVX,0.36292422403823466,0.6463249557197859,0.6050106138458093,0.15303779763886163
2777,CVX,0.36627726506122205,0.6840809717969751,0.620357591661354,0.15771548925331297
2778,CVX,0.36917332090141386,0.7237542829520344,0.6414364138963249,0.13148173926376036
2779,CVX,0.372551536005588,0.75123982009555,0.6643969412779913,0.18934009113580247
2780,CVX,0.37459849179836713,0.7654966457236607,0.6859281378570024,0.19053570455883637
2781,CVX,0.3772216149553076,0.7791555049795152,0.7061832152361903,0.0
2782,CVX,0.3805422263719054,0.7839446659678471,0.7234497182100267,0.0
2783,CVX,0.3851668102171768,0.7920370059043376,0.7390581482554467,0.0
2784,CVX,0.3903827369498565,0.8019379561516798,0.7537413472042909,0.0
2785,CVX,0.39632646319434794,0.8146891199495729,0.768316660741927,0.0
2786,CVX,0.40234600227359163,0.8235156570870316,0.7819350156298975,0.0
2787,CVX,0.40806229001383,0.8245286294227334,0.7930544201991405,0.0
2788,CVX,0.4152341841812923,0.8338380492223497,0.8040151719731146,0.0
2789,CVX,0.42170860026904133,0.8363141918411222,0.8133330879008213,0.0
2790,CVX,0.42645449112806233,0.8133099403382107,0.8156840921785586,0.22600624191768495
2791,CVX,0.43000254012346506,0.782285710497908,0.8106823923725548,0.1005522849228781
2792,CVX,0.43291375482880934,0.7516874429946506,0.7998930259937511,0.09681687560000427
2793,CVX,0.43568093255172347,0.7264957809308812,0.7856729430572154,0.08319564397263562
2794,CVX,0.4370455774589894,0.6992993288384258,0.7682635385627612,0.0894810804298963
2795,CVX,0.4372578524708439,0.670927816395071,0.7480419980976327,0.14754160726066043
2796,CVX,0.43687878829708726,0.6477997989581982,0.72673398067493,0.16881551412530005
2797,CVX,0.4348448905987716,0.6329945290152,0.7064031236191954,0.0
2798,CVX,0.4321611153231304,0.6247068162854221,0.6882998682531142,0.0
2799,CVX,0.42951070991071383,0.6161228586253011,0.6719129744223438,0.0
2800,CVX,0.42791863945549036,0.6156501831801554,0.6586985996950105,0.0
2801,CVX,0.42406734745012997,0.5938809048215873,0.6432977413972507,0.0
2802,CVX,0.4213229228321378,0.5855644919883526,0.6291321181251164,0.0
2803,CVX,0.4190030500887518,0.5904595849681701,0.6188855608316359,0.0
2804,CVX,0.41612216236820654,0.593796795687569,0.6114286512974674,0.0
2805,CVX,0.4137719644909197,0.6097897950999848,0.6090110560652654,0.0
2806,CVX,0.4099661638882095,0.6070001887864068,0.6064581256949706,0.18858932026271505
2807,CVX,0.4067820322322584,0.608422731269243,0.6047313622618459,0.16280574459322483
2808,CVX,0.4014296572042202,0.5959509288856091,0.6005831714660556,0.13481395148435038
2809,CVX,0.39628954330629185,0.5864777629861104,0.5951630648111567,0.09321706616035025
2810,CVX,0.3936436596408326,0.5852167415894621,0.5905472309204584,0.1031589441020103
2811,CVX,0.39129345713629693,0.5771770432777339,0.5850710143090402,0.11326812434379599
2812,CVX,0.3896710513672268,0.5751695070018771,0.5802446834729037,0.127399476679558
2813,CVX,0.3878894404960782,0.5725858956022319,0.5758104631160053,0.0
2814,CVX,0.3866612633186124,0.5711263238229661,0.5719392912831261,0.0
2815,CVX,0.38653238797768275,0.576834104461676,0.5701085840785877,0.0
2816,CVX,0.3877150728270493,0.5963378462828559,0.5729707837733455,0.0
2817,CVX,0.3872298706846413,0.5966238607528481,0.5753239937911943,0.0
2818,CVX,0.385577150887066,0.5873470318486271,0.5751485637436564,0.0
2819,CVX,0.38400024392424204,0.5792727906547049,0.5732170071157106,0.0
2820,CVX,0.38125581930624897,0.5663921569082292,0.5688142854538234,0.0
2821,CVX,0.37898143426371345,0.5407881462686227,0.5596120417120646,0.0
2822,CVX,0.37361389389237676,0.495028823327148,0.54209886860272,0.2858710685760744
2823,CVX,0.36894382604805376,0.47952198063934837,0.5246482481081407,0.15518333075390942
2824,CVX,0.3641448699065064,0.4666787903754868,0.5078385819214352,0.10000095107250717
2825,CVX,0.35853471088042266,0.462253048957175,0.49340902993077695,0.10228727173899572
2826,CVX,0.3554718658783278,0.4740066757943193,0.4844728462853465,0.13352178979164883
2827,CVX,0.3525758100381351,0.4902287028534086,0.48092263990750184,0.17239111444658964
2828,CVX,0.35130213683077205,0.509079470079851,0.48226438252566783,0.16141271157400483
2829,CVX,0.3497707212705965,0.5222167057074949,0.4862521782695639,0.0
2830,CVX,0.34801945311689053,0.5369119122574497,0.49270244120666107,0.0
2831,CVX,0.34668514352347124,0.5466478970080121,0.5000225100546904,0.0
2832,CVX,0.34600283726520775,0.566301882789638,0.5102386611382432,0.0
2833,CVX,0.3456995859262033,0.5850850625877461,0.522578495938539,0.0
2834,CVX,0.34525987148464665,0.5986773711209975,0.5354657200935096,0.0
2835,CVX,0.34481257575961344,0.6157780721806814,0.5495691674909076,0.0
2836,CVX,0.3429475800247346,0.6277024214790721,0.5634972569114205,0.0
2837,CVX,0.3424598002459458,0.6372957389948105,0.5767679372417647,0.0
2838,CVX,0.3378655443109242,0.588323625578711,0.576520368829827,0.2714395519929724
2839,CVX,0.3326799464139434,0.5424384224562685,0.566143010367609,0.21489728272820624
2840,CVX,0.32870736127657896,0.5140962645544138,0.5515536188230958,0.2561046606299501
2841,CVX,0.32538676003992606,0.4843610629131045,0.5332855640346166,0.18808943078886853
2842,CVX,0.3237946858829046,0.45559123779455235,0.5122887405195586,0.15643413520273838
2843,CVX,0.32019357623222344,0.43108355739422516,0.49005442830811957,0.2004954511354797
2844,CVX,0.31675925574344443,0.41363005157447397,0.4683950432559306,0.20509302209629637
2845,CVX,0.3131808991976852,0.40456494419602385,0.44905650605673497,0.0
2846,CVX,0.30845018108556044,0.4002856109563614,0.4326363368621016,0.0
2847,CVX,0.3032494187707311,0.3994610181873015,0.4193172715054178,0.0
2848,CVX,0.2979728519501963,0.40513174301334043,0.4099200289151482,0.0
2849,CVX,0.29296920485661904,0.4122193357081305,0.40397456652862185,0.0
2850,CVX,0.28734389251808246,0.41638524224841833,0.40014237315366036,0.0
2851,CVX,0.2826283341965583,0.42955224881010023,0.3999976245715836,0.0
2852,CVX,0.27716981009447483,0.4448114378687043,0.4032669675288155,0.0
2853,CVX,0.27169612342543914,0.4613641248545002,0.409554536970013,0.0
2854,CVX,0.26479062641585127,0.45839729630886206,0.41392642285532855,0.20401081686464825
2855,CVX,0.2564815323235248,0.4482210613650396,0.4151664067124489,0.16052706132717268
2856,CVX,0.24797366552963673,0.438432101748655,0.41398678320515947,0.09921372241997806
2857,CVX,0.2389704298626878,0.42755827146068937,0.41063080301651866,0.12310610481914203
2858,CVX,0.2355133664489335,0.42777551375566036,0.40799421251309176,0.14175490746208608
2859,CVX,0.2325035959838626,0.42732614008492864,0.4057852497794251,0.1485409539026684
2860,CVX,0.22887974340820527,0.4289365048074123,0.4043753274744897,0.1859574432519532
2861,CVX,0.22621113069951448,0.43446113750404597,0.4044729898328635,0.0
2862,CVX,0.2241035301916332,0.44024111993271164,0.4058333674313984,0.0
2863,CVX,0.22233708836558197,0.4468424239524943,0.40838612153563714,0.0
2864,CVX,0.22186705156647424,0.46826993262516897,0.4151818641774897,0.0
2865,CVX,0.22132119915626536,0.4881855378703417,0.4250365927006541,0.0
2866,CVX,0.22094213498250959,0.507548557435505,0.437215922752777,0.0
2867,CVX,0.21975945476039094,0.5149203332216763,0.44859476246397656,0.0
2868,CVX,0.21895856797407998,0.5300224220371412,0.4610481244918706,0.0
2869,CVX,0.21851885353252332,0.5471678636034227,0.47481440754861326,0.0
2870,CVX,0.21836359269682326,0.5608986595485013,0.4888735127493584,0.20868980539615484
2871,CVX,0.21746900217220944,0.5715365008825686,0.5024807258332382,0.1978445526745744
2872,CVX,0.2164834306931951,0.5821653381615471,0.5157244277384817,0.1621386969211477
2873,CVX,0.21466407443290958,0.5840787043984755,0.5267438558608858,0.16863697187736237
2874,CVX,0.21429153467913586,0.584635401579091,0.5356828976418673,0.08404829488550672
2875,CVX,0.21468577622703577,0.5844683105116457,0.5427970631098646,0.11628749135028374
2876,CVX,0.21565784539575894,0.5875150269310304,0.5491642877046254,0.11556928750547227
2877,CVX,0.21714302549177145,0.5908119165738385,0.554989458738944,0.0
2878,CVX,0.21826505174429123,0.5961568260321805,0.5608353254552889,0.0
2879,CVX,0.2205223040116211,0.6106673883556663,0.5687310831709247,0.0
2880,CVX,0.22341834597006915,0.629146233631262,0.5791470888423812,0.0
2881,CVX,0.22701187433727554,0.6535074094188352,0.5928842457797069,0.0
2882,CVX,0.23186389576135102,0.6858070610042987,0.6110394177387384,0.0
2883,CVX,0.23617006477521763,0.7042032412828785,0.6296446161672805,0.0
2884,CVX,0.2386567257550558,0.7113249629048201,0.6461086778538978,0.0
2885,CVX,0.24114338673489488,0.7172624725372612,0.660597121197146,0.0
2886,CVX,0.24323580986863114,0.7185969584804722,0.6724839220221053,0.24269151213899953
2887,CVX,0.24532824318231494,0.70943882011134,0.6799616952655325,0.12399276377923935
2888,CVX,0.24723599087784542,0.7072810128148472,0.6854652197634223,0.12555338730237506
2889,CVX,0.24901001861461936,0.7073687384412674,0.6898875006637597,0.07891423256950683
2890,CVX,0.2511970643471013,0.7105888143573429,0.6941396761673206,0.10645455444126363
2891,CVX,0.25311512814085635,0.7082384914449643,0.697020014262521,0.09198023959533881
2892,CVX,0.2554804848832939,0.7122011114581049,0.700203363612611,0.1404627457693845
2893,CVX,0.25848252136569894,0.7146229562384787,0.7032873120145839,0.0
2894,CVX,0.26162117735164614,0.7156381647012012,0.7059796874637956,0.0
2895,CVX,0.2645323828024946,0.7117605233160764,0.7072733608493359,0.0
2896,CVX,0.2666096563255751,0.7010015571841877,0.7059214999654522,0.0
2897,CVX,0.2704306231970355,0.7119437017667956,0.7072674476782278,0.0
2898,CVX,0.27317504781502766,0.7097015065289983,0.7078467908911129,0.0
2899,CVX,0.27433695532042446,0.6990448599180709,0.7059461647221288,0.0
2900,CVX,0.2752618719043891,0.6941136952867845,0.7033317202251421,0.0
2901,CVX,0.2747008569272307,0.6825586401561727,0.6986767583915958,0.0
2902,CVX,0.2703492076161096,0.6434421849688736,0.6862750834510729,0.26021012361925167
2903,CVX,0.2663159666582464,0.6099757352705807,0.6689294512834947,0.18623094864871328
2904,CVX,0.26277822717186705,0.5831518850391325,0.6491022664589007,0.1220053104430355
2905,CVX,0.2589117790777049,0.5602304578943504,0.6281555641255503,0.12848701368132212
2906,CVX,0.25487855385248537,0.5388547226666264,0.6066561484684256,0.12633600469426332
2907,CVX,0.25135326166380345,0.519706587548627,0.5852087392849684,0.12312253243517504
2908,CVX,0.24672867411673316,0.49942971421163285,0.5635525327893598,0.17240221029250666
2909,CVX,0.24198278325771216,0.4863159746786104,0.543318378383848,0.0
2910,CVX,0.23700946037258586,0.47913547802403755,0.5255381130955488,0.0
2911,CVX,0.23248343413794093,0.4763417975012275,0.510694142846233,0.0
2912,CVX,0.22602418894618737,0.46069758037151265,0.49534840910346467,0.0
2913,CVX,0.21924652151943214,0.44701655327510725,0.4800367842165866,0.0
2914,CVX,0.2123020658562247,0.43657558968098187,0.46547123130058166,0.0
2915,CVX,0.2060854134066279,0.43514807526768046,0.45350210511749645,0.0
2916,CVX,0.20044493850114087,0.43598873794600024,0.4441132991662994,0.0
2917,CVX,0.19207520154461122,0.42811814966472983,0.4348562207557567,0.0
2918,CVX,0.1860404915693712,0.44082552387751284,0.4302695980000001,0.22159413009576723
2919,CVX,0.18038484391698706,0.44924015823099683,0.4284670261702326,0.14035308422726944
2920,CVX,0.17397107624613817,0.4535086269180949,0.4279718979185092,0.12316129584493714
2921,CVX,0.16798185304629865,0.4567130259698488,0.42828666830033246,0.11898262909296214
2922,CVX,0.1652829179800568,0.46901091351389546,0.4312666828933086,0.08959304760233179
2923,CVX,0.162653715544411,0.4786042045821917,0.43577889749444776,0.0969481524263733
2924,CVX,0.16030837165050116,0.4902296715785598,0.44196769577952066,0.1598012200819248
2925,CVX,0.1582159309332214,0.5013565324778054,0.44938714881957,0.0
2926,CVX,0.15689678113040362,0.5160886418949542,0.45859092423041836,0.0
2927,CVX,0.15546391485180777,0.5242012338598652,0.46775366499293,0.0
2928,CVX,0.1556307141936557,0.5433544806399426,0.4793328682463245,0.0
2929,CVX,0.15587331526485926,0.5614915049088665,0.49261979980540915,0.0
2930,CVX,0.15587331526485926,0.575190003687512,0.5062882589129319,0.0
2931,CVX,0.15482709814529283,0.5758068794080212,0.5173598756601505,0.0
2932,CVX,0.15513034948429727,0.5769898879159252,0.5264796110239803,0.0
2933,CVX,0.15582782756400881,0.5796336611826136,0.5343619014824229,0.0
2934,CVX,0.15436252057362942,0.5559684607009006,0.5354177785868015,0.18466888410662732
2935,CVX,0.15186070165408783,0.5310764356216526,0.5307403627561527,0.4806093608014601
2936,CVX,0.14946502533044814,0.5136425516675804,0.5231308477789862,0.1351664247195849
2937,CVX,0.14785021287569666,0.4994160593560379,0.5138871903526416,0.09570584998935086
2938,CVX,0.14570471983218436,0.5003189421882912,0.506692562502434,0.11692744786609591
2939,CVX,0.14443106976106268,0.5086844971393063,0.5027926986831214,0.14914863159399463
2940,CVX,0.14299063052803884,0.5103474669398997,0.5000417255695474,0.17919949668090104
2941,CVX,0.14194229990359553,0.5153051325502306,0.49894076969291734,0.0
2942,CVX,0.13966790560656328,0.5144184029163991,0.4978632903721434,0.0
2943,CVX,0.13756638530283638,0.5151229568189463,0.49715760715355367,0.0
2944,CVX,0.13606529857836058,0.5261706863038794,0.49904392025306094,0.0
2945,CVX,0.13410932744177995,0.5312817607217893,0.5016868259923098,0.0
2946,CVX,0.13178945469839398,0.5368368388378799,0.5050335048843206,0.0
2947,CVX,0.12954539478976024,0.5383819148321174,0.5080536120430929,0.0
2948,CVX,0.12718003434552294,0.5508538086788608,0.5132364981098371,0.0
2949,CVX,0.12443560972753076,0.5593761297622495,0.5192734228679641,0.0
2950,CVX,0.12156988827573478,0.5641916301973328,0.525171246962599,0.32334332535873445
2951,CVX,0.1191666297431686,0.5632136481355172,0.5296725479211396,0.1665516733544356
2952,CVX,0.11669514243567658,0.5625176469982369,0.5331191858196717,0.11171917307415742
2953,CVX,0.11432977736419137,0.5650564868017135,0.5364397195684821,0.11793025295358449
2954,CVX,0.11488532478485958,0.5745673262896723,0.5412060582016196,0.20177766979742442
2955,CVX,0.11628027816793196,0.5849659223856044,0.547325983188548,0.15087540460209575
2956,CVX,0.11758425985110232,0.5935366072318237,0.5541232682372774,0.15253545843279967
2957,CVX,0.11904744663635025,0.600577286561944,0.5611230205679409,0.0
2958,CVX,0.11958571591218448,0.6065109057935755,0.5680391533688653,0.0
2959,CVX,0.1195857205394315,0.6115095506547923,0.5746809731771941,0.0
2960,CVX,0.12022254557499323,0.616577613631548,0.5811187425032815,0.0
2961,CVX,0.12039145657081907,0.6176913107863872,0.5865160237028617,0.0
2962,CVX,0.1212102351861315,0.6199887289089022,0.5913435144213895,0.0
2963,CVX,0.12201385123449437,0.6218131223301302,0.5956102356123848,0.0
2964,CVX,0.1221806394709466,0.6253075115608258,0.599798817792986,0.0
2965,CVX,0.12271132931420503,0.627493742447076,0.6036346832041678,0.0
2966,CVX,0.12286295683460668,0.6253663020813963,0.6062314181224071,0.2007620396412785
2967,CVX,0.12316620262091327,0.6216011692523417,0.6074735383006695,0.16656723635909845
2968,CVX,0.12263552018125257,0.619516384721912,0.6080047399241687,0.1320391253937224
2969,CVX,0.1228791771904989,0.6246242081249299,0.6095628352682375,0.1116726281620639
2970,CVX,0.12334162437708418,0.6284997217977223,0.6116690664995771,0.11127029567115025
2971,CVX,0.12452430274830384,0.6342122007877414,0.6146213240420072,0.10425570362505608
2972,CVX,0.12596474198132857,0.6408691846182888,0.6184599342686619,0.1533059712655057
2973,CVX,0.12739548642600074,0.6481661791115746,0.6231496084251628,0.0
2974,CVX,0.12809297005840925,0.6521504072920679,0.6277852202414859,0.0
2975,CVX,0.12850235751516692,0.6540709481849387,0.6319197679387974,0.0
2976,CVX,0.12941210135223447,0.6608804886085088,0.6367380538770746,0.0
2977,CVX,0.12821425856316626,0.6418962499381847,0.6363811652232071,0.0
2978,CVX,0.12721352914445117,0.6292022772894964,0.6332795873684626,0.0
2979,CVX,0.1268951152384954,0.6270782764403896,0.6303271307060825,0.0
2980,CVX,0.12628861256048562,0.6231246300867932,0.6270880772443591,0.0
2981,CVX,0.12562145961467586,0.6164082965762276,0.6230068639807557,0.0
2982,CVX,0.12671316536054267,0.6325124771738929,0.6233144905147944,0.19042676352619642
2983,CVX,0.12731966618765256,0.6395143423672879,0.6251139053954174,0.14855464358269588
2984,CVX,0.1269883635445197,0.6362386990163299,0.6258267592791099,0.08961192495058025
2985,CVX,0.12674575229337037,0.6340010199759412,0.6259006293147834,0.11032527544356724
2986,CVX,0.12698835891727267,0.633830614589751,0.6259219221286545,0.088605517315716
2987,CVX,0.12785263633883126,0.6385454573365116,0.6269849104805313,0.10752162897393398
2988,CVX,0.12823170051258792,0.6374142651538036,0.6275843542766703,0.13259319718009882
2989,CVX,0.1279880435033416,0.6360101949394155,0.6277524263909471,0.0
2990,CVX,0.12793483029694208,0.6368116532675173,0.6280646818732828,0.0
2991,CVX,0.12756334092851418,0.63641508949734,0.6282265114264971,0.0
2992,CVX,0.12829113766397793,0.6507149134677304,0.6315282886170736,0.0
2993,CVX,0.1283614919746272,0.6564392702244701,0.6354396179243845,0.0
2994,CVX,0.12855860534498031,0.6605331962928389,0.6394768895522437,0.0
2995,CVX,0.12854344277802987,0.6600391974465486,0.6425971167479653,0.0
2996,CVX,0.12833116684072632,0.6626558177021613,0.6456737769708547,0.0
2997,CVX,0.13043876364680962,0.6666490186534038,0.6490209681852261,0.0
2998,CVX,0.13246296633466592,0.6707304269227307,0.6526041523546552,0.16975736411119247
2999,CVX,0.13549548805375888,0.6926999062173972,0.6603444713501433,0.11528151602110458
3000,CVX,0.1389525607220108,0.711684992808227,0.6707484320561152,0.10500402476592809
3001,CVX,0.1421973565275083,0.7195264006568272,0.6808111608004485,0.14440306798698585
3002,CVX,0.14372876746043506,0.7264494935739204,0.6903971823838914,0.0944344389695331
3003,CVX,0.14628745063328719,0.7368260504232964,0.7003679644820366,0.13335881054837398
3004,CVX,0.15072780429268562,0.7564035932114515,0.7126877278349824,0.20809279124506053
3005,CVX,0.1548368701161449,0.7669481453937683,0.7248827719103426,0.0
3006,CVX,0.15900656862386242,0.7759641724677466,0.7366389482139879,0.0
3007,CVX,0.16263041657227006,0.7800724578593708,0.746955282951953,0.0
3008,CVX,0.1677401942309027,0.7936878635290907,0.7582288309913878,0.0
3009,CVX,0.17300160496263484,0.8037744088043809,0.7694852972633639,0.0
3010,CVX,0.17839963042258855,0.8132144035499475,0.7805846655162475,0.0
3011,CVX,0.18352457805176758,0.8144818332658001,0.7897453303250597,0.0
3012,CVX,0.18720908182067486,0.811736767567337,0.7964648890040877,0.0
3013,CVX,0.1918488273074468,0.8130941567369293,0.8021416630144357,0.0
3014,CVX,0.19674634198507057,0.8149017940131006,0.8070840936080954,0.23330846134625177
3015,CVX,0.201977416477507,0.8146363832689906,0.8109791586100263,0.11596873795848539
3016,CVX,0.20647310924920426,0.8073388856147052,0.8124763130137292,0.10270804927247276
3017,CVX,0.21245473450747454,0.8187505009948667,0.8162056216911711,0.10449592148406506
3018,CVX,0.21949775333400634,0.8389356394606546,0.8236669970576957,0.1778904750664814
3019,CVX,0.22510030979127293,0.8552855855456968,0.8332632158093056,0.19873049112519658
3020,CVX,0.23184764745687936,0.8809847384276301,0.8466413638479974,0.27823251532451604
3021,CVX,0.23886790947669123,0.8952491768482143,0.8605083457961242,0.0
3022,CVX,0.24588818537824686,0.9052021771865413,0.8738099332070928,0.0
3023,CVX,0.25238155652558447,0.9099460206767349,0.8855035908439063,0.0
3024,CVX,0.2571577697421574,0.9036832549758095,0.8934691672297406,0.0
3025,CVX,0.26191881576453024,0.892132315590316,0.8972791351510331,0.0
3026,CVX,0.26667986178690484,0.8824104598667583,0.8981703854131797,0.0
3027,CVX,0.271774484282183,0.8744042197782438,0.8971072585912658,0.0
3028,CVX,0.27617162869775136,0.8695511872102643,0.895180146610683,0.0
3029,CVX,0.2806900736489215,0.8656778790772516,0.8927791913533387,0.0
3030,CVX,0.28514787851223744,0.8627881994109712,0.8902173724062499,0.19184674359978637
3031,CVX,0.28869591177499565,0.8435235349730572,0.8838941893956549,0.15066991529978813
3032,CVX,0.291576802271889,0.8168027964307651,0.8729078384865128,0.11690482386857676
3033,CVX,0.2949277397478367,0.8046434354318776,0.8614212905937481,0.15305220782836426
3034,CVX,0.29827745100300795,0.7959434384734196,0.8503020202542424,0.101884506942397
3035,CVX,0.30228039088866154,0.7950622765831437,0.8412111245272058,0.1478593519391936
3036,CVX,0.30759487800831575,0.8023644381700494,0.8355583402034719,0.21901009491415416
3037,CVX,0.3111808324956433,0.805688016719118,0.8317734248457318,0.0
3038,CVX,0.31345521106003194,0.8048258907736253,0.8285542360921428,0.0
3039,CVX,0.31552490515053666,0.8027555815331037,0.8255196018095707,0.0
3040,CVX,0.3163285184225506,0.8002776307106638,0.8225421787379504,0.0
3041,CVX,0.31685920826580904,0.7902936762797582,0.8179453714844083,0.0
3042,CVX,0.3171624596048135,0.779867984591114,0.8119550606379422,0.0
3043,CVX,0.31866355373288613,0.7836447438726564,0.8080006589623269,0.0
3044,CVX,0.32033143609741277,0.779953229418255,0.8040182015747473,0.0
3045,CVX,0.3220144810288881,0.7719986144002791,0.799067561285269,0.0
3046,CVX,0.32140797094728235,0.7405241951747218,0.7881246745341417,0.2241934400782531
3047,CVX,0.32096824910212884,0.7189818933580284,0.7745913597378018,0.1377431107045516
3048,CVX,0.31993719640041185,0.698595466120729,0.7592421250036104,0.09690823620145099
3049,CVX,0.31832238394566126,0.6778866959883284,0.74236864485613,0.16753185444440505
3050,CVX,0.3167454640265417,0.6643762089862304,0.7258726559441812,0.09463229087140433
3051,CVX,0.3178220164599548,0.6691137043584144,0.7137268442381388,0.19576501822744868
3052,CVX,0.3204148024521487,0.6803636412109185,0.7065059128041897,0.2627257104007272
3053,CVX,0.32197653666807824,0.6878270683966858,0.7023848755332243,0.0
3054,CVX,0.32293298887407573,0.6889748207953613,0.6993426663671404,0.0
3055,CVX,0.32323622910768446,0.689627660177589,0.6970537267762932,0.0
3056,CVX,0.3227207027568255,0.6900570899328143,0.6953178410197021,0.0
3057,CVX,0.3219474118423644,0.6863555923381611,0.6931079816791655,0.0
3058,CVX,0.32131058403045465,0.6828954455372546,0.6905724854167729,0.0
3059,CVX,0.32062826851769355,0.6796638231109494,0.6878271761129569,0.0
3060,CVX,0.31909684925572,0.6680589465368195,0.6830564699034698,0.0
3061,CVX,0.318611647113312,0.6642840250263102,0.6784024656306662,0.0
3062,CVX,0.3186647170230881,0.6662572569738189,0.6751170095898316,0.23730080434795764
3063,CVX,0.3186950338279422,0.6807852032123475,0.6757115655967912,0.20930973174855833
3064,CVX,0.3190286075244986,0.6901248848154597,0.678259151885342,0.15931847873358643
3065,CVX,0.3198322217219616,0.6987288492035165,0.6822059488034141,0.1509318925449461
3066,CVX,0.3235015601475695,0.7135295412999523,0.6886468138929659,0.14917500224078445
3067,CVX,0.32701928678542025,0.726832632223007,0.6967507014235819,0.14964952978110632
3068,CVX,0.3306431393610758,0.7348596004608082,0.7050145368711923,0.20517559248214648
3069,CVX,0.3346195216183254,0.739992714277537,0.7127643497717294,0.0
3070,CVX,0.3380007768245763,0.7392785354180861,0.7188057646263643,0.0
3071,CVX,0.3395625184441027,0.7325740775022782,0.7221515605315043,0.0
3072,CVX,0.3402600067037591,0.7243448701125805,0.7230026065248678,0.0
3073,CVX,0.34101813505127065,0.7167326635888602,0.7219947298126361,0.0
3074,CVX,0.34270117998274685,0.7162183461454242,0.7210743308010081,0.0
3075,CVX,0.3447632890879788,0.7195530890641914,0.7210778004284232,0.0
3076,CVX,0.345900481609247,0.7112639621832393,0.7192416926895502,0.0
3077,CVX,0.34840230515603476,0.7159504379605025,0.7188124675901822,0.0
3078,CVX,0.35044924706706926,0.7135712745067444,0.7179412871354593,0.22946425509263302
3079,CVX,0.3515561172307846,0.7001865630535334,0.7142750403825691,0.1359709455995172
3080,CVX,0.35301930864328135,0.6844300089874639,0.707846564292046,0.11801628178491523
3081,CVX,0.3539502998787025,0.6711862851922952,0.6997657581328516,0.08287314393156658
3082,CVX,0.35438243858948226,0.6600105911884908,0.6908218655189485,0.09042624475937433
3083,CVX,0.3530860455933844,0.6447246647713647,0.6802756781134086,0.12950538177347354
3084,CVX,0.3499777147413372,0.6105887107161531,0.6642659112264983,0.2736303331030585
3085,CVX,0.3465206513275829,0.5820860384035921,0.6451349839696462,0.0
3086,CVX,0.34236611816316476,0.5612419413410707,0.6252061284936545,0.0
3087,CVX,0.3378325069432462,0.5440589545703766,0.6054511215436928,0.0
3088,CVX,0.3348454803286005,0.5478055567069133,0.5904782728386143,0.0
3089,CVX,0.33215033405319616,0.5550236009888339,0.5801012653106928,0.0
3090,CVX,0.3299214367115111,0.5633331366984011,0.5736430702816431,0.0
3091,CVX,0.3276925393698269,0.5657036163933056,0.5690023882039139,0.0
3092,CVX,0.3257214056662958,0.569406363057474,0.5661112703741216,0.0
3093,CVX,0.32376543452971607,0.5730800170779277,0.5646133499480007,0.0
3094,CVX,0.3209906829269231,0.573768689221066,0.5635677905905365,0.15994171942957552
3095,CVX,0.31800366279042436,0.5772644321216969,0.5635068486343519,0.146151888585026
3096,CVX,0.3166390225104072,0.5891035278712925,0.5660845136826917,0.11262600629955843
3097,CVX,0.31286353501075137,0.5836387131164585,0.5669343157010786,0.19474391219929177
3098,CVX,0.30844668777228446,0.5675478762998786,0.5640445203931468,0.12466168477595181
3099,CVX,0.3058690560179924,0.56592165850313,0.5613719193738004,0.12418758954131502
3100,CVX,0.3041329356240432,0.5704414868567904,0.5602365301124754,0.16025542925504796
3101,CVX,0.3025499540097627,0.576117799776548,0.5605874680770686,0.0
3102,CVX,0.3011549913721945,0.5829790365694607,0.5623903346985164,0.0
3103,CVX,0.30044993385990626,0.5905186592882352,0.5655052393052361,0.0
3104,CVX,0.2998737637193951,0.5763439166518173,0.5648525978408518,0.0
3105,CVX,0.2998737637193951,0.5703982753310676,0.5630114867185692,0.0
3106,CVX,0.3048167605451715,0.6233613551174206,0.5732880778072252,0.0
3107,CVX,0.30875902795223276,0.651958945418443,0.5878535213015145,0.0
3108,CVX,0.3096839445361974,0.6561591737512087,0.6004376666750912,0.0
3109,CVX,0.31092727502611694,0.6661052566462295,0.6127114502411574,0.0
3110,CVX,0.3168785760759363,0.7286246500060382,0.6363999568148131,0.5314673867150157
3111,CVX,0.32341363780423915,0.7781972236975784,0.6663480825622122,0.24291962543882628
3112,CVX,0.3294407627942064,0.8107054794197042,0.6975183069032245,0.13380970537791154
3113,CVX,0.33500541746134527,0.8289582021448004,0.7265037222063983,0.13852126093769407
3114,CVX,0.3409794725415365,0.8427914842042202,0.7527608690148605,0.12163295114628733
3115,CVX,0.3488640027284111,0.8751644246266073,0.7809482914744575,0.21649234660425323
3116,CVX,0.3542922044729444,0.8784045522799534,0.804217028559751,0.2453951518934845
3117,CVX,0.36075146632279154,0.8745870494878882,0.8219851325703795,0.0
3118,CVX,0.3686405460201101,0.8726701426228758,0.8357743637176868,0.0
3119,CVX,0.3754182060432685,0.8660799816849439,0.8453437686230356,0.0
3120,CVX,0.38145291046581065,0.854872845891925,0.8505130697249819,0.0
3121,CVX,0.3872146859069012,0.8418939637676988,0.8517692385479528,0.0
3122,CVX,0.39268837257593425,0.8278466512884477,0.8496578779244205,0.0
3123,CVX,0.39838949774922394,0.8187911553771855,0.8459598925033188,0.0
3124,CVX,0.40577366785398894,0.8080810008527154,0.8406255330796916,0.0
3125,CVX,0.4125210101468424,0.7949940369084669,0.8334547963043966,0.0
3126,CVX,0.4132639805546523,0.7717767493900878,0.8225676179052339,0.2675617699978125
3127,CVX,0.4169029919954603,0.7718078761162896,0.8138647804272158,0.13971456873040755
3128,CVX,0.4224221654398965,0.7735622443444747,0.8072917044733422,0.12839781460830077
3129,CVX,0.4282749079536412,0.7840332594988026,0.80435616344018,0.10698239968274527
3130,CVX,0.4293135400879331,0.7910791239541234,0.8035708051882255,0.11460221968795023
3131,CVX,0.43020056043446786,0.7947601314863448,0.8037591237483028,0.11691289357469824
3132,CVX,0.43031427505934694,0.7823636300460006,0.8011597035221192,0.16959942843424355
3133,CVX,0.43086013487315267,0.7706534846002511,0.7964823554293906,0.0
3134,CVX,0.431254359762959,0.7599580964087481,0.79036778167369,0.0
3135,CVX,0.4295864764729833,0.750694978221798,0.7834211662317581,0.0
3136,CVX,0.4295864829511311,0.7416288764911728,0.7758526241308584,0.0
3137,CVX,0.42960164551808155,0.7299001472588027,0.7671958558583722,0.0
3138,CVX,0.4295864829511311,0.7230902746441848,0.7587597197657502,0.0
3139,CVX,0.4299352219909869,0.7184939874444375,0.7509911574900112,0.0
3140,CVX,0.4305872123698462,0.7139665451397528,0.7437719270147559,0.0
3141,CVX,0.4313908284182082,0.7095446359272664,0.7370155737406783,0.0
3142,CVX,0.43278579198122724,0.7104093603831819,0.7318023240497424,0.17167161368472292
3143,CVX,0.43321033737768655,0.7033811636407338,0.7260725691780022,0.1088158080931659
3144,CVX,0.43489338416006174,0.7098326044765163,0.7229199712318081,0.12358999898264061
3145,CVX,0.4366522428517392,0.7121698767695352,0.7209163999960504,0.07783044221701342
3146,CVX,0.4396659464777928,0.716197586535635,0.7202070615769656,0.08215580469812526
3147,CVX,0.4399390235311893,0.7071582863884098,0.7176342868336972,0.11309304054133894
3148,CVX,0.4398480518312864,0.6984184951657693,0.713637206941243,0.12496386644982213
3149,CVX,0.43877151790686675,0.6903581193808549,0.7086514063790634,0.0
3150,CVX,0.4377253109672461,0.6842961967376991,0.7033179717998492,0.0
3151,CVX,0.43683829524795925,0.6807280079817507,0.6982596470124677,0.0
3152,CVX,0.43697475835051147,0.6755468299283629,0.6930635799333947,0.0
3153,CVX,0.437187034287815,0.6715659136043929,0.6880235884906676,0.0
3154,CVX,0.437156709153915,0.6653068723214904,0.6826030718483376,0.0
3155,CVX,0.43745996049291946,0.6643773859624738,0.6780604586416986,0.0
3156,CVX,0.4385365027463859,0.6715850667910948,0.6760253404546261,0.0
3157,CVX,0.4395675572990019,0.6728893246489606,0.6746865861710559,0.0
3158,CVX,0.43899138900938883,0.6587313374952032,0.6704747346782832,0.17522948947292424
3159,CVX,0.4385516643878864,0.6506572380129093,0.6653140723318595,0.10269781803792588
3160,CVX,0.4376722355047731,0.6391965051684597,0.6586430609425148,0.07731181949681347
3161,CVX,0.43720976795829447,0.6349185248851271,0.6523572125394355,0.07219187916652617
3162,CVX,0.43592094051302777,0.6273843078601374,0.6456571217218667,0.08348428006837347
3163,CVX,0.4354205730273213,0.6236546617686232,0.6394696537900886,0.1174551490056825
3164,CVX,0.4341469229561996,0.6248381880782345,0.6347822362813218,0.13880139502162536
3165,CVX,0.43304005464338324,0.6259063083698421,0.6312692571122829,0.0
3166,CVX,0.43128483944695084,0.6225773598746136,0.6277203703917029,0.0
3167,CVX,0.4307085156817978,0.6221973037513746,0.624796948285848,0.0
3168,CVX,0.42966229578588244,0.6158864044490192,0.6210581827827509,0.0
3169,CVX,0.42894965513922045,0.6144487897945791,0.6177482458638223,0.0
3170,CVX,0.4278276251849036,0.6098025761655974,0.6140695671062313,0.0
3171,CVX,0.42714530967214337,0.6131741838266935,0.6118745911159763,0.0
3172,CVX,0.42700884656959204,0.6203841824066443,0.6117180968785464,0.0
3173,CVX,0.4267359203644867,0.6251940445513481,0.6126599349623904,0.0
3174,CVX,0.42774559610490126,0.640881906066817,0.6168936451672271,0.20741767386686194
3175,CVX,0.4280336756224594,0.6492503950663719,0.6221371026896083,0.1593445611765862
3176,CVX,0.42820030653247176,0.6625392642101835,0.6292799091666035,0.20127749211978785
3177,CVX,0.42847323181212715,0.6699153213529058,0.6366304798059932,0.09928735848833653
3178,CVX,0.4305959819306633,0.6815057044775578,0.6450821798159591,0.09740308210897158
3179,CVX,0.4334027318803102,0.7010945874719322,0.6561891932419048,0.1482576495770465
3180,CVX,0.43692045851816097,0.7187872728309457,0.66899979953374,0.18938764476116118
3181,CVX,0.4401121881156822,0.732749927671806,0.6823457995582666,0.0
3182,CVX,0.4435844177981849,0.7415698111575048,0.6949792275707528,0.0
3183,CVX,0.44695051691563403,0.7481495538485649,0.7065456387797744,0.0
3184,CVX,0.44998302290208336,0.7522120876473805,0.7167000117787992,0.0
3185,CVX,0.45303069885908087,0.7542561525557079,0.725276971340556,0.0
3186,CVX,0.45635130102118193,0.7533212417708856,0.7319311357271654,0.0
3187,CVX,0.4597173908841343,0.7538422449544613,0.7373700480618697,0.0
3188,CVX,0.46329575668439027,0.7491420315671173,0.74067846924748,0.0
3189,CVX,0.4673441620601029,0.7527730252183515,0.7441307161362573,0.0
3190,CVX,0.46986115465198885,0.7331716396471096,0.7425440866221578,0.35429439498387066
3191,CVX,0.46983082303994017,0.6945607099876051,0.732709224755508,0.18741330469740475
3192,CVX,0.4696033937901838,0.6657179311920194,0.718442771327079,0.14505138241270954
3193,CVX,0.46933045925603345,0.6412491447034668,0.7016013835207542,0.09969905760242691
3194,CVX,0.4676687912858606,0.618081439419488,0.6829886837604152,0.09300638918982168
3195,CVX,0.46601607704098225,0.5963688073234644,0.6632817320039572,0.11273465912840833
3196,CVX,0.4629230623805265,0.5703747732374909,0.6417495802778899,0.16610783951775435
3197,CVX,0.4603909146252869,0.5543782095707677,0.6209751357976085,0.0
3198,CVX,0.45729775096743897,0.5426174095028535,0.601746530936408,0.0
3199,CVX,0.4531567053061165,0.5336221238453468,0.584368107338807,0.0
3200,CVX,0.4484411358791984,0.524319324614941,0.5684016090680165,0.0
3201,CVX,0.4432403754152672,0.5138509157450536,0.5533060689069873,0.0
3202,CVX,0.4381609154869386,0.5073984880940774,0.5397982119090817,0.0
3203,CVX,0.43386990904002243,0.513614053988035,0.5303708050951917,0.0
3204,CVX,0.4297153656956576,0.5216100758267066,0.5246027398301553,0.0
3205,CVX,0.42627346299795477,0.53743765407672,0.5234995225129467,0.0
3206,CVX,0.4232561149512062,0.5545825997778406,0.5264204320894722,0.14012280939901728
3207,CVX,0.41969290431430295,0.5653492751349365,0.5311456695794157,0.11840161025221578
3208,CVX,0.4172213984978175,0.5831927059099586,0.5388842969135155,0.08706002449155807
3209,CVX,0.41377948932196684,0.5953831896387293,0.5477795703010034,0.0731037559582531
3210,CVX,0.4122935411027502,0.6064414009630487,0.5573489740063812,0.06988322270630852
3211,CVX,0.41249066187670014,0.6123638724999743,0.5663183548708343,0.10826505065037507
3212,CVX,0.4126119420524095,0.6184894241444473,0.5748527693301675,0.15090753932468665
3213,CVX,0.41263469423188237,0.6208394331179795,0.5822016335601974,0.0
3214,CVX,0.4130440853904398,0.6232965743172504,0.5886258241238999,0.0
3215,CVX,0.41378705487279976,0.6253801931585448,0.5942274124941853,0.0
3216,CVX,0.4156520589367245,0.6304112888592744,0.5998247957443711,0.0
3217,CVX,0.4179416065462096,0.6428478019181407,0.6070616537098146,0.0
3218,CVX,0.42061021832945134,0.6566499909654697,0.6159130568860147,0.0
3219,CVX,0.4230210664745382,0.6634628691122852,0.6245055676574035,0.0
3220,CVX,0.4260990675654366,0.6726241468502333,0.6334119401375459,0.0
3221,CVX,0.4283734526079712,0.6658273391337237,0.6390292150011154,0.0
3222,CVX,0.428464426158774,0.635782895856902,0.636857890296717,0.18955581167265698
3223,CVX,0.42793374001731443,0.6150085990041805,0.6305122015393989,0.11960255544536563
3224,CVX,0.42766082399215666,0.6036235995072613,0.6229099699221683,0.07929033851552568
3225,CVX,0.426326526429583,0.5913071937676199,0.6140958782117807,0.08919964942890977
3226,CVX,0.4234456248272931,0.5682660449023715,0.6019330909634272,0.09298808824915332
3227,CVX,0.4203221397373431,0.5446436308268219,0.5869623977601863,0.13487922964279733
3228,CVX,0.4176383820452454,0.5407618438998948,0.5741246965650016,0.1664457584615912
3229,CVX,0.41519721524440456,0.5391630929444987,0.5634998641579192,0.0
3230,CVX,0.41284702754706437,0.5410891946308695,0.5554272900987238,0.0
3231,CVX,0.41048166617737714,0.5404297255839261,0.5488229323657051,0.0
3232,CVX,0.4080405040037851,0.5413594723259897,0.5437457038361794,0.0
3233,CVX,0.40713833127024657,0.5579534658619774,0.543365179650338,0.0
3234,CVX,0.4057282125438748,0.566532359430574,0.5449639264071293,0.0
3235,CVX,0.4047578082590597,0.579040801184411,0.5490178320437611,0.0
3236,CVX,0.4034841526352393,0.5893319273962664,0.5545439692092851,0.0
3237,CVX,0.40133106812830643,0.5963943027743043,0.560531616346251,0.0
3238,CVX,0.39922347409857295,0.6070307486556114,0.5676813534079056,0.12553378944465146
3239,CVX,0.39650938479442743,0.6050575889703398,0.5729634117106807,0.13187110258412163
3240,CVX,0.3925064763740611,0.593399282973135,0.5746027466515609,0.0819457041351768
3241,CVX,0.3895042899688139,0.5825312442402648,0.573503218036481,0.08010393781484462
3242,CVX,0.38909489418300947,0.5796210466669077,0.5719779886524456,0.07616145406881787
3243,CVX,0.38882195594706026,0.5822917749026016,0.5713502870794477,0.1020162160744511
3244,CVX,0.38842771439916035,0.5882739346406549,0.5721752251211983,0.1411586138204669
3245,CVX,0.38883709537776934,0.5988437485098285,0.5751800130719347,0.0
3246,CVX,0.39036852574513947,0.6063596370994069,0.5792511894954814,0.0
3247,CVX,0.3925519390877721,0.6136303705533493,0.5841210907859705,0.0
3248,CVX,0.3921728656595196,0.6041350534049024,0.5859105437041393,0.0
3249,CVX,0.39189993945441515,0.5986186180005476,0.586118324346944,0.0
3250,CVX,0.3899136431839336,0.57738633030078,0.5815743178776048,0.0
3251,CVX,0.38839738648891053,0.5634944389554527,0.5748572960858278,0.0
3252,CVX,0.38762409557444855,0.5622114000994882,0.5691990456699428,0.0
3253,CVX,0.3861020771039838,0.5683514809824438,0.5660345783125204,0.0
3254,CVX,0.38813387125526155,0.608883989243754,0.5724948511345018,0.2541319056870389
3255,CVX,0.38963495612883836,0.6399320669205739,0.5845508630920399,0.15621221828439777
3256,CVX,0.3924098613562714,0.6784862277566643,0.6027486371564827,0.12367775703671167
3257,CVX,0.3962156767661762,0.7183555773744731,0.6261515861197184,0.08912831899087172
3258,CVX,0.4005976576893442,0.7598332197756266,0.6540754632391252,0.14060771227578106
3259,CVX,0.4062078028336833,0.7941963926647078,0.6840377887683282,0.14970313568605614
3260,CVX,0.41245477301358324,0.8160661289396772,0.712859293576967,0.19076035941318248
3261,CVX,0.4187472364470315,0.829444395892932,0.7388843701468231,0.0
3262,CVX,0.4246151581858193,0.8379069718681688,0.7615817932830257,0.0
3263,CVX,0.43039164964589727,0.8455087149400078,0.7814261240570383,0.0
3264,CVX,0.43542562650062333,0.8439423511119075,0.7969541020775828,0.0
3265,CVX,0.4399592340187439,0.8400156044100422,0.8085053638573094,0.0
3266,CVX,0.44456865437161497,0.8342843041370112,0.8164749253568737,0.0
3267,CVX,0.44902644905498423,0.8268609288015221,0.8212037518965077,0.0
3268,CVX,0.4560770426868439,0.8327979631150315,0.8263039016760682,0.0
3269,CVX,0.46299117321615135,0.8352205137262025,0.8309214470051254,0.0
3270,CVX,0.471451877245336,0.8350336321891972,0.8345740249376294,0.20407940936668081
3271,CVX,0.47977611632106854,0.8331480918556843,0.8370777936628371,0.10354585769015613
3272,CVX,0.48809278151692403,0.838112954791456,0.840182227932342,0.11608906304083241
3273,CVX,0.4955888439621843,0.8367070167676693,0.8423538780651718,0.09026629165589505
3274,CVX,0.5005166782210102,0.8391727830102531,0.84463821075521,0.09122759539761603
3275,CVX,0.5048683506683718,0.8312445596314528,0.8447068573239885,0.12633787801889867
3276,CVX,0.5068848128954144,0.8106250462848525,0.8401874831976535,0.1596356470045395
3277,CVX,0.5081129697129878,0.7936963871729898,0.8328164820973101,0.0
3278,CVX,0.5084617069019446,0.7798523002274511,0.8238484696644995,0.0
3279,CVX,0.5085223516170467,0.7673801907397924,0.8139072115401317,0.0
3280,CVX,0.5095837294526646,0.7641989022309241,0.805248458965882,0.0
3281,CVX,0.5110999861476877,0.7636948734313412,0.7982096417266022,0.0
3282,CVX,0.5124949423071099,0.7606560291616772,0.7919044420948596,0.0
3283,CVX,0.5135416143036844,0.7561811965635888,0.7858675728214759,0.0
3284,CVX,0.5141026292808428,0.7406689120500994,0.7775967881656045,0.0
3285,CVX,0.5158008367792695,0.7398764671022893,0.7708043622038667,0.0
3286,CVX,0.5176506653199491,0.7394597756912122,0.7652779814288209,0.20595273400202377
3287,CVX,0.5180145558213596,0.7204461305792793,0.756638835795801,0.1349057443914822
3288,CVX,0.5175014634030619,0.708579499626121,0.7470949921883644,0.08128701437301121
3289,CVX,0.5169101242174525,0.6975824172126673,0.7370202933181643,0.10282073695438339
3290,CVX,0.5154393533723809,0.678486686961799,0.7247242832087532,0.09449452945975911
3291,CVX,0.5142718523753054,0.6670063920617243,0.7123406539070603,0.09632548813796431
3292,CVX,0.5119747244077946,0.6535493752590852,0.6994484076525957,0.15834348531183792
3293,CVX,0.5096396965010559,0.6393842463698304,0.6859921782402291,0.0
3294,CVX,0.5070468873726188,0.6311816863591859,0.6734075155098104,0.0
3295,CVX,0.5055002990655479,0.6291183911503697,0.6628820580584814,0.0
3296,CVX,0.5045298984825317,0.6219251894998223,0.652865931821151,0.0
3297,CVX,0.503468518796014,0.616635409234396,0.6436795309590695,0.0
3298,CVX,0.502634577613752,0.6165046284544069,0.6363013974898737,0.0
3299,CVX,0.5019977498018431,0.6188712467053659,0.6309239080263399,0.0
3300,CVX,0.5006634439102218,0.6211061565940629,0.6271177152103202,0.0
3301,CVX,0.49901072411264646,0.6228688421091773,0.6244638001165912,0.0
3302,CVX,0.4982374230182378,0.6331740384164718,0.6246268020477449,0.15694454411492184
3303,CVX,0.49755510380367873,0.6416374930849393,0.6266347604047867,0.1066679693477977
3304,CVX,0.4981161104517904,0.6516534973610713,0.6304631059153234,0.09977312597647046
3305,CVX,0.49832837806004715,0.6679252716227847,0.6371355589229191,0.08880668356117284
3306,CVX,0.49746412377472904,0.6695016124394046,0.6428232212511199,0.11505628475917835
3307,CVX,0.49750963276092186,0.6631537587676568,0.6459651252330448,0.11654817167838646
3308,CVX,0.49872021343887596,0.6750629145601771,0.6511206093507013,0.14324434464907873
3309,CVX,0.49984224246774467,0.6820723052897163,0.6567999797845225,0.0
3310,CVX,0.5019953371546233,0.6889423000131427,0.6628675352655224,0.0
3311,CVX,0.5031021980638437,0.6858331882266395,0.6670318454645723,0.0
3312,CVX,0.506271176407342,0.7020827548347532,0.6739681436140545,0.0
3313,CVX,0.5100011678770988,0.7169948592911167,0.6828253257229701,0.0
3314,CVX,0.5134127454409025,0.7270817234996954,0.6921487700035969,0.0
3315,CVX,0.5154293668452832,0.7224508812204724,0.6985802062295213,0.0
3316,CVX,0.5178857026912214,0.717164143035879,0.7025525302018925,0.0
3317,CVX,0.5201904128676578,0.7105648615148203,0.7042663860312374,0.0
3318,CVX,0.5207362569488199,0.6884108325850296,0.7007227580197606,0.18171724499080197
3319,CVX,0.5220705683931373,0.6816361726569456,0.6963849458182986,0.12272365838974202
3320,CVX,0.5231622648845073,0.6732451653578242,0.6910532111751101,0.0925673107156763
3321,CVX,0.5254821339260953,0.6800029603738373,0.6882869918928652,0.1338494775009388
3322,CVX,0.5281204289044821,0.6971781717783216,0.6898842141269227,0.10916078802985905
3323,CVX,0.5295153822875553,0.6962084341468116,0.690946862564827,0.12819218120409814
3324,CVX,0.5301218988473098,0.6892793682847533,0.6902598176721055,0.15427779444556364
3325,CVX,0.5298793061051539,0.6822264226061125,0.6881455362646675,0.0
3326,CVX,0.5305161265134659,0.6753286409504249,0.6849238876728317,0.0
3327,CVX,0.531638146287837,0.6677721212408212,0.680670209013384,0.0
3328,CVX,0.5312135842332841,0.6611598704137968,0.6758003855896176,0.0
3329,CVX,0.5301522045467681,0.6466018771065536,0.6686749402839473,0.0
3330,CVX,0.5289846868915999,0.6357760926186139,0.6605729612732857,0.0
3331,CVX,0.5281507457093362,0.6231878640852145,0.6512987697078582,0.0
3332,CVX,0.5254152670058447,0.6111814356075326,0.6412158762747578,0.0
3333,CVX,0.5227011675217526,0.6052337779728777,0.631830116272701,0.0
3334,CVX,0.518979518055076,0.5888362364333919,0.6206838311019243,0.20007308848115737
3335,CVX,0.5173419608244512,0.5886424262093902,0.6117238075549666,0.10191649756309284
3336,CVX,0.5146428767608162,0.5763304356958885,0.6018244617870994,0.07422832714703897
3337,CVX,0.5125959394770305,0.5732204011203839,0.5932150462729237,0.08318656555324896
3338,CVX,0.5124139960772256,0.5764945184067289,0.5870538533358827,0.0891714054574846
3339,CVX,0.5115724615806423,0.583444835860731,0.5836667771427867,0.10938140803114445
3340,CVX,0.5111024257069827,0.5911348550864227,0.5826630918859546,0.15971432663922389
3341,CVX,0.5092980839417036,0.5963106148712637,0.5830083489255791,0.0
3342,CVX,0.5062958975364564,0.5996292603308347,0.5840207722879461,0.0
3343,CVX,0.504643184217028,0.604203602389437,0.5858454960070653,0.0
3344,CVX,0.5030511091345549,0.6033536705207961,0.5871167236835926,0.0
3345,CVX,0.5015348524395318,0.6029017647567837,0.5880334537671272,0.0
3346,CVX,0.5002611968157122,0.6048282427463206,0.5891942131805882,0.0
3347,CVX,0.4988965657901909,0.6039580451091345,0.5899297735969586,0.0
3348,CVX,0.4978200235367236,0.6065754591707488,0.5910988764965442,0.0
3349,CVX,0.49777453583587317,0.611551939457389,0.5931381553316507,0.0
3350,CVX,0.4984871820352321,0.6250195594379648,0.5977572734519428,0.16841246112491126
3351,CVX,0.4988965731937878,0.6281515146125499,0.6021473697759929,0.09179478045643986
3352,CVX,0.4991302302013896,0.6264139443732973,0.605273979320248,0.10866046625032746
3353,CVX,0.4994334769131461,0.6291265069366954,0.6083770295359114,0.12490190263496079
3354,CVX,0.5006078262375793,0.6291108099764329,0.6108559874502125,0.0860119714090312
3355,CVX,0.5010551191862618,0.6330557099161378,0.6137143015841833,0.10072794513291526
3356,CVX,0.5021014788250735,0.630267219215771,0.6153823461976288,0.10652444386035143
3357,CVX,0.5013433412230652,0.6135601147555029,0.6130104304020321,0.0
3358,CVX,0.500145499359447,0.6007399680180899,0.6082688400158425,0.0
3359,CVX,0.4980909780158367,0.5850988695191673,0.601005702009484,0.0
3360,CVX,0.4970296029565686,0.5863219449134459,0.5954665221222788,0.0
3361,CVX,0.4959833858370031,0.586657588869949,0.591109638420747,0.0
3362,CVX,0.4943761537402782,0.5799381742333458,0.5861334774395491,0.0
3363,CVX,0.4926476211079507,0.5754980791243373,0.5811675453498015,0.0
3364,CVX,0.49134364035023026,0.5727225925411128,0.5765790778545391,0.0
3365,CVX,0.49063099970356916,0.5778106509546566,0.5740370531822192,0.0
3366,CVX,0.4848919727401535,0.5274176485654297,0.5608241067243274,0.7533177299801398
3367,CVX,0.4801764181204291,0.49803388541692445,0.5437351721181525,0.32305670668952696
3368,CVX,0.4756731357362085,0.48192363741058397,0.5264900812771249,0.1630448096370736
3369,CVX,0.4708817747598806,0.4703842293740988,0.5101340735641303,0.1504544829667237
3370,CVX,0.464922873917593,0.45929329540568975,0.49458882311408014,0.17194266934926752
3371,CVX,0.4605712246064728,0.46328200200037195,0.4830374887492808,0.1784939738028519
3372,CVX,0.4571293154306222,0.47440132340493674,0.476263163086527,0.23800935336580237
3373,CVX,0.4531718900838593,0.4830788075544492,0.4727687402761656,0.0
3374,CVX,0.4495328629104067,0.49300809774088694,0.4721759439529333,0.0
3375,CVX,0.4453100907911143,0.4996822133064741,0.4731823116397977,0.0
3376,CVX,0.4414284782791036,0.5044170500939649,0.47503779542482955,0.0
3377,CVX,0.4387447039289114,0.5086092456754916,0.4774521910226599,0.0
3378,CVX,0.4360609295787201,0.5133592157124764,0.48043745433949697,0.0
3379,CVX,0.4338623573709359,0.5179767103112481,0.4838500231042171,0.0
3380,CVX,0.43052659264188353,0.5229531400952454,0.4876840634277816,0.0
3381,CVX,0.42772151775609046,0.5329639854918361,0.49297213005105245,0.0
3382,CVX,0.42741825623713936,0.5627807471892236,0.503817218416934,0.16797957903225202
3383,CVX,0.425659392918214,0.5706703199875452,0.5142435343383858,0.14080873441934286
3384,CVX,0.42382471213728934,0.5767508818955681,0.5239335161924541,0.09661484474317727
3385,CVX,0.42155033449835155,0.5837500400795622,0.5332382147984501,0.10500719500761867
3386,CVX,0.4235366270670333,0.5830574097948427,0.5405283186144485,0.10652314694329619
3387,CVX,0.4251135238499124,0.5873404123371954,0.5473105551110504,0.09477898660054118
3388,CVX,0.42643265977098554,0.5936692506905235,0.5541403517767434,0.1344988006399277
3389,CVX,0.42726659077330265,0.5929397976404139,0.5594423651736824,0.0
3390,CVX,0.42894964218292664,0.5985415657728983,0.5649266880376389,0.0
3391,CVX,0.42954097303948924,0.6016532070104541,0.5700044416551571,0.0
3392,CVX,0.4297835787379407,0.6065576488586463,0.5751546598529012,0.0
3393,CVX,0.42973809103709026,0.6055959504381949,0.57906148850316,0.0
3394,CVX,0.4297532536040407,0.6072640977574371,0.5825570179606796,0.0
3395,CVX,0.4302384557464478,0.6114890028061746,0.5862907064575711,0.0
3396,CVX,0.4309814215270089,0.615951093540659,0.5902675401318767,0.0
3397,CVX,0.4323005648516798,0.6251862910155696,0.5954977694986644,0.0
3398,CVX,0.4326038143397861,0.6210493690151746,0.5987642064704545,0.18158323022842743
3399,CVX,0.4337182685633252,0.6266674083981602,0.6026236778546986,0.12376493868320264
3400,CVX,0.43453704162594065,0.6278392157633327,0.6059712120348443,0.07975924608194151
3401,CVX,0.43464317034009614,0.6256001292136093,0.6081525140618135,0.0794903519458223
3402,CVX,0.4329980447822903,0.6249230560614618,0.6097473518530483,0.11291651571993162
3403,CVX,0.43251285467072886,0.6213546241179054,0.6102315910125965,0.12314400361753397
3404,CVX,0.4320276645591665,0.617880517876251,0.6098482767483041,0.15965452435278796
3405,CVX,0.431390829343659,0.6152070659518182,0.608948539171797,0.0
3406,CVX,0.431337759433883,0.613191394954002,0.6077815869337749,0.0
3407,CVX,0.430700938100121,0.6094808774751951,0.6060248734113847,0.0
3408,CVX,0.4307767583384692,0.6173684615221865,0.6063693066319775,0.0
3409,CVX,0.43209590166313916,0.6316762527310574,0.609818934231261,0.0
3410,CVX,0.4327933797428498,0.6415748139518661,0.6147745612347673,0.0
3411,CVX,0.4338547594293667,0.6516852611663654,0.6209819931520544,0.0
3412,CVX,0.4345370749421269,0.6572083696177846,0.6271732007453205,0.0
3413,CVX,0.4355074792269429,0.6594180328335718,0.6326163647811449,0.0
3414,CVX,0.4369479304908124,0.6682828495509828,0.6389374921183618,0.21225575089047766
3415,CVX,0.43908586075984246,0.6853528059507129,0.6477812415789062,0.15817935325340288
3416,CVX,0.4404808215465126,0.6906195461088089,0.6560246297367359,0.13440398159300032
3417,CVX,0.4413299169666782,0.6934499275496959,0.6632472401175392,0.09712049829282485
3418,CVX,0.4431191118976514,0.6941677998575215,0.6691845832530503,0.07876912196121526
3419,CVX,0.443824165708139,0.6904735464867721,0.6731149141053931,0.11000608974608381
3420,CVX,0.4445407645029231,0.6837530600423103,0.6747682869943968,0.1442700619378765
3421,CVX,0.44554150317613495,0.6779124866142962,0.6747952959144456,0.0
3422,CVX,0.44650432340112545,0.6733879909320198,0.6738131760829013,0.0
3423,CVX,0.44770215971204763,0.6689154764889796,0.6720352849157737,0.0
3424,CVX,0.4497187792655293,0.6734673469835843,0.6716227718557413,0.0
3425,CVX,0.4511440605588506,0.6697490887498586,0.6704678924446951,0.0
3426,CVX,0.45317584453018256,0.6731645758507269,0.6703016902711724,0.0
3427,CVX,0.45514697823371364,0.6723386541601325,0.669985503719651,0.0
3428,CVX,0.45602640711682785,0.6694015811160191,0.6690809858557283,0.0
3429,CVX,0.4562690081880305,0.6674206805492349,0.6679179229589098,0.0
3430,CVX,0.45046174689699026,0.5956089052454152,0.651056544528332,0.44038836037117185
3431,CVX,0.44280464966167177,0.5212676139342391,0.621075358658164,0.2835717787390335
3432,CVX,0.43526884833470714,0.4634852789593618,0.5842718127222508,0.2158803458560762
3433,CVX,0.429454012238339,0.43780180201150776,0.5491312805298377,0.18283216135262106
3434,CVX,0.42349511139605056,0.4257063955498462,0.5183355754665671,0.1355706305351339
3435,CVX,0.4162928920946891,0.41503289989845554,0.4913311728376861,0.17709445619835568
3436,CVX,0.40965168036688837,0.4079997546260279,0.4681673978196498,0.21538780557887605
3437,CVX,0.40301048437173304,0.40441439029815474,0.4488409904035718,0.0
3438,CVX,0.3964450827023347,0.4042582362508862,0.4333452228135287,0.0
3439,CVX,0.39018294255188835,0.4066187824468733,0.421472279011403,0.0
3440,CVX,0.38440205194842303,0.41332915654519137,0.4134625724109948,0.0
3441,CVX,0.3781095866640749,0.41529726640436326,0.4074914182094578,0.0
3442,CVX,0.3724387866246879,0.4269265335758493,0.405294364494027,0.0
3443,CVX,0.36666184861664775,0.43671630120803817,0.4057085113671881,0.0
3444,CVX,0.35901991487372964,0.4339592211078894,0.4054281903887157,0.0
3445,CVX,0.3525000110851284,0.43995591951200996,0.40653425820504346,0.0
3446,CVX,0.34682542132945215,0.4631784503862556,0.4125708646379841,0.16765952872339843
3447,CVX,0.34203404554592964,0.49027013990786894,0.4234102471034167,0.15002808545934063
3448,CVX,0.3381524321084681,0.5215877384879405,0.4390293380580857,0.10627557988764086
3449,CVX,0.3342405000152535,0.5477855402354163,0.45733640553926314,0.08799985705092013
3450,CVX,0.33592354587217965,0.5628020973755816,0.4753133751934593,0.07507377296515876
3451,CVX,0.3376975634290078,0.5578932216791936,0.48860595199561496,0.10476697714860969
3452,CVX,0.3403813442573469,0.5643991720119016,0.5006833119300924,0.12280911081349266
3453,CVX,0.3414351343313413,0.5694672072375319,0.5114695072007103,0.0
3454,CVX,0.34182936569929634,0.5724920133889292,0.5207694950015118,0.0
3455,CVX,0.34283008678896465,0.5788632208542105,0.5296228919946497,0.0
3456,CVX,0.3446192724654411,0.5922499913928008,0.5396753687716185,0.0
3457,CVX,0.3464691056333695,0.6032505173566335,0.5501577381044368,0.0
3458,CVX,0.3482734511004484,0.6117407688594186,0.5604271350686137,0.0
3459,CVX,0.3504113730404308,0.6222903061414903,0.5709829919416416,0.0
3460,CVX,0.35301933455587164,0.6382840188467346,0.5829757680741028,0.0
3461,CVX,0.35664318805697715,0.6564712391099807,0.5966046935583319,0.0
3462,CVX,0.35996030960297176,0.6745842819175282,0.611526082786607,0.18048257995421593
3463,CVX,0.36491847547384637,0.7052236369891007,0.6302603156860338,0.19031609327081617
3464,CVX,0.36902753296825885,0.7061219185855186,0.6454469793452222,0.4528968371651468
3465,CVX,0.37074089655548814,0.6847392055812462,0.6528527085123685,0.3351651566229087
3466,CVX,0.37010786586346356,0.6571378822372634,0.6526541359129573,0.1955668781217874
3467,CVX,0.36816252444148123,0.6273322803135016,0.645883118482028,0.2513275387079305
3468,CVX,0.36497837612743655,0.59847535164105,0.6340646015533187,0.307543705384252
3469,CVX,0.3618700397226924,0.5775105584103094,0.6199588987592167,0.0
3470,CVX,0.3590952871944504,0.5590169167610676,0.6045716545554495,0.0
3471,CVX,0.3580439185039195,0.5474216202714193,0.5896895256991415,0.0
3472,CVX,0.35623957211139157,0.5402774848828049,0.5761989473366782,0.0
3473,CVX,0.3542836009748118,0.5332080849961445,0.5638381889052246,0.0
3474,CVX,0.35260055604333473,0.5302287990580472,0.5532886489091088,0.0
3475,CVX,0.3508720234110081,0.5318622303375555,0.5452113819447122,0.0
3476,CVX,0.3485369881006726,0.5352013917368201,0.5394903374181703,0.0
3477,CVX,0.34586837631743084,0.5352007707203768,0.5349133640288859,0.0
3478,CVX,0.34494346991341196,0.5556024886489885,0.5357777603449501,0.2474922667718034
3479,CVX,0.34500413128660945,0.5872899969746173,0.5434989242082838,0.17568658068394793
3480,CVX,0.3438820948541439,0.6068444277108525,0.5540138657301654,0.09076229037857585
3481,CVX,0.342441660248368,0.6245724159749064,0.5663586461954314,0.10902331482200389
3482,CVX,0.340170745641994,0.6332803564566495,0.5781662648066961,0.10793923626572043
3483,CVX,0.33584940480668113,0.633791681196505,0.5877257934276917,0.1126121725176359
3484,CVX,0.33349920230214547,0.6342311976051601,0.5954709198924086,0.17381239143723481
3485,CVX,0.3330291692048357,0.63460947664559,0.6017509395604774,0.0
3486,CVX,0.33354468907754686,0.635794347871118,0.6070378104915535,0.0
3487,CVX,0.3347470693462151,0.636566966726752,0.6114387071968788,0.0
3488,CVX,0.33680918400414583,0.641302353594239,0.6160099362279874,0.0
3489,CVX,0.3390835690466796,0.648573161207803,0.6212798960563071,0.0
3490,CVX,0.340842426812908,0.645550993774917,0.6248254177154616,0.0
3491,CVX,0.34236383878069443,0.6424009653696019,0.6269630237981523,0.0
3492,CVX,0.34386493290876796,0.6405609187590919,0.6282649075001808,0.0
3493,CVX,0.34600285484875126,0.6437191778847,0.6300070516327941,0.0
3494,CVX,0.34626062496505217,0.6261926726570184,0.6275126372599403,0.20973857898815684
3495,CVX,0.34676098412171097,0.6180834882285823,0.6237181412653904,0.1594751174934801
3496,CVX,0.3479133503153262,0.6201938039991809,0.6211507029116655,0.1248987323932702
3497,CVX,0.34949026468174704,0.6230717057909075,0.6197351941327697,0.0699290471089269
3498,CVX,0.34952057315755347,0.6272052107131959,0.6195197755769847,0.10639878700788842
3499,CVX,0.3481862598623362,0.6298706623979753,0.6199387521015516,0.0996111554464608
3500,CVX,0.34814077401238475,0.6408033822830767,0.6226992789394356,0.1328541657119916
3501,CVX,0.3479133262536358,0.6493279564164336,0.6267988161374759,0.0
3502,CVX,0.3481104498039347,0.6553532605983642,0.6314151164819776,0.0
3503,CVX,0.34898988146339693,0.6612413903766475,0.6364143961844932,0.0
3504,CVX,0.3498086628550592,0.6648935561213745,0.6412240267641246,0.0
3505,CVX,0.35053646606866984,0.6664087130679452,0.645407857946516,0.0
3506,CVX,0.3513400821170318,0.6689808286477767,0.6493255283151134,0.0
3507,CVX,0.3522043484331956,0.6711492563530271,0.6529407147684743,0.0
3508,CVX,0.3525530874730505,0.6707435204401337,0.655742854324328,0.0
3509,CVX,0.3525985751739018,0.6702152209556116,0.6578673665114776,0.0
3510,CVX,0.35344768077401323,0.6699405023599561,0.6595060319079875,0.20812175572596084
3511,CVX,0.3559646650368533,0.6875611236760392,0.6647259728843946,0.14496275974726833
3512,CVX,0.35816323817008744,0.6978723313766747,0.6711893932562228,0.08473911937026318
3513,CVX,0.3602860003194692,0.7090387909454126,0.6788373286469405,0.10065257984181647
3514,CVX,0.3637961382702475,0.7127602431371731,0.6857812544792533,0.09685823284387683
3515,CVX,0.36786728379458733,0.7266676624470797,0.6944216565291568,0.08959895578002788
3516,CVX,0.37197632648180523,0.7452193789998746,0.7054495436390491,0.18364907499552563
3517,CVX,0.375994399320021,0.7585232951739305,0.7172232318619625,0.0
3518,CVX,0.38011862400863183,0.7704843568077235,0.7292956583116027,0.0
3519,CVX,0.38419735081644646,0.7771342360015144,0.7404288275512368,0.0
3520,CVX,0.3873511693693432,0.7790318027688423,0.7497563245419612,0.0
3521,CVX,0.3906566089644947,0.7806200731689136,0.757570668549327,0.0
3522,CVX,0.39415916192999934,0.7819479174077393,0.7641167164910231,0.0
3523,CVX,0.3976162271946535,0.7821976794210481,0.769408962758508,0.0
3524,CVX,0.40073971598640146,0.7762746862856267,0.772328786159454,0.0
3525,CVX,0.40427259408580785,0.7736567650343295,0.7740838777973224,0.0
3526,CVX,0.40747189571230624,0.7679892988829267,0.7742306643261725,0.0
3527,CVX,0.4101404973156022,0.7565614093011162,0.7718128980796756,0.13511310701842516
3528,CVX,0.41228600238995927,0.7386035701866291,0.7658948670694912,0.0830245950232393
3529,CVX,0.4147271802961958,0.7269000792248884,0.758564106599187,0.08575215569229865
3530,CVX,0.4175019328244378,0.7210030815003552,0.7513912915056565,0.08158242325781528
3531,CVX,0.4187149428077044,0.7159432968682261,0.7445305624428826,0.06244583570020695
3532,CVX,0.4211106311621915,0.7215605263152675,0.7402881213209862,0.10152482861241115
3533,CVX,0.422332571734513,0.7154815805672892,0.7355455978400947,0.1597219640396603
3534,CVX,0.42403835033646775,0.7110998387026248,0.7307795209999874,0.0
3535,CVX,0.4245463055837968,0.7051069262623019,0.7256371748177534,0.0
3536,CVX,0.4245159823007958,0.7022145585250146,0.720881646801449,0.0
3537,CVX,0.4245463074346958,0.6998947464190226,0.7165625906846687,0.0
3538,CVX,0.4247130956711489,0.7018291694196349,0.7135364836816913,0.0
3539,CVX,0.4253954111839091,0.7072464203982786,0.712317376416447,0.0
3540,CVX,0.4261080518305711,0.7093182601547452,0.711801713417955,0.0
3541,CVX,0.42651744113822687,0.7084018755207108,0.7111858896502534,0.0
3542,CVX,0.4273058946196384,0.7128849451313848,0.7116877675263391,0.0
3543,CVX,0.4283975994400553,0.7198294422609497,0.713629856786447,0.0
3544,CVX,0.4315893197830798,0.7436542375436098,0.720468888420654,0.22096714275050744
3545,CVX,0.4347583073810748,0.7644571832006943,0.7305550982539153,0.11340040988343021
3546,CVX,0.4380561712454494,0.7787043259922328,0.7417846927262466,0.08711622423061836
3547,CVX,0.4421803913068123,0.7921190460677898,0.7537443278912018,0.10350233891785816
3548,CVX,0.4473432435024689,0.8049866341874324,0.7661666183038021,0.07920546249935514
3549,CVX,0.4514469879904812,0.8046785818456983,0.7760361114278052,0.1198919120505786
3550,CVX,0.4546311131682863,0.7964045518716045,0.7820961716268815,0.21009912192951283
3551,CVX,0.4582155412189737,0.7931583278725429,0.7862240682378854,0.0
3552,CVX,0.4608083364656643,0.7880819087114482,0.7884002182876064,0.0
3553,CVX,0.4641654883359658,0.7815263573916629,0.7886868362108357,0.0
3554,CVX,0.4675619033328182,0.7764633865027208,0.7877929467132121,0.0
3555,CVX,0.4708825054949184,0.768332951376534,0.7852741563037248,0.0
3556,CVX,0.47497639857148233,0.7718062694441092,0.7840296547172905,0.0
3557,CVX,0.4790551290810958,0.7735089675794088,0.7834117848365825,0.0
3558,CVX,0.48260316974745177,0.7717436338925359,0.782525862294988,0.0
3559,CVX,0.48551438260189617,0.7662506040113952,0.7805985349177023,0.0
3560,CVX,0.48854689599194323,0.7604763505851994,0.7777756962422109,0.0
3561,CVX,0.4911245416279799,0.7476763735734722,0.7726778420613154,0.22362294067584365
3562,CVX,0.49342925828256323,0.7393092472296193,0.7667433716534969,0.12266630583552152
3563,CVX,0.49662856083451246,0.746019900038791,0.7634845055985416,0.09718937899864745
3564,CVX,0.4980159255305132,0.7488348824760102,0.7615018964504241,0.09696760618220185
3565,CVX,0.49898632888987837,0.7483941959253821,0.7598180459763921,0.10465630689322943
3566,CVX,0.4996155652383667,0.7423153101871656,0.7571224083265282,0.128846836113203
3567,CVX,0.5014502460192922,0.7538767082961387,0.7575307115869221,0.17307934509723563
3568,CVX,0.503178778651618,0.7645254808111328,0.7602197081227321,0.0
3569,CVX,0.5058223718292121,0.7733072057024002,0.7643190681333211,0.0
3570,CVX,0.5091733083797099,0.780526067356958,0.7692000089062001,0.0
3571,CVX,0.5123665449794297,0.7878124572937348,0.7747211949547572,0.0
3572,CVX,0.5149138562270696,0.7837310731328009,0.7782327179439454,0.0
3573,CVX,0.5180221824518672,0.784360642360963,0.781181601760272,0.0
3574,CVX,0.5207817696368098,0.7809437423479358,0.7827826940135741,0.0
3575,CVX,0.5237384701921055,0.7762850782221467,0.7830300765402081,0.0
3576,CVX,0.525694441328687,0.7710501771773756,0.7820666572514149,0.0
3577,CVX,0.5276200873313659,0.7655952479543415,0.7800857848345355,0.0
3578,CVX,0.5294850904698425,0.7576252252768928,0.7767329944426961,0.5553985325239418
3579,CVX,0.5315017146505729,0.7491496379627133,0.7721705137765353,0.09291776652438045
3580,CVX,0.5322295113860358,0.7266318883568229,0.7635251277412343,0.08320184035412176
3581,CVX,0.5327601873475496,0.6988662230391838,0.7504492048898483,0.09632505583227922
3582,CVX,0.5334273439951591,0.6808763250790945,0.7359975365704265,0.08560848610295733
3583,CVX,0.5332529661461844,0.6711796064770635,0.7222850543304076,0.10489176938970253
3584,CVX,0.5341248322548156,0.6738459882326245,0.7119065862371301,0.21441497368555293
3585,CVX,0.5349587632571318,0.6737136696585824,0.7035744578343791,0.0
3586,CVX,0.5360201475708974,0.6713043481673453,0.696374264392294,0.0
3587,CVX,0.5357927072157445,0.6719484167244155,0.6907569916358917,0.0
3588,CVX,0.53548945587674,0.6741184901225021,0.6867445886744239,0.0
3589,CVX,0.5354591307428391,0.6803797237006753,0.684923676138405,0.0
3590,CVX,0.5352923425063869,0.6851368015807415,0.6845222697722515,0.0
3591,CVX,0.5350194163012825,0.6903790231964853,0.6853640940056773,0.0
3592,CVX,0.5352771799394365,0.6918188227310836,0.6863569626088863,0.0
3593,CVX,0.5354591307428391,0.6969626262270993,0.6882923734627043,0.0
3594,CVX,0.5358533574835462,0.7004834632505517,0.6906217746269965,0.0
3595,CVX,0.5355425220847172,0.6941893565756231,0.691088993064161,0.20583644377273747
3596,CVX,0.5349511828991078,0.685430755341986,0.6895197348498106,0.13823925352912744
3597,CVX,0.5347085910823992,0.6821419041535867,0.687534720193368,0.1101049436460719
3598,CVX,0.5348298943943508,0.6809426930572597,0.6856806720739428,0.08723698161865047
3599,CVX,0.534450830220595,0.6729768936637119,0.6824302780253575,0.08247571090508382
3600,CVX,0.5355880227418623,0.6689048661449563,0.6789266126408969,0.1131741699082388
3601,CVX,0.5370436393490312,0.6598563830550153,0.6741163391552446,0.13878424689611724
3602,CVX,0.5377562698157456,0.6485579274553713,0.6677616388992236,0.0
3603,CVX,0.5382187355113262,0.6416378806653599,0.6611427158679105,0.0
3604,CVX,0.5377562688902966,0.6363374645651442,0.6546717180868571,0.0
3605,CVX,0.5373923672834913,0.6315074809841037,0.6484234225916632,0.0
3606,CVX,0.5369678154088842,0.6252115049227329,0.6420280689912432,0.0
3607,CVX,0.5366494015029293,0.6245382258216844,0.6367624239636342,0.0
3608,CVX,0.5358609480215177,0.6208912187653224,0.6317408455420012,0.0
3609,CVX,0.5347844057680504,0.6199376217423118,0.6275120341337671,0.0
3610,CVX,0.5335259127111804,0.6176694634310503,0.6236258103279158,0.0
3611,CVX,0.5320248185831069,0.6154279211505873,0.6200195611798079,0.0
3612,CVX,0.5320399728210106,0.6290366722878739,0.6201535658500167,0.17415463343792248
3613,CVX,0.5324796835607692,0.6492399832383255,0.624742729446346,0.11657857717823704
3614,CVX,0.5331316841195743,0.6675085397371623,0.6324668087630935,0.09090495125465196
3615,CVX,0.5342082365529874,0.6779546067744884,0.6409634573853227,0.09608267644484485
3616,CVX,0.5359216140219614,0.6897113712514971,0.6503689302931376,0.11070311061232642
3617,CVX,0.5367327937702555,0.6922256884199801,0.6584510918784056,0.10259334416403176
3618,CVX,0.5378548089173787,0.6989797770101783,0.6664151673349001,0.13648077810412054
3619,CVX,0.5388858606936466,0.6960090857994388,0.672127401127861,0.0
3620,CVX,0.5407205377727724,0.7046927068727077,0.6786235873146607,0.0
3621,CVX,0.5421458135133959,0.7005918630780266,0.6829107934340448,0.0
3622,CVX,0.5443595482881305,0.7016382940356052,0.6865727015440877,0.0
3623,CVX,0.5463610071255607,0.701380307431647,0.6894449955514541,0.0
3624,CVX,0.5479682392222864,0.6961522837440297,0.6905830311396832,0.0
3625,CVX,0.5498332349571653,0.6936176700270238,0.6909311737073026,0.0
3626,CVX,0.5519711568971495,0.6915043372703207,0.69074086002272,0.0
3627,CVX,0.5533206253557204,0.6844198939665317,0.6890169760592058,0.0
3628,CVX,0.5544881430108877,0.6730060928247125,0.6851057988383431,0.0
3629,CVX,0.5548214270417056,0.6559221482599568,0.6781869062966394,0.17461806513232733
3630,CVX,0.5548743368486937,0.6374297067286623,0.6685493765323632,0.12646022052777606
3631,CVX,0.5539456323993406,0.6111305613562127,0.6550050756460128,0.11080729628243048
3632,CVX,0.5513073605571934,0.5865713950990165,0.638721359768879,0.10982120701476496
3633,CVX,0.548396150479098,0.5742627805217283,0.6229638090641452,0.10722045601332884
3634,CVX,0.5463795262983675,0.5780485764227333,0.6111976202112329,0.16722635842694913
3635,CVX,0.543248452521345,0.5655412136815651,0.5990100002689381,0.21555078482215087
3636,CVX,0.5402917436370025,0.5625710324297833,0.5886009908736105,0.0
3637,CVX,0.5379491353722381,0.5619534170356665,0.580136769804855,0.0
3638,CVX,0.535144065113693,0.5624988883667498,0.5734864018585775,0.0
3639,CVX,0.5330819560084601,0.564636523788986,0.5686403266125526,0.0
3640,CVX,0.5302162308548661,0.5697150457157916,0.5658901001383301,0.0
3641,CVX,0.527532456504674,0.5663892910237217,0.5629521240959634,0.0
3642,CVX,0.5243028297442738,0.5633881895153047,0.5599359703830611,0.0
3643,CVX,0.5211945035194763,0.5629088190187832,0.5574167025008173,0.0
3644,CVX,0.5189656061777921,0.569048754150484,0.5567633888364356,0.0
3645,CVX,0.516478945197953,0.5739488316248181,0.5573277850035724,0.0
3646,CVX,0.5149323550399822,0.5896745675407716,0.5612679438395756,0.14465265246917156
3647,CVX,0.512733787459446,0.590340554987042,0.5645678154542536,0.10746081797423285
3648,CVX,0.510823292918321,0.5893348471529722,0.5669846036647961,0.10666451090231707
3649,CVX,0.5096864011681879,0.5901233510528827,0.5690929581770158,0.0797383513071627
3650,CVX,0.5088071314624116,0.5893020822806777,0.5705974491907138,0.07519842110435657
3651,CVX,0.5095235683035089,0.5954747035817056,0.5731703938356879,0.11271880791995542
3652,CVX,0.5104181542008739,0.5985531130670138,0.5759116726517537,0.15484973486692333
3653,CVX,0.5106152684966778,0.5998594043349756,0.5783944870681628,0.0
3654,CVX,0.5099174797620298,0.6038817522510244,0.5812730676827733,0.0
3655,CVX,0.5105997915729921,0.6069010123305655,0.5842457334024427,0.0
3656,CVX,0.5107665798094452,0.6097836642145743,0.58726336165622,0.0
3657,CVX,0.5105846290060416,0.6092625686262935,0.5895618629345031,0.0
3658,CVX,0.5105997915729921,0.6115776977746984,0.5919142587802597,0.0
3659,CVX,0.5105391413051912,0.6136836020638123,0.5942633552432032,0.0
3660,CVX,0.5106149541399425,0.6197243648653692,0.5974827323836934,0.0
3661,CVX,0.5115550332908585,0.6263741984022709,0.6015334520473535,0.0
3662,CVX,0.5123283242053196,0.6286155324943082,0.605271251696597,0.0
3663,CVX,0.512237340474571,0.6217084548536421,0.6067292057024067,0.09865158092748014
3664,CVX,0.511812781196368,0.6183631512297563,0.6071534372535309,0.08180462837994597
3665,CVX,0.5113579004860629,0.6149262633438889,0.606730373528213,0.07128720746955054
3666,CVX,0.5096218032283542,0.6091378188149258,0.6051077975797684,0.08146310688873344
3667,CVX,0.5090380295935759,0.6057812770679233,0.6030651120703509,0.08779998772251854
3668,CVX,0.5087196286439148,0.6044545606944964,0.6011366411358754,0.1403960265919873
3669,CVX,0.508598325331965,0.6070522520260798,0.6001701436083595,0.13736196119220684
3670,CVX,0.5085745201018517,0.6085601087839058,0.5997314528104364,0.0
3671,CVX,0.5079073588269951,0.6090492529498815,0.5994890133025996,0.0
3672,CVX,0.5074524808930381,0.6099251389116425,0.5994893707248018,0.0
3673,CVX,0.5072856926565859,0.6126400886105733,0.600091948811747,0.0
3674,CVX,0.5071192076714723,0.6176238731208661,0.6016796281864536,0.0
3675,CVX,0.5068159563324679,0.6196903119611635,0.6034081963453457,0.0
3676,CVX,0.5069675820019697,0.6268341795142657,0.6063758667324858,0.0
3677,CVX,0.5070888825375715,0.6291137703415245,0.6092557139432687,0.0
3678,CVX,0.5071950205062246,0.6332251624513058,0.61247167461012,0.0
3679,CVX,0.5073769713096263,0.6373506130239841,0.6159596448111482,0.0
3680,CVX,0.5093177872828534,0.6646307859399129,0.6248019319823662,0.1732227264827869
3681,CVX,0.5116224993101879,0.6915321459940693,0.6378436358089986,0.09285162375456334
3682,CVX,0.514427566792385,0.7145662376741594,0.6533869471643566,0.08241201786748216
3683,CVX,0.5172781367826254,0.7234858021200792,0.6678003377487262,0.06857477749946898
3684,CVX,0.5200983751608197,0.7310367950993697,0.6810061839366575,0.05993413966989714
3685,CVX,0.5228352305261819,0.7339081836619643,0.6922078578778442,0.07603190646518916
3686,CVX,0.5260572760031073,0.7372031053869925,0.7019001518208363,0.11182897871816752
3687,CVX,0.5290215680218244,0.7365835404768428,0.7095165409365649,0.0
3688,CVX,0.531699578745676,0.7326671651631627,0.7147408324106392,0.0
3689,CVX,0.5341862341728163,0.7296068720198925,0.7182413614705637,0.0
3690,CVX,0.5370530207060984,0.7295918513296593,0.721038452485937,0.0
3691,CVX,0.5405404111046517,0.7345396365566027,0.7243737560201627,0.0
3692,CVX,0.5440126389362554,0.7373068874738287,0.727655893647481,0.0
3693,CVX,0.547227103129706,0.7371317294319586,0.7302427461920385,0.0
3694,CVX,0.5503657544884044,0.7375735638514597,0.7324102460297122,0.0
3695,CVX,0.5537924946191577,0.7379784142689103,0.734234059065863,0.0
3696,CVX,0.5562943181659463,0.7319937223866424,0.7343654484565733,0.0
3697,CVX,0.5569311478287551,0.7016597787794885,0.7277411917986906,0.14415290709722006
3698,CVX,0.5567112961606746,0.6696868519205529,0.7153488216041456,0.09301056814477744
3699,CVX,0.5573670864357698,0.6550460759810857,0.702186974147693,0.1123931376371958
3700,CVX,0.5558659839786495,0.6429854471530079,0.6889819320421615,0.07065200631627426
3701,CVX,0.554046480571869,0.6357036265242548,0.676802478595747,0.07331659445720706
3702,CVX,0.551999547915333,0.6300156137087599,0.6657970709268751,0.11050569101614027
3703,CVX,0.5503165020584069,0.6215182569821089,0.6551076670508205,0.13336140438248448
3704,CVX,0.5483756999669236,0.6136653186617035,0.6448140258178198,0.0
3705,CVX,0.546563764887324,0.6072656502687943,0.6351593922259345,0.0
3706,CVX,0.544425834618294,0.6010468193568089,0.626056082247123,0.0
3707,CVX,0.5427882773876673,0.6001940151401565,0.618584245755468,0.0
3708,CVX,0.5413687578697868,0.6001194314324548,0.612590230700678,0.0
3709,CVX,0.5393066487645548,0.5942994620547397,0.6065039001267066,0.0
3710,CVX,0.5368048252177662,0.5886825741115003,0.6003887692993799,0.0
3711,CVX,0.5340149128989227,0.5875833682068914,0.5952528136789013,0.0
3712,CVX,0.531513089352134,0.5905515308440447,0.59180251480881,0.0
3713,CVX,0.528965778104495,0.5916908604818889,0.5892950278342498,0.0
3714,CVX,0.5267671947913151,0.5987708816797994,0.5888596902579272,0.14010911971898976
3715,CVX,0.5247960518332873,0.60853514612187,0.5906775523422733,0.07386778420568298
3716,CVX,0.5234314208077668,0.6182298703358744,0.5942825471535297,0.05336784861923005
3717,CVX,0.5238711250693777,0.6219188260212017,0.597984911405026,0.06009553379232669
3718,CVX,0.5252735051858348,0.6284172674046125,0.6023884354923453,0.09229942529282226
3719,CVX,0.5258599857608184,0.6351445485481136,0.6074036539103971,0.08675063772293644
3720,CVX,0.52733075660589,0.6500705346022321,0.6147270517672252,0.15679165200429884
3721,CVX,0.5286044057515635,0.6616180645939242,0.6231475068904622,0.0
3722,CVX,0.5291805768175237,0.6624850757146833,0.630076211197599,0.0
3723,CVX,0.5310152492694025,0.6730114411177299,0.6379543734295651,0.0
3724,CVX,0.5322434171923707,0.6726049904609521,0.6441667350474903,0.0
3725,CVX,0.5342600385967522,0.6803004777228926,0.6508438130841607,0.0
3726,CVX,0.5364131231036859,0.6858385967169226,0.6574140675543225,0.0
3727,CVX,0.5380355177673612,0.6872184024310188,0.6629763711474526,0.0
3728,CVX,0.5401734397073445,0.6937418886744374,0.6688734027309275,0.0
3729,CVX,0.5429936771600881,0.6997546372919782,0.6749249132217263,0.0
3730,CVX,0.5461778162196378,0.7063294090042427,0.6812246876373489,0.0
3731,CVX,0.5490283778808323,0.70966214301459,0.6870038503446171,0.19704017589653713
3732,CVX,0.5521867477950728,0.7181986891833028,0.6935209521484778,0.08783644550196021
3733,CVX,0.5555680030013246,0.7247711964430056,0.7001926972619646,0.0702496738253606
3734,CVX,0.558934094715176,0.7344196027236414,0.7076705231946946,0.07170322964049171
3735,CVX,0.5625427930529296,0.7473988632399493,0.7165321399430382,0.10256423558123642
3736,CVX,0.5661211597786346,0.7576863281232316,0.7259036337584062,0.1511454515533752
3737,CVX,0.5694569430166787,0.7575021135757585,0.7333599621324884,0.18755308353558034
3738,CVX,0.5724592830465678,0.755643205963962,0.7389126394895569,0.0
3739,CVX,0.5751441170365998,0.7507756913428798,0.7422749581123836,0.0
3740,CVX,0.5765542348375226,0.7408579562185955,0.7427646344933823,0.0
3741,CVX,0.5785708562419032,0.7387777283428052,0.7426948919402724,0.0
3742,CVX,0.582406985680314,0.7487023089453334,0.7448407950353758,0.0
3743,CVX,0.5847875086914991,0.7488514079929386,0.7465905940674842,0.0
3744,CVX,0.5884568498934568,0.7540518599355431,0.7491441163166426,0.0
3745,CVX,0.5911102991097481,0.7537026225615806,0.751109458305415,0.0
3746,CVX,0.5937030980582385,0.7514142729342064,0.7521740779182774,0.0
3747,CVX,0.5967962617160865,0.7515837514042043,0.7530633711935154,0.0
3748,CVX,0.5988735361646169,0.7449160711755789,0.7522956287016775,0.113459347558496
3749,CVX,0.6019926299960119,0.7518138476966801,0.7532116570350214,0.12191178831316339
3750,CVX,0.6052222595327601,0.7597410511290927,0.7557030730171459,0.10670745326703493
3751,CVX,0.6083760762347588,0.7626657904519263,0.7583450382778061,0.0849227051845268
3752,CVX,0.6116119109113631,0.7712078653946808,0.7623536086433105,0.08970097992170656
3753,CVX,0.6147126530763378,0.7756500965737032,0.7665459421123396,0.09804520015320912
3754,CVX,0.6168050947190675,0.771626245600342,0.7690071463635781,0.14090528268901054
3755,CVX,0.6188520431082489,0.7729542059138019,0.7712707082506989,0.0
3756,CVX,0.6206563876498761,0.7710733787899652,0.7726643097314158,0.0
3757,CVX,0.6228549496777154,0.7656692833339559,0.7725803310373426,0.0
3758,CVX,0.62512933472025,0.760486680117262,0.7713634246706423,0.0
3759,CVX,0.6288138384891573,0.7689357068165413,0.7722642556477541,0.0
3760,CVX,0.6326802930614663,0.7713055976092714,0.7735106637312237,0.0
3761,CVX,0.636865161539732,0.7821128779358437,0.7769053079484322,0.0
3762,CVX,0.6394276353543216,0.7832599336217377,0.779875489412146,0.0
3763,CVX,0.6424904738782695,0.7818070579180623,0.7819293245121764,0.0
3764,CVX,0.645022622558959,0.77936445092811,0.7830305177227812,0.0
3765,CVX,0.6477064033872981,0.774456497800249,0.7828226780352849,0.2801885544476041
3766,CVX,0.6494652537499279,0.7578811035235877,0.7789792737600025,0.11204758129292254
3767,CVX,0.6509208611026001,0.7433477767543798,0.7726804358679475,0.11819295070821757
3768,CVX,0.6525887295853812,0.7276594491951358,0.7641610224280677,0.0960244592792542
3769,CVX,0.6531389788068429,0.7150244889650768,0.7545425162270033,0.07753416872083918
3770,CVX,0.6541397137782567,0.7131712429174168,0.746436581901416,0.13454894809939688
3771,CVX,0.6554436954614262,0.7123995445892375,0.739780638692906,0.19960605423937688
3772,CVX,0.6564184984083941,0.7148889934640333,0.7350081505322392,0.0
3773,CVX,0.6574571342444866,0.7159541363343367,0.7314264543220849,0.0
3774,CVX,0.659276644129414,0.7188115340844508,0.7291949905832413,0.0
3775,CVX,0.6608990387930884,0.7238994697000951,0.728538541674222,0.0
3776,CVX,0.6617329799753513,0.7165908304349671,0.7263920132625836,0.0
3777,CVX,0.6630066355991708,0.7125367518899439,0.7237754222389718,0.0
3778,CVX,0.6645532174280948,0.7121094381883503,0.721587352935341,0.0
3779,CVX,0.6654174837442586,0.7171052141059236,0.7209451746054226,0.0
3780,CVX,0.666979228140133,0.7252622224843658,0.7222410058386005,0.0
3781,CVX,0.6670550409748843,0.7242935949912975,0.7230627877520649,0.0
3782,CVX,0.6667821184715788,0.7129224656875566,0.7211976096744934,0.21102468840126729
3783,CVX,0.6679951312311943,0.7192981888484856,0.721119875739676,0.12662925205064202
3784,CVX,0.668601633909204,0.7168300673397863,0.7205101535091256,0.12143654026336638
3785,CVX,0.6697497467362581,0.7187508746068252,0.7204484930621401,0.08293453133884782
3786,CVX,0.6710689057935726,0.7100983185973415,0.7184796571140671,0.0939891641139016
3787,CVX,0.6723880417146466,0.7023166147891363,0.715178273089879,0.12100524329155242
3788,CVX,0.6742985399575705,0.6990853810953209,0.7118203398141459,0.17914502616458108
3789,CVX,0.6762393466763008,0.6968792589238034,0.708644580787662,0.0
3790,CVX,0.6772855554668205,0.6932682972203709,0.7053029075703586,0.0
3791,CVX,0.6782256318413866,0.6901438708368508,0.7019364373770842,0.0
3792,CVX,0.6788624596532964,0.6876080215943025,0.6986807012270067,0.0
3793,CVX,0.6799086767728619,0.6896849868875591,0.6965368721842813,0.0
3794,CVX,0.6806364799864735,0.6900270540014424,0.6948976940898024,0.0
3795,CVX,0.6812126575305824,0.6917544922257822,0.6939695714142506,0.0
3796,CVX,0.6828805398951081,0.6945476492605952,0.693846715160422,0.0
3797,CVX,0.6835780179748188,0.6876652077439607,0.6922216097914733,0.0
3798,CVX,0.6835931805417683,0.6775751639872188,0.6886831215428283,0.0
3799,CVX,0.6848365101062379,0.6893083500108517,0.6884552542429059,0.28158634282936
3800,CVX,0.686201147609907,0.7044350733196839,0.6916287156478502,0.15620890394081216
3801,CVX,0.6872778388607665,0.7059021422508338,0.6944929435086252,0.18090811285022884
3802,CVX,0.6894309205913514,0.7088437494093015,0.697436900280752,0.08726147894080495
3803,CVX,0.6894157432172063,0.7019146020864462,0.698254883983914,0.10359341131551485
3804,CVX,0.6889457073435468,0.684067274959343,0.6949499692264909,0.1324379994391554
3805,CVX,0.6887831521137624,0.6777957776446759,0.6909147506509536,0.17314433505189253
3806,CVX,0.689890011172082,0.6775731525400726,0.687637188005267,0.0
3807,CVX,0.691512412313906,0.682607525417339,0.6861319774608223,0.0
3808,CVX,0.6928770396376276,0.6867215645974805,0.6858404791570955,0.0
3809,CVX,0.6948178482072578,0.696938961029639,0.6878739367466795,0.0
3810,CVX,0.6960308535632773,0.6948152848673059,0.6890295804691979,0.0
3811,CVX,0.6967283316429871,0.6869978761537675,0.6882198593039146,0.0
3812,CVX,0.6978806867312048,0.6859745157349842,0.687345057190978,0.0
3813,CVX,0.698563002243966,0.683929837304132,0.686191618232513,0.0
3814,CVX,0.6990785295202748,0.6792186746074995,0.6842237293577292,0.0
3815,CVX,0.6994424311270793,0.6753923770482541,0.6818005815441758,0.0
3816,CVX,0.6987677043013916,0.6622537619758683,0.6769473556240319,0.15271111864283682
3817,CVX,0.6998518324655816,0.6631839230346274,0.6732711244579981,0.11180520190548818
3818,CVX,0.7027175585446255,0.6796782551701164,0.6739892889949165,0.12860474492955867
3819,CVX,0.7033013090431632,0.6863623177728958,0.6760466320488727,0.08346713194286533
3820,CVX,0.702406700009556,0.6808178494417934,0.6764625058962499,0.09487553487020886
3821,CVX,0.702452047042061,0.6770078030686586,0.6759499734696903,0.14232915351376618
3822,CVX,0.7028235225287442,0.6798390319842857,0.6761680353891847,0.14053681414342806
3823,CVX,0.7037787716502066,0.6797677381295856,0.6763266688936441,0.0
3824,CVX,0.7057097208495202,0.678599837179747,0.6761944852347296,0.0
3825,CVX,0.7069530541157887,0.6776683102978865,0.6758820857394422,0.0
3826,CVX,0.7077566701641516,0.6766491513378607,0.6754060730260414,0.0
3827,CVX,0.7067862658793356,0.6609714364995439,0.6715472740852257,0.0
3828,CVX,0.7066952904776347,0.6590680067231897,0.6680379726669882,0.0
3829,CVX,0.7052245214834612,0.64925379458839,0.6630533188490331,0.0
3830,CVX,0.705315496885162,0.649672856548514,0.6591585616896554,0.0
3831,CVX,0.7056035856572169,0.6465952377226848,0.6553600082642103,0.0
3832,CVX,0.7059523246970727,0.6504329468330522,0.65317253380848,0.0
3833,CVX,0.7049515850984118,0.6373130728321237,0.6485120041470941,0.1508723784623002
3834,CVX,0.7055125972992204,0.642149689304965,0.6458565491478852,0.0931878134756599
3835,CVX,0.7061342560660337,0.646913372156215,0.6447889740767391,0.07171057883713805
3836,CVX,0.7076125924619365,0.6505349732281104,0.6447383402836443,0.05533757742234565
3837,CVX,0.7082190858854496,0.6548524638083592,0.6456556376172129,0.06518247478865295
3838,CVX,0.7077035641618403,0.6613838946556889,0.6478384266465259,0.08805720960514063
3839,CVX,0.7069833561134482,0.6581517787017296,0.6488676360904985,0.2402988442739815
3840,CVX,0.7073472688256492,0.6574421296234059,0.6495335730793872,0.0
3841,CVX,0.7076050241347573,0.656483739332125,0.6498537106473291,0.0
3842,CVX,0.7072335477226233,0.6546542581454408,0.6497039634011763,0.0
3843,CVX,0.7069302963836188,0.651991364624112,0.6489934217453018,0.0
3844,CVX,0.706985639752987,0.6531722041208151,0.6486869492070543,0.0
3845,CVX,0.7070008023199366,0.6539154084680359,0.6486066457388641,0.0
3846,CVX,0.7072130782572401,0.6567122217272597,0.6491628559581282,0.0
3847,CVX,0.7086686846844632,0.6583375953004738,0.6499684016215947,0.0
3848,CVX,0.708850635487865,0.6555910014452323,0.6500035259737084,0.0
3849,CVX,0.7101394536786358,0.6576959372630989,0.650498590393326,0.0
3850,CVX,0.7103517185105428,0.6551604728369046,0.6503321673023147,0.1289371880013845
3851,CVX,0.7098513602793339,0.6416319388454456,0.6471978204401843,0.11430839592399143
3852,CVX,0.7089188559337458,0.6324422227438039,0.6426516702401079,0.06699037716365393
3853,CVX,0.7091766399317923,0.6228059294789386,0.636877007423915,0.07656710090331714
3854,CVX,0.7085701465082792,0.6207454422753103,0.6318001728398096,0.07876061994940871
3855,CVX,0.7085853238824233,0.627392479926779,0.629213302876631,0.08657123086362858
3856,CVX,0.7094041154540314,0.641816555788386,0.6303436848464025,0.21036974528837238
3857,CVX,0.7101091794444656,0.6534084158294474,0.633819561564003,0.0
3858,CVX,0.710458063631842,0.6616202986027618,0.6384220103267474,0.0
3859,CVX,0.7117317146284146,0.6701791177026022,0.6440026820652653,0.0
3860,CVX,0.7127930943149314,0.6761654144161817,0.6497952365146245,0.0
3861,CVX,0.7145216269472581,0.6877981947926298,0.6570099290992736,0.0
3862,CVX,0.7164321103829874,0.6975381210345744,0.6649424160569829,0.0
3863,CVX,0.7184487317873698,0.7046533505819726,0.6728668683466857,0.0
3864,CVX,0.7204198654908991,0.7123796286147229,0.6809204496327922,0.0
3865,CVX,0.722481974596132,0.7186069920709705,0.6887448106508246,0.0
3866,CVX,0.7225881125647833,0.7028033424873706,0.6914983729737226,0.0
3867,CVX,0.7236798118325023,0.7004962486031521,0.6931894105747306,0.18560295259018833
3868,CVX,0.7238920775898601,0.6842247837303596,0.6909325326920872,0.1270121307857271
3869,CVX,0.7233613840448028,0.6669897305495879,0.6853035572565717,0.08480266830596982
3870,CVX,0.7234296359559709,0.6559816223232725,0.6783583069262801,0.07843956092728993
3871,CVX,0.7258253243104571,0.6621740340092952,0.6741758488512564,0.10928586847474196
3872,CVX,0.7279556631160657,0.6651948571252353,0.6715000303676506,0.10522190683120797
3873,CVX,0.7308213873442098,0.6730834380458688,0.67110940076855,0.19724249495715418
3874,CVX,0.7333232044128515,0.680057459373532,0.6723440337804366,0.0
3875,CVX,0.7351123789839322,0.685033096719334,0.6744355497049953,0.0
3876,CVX,0.7361585896253509,0.689073476194752,0.6770050916984491,0.0
3877,CVX,0.7372502944457686,0.6925068420682201,0.6798223929261995,0.0
3878,CVX,0.7387057492473224,0.6980022383278661,0.6832953482165359,0.0
3879,CVX,0.7400097300050419,0.7023020398399603,0.6870275926237494,0.0
3880,CVX,0.7416927749365172,0.7088799887590254,0.6914726590130806,0.0
3881,CVX,0.7424357407170783,0.7099529835652973,0.6952667483386924,0.0
3882,CVX,0.7427238294891332,0.7060136222686203,0.697428100704946,0.0
3883,CVX,0.7443613867197589,0.7176035170053643,0.7017283177510427,0.0
3884,CVX,0.7407223613972072,0.668907591293191,0.6943656489760663,0.17317776669153864
3885,CVX,0.7362494096995853,0.6219770624800544,0.6780643122044254,0.15726762056357096
3886,CVX,0.7342934357866548,0.5941424882419194,0.6588483418134067,0.09709542456309025
3887,CVX,0.7327529323109863,0.5883547795432179,0.6421916037710755,0.10648640096006447
3888,CVX,0.7325027601362537,0.5852529579272769,0.6281780964235956,0.07505792175670585
3889,CVX,0.7330486134719116,0.5884823618429049,0.6176837106788062,0.09242450573770515
3890,CVX,0.7336778498204,0.5953470089821822,0.6108110748936678,0.14435666717678736
3891,CVX,0.7329803624861935,0.601202326042843,0.606611926426036,0.0
3892,CVX,0.7325539994325991,0.6077255482965986,0.6046997377966852,0.0
3893,CVX,0.7315684233263378,0.6126775571638448,0.6042685545994878,0.0
3894,CVX,0.730704157010174,0.6194135963666386,0.6054179501026646,0.0
3895,CVX,0.73044639337202,0.6317651786884446,0.6090775765946658,0.0
3896,CVX,0.7303099302694687,0.6435657342444925,0.614623146535599,0.0
3897,CVX,0.7303705805372687,0.6558307894159977,0.6217805171491246,0.0
3898,CVX,0.7296124521897571,0.6593873060091935,0.6282954013782321,0.0
3899,CVX,0.7293698511185536,0.6684487035100398,0.6355175149091823,0.0
3900,CVX,0.7285635058081406,0.6727561671835729,0.6422507857045339,0.0
3901,CVX,0.7282147630664859,0.6776463132170891,0.64872224622043,0.26397219179270537
3902,CVX,0.7269714409056132,0.6669307333749641,0.6515222399785293,0.12428356140340259
3903,CVX,0.723362752747807,0.6468588809065584,0.6493094382477254,0.10952118686932004
3904,CVX,0.7232717810479032,0.6140165004726303,0.6402533499453146,0.1269974323924344
3905,CVX,0.7229457914111714,0.5774697721624704,0.6249008493357973,0.14216977681786702
3906,CVX,0.7196251855472715,0.524350710883152,0.600834765484457,0.26976292644434047
3907,CVX,0.7160255797522597,0.4963876701986044,0.5753784980684794,0.2956933419448626
3908,CVX,0.7123031695659776,0.4755687734424154,0.5503949609726898,0.0
3909,CVX,0.7081789541318617,0.46161503541665594,0.5273125944365774,0.0
3910,CVX,0.7044034758867035,0.4604138650199671,0.5085802301566613,0.0
3911,CVX,0.7006279967160944,0.461487498528786,0.4938325166384615,0.0
3912,CVX,0.6962629969424619,0.45917767562966794,0.48152192815417805,0.0
3913,CVX,0.6920932910311466,0.46111461939237397,0.4721031544702178,0.0
3914,CVX,0.6875900086469269,0.4634364260366294,0.46508321170081723,0.0
3915,CVX,0.682980588294055,0.472904604147361,0.46156770499834254,0.0
3916,CVX,0.678052754035229,0.48064902671966436,0.46047334432687537,0.0
3917,CVX,0.673761747588312,0.49880766563590273,0.46362621980079677,0.0
3918,CVX,0.668090949399823,0.4931389130261622,0.4648909480069193,0.17534707661926577
3919,CVX,0.6620259170670311,0.4924006751783184,0.46573895779173186,0.13125996644731475
3920,CVX,0.6561910673077387,0.49364443333315267,0.4666932844597852,0.08216891797057266
3921,CVX,0.6488372362186192,0.4809662810842744,0.4646441885049867,0.10650974546705873
3922,CVX,0.6421808702529157,0.4666295811436372,0.45982441752320924,0.0919495458916982
3923,CVX,0.6365707251085766,0.45785633751435695,0.45402231946308463,0.0990118356650461
3924,CVX,0.6324010191972622,0.4523393038351431,0.4481567266002614,0.13962493735170112
3925,CVX,0.628921198976788,0.44685977615166195,0.4422486583318553,0.0
3926,CVX,0.6278143380675676,0.4464537078978816,0.4374321203828495,0.0
3927,CVX,0.6263890614014942,0.4570702823593139,0.4359341010435248,0.0
3928,CVX,0.6243724399971118,0.4602260712293699,0.43543577473455064,0.0
3929,CVX,0.6222496806240789,0.46402828690807696,0.43588060800834866,0.0
3930,CVX,0.6193687929035345,0.46812184974259874,0.43714460222856966,0.0
3931,CVX,0.6151839244252697,0.45848264312062276,0.4360174086412017,0.0
3932,CVX,0.6116965340267146,0.4557158078351228,0.4345018511762919,0.0
3933,CVX,0.608360769297664,0.4590519699586414,0.4340295088814928,0.0
3934,CVX,0.6049491917338612,0.46163462377411935,0.43422457830045247,0.0
3935,CVX,0.5993576814435331,0.44663041377981655,0.4310520572922587,0.12996376990155245
3936,CVX,0.5952561969035477,0.45238180364315306,0.4297899451416701,0.1089403121304687
3937,CVX,0.5896081333109873,0.4517792996096677,0.4286465942158508,0.06619810494479889
3938,CVX,0.5856355481736237,0.4509297157786376,0.427543439386079,0.05448867315874524
3939,CVX,0.581071623850649,0.447748689390569,0.4259552275971286,0.07815957094525366
3940,CVX,0.5776297146747984,0.46029917376204843,0.4274688932508274,0.0775108242138449
3941,CVX,0.5750444942334347,0.4665653239174735,0.43006992631439794,0.13503298636479047
3942,CVX,0.57324013951186,0.4760818650433092,0.43426192926687757,0.0
3943,CVX,0.5711476978691303,0.4826254932559635,0.43906718868947225,0.0
3944,CVX,0.5674783622198714,0.47096135480932755,0.44032379063906746,0.0
3945,CVX,0.5650371889408836,0.4743678219972948,0.44208477255097167,0.0
3946,CVX,0.5626566659296968,0.4812973635388177,0.44503082724962295,0.0
3947,CVX,0.5593057386336948,0.48627005184904437,0.44849082630116877,0.0
3948,CVX,0.5568797279216575,0.49514996427113084,0.4532287705249459,0.0
3949,CVX,0.5541353033036645,0.49943146652313253,0.4579689465190999,0.0
3950,CVX,0.5517092925916272,0.5071045162710668,0.46346329845494416,0.0
3951,CVX,0.5501323856288023,0.5094453241263333,0.46837807146398397,0.0
3952,CVX,0.5511786110774164,0.5452022358715907,0.48024230468969037,0.15194838731246219
3953,CVX,0.5514439606262931,0.5688541917704016,0.49498070831675756,0.11562274930852705
3954,CVX,0.5499096650668287,0.5657136051557912,0.5060747145674342,0.14995372888150701
3955,CVX,0.5516802121874962,0.5824811122389988,0.5186696709436898,0.10272375637903064
3956,CVX,0.5522184999723239,0.597615981139091,0.5321031983306677,0.06851166086944743
3957,CVX,0.5527567877571498,0.6027101153538224,0.5439801174371254,0.11250712223616167
3958,CVX,0.5531661604067128,0.6031431716280478,0.5535777231556491,0.1421936977324414
3959,CVX,0.5538939608439755,0.6028400262236956,0.5611885570933113,0.0
3960,CVX,0.5535300564608212,0.6035094979148321,0.5674257417440896,0.0
3961,CVX,0.5537044185771514,0.6049333622398538,0.5727313635690466,0.0
3962,CVX,0.5536740934432505,0.606760266049344,0.5773811465568446,0.0
3963,CVX,0.5533556795372965,0.6025261695682907,0.5801616689627668,0.0
3964,CVX,0.55491742393317,0.6023525855163244,0.5823475785085965,0.0
3965,CVX,0.5552206752721744,0.5990063402370983,0.5833539655922426,0.0
3966,CVX,0.5552813255399753,0.5964763930920398,0.583597824601765,0.0
3967,CVX,0.5555239266111798,0.5947866095750468,0.5834180454365344,0.0
3968,CVX,0.5567505782774536,0.6083586650712092,0.5862850854278358,0.0
3969,CVX,0.5596238763854764,0.6336817054330299,0.5941964525890036,0.1051631132580372
3970,CVX,0.5625047687332696,0.6563964115220404,0.605564641205702,0.08335602938179998
3971,CVX,0.5660073272514721,0.6758637537642073,0.6189778825714995,0.06398383522582352
3972,CVX,0.5657192347776192,0.6801966539518124,0.6306696985432273,0.05863650210518458
3973,CVX,0.5658481036404011,0.6824141737879705,0.6405150922167897,0.06922035398918716
3974,CVX,0.5680798717268774,0.685010641721876,0.64896741497369,0.07298299857022099
3975,CVX,0.5689896118621478,0.6899357230733509,0.6568218672089454,0.1358589784270817
3976,CVX,0.5696719208967593,0.691991130583389,0.6635614064346528,0.0
3977,CVX,0.5711275180694866,0.6945231993738211,0.6695147591444465,0.0
3978,CVX,0.5728105704045596,0.6944795627267027,0.6742677608345964,0.0
3979,CVX,0.574432965068234,0.69207485552494,0.6775366951139096,0.0
3980,CVX,0.5772986902218289,0.7041670484189816,0.6828344089397359,0.0
3981,CVX,0.580331203611876,0.7152828511100366,0.6895385412280879,0.0
3982,CVX,0.5831666036315699,0.7212124373740605,0.696217283310179,0.0
3983,CVX,0.5855926143436072,0.7142502674583994,0.7000157694355704,0.0
3984,CVX,0.5877153737166401,0.7072304448151918,0.7014972609508423,0.0
3985,CVX,0.5905810988702358,0.7057424906780004,0.7023523621928371,0.0
3986,CVX,0.5977150912475686,0.7518089298070725,0.713255952829356,0.22718441901142064
3987,CVX,0.6039014083833187,0.7756864926512972,0.7272758916703611,0.10438813326658533
3988,CVX,0.6083758818903338,0.7878342786707625,0.7411867420823186,0.10589846522835683
3989,CVX,0.6125835081007684,0.8069729174984652,0.7565611923856419,0.07409762672825004
3990,CVX,0.6159344224404748,0.8131614507382994,0.7702336344119962,0.07208899041347733
3991,CVX,0.6189517584563777,0.8141152045870694,0.7813831714946791,0.10356732887251506
3992,CVX,0.6230759785177407,0.8149079528181977,0.7904786666790983,0.18757484292172932
3993,CVX,0.6272002050572514,0.8128167512229849,0.7972911447276528,0.0
3994,CVX,0.6310060149144583,0.8069439070165754,0.8014382787342436,0.0
3995,CVX,0.6347815042650131,0.8035004219437384,0.8039920734346117,0.0
3996,CVX,0.6387389342390248,0.7997663503990685,0.8052067321620906,0.0
3997,CVX,0.6407858807773064,0.774889699748484,0.800659752336826,0.0
3998,CVX,0.6441519706402596,0.767401215226142,0.795360901809735,0.0
3999,CVX,0.64809423804732,0.7648603690706905,0.7905581528632589,0.0
4000,CVX,0.6506567118619087,0.7603842282270981,0.7857229539131918,0.0
4001,CVX,0.652476219895938,0.7494611484745229,0.7794315877292766,0.0
4002,CVX,0.654250240229115,0.7372189602787953,0.7716826529961931,0.0
4003,CVX,0.6596329551982469,0.7567215118729127,0.7698100066247642,0.15853081777537223
4004,CVX,0.6649550171232299,0.7692649934040049,0.771094571082487,0.10658266102594208
4005,CVX,0.67038322627136,0.7836000502666025,0.7753023523615068,0.06880721385614653
4006,CVX,0.6721953029447549,0.8002076263290951,0.7823528492087436,0.06777198584227702
4007,CVX,0.6760617621443128,0.8237282140778994,0.7932111206496724,0.07487909130497811
4008,CVX,0.6794733397081165,0.8298953072857287,0.8032658632685411,0.10020932241271531
4009,CVX,0.6818993365384092,0.8327028703066747,0.8119324951151123,0.11577117426040422
4010,CVX,0.6847650700210499,0.8307851264719194,0.8184403628554298,0.0
4011,CVX,0.6879340557681468,0.8286226294407701,0.823166922566781,0.0
4012,CVX,0.6916620696260525,0.8331419863767622,0.8279507573093803,0.0
4013,CVX,0.6953920610958102,0.8337851023206543,0.8319204957703135,0.0
4014,CVX,0.6987278258248626,0.8253492290874277,0.8332248484708411,0.0
4015,CVX,0.7020181028530637,0.8191725780756225,0.832898084834768,0.0
4016,CVX,0.7052174044795629,0.8120878421276102,0.831064975989036,0.0
4017,CVX,0.7099329628010871,0.8016238613328053,0.8272771297048014,0.0
4018,CVX,0.7126622248521288,0.7826191841314175,0.8200308011311667,0.0
4019,CVX,0.7151185606980661,0.7677901707228081,0.8109440278368656,0.0
4020,CVX,0.7169380613284977,0.7464382114253865,0.7989378299308604,0.10813982610359715
4021,CVX,0.7199705858239405,0.7361950753573361,0.7870605052195874,0.07212328666449361
4022,CVX,0.7238370339181035,0.7340846252563087,0.7770904572084103,0.06164117071837965
4023,CVX,0.7255807198628839,0.7375112855671486,0.7698745988514046,0.076495338159594
4024,CVX,0.727551858193662,0.7402555103296624,0.7647106987782031,0.06546491450290466
4025,CVX,0.728673873340786,0.7376236389621896,0.7599957169033756,0.06533334947274558
4026,CVX,0.7301444822321708,0.745411336765388,0.7579513763941101,0.15524932942183148
4027,CVX,0.730405587187752,0.7489432914419919,0.7570994428396745,0.0
4028,CVX,0.7315731048429202,0.7505711195453602,0.7567790180041193,0.0
4029,CVX,0.7324677046220307,0.7476342669683919,0.7558711584220268,0.0
4030,CVX,0.7335745720093971,0.7445902160514161,0.7544695698586121,0.0
4031,CVX,0.7343327003569096,0.7385765653470872,0.7520142136623674,0.0
4032,CVX,0.7345014597270652,0.7344276167869934,0.7491295141775833,0.0
4033,CVX,0.7350321495703236,0.7335047236788216,0.7466170173624674,0.0
4034,CVX,0.7352595880745767,0.7215490665874968,0.7419547429981103,0.0
4035,CVX,0.7352595880745767,0.7112209204744012,0.7359336982504122,0.0
4036,CVX,0.7352444255076263,0.7019420244681961,0.729058405818664,0.0
4037,CVX,0.7368365061427982,0.7092232663558375,0.7251734632456834,0.19366617412638945
4038,CVX,0.7388114388171125,0.7095120163365306,0.7221295663028016,0.13005613921626438
4039,CVX,0.7409472470301104,0.712454686330359,0.7203472590144169,0.08256707150653055
4040,CVX,0.7442522359312864,0.7189031081596088,0.7203519493899266,0.08220551985190937
4041,CVX,0.7464508035118218,0.7182196188881357,0.7202040744898668,0.14712918763709493
4042,CVX,0.7483991989176246,0.7209694731178562,0.7206958100392096,0.12713029433964873
4043,CVX,0.7503248513984522,0.7280958613281541,0.7226701366716771,0.16536254451667792
4044,CVX,0.7517046394382261,0.7276617252368097,0.7241532879945982,0.0
4045,CVX,0.7538122408715564,0.7309288794246914,0.7260646038137026,0.0
4046,CVX,0.754449074236164,0.7267517223068882,0.7266669840746692,0.0
4047,CVX,0.7555829309927029,0.726753115564569,0.727149197367682,0.0
4048,CVX,0.7572356507902782,0.7317461109873349,0.7286426282822164,0.0
4049,CVX,0.7590096711234562,0.7330345755352764,0.7301232096472193,0.0
4050,CVX,0.7601923513455748,0.7267678189606672,0.7299174396688567,0.0
4051,CVX,0.7617540957414484,0.7227269231902931,0.7288563798960208,0.0
4052,CVX,0.7634371406729246,0.7216784630610836,0.727774938706021,0.0
4053,CVX,0.7630732390661192,0.7001393793750269,0.7221314942778201,0.0
4054,CVX,0.7647866119078444,0.6959459022009238,0.7166864458533186,0.3109515710997309
4055,CVX,0.7675765140467421,0.704187420841768,0.7141587290073733,0.1675785434583936
4056,CVX,0.771564265452855,0.7231084523191673,0.7163340508719771,0.14104030616465024
4057,CVX,0.773323105635539,0.7269902566636786,0.7189354588602185,0.1042711225278239
4058,CVX,0.7758514571963433,0.7331312445883942,0.7223789194468163,0.11700756851973057
4059,CVX,0.7796745359438875,0.7550582941785206,0.7299980468499226,0.17130516256567083
4060,CVX,0.7827075120587557,0.7669436325519179,0.7387300259806463,0.21164663218020113
4061,CVX,0.7852093291273974,0.7639546620397222,0.7450525275808589,0.0
4062,CVX,0.7876884097492107,0.764119440601295,0.7501470838049485,0.0
4063,CVX,0.7888104387780794,0.7533541922660435,0.7518345355300746,0.0
4064,CVX,0.7911303115214645,0.7521853760783233,0.7529252034087233,0.0
4065,CVX,0.7937231104699549,0.7576895394218501,0.7550187969345569,0.0
4066,CVX,0.7975744024753144,0.7692180076302579,0.7592511798728765,0.0
4067,CVX,0.7988025703982844,0.7513220589911755,0.7586669981693215,0.0
4068,CVX,0.799500048477995,0.7360005449428955,0.7548006846309284,0.0
4069,CVX,0.8006069158653606,0.7259627272255519,0.7494808158195823,0.0
4070,CVX,0.8030026014434988,0.7255042062575374,0.745123201177181,0.0
4071,CVX,0.8045946820786689,0.71692397582039,0.739733646783081,0.36657173233822327
4072,CVX,0.8052618340990305,0.7019063184769487,0.7320904435263285,0.15528477848800798
4073,CVX,0.8086582389159362,0.7005687760383449,0.72567915670895,0.11379942803075825
4074,CVX,0.811251024908132,0.7030933197856292,0.7211101792073387,0.11016258440408246
4075,CVX,0.8127900245281312,0.704578045537565,0.7177843729821215,0.10668021800887494
4076,CVX,0.8142228982103239,0.7169985006416824,0.7178791170249712,0.1380222360752177
4077,CVX,0.8167398898767608,0.7281392758355811,0.7204264134578715,0.248516975347336
4078,CVX,0.8187565094302434,0.734285490975608,0.7238277444204817,0.0
4079,CVX,0.8194691519278035,0.741430228980767,0.7281338181541518,0.0
4080,CVX,0.8205305269870715,0.745840213927382,0.7325570007219664,0.0
4081,CVX,0.8223803601549999,0.7461677223253375,0.7361682021690447,0.0
4082,CVX,0.8228200745965575,0.7331578093420098,0.7361710072942389,0.0
4083,CVX,0.8245486072288832,0.7270248609435644,0.7348127007097223,0.0
4084,CVX,0.8259890510891568,0.7265215214123766,0.7336143931714867,0.0
4085,CVX,0.8270504307756728,0.7285449726473663,0.733104635307618,0.0
4086,CVX,0.8265955537671656,0.7205002688900718,0.7309121690954082,0.0
4087,CVX,0.8283847366672941,0.7132482121149981,0.7275493792614536,0.0
4088,CVX,0.8310836828389316,0.7170068745054108,0.7256929797301405,0.1808128614976164
4089,CVX,0.8331306386317099,0.7147477174991568,0.7237066823008841,0.138657293126599
4090,CVX,0.8359510241563965,0.7292738754891781,0.7253401684869805,0.10226046878652081
4091,CVX,0.8390138460222509,0.735137472677423,0.7279477544833478,0.06300552746048942
4092,CVX,0.8423344518861509,0.7341491764692738,0.7298145768437692,0.0714841947600516
4093,CVX,0.8445027109908789,0.7303804830214096,0.7304719770779915,0.10056179564794984
4094,CVX,0.8464738493216588,0.7284272878787973,0.7305645949096454,0.1127940291091592
4095,CVX,0.8484829005479604,0.7265446371034361,0.7302210365819573,0.0
4096,CVX,0.8488847011685445,0.7178673478787325,0.728021195442638,0.0
4097,CVX,0.8497186432762573,0.7173645455633155,0.726149779438032,0.0
4098,CVX,0.8502493331195149,0.7110754281290729,0.7232574509673968,0.0
4099,CVX,0.8505222593246193,0.7058215838206566,0.7197780604533998,0.0
4100,CVX,0.8502038454186645,0.6942238587487266,0.7144216757853196,0.0
4101,CVX,0.8502948208203653,0.68723606210641,0.7085863754047763,0.0
4102,CVX,0.8517959149484398,0.6851421432718181,0.7034536142012625,0.0
4103,CVX,0.8533728219112637,0.6889677115259198,0.7001960801610543,0.0
4104,CVX,0.8541157876918248,0.687252290765835,0.6972094991172455,0.0
4105,CVX,0.8523721017470436,0.6606013929374618,0.6889079234437916,0.13346299621847807
4106,CVX,0.8503782204912893,0.6280307588317569,0.675041100964225,0.131441534835048
4107,CVX,0.8477247712749989,0.5951445162824701,0.6566520655666047,0.07482966435498406
4108,CVX,0.8433882762017815,0.5610974578192133,0.6343877411365315,0.08414325803432911
4109,CVX,0.8397037604020294,0.5383817012771429,0.6115369536692197,0.06737801126127489
4110,CVX,0.8332355614849805,0.5073530708008845,0.5863728442176022,0.08687427714886907
4111,CVX,0.8251539105241559,0.4617751931297602,0.5561304308742836,0.23302659803958017
4112,CVX,0.817481648870988,0.4282371142923028,0.5244963175728756,0.0
4113,CVX,0.8099458512458213,0.40399868474058853,0.49381190490503857,0.0
4114,CVX,0.8022129476539002,0.38749430911981775,0.4656029972257343,0.0
4115,CVX,0.794434550808429,0.3775810265173863,0.44083668032511697,0.0
4116,CVX,0.7862164395214011,0.36160703247419057,0.417479910614556,0.0
4117,CVX,0.7764669089723997,0.3420973526127477,0.3944664120760081,0.0
4118,CVX,0.7686430244260798,0.34700973377994193,0.37714538982996715,0.0
4119,CVX,0.7606675142102555,0.3529630641526452,0.36460927574502494,0.0
4120,CVX,0.7530255804673365,0.3579462837854665,0.3556858760681997,0.0
4121,CVX,0.7451410456532148,0.3650329588414426,0.35011928444082896,0.0
4122,CVX,0.7366120906383111,0.37033699585990093,0.3468426737697184,0.11172594586322367
4123,CVX,0.7262863843960998,0.3631901267969315,0.3426359035093331,0.12537398044306722
4124,CVX,0.7162108651358174,0.3594250958774056,0.33843524215259496,0.11596600002247989
4125,CVX,0.7075833608393349,0.3513094141183746,0.3332743071846719,0.09357227733159028
4126,CVX,0.7007947712558931,0.35761913368608134,0.3305453253130627,0.0729115240302879
4127,CVX,0.6954272327354563,0.3743759498891535,0.332079519496288,0.12249453637665007
4128,CVX,0.6898928819168759,0.3798490267556777,0.33452103775346764,0.3056734068887046
4129,CVX,0.6841462718190847,0.38775708209714116,0.33822859780780173,0.0
4130,CVX,0.6799095503973254,0.3995440909257262,0.3438095093541206,0.0
4131,CVX,0.6774380603134835,0.408738800946715,0.3503140191667938,0.0
4132,CVX,0.675194000404848,0.4212947646512828,0.3583030776526001,0.0
4133,CVX,0.6739658324818798,0.4447584438794998,0.3698995736566092,0.0
4134,CVX,0.6727983148267116,0.46585014663427254,0.38385581368006905,0.0
4135,CVX,0.6717217725732443,0.4855302319835467,0.3993866917061522,0.0
4136,CVX,0.6714336838011903,0.5004444247762561,0.4151200009988123,0.0
4137,CVX,0.6721463244478514,0.5148903438801288,0.43091137214013364,0.0
4138,CVX,0.6712517329977867,0.5262280185098566,0.44605965098166983,0.0
4139,CVX,0.6712820618334856,0.5456518116181557,0.46248730346384076,0.2709467235119822
4140,CVX,0.6713882109075335,0.5598519258194332,0.4787796190993181,0.13185553957945878
4141,CVX,0.6712766248168336,0.5693920908833678,0.49392988891082135,0.10302968470217164
4142,CVX,0.6726185267991234,0.590756619396883,0.5107896724211715,0.1002054316615496
4143,CVX,0.6750748552414647,0.6063066141636143,0.5277271542162579,0.15158208029530512
4144,CVX,0.6775084407588299,0.6172958048876691,0.5437150129217965,0.14640349049374207
4145,CVX,0.6799951008132199,0.6184023026151768,0.5567507684835384,0.1729634871736344
4146,CVX,0.6821060421943113,0.6246369227968294,0.5685624787746456,0.0
4147,CVX,0.6834858256068364,0.6300083953195506,0.5792034697220381,0.0
4148,CVX,0.6850475755554086,0.6257097091219136,0.5867626297295334,0.0
4149,CVX,0.6863667188800795,0.6204114106725155,0.5916345681651963,0.0
4150,CVX,0.6876858622047495,0.6192002297381705,0.5952634270966061,0.0
4151,CVX,0.6885198033870124,0.6102109289467285,0.5961723022327726,0.0
4152,CVX,0.6894447199709779,0.6072548768747038,0.5962436233575653,0.0
4153,CVX,0.6908093509964992,0.6214277563699615,0.5994448320826349,0.0
4154,CVX,0.691992031218617,0.6311656270102273,0.6041660759321682,0.0
4155,CVX,0.6928411349678303,0.636287107720241,0.6090792348328227,0.0
4156,CVX,0.6889595270830666,0.5844809236910282,0.6015169310061531,0.24224911932126852
4157,CVX,0.6848049920677486,0.5426032668822458,0.586176829664136,0.2338576336681973
4158,CVX,0.6820757392712027,0.5256445325705106,0.5701425748235212,0.13530649176155055
4159,CVX,0.678884025406326,0.5176660261809224,0.5555451964419064,0.19704723688939343
4160,CVX,0.6759609695727997,0.5137597579004454,0.5430007160910464,0.1608527316099323
4161,CVX,0.6747989055923771,0.529590225674269,0.5364770077253448,0.20429224786563477
4162,CVX,0.6729945564235011,0.5490599427853554,0.5355772583528859,0.27620990112592575
4163,CVX,0.6713115170447228,0.564974939364354,0.5383880868800296,0.0
4164,CVX,0.6698559106174997,0.5792977910178126,0.5438141717763391,0.0
4165,CVX,0.668961314540188,0.58980505727884,0.5504860014717534,0.0
4166,CVX,0.6678999348536712,0.6018412913953644,0.5584936175763847,0.0
4167,CVX,0.6680363979562234,0.6255887848226248,0.5701679218231421,0.0
4168,CVX,0.6683093241613287,0.6372836744440379,0.5821017927369464,0.0
4169,CVX,0.6696891177537978,0.6569241808975229,0.5960059951806953,0.0
4170,CVX,0.6704017584004598,0.6672774196686502,0.6094261490184048,0.0
4171,CVX,0.6718725273946333,0.6753897985293218,0.6219619452467556,0.0
4172,CVX,0.6731461830184529,0.6828565466634513,0.6336470268342431,0.0
4173,CVX,0.6760119016938999,0.722370969473606,0.6517610838452373,0.23732991293075298
4174,CVX,0.6784227442862889,0.7456595110545315,0.671418725636491,0.1592510390467141
4175,CVX,0.6827639452709411,0.7819626068179427,0.6951984209012183,0.08711564782303825
4176,CVX,0.6896174088743532,0.7813887243728608,0.7140948654020822,0.1383535263318834
4177,CVX,0.6967513994007888,0.7805845681015344,0.7290336246924745,0.06951907721757686
4178,CVX,0.7020886063091769,0.7727374425931396,0.7392438035233508,0.09996146715326994
4179,CVX,0.7073424302047355,0.7681371094908443,0.7463913956319026,0.16273772849877238
4180,CVX,0.7122517712033467,0.7601204087881922,0.7503310216747742,0.0
4181,CVX,0.7158604565848048,0.7551873001840252,0.7523883476908091,0.0
4182,CVX,0.7194994726528616,0.7561619791039027,0.7542504340424188,0.0
4183,CVX,0.7233052769573707,0.7571160314944,0.7559517528146502,0.0
4184,CVX,0.7264287657491186,0.7497974910421588,0.7556892420405527,0.0
4185,CVX,0.7296129048086692,0.7420933641485451,0.7537701280385255,0.0
4186,CVX,0.7329486695377199,0.73984375847794,0.7517357779281153,0.0
4187,CVX,0.7348439904064996,0.7345066270700403,0.7489242934556897,0.0
4188,CVX,0.7377097155600945,0.7331672685762184,0.7463779787869274,0.0
4189,CVX,0.7391501594203662,0.7253555116177612,0.7426079447100125,0.0
4190,CVX,0.7414093744923544,0.7226968937737506,0.7390021221179236,0.1483181723729576
4191,CVX,0.7435624701046839,0.7187809693059508,0.735248744242674,0.08693364712961994
4192,CVX,0.7462689790508046,0.7225991774233863,0.7330930840714629,0.07945720850996622
4193,CVX,0.7459505781011435,0.7245317926285666,0.7317972927784699,0.05716378073801497
4194,CVX,0.7458444521633378,0.7207562178205035,0.7299230755094774,0.06887897659986968
4195,CVX,0.7437624681015729,0.7137537820705144,0.7268702614669966,0.08459256774302136
4196,CVX,0.7441567096494737,0.7080824768719161,0.7231698717864383,0.18869811719345997
4197,CVX,0.7443613931979067,0.7019724373065646,0.7188540915178931,0.0
4198,CVX,0.7451650166498665,0.6976497639643215,0.7144425131763775,0.0
4199,CVX,0.7458018398345274,0.6947767100087546,0.710275884056818,0.0
4200,CVX,0.7465902933159398,0.6906671840746901,0.7060309118606647,0.0
4201,CVX,0.7456198890311256,0.6696599718678127,0.6979746345065103,0.0
4202,CVX,0.744437208809007,0.6566106952632271,0.688634724053222,0.0
4203,CVX,0.7436184301936937,0.6518345857091771,0.6801032499873405,0.0
4204,CVX,0.7433909916894406,0.6479259082463927,0.6724109586292243,0.0
4205,CVX,0.7429512772478839,0.6416493011296304,0.6648647052001285,0.0
4206,CVX,0.7421931489003715,0.6380553517932037,0.658030410532532,0.0
4207,CVX,0.7416321283705152,0.6350580511298841,0.6518980451097128,0.17166858754492736
4208,CVX,0.7414198570604604,0.6406363233300288,0.6482296525135258,0.11663679434382769
4209,CVX,0.7411014339000088,0.6380962114248451,0.644731432799937,0.14516234087187987
4210,CVX,0.7407527013383008,0.6402188210369871,0.6424037427716924,0.06660303126982302
4211,CVX,0.7400248814665957,0.6366939689002921,0.6397596275437379,0.06259281963313386
4212,CVX,0.7395472800421068,0.6445888572891144,0.6393957598158088,0.06614104059436844
4213,CVX,0.7387739743204493,0.6472543125483533,0.6396959777956287,0.13247748335839266
4214,CVX,0.7382314511968238,0.6475481792528784,0.640001344403529,0.0
4215,CVX,0.7382314567495207,0.6507148462222259,0.6409481400807654,0.0
4216,CVX,0.7382162867789743,0.6535572498870813,0.6423361435213913,0.0
4217,CVX,0.738170799078123,0.6543953840273864,0.6436324803311113,0.0
4218,CVX,0.7382162867789743,0.6570893201723325,0.6452671802215955,0.0
4219,CVX,0.7390047402603859,0.6685931796776702,0.6491269889870801,0.0
4220,CVX,0.7395051049697434,0.6727821375658387,0.6531441263101861,0.0
4221,CVX,0.7419311156817807,0.680296782337908,0.658024906299621,0.0
4222,CVX,0.7434018846759542,0.6786501751780007,0.6615642422839575,0.0
4223,CVX,0.7438567616844614,0.6710471912464534,0.6627090435305357,0.0
4224,CVX,0.7465253836476489,0.6897851396232029,0.6677817641943219,0.09523333987555936
4225,CVX,0.7490878676421842,0.6995721096419314,0.674011109940344,0.06475694189264004
4226,CVX,0.7513942362243808,0.7050018658569852,0.6801991390714477,0.054373679846514186
4227,CVX,0.7549119628622307,0.7220354339470554,0.6889283374811771,0.0713857731657486
4228,CVX,0.7577018696283764,0.7340704627012279,0.6985815811562541,0.09512944240924534
4229,CVX,0.7621748453876886,0.7545924169322359,0.7108568246864921,0.11597954560061237
4230,CVX,0.7668600730226132,0.7758606872082219,0.7253952329711312,0.2047561118657247
4231,CVX,0.7720001887714414,0.7909438211652315,0.7403720448581628,0.0
4232,CVX,0.7761698845028091,0.8006655246362799,0.7545101846665464,0.0
4233,CVX,0.7807489880508269,0.8076219310253466,0.767363925456432,0.0
4234,CVX,0.7858402747813766,0.8152528213529485,0.7793397764633607,0.0
4235,CVX,0.7903283945986468,0.8154231967377158,0.7889582538279707,0.0
4236,CVX,0.7954381796608763,0.8210841428214747,0.7979088760707861,0.0
4237,CVX,0.8003356887858022,0.8198164432918447,0.8047881438022788,0.0
4238,CVX,0.805384823580229,0.8206931944893017,0.8104860589622878,0.0
4239,CVX,0.8101214578698146,0.8253684646253132,0.8160815662907563,0.0
4240,CVX,0.8140485627099254,0.8132493074266218,0.8178694239132579,0.0
4241,CVX,0.8175056261236797,0.801060894974257,0.8165957979888894,0.17011790705254848
4242,CVX,0.8218572930183425,0.792736494296143,0.8137301885692818,0.08196011432467944
4243,CVX,0.8259818138508406,0.7760280675309397,0.8077310562033616,0.05538325772306901
4244,CVX,0.8276951681835731,0.7591187342118237,0.7991805358000806,0.0731556326404626
4245,CVX,0.8302576225637202,0.7498065739772773,0.790274283413011,0.06354735058578861
4246,CVX,0.833576562618263,0.7482706662227057,0.7828085513665086,0.07638697353453416
4247,CVX,0.8356689811247513,0.745457983334765,0.7762119921720007,0.14627293417684817
4248,CVX,0.8377310911554332,0.7413336551383577,0.7700197921399855,0.0
4249,CVX,0.8387193780147522,0.73694662102051,0.7640928000105079,0.0
4250,CVX,0.8392349117692088,0.7335443936747635,0.7585964465333335,0.0
4251,CVX,0.8391590989344566,0.7230814361963362,0.7518782315593553,0.0
4252,CVX,0.839947552415869,0.7233533587544001,0.7465639836524649,0.0
4253,CVX,0.8413121834413912,0.7303148760135374,0.7438569480800579,0.0
4254,CVX,0.8423129128601063,0.7347079826316941,0.7426658988667066,0.0
4255,CVX,0.8433742925466223,0.733946652793328,0.7415441639232024,0.0
4256,CVX,0.8435562433500259,0.7298427529427033,0.7397363551742165,0.0
4257,CVX,0.8441779085949861,0.7269460135519629,0.7376474872844971,0.0
4258,CVX,0.8440869285660355,0.7195309739565183,0.7343314195369415,0.11601240083267839
4259,CVX,0.8412304461001341,0.6875312412328134,0.7245796537815137,0.0992052204081715
4260,CVX,0.8402145448599718,0.6691015483871668,0.7126897457928314,0.07062044800126348
4261,CVX,0.8382737381412406,0.6431330868145864,0.6974169021599583,0.07294913462488979
4262,CVX,0.8356505974007566,0.6180816762012397,0.6796411512001146,0.24240489346979205
4263,CVX,0.8341643715466471,0.6031389526885437,0.6621056142245231,0.11623302083396378
4264,CVX,0.8333304257371363,0.5969731807229746,0.6467093522860582,0.12207015629579737
4265,CVX,0.83190515369831,0.5912267929317134,0.6331175477531903,0.0
4266,CVX,0.829843048294876,0.5870768305626852,0.6213234646928556,0.0
4267,CVX,0.828114525842496,0.5878323543987808,0.6120558057973834,0.0
4268,CVX,0.8265982691474729,0.5907047729110854,0.6052789041588152,0.0
4269,CVX,0.825306721694651,0.596061905530992,0.6010458243577149,0.0
4270,CVX,0.8241998543072837,0.6039918315440492,0.5994185578173041,0.0
4271,CVX,0.8241543666064333,0.6159084993654571,0.6007603720069077,0.0
4272,CVX,0.8223955088402057,0.61552423774668,0.6017485776701298,0.0
4273,CVX,0.8200453109629198,0.6165009549331363,0.6027558199143338,0.0
4274,CVX,0.8165882456982656,0.6049620177688654,0.6010017831291534,0.0
4275,CVX,0.812744529423683,0.5888163872469325,0.5960167611872085,0.1489059640027702
4276,CVX,0.8093481070232329,0.5793807293452339,0.5899355104961063,0.09061588285322905
4277,CVX,0.8047083689400578,0.5599353562197561,0.5807566931620041,0.07088199294073637
4278,CVX,0.8008116012646926,0.5498755131875123,0.5711819351557014,0.04131358099837828
4279,CVX,0.7990603266328407,0.5420441451911806,0.5617847958404347,0.06241254816245586
4280,CVX,0.7969391035062143,0.5400164659088187,0.5538172582594687,0.07659347155010697
4281,CVX,0.7959080600589941,0.5407207010271944,0.5475994577127397,0.10474896441173139
4282,CVX,0.7954832114111969,0.5446016070466423,0.5434861684849321,0.0
4283,CVX,0.7945161345620635,0.5470209226766147,0.5407322449506816,0.0
4284,CVX,0.7931060260156384,0.5500781346467508,0.5392073267064205,0.0
4285,CVX,0.7924085479359269,0.5601658101307304,0.5402252706801443,0.0
4286,CVX,0.7919536709274198,0.5715239442273623,0.5435593465738265,0.0
4287,CVX,0.7911500548790578,0.580655929431104,0.5482524728128513,0.0
4288,CVX,0.7905132270671471,0.5920624927116843,0.5545374381864362,0.0
4289,CVX,0.7884207928280151,0.5875993283707583,0.5585752894366107,0.0
4290,CVX,0.7861615703524301,0.5860421216394301,0.5614601152744305,0.0
4291,CVX,0.7834323083013883,0.5854051482579309,0.5636266679613131,0.0
4292,CVX,0.7774241383710079,0.5383850319288739,0.5549288340102809,0.2096832438604667
4293,CVX,0.7738002931989483,0.5307156897304864,0.5462691782022516,0.13156056300033978
4294,CVX,0.771745762600843,0.531159747347515,0.539439964558307,0.09767658750573165
4295,CVX,0.7714790480137426,0.5454984037157682,0.5371575218805469,0.09873472772091037
4296,CVX,0.769856665380912,0.5450812184969624,0.5352390181849745,0.11571180427965336
4297,CVX,0.7690682054213527,0.5425403058175193,0.5331405319458424,0.11725369455643563
4298,CVX,0.7686133237855968,0.5497021683692187,0.5330505508761412,0.1633402185218777
4299,CVX,0.7681205449869628,0.5549362136819302,0.5341397014924508,0.0
4300,CVX,0.7674821901831432,0.5613487651087365,0.5364336005997989,0.0
4301,CVX,0.7667695384310855,0.5675808750194118,0.5396512688417505,0.0
4302,CVX,0.7658904127993109,0.5736005921762968,0.5435608345798829,0.0
4303,CVX,0.7640372438666532,0.5663298338864564,0.5450755215090709,0.0
4304,CVX,0.7614141197842628,0.5528519476098448,0.543297298495955,0.0
4305,CVX,0.7570473005025944,0.5301981759812816,0.5368491430714019,0.0
4306,CVX,0.752362067314972,0.51263825812131,0.5277950766996063,0.0
4307,CVX,0.7479497603324532,0.5028767968858985,0.5183863133280895,0.0
4308,CVX,0.7437345667202884,0.5026003468133525,0.5107979741619172,0.0
4309,CVX,0.7403943940745874,0.49991678217626956,0.5041319732310212,0.13871493388460954
4310,CVX,0.7363763092055269,0.49307275399660405,0.4972808738441506,0.0790403217276549
4311,CVX,0.7330708668340264,0.497426962544667,0.49276594432092397,0.062046097043403775
4312,CVX,0.7336129258261481,0.4989097265116492,0.4894829412704707,0.04662877939642633
4313,CVX,0.7307699445229785,0.49134066551345434,0.48517739684906214,0.11005104953733204
4314,CVX,0.7284804052425402,0.4985821649091061,0.48333943609709784,0.08677974630573176
4315,CVX,0.7248579177051075,0.5035162278431007,0.4829636540250272,0.14913306858933179
4316,CVX,0.7222347889954674,0.5075313179115121,0.4835537473473285,0.0
4317,CVX,0.719930077893582,0.5124983791476241,0.48512772897169687,0.0
4318,CVX,0.7167944562719244,0.5164712135405645,0.48726825913213545,0.0
4319,CVX,0.7137771054488287,0.520925367822801,0.4899688054921797,0.0
4320,CVX,0.710532316121478,0.5245377439803052,0.4929306223628382,0.0
4321,CVX,0.7076362658339832,0.5329464807252106,0.49716549389197195,0.0
4322,CVX,0.7048160283812388,0.541925138755175,0.5025452421038183,0.0
4323,CVX,0.702860057244659,0.5471252153889606,0.5080026404371932,0.0
4324,CVX,0.7022838797005502,0.5592689899483754,0.5150625685293602,0.0
4325,CVX,0.7025264807717537,0.5658922955022951,0.5221798439113018,0.0
4326,CVX,0.7037773842161021,0.5822869300094253,0.5315106964816755,0.11322907273024384
4327,CVX,0.7051420161670725,0.5996227948416439,0.5428212160103449,0.08478379095772136
4328,CVX,0.7060366066916863,0.6141486465335716,0.5550920878127434,0.09285998166447487
4329,CVX,0.7076482541086584,0.6299149320681445,0.5684064227994743,0.0510531398794213
4330,CVX,0.7104684924868518,0.6497370420551589,0.5834552839450307,0.05993341916042201
4331,CVX,0.712409299205583,0.6632347595512439,0.5984887448319725,0.09464079288321088
4332,CVX,0.7146609413231415,0.6735132665426471,0.6127957267140524,0.15015936228570967
4333,CVX,0.7177465153684679,0.6802936059960454,0.6257454819740171,0.0
4334,CVX,0.7196494119680237,0.6832251996392688,0.6367556392388448,0.0
4335,CVX,0.721863155997255,0.6862000706931168,0.646223718891204,0.0
4336,CVX,0.7242436790084428,0.6884878168803394,0.6543057027223703,0.0
4337,CVX,0.7272155421306881,0.6967388812438284,0.6626017293311717,0.0
4338,CVX,0.7302905107081958,0.7023531667075865,0.6704840396449258,0.0
4339,CVX,0.7333685117990933,0.7060094017972409,0.6776009974685795,0.0
4340,CVX,0.7361432615509864,0.7034517578028857,0.6827271687224264,0.0
4341,CVX,0.738584434829975,0.7012083120052368,0.6863304133404207,0.0
4342,CVX,0.7406920316360583,0.6961445141955629,0.6880896417521662,0.0
4343,CVX,0.7420978997722196,0.6806350293596617,0.6860563563328228,0.12682494242408784
4344,CVX,0.7432426809805595,0.6720739313212565,0.6825305097028245,0.06822014273580906
4345,CVX,0.7440766249391713,0.6576683504959809,0.6765140574498804,0.05536236294829019
4346,CVX,0.7435080286785372,0.640651567974223,0.6679258443008087,0.05281147120253319
4347,CVX,0.7427726432560009,0.6292556545937631,0.6585271720032652,0.06392547395833784
4348,CVX,0.7413322040229771,0.6129453340285046,0.6473899063446492,0.06543076235378341
4349,CVX,0.7395733407040526,0.6009583904467704,0.6358208762216345,0.1405118845155885
4350,CVX,0.737116856934243,0.5914628985470372,0.6244591452416787,0.0
4351,CVX,0.7346908508494536,0.5830003710512608,0.6134924093322174,0.0
4352,CVX,0.7322648447646642,0.5769879098980415,0.6033851991525307,0.0
4353,CVX,0.7299904597221287,0.5738224469746751,0.594597195726844,0.0
4354,CVX,0.7277160746795941,0.5701750918500208,0.5867576533702905,0.0
4355,CVX,0.7260785174489683,0.5764987012366795,0.5818888669446478,0.0
4356,CVX,0.7235615313352293,0.5726968757913379,0.577150430053634,0.0
4357,CVX,0.7199376778341229,0.5649563405349904,0.5716424982235184,0.0
4358,CVX,0.7164008574673115,0.5605294218509902,0.5662540725501696,0.0
4359,CVX,0.7127011911314538,0.5560898976021037,0.5609584553479314,0.0
4360,CVX,0.7101917946302363,0.5623829273139859,0.5581180251638702,0.10419330750450967
4361,CVX,0.7074018924913394,0.5655034367271405,0.5565379436842264,0.07490445323850276
4362,CVX,0.7033231721616717,0.5515871496196234,0.5521866498590599,0.08421992024248313
4363,CVX,0.7001129493039357,0.540628870122854,0.546274598963878,0.042221855242729554
4364,CVX,0.6968454179770589,0.5365797735450846,0.5406466951671912,0.0645250819435426
4365,CVX,0.6945407013224756,0.5381614240377969,0.5364952499655852,0.05919518515220186
4366,CVX,0.6922966478919887,0.5357194291865153,0.5326323547334614,0.10098949007238814
4367,CVX,0.6896659425261227,0.5325577896669107,0.5288406514605704,0.0
4368,CVX,0.6878009430894458,0.5324757676156504,0.5257890928375384,0.0
4369,CVX,0.6857843198341644,0.5324025309786178,0.5233315989156285,0.0
4370,CVX,0.683828500323254,0.5337112721171926,0.5216559386279093,0.0
4371,CVX,0.6814783024459681,0.5299036748988988,0.5194707222207359,0.0
4372,CVX,0.6794616810415874,0.5319225444758917,0.5181704208536994,0.0
4373,CVX,0.6773692468024546,0.534704087599923,0.5177472451837422,0.0
4374,CVX,0.6757316895718288,0.5413153360071662,0.5188753627643344,0.0
4375,CVX,0.6732601911589393,0.5465571613658445,0.5209407182483645,0.0
4376,CVX,0.6708645055808029,0.5431079109679341,0.5218278111346015,0.0
4377,CVX,0.6661553143528236,0.5097702184276884,0.515141757081925,0.17273969693065844
4378,CVX,0.6615043476410589,0.4865770963032725,0.5046476857804616,0.08722646218031355
4379,CVX,0.6578046868578991,0.4790551751835378,0.4945837444027166,0.08400261458478335
4380,CVX,0.6531982843963133,0.4735382880181594,0.48530870938884224,0.06049267861501939
4381,CVX,0.647406172715927,0.45498513631195614,0.4737727975292666,0.07413624603611711
4382,CVX,0.643115163492662,0.4423540903852654,0.46174196095261777,0.09898013324814028
4383,CVX,0.6396126142289562,0.44258035088080877,0.45216748596200285,0.12377646683480475
4384,CVX,0.6358977760716522,0.4460063307733316,0.44526793507551576,0.0
4385,CVX,0.6317432364290863,0.4494951528939551,0.44052226457062726,0.0
4386,CVX,0.6280738970780284,0.4550548417379684,0.4379591053243008,0.0
4387,CVX,0.6238132157650131,0.45238204365647006,0.4353156368125395,0.0
4388,CVX,0.6206594018393634,0.46613682334734385,0.4362522613807406,0.0
4389,CVX,0.6184153419307297,0.48796733524161795,0.4418445037726029,0.0
4390,CVX,0.6159741686517419,0.504710344401321,0.4500326143729051,0.0
4391,CVX,0.6138968969795586,0.5174483973482841,0.4594089486833143,0.0
4392,CVX,0.6111373097946151,0.5248421110760046,0.4685502585763799,0.0
4393,CVX,0.6084535354444247,0.5327743156385237,0.4776230092711834,0.0
4394,CVX,0.6048600015245214,0.533135961265635,0.48496143831968724,0.11713264896461346
4395,CVX,0.6012513170685132,0.5334029402381826,0.4908914089317362,0.14143298382859712
4396,CVX,0.5993408327073331,0.5454454800965759,0.4983069366533539,0.09118407662531806
4397,CVX,0.5992586527790387,0.5449321490178798,0.5041254800067596,0.08903609377805484
4398,CVX,0.5975452753100647,0.5285749546515459,0.5051515882517938,0.086720952732561
4399,CVX,0.595370954510174,0.5207080065959403,0.5042272487562327,0.11943323571870963
4400,CVX,0.593646980642788,0.5195482751225506,0.5032304990371509,0.1298006465563826
4401,CVX,0.5934271243474605,0.5209252404311482,0.502738569155266,0.0
4402,CVX,0.5931238656048574,0.5222126062490621,0.502630618137745,0.0
4403,CVX,0.5927144818498995,0.5312312060114746,0.5045449690995918,0.0
4404,CVX,0.5923050925422437,0.540535441735731,0.508140527937653,0.0
4405,CVX,0.5914408262260791,0.5423990050834632,0.5114303931919774,0.0
4406,CVX,0.5908343235480702,0.5485469122016069,0.5154261545649558,0.0
4407,CVX,0.5915621267616809,0.5603863923112151,0.5212492675441427,0.0
4408,CVX,0.5909101363828215,0.568648164117401,0.5277405728408477,0.0
4409,CVX,0.5897881064285047,0.5796815594062391,0.5353812968138332,0.0
4410,CVX,0.5882870123004302,0.5826255502968324,0.5421469792896305,0.0
4411,CVX,0.5885599394309846,0.6037630471620575,0.5522487275859973,0.11180707523012351
4412,CVX,0.5887873871897344,0.6162386259203815,0.5630977440340641,0.09630978103140643
4413,CVX,0.5893029089133446,0.630374492713762,0.5749128980148863,0.08432280899553198
4414,CVX,0.5896061556251002,0.6320793602033524,0.5847432338436983,0.050563049334436574
4415,CVX,0.5894241890890539,0.626773995014838,0.5914305452309458,0.04188494501215787
4416,CVX,0.5882489374512199,0.6221333749772162,0.5957509060164838,0.0720156425489089
4417,CVX,0.5885673615371205,0.6245976777064662,0.5997538825587356,0.08267024846336944
4418,CVX,0.5904475281679966,0.6273590947169134,0.6035688643820318,0.0
4419,CVX,0.5920001781702293,0.6296348097589952,0.6071257009265524,0.0
4420,CVX,0.5932283423913995,0.631504054996319,0.6103858488325625,0.0
4421,CVX,0.5944489290308939,0.633892451551599,0.6135238158300546,0.0
4422,CVX,0.596617176104778,0.6454212799667027,0.6185917774549768,0.0
4423,CVX,0.5981031076659002,0.6533295176510766,0.6244005326549741,0.0
4424,CVX,0.5998468028651773,0.6632926803483028,0.6312577931139888,0.0
4425,CVX,0.601742123733958,0.6659913791456962,0.6373422884842492,0.0
4426,CVX,0.6036071194688368,0.6710415695586197,0.6433302333595796,0.0
4427,CVX,0.6049717504943573,0.6749562421569969,0.6489890313431557,0.0
4428,CVX,0.6068215808859376,0.6812004884636639,0.6549013110586326,0.12196525011621817
4429,CVX,0.6089746598401735,0.692806172382774,0.662205772701151,0.09468171782139838
4430,CVX,0.6114461471476655,0.6985167377973178,0.6693161900595079,0.061551683441568264
4431,CVX,0.6116280905474722,0.6945619657477579,0.6741271860867857,0.05539017461403028
4432,CVX,0.612553008056886,0.6947610508767944,0.6780201485188528,0.20578456709052798
4433,CVX,0.613462771328396,0.6982120516175851,0.6819000982665275,0.1625623564925253
4434,CVX,0.6153808351221519,0.7021959287179116,0.6858878526711689,0.13625569094408932
4435,CVX,0.6179129930573364,0.7048343697928328,0.6896633754537006,0.0
4436,CVX,0.6205438520478443,0.7066461745538403,0.6930857295917754,0.0
4437,CVX,0.6225604632722792,0.7062436399213401,0.6957343134765313,0.0
4438,CVX,0.624455784141059,0.7044543762895862,0.6974562452603965,0.0
4439,CVX,0.6257749274657289,0.6957584294916778,0.6969046571613098,0.0
4440,CVX,0.6279431745396122,0.6978979179241849,0.6969380168700969,0.0
4441,CVX,0.6299143082431424,0.6975082457425078,0.6968782586540312,0.0
4442,CVX,0.6310969884652602,0.6972028681918591,0.6967627062583498,0.0
4443,CVX,0.6325980825933346,0.6988566210441367,0.6970371375696987,0.0
4444,CVX,0.6325677574594328,0.6860506863123425,0.6944157777007411,0.0
4445,CVX,0.6313395932382626,0.6570802225000244,0.6858917998638454,0.13480645818580902
4446,CVX,0.629065211897526,0.6255669499751544,0.6720816237485568,0.1104850844451515
4447,CVX,0.6265482304110357,0.5986047545480041,0.6550521128748062,0.08923034313255039
4448,CVX,0.6237431694069864,0.578264062232144,0.6369160672435039,0.06761851732407392
4449,CVX,0.6201041625934263,0.5607660652238791,0.6185254254038502,0.06744300121593179
4450,CVX,0.6166319449417683,0.5470689499873049,0.6007743050007732,0.09037335936389965
4451,CVX,0.6143727372733778,0.5433772833814047,0.585754438877504,0.1375347393643435
4452,CVX,0.6121438297517479,0.5458486895310534,0.5742868097356584,0.0
4453,CVX,0.6092174506285533,0.5448750840622026,0.5648967190208235,0.0
4454,CVX,0.6059499285561731,0.5432748806516299,0.557029652781241,0.0
4455,CVX,0.6028264397644252,0.544981203893634,0.5511145353819775,0.0
4456,CVX,0.5996119755709746,0.5468537103974147,0.5467978436215704,0.0
4457,CVX,0.5963216985427735,0.5474608183461879,0.5434791727642314,0.0
4458,CVX,0.5925310568052149,0.5426032535266031,0.5397466201077449,0.0
4459,CVX,0.5896956567855218,0.5441701218758159,0.5371081765056173,0.0
4460,CVX,0.5861324535522163,0.5478322194629189,0.5358098317496438,0.0
4461,CVX,0.5823721369485577,0.5481124525738995,0.5348333236538106,0.0
4462,CVX,0.5806511930033036,0.5731392760678156,0.53960413875431,0.17048767251518618
4463,CVX,0.5788771652665279,0.5954526185792755,0.5483708460869245,0.06796911723467311
4464,CVX,0.5773912318545058,0.6032752956666594,0.5571196168473255,0.05013866925358389
4465,CVX,0.5779977252780197,0.6151160602639355,0.5667454222908415,0.0778625769396043
4466,CVX,0.5791879923363101,0.6226694150210867,0.5761217243095957,0.07471683257117841
4467,CVX,0.5812349249928479,0.6360534874986168,0.5865919265615319,0.07949381039130293
4468,CVX,0.5833880067234327,0.648098956178913,0.5976402893332254,0.12430402387249634
4469,CVX,0.5858431258622163,0.6586007897256504,0.608808736120185,0.0
4470,CVX,0.5882994626336027,0.665739733058961,0.6193272170068803,0.0
4471,CVX,0.5901189623385852,0.6698052702651872,0.6286439120324708,0.0
4472,CVX,0.591301642560703,0.6696987122762685,0.6360736289261544,0.0
4473,CVX,0.5931969634294827,0.6733677156268065,0.6428313445609964,0.0
4474,CVX,0.5961536639847784,0.6859653553989108,0.651032213241682,0.0
4475,CVX,0.5987464629332679,0.6930464626435296,0.659163801121241,0.0
4476,CVX,0.600945035141053,0.6929762838437274,0.6656535027606966,0.0
4477,CVX,0.6037955977276965,0.6977827779478596,0.6719115503703662,0.0
4478,CVX,0.607131362456748,0.6999992997648122,0.6774097079508683,0.0
4479,CVX,0.6114980271883264,0.71699431568192,0.6855784565966134,0.10800754056396293
4480,CVX,0.6148186358285752,0.7189233185477172,0.6925413909855609,0.08938179422422313
4481,CVX,0.6194887018219992,0.7311844746016,0.7008317881661745,0.07810409171566851
4482,CVX,0.6225136265249738,0.7448733373854064,0.7105008820944683,0.07159861166470255
4483,CVX,0.6269156202966721,0.7719479193808205,0.7242424593740016,0.10847774504743402
4484,CVX,0.6320557295673517,0.7898519617207855,0.7392076047814214,0.1349358616875427
4485,CVX,0.6389395479190529,0.8272201469715218,0.7594695854148296,0.24456397216297232
4486,CVX,0.6458157627764889,0.8522703341507987,0.7812363745650139,0.0
4487,CVX,0.652108237315332,0.8701327998213143,0.8026124659825643,0.0
4488,CVX,0.6581580931994298,0.8802706913742093,0.8219623577610333,0.0
4489,CVX,0.6640575447484274,0.884928164645989,0.8384754982773819,0.0
4490,CVX,0.6691824923776064,0.8761343137214408,0.84973515783487,0.0
4491,CVX,0.6754294699611041,0.8780311385241815,0.859163682480347,0.0
4492,CVX,0.6818583983480035,0.8759138925343193,0.8662368063352966,0.0
4493,CVX,0.6873775727178888,0.8653505899030437,0.8695519123734217,0.0
4494,CVX,0.6919566679368598,0.8539592084888998,0.8696769008099094,0.0
4495,CVX,0.6963386497854778,0.8380978661830398,0.8662581663502711,0.0
4496,CVX,0.6979534557620806,0.7870494359254349,0.8521984500833879,0.19630842647359317
4497,CVX,0.6986509440217379,0.7404510036945435,0.8306131485668773,0.15710406491271603
4498,CVX,0.6985448134566834,0.6928022589641858,0.8027743745438567,0.1258065743319364
4499,CVX,0.6945572128988617,0.6268364103982712,0.765869304196936,0.10880427994156379
4500,CVX,0.691523172516904,0.575598272235823,0.7249784338800198,0.1426673606613931
4501,CVX,0.6873686439797337,0.5351431572088364,0.6832910600533958,0.1306468128839775
4502,CVX,0.6835325163922237,0.5133714730341685,0.6451112687631294,0.17671633282580645
4503,CVX,0.6622865860247771,0.3180594803385096,0.5712388687639907,0.0
4504,CVX,0.6569342026676921,0.34696559777666064,0.5185535639240795,0.0
4505,CVX,0.6495197000254311,0.3746382449700219,0.48254429867051923,0.0
4506,CVX,0.6423023181571184,0.3994830977820784,0.45924853915214303,0.0
4507,CVX,0.6339325812005887,0.40928918735175696,0.44278734228789995,0.0
4508,CVX,0.6248956912982484,0.41080845232737606,0.42995542285201904,0.0
4509,CVX,0.615434249521301,0.4092535273775586,0.4193449383378829,0.0
4510,CVX,0.606730936091866,0.4096023315434301,0.41093393043301557,0.0
4511,CVX,0.5971633563462682,0.41418720641501844,0.40522224576748367,0.0
4512,CVX,0.5873683380964163,0.41688521577498416,0.4012514320913505,0.0
4513,CVX,0.5776491410103626,0.4161846520026602,0.3979193660942316,0.1788053779980039
4514,CVX,0.5683848042747215,0.4227924741047221,0.39671961131182554,0.11975775318630905
4515,CVX,0.559014326794081,0.42474414393055815,0.3961927714610204,0.08977403958248494
4516,CVX,0.5533965929626694,0.4348786244841177,0.3980195615190282,0.06915666095158551
4517,CVX,0.5486658563415521,0.4502779933587481,0.40289723327669735,0.06850849062775685
4518,CVX,0.5441170862564819,0.4565714076131709,0.40819551956857103,0.08244746693365865
4519,CVX,0.5427676187233601,0.4718061420629094,0.4158138653451038,0.11182681718974213
4520,CVX,0.5414045082116035,0.4857988544959775,0.42501272501897974,0.0
4521,CVX,0.5401003656482679,0.4981419568018256,0.43511004161672473,0.0
4522,CVX,0.5377804910539812,0.5066504480174583,0.4450754427425252,0.0
4523,CVX,0.551561596529381,0.5175529736600555,0.4554664108849148,0.0
4524,CVX,0.5500908275352074,0.532955442016023,0.4671961127078289,0.0
4525,CVX,0.5481045312647268,0.5420881597347218,0.478605902193437,0.0
4526,CVX,0.5465124617349524,0.5549655106740726,0.49059048187420107,0.0
4527,CVX,0.5456330328518391,0.561697250551824,0.5016715339052733,0.0
4528,CVX,0.5467095751053055,0.581230935642315,0.5148697836883953,0.0
4529,CVX,0.5474525408858666,0.5880685210142719,0.5269452528662928,0.0
4530,CVX,0.5482106599788823,0.5931265537282029,0.5377277165460533,0.13881508470165288
4531,CVX,0.5486352100025895,0.595530419847164,0.546886967974472,0.10260876306679959
4532,CVX,0.5496359496012513,0.6009809436921801,0.555423528801485,0.0689474250000072
4533,CVX,0.551364481308128,0.6085843855965547,0.5639395466019786,0.0640623707586129
4534,CVX,0.5527366917662251,0.6154687062291526,0.5722795980766796,0.0741891314315918
4535,CVX,0.5536977018117142,0.6107826191860439,0.5779120644025983,0.11773614770098395
4536,CVX,0.5524998692025918,0.5891381299508721,0.5776163625208611,0.2867287630552714
4537,CVX,0.5514536576357232,0.5795992750795724,0.5752636743692039,0.0
4538,CVX,0.5507561721524157,0.5688312988900592,0.5709927254387984,0.0
4539,CVX,0.5493157273666931,0.5610022629217313,0.5658391507279626,0.0
4540,CVX,0.5476630075691178,0.5535036452127547,0.5600527763175227,0.0
4541,CVX,0.5470566565167783,0.5600919566488669,0.5568852465029331,0.0
4542,CVX,0.5460104393972127,0.5584023153108543,0.5539763878198016,0.0
4543,CVX,0.5447216212064419,0.5579765661700191,0.5515548514751555,0.0
4544,CVX,0.5432660147792197,0.5621533303289059,0.550544207618634,0.0
4545,CVX,0.5420075217223497,0.5643914137062558,0.5502321953039567,0.0
4546,CVX,0.5401425259874708,0.5647415174130166,0.5500602534524969,0.0
4547,CVX,0.5384443212653931,0.5634366939353205,0.5496332342265322,0.14206054758143702
4548,CVX,0.5362912330566614,0.5715005551040787,0.551080528701424,0.09407519294523234
4549,CVX,0.5347598174964867,0.5765058651534589,0.5533487564731919,0.07410339080405111
4550,CVX,0.5328948282397548,0.5764809391061586,0.5551578090255059,0.07903945711628475
4551,CVX,0.5314998748566815,0.5804173393438279,0.557478313271856,0.07672172223668045
4552,CVX,0.5301655615614642,0.5879278100687432,0.5610008608174151,0.08807680746286421
4553,CVX,0.5291193407400989,0.6005578335929388,0.5666207791301783,0.10234894735006701
4554,CVX,0.5280352273831044,0.6110425308946466,0.5734426687967451,0.0
4555,CVX,0.5276352434201685,0.6169784552410054,0.5802170228395876,0.0
4556,CVX,0.5287875985083872,0.6211724877856264,0.5865669221607747,0.0
4557,CVX,0.5296215396906492,0.6279049925744106,0.5931403995942206,0.0
4558,CVX,0.5304099931720616,0.6288193926317017,0.5986020346457462,0.0
4559,CVX,0.5310013332831209,0.6272264180288118,0.6026179526784715,0.0
4560,CVX,0.5319565750009865,0.6279816921899075,0.6059982392688367,0.0
4561,CVX,0.5322143386391396,0.6322859802916744,0.6096573440338638,0.0
4562,CVX,0.5332908808926069,0.6372603931387792,0.6136881657146676,0.0
4563,CVX,0.5338822210036653,0.6356600614751167,0.6165578009395662,0.0
4564,CVX,0.5365053487878546,0.6610501837932301,0.6244861259392472,0.12073851068385859
4565,CVX,0.5387190798607904,0.674143178490926,0.6337333730548518,0.13005585101247433
4566,CVX,0.5405840709684213,0.6777961019710328,0.6419415456631221,0.07779629006789217
4567,CVX,0.5434422065094937,0.6890422983679525,0.6510029718873369,0.06452623475870281
4568,CVX,0.5454815736152003,0.696232037026736,0.6598471049030514,0.0832725943845797
4569,CVX,0.5470281619222712,0.6935481729984603,0.6663270152998726,0.10805999365375253
4570,CVX,0.5484534469173923,0.6847908583273115,0.6695681960679225,0.1289429520771856
4571,CVX,0.5497619755197487,0.6793285647883297,0.6709493699757598,0.0
4572,CVX,0.5505959139256618,0.6729713798289301,0.6706440131420489,0.0
4573,CVX,0.5508839989959178,0.6675830929275482,0.6692043748110739,0.0
4574,CVX,0.5514753391069771,0.6666227516984525,0.667839619321541,0.0
4575,CVX,0.5523850931239913,0.6665658052135619,0.6667351817600307,0.0
4576,CVX,0.5525215562265435,0.6567385630144087,0.6636715284009878,0.0
4577,CVX,0.5525822064943444,0.6512215146826441,0.6599966880484665,0.0
4578,CVX,0.5534919605113577,0.6518927912352445,0.6572057336626893,0.0
4579,CVX,0.5555692321835402,0.6630736431441707,0.6574533620849311,0.0
4580,CVX,0.5572674396819668,0.6691338231200482,0.6589958723539384,0.0
4581,CVX,0.5601255909556837,0.6902668515393369,0.6649180915921402,0.2691621656439755
4582,CVX,0.5629913253637744,0.7078513364423528,0.6735568590374316,0.1297127444004165
4583,CVX,0.5660389920662761,0.7173874159887399,0.6825833839539741,0.07933890085414957
4584,CVX,0.5665393595519825,0.7217119570174048,0.6907639723467461,0.07184272027487724
4585,CVX,0.5677599582223216,0.72576905031263,0.6982084801560086,0.07517003303103638
4586,CVX,0.5687910248057833,0.7196069535715958,0.7027970693676721,0.0827852417756005
4587,CVX,0.5685711842430985,0.708514838432508,0.7040072344230914,0.14439759211497485
4588,CVX,0.5521589203757236,0.5145310050778271,0.6619414421394609,0.0
4589,CVX,0.5529776888110902,0.5515201200089785,0.6364945785841193,0.0
4590,CVX,0.5543119937772616,0.5813048868147354,0.6227446249695154,0.0
4591,CVX,0.5551717113233385,0.6018419262610222,0.6163006572149943,0.0
4592,CVX,0.5560966279073032,0.617476292453593,0.6146138551948296,0.0
4593,CVX,0.5570821947590687,0.6306374059743768,0.6161841123676666,0.0
4594,CVX,0.5575219092006254,0.6384469341951714,0.6191728060183505,0.0
4595,CVX,0.5578251605396298,0.6440360174737698,0.6228036590413036,0.0
4596,CVX,0.5589623530608971,0.648337090158908,0.6266625036352474,0.0
4597,CVX,0.5592807669668529,0.6447087226080785,0.6289446519516833,0.0
4598,CVX,0.5585226284393947,0.634737281739971,0.6285582778528841,0.15147573309677564
4599,CVX,0.557537068065777,0.6351987778668188,0.6283515581848513,0.09746922487878869
4600,CVX,0.5562482387696104,0.6297424152177733,0.6269757274692843,0.07379789478659518
4601,CVX,0.5535796121791758,0.6266691667529388,0.6251932847321787,0.0649238118870806
4602,CVX,0.5512445639125438,0.6297926158488507,0.6244602453576683,0.04720446646705672
4603,CVX,0.5487275953823483,0.626827338087173,0.6232159882207341,0.06566103718203556
4604,CVX,0.547135521225325,0.6328678730317124,0.6235606319328748,0.09992183913213769
4605,CVX,0.5457178128864317,0.6412573310245592,0.6256974880821036,0.0
4606,CVX,0.5450354899700747,0.6477840954254154,0.6288548889462104,0.0
4607,CVX,0.5447019023917736,0.651402845412653,0.6321836034086031,0.0
4608,CVX,0.5606062221172143,0.6535609097194669,0.6353253260912685,0.0
4609,CVX,0.5607123600858666,0.6636544414142391,0.6400778819649621,0.0
4610,CVX,0.5608943108892683,0.6719481985739434,0.645719837298906,0.0
4611,CVX,0.5614401632994772,0.678737360218611,0.6517395284603202,0.0
4612,CVX,0.5619860157096861,0.6827242958377394,0.6574397545064476,0.0
4613,CVX,0.5625470306868445,0.6861881450757313,0.6627683654924676,0.0
4614,CVX,0.5639874745471163,0.6957304297871525,0.6691481418130213,0.0
4615,CVX,0.5645333371372709,0.6918892301993733,0.6733998202474196,0.2981020051202285
4616,CVX,0.5613795296897699,0.6463415966025415,0.6666967466442205,0.14585172433768606
4617,CVX,0.5581347366606213,0.6026499051689272,0.6516415988896087,0.14471865113709365
4618,CVX,0.5551477322567671,0.5646897086076529,0.6311762829085469,0.08471865690116943
4619,CVX,0.5516754914688677,0.5385235274013727,0.6089992501968875,0.13018438990283784
4620,CVX,0.5465050737223809,0.49406744249445056,0.581395359937211,0.19835092673369709
4621,CVX,0.5437833957311629,0.48972771582447794,0.5583495104441508,0.23328223480135696
4622,CVX,0.5407357234759642,0.48972618295759196,0.5399124907941607,0.0
4623,CVX,0.5384613301043819,0.4946695274362506,0.5262595206478887,0.0
4624,CVX,0.5353063013224775,0.4984352940182785,0.516172552880759,0.0
4625,CVX,0.5319098863256242,0.5038397648366479,0.5093019218171536,0.0
4626,CVX,0.5282102199897674,0.506158226195705,0.5043197510164711,0.0
4627,CVX,0.5242679525827061,0.5053453226583532,0.5001536775472968,0.0
4628,CVX,0.5201892220730926,0.5041497244295612,0.4965555838664773,0.0
4629,CVX,0.5156707771219224,0.508336741772989,0.49460596873658524,0.0
4630,CVX,0.5110002516242425,0.5120499117602948,0.49387001680466025,0.0
4631,CVX,0.5065121318069723,0.5191390404711927,0.4948539276989838,0.0
4632,CVX,0.49999223264561987,0.5021609745368003,0.49187459406538714,0.15114588385906028
4633,CVX,0.49357846404932104,0.4924593480555592,0.48733889079617043,0.09393152335589104
4634,CVX,0.4860654121254795,0.4814403370484106,0.48126583949506396,0.0784568531546931
4635,CVX,0.48137259580348246,0.49588343680778035,0.47961149670998315,0.06922251551761256
4636,CVX,0.48046176826488196,0.5097423859422723,0.4813625311046469,0.07265026729460508
4637,CVX,0.4796733083053226,0.5155373485717409,0.48404892958248974,0.08534405912558393
4638,CVX,0.4781115426241067,0.5085804074368979,0.4846547007920643,0.12371954658626934
4639,CVX,0.47630720363517565,0.504595742823346,0.48425534844905255,0.0
4640,CVX,0.4768833747011376,0.5048746863516524,0.48399774819890706,0.0
4641,CVX,0.4748061076562031,0.5053987997415046,0.4839079388011978,0.0
4642,CVX,0.47268334828317027,0.5085139799973811,0.48452717171525517,0.0
4643,CVX,0.4701057119016303,0.5105316127422475,0.48547015542285277,0.0
4644,CVX,0.4675141259584965,0.5116663506252717,0.48647627586251807,0.0
4645,CVX,0.4643148243319972,0.5079736502465494,0.4864619730783448,0.0
4646,CVX,0.46125198580804927,0.504663630981418,0.485716226779804,0.0
4647,CVX,0.45875016226125975,0.5058139341511257,0.48537481626194756,0.0
4648,CVX,0.45709744246368444,0.5157709406086783,0.48731057842899217,0.0
4649,CVX,0.45478362771366143,0.5210735213916111,0.49003552773799036,0.1529748251107351
4650,CVX,0.45307070327079657,0.5323232751978694,0.494711164508575,0.10488110584947058
4651,CVX,0.4504437950248166,0.5347312284003255,0.498985861099859,0.0874442001436984
4652,CVX,0.4503073374749622,0.5421231514266873,0.504045463563351,0.06614637236448441
4653,CVX,0.4497614841393034,0.5464212107868083,0.5090466392251491,0.08504375077634896
4654,CVX,0.44967187747762427,0.5509246571126241,0.5140466370731729,0.07890111929705942
4655,CVX,0.4477083278339178,0.5555067677498093,0.5190631437843459,0.15528477848800798
4656,CVX,0.44555873638113486,0.5588526639680608,0.5238186122696246,0.0
4657,CVX,0.4439970021652062,0.5625113016820443,0.5284346296355005,0.0
4658,CVX,0.44357246047054666,0.5662289736062058,0.5329521824226433,0.0
4659,CVX,0.4431327460289891,0.5697787482714738,0.5373537167422121,0.0
4660,CVX,0.44326920913154133,0.581745651295021,0.5435297159396639,0.0
4661,CVX,0.4431024208950891,0.5871153254882203,0.5496617390656056,0.0
4662,CVX,0.442420105382328,0.5872550377864889,0.5545983517392616,0.0
4663,CVX,0.4419955535077209,0.5889644319730319,0.5589268587376445,0.0
4664,CVX,0.4417984401373687,0.5915405886284716,0.5629611662427209,0.0
4665,CVX,0.441711558628743,0.5893158160100351,0.5656950623727898,0.0
4666,CVX,0.4419860025712623,0.5903225001316496,0.5681055049404454,0.15858240625379166
4667,CVX,0.44288059772312494,0.6009045958887737,0.5723814211607982,0.08883780957049853
4668,CVX,0.4437600192026405,0.6169956208499165,0.5793718327982456,0.06453934803115022
4669,CVX,0.4451868311896723,0.632152094715394,0.5883265173010365,0.05690641475349786
4670,CVX,0.44661211618479335,0.6498389825638424,0.5994139743181445,0.07044810213481192
4671,CVX,0.44858702572286724,0.6621779700413069,0.611021255945264,0.08334161919229735
4672,CVX,0.44939063992033024,0.66262818196479,0.6204069575382549,0.11663506512108737
4673,CVX,0.45034588533999376,0.661832190000709,0.6277389336954473,0.0
4674,CVX,0.4512770144674114,0.6607561229712717,0.6333657968563452,0.0
4675,CVX,0.4522170825129308,0.6598164517853953,0.6376588280613824,0.0
4676,CVX,0.4530940853853318,0.6569329619273141,0.6404535714488231,0.0
4677,CVX,0.4540948148040478,0.6559950475222817,0.6424812965643447,0.0
4678,CVX,0.4546103420803558,0.6495490502977295,0.6426734783317342,0.0
4679,CVX,0.4552016821914151,0.6450452322769632,0.6418280839691974,0.0
4680,CVX,0.4552926575931169,0.6441757802071613,0.6409588867635551,0.0
4681,CVX,0.456323712145732,0.6494275416594788,0.6414285946698196,0.0
4682,CVX,0.45773383087210373,0.653059323988738,0.6426100458976923,0.0
4683,CVX,0.4615093100427119,0.6835528342931247,0.650319973779579,0.16580479323251388
4684,CVX,0.4637836997124962,0.6905963031555794,0.658050459214541,0.08863649922314668
4685,CVX,0.46506841660659237,0.6795303412521501,0.661779943156649,0.09246240453609708
4686,CVX,0.46637087129785115,0.6727830401802647,0.6632666898843881,0.08109290912041067
4687,CVX,0.4665679920718011,0.6638276057274431,0.662469388262327,0.0842841896876649
4688,CVX,0.46606762458609463,0.6559922671686039,0.6600933332135943,0.10765838167231402
4689,CVX,0.4657871207993143,0.654449528066589,0.6578502435522499,0.16476725958832394
4690,CVX,0.46521094880790326,0.6554491473406507,0.6562775302009362,0.0
4691,CVX,0.4646196170258907,0.6544783794489746,0.6548040016147033,0.0
4692,CVX,0.4649986728705997,0.6555823563390653,0.6538700881132988,0.0
4693,CVX,0.46546871244605725,0.6564096570745449,0.653306488056111,0.0
4694,CVX,0.466363303896121,0.6614771058493955,0.6539797852334908,0.0
4695,CVX,0.4671365948105821,0.6639682541817276,0.6550710663940206,0.0
4696,CVX,0.46803118626064677,0.6650996743569703,0.6561950887863182,0.0
4697,CVX,0.4689864279785114,0.6679014067933394,0.6577158509781964,0.0
4698,CVX,0.4702752461692814,0.668028862331436,0.6589607358301275,0.0
4699,CVX,0.4718369905651558,0.6715566742397112,0.6607392635211615,0.0
4700,CVX,0.4762341303534763,0.7088009603540919,0.6704244638452916,0.19127624419737693
4701,CVX,0.4804341586223426,0.7409442918540863,0.6853033920222001,0.1233015069887978
4702,CVX,0.4847099978750604,0.7654609337043803,0.7026453759966227,0.07111082675003826
4703,CVX,0.4874847504033024,0.7940299119045572,0.7228567864098414,0.10623998671956934
4704,CVX,0.4918363997144226,0.81617182324078,0.7439379392140092,0.10573159523391627
4705,CVX,0.4974160744292666,0.8294168332798896,0.7637411720881269,0.11112158251548303
4706,CVX,0.5025410294620434,0.8348567891973437,0.7807905736526456,0.16219518486399806
4707,CVX,0.5081208429943338,0.8387560465167821,0.7952951172183271,0.0
4708,CVX,0.5137461655128179,0.8395141498146235,0.8070669318587851,0.0
4709,CVX,0.5189317523044021,0.8376308131492176,0.8160665788183452,0.0
4710,CVX,0.523859586563229,0.8333558697625074,0.8223179308081585,0.0
4711,CVX,0.5288329085229062,0.8267405302255695,0.8258514466956245,0.0
4712,CVX,0.5337000925139312,0.8202565429807402,0.8272398332666144,0.0
4713,CVX,0.5386430893397085,0.8141211411697645,0.8269894475667332,0.0
4714,CVX,0.5431615342908787,0.8071262892042247,0.8252373811878144,0.0
4715,CVX,0.5472402648004921,0.7935254047211169,0.8208184692568817,0.0
4716,CVX,0.5521377739254172,0.7898489271872224,0.8164677394981847,0.0
4717,CVX,0.5575962887730057,0.7938179919942014,0.813867664296519,0.46156471025287865
4718,CVX,0.5625380695579514,0.7875708001478637,0.8104017093596873,0.09102268250288852
4719,CVX,0.5666622868429663,0.7754794403493354,0.8049465638241198,0.07162570282096752
4720,CVX,0.5677691477521858,0.7651173979702958,0.7982837024955821,0.061070239010285125
4721,CVX,0.5681330576880388,0.7509033663810835,0.7898001323101592,0.07574240575808115
4722,CVX,0.5681179034501351,0.7346920806047597,0.7794169184999853,0.09429999190147349
4723,CVX,0.5657677009455995,0.7052477040049501,0.7645783233518607,0.2690020684386012
4724,CVX,0.5633871807107615,0.6826058386656635,0.7476845115443167,0.0
4725,CVX,0.5612645786641686,0.6652080171490217,0.7303098799791381,0.0
4726,CVX,0.559278283319137,0.6500556527310327,0.7130487311856603,0.0
4727,CVX,0.5573374747495068,0.6404426586185078,0.6971072382448493,0.0
4728,CVX,0.5561699570943386,0.6416351293362499,0.6846185849817501,0.0
4729,CVX,0.5553208533451262,0.6459545731261058,0.6755859000448798,0.0
4730,CVX,0.5543656116272615,0.6475212251225483,0.6687073026221324,0.0
4731,CVX,0.5533497196415951,0.6469132778278875,0.6630695559300729,0.0
4732,CVX,0.5523186650889791,0.6470134678430071,0.6585815850138275,0.0
4733,CVX,0.55106017203211,0.6454341520076922,0.6546408483721131,0.0
4734,CVX,0.5528948528130346,0.6789749875292469,0.6589290532361215,0.2101208813156618
4735,CVX,0.5559728511275832,0.7126792645766028,0.6698366696368162,0.12209508592363694
4736,CVX,0.5588537434753764,0.7447534704303491,0.6856781956453591,0.07281166141703463
4737,CVX,0.5609310308802025,0.7681418914993401,0.7035399701838505,0.05970026229426932
4738,CVX,0.5637979813291247,0.786348293815522,0.7218683497939865,0.07731787177640458
4739,CVX,0.567436988142684,0.8021765854413686,0.7400424466342361,0.08788356682163384
4740,CVX,0.5713641105663392,0.8166488444506355,0.757792291133023,0.1705353702424399
4741,CVX,0.5757612494292088,0.8266296290697721,0.7742063323282562,0.0
4742,CVX,0.5807800553879385,0.835554522050454,0.7893174888818058,0.0
4743,CVX,0.586723783483329,0.8351330987543975,0.8013129243841917,0.0
4744,CVX,0.5927281599956222,0.8344369480906544,0.8107548367464249,0.0
4745,CVX,0.5991419258155721,0.8371409210564094,0.8189082236757432,0.0
4746,CVX,0.6051614648948158,0.8313121314525372,0.8241378579850467,0.0
4747,CVX,0.6112871419427099,0.8281408090345999,0.8276180302636407,0.0
4748,CVX,0.6161391633667845,0.8178114331560081,0.8281106700156344,0.0
4749,CVX,0.6205666329162547,0.806286171953019,0.8259479851507638,0.0
4750,CVX,0.6254489794742293,0.798765215604225,0.8225493669498176,0.0
4751,CVX,0.6303161671670541,0.7891420284399894,0.8176956372275017,0.13379111623345313
4752,CVX,0.6342129413205662,0.7695639709384633,0.8094694015897439,0.08945254825468107
4753,CVX,0.6374728959912161,0.7439558670891946,0.797207438618036,0.07216637313110649
4754,CVX,0.6383826361264848,0.7309214980733465,0.7845062868125143,0.08603185747054484
4755,CVX,0.6390952786240449,0.7253102529527178,0.7731005508197356,0.056219769223697154
4756,CVX,0.6387313686881928,0.7142410834576662,0.761520346038419,0.06738233431812568
4757,CVX,0.6383219729023892,0.7036601076986365,0.7499088685106944,0.12078563200353222
4758,CVX,0.6384432641834952,0.7019995014565784,0.7402512928851745,0.0
4759,CVX,0.6371847813065719,0.6875917253437062,0.7293289704269802,0.0
4760,CVX,0.6360930700080072,0.6815699866525463,0.7192552328529507,0.0
4761,CVX,0.6348649020850372,0.6754876114508993,0.7098469114106143,0.0
4762,CVX,0.6333183202561141,0.6699423913328546,0.7010900868824077,0.0
4763,CVX,0.6325601919086017,0.6690039926387125,0.6938764502293405,0.0
4764,CVX,0.6314078368203848,0.6653296684214495,0.6872904183908108,0.0
4765,CVX,0.6293305651482024,0.6571487304332416,0.6802067104103059,0.0
4766,CVX,0.6278143084531784,0.6511990222969511,0.673219843881221,0.0
4767,CVX,0.627109249089993,0.6591758980035615,0.6693999634117346,0.0
4768,CVX,0.6240312387445996,0.6326223251283545,0.6604533390416628,0.14482197219582754
4769,CVX,0.6196492670759266,0.5957231407222077,0.6451102197170302,0.13243641431831013
4770,CVX,0.6145394709083014,0.5624761075011384,0.6254601080164136,0.13297722873034412
4771,CVX,0.6101726442230371,0.5438072999773328,0.6055984773925106,0.09801090390219284
4772,CVX,0.6062303906977204,0.5247482065263723,0.5854810494918434,0.11254804717434917
4773,CVX,0.6032357744705532,0.5130727658991586,0.5667969942750021,0.11375345952624484
4774,CVX,0.5993541610330908,0.5035363180275418,0.5497341574309047,0.20173732126681704
4775,CVX,0.5949266924090715,0.4970726920162618,0.5346499788105018,0.0
4776,CVX,0.5910754041055117,0.49446446708593994,0.5220040198906649,0.0
4777,CVX,0.5872089495332009,0.49284518888303686,0.5115280274809951,0.0
4778,CVX,0.582599529180329,0.4921909623063965,0.5030020980720927,0.0
4779,CVX,0.5793547398529784,0.4964230659145532,0.4971202164247055,0.0
4780,CVX,0.5759431622891755,0.5052941742983424,0.49438270297648496,0.0
4781,CVX,0.5728651611982789,0.516668040322948,0.49471590294817785,0.0
4782,CVX,0.569574884170077,0.5242043170998383,0.4966543319618468,0.0
4783,CVX,0.5661633066062741,0.5338015271785198,0.5003341475039305,0.0
4784,CVX,0.5634187303626117,0.5474790783702607,0.5063122667257015,0.0
4785,CVX,0.5596887435201019,0.5430718488915875,0.5101170498030712,0.16434172669231104
4786,CVX,0.5565349314453529,0.547906475025289,0.514233403452381,0.08142938704529727
4787,CVX,0.5516146830972497,0.5454971085667883,0.5169919856762792,0.0742754484667126
4788,CVX,0.5499619688523714,0.5491207907784511,0.5200027394051745,0.05956048345609374
4789,CVX,0.5492417376677388,0.547380795458042,0.5220253368864166,0.05349970185317919
4790,CVX,0.5494828404359708,0.5531223642074014,0.5249171407835692,0.07803881355722156
4791,CVX,0.5495738121358738,0.5634058854171973,0.5295119094422617,0.13422500703937756
4792,CVX,0.5501954690517863,0.572819229824447,0.5352760074178036,0.0
4793,CVX,0.5505214707193646,0.579553845806457,0.5413813121278324,0.0
4794,CVX,0.5512037862321248,0.5877204277045415,0.5480772536097454,0.0
4795,CVX,0.5519012643118364,0.5943391162400882,0.55490231545102,0.0
4796,CVX,0.5539633734170675,0.6163325437911743,0.5652414493331797,0.0
4797,CVX,0.5562832461604534,0.6355195570728562,0.5777692579388745,0.0
4798,CVX,0.5587244194394421,0.650914897303283,0.5912068508088255,0.0
4799,CVX,0.5606197403082209,0.65972845801958,0.6039121504365366,0.0
4800,CVX,0.5623482729405485,0.6684383894763702,0.6160086260613141,0.0
4801,CVX,0.5641222932737255,0.6783421314505019,0.6278828807982414,0.0
4802,CVX,0.5657295179668527,0.6809944704572288,0.6379706870032511,0.2133696585390316
4803,CVX,0.5674580450464823,0.6863527321708572,0.6472296239583698,0.1166947233056283
4804,CVX,0.5689441300841738,0.6922239763822713,0.6559392670072854,0.09484051810971746
4805,CVX,0.5717643684623672,0.6951663117274631,0.663559717472935,0.05165779143095199
4806,CVX,0.5727802576716847,0.6835837140888387,0.6670865615013246,0.08763931410956413
4807,CVX,0.5741297252048057,0.6705449070094094,0.6670154707432561,0.1300191050292426
4808,CVX,0.5746907327783672,0.6554828703032186,0.6636171931514995,0.2331547046242586
4809,CVX,0.5759719687602125,0.6460507054507755,0.6588061128485119,0.0
4810,CVX,0.5768983947525452,0.6406214245966574,0.6537528015272551,0.0
4811,CVX,0.5773532791646483,0.635813441045604,0.6486435357490108,0.0
4812,CVX,0.5778081561731563,0.6325777157292498,0.6438383006357367,0.0
4813,CVX,0.5789453486944227,0.636451296073459,0.6408534386060999,0.0
4814,CVX,0.5808406695632025,0.6503170469092774,0.6415415665138517,0.0
4815,CVX,0.5824479016599273,0.6574236769821146,0.6436686238317372,0.0
4816,CVX,0.5823266011243264,0.6594972773849394,0.6458302830865357,0.0
4817,CVX,0.5817404162860296,0.6573188311977646,0.6470763378034181,0.0
4818,CVX,0.5815887906165269,0.6606497130436955,0.6488121138622814,0.0
4819,CVX,0.5807093700624595,0.6516546590022684,0.6482052463831003,0.17047484744652883
4820,CVX,0.5796025128550388,0.6439272646141072,0.6460054852899574,0.08679948826535037
4821,CVX,0.5784046793204665,0.6402013834090288,0.6434191163508154,0.056964055511508405
4822,CVX,0.5778285175090021,0.639653051064836,0.6412283775955041,0.05107518746936033
4823,CVX,0.5767216565997826,0.6369622991758781,0.6388788625529358,0.0686475489564573
4824,CVX,0.5753873433045644,0.6345132952943043,0.6364559565448629,0.08750083218844378
4825,CVX,0.5736133257477363,0.6266130121189687,0.6327650104892139,0.12978940660857055
4826,CVX,0.5734920261375835,0.6260409913006882,0.6296853549223516,0.0
4827,CVX,0.5732949090654316,0.6214254971161584,0.626197716135186,0.0
4828,CVX,0.5733278229411098,0.6161287957364419,0.6222325698335927,0.0
4829,CVX,0.5732368475394081,0.6133924252587875,0.618453408596767,0.0
4830,CVX,0.5739949758869196,0.6232011313570166,0.6176060708158867,0.0
4831,CVX,0.5745256657301789,0.6279535259121507,0.6179824852917447,0.0
4832,CVX,0.5751624935420878,0.6335001745147182,0.6195141011458308,0.0
4833,CVX,0.5752079812429391,0.6375445022425462,0.6216365989744307,0.0
4834,CVX,0.5749047299039338,0.647580573797625,0.625561027844348,0.0
4835,CVX,0.5751321684081878,0.6577303153213507,0.6309522184158826,0.0
4836,CVX,0.5742678956138763,0.6498162119081282,0.6335094837031099,0.13546687717071493
4837,CVX,0.5731255422671486,0.6367724865911417,0.6326616388763283,0.1585847118841121
4838,CVX,0.570714690420262,0.6174535286424684,0.6276975905354085,0.0901436609432276
4839,CVX,0.5695016804369954,0.6047759449535396,0.6209139207043849,0.12266140637109062
4840,CVX,0.5688041921773381,0.6005381502612707,0.6145468604335742,0.11256807733775784
4841,CVX,0.5679702463678264,0.5984947691501064,0.6089999027498927,0.09857333359848082
4842,CVX,0.5676139251190468,0.6051511146680237,0.606038999190572,0.12260117177896959
4843,CVX,0.567492623657996,0.6111608666429763,0.6050034967834347,0.0
4844,CVX,0.567462304076793,0.6168532986634743,0.6054379201384498,0.0
4845,CVX,0.5679323353232029,0.6212015521557929,0.6067500877222584,0.0
4846,CVX,0.567841359921502,0.6239317740722278,0.6084055019705789,0.0
4847,CVX,0.5684781877334126,0.6301731038296522,0.6111144276822871,0.0
4848,CVX,0.5691730881767416,0.633940700248256,0.6141173825376827,0.0
4849,CVX,0.5692489010114921,0.6310891233930901,0.6158871445165804,0.0
4850,CVX,0.5686120731995832,0.6325321187476094,0.6176230722859315,0.0
4851,CVX,0.5682342220311822,0.6335578906078109,0.6192393746431327,0.0
4852,CVX,0.5676064917594426,0.633289977548645,0.6204729819352206,0.0
4853,CVX,0.5678490845015993,0.642641353644254,0.6235344035912909,0.14564220018231772
4854,CVX,0.5667537454404359,0.6416193458462509,0.6257568158046714,0.10068471456440735
4855,CVX,0.5658743128555228,0.6456193709853987,0.628422122508655,0.07829531493036852
4856,CVX,0.5324264749816194,0.48467262170623343,0.4881480600233543,0.0
4857,CVX,0.5288936015094627,0.48976742753888913,0.4837604802725354,0.0
4858,CVX,0.5251484474727546,0.4938932499116536,0.48116570062061403,0.0
4859,CVX,0.5207058153563349,0.49326188175929553,0.47894981239565015,0.0
4860,CVX,0.5166422474136727,0.4928615626427107,0.4770882938863159,0.0
4861,CVX,0.5114869746505919,0.4964260419212608,0.4763898332818612,0.0
4862,CVX,0.5061800762180102,0.49292105630291794,0.47505350883777264,0.0
4863,CVX,0.5002060248396178,0.48683756151464963,0.4726348695271144,0.0
4864,CVX,0.49612728507550763,0.4992452076225549,0.4734525055175257,0.1600791926374307
4865,CVX,0.492275994921048,0.5117411002083412,0.476878738597985,0.07939221855530933
4866,CVX,0.48790160268495075,0.5211574822408258,0.4817086819863465,0.07822556961317575
4867,CVX,0.4874315436750516,0.5242743350144489,0.48626408816534566,0.04121933835903102
4868,CVX,0.4862282277767944,0.5288003852427836,0.49091248494103945,0.05938511144984663
4869,CVX,0.48631919947669733,0.5369075934724652,0.49642972845231914,0.05858289620023477
4870,CVX,0.4866072688143097,0.5488686434893351,0.5034969965555213,0.09894540469143893
4871,CVX,0.48748670417556994,0.5595902066206524,0.511529313042562,0.0
4872,CVX,0.488775517739092,0.5790099659817546,0.5222633007832062,0.0
4873,CVX,0.4893365345671503,0.5905935135368577,0.53342021805202,0.0
4874,CVX,0.48850259338488744,0.5855986225871138,0.5412376710778606,0.0
4875,CVX,0.48841161798318566,0.591377833560784,0.5487737100686024,0.0
4876,CVX,0.4883966070419046,0.5959126124507086,0.5558085494847589,0.0
4877,CVX,0.4880781931359506,0.5975311230321392,0.5617954760001574,0.0
4878,CVX,0.4874565278909895,0.5942696259305423,0.5658614774357911,0.0
4879,CVX,0.4870774637172346,0.5894551015617399,0.5680462108294796,0.0
4880,CVX,0.4866832369765284,0.5845093793206432,0.5686968244811403,0.0
4881,CVX,0.4868348719005269,0.5896525006578595,0.570358280041675,0.12582127272522908
4882,CVX,0.487577835830189,0.5930213248122858,0.5724347940048983,0.1046872888006601
4883,CVX,0.4886533239965125,0.5949498435645669,0.5745238332507112,0.07202010970765471
4884,CVX,0.48861542683363357,0.5997886926140286,0.5772685286583973,0.05981727303303074
4885,CVX,0.48806957349797564,0.5994539921661771,0.5793900340869518,0.06339791692064625
4886,CVX,0.48736572277202317,0.5960283254854791,0.5803272788075909,0.07240932892612097
4887,CVX,0.48613755855085206,0.5822903676299604,0.578029407010206,0.11326308077747006
4888,CVX,0.47430742774642987,0.4528362093586907,0.5474726315700592,0.0
4889,CVX,0.472730522634504,0.47300156004524063,0.5275007498653878,0.0
4890,CVX,0.4708280855392051,0.4914500706150342,0.5156159144633405,0.0
4891,CVX,0.469145040607728,0.5103943221586219,0.51031069268847,0.0
4892,CVX,0.4662338277532827,0.5229026130168372,0.5088413900246591,0.0
4893,CVX,0.4634894031352914,0.5316001999202403,0.5095954452654488,0.0
4894,CVX,0.4626099742521772,0.5461457648275397,0.5134255188732086,0.0
4895,CVX,0.4606388405486461,0.5553157148830609,0.5185238655139999,0.0
4896,CVX,0.45883449508156815,0.5648076275619236,0.5247082556836572,0.0
4897,CVX,0.4577427902611513,0.5787381827479189,0.5327461617318725,0.0
4898,CVX,0.4574092045337492,0.5939260592202426,0.5425458082067351,0.12472235167375792
4899,CVX,0.45828862323691766,0.6173126771798867,0.5555736791113856,0.059520567231171426
4900,CVX,0.459334844983732,0.6360341770414181,0.5701492065163147,0.0737772882156064
4901,CVX,0.458970935047879,0.6431568971642817,0.583389752894321,0.04726542156865288
4902,CVX,0.45869801994817117,0.6484978675042281,0.5951670460204078,0.07248685574564516
4903,CVX,0.45912363423896707,0.6592532094842524,0.6069748761214543,0.07322465744818024
4904,CVX,0.46064747962106356,0.6827171375945069,0.6216264446303533,0.1616037906868098
4905,CVX,0.46240633646184115,0.6986922164599562,0.6368916562875883,0.0
4906,CVX,0.46503157934268025,0.7167295647068979,0.65310528215804,0.0
4907,CVX,0.4682915377151291,0.7256227803644116,0.6680490790644582,0.0
4908,CVX,0.4820679427947727,0.7314110145728239,0.681288194899675,0.0
4909,CVX,0.4858585845323322,0.7412283432758301,0.6940573916395525,0.0
4910,CVX,0.4892166382348009,0.7436117589728504,0.704801492736401,0.0
4911,CVX,0.49244626499520106,0.7456407624638296,0.7138468935088317,0.0
4912,CVX,0.4956607291886508,0.7420437124853976,0.7202852343472307,0.0
4913,CVX,0.4994513709262094,0.7421535554429014,0.7254602748914961,0.0
4914,CVX,0.5021351452764007,0.7350312398966975,0.7280202726252802,0.0
4915,CVX,0.5057858340408039,0.7360269313228245,0.7302891578251322,0.1652084995908947
4916,CVX,0.5101526616515191,0.7451685332364083,0.7341322649073065,0.1521259208471347
4917,CVX,0.512768194270488,0.736928144883861,0.7353786794257553,0.2524013860296671
4918,CVX,0.515391335010972,0.7330290846947524,0.7355108324583997,0.08656085552718669
4919,CVX,0.5170440723920908,0.7288822607345834,0.7346966116840061,0.09838052526293552
4920,CVX,0.5184921003121872,0.7224412958460568,0.7326163531271748,0.10954640470094966
4921,CVX,0.5205693645807727,0.7159939961474306,0.7295218590121354,0.15077265995094194
4922,CVX,0.5227072772662593,0.7105602412017135,0.7258408240960548,0.0
4923,CVX,0.5238747865923807,0.7011725137275913,0.720813396047776,0.0
4924,CVX,0.5240567299921866,0.6972112697441197,0.7159126799975519,0.0
4925,CVX,0.5244812818667937,0.6942828190210244,0.711342451334841,0.0
4926,CVX,0.5250237985122723,0.698896427017048,0.7087097643009348,0.0
4927,CVX,0.526236803868291,0.7050719161141242,0.7079736027078428,0.0
4928,CVX,0.527753060563315,0.7124007252864133,0.7090105172672609,0.0
4929,CVX,0.5284505386430247,0.7143654435669601,0.7102759075961538,0.0
4930,CVX,0.529527080896492,0.7151972216057679,0.7114727438608858,0.0
4931,CVX,0.5301790712753522,0.7115244569207797,0.7116154363276629,0.0
4932,CVX,0.5298909880559961,0.6931985472854809,0.7076641184787774,0.12955005336093173
4933,CVX,0.5296635532535401,0.6830124344787097,0.7022433480153762,0.11742733733994241
4934,CVX,0.5299668082943443,0.674509847359017,0.6960204935784564,0.09820155070931276
4935,CVX,0.5300461193287456,0.67257668488993,0.6906133517783659,0.06474872808462355
4936,CVX,0.5292121735192348,0.6698000454926961,0.6856716607712964,0.05883017505210004
4937,CVX,0.5303190575646948,0.6750693051586552,0.6828872554898123,0.08275123372837427
4938,CVX,0.5306829443643064,0.674041972029632,0.6804318247665967,0.13669563402960486
4939,CVX,0.5310013508666653,0.6723020308600819,0.6780814866991306,0.0
4940,CVX,0.5318883536296566,0.6748334330965533,0.6767627897041624,0.0
4941,CVX,0.5322977494154602,0.6705473139864591,0.6747569872761485,0.0
4942,CVX,0.5331468531646726,0.6723063217489921,0.67354256860975,0.0
4943,CVX,0.5356486767114621,0.6877141844217094,0.6759891576761765,0.0
4944,CVX,0.5382869633608038,0.7048790986415252,0.6817543422324897,0.0
4945,CVX,0.5400458211270305,0.7084517135250704,0.6871590489062626,0.0
4946,CVX,0.5411072008135474,0.7100952850455665,0.6918474288176268,0.0
4947,CVX,0.5419714671297102,0.7115830276568292,0.6959281777914282,0.0
4948,CVX,0.5425021569729687,0.7113856852474798,0.6991489979701074,0.0
4949,CVX,0.544382318976596,0.7227540979876965,0.704247655071229,0.11338066792381159
4950,CVX,0.5477635751082977,0.7478643133426413,0.7138971022164993,0.09528276682555341
4951,CVX,0.5529188534240745,0.782939415432702,0.7293978201615657,0.07973085800862133
4952,CVX,0.5586503018803644,0.8006853265688845,0.7457351978262171,0.06284053079068422
4953,CVX,0.5644348248736781,0.818136992904154,0.762676627164516,0.07771645761804755
4954,CVX,0.5705453375037237,0.8334413163138906,0.779624925190644,0.07695660832557344
4955,CVX,0.5744117735670402,0.8229251079676299,0.7908506180956041,0.16139124039164587
4956,CVX,0.5786118009104566,0.8154898704203533,0.7981817182128139,0.0
4957,CVX,0.5821067661143386,0.8074610305787766,0.8022654576815689,0.0
4958,CVX,0.5862764794292508,0.8021506994891581,0.8043543903311712,0.0
4959,CVX,0.5903703725058147,0.7947362082338457,0.8043806846604048,0.0
4960,CVX,0.5937061372348662,0.782837351548135,0.8017620439747698,0.0
4961,CVX,0.5974664538385248,0.7708245701753972,0.797002181901228,0.0
4962,CVX,0.600787056000625,0.7604054718747615,0.7908828898946773,0.0
4963,CVX,0.6020607116244454,0.7420774667579922,0.7819215195995708,0.0
4964,CVX,0.6028340025389065,0.7265227984007828,0.771301731574099,0.0
4965,CVX,0.6038953822254234,0.7074776283662371,0.7585808665624041,0.0
4966,CVX,0.6056694034840504,0.6994856018611194,0.7466312007031114,0.14012482682554764
4967,CVX,0.6076378117383827,0.6957472792102066,0.7362421479053836,0.09799058553499414
4968,CVX,0.6088432348854766,0.6829917564451297,0.7251011842829851,0.09994633645429217
4969,CVX,0.6083428673997702,0.6655191641574552,0.7123122439057965,0.0754990176573816
4970,CVX,0.6069251710917216,0.6582926325221439,0.7004779373093316,0.09298016264492688
4971,CVX,0.6047720893611368,0.6607219745243332,0.6915494241590334,0.09580571260260415
4972,CVX,0.6034984392900151,0.6642469310802239,0.6851886000088045,0.1209073981048295
4973,CVX,0.6011861404265071,0.66034442926483,0.6792341986063606,0.0
4974,CVX,0.5988662658322221,0.6606306565636506,0.6745341749609994,0.0
4975,CVX,0.5982294482002581,0.6593854797997797,0.6704979224962508,0.0
4976,CVX,0.5972742064823944,0.6574700225907036,0.6668439900590449,0.0
4977,CVX,0.5958640877560217,0.6504131179205327,0.6623553203420983,0.0
4978,CVX,0.5942265305253969,0.645077256783007,0.6575806619848299,0.0
4979,CVX,0.5927405989642729,0.6411505991099568,0.6528898344127112,0.0
4980,CVX,0.5919976331837109,0.6421519814904869,0.6493593218653227,0.0
4981,CVX,0.5918460075142091,0.6485489946600813,0.6479540433906179,0.0
4982,CVX,0.591103041733648,0.6472474608616964,0.6465410846578554,0.0
4983,CVX,0.5958186009806203,0.6991941076887719,0.6569347092847023,0.18362789201695676
4984,CVX,0.6000792785918385,0.7340330991061922,0.6729783897530731,0.10369240931739797
4985,CVX,0.6059471901506797,0.7725935197854954,0.6943676873275728,0.10098934597049311
4986,CVX,0.6104732173107745,0.7937892972420844,0.7161812568347531,0.10059767701981141
4987,CVX,0.6146911391484879,0.8083535835257174,0.7368630950589031,0.08254228598058601
4988,CVX,0.6203392045919465,0.8248570910255668,0.7570697505968479,0.11396946826688939
4989,CVX,0.6270107247955536,0.8402866505742277,0.7766580123233074,0.1809117153976045
4990,CVX,0.6330909067390014,0.8501470092771597,0.7945160716735287,0.0
4991,CVX,0.6387794386526746,0.8593399889158815,0.8108419158564089,0.0
4992,CVX,0.6443137663350145,0.8641536000892884,0.8249704563716722,0.0
4993,CVX,0.6504091182490077,0.8653386466793032,0.8365361828838597,0.0
4994,CVX,0.6576265001173205,0.8799866336127888,0.8490383151018119,0.0
4995,CVX,0.664252541874573,0.8807942469640841,0.8592191841149079,0.0
4996,CVX,0.6711666724038805,0.8812277917905742,0.8674600581405638,0.0
4997,CVX,0.6778230392950331,0.8705410247199934,0.8716819746135124,0.0
4998,CVX,0.6843732682175352,0.8586501966505153,0.8724216127338683,0.0
4999,CVX,0.6894628870657202,0.8306061931136031,0.8667919618662187,0.0
5000,CVX,0.6974537097713354,0.8434220254551745,0.8651313418039888,0.17846875597122228
5001,CVX,0.7060357124852237,0.8634794020365743,0.8682524311196166,0.1262080422114799
5002,CVX,0.7153758426211727,0.879020197375482,0.8741969167317388,0.11421472969222428
5003,CVX,0.7193636051326822,0.8808821031929805,0.8793655556940991,0.06797531361615924
5004,CVX,0.7227296968465335,0.867367248976692,0.880502293234828,0.06366868438140082
5005,CVX,0.7246251796690002,0.8498630363076987,0.8775284990329765,0.09053187144842867
5006,CVX,0.7266948783867537,0.8282267252289377,0.8703496029944598,0.11360503457436767
5007,CVX,0.7289995857868412,0.8115031610212432,0.8608964832001937,0.0
5008,CVX,0.730819085491822,0.79796039977142,0.8503296227600716,0.0
5009,CVX,0.7320472617438387,0.7834566215443869,0.8386585750686318,0.0
5010,CVX,0.7333133360841826,0.7709419325303374,0.8265454427743393,0.0
5011,CVX,0.7346753894733222,0.7645946093194346,0.8154468287372092,0.0
5012,CVX,0.7368587991141551,0.7676179470657498,0.8072386433366602,0.0
5013,CVX,0.7388299328176879,0.7660955241629841,0.8003343563971836,0.0
5014,CVX,0.7376927402964197,0.7445378372938027,0.7900285083864409,0.0
5015,CVX,0.7375297427017049,0.7295597837341328,0.7784610560522045,0.0
5016,CVX,0.7369080774567447,0.7141526898106104,0.7657891407267741,0.0
5017,CVX,0.7366958079975889,0.697597356580473,0.7519789263406602,0.16925574541460564
5018,CVX,0.7352705239279178,0.6693368120989218,0.734661355409898,0.08248233959225504
5019,CVX,0.73589719559632,0.6538723384742225,0.7173766159314321,0.07281194962082468
5020,CVX,0.7324172273039027,0.6320322992166977,0.6987037680340453,0.07465270722789166
5021,CVX,0.7270951746334164,0.6064769632044351,0.6780962214214081,0.07327811925123502
5022,CVX,0.7204312431168818,0.5740074485232205,0.6544070548107103,0.08489201148088618
5023,CVX,0.7141994271748864,0.5466259699222986,0.6293813365709823,0.16297247048577035
5024,CVX,0.7086423482385227,0.5216531716554162,0.6038207255117813,0.0
5025,CVX,0.7039114672472628,0.5084720103475207,0.5804480904174415,0.0
5026,CVX,0.6995294752186982,0.49806589740721263,0.5594414607034541,0.0
5027,CVX,0.6951020056692299,0.4933882058694501,0.5415984445611638,0.0
5028,CVX,0.690659373552811,0.49273655330016697,0.5271794671912647,0.0
5029,CVX,0.6862319040033418,0.4919827634805574,0.5154770624216901,0.0
5030,CVX,0.6810008184055105,0.48445802424364526,0.5044458290903405,0.0
5031,CVX,0.675602944571227,0.48339537221269624,0.4953851006817559,0.0
5032,CVX,0.6691285284834763,0.4815671139672505,0.4877309319551382,0.0
5033,CVX,0.6627905754982777,0.48104946415966315,0.48149276007087716,0.0
5034,CVX,0.6566717291941977,0.46600972394619844,0.47316576389541465,0.19278196489850757
5035,CVX,0.6505574333260116,0.4593639869260865,0.46502985778669165,0.10696669257618739
5036,CVX,0.6445151429927458,0.4543799937666323,0.45741546970724045,0.08099708136021813
5037,CVX,0.6390414553982611,0.4553931973722085,0.4515487312081115,0.06325871449005077
5038,CVX,0.6345230169252387,0.4544797188739555,0.44665269174531297,0.07003697942830167
5039,CVX,0.6290265864057787,0.4518094783490295,0.4421434864359851,0.06638572561212323
5040,CVX,0.6236666365724126,0.44384236327278875,0.4367686747606938,0.10662214494517931
5041,CVX,0.6190572180704406,0.4398037976326544,0.43157289855302283,0.0
5042,CVX,0.6156833897456471,0.44009003292730753,0.42747977683729815,0.0
5043,CVX,0.612802494621504,0.44548264374550617,0.42540159155870727,0.0
5044,CVX,0.6099746758852858,0.4479415039945961,0.42428452387440563,0.0
5045,CVX,0.6071392758655909,0.4570065105885529,0.4254018765260906,0.0
5046,CVX,0.604728427720505,0.46942614293390506,0.42905096514732166,0.0
5047,CVX,0.6018323774330092,0.4774612089925576,0.4337527579109923,0.0
5048,CVX,0.5989211645785648,0.48677941587782764,0.43958136959253724,0.0
5049,CVX,0.5953579613452584,0.4865180095536267,0.44418626781665765,0.0
5050,CVX,0.5925225613255654,0.48768687732414473,0.4481294913406805,0.0
5051,CVX,0.5877463416308455,0.47141037381863937,0.44767324441186285,0.12551015673386715
5052,CVX,0.5807184974021089,0.43228949982391063,0.43862956111433715,0.13256653832951895
5053,CVX,0.574395702356612,0.41110332790669146,0.42669461394886093,0.09453631900931676
5054,CVX,0.5696429863064756,0.3984554315994197,0.4143408109912239,0.05824065419954711
5055,CVX,0.5642450930377487,0.38714403717532136,0.4019484167720637,0.06501474018284224
5056,CVX,0.5591269863323305,0.38249744243387895,0.3910036876272172,0.12960164183935116
5057,CVX,0.5533045661761378,0.3766147283170454,0.3809428663101371,0.13131443696363473
5058,CVX,0.5481796148451599,0.3790981158237091,0.37344513099149906,0.0
5059,CVX,0.5432441965265093,0.38209557891234,0.3681119084582226,0.0
5060,CVX,0.5388622063488446,0.38563343114814336,0.36463017761585476,0.0
5061,CVX,0.5343285988307249,0.3895543477900096,0.3627146202216072,0.0
5062,CVX,0.5304319707501826,0.4038658708861754,0.364357083221491,0.0
5063,CVX,0.526125801736316,0.4160199206552455,0.3683673425285473,0.0
5064,CVX,0.5220773963606034,0.4270322646347453,0.3740185596275835,0.0
5065,CVX,0.5176347642441845,0.43857065549089225,0.38109924269281087,0.0
5066,CVX,0.5129343684896108,0.45021791720081494,0.3893476507502863,0.0
5067,CVX,0.5085675492079433,0.4616459617596822,0.39848160704639407,0.0
5068,CVX,0.503518406084468,0.46607240894794244,0.4067707476945831,0.12699541496590405
5069,CVX,0.5002887765477197,0.48282836771955256,0.41711924967861713,0.0741470536782441
5070,CVX,0.4977869604045271,0.5056176515386389,0.430453690688981,0.0867432885262901
5071,CVX,0.4969754798850996,0.5252263378101975,0.4454712901304788,0.07750217810014332
5072,CVX,0.4986025591748664,0.5412347273732592,0.46103671627352316,0.06881557176605807
5073,CVX,0.49966243037846514,0.5555733407170158,0.4766699758806775,0.09799634961079519
5074,CVX,0.5004812219500732,0.5663805884058494,0.49157409407638514,0.16148721225373347
5075,CVX,0.5016487497851871,0.5754830203766242,0.5055166979839246,0.0
5076,CVX,0.5027412023689157,0.5838332949211743,0.5185232297220572,0.0
5077,CVX,0.5044848864627971,0.593216937526503,0.531010149029087,0.0
5078,CVX,0.5060011431578211,0.6026161328794226,0.5430848286569159,0.0
5079,CVX,0.5072596362146911,0.605564447546315,0.5533986348553978,0.0
5080,CVX,0.5081693902317053,0.60256614187935,0.5609845271725795,0.0
5081,CVX,0.5088820308783655,0.596660796926273,0.565743182536159,0.0
5082,CVX,0.5092610950521221,0.597134279536564,0.5696551455535468,0.0
5083,CVX,0.5096856469267284,0.5967594182107658,0.5727015556666788,0.0
5084,CVX,0.510352799872539,0.5986444744017827,0.5755568699744341,0.0
5085,CVX,0.5128394608523772,0.6216900617700432,0.5829536199507914,0.11808300096231245
5086,CVX,0.5160690792837306,0.6486833506450858,0.5948592877721544,0.08936810454419561
5087,CVX,0.5201932984196445,0.6800081939462194,0.6113330142010563,0.0717435781710991
5088,CVX,0.5254850426143225,0.710762179113029,0.6313345467267565,0.061171686744383696
5089,CVX,0.5296547485256378,0.7326446394575966,0.6521902398763173,0.06360326212105885
5090,CVX,0.5343248219226586,0.7622723580321177,0.6754474916001448,0.08271290262429724
5091,CVX,0.5381385073563276,0.774611606657156,0.6967906669263593,0.15021829996077546
5092,CVX,0.5424862320206021,0.7881329045321119,0.7168648102960231,0.0
5093,CVX,0.545929647828471,0.7874640275460634,0.7327757394221706,0.0
5094,CVX,0.5498719041301374,0.789522195206242,0.7459610724801353,0.0
5095,CVX,0.5536473833007465,0.7873375288553139,0.756024686340764,0.0
5096,CVX,0.5578019266451104,0.78872490133981,0.7643833560800958,0.0
5097,CVX,0.5617441940521708,0.787913376697841,0.7708902609409994,0.0
5098,CVX,0.5653832101202276,0.7836704925375493,0.7751545313616951,0.0
5099,CVX,0.5695680785984925,0.7800514407720555,0.7777630869797995,0.0
5100,CVX,0.5744382951029081,0.7776838758416424,0.7793247041484024,0.0
5101,CVX,0.5788809272193278,0.765432790751504,0.7778561823850183,0.0
5102,CVX,0.5825502739739816,0.7502503674112453,0.7733132530763198,0.10586301616218034
5103,CVX,0.5870687096706559,0.7454842225414552,0.768621574519957,0.09153626165676254
5104,CVX,0.5932474575537761,0.7610442545669147,0.7683201133556461,0.07595711758167047
5105,CVX,0.5976142842390413,0.7724251985934898,0.7706037253585185,0.07926785861990156
5106,CVX,0.6007074608531839,0.774132075346072,0.7728092733455773,0.056788827607156325
5107,CVX,0.6027240850339144,0.7720193390739687,0.7741050163223833,0.06878113141314676
5108,CVX,0.6033912416815239,0.7602385981937264,0.7725281377004322,0.13886177371564143
5109,CVX,0.6040129097028322,0.747716938899171,0.7684887943549138,0.0
5110,CVX,0.6034518845457271,0.7368189168967062,0.7628396715370631,0.0
5111,CVX,0.6036793174972832,0.726630039371306,0.7560600437654599,0.0
5112,CVX,0.6034283770142563,0.7176282194391008,0.7486393522574863,0.0
5113,CVX,0.6045655695355237,0.7158431852756995,0.742306802004435,0.0
5114,CVX,0.6050962593787821,0.7109717626977683,0.7361600715869236,0.0
5115,CVX,0.6066428412077052,0.7157625194200155,0.7323054823255427,0.0
5116,CVX,0.6075829203586203,0.7165593365312348,0.7293985790866222,0.0
5117,CVX,0.6079164968315256,0.7092362256006556,0.7254484767757129,0.0
5118,CVX,0.608416861540884,0.7026778844965293,0.720833473916759,0.0
5119,CVX,0.6054298469570831,0.6586578714799824,0.7073759469654529,0.13757552020063593
5120,CVX,0.6019242707326846,0.620145551763734,0.6880662430588118,0.09997025736886656
5121,CVX,0.5989631696643363,0.587539801746737,0.6653851277792373,0.07641694672869964
5122,CVX,0.596309720448045,0.5619227670023536,0.6415572798389482,0.062298131257804916
5123,CVX,0.593747266067898,0.5521584554561816,0.620328858891605,0.05052414182277945
5124,CVX,0.5900294109447577,0.5529157120875029,0.6035141140947388,0.07623408142391117
5125,CVX,0.5866102446938823,0.5584548354083503,0.5912911331007836,0.0874823871458804
5126,CVX,0.5836383769443882,0.5630908110478458,0.5825412063034134,0.0
5127,CVX,0.5808484609237468,0.5677393819749268,0.5765725170376682,0.0
5128,CVX,0.5788166732506168,0.5721730633362131,0.5727811460858575,0.0
5129,CVX,0.576951677515738,0.576387857643258,0.5706830712596423,0.0
5130,CVX,0.5750715192139086,0.5803831274000426,0.5698909333844252,0.0
5131,CVX,0.5737372133222882,0.5898296973925253,0.5713528769909977,0.0
5132,CVX,0.5719025427213094,0.5921019308000636,0.5730265105864474,0.0
5133,CVX,0.5694158817414694,0.5931936958679658,0.5746076177250843,0.0
5134,CVX,0.5670656838641834,0.5935199333127886,0.575944876876969,0.0
5135,CVX,0.5636541063003815,0.5916966380856024,0.576610199208788,0.0
5136,CVX,0.5627141687432617,0.6167275137506669,0.5826953775965611,0.11124478963573058
5137,CVX,0.56245639770151,0.6372574099347221,0.5921179307623677,0.06659395285043636
5138,CVX,0.5628202974574164,0.660384642269272,0.6047865841762847,0.0564942833337224
5139,CVX,0.5673084043183918,0.6868292459795157,0.6207880528729727,0.08349436720102531
5140,CVX,0.5726001253768294,0.7123076573575217,0.6392414309457917,0.07469406447176424
5141,CVX,0.5788515145787736,0.739659261362472,0.6600718908900298,0.07692937306741346
5142,CVX,0.5851136389965772,0.759405429793229,0.6811168049111472,0.12849263365522814
5143,CVX,0.5902234138788609,0.7698761675263953,0.7002755943140797,0.0
5144,CVX,0.595662218499954,0.787733685063336,0.7195641882258282,0.0
5145,CVX,0.6001427570337485,0.7931378985798216,0.736193949424745,0.0
5146,CVX,0.6046612019849187,0.7954231810456561,0.7500047319342099,0.0
5147,CVX,0.6103926522921075,0.8093249785682362,0.7641373721725739,0.0
5148,CVX,0.6169428812146087,0.8275314817468543,0.7794824667182172,0.0
5149,CVX,0.6236144106727126,0.8410011409824011,0.794746689801051,0.0
5150,CVX,0.6307863048401741,0.854900659841913,0.8100415769930257,0.0
5151,CVX,0.6378672236059328,0.8679478692237043,0.8251719167179965,0.0
5152,CVX,0.6456001327505536,0.8772583261000142,0.839341646684591,0.0
5153,CVX,0.6526810468890654,0.8732280233022025,0.8497833368428284,0.1272213667373054
5154,CVX,0.6591402939317179,0.8593068667015152,0.8550483800657769,0.08203821755178373
5155,CVX,0.6660619974154542,0.8485315176617144,0.856869980621016,0.06050752111020711
5156,CVX,0.6698373460976628,0.8279755297187006,0.8537670623397351,0.05319507044709342
5157,CVX,0.6739160803090742,0.8138190077426648,0.8481442046879795,0.06758061852568198
5158,CVX,0.6771153828610244,0.7977947569202269,0.8400910532699175,0.07328474793840624
5159,CVX,0.6797233462273633,0.7852996873896341,0.8308765904362384,0.12584778747391395
5160,CVX,0.6822555004607507,0.7782887669268606,0.8219496976692354,0.0
5161,CVX,0.6813912230391912,0.7409543757094876,0.8065258161124663,0.0
5162,CVX,0.6849695990193929,0.7603383882595283,0.7984869152440086,0.0
5163,CVX,0.6871681712271771,0.7548824306701014,0.7908454294276772,0.0
5164,CVX,0.6876685359365338,0.7411929967564296,0.7816953378897388,0.0
5165,CVX,0.6886692653552497,0.7280801385275786,0.7714662709613825,0.0
5166,CVX,0.6891241423637569,0.7104149726265877,0.7593641268623167,0.0
5167,CVX,0.6881385755119913,0.6933354938683985,0.7458934515252579,0.0
5168,CVX,0.6856064268313027,0.6710689196921237,0.7301772312236524,0.0
5169,CVX,0.6822706621022503,0.6455074795062992,0.7119336325204471,0.0
5170,CVX,0.673779618131972,0.5726488013100361,0.6811755775348539,0.5400417376728754
5171,CVX,0.6634918201580362,0.5005834986000841,0.640581962193694,0.29940454214937195
5172,CVX,0.6527264068778642,0.44198576605209683,0.5951075825683856,0.19840928800118277
5173,CVX,0.6409299316414803,0.3780301184256993,0.5445399764231882,0.1944623370964102
5174,CVX,0.6278749605718783,0.30854420723667975,0.48867093969246,0.23809134734407236
5175,CVX,0.6153279456750553,0.2662665452334439,0.4345967137392097,0.29353800990095297
5176,CVX,0.6035617789144787,0.23651128243659453,0.3847363410000405,0.3009664625895629
5177,CVX,0.5919472563323973,0.2236057193982962,0.34198503606430036,0.0
5178,CVX,0.5805753320451705,0.21803613053695126,0.3065484187101721,0.0
5179,CVX,0.5697644218096523,0.22669491345549908,0.2801200138125396,0.0
5180,CVX,0.5576192056825144,0.2275065303651012,0.25915734129390905,0.0
5181,CVX,0.5498408088370441,0.25205098877627485,0.24783221561673946,0.0
5182,CVX,0.5378017306785576,0.27721624721069443,0.2443548474523996,0.0
5183,CVX,0.5199402268111797,0.21583094067854425,0.22795506224174134,0.0
5184,CVX,0.5072643208407834,0.22321486866568213,0.21647330562147954,0.0
5185,CVX,0.4935573603177712,0.2208341537216783,0.20675975576304056,0.0
5186,CVX,0.47971393669220586,0.21581190070048134,0.19787476500746454,0.0
5187,CVX,0.46348998820455556,0.18730446657965677,0.1844426022826155,0.47978581847138435
5188,CVX,0.44644725462344415,0.15257477300980266,0.1659923382806528,0.2578014604438857
5189,CVX,0.42998071061728727,0.12968541715003912,0.1461542873903291,0.1782226299345172
5190,CVX,0.4171835004094895,0.10636984786291137,0.12511145459253403,0.15388943983846753
5191,CVX,0.4069631584600293,0.10762841435663151,0.10855639231844194,0.1413803866369125
5192,CVX,0.39803240745179025,0.1255665456974232,0.09929178848368647,0.19269218941790614
5193,CVX,0.3904662782145767,0.14064113130970035,0.09522429428613732,0.26759678675830395
5194,CVX,0.38505324921693873,0.16017207506020442,0.09630309893971656,0.0
5195,CVX,0.379837325260608,0.19156089188693692,0.10412952690293686,0.0
5196,CVX,0.37459108079762604,0.22002936520535404,0.11670619621888212,0.0
5197,CVX,0.3689657684590877,0.24863391308073396,0.13311324578305128,0.0
5198,CVX,0.3607779823059616,0.24627002658189695,0.14571447414221034,0.0
5199,CVX,0.3492544314237831,0.2193264955735018,0.1498182274156643,0.0
5200,CVX,0.340354004623995,0.22204690499249624,0.15370473338341034,0.0
5201,CVX,0.32876980347401386,0.21774357132535022,0.1558592743993581,0.0
5202,CVX,0.31571483332986183,0.20403534834942388,0.15454183610832856,0.0
5203,CVX,0.3119241915923032,0.21798668919210845,0.15658289053708657,0.0
5204,CVX,0.29988510510476996,0.19092071397638494,0.15221134129563657,0.4227448125479319
5205,CVX,0.2889225710506489,0.17411403161271383,0.14498565977132227,0.2692167802621905
5206,CVX,0.2807196251069204,0.18958623123855017,0.14263751124375412,0.23231343776109462
5207,CVX,0.27426037991516683,0.19718962305363985,0.14244575044863356,0.14662627202345285
5208,CVX,0.27059863017663144,0.2223331282377604,0.1478702483871272,0.1606806739472708
5209,CVX,0.2661105001794164,0.23619562968153557,0.1552851434150272,0.17392464681346037
5210,CVX,0.2621682466540989,0.24664490164617353,0.16353515559635218,0.195919639560812
5211,CVX,0.2576429885426572,0.26615374626931604,0.1744630628198755,0.0
5212,CVX,0.2533822970496953,0.2995813481576138,0.19062106270539236,0.0
5213,CVX,0.24924292737767662,0.32618298533132634,0.20944884532872748,0.0
5214,CVX,0.24492159579686046,0.3505691419188207,0.22992096563913322,0.0
5215,CVX,0.23966018506512832,0.37294161819987875,0.2512618355430063,0.0
5216,CVX,0.23386808449013952,0.3862666026740343,0.27129058385261307,0.0
5217,CVX,0.2277424074422445,0.39733293728036667,0.28976856958763025,0.0
5218,CVX,0.22533155929715498,0.42162042245499254,0.30993896284101435,0.0
5219,CVX,0.22480086945389743,0.43486033080628683,0.3290124563015961,0.0
5220,CVX,0.22176835606385037,0.43826315309588926,0.345026142827688,0.0
5221,CVX,0.2190087744316056,0.4351226184926438,0.3571403869359334,0.19344541002320903
5222,CVX,0.21611272784590874,0.4183021028439224,0.36310027127614614,0.18943649530357512
5223,CVX,0.21179138701059586,0.41122554945712614,0.3662982960540539,0.19858624512827516
5224,CVX,0.2118368728605473,0.4149560203469417,0.36968429412970016,0.13761918307482893
5225,CVX,0.21163975208659735,0.41697591588941973,0.37284119195201537,0.16468382459110367
5226,CVX,0.20954731044386765,0.42295781392143317,0.37669375145240547,0.15353898402976338
5227,CVX,0.2070758046273813,0.41617171651048823,0.37827035193676717,0.15592833755119578
5228,CVX,0.2035341303882463,0.4154215368805648,0.3793652103453307,0.0
5229,CVX,0.20171462883236568,0.4263076764879697,0.3826561091893623,0.0
5230,CVX,0.20004674276604195,0.43397623165999544,0.3869900423156286,0.0
5231,CVX,0.19719618017939755,0.43577262887791535,0.3908557066755892,0.0
5232,CVX,0.1947550069004098,0.45802810597526855,0.3988854563880225,0.0
5233,CVX,0.19308712453588317,0.4828319004361552,0.4108118003412494,0.0
5234,CVX,0.19202574484936719,0.5108956180277511,0.4265786102896262,0.0
5235,CVX,0.1907369266585972,0.5317455544287758,0.44381746733426963,0.0
5236,CVX,0.19023656194923966,0.551000624380495,0.46188015235485125,0.0
5237,CVX,0.18987266034243255,0.5663817690758751,0.47974249717891465,0.0
5238,CVX,0.18777264389437676,0.5724542141631551,0.49537950149651444,0.2050866816129152
5239,CVX,0.18766651518022126,0.5922936903611332,0.5122903506763101,0.14741710322335763
5240,CVX,0.18781813437157613,0.601993126162161,0.5279707803957681,0.12717972128964278
5241,CVX,0.18696903432416168,0.5905824373678138,0.5379837445732827,0.10804500705666979
5242,CVX,0.1868325767743073,0.5735846328499851,0.5422232747028497,0.14832206312412333
5243,CVX,0.1860896258009399,0.5577283812399383,0.5420973029320869,0.12453314588558828
5244,CVX,0.18364845159650223,0.5336708048532943,0.5366595244683627,0.17948957379558914
5245,CVX,0.18166216087871945,0.5177201116812246,0.5287707546387199,0.0
5246,CVX,0.17964554410158673,0.5081308311498056,0.5203324255571347,0.0
5247,CVX,0.17925131828633045,0.5065551454441094,0.5132322077014093,0.0
5248,CVX,0.1778727376992144,0.49770505614894395,0.5055887044814351,0.0
5249,CVX,0.17681135801269843,0.5049010986901524,0.5010702924129729,0.0
5250,CVX,0.175219288482924,0.5027705130899851,0.4969829075997485,0.0
5251,CVX,0.17438534730066113,0.5046946654661207,0.49413985917512293,0.0
5252,CVX,0.17185319861997161,0.5070251591711122,0.4923824237754071,0.0
5253,CVX,0.16973043924693787,0.5202979682176448,0.49392095309714845,0.0
5254,CVX,0.16768349270865546,0.539759386748809,0.49946915289411353,0.0
5255,CVX,0.16665243537969143,0.5650500944522996,0.5095182751310932,0.1903993841661414
5256,CVX,0.1656062099310791,0.5872330168518265,0.522478695404987,0.13807108661763168
5257,CVX,0.1645069201253886,0.6038939719493,0.536543145204791,0.11820750499961524
5258,CVX,0.1643022338006075,0.620676931884021,0.5515178845248,0.10435037857008841
5259,CVX,0.16308922381734003,0.6369346073265807,0.5671043248579047,0.10499292892001105
5260,CVX,0.16231594123192394,0.6483008999018451,0.5820950077391543,0.10321658486002086
5261,CVX,0.16330149882919365,0.6575950000527401,0.5961493836083676,0.11177349948858237
5262,CVX,0.16130291162498622,0.6222467062577224,0.5995511184514458,0.0
5263,CVX,0.1635469659809239,0.6395252407814093,0.6061056254798688,0.0
5264,CVX,0.16671595357891889,0.6509747302856469,0.6138892183602995,0.0
5265,CVX,0.17036816108022101,0.6669807490109452,0.6236669133011097,0.0
5266,CVX,0.17394652688047696,0.6798912216650863,0.6343531651612798,0.0
5267,CVX,0.17728229160952846,0.6912376443252382,0.6454192892658008,0.0
5268,CVX,0.18142167238694373,0.6995115427155694,0.6561076936586283,0.0
5269,CVX,0.18478776224989524,0.7090631183355994,0.6667773658261714,0.0
5270,CVX,0.18851775371965296,0.7105741831896422,0.6756483224774681,0.0
5271,CVX,0.19168673021225224,0.7066273949661688,0.6818695210937434,0.0
5272,CVX,0.19360478660240954,0.6878847704746162,0.6826885629576563,0.23227107180395684
5273,CVX,0.19617408468266717,0.6899643889177872,0.6838051449084329,0.16586459551894983
5274,CVX,0.19882752464446174,0.6996759686605893,0.6868528548911964,0.09711084346585808
5275,CVX,0.20134451631089867,0.7139596278349691,0.692459750381172,0.09555454299957317
5276,CVX,0.20302756216782392,0.7163737295271526,0.6974808179463861,0.10957796301596043
5277,CVX,0.20486980849958059,0.7178782461699262,0.7018314382420406,0.0970487355491017
5278,CVX,0.2058856977088963,0.7121254226546752,0.7040357117771868,0.1491604479493868
5279,CVX,0.20655284602745994,0.7057336909590799,0.7043811706992843,0.0
5280,CVX,0.20765971156392649,0.7035524103837288,0.7041736363612858,0.0
5281,CVX,0.2087362538173938,0.70125912417001,0.7034988597664014,0.0
5282,CVX,0.21382799542495246,0.7018245210896865,0.7030844677483647,0.0
5283,CVX,0.2165269323420942,0.7192246963616166,0.7066130584168345,0.0
5284,CVX,0.21854355374647483,0.7221310199818153,0.7100806780348146,0.0
5285,CVX,0.2201679195438544,0.7261887639246729,0.7137549551657616,0.0
5286,CVX,0.22163868853802704,0.7273231606811369,0.7169460346676217,0.0
5287,CVX,0.22303364469744924,0.7280438656268089,0.7196587815004003,0.0
5288,CVX,0.22438311315601922,0.7270579798843612,0.7216102672745052,0.0
5289,CVX,0.223620894321086,0.7051167089858752,0.7183039420645391,0.22053728679764376
5290,CVX,0.22342377354713605,0.6884010759288536,0.7119506384020959,0.15988955454357598
5291,CVX,0.22365879148396584,0.6753226604593466,0.7039666426536546,0.1332151409590327
5292,CVX,0.22450032598054914,0.6566538335933614,0.6934379005005677,0.12859826034428248
5293,CVX,0.22424332861469942,0.6467014925431586,0.6828070511839806,0.14975659748911094
5294,CVX,0.22327292525533338,0.6393968993857396,0.6726819000463091,0.13137640077849608
5295,CVX,0.2220599152720668,0.6382871571956018,0.6643355907780596,0.14044646225524654
5296,CVX,0.221620208234107,0.6382643099017704,0.657653474854931,0.0
5297,CVX,0.22101371481059395,0.6368600853193706,0.6519962649483558,0.0
5298,CVX,0.22127147382149914,0.6395430626832298,0.6480656963386946,0.0
5299,CVX,0.22058915830873804,0.6299372634324797,0.6427902636735,0.0
5300,CVX,0.22033139467058493,0.6309115257507534,0.6387860506600436,0.0
5301,CVX,0.22075594654519115,0.6396485598875181,0.6375209287073597,0.0
5302,CVX,0.22022525670193271,0.6387357627937218,0.6363063336464163,0.0
5303,CVX,0.21769310802124409,0.6330214788837646,0.6340669846317398,0.0
5304,CVX,0.21637396469657322,0.6325431564431654,0.6321693930117781,0.0
5305,CVX,0.2140086042523368,0.6231170638827854,0.6285602085807374,0.0
5306,CVX,0.21035441543738465,0.6002601795920753,0.6206022249322196,0.2565626164523439
5307,CVX,0.20701865533558106,0.5872399082878129,0.6113473840616128,0.1420539188942658
5308,CVX,0.203637411234725,0.5765775983497191,0.6015781542572579,0.11816557134816257
5309,CVX,0.20231052467289157,0.5720445593004071,0.5927571481613921,0.08658434413607599
5310,CVX,0.2014007845376229,0.5752103569582849,0.5864026528250913,0.09129777302049388
5311,CVX,0.20010439154152504,0.5746179460555838,0.5811876344394906,0.0940388792676857
5312,CVX,0.1996646641436728,0.5765847246188208,0.5774519354713298,0.11749131858133413
5313,CVX,0.19900508322684107,0.5812215448477026,0.5754920216607023,0.0
5314,CVX,0.19867151508298253,0.5897869394734016,0.5758242620738476,0.0
5315,CVX,0.19780725061771864,0.5956638431234307,0.5773938033951145,0.0
5316,CVX,0.19700363456935577,0.6022877084618357,0.5801188935445154,0.0
5317,CVX,0.19645778215914778,0.6094213145493793,0.5838815050914099,0.0
5318,CVX,0.19551770300823357,0.6146398229959673,0.5880492830585049,0.0
5319,CVX,0.1955935158429849,0.6188137761401789,0.5923094670478999,0.0
5320,CVX,0.1947140869598707,0.6198886065654062,0.5959560576724832,0.0
5321,CVX,0.1934859190369016,0.6248790531602739,0.5999804250130566,0.0
5322,CVX,0.1929703917605945,0.6292729864869262,0.6041746815294494,0.0
5323,CVX,0.1921494947910487,0.624364585587879,0.6064411931517524,0.14169683439839043
5324,CVX,0.1903299849061213,0.6133026406096546,0.6058003891698249,0.10350320352922833
5325,CVX,0.18970074393038416,0.6092888114610577,0.6043973067303567,0.10198062290637959
5326,CVX,0.19091375391365073,0.6117014548381214,0.6038100684352493,0.0670000319906207
5327,CVX,0.19191448888506457,0.615943917084279,0.6042814376685612,0.07032186887476882
5328,CVX,0.1939694729534951,0.6304234195555299,0.6078707069919693,0.10950749718929254
5329,CVX,0.1950881796181445,0.6343673104487435,0.6116170464034871,0.1027142456539589
5330,CVX,0.19581597635360826,0.6390355790396905,0.6156497398905277,0.0
5331,CVX,0.19684702627897632,0.6423286357666788,0.6196064357337429,0.0
5332,CVX,0.19798422805473948,0.6477705871146741,0.6239790503455158,0.0
5333,CVX,0.19898495747345546,0.6527727388037501,0.6285868335671719,0.0
5334,CVX,0.20025861309727588,0.6639010485839394,0.6347417959803497,0.0
5335,CVX,0.2011683671142892,0.6668185489283079,0.6403129924703178,0.0
5336,CVX,0.20250267300591052,0.6751228236426159,0.6466121935414548,0.0
5337,CVX,0.2035034024246256,0.6789637449502752,0.6525036352859572,0.0
5338,CVX,0.20441315644163982,0.6797793132717792,0.6573977166734692,0.0
5339,CVX,0.2059597382705638,0.68697620413488,0.6629095604851329,0.0
5340,CVX,0.20821896444794774,0.6977164727539088,0.6697016872174433,0.1776129348166606
5341,CVX,0.21219156161615782,0.7288040619970603,0.682031947661296,0.12041543423520945
5342,CVX,0.21620965111246626,0.7529755439494179,0.6972584261975776,0.07081815580123968
5343,CVX,0.22081360113249815,0.7687900949191333,0.7129479539125768,0.06271242420600576
5344,CVX,0.22610534532717708,0.7801104885516549,0.7280109243475728,0.07638164176441818
5345,CVX,0.23044940595122476,0.7809950670926757,0.7402575381105031,0.08988024267911937
5346,CVX,0.23424004768878426,0.779018834283454,0.7496164160237571,0.12138985124937783
5347,CVX,0.23786389100994398,0.7760262447107951,0.7564396337873458,0.0
5348,CVX,0.2406842703896439,0.7739102099656835,0.7614287808427591,0.0
5349,CVX,0.24415649266855066,0.7706016989420079,0.7646861290084539,0.0
5350,CVX,0.2474467696967526,0.7659740305077356,0.7662653924372075,0.0
5351,CVX,0.25117676116650944,0.7655190461902331,0.7674278681674765,0.0
5352,CVX,0.2541789494226565,0.7583750587587678,0.7667730062975089,0.0
5353,CVX,0.25645333446519203,0.7440104223179593,0.7630624250710841,0.0
5354,CVX,0.2573176007813549,0.7229498042885127,0.7554218127934101,0.0
5355,CVX,0.25859125640517444,0.7046132664413729,0.7452414933562745,0.0
5356,CVX,0.2594251975874382,0.6908531153610624,0.7340446468246735,0.0
5357,CVX,0.2618360448070751,0.695093200453778,0.726027802114322,0.19401634173130355
5358,CVX,0.26486855356987515,0.7030807330918432,0.7213863032637522,0.0885814522992466
5359,CVX,0.2664152816198424,0.698798164957102,0.7167230471097109,0.10896091870145747
5360,CVX,0.26812865908881633,0.7022978670426792,0.7137688260330937,0.07936570380662447
5361,CVX,0.2678102350029148,0.7046413837357909,0.7119253415684424,0.07963013078399789
5362,CVX,0.2672188958173054,0.7034759798766052,0.7101920174959193,0.09025591631945315
5363,CVX,0.26727197035432937,0.7073046007115799,0.709654710353711,0.14763008582420664
5364,CVX,0.2675139584447068,0.7120752713984999,0.7102832037694695,0.0
5365,CVX,0.2683479088814664,0.7153101978268093,0.7115036437651632,0.0
5366,CVX,0.2690908802147254,0.71489321424156,0.7123874909393146,0.0
5367,CVX,0.2701977476020936,0.7179757520967092,0.7137784076280086,0.0
5368,CVX,0.26858232771921564,0.6904391463567011,0.7087823421828401,0.0
5369,CVX,0.2671418838589421,0.6701478408140488,0.700284008996385,0.0
5370,CVX,0.2654285137935659,0.6502672524261931,0.6890749762765815,0.0
5371,CVX,0.26347254265698616,0.6364320504378628,0.6770385096123352,0.0
5372,CVX,0.2619259608280613,0.6249141908946528,0.6648541816196918,0.0
5373,CVX,0.26116783248054976,0.6175763432153094,0.6534788702636194,0.0
5374,CVX,0.26269926192246995,0.6294011612579653,0.647001872385006,0.15799519103155918
5375,CVX,0.26488266601060584,0.6452821169211331,0.6453433503738132,0.11929360098242907
5376,CVX,0.2661563327398211,0.6486999204786509,0.644774748009493,0.07798794558827725
5377,CVX,0.2655043534663566,0.6450625176581776,0.6435129343494478,0.07741643747260263
5378,CVX,0.2644581326449922,0.6429818667216125,0.6420419059104994,0.06112643874934542
5379,CVX,0.2645186339154,0.6440344844276119,0.6410985988597107,0.09639177500967644
5380,CVX,0.26415472397954876,0.6475299465948186,0.6411193964701665,0.12663833047002868
5381,CVX,0.2636470867907521,0.648865936418949,0.6414324143341047,0.0
5382,CVX,0.26355610120910455,0.6522671821857969,0.6424373706425981,0.0
5383,CVX,0.26310122605149644,0.6561345947261914,0.6440992934672664,0.0
5384,CVX,0.262434679608365,0.6591206870579313,0.6460912749276437,0.0
5385,CVX,0.260918422913341,0.6519342192324888,0.6460905936705574,0.0
5386,CVX,0.2596599298564719,0.646994861516524,0.644994287525923,0.0
5387,CVX,0.25850757476825326,0.6485104766672783,0.6444534709782189,0.0
5388,CVX,0.2600086688963268,0.6505997897396056,0.6444843168837578,0.0
5389,CVX,0.26135813735489766,0.6522558588982041,0.6448763806920533,0.0
5390,CVX,0.26275309351431986,0.6502897518335073,0.6447538649655126,0.0
5391,CVX,0.2625635521729448,0.63253847949361,0.6407178597310287,0.19932937860092623
5392,CVX,0.2608198671536144,0.6003893586347565,0.6303570032980313,0.14036951184330243
5393,CVX,0.25983430492909676,0.5857559647585872,0.6188220045086971,0.11360661969521296
5394,CVX,0.2581209274601237,0.5839818280577231,0.6092004259545855,0.10029376612320078
5395,CVX,0.25548265561797745,0.5792474502899747,0.6004528753059986,0.09812892335421945
5396,CVX,0.2535494144500765,0.5752537324341804,0.5925688570794957,0.09658588026227698
5397,CVX,0.25088078785964196,0.5583151138636053,0.5825039312644217,0.16754424720737732
5398,CVX,0.248469948043601,0.5497224215404237,0.5725457633520051,0.0
5399,CVX,0.24572552620195687,0.5429565202808672,0.5630782622776841,0.0
5400,CVX,0.24295077367371487,0.5411346198958906,0.5551000858642943,0.0
5401,CVX,0.24024395222175876,0.540286684344309,0.5485294363034585,0.0
5402,CVX,0.23765115327326924,0.5445060522704919,0.544208953214678,0.0
5403,CVX,0.23492189122222662,0.5486964482631129,0.5416821760875464,0.0
5404,CVX,0.23275364414834332,0.5595159091993627,0.5420609743173065,0.0
5405,CVX,0.23102511151601668,0.5645834857011709,0.5434882184595553,0.0
5406,CVX,0.2290539778124856,0.5674918048984997,0.5452752035610549,0.0
5407,CVX,0.22684024303775097,0.5733133825850822,0.547996266964199,0.0
5408,CVX,0.22545286260910657,0.5889953433845652,0.553652048392889,0.13582064732300467
5409,CVX,0.22467957909824232,0.6089603059346994,0.5626057575101856,0.09514860796128385
5410,CVX,0.22331494437092303,0.6151325267097477,0.5711379877842181,0.09337874848656984
5411,CVX,0.22229905516160553,0.6081091602127847,0.5764056884398244,0.10642861610015888
5412,CVX,0.22307233774702073,0.6049136999316514,0.57991095898336,0.08370446776397378
5413,CVX,0.22343622454663237,0.6082750375864043,0.5834608641066417,0.09870633964759017
5414,CVX,0.22260227873712157,0.6067720073858323,0.5859673517183417,0.10528387064606931
5415,CVX,0.22214890873081306,0.6063020062123661,0.5878682754130069,0.0
5416,CVX,0.22192905428638188,0.607986596944953,0.5897627287595522,0.0
5417,CVX,0.2230662514348989,0.6104983263874182,0.5918355006273178,0.0
5418,CVX,0.22367275411290777,0.6105373902570911,0.5935023841612843,0.0
5419,CVX,0.22512836054013086,0.6194610329422788,0.5968155372167182,0.0
5420,CVX,0.22664461723515483,0.6297467939990363,0.601747882096045,0.0
5421,CVX,0.2279334354259248,0.6347983551154992,0.6068144106593931,0.0
5422,CVX,0.22905546538024169,0.6406731722238302,0.6121709196164882,0.0
5423,CVX,0.22991973169640456,0.6421443484436647,0.6167824966915664,0.0
5424,CVX,0.23011684506675856,0.6422100031434149,0.6204863233766207,0.0
5425,CVX,0.23022299043900674,0.6368792389118658,0.6222667928530454,0.11179569118041643
5426,CVX,0.2309659599213676,0.6380316498462129,0.6239468225476531,0.08593185075539654
5427,CVX,0.2321789708300841,0.6469989215650878,0.6272801713202999,0.05666461177364359
5428,CVX,0.23179990665632744,0.6462685106692997,0.629784813911597,0.0486819431967622
5429,CVX,0.23111757263457378,0.6492862320573815,0.632457987864934,0.05439025156444222
5430,CVX,0.2312995160343796,0.6515128734655172,0.6350904914792083,0.05987678711567664
5431,CVX,0.23233814816867238,0.6506894035016627,0.6370138134559451,0.08858231691061676
5432,CVX,0.23335403830343893,0.651608514294033,0.6387563691849476,0.0
5433,CVX,0.23396055116139447,0.653023392873381,0.6404642944491524,0.0
5434,CVX,0.23483998189540678,0.6525773970181553,0.6417316936737729,0.0
5435,CVX,0.235793707356577,0.6532552712013732,0.6428959945868168,0.0
5436,CVX,0.23746158972110276,0.663395070348825,0.6460768771478727,0.0
5437,CVX,0.23905365925087807,0.6710409027275099,0.6503177563587719,0.0
5438,CVX,0.24031215230774805,0.670633252998078,0.6536200255541618,0.0
5439,CVX,0.24094898011965693,0.6714789707044203,0.6564494573275131,0.0
5440,CVX,0.2415554827976658,0.6744995111452894,0.6593830880131671,0.0
5441,CVX,0.24240458654688002,0.6760974653945186,0.6620844872690671,0.0
5442,CVX,0.24454250293416546,0.6933972697310393,0.6680834443834133,0.09827850112125684
5443,CVX,0.2473627413123589,0.7109490883085705,0.6767763553392322,0.09335641269284076
5444,CVX,0.24952341543181333,0.7153569823483727,0.6847085438320621,0.07495157455817639
5445,CVX,0.25346566895712996,0.7327788659507346,0.69491921474688,0.06312873458073698
5446,CVX,0.25658931600076773,0.7413902473252258,0.7049981247712939,0.054841146393979766
5447,CVX,0.2588485236691591,0.7452300027698701,0.7139130750400563,0.05852064418158337
5448,CVX,0.26169150497232785,0.7459766585811177,0.7212106755000527,0.08375821777081861
5449,CVX,0.2641023642228113,0.7441196753037895,0.7266367974256742,0.0
5450,CVX,0.26654354860719387,0.7417899456577213,0.7304608611271876,0.0
5451,CVX,0.2692273331373318,0.7391163803056073,0.7329270007602062,0.0
5452,CVX,0.2718504572197231,0.7368910259909145,0.7344062335474801,0.0
5453,CVX,0.2749587834445215,0.7403674518747649,0.7363608399652406,0.0
5454,CVX,0.27859779951257835,0.7465536420644261,0.7392968870942423,0.0
5455,CVX,0.2826916925891414,0.7565101940861727,0.743854514565444,0.0
5456,CVX,0.2864823343267,0.7693072683179947,0.7503395558219724,0.0
5457,CVX,0.2902729760642586,0.7778280347602817,0.7574178598459311,0.0
5458,CVX,0.294958209251881,0.7870240948875855,0.7651205831521342,0.0
5459,CVX,0.2998557202277068,0.7964726713260216,0.7733788608195095,0.20193560547437334
5460,CVX,0.30232721678969643,0.7773236714611363,0.7757374144577481,0.13922145204562728
5461,CVX,0.30458643186168377,0.7579755245198085,0.7733320095198439,0.07494148742552453
5462,CVX,0.30640443141279405,0.7529327836815319,0.7702889896251881,0.10319021421323103
5463,CVX,0.3075188810090861,0.7443305061282288,0.7659462200344427,0.06305164006689785
5464,CVX,0.3098463174524033,0.741609274605117,0.7618683186349522,0.06279485048996085
5465,CVX,0.31066510902401134,0.7360544766634642,0.7573737053694407,0.0879646961885337
5466,CVX,0.3116505139220891,0.7285144814595007,0.752105320814298,0.0
5467,CVX,0.31306064190295757,0.7246586065801148,0.747035214939785,0.0
5468,CVX,0.31456174158372807,0.7206410073282989,0.7420878546158466,0.0
5469,CVX,0.3161538111135034,0.7163707030526025,0.7371826299324191,0.0
5470,CVX,0.3176852303754769,0.7117792924451736,0.7322398786211208,0.0
5471,CVX,0.31980798974850977,0.7143752741283579,0.728861577518892,0.0
5472,CVX,0.3215061972469364,0.711750522195998,0.7255766542165408,0.0
5473,CVX,0.3226433897682037,0.7088445786363997,0.7223040528051783,0.0
5474,CVX,0.3230527790758604,0.7021440118840189,0.7181994989242624,0.0
5475,CVX,0.32291631597330905,0.696326024517348,0.7136251769843477,0.0
5476,CVX,0.32162748852804235,0.6843944136751812,0.7073187770083339,0.11330242059481227
5477,CVX,0.31983831673330965,0.6688399301845648,0.698823006249466,0.07573505656143481
5478,CVX,0.31692711498426096,0.6477037395905507,0.6873374771135571,0.05779206500032999
5479,CVX,0.31317969174502736,0.6255015564354637,0.6732236584598235,0.06234381155852828
5480,CVX,0.31141932457043264,0.6060154573479806,0.6576097519925804,0.07507679910495431
5481,CVX,0.31005470279940806,0.5928389822348927,0.6421955201705677,0.08728986701412515
5482,CVX,0.3076756956747362,0.583021136353766,0.6276861159089907,0.11745385208862727
5483,CVX,0.30563632856903045,0.5764619059595997,0.6146234742068757,0.0
5484,CVX,0.30319850030926787,0.5727400665726291,0.6033476974289602,0.0
5485,CVX,0.30086345852078455,0.5694902591380766,0.5936061294988677,0.0
5486,CVX,0.2987406991477508,0.5680593643108813,0.5854954413838968,0.0
5487,CVX,0.2958598114272055,0.5622292449118276,0.5777135206522304,0.0
5488,CVX,0.29308506167531334,0.5597183972542286,0.5709309704940257,0.0
5489,CVX,0.29000706058441583,0.5550268222356913,0.5644641380455703,0.0
5490,CVX,0.2864893450519608,0.5469623403684309,0.5575016245336245,0.0
5491,CVX,0.2824864273770995,0.5432184706463268,0.5511010630357525,0.0
5492,CVX,0.2785593225369878,0.5384360160567953,0.5449196605335188,0.0
5493,CVX,0.2740863551067223,0.5296303734235105,0.5380210697699973,0.13705934721265145
5494,CVX,0.27081123324187484,0.533920711502609,0.5334539779392812,0.08654702174526416
5495,CVX,0.2662018128890029,0.5235141303179136,0.5274916789595284,0.08214643807494855
5496,CVX,0.2624718343755399,0.5199203655195993,0.5219245887898649,0.060064984190581094
5497,CVX,0.2591815369874473,0.5177540457050497,0.5169903341161086,0.06450000821380801
5498,CVX,0.2573847533694016,0.5257495204650111,0.5148166691976848,0.07211276722615668
5499,CVX,0.25590109563805097,0.531308605860139,0.514310980549716,0.1178331282763367
5500,CVX,0.2544318379031463,0.534809355387881,0.5146830458455003,0.0
5501,CVX,0.25288525422332153,0.5395779299440138,0.516038572200048,0.0
5502,CVX,0.251126394606195,0.5420216044520398,0.5176651049743459,0.0
5503,CVX,0.24890174278325627,0.5402590720123748,0.5185753259933898,0.0
5504,CVX,0.24732150005570386,0.548008653528789,0.5210226919739459,0.0
5505,CVX,0.24657853427514276,0.5635140957632536,0.5264203560849505,0.0
5506,CVX,0.245517154588625,0.573238156762454,0.5328957006732512,0.0
5507,CVX,0.24530487865132233,0.5857084776166642,0.5408424277264887,0.0
5508,CVX,0.24416768613005502,0.5867892795389161,0.5474395775359996,0.0
5509,CVX,0.24456191287076035,0.6019532075417514,0.5560813062234355,0.0
5510,CVX,0.24579007061378366,0.6183581800802267,0.5666340148564288,0.12128580968116878
5511,CVX,0.247609585125959,0.639671613795259,0.579804414408813,0.06890030368033358
5512,CVX,0.2502134441231325,0.6623079062125264,0.5953624334269221,0.058672527578941175
5513,CVX,0.2535037415112251,0.6813494646193973,0.6120330820189895,0.04764484185825734
5514,CVX,0.2555658515419079,0.6918138150696287,0.6276910421057018,0.05974608669688771
5515,CVX,0.2594398762922969,0.7049729440656923,0.6431366687114421,0.06421800080524138
5516,CVX,0.26215396559644333,0.704633084936906,0.6554177746820157,0.09782241862349834
5517,CVX,0.26497421230368357,0.7041138308503038,0.6651274666576962,0.0
5518,CVX,0.2669074479188849,0.70122669667317,0.6722547301955663,0.0
5519,CVX,0.2689240628451186,0.6972044176063054,0.6770642272180776,0.0
5520,CVX,0.271289423289355,0.6952589204685348,0.6804802302276121,0.0
5521,CVX,0.27438258694720385,0.7021775676438252,0.6847478849672326,0.0
5522,CVX,0.2773696126363996,0.7032503071480469,0.688399988336144,0.0
5523,CVX,0.28109535858741275,0.7069455596644205,0.6921414363406408,0.0
5524,CVX,0.28397624630795626,0.7074999014375274,0.6952575714970077,0.0
5525,CVX,0.28581091690893423,0.7036974909052649,0.696906942074258,0.0
5526,CVX,0.28549250300298024,0.6723036700712548,0.6912619441925201,0.0
5527,CVX,0.2853863668852279,0.6538351505110729,0.6826488370742048,0.13304337150016124
5528,CVX,0.2863188730817141,0.6416669225946913,0.6730589171519509,0.07121688574477768
5529,CVX,0.2853863715124758,0.6246957863512881,0.6616220561674153,0.07302334710082838
5530,CVX,0.2841885389033534,0.6126585030631456,0.6498021822802766,0.07045876567504389
5531,CVX,0.28274809967032954,0.6090044887646822,0.639535666264538,0.05496219198580193
5532,CVX,0.2811373777030006,0.610499675181365,0.631654149851585,0.07043109811119881
5533,CVX,0.2810312286289536,0.630613976082525,0.629811150339343,0.16898930101070186
5534,CVX,0.2812265289694196,0.6459122118418826,0.6317305547833948,0.0
5535,CVX,0.28106733312183874,0.6593654456536364,0.6362505819223081,0.0
5536,CVX,0.28143124120679097,0.6657021979699408,0.6412723667578651,0.0
5537,CVX,0.28206806901870074,0.6739495757285857,0.647119416323294,0.0
5538,CVX,0.2829626604687645,0.681194940022836,0.6534043881608775,0.0
5539,CVX,0.2835691631467743,0.6820756427359107,0.6586277432212025,0.0
5540,CVX,0.2827048968306105,0.6674810181499153,0.6595687143159278,0.0
5541,CVX,0.2808853887965821,0.6539836399940605,0.6573271945014112,0.0
5542,CVX,0.27964205830666344,0.6461378716563222,0.653793451126952,0.0
5543,CVX,0.2763517812784624,0.6203059055379134,0.645235819724533,0.0
5544,CVX,0.27163621277699335,0.5825660625841264,0.6300174006951131,0.2604702275397743
5545,CVX,0.267807669249307,0.5602342772067501,0.6128885188016264,0.1375955503640446
5546,CVX,0.2669585636491947,0.5497132364377596,0.5968513957325167,0.08145863972998763
5547,CVX,0.2656469932789527,0.5437556368866486,0.5827000464786797,0.09336822904823291
5548,CVX,0.2637895695730528,0.536459698684914,0.5697604154311497,0.10072203695521918
5549,CVX,0.261894248704273,0.5240754747599881,0.5566613591977575,0.10406981218047205
5550,CVX,0.25948340611188314,0.5109380542747605,0.5432676715523493,0.17425233452275038
5551,CVX,0.2568147832232466,0.5046608252687215,0.5311601631317373,0.0
5552,CVX,0.25385051248987,0.5019403809237567,0.5208706452981884,0.0
5553,CVX,0.24915011766074713,0.5003197684290921,0.5122795097544764,0.0
5554,CVX,0.24439089114640655,0.49940753357214257,0.505204228548929,0.0
5555,CVX,0.23843200233496553,0.48823839369399114,0.49706620988378614,0.0
5556,CVX,0.23323124187103428,0.4858234033941103,0.4900200466471838,0.0
5557,CVX,0.22907669852666945,0.5011168961354607,0.4877758679071668,0.0
5558,CVX,0.22419435196869397,0.5076067640079305,0.4874202556292675,0.0
5559,CVX,0.2195091187810716,0.5121069389195936,0.48813409738572977,0.0
5560,CVX,0.21634014228847231,0.5194632985703221,0.4903371265011465,0.0
5561,CVX,0.21244336443316136,0.5166052575115202,0.4914655138507742,0.17939561936003195
5562,CVX,0.20764440921706306,0.5084396065000085,0.4905567325271065,0.17894155428880382
5563,CVX,0.20395231583563334,0.4964662907416372,0.4871735131070758,0.11024789272593807
5564,CVX,0.20049525242187904,0.47365838650142605,0.4794071673408272,0.15750279485625404
5565,CVX,0.19649990122329797,0.4581680591005889,0.4697576725188728,0.15110164457728717
5566,CVX,0.19160239857651895,0.44394946508429717,0.4588837833969401,0.18075132998844012
5567,CVX,0.1861666312811554,0.43020200184508817,0.4471348958241931,0.2128082375560088
5568,CVX,0.18136009848337942,0.4252257901099281,0.4366318488267803,0.0
5569,CVX,0.17751639146329357,0.4268348588753218,0.4285863716120477,0.0
5570,CVX,0.17411997091374332,0.43083647845278666,0.42303772048826394,0.0
5571,CVX,0.17045062971178648,0.4358080886432219,0.41970171570870635,0.0
5572,CVX,0.16756974199124208,0.4516181740420849,0.42054026611611806,0.0
5573,CVX,0.16521954411395523,0.4711016428468584,0.4255333744769195,0.0
5574,CVX,0.16235381896036127,0.4812163096668873,0.43177172756931337,0.0
5575,CVX,0.16044333552463197,0.4897160851990863,0.4386480243788755,0.0
5576,CVX,0.15807797508039467,0.49754089898086656,0.44588494073118556,0.0
5577,CVX,0.15445412157928828,0.5064655499228516,0.453654343715845,0.0
5578,CVX,0.15001483033608043,0.49866622611081957,0.4581396419661692,0.2783892981863047
5579,CVX,0.14532960825385377,0.48928680761351273,0.45964712373802097,0.1508334709506431
5580,CVX,0.1401440177604698,0.4803600359367559,0.4588727687828684,0.13592742682721923
5581,CVX,0.13538281070985825,0.46999817883950334,0.4559545810221003,0.15437030786217057
5582,CVX,0.13166435404445043,0.4682983211154924,0.4532429295499508,0.11305254790883652
5583,CVX,0.12861895376812527,0.46947356078310004,0.4513343268766985,0.14427597011557258
5584,CVX,0.12623844278778318,0.4648076250723763,0.44877234031304236,0.1978621331057676
5585,CVX,0.12403988075994565,0.4656933231036838,0.4469192368279544,0.0
5586,CVX,0.12222036809866932,0.4685135852260014,0.44606240899606264,0.0
5587,CVX,0.12081024289415065,0.47247382672322435,0.4462554979477547,0.0
5588,CVX,0.11909687282877357,0.47745386599845635,0.44751475516067996,0.0
5589,CVX,0.11765642896850093,0.4893603096008967,0.4511635201831892,0.0
5590,CVX,0.11550334446156807,0.49264335468433174,0.4548108522433495,0.0
5591,CVX,0.11315314658428122,0.4941144547766967,0.4580550709125459,0.0
5592,CVX,0.11027225886373593,0.5005051277239172,0.4620681708781772,0.0
5593,CVX,0.10728523317453931,0.5108491211875621,0.4675733917281324,0.0
5594,CVX,0.10479857219470112,0.5190190902324086,0.4737900175362407,0.0
5595,CVX,0.10222093211136318,0.5245337042862804,0.4799866958208955,0.17454889622271466
5596,CVX,0.09783137915921625,0.5090950827169811,0.4815190908081294,0.14106984705313064
5597,CVX,0.09290354952763824,0.4935633821050233,0.4792994102383437,0.09459093362753176
5598,CVX,0.08997383045668261,0.4893874886229275,0.4765972737167311,0.08029977229018548
5599,CVX,0.08566750504182608,0.467356582572106,0.46954816575351505,0.11520831225843119
5600,CVX,0.08117937504461015,0.4467078604445267,0.4593281082426857,0.1596843534450584
5601,CVX,0.07732823203664285,0.4347623080465971,0.4485020269756287,0.17254242143636733
5602,CVX,0.07225998393073851,0.41843416414447937,0.43621888016175114,0.0
5603,CVX,0.06768620264361758,0.4143187514325173,0.42547938787062156,0.0
5604,CVX,0.06394104490511054,0.4155240546146791,0.4171551819176067,0.0
5605,CVX,0.06004426519890149,0.419853579193768,0.4114562911797075,0.0
5606,CVX,0.05722402774615709,0.4380909438582504,0.4109430073439828,0.0
5607,CVX,0.05464639136461624,0.4572253286378651,0.41477720651905475,0.0
5608,CVX,0.051598715407618734,0.4689424562261035,0.4204439267092066,0.0
5609,CVX,0.04803551217431412,0.48038363644995485,0.42751544676466885,0.0
5610,CVX,0.045473038359724605,0.4947421023016263,0.43635798563847633,0.0
5611,CVX,0.04268312604088109,0.5022898714857669,0.44510643528208926,0.0
5612,CVX,0.041849184858618216,0.5355082430421158,0.45947445285281563,0.23130112194853428
5613,CVX,0.04180370548681456,0.5754049772242357,0.4798196716905721,0.17670466057230932
5614,CVX,0.04278926678588224,0.6176741765061516,0.505472965935321,0.12006858097388096
5615,CVX,0.0439113050692459,0.6503266369821721,0.5332393158662265,0.1049090616171057
5616,CVX,0.045534289244343995,0.6603917301868465,0.5576852646631296,0.12251860139311947
5617,CVX,0.047884491748878766,0.6713563278590133,0.5796744411776689,0.2128683280462348
5618,CVX,0.04846067669658449,0.6658149907952812,0.5960364764427557,0.19562624810253829
5619,CVX,0.051129433775419564,0.6644112703558342,0.6088146993272568,0.0
5620,CVX,0.05428325047741733,0.6631732365565854,0.6187626287019494,0.0
5621,CVX,0.05702768527535618,0.6593306028533465,0.6258685114314138,0.0
5622,CVX,0.06036345000440857,0.653491118897163,0.6302577699153551,0.0
5623,CVX,0.0638356778360123,0.6564606480309836,0.6344279454763001,0.0
5624,CVX,0.06654977732010359,0.6518682546963019,0.6367452963494958,0.0
5625,CVX,0.06880899979568866,0.6438085682166517,0.6368111933172731,0.0
5626,CVX,0.07012814312035953,0.6391365773497403,0.6358274631734008,0.0
5627,CVX,0.07135631104332862,0.6370002235170141,0.634566544258761,0.0
5628,CVX,0.07376715918841636,0.643402560859996,0.6349781218199954,0.0
5629,CVX,0.07100757015257386,0.5901137283636585,0.623485637976478,0.3258289389460445
5630,CVX,0.06935485220589754,0.5650474759443331,0.6087308822997434,0.12590441951865933
5631,CVX,0.06747468557502145,0.538328879400895,0.5909997484447965,0.09887320964203071
5632,CVX,0.06270605179102429,0.5115651367403639,0.5708774967044904,0.11071651208856387
5633,CVX,0.05711119970203615,0.49537965075092744,0.5511890611483807,0.11268379115946402
5634,CVX,0.05113714462184493,0.4903256229279358,0.5343171128224267,0.10338705740183707
5635,CVX,0.0457240971152153,0.4937086152107687,0.5215700467742892,0.14345401290634213
5636,CVX,0.04206113100268638,0.5024539489422326,0.5133124835995118,0.0
5637,CVX,0.03781560300212394,0.5075843420647272,0.5078445740356055,0.0
5638,CVX,0.03451015877972541,0.5099889619441953,0.5040036940854615,0.0
5639,CVX,0.0308104924438668,0.5121202089357545,0.5014037920087449,0.0
5640,CVX,0.02786895445552151,0.5239763722527926,0.501954075278277,0.0
5641,CVX,0.025230667806180662,0.535414663973015,0.5049318050033976,0.0
5642,CVX,0.023471810039954022,0.5529229475648549,0.5111980761230107,0.0
5643,CVX,0.02109128702876628,0.5682878806422051,0.5196196933949293,0.0
5644,CVX,0.019347591829490085,0.5816266690421564,0.5293161019010616,0.0
5645,CVX,0.017922310536167885,0.5920235356595197,0.5393796991139498,0.0
5646,CVX,0.012054243501785855,0.5520679366454898,0.538566713361652,0.2957574672881493
5647,CVX,0.006626037130003759,0.5282633146305064,0.5326354398286679,0.20733150093363617
5648,CVX,0.0007581283475106559,0.5139466993987023,0.5247143824331717,0.11941421426856616
5649,CVX,0.00078845995955934,0.5127237637663079,0.5181062370040663,0.11100255435019123
5650,CVX,0.0,0.5200554157438714,0.5144461951506668,0.10184502302315976
5651,CVX,0.0006823340217536611,0.5358957084808387,0.5150322171806513,0.1412470923840131
5652,CVX,0.0013874109684826053,0.5427612166539159,0.5170240986295146,0.1539073084734508
5653,CVX,0.0021858799250571437,0.5536259971098461,0.5210278775309825,0.0
5654,CVX,0.002473977951606976,0.5633192351235385,0.5263812760930394,0.0
5655,CVX,0.002201058224650332,0.571068533021395,0.5323831211892599,0.0
5656,CVX,0.0012312604425135376,0.5744579698052981,0.5379365195452759,0.0
5657,CVX,0.0016861374510206417,0.5907122725546547,0.5459851388993509,0.0
5658,CVX,0.002702029436686182,0.6072408319509203,0.5560907769250609,0.0
5659,CVX,0.004354749234262378,0.6265444251587837,0.5684576512674007,0.0
5660,CVX,0.004658000573266818,0.6352620835899795,0.5802851008378208,0.0
5661,CVX,0.004612512872416374,0.6390222219702867,0.5905812202677964,0.0
5662,CVX,0.004066660462207494,0.6436653229024512,0.5998481545047256,0.0
5663,CVX,0.0026110466313884473,0.6376095618136172,0.6059182746615025,0.18310739597212147
5664,CVX,0.002580715944789702,0.6495233404964863,0.6134173572741604,0.12885043866057863
5665,CVX,0.00130705384282237,0.6439438196725856,0.6181788466239795,0.1081968904540276
5666,CVX,0.005909037282362917,0.6574468521316245,0.6249835891608029,0.10445658166672286
5667,CVX,0.009593553082115847,0.6639305333180218,0.631865741432373,0.07932276144190661
5668,CVX,0.012885331189637306,0.6673485299597062,0.6381297213286029,0.09609953636656293
5669,CVX,0.015811695505637324,0.6741321521008699,0.6446458032406615,0.100852160966428
5670,CVX,0.01781391709866398,0.6754273711542861,0.650146003842355,0.0
5671,CVX,0.019011749707786407,0.6756544148494312,0.6545965323416371,0.0
5672,CVX,0.021013197439821774,0.6777990907729096,0.6586327361368441,0.0
5673,CVX,0.02227669414378486,0.6750657918078752,0.6612553363705389,0.0
5674,CVX,0.0247178674227726,0.6860636814886293,0.6657932196282151,0.0
5675,CVX,0.027629080277217888,0.6987616028056195,0.6722404691497934,0.0
5676,CVX,0.030873869604568505,0.7083521895510914,0.6795258717591611,0.0
5677,CVX,0.03269337763859692,0.7117915279445255,0.6861171864404283,0.0
5678,CVX,0.03437642257007223,0.7153540100154646,0.6921805493222479,0.0
5679,CVX,0.03546812739048999,0.7165674190705198,0.6973004257374484,0.0
5680,CVX,0.038379329139538676,0.7306997275790049,0.7045314783119543,0.13133144098724783
5681,CVX,0.04168476040564428,0.742080881181636,0.7128411477988275,0.11884774971921745
5682,CVX,0.04553605426190277,0.7577046907120686,0.7229549136518781,0.1120615591767401
5683,CVX,0.04992562387214328,0.7650507861818476,0.7326756050095229,0.056218040000956836
5684,CVX,0.052139368826823684,0.7613615262828559,0.7396337222055245,0.07528372942621218
5685,CVX,0.056028570951357715,0.76126478634693,0.7451787549002871,0.09588338352402337
5686,CVX,0.05806793805706345,0.7567689676509372,0.7486174158725672,0.10243108543023205
5687,CVX,0.06070606845348703,0.7548027264513638,0.7509321481203525,0.0
5688,CVX,0.06337317453015867,0.7508931095106921,0.7519166133967278,0.0
5689,CVX,0.0655869157830411,0.745847305955561,0.7515848102316933,0.0
5690,CVX,0.06811830633538296,0.7406559597426863,0.7501677047171291,0.0
5691,CVX,0.07115081972542914,0.7407350025643034,0.7490515553894347,0.0
5692,CVX,0.0741530079815762,0.7416784992654963,0.7483679439141389,0.0
5693,CVX,0.07730682190722593,0.7389939600144798,0.7472255089248221,0.0
5694,CVX,0.07926279304380568,0.7357307080107132,0.7455876318442036,0.0
5695,CVX,0.08141587755073854,0.7389225366903994,0.744985414515883,0.0
5696,CVX,0.08376607542802539,0.7428408281163228,0.7453728855475151,0.0
5697,CVX,0.08626032879673495,0.7430750871520867,0.745734831062396,0.16970390230813767
5698,CVX,0.08805178182483608,0.735807666380386,0.7444121622174824,0.08857064465711963
5699,CVX,0.09031857910574903,0.7336883749735202,0.7428838775190042,0.11973599380016006
5700,CVX,0.09115252491525982,0.7287811622080849,0.7405726197483441,0.08841400589722595
5701,CVX,0.09262329576033235,0.7324820095586345,0.7395446200150816,0.1195537049029517
5702,CVX,0.0934723958077468,0.7351547285175157,0.7393151437903858,0.08333196436533058
5703,CVX,0.09513269873969676,0.7418013645116287,0.7406060714099266,0.10867963180236598
5704,CVX,0.09736159145413303,0.7442708161332552,0.7421866436642837,0.0
5705,CVX,0.09926449638273649,0.7455008035580393,0.7437239653701221,0.0
5706,CVX,0.10135693802546619,0.7443714238386283,0.7447032779314338,0.0
5707,CVX,0.10346468645721885,0.7453574050525064,0.7457054608522542,0.0
5708,CVX,0.10592102230315792,0.747817701576423,0.7470530063547669,0.0
5709,CVX,0.10845317098384566,0.7486565308542283,0.7483171310252728,0.0
5710,CVX,0.11107629506623606,0.7490743330097134,0.7494211171780261,0.0
5711,CVX,0.11309291647061848,0.7465807718123818,0.7497511274047809,0.0
5712,CVX,0.11500339990634778,0.7442395996018745,0.7494957632962191,0.0
5713,CVX,0.11674709510562487,0.7370628079583791,0.7476993521756563,0.0
5714,CVX,0.12036336732325559,0.7515171313387965,0.7494688114149685,0.1862544372576026
5715,CVX,0.12394173312351153,0.7679808927603904,0.7545367463822004,0.11304130796102446
5716,CVX,0.1268834265873977,0.7747531691177675,0.7600934753701736,0.0901808392321444
5717,CVX,0.1295899272044707,0.7741951934088283,0.7644150756451407,0.07651796215711314
5718,CVX,0.13315843789147852,0.7757184715172645,0.7682102842054057,0.07261510643221865
5719,CVX,0.13636532913050026,0.775934731227661,0.7712944267217516,0.12740091769850828
5720,CVX,0.13974659821849666,0.7743515193747681,0.77341051652251,0.12519068283259366
5721,CVX,0.14236972877903487,0.7715480802352171,0.774481465465197,0.0
5722,CVX,0.1449776921453747,0.7685078159284793,0.7746637637539715,0.0
5723,CVX,0.14717626342770807,0.7656602167277042,0.7741778828937155,0.0
5724,CVX,0.1498752003448507,0.7660881022689434,0.7738841015487825,0.0
5725,CVX,0.15177052121363044,0.756365469496647,0.7714921800152503,0.0
5726,CVX,0.15328677790865353,0.7422366006967431,0.7664442544207966,0.0
5727,CVX,0.15487884743842883,0.7339210379940702,0.7605611659066844,0.0
5728,CVX,0.15604636509359526,0.7244142190421062,0.7537456753884253,0.0
5729,CVX,0.15724420788266524,0.7164873745028526,0.7465347692762457,0.0
5730,CVX,0.15873013944378744,0.7136679510947629,0.7401405754930692,0.0
5731,CVX,0.16057997723896467,0.713164426050658,0.7349135170411933,0.12404363174818366
5732,CVX,0.1631727706347572,0.7211804392649658,0.7325101654092965,0.07018338695364847
5733,CVX,0.1661294656373551,0.7265038140730532,0.7317684366847178,0.06845589343607222
5734,CVX,0.16742585863345294,0.7320618511902971,0.7324080644388833,0.06812013602066075
5735,CVX,0.1693211795022318,0.748562782552647,0.7365803801031837,0.12079442221912882
5736,CVX,0.17131489880429918,0.7567002630264539,0.741723474405931,0.11790489102005984
5737,CVX,0.17242178284976006,0.7473703280989632,0.7437681705953373,0.09464425132869152
5738,CVX,0.17364237319105236,0.7436149070300866,0.7445708142749836,0.0
5739,CVX,0.17518015888024596,0.7436549133730637,0.7452218043394082,0.0
5740,CVX,0.17645380432411972,0.7393089269107938,0.7447784704155336,0.0
5741,CVX,0.1780003861530446,0.7378324669093574,0.7440962611979199,0.0
5742,CVX,0.1807902984718872,0.7503022472464896,0.7463168252965829,0.0
5743,CVX,0.18430801400434227,0.7680594233575614,0.7520325789381234,0.0
5744,CVX,0.18759829103254244,0.7820265724733177,0.7597036938651165,0.0
5745,CVX,0.19128279480144972,0.7871963348846376,0.7669874605774325,0.0
5746,CVX,0.19520989964156055,0.7871324681972585,0.7728003055800341,0.0
5747,CVX,0.19942509325372626,0.7925887277521638,0.7786610136925595,0.0
5748,CVX,0.20466375550778437,0.804798486789222,0.7860582277919027,0.1865867362275334
5749,CVX,0.2100161305358217,0.8142582905397096,0.7940745887925711,0.14235826209656152
5750,CVX,0.21473168052829816,0.8167318529469105,0.8010364197001727,0.09987025065371824
5751,CVX,0.21923496476341686,0.8167958970249946,0.8066200921463629,0.08150835488377173
5752,CVX,0.22222199230351336,0.8068973513432794,0.8088911086264721,0.09539012273734807
5753,CVX,0.2247996240578054,0.7925700712480849,0.8075295173178776,0.09224841322198292
5754,CVX,0.22596714819111963,0.7660037574916863,0.8005466978032635,0.13723702484921899
5755,CVX,0.22564873428516563,0.7401144770084147,0.7892170907072991,0.0
5756,CVX,0.225580505510238,0.7179709727575365,0.7752410271802251,0.0
5757,CVX,0.22564114559809312,0.6868179835063551,0.757149108777104,0.0
5758,CVX,0.2264144365125551,0.6747286759581277,0.7399936477455382,0.0
5759,CVX,0.22742396022010158,0.6717006837075723,0.7255975405226954,0.0
5760,CVX,0.22847017733966712,0.6661866995180551,0.7128574168371498,0.0
5761,CVX,0.22924346825413,0.6615363582946108,0.701633672988991,0.0
5762,CVX,0.2285005024735689,0.6552107007434194,0.6912513760802291,0.0
5763,CVX,0.22715103401499714,0.652454470722966,0.6823340886603113,0.0
5764,CVX,0.22504343720891473,0.6430781731884744,0.6731201942592212,0.0
5765,CVX,0.2227993773002792,0.6299963254760714,0.6628469645013538,0.45138578469390017
5766,CVX,0.2212679608146555,0.6254980263635189,0.6536304652488785,0.14212942828725963
5767,CVX,0.21953942077873112,0.6270887155910002,0.6466101488612243,0.11132260465904482
5768,CVX,0.21787911784678027,0.6389290180765012,0.6436205820701079,0.14849484129625995
5769,CVX,0.2152105143925871,0.6385661909145424,0.6411484380295088,0.1204474248559053
5770,CVX,0.21369425769756312,0.6484015247806239,0.6413526211852284,0.19467272586314874
5771,CVX,0.21236600609750678,0.6582816142516252,0.6437077948084635,0.2178002154035127
5772,CVX,0.2116685317195941,0.6650264486160639,0.6470882269116157,0.0
5773,CVX,0.21149523375929835,0.6712942106313685,0.6511830307143209,0.0
5774,CVX,0.21232917494156123,0.6736570709497116,0.6549830573978672,0.0
5775,CVX,0.2136179931323312,0.6766389567225345,0.6586845887503741,0.0
5776,CVX,0.2152707129299074,0.681961459858835,0.6628265730391745,0.0
5777,CVX,0.21771188620889426,0.6816704771535737,0.666075608040755,0.0
5778,CVX,0.21941009370732178,0.6854021228386974,0.669502674915266,0.0
5779,CVX,0.22062309906333955,0.6891507895526483,0.6730759432814807,0.0
5780,CVX,0.22215451832531485,0.6923547244778598,0.6766453279945044,0.0
5781,CVX,0.2239133760915415,0.696813188172647,0.6804899140089318,0.0
5782,CVX,0.2287350705308171,0.7319220878381416,0.6913542407994122,0.20406514327907319
5783,CVX,0.2324650573733269,0.7483862546033213,0.7036981597301506,0.11384971959212246
5784,CVX,0.23523981267791783,0.7421532505445687,0.7121905475583203,0.1144726720843215
5785,CVX,0.23915145695629292,0.7432852850358799,0.7192355915663504,0.06827691888244945
5786,CVX,0.24266916045790143,0.7441690709044421,0.7250676883389995,0.0660256149764523
5787,CVX,0.2458608974590204,0.7449311180522875,0.7299024204599133,0.07065532065985987
5788,CVX,0.24893889669901892,0.7534906877183181,0.735669085392701,0.11408590259807071
5789,CVX,0.25279019148072734,0.7580128997399197,0.7412856376927471,0.0
5790,CVX,0.2549736094506079,0.7514183152133378,0.744315918178822,0.0
5791,CVX,0.25702965778612796,0.7458089618371594,0.7454957476892803,0.0
5792,CVX,0.2591524171591608,0.7401765249567229,0.7451900955091246,0.0
5793,CVX,0.2628131156979565,0.7533144826711925,0.7478601356041548,0.0
5794,CVX,0.2670586344440222,0.7667509220695811,0.752976945543509,0.0
5795,CVX,0.2715467542612924,0.7800963103212777,0.7600309723134384,0.0
5796,CVX,0.2758984109760094,0.7908133229890539,0.7680516862461099,0.0
5797,CVX,0.2814327479128469,0.8069073658976351,0.7780386055634402,0.0
5798,CVX,0.2870277351174817,0.8227362113568975,0.7895396570334227,0.0
5799,CVX,0.29021187880428023,0.8070843150139255,0.7952682370876218,0.21496789265676916
5800,CVX,0.292562081308815,0.7842963692241378,0.7947957585400628,0.09452277343118427
5801,CVX,0.2943967528352429,0.7615024087956115,0.7893610988065636,0.08156613974367731
5802,CVX,0.2935324985499248,0.7439453356019007,0.7811184600564507,0.06927900346046291
5803,CVX,0.29347685589014194,0.7281710403196864,0.7710249346063911,0.05494879050956447
5804,CVX,0.2954934800708724,0.7203878558009703,0.7612234704955901,0.09269498499466966
5805,CVX,0.2964490299634681,0.7085320850089627,0.7507521813549112,0.10088371928143877
5806,CVX,0.2974346060697295,0.6999764662425033,0.740477147285089,0.0
5807,CVX,0.2981699813123191,0.6910119669070814,0.7302684100456869,0.0
5808,CVX,0.29791222600321277,0.6813139315801001,0.7199499805636824,0.0
5809,CVX,0.298079014239665,0.6771640950356143,0.7107746254573121,0.0
5810,CVX,0.29959527093468896,0.6799851669838439,0.7040601759824736,0.0
5811,CVX,0.3009599019602103,0.6808489803990365,0.6988802472230689,0.0
5812,CVX,0.30150575437041915,0.6717521425581535,0.692718235882229,0.0
5813,CVX,0.30020177361269873,0.66199812589335,0.6856247680601562,0.0
5814,CVX,0.2978970634362632,0.6472022548833342,0.6766676357709026,0.0
5815,CVX,0.295471052724225,0.6384164295813521,0.6675528575108045,0.0
5816,CVX,0.2913468428428079,0.614169212118688,0.6548819633409007,0.15298275071496154
5817,CVX,0.2862219026172248,0.5935450101591618,0.6401699164884169,0.10399977865948923
5818,CVX,0.2791713145380639,0.5612210811496299,0.621229446824578,0.10071295853583252
5819,CVX,0.27249977119821533,0.5151172238606808,0.5958492604997634,0.16286540277776576
5820,CVX,0.2672611015405604,0.48803173660277943,0.5695363900486222,0.10803780196191848
5821,CVX,0.26199210027085673,0.4649033532389957,0.5433552274588445,0.09996550200633068
5822,CVX,0.25668520183827503,0.45003496258560277,0.5191118513918509,0.12326533741314617
5823,CVX,0.2516917143308772,0.4432673427753194,0.49821580254569586,0.0
5824,CVX,0.24609671879719386,0.4389727224221274,0.48054623269682806,0.0
5825,CVX,0.24054720911346195,0.4335724937743907,0.46521257476281264,0.0
5826,CVX,0.2353161235156307,0.43681562644306865,0.45366511417434857,0.0
5827,CVX,0.2283261801515728,0.42016737690563594,0.44073385076040017,0.0
5828,CVX,0.2209116849129069,0.4027259473656445,0.4265195837823912,0.0
5829,CVX,0.21295133726403392,0.3894999707678267,0.4122140820018543,0.0
5830,CVX,0.20379314682609184,0.374917512808962,0.3975346667029947,0.0
5831,CVX,0.1944226804508462,0.36321768143964517,0.38319561065612373,0.0
5832,CVX,0.18459733706709347,0.3427437870202267,0.3671823789534996,0.0
5833,CVX,0.17812293115928934,0.36578955313775063,0.3594843317757973,0.2993150548725606
5834,CVX,0.17167884298178837,0.38041059503619706,0.3565694674787655,0.13905645537582206
5835,CVX,0.16504521994106014,0.3955652566974531,0.3575995292094435,0.10913729942096977
5836,CVX,0.15960942950945434,0.4064130680225961,0.3608300878562125,0.082460292002316
5837,CVX,0.1543480169268232,0.41762815575283385,0.36590252167628934,0.08639312092137598
5838,CVX,0.15001152185360755,0.42273303272267926,0.3710929491325202,0.09815313247258389
5839,CVX,0.1474945533234111,0.42814605975792075,0.3764461323830459,0.15306748262923706
5840,CVX,0.14448478193289027,0.4368307767114717,0.3826553212490907,0.0
5841,CVX,0.141565996124017,0.4433417791803178,0.38906709161490377,0.0
5842,CVX,0.1385486351209737,0.45082404955338296,0.3958563960099155,0.0
5843,CVX,0.13548579659702664,0.4610434067863814,0.40355493074811566,0.0
5844,CVX,0.1339543773350531,0.48720512798886784,0.41551754904558186,0.0
5845,CVX,0.13275653454598402,0.5088962633893739,0.4298996667437771,0.0
5846,CVX,0.13072475057465294,0.5230583956202682,0.44454712852392997,0.0
5847,CVX,0.13049731207039894,0.5344242118993175,0.4587865228999135,0.0
5848,CVX,0.13063377517295116,0.5417518323618532,0.47180361852784547,0.0
5849,CVX,0.1308763762441547,0.5475499435603809,0.4835035644798022,0.0
5850,CVX,0.13566775850582502,0.597606134622365,0.503968128780332,0.19774324904237084
5851,CVX,0.1413006484260393,0.6435451184338393,0.5305310148141666,0.13155595173969895
5852,CVX,0.14700177267387815,0.6658082779405722,0.556720246153207,0.11810101369919075
5853,CVX,0.1494884327282664,0.6822379539610026,0.5813164371980558,0.07072751570926808
5854,CVX,0.15282419283006998,0.6976889780412819,0.6044210890826727,0.07427559256860763
5855,CVX,0.15678921241660415,0.7170073231669101,0.6271904471194565,0.09811609828556211
5856,CVX,0.16146687450069752,0.7355279207365639,0.6495145954952836,0.1369198565782659
5857,CVX,0.16621275240342293,0.7497766970839793,0.6705349031943411,0.0
5858,CVX,0.17136802053925404,0.758111365078904,0.6892001357644109,0.0
5859,CVX,0.1765384475402385,0.7624046204327302,0.7050847497770758,0.0
5860,CVX,0.18183018340586976,0.7677771633979087,0.7189843011717082,0.0
5861,CVX,0.18778907221731256,0.7754801190212334,0.7318127878322372,0.0
5862,CVX,0.19362666049315358,0.7787369435092378,0.7427980803514804,0.0
5863,CVX,0.19931262309949105,0.7801910421270324,0.7519088957325559,0.0
5864,CVX,0.20251192472599033,0.767676055158659,0.7564211877972422,0.0
5865,CVX,0.20657549266865427,0.7656602790171291,0.7595838359467949,0.0
5866,CVX,0.21026757772103633,0.7541138632226987,0.7595524648053464,0.0
5867,CVX,0.21484667479090724,0.7527538412519106,0.7592256567569702,0.15511372953861166
5868,CVX,0.21963804131993303,0.7500278703025044,0.75835947318359,0.08777966935531982
5869,CVX,0.22490067364519284,0.7509148698552797,0.7578633008239406,0.06577876843027211
5870,CVX,0.2267049996778283,0.7556253044695833,0.7585113391243817,0.05341007047447278
5871,CVX,0.22754653417441162,0.7533283656073699,0.7585202103263369,0.07770291203991507
5872,CVX,0.23054115040157974,0.760941840406466,0.7602163021526335,0.09738420476072313
5873,CVX,0.23457437562679928,0.7765764973446578,0.765041612296957,0.19242070144767645
5874,CVX,0.238304368947456,0.7868941302644206,0.7711907533919713,0.0
5875,CVX,0.2409578098347014,0.7889773318693791,0.7765722096264129,0.0
5876,CVX,0.24345962505244323,0.7914566158130585,0.7814273860029296,0.0
5877,CVX,0.2452986927978369,0.7849915285820745,0.7838772937978902,0.0
5878,CVX,0.2466936489572582,0.7716645679956454,0.7828807292609932,0.0
5879,CVX,0.24755791527342197,0.7528196219233675,0.7779028612924005,0.0
5880,CVX,0.24890738373199284,0.7456702151932897,0.7723345222307535,0.0
5881,CVX,0.2501203890880115,0.7422684149900526,0.7671251859663504,0.0
5882,CVX,0.25137888214488147,0.7377187606681839,0.7619484087232098,0.0
5883,CVX,0.2523644489966461,0.7304320308391188,0.7561904780957732,0.0
5884,CVX,0.25847495237219587,0.7696982303521811,0.760295058773874,0.2676090354193812
5885,CVX,0.26509340174057794,0.81398342892201,0.7734030774965222,0.20068206308953884
5886,CVX,0.272227380236167,0.8440026404135258,0.7905490395790074,0.12108248190728657
5887,CVX,0.2783239417128449,0.8624306144193495,0.8083539233170293,0.14814193575534035
5888,CVX,0.2834034108956702,0.8624351550250863,0.8225988376083146,0.12050103076085512
5889,CVX,0.28852713970766963,0.864681883771957,0.8344931897252023,0.1340891189523677
5890,CVX,0.29378855229030076,0.870721015020965,0.8453484094405984,0.14772245513891855
5891,CVX,0.29964129480404456,0.8748528479865129,0.8549492027686169,0.0
5892,CVX,0.30515287956140824,0.8822531091638094,0.8642715323805725,0.0
5893,CVX,0.3093263844435077,0.8811786367735722,0.8714910320645685,0.0
5894,CVX,0.31420873100148317,0.88524376190351,0.8781684507118259,0.0
5895,CVX,0.3210470486960393,0.9034674242197009,0.8875531746163794,0.0
5896,CVX,0.3283402433991025,0.9224411129079788,0.8992701307065418,0.0
5897,CVX,0.33705432225107224,0.9435040297366822,0.9133163528473596,0.0
5898,CVX,0.3464096260593674,0.9572028654107548,0.927592319158107,0.0
5899,CVX,0.35600753093886617,0.9601660997075112,0.939670464515971,0.0
5900,CVX,0.3646653566674507,0.9570894362711062,0.9486504450506215,0.0
5901,CVX,0.37154915558471036,0.9343705699072536,0.9507944116633954,0.2195571057076743
5902,CVX,0.3770228339246975,0.8965214700994844,0.9441130331954529,0.14068322166877487
5903,CVX,0.3820542259985711,0.8563248839227732,0.9298506056221383,0.1160223438634352
5904,CVX,0.3829791435079848,0.8218485157254303,0.9107923281612531,0.11854009217333612
5905,CVX,0.3825166963213995,0.7920459094958245,0.8889342114144413,0.08260871695419317
5906,CVX,0.3833809737429581,0.7793000891651782,0.8686201490483758,0.08972028957564009
5907,CVX,0.3851992740652026,0.7757685365104047,0.8515854494882107,0.11304260487807971
5908,CVX,0.38812564485934953,0.7721096745899764,0.8371459975238315,0.0
5909,CVX,0.39050616509418745,0.7663314172979798,0.8243125709497087,0.0
5910,CVX,0.39241665500806455,0.7618788166655764,0.8130580521248072,0.0
5911,CVX,0.3941601985816723,0.7571395999749269,0.8030030757791938,0.0
5912,CVX,0.3952670659690396,0.7517179228568986,0.7937563344582385,0.0
5913,CVX,0.39608205394261464,0.7387785396348964,0.7834884318914982,0.0
5914,CVX,0.3974921726689864,0.741913050762625,0.7759694786858243,0.0
5915,CVX,0.3966127437858722,0.7351018402587794,0.7684432978455076,0.0
5916,CVX,0.39568782720190754,0.7358646609596428,0.7625915794832464,0.0
5917,CVX,0.39397445713653134,0.7358533410268185,0.7579076935474015,0.0
5918,CVX,0.3930647068213151,0.7445119266683007,0.7560814300198913,0.16094971218528506
5919,CVX,0.39142715144158924,0.7377044944494924,0.753110239107585,0.08735874771994777
5920,CVX,0.3909116250907312,0.7422198200131839,0.7517349790201817,0.06361133182718032
5921,CVX,0.3915264706972721,0.7407041646074893,0.7502985336519855,0.07391922858220738
5922,CVX,0.3937705472640003,0.7401324703324705,0.7490225510763698,0.07358159784216058
5923,CVX,0.3966236853770013,0.7378243299328897,0.7474897205966278,0.09521993839932191
5924,CVX,0.3987919444817303,0.7266238197607247,0.7437787032370423,0.14656243488395618
5925,CVX,0.40130893059546935,0.720093327582762,0.7393611464239932,0.0
5926,CVX,0.40276453517179256,0.7143758214216178,0.7345587131742806,0.0
5927,CVX,0.4034771721166548,0.7086732968769446,0.729451702339569,0.0
5928,CVX,0.4041898127633159,0.7040781911087449,0.7243467023622872,0.0
5929,CVX,0.40514505448118054,0.7010902170171549,0.7195998417248715,0.0
5930,CVX,0.40673712401095585,0.7067820902196795,0.7170650545258979,0.0
5931,CVX,0.4092239366164634,0.7207555914416364,0.7181371459497536,0.0
5932,CVX,0.41137702112339625,0.7266285753724243,0.720297698517944,0.0
5933,CVX,0.41377270670153443,0.725572724076119,0.7217919075232725,0.0
5934,CVX,0.4148037612541504,0.7227077631933309,0.7223517036714304,0.0
5935,CVX,0.4149099075518494,0.7009363371125051,0.7179697056172605,0.229649858333427
5936,CVX,0.413636251928029,0.6747352396710764,0.7086515813303789,0.12251514294763884
5937,CVX,0.4130903911887742,0.662540440129401,0.6984917529484777,0.08765040995548115
5938,CVX,0.411953198667506,0.6557896160034711,0.6888662682526979,0.10185986551834748
5939,CVX,0.41052791367238584,0.6346564553930092,0.676477640147413,0.09717338368829953
5940,CVX,0.4082231970178025,0.6191588397762807,0.6631287026157242,0.11145978966310993
5941,CVX,0.40681991458794364,0.613578625914916,0.6512116221046673,0.14459054455241518
5942,CVX,0.40525816186302244,0.6094758022212592,0.6407677756393564,0.0
5943,CVX,0.40386321033084815,0.6077798266142189,0.6320364584234232,0.0
5944,CVX,0.4032263806680394,0.6071299730481703,0.6249072392905949,0.0
5945,CVX,0.4024227646196774,0.6083378315145062,0.619471818735717,0.0
5946,CVX,0.4023469517849252,0.6182022626585361,0.6173118357027633,0.0
5947,CVX,0.4025440651552783,0.628895888647979,0.61795615362601,0.0
5948,CVX,0.40346898173924206,0.6463014740833625,0.6223329124535268,0.0
5949,CVX,0.40489426303256515,0.6668777554395462,0.6303990201894049,0.0
5950,CVX,0.4049397507334156,0.6757893301206609,0.6388288754060825,0.0
5951,CVX,0.4036509325426465,0.6775217232100299,0.6459570785807812,0.0
5952,CVX,0.40183141988137017,0.668284349040152,0.6496103958090054,0.15631006347112067
5953,CVX,0.4010763297850355,0.668114038584363,0.6524952674365465,0.07025846404095722
5954,CVX,0.40046223564360517,0.6681950742644999,0.6548211419239283,0.06391682784463625
5955,CVX,0.40173588571472685,0.6707399662145114,0.6572464075691884,0.05792622386459955
5956,CVX,0.4032521424097508,0.6666828162105621,0.6582865704099273,0.061844642594156896
5957,CVX,0.40407093398135796,0.6640271804711624,0.6585295669105147,0.06981016304553014
5958,CVX,0.40397996228145505,0.6544260623406253,0.6565940248065173,0.11692543043956553
5959,CVX,0.40517780692142225,0.6456767961196302,0.6531046290649445,0.0
5960,CVX,0.40672439430304497,0.6437071134036875,0.6498761524658851,0.0
5961,CVX,0.40770995097486384,0.6420898241736785,0.6469345871522312,0.0
5962,CVX,0.40868035525967894,0.6405952748513032,0.6442497798364799,0.0
5963,CVX,0.40699731032820363,0.6105262434506968,0.6354313346894367,0.0
5964,CVX,0.40448032421446367,0.5781674519956387,0.6211980124060572,0.0
5965,CVX,0.4020998012032777,0.5564082252382849,0.6049842259392112,0.0
5966,CVX,0.39909761294713064,0.5418272091222971,0.5887785027538216,0.0
5967,CVX,0.39583766105283047,0.5313184876248772,0.5734826395933701,0.0
5968,CVX,0.3915769797398143,0.5218868953367507,0.5591536178547202,0.0
5969,CVX,0.3845049961903566,0.4910044130285932,0.5408393429105708,0.18757397831035916
5970,CVX,0.37854610645346476,0.4742142112883989,0.5224631369323991,0.08538512816566646
5971,CVX,0.37299661435327547,0.4627452592099889,0.505217867259459,0.08083035546767262
5972,CVX,0.3697518259513739,0.47172341263423867,0.493413390566482,0.07725720487859847
5973,CVX,0.365366814180625,0.47514651237441197,0.48472919937693104,0.06517411687874142
5974,CVX,0.36096209033248083,0.48001863241136977,0.4788626913666512,0.07420815288173528
5975,CVX,0.35629201693546,0.4854554376099641,0.47537560125923484,0.10476351870312905
5976,CVX,0.35204649818939515,0.4905854776956502,0.47372399183052943,0.0
5977,CVX,0.3477858122491302,0.49696275526098765,0.4738174576482917,0.0
5978,CVX,0.3441013010766252,0.5028702776493039,0.47520277184108295,0.0
5979,CVX,0.3405682713515512,0.5097149782255587,0.4778294710038381,0.0
5980,CVX,0.3360953141012324,0.5108634160313442,0.48018560303739,0.0
5981,CVX,0.33134943064580913,0.5101109019850012,0.4819035688117397,0.0
5982,CVX,0.32626997071747965,0.5070187013488754,0.48259195886308115,0.0
5983,CVX,0.32378330973764147,0.506594996717404,0.4830486750657754,0.0
5984,CVX,0.3227219300511246,0.5147945576777957,0.4852330619106334,0.0
5985,CVX,0.3202655942051873,0.5097300259577124,0.4858570412911012,0.0
5986,CVX,0.3185218990059102,0.5168346219701021,0.4879323285454149,0.10656753032696431
5987,CVX,0.31806701644470436,0.5382023179388267,0.4943328286872698,0.07044190575332579
5988,CVX,0.318643201392411,0.5653480354689465,0.5054753118466311,0.0793658479085195
5989,CVX,0.3214241775695017,0.5876066263414539,0.5193272073673053,0.0574277754097033
5990,CVX,0.32358954464409617,0.6043758184140052,0.5341288489623788,0.05611356612706271
5991,CVX,0.3264325259472658,0.6253934654576188,0.5506327767294762,0.06465405313959122
5992,CVX,0.32734228921877584,0.6360683776957389,0.5662040717810404,0.08649456865547456
5993,CVX,0.32873193015071855,0.644384686739173,0.5805060214311941,0.0
5994,CVX,0.330088988221811,0.6507927339530103,0.5933691605382247,0.0
5995,CVX,0.33149910694818363,0.6560879016843176,0.6048343668667928,0.0
5996,CVX,0.3329395508084554,0.6595060077419228,0.6147648142817597,0.0
5997,CVX,0.3343951572356776,0.6627887886692757,0.6234374336547507,0.0
5998,CVX,0.3367908428138149,0.6750326075966014,0.6330917327052223,0.0
5999,CVX,0.3393079805532233,0.6862556570298118,0.6433049250950527,0.0
6000,CVX,0.3421888682737677,0.6929436277563918,0.6529591574206179,0.0
6001,CVX,0.3455673914416195,0.7000941171315946,0.6622688281449113,0.0
6002,CVX,0.34869148673604666,0.6981461670355542,0.6692844259446447,0.0
6003,CVX,0.3533767125200722,0.714127506675713,0.6784422499425835,0.1335462871138033
6004,CVX,0.35609080552601746,0.7104832650111603,0.684960060223759,0.06425186475057258
6005,CVX,0.3612157642605922,0.7212229469358613,0.6925568299777433,0.05142247303637391
6006,CVX,0.3653248300840515,0.7267901478032844,0.6998692894271156,0.04937161486635846
6007,CVX,0.368054096762342,0.7289284058102006,0.7061936142135635,0.0487731596963139
6008,CVX,0.3695703534573651,0.7250921551650307,0.7104020293081563,0.06797978077490506
6009,CVX,0.37104112430243763,0.7207413519047914,0.7128035668362794,0.09249353054542278
6010,CVX,0.37260574962304993,0.7162088363448228,0.7137192907387583,0.0
6011,CVX,0.37349275238604207,0.7115856166822094,0.7134262416850742,0.0
6012,CVX,0.3748877029927655,0.706944018815675,0.7121620971935247,0.0
6013,CVX,0.37630312861757,0.7026844827762924,0.7102058340321242,0.0
6014,CVX,0.37753887782401474,0.696539652130031,0.7072776368267416,0.0
6015,CVX,0.3786305826444307,0.6898466778813725,0.7034502906531913,0.0
6016,CVX,0.3797677751656998,0.6840029971145828,0.6990920349823408,0.0
6017,CVX,0.38096561795476713,0.6804373543886264,0.6948144181401721,0.0
6018,CVX,0.38107175592342024,0.6747461358756988,0.6901297685936769,0.0
6019,CVX,0.380995943088668,0.6698593924175958,0.6852979599138558,0.0
6020,CVX,0.38314902111745397,0.6893645368597159,0.6857595895897991,0.12474007620684616
6021,CVX,0.38489544650423113,0.7019906360063899,0.6889299030118188,0.069279579868043
6022,CVX,0.3875476839737777,0.7145733712202186,0.6942575434527232,0.05338917569969395
6023,CVX,0.38860908216928713,0.7237287217068988,0.7005507047502288,0.04186188870895365
6024,CVX,0.39135350308548134,0.7336946733012009,0.7077961087840956,0.059668703979258546
6025,CVX,0.3927636107064574,0.7397161505827062,0.714928253626803,0.1482345932738423
6026,CVX,0.3935065616798239,0.7338175316129212,0.7193254031220321,0.09520869845150985
6027,CVX,0.3830750197948518,0.600292423693545,0.6932215336882692,0.0
6028,CVX,0.38427285518032406,0.6233867967771449,0.6774617594330096,0.0
6029,CVX,0.38531907137443966,0.6395767688454658,0.6684455693971426,0.0
6030,CVX,0.3872143922432194,0.6616822364028402,0.6661365570506752,0.0
6031,CVX,0.3876995943856274,0.6625748445625257,0.6644873659018362,0.0
6032,CVX,0.3883364221975363,0.6645311165516424,0.6636019979148529,0.0
6033,CVX,0.38836674733143806,0.6590528896304207,0.6616783981119113,0.0
6034,CVX,0.38839707246533806,0.6524504703234166,0.6586748188256636,0.0
6035,CVX,0.38994365429426114,0.6630796773930819,0.6586299688702207,0.0
6036,CVX,0.39051983183837,0.6601184631626953,0.6579371647338591,0.0
6037,CVX,0.3909464955890627,0.6573894528216092,0.6567775100228113,0.089118952367695
6038,CVX,0.3923728309695278,0.6639420306654142,0.6573034287261672,0.07120434887991038
6039,CVX,0.39369454426785744,0.6675858254035334,0.6585325134585989,0.0660070258319939
6040,CVX,0.39312594800722334,0.6723843119092314,0.6605802911142785,0.04004735764678147
6041,CVX,0.3929136729953697,0.6777185068102805,0.6634018661799029,0.05426531522145435
6042,CVX,0.3919742027903208,0.6766261455236783,0.6654167937032762,0.0598017100283679
6043,CVX,0.391928693804128,0.6856278635318187,0.669025702401542,0.11535990745199894
6044,CVX,0.3903214718873489,0.6782144044572836,0.6702682065516204,0.0
6045,CVX,0.38722830822950005,0.6544169876603595,0.665982923366568,0.0
6046,CVX,0.3849994155150638,0.6359197125233642,0.6584512087868011,0.0
6047,CVX,0.3937782385279114,0.6183501151572729,0.6485281477617162,0.0
6048,CVX,0.389638857750497,0.5857317815662605,0.6333535552116011,0.0
6049,CVX,0.3849687871298242,0.5526889265585122,0.6138835604051209,0.0
6050,CVX,0.3796618886972416,0.5299969761341226,0.5932735178534173,0.0
6051,CVX,0.375552833053729,0.5108633964758266,0.5725408361788019,0.0
6052,CVX,0.37145893997716417,0.49903032316685925,0.553329608261149,0.0
6053,CVX,0.36818382551591444,0.49391078213470224,0.5368248924096416,0.0
6054,CVX,0.3661975181400381,0.5040727326716997,0.525875475686203,0.24080204809141362
6055,CVX,0.3628000509069409,0.5135397639351901,0.5192161354006499,0.09934571975582221
6056,CVX,0.3608895739493594,0.5282188513732224,0.5171451136046354,0.06955121194016774
6057,CVX,0.35826585480284745,0.5327331270167306,0.5164897558929913,0.06035246747115872
6058,CVX,0.35418122084996195,0.5298299681514737,0.515321424718693,0.08087488295323576
6059,CVX,0.34982700341608286,0.5245395507274391,0.5132131185579625,0.09972903079659239
6060,CVX,0.3442699328087677,0.510340873175182,0.508376598689935,0.15705060310966124
6061,CVX,0.3388568945566339,0.5042696964173086,0.5031605357069604,0.0
6062,CVX,0.3340806822655109,0.5034329713412138,0.4988020638541664,0.0
6063,CVX,0.3283340795713183,0.5036147627018546,0.4953556154834968,0.0
6064,CVX,0.32384595975404906,0.5056231603374091,0.49304400542044385,0.0
6065,CVX,0.3201008057173409,0.4995917344589762,0.4898566887294001,0.0
6066,CVX,0.3165072773501354,0.4984958983393874,0.4870637319806238,0.0
6067,CVX,0.31318667518803345,0.49921807541779406,0.48498957639499846,0.0
6068,CVX,0.3121404580684679,0.5080559094251116,0.48529086211404215,0.0
6069,CVX,0.311852369296413,0.5169672779977375,0.48750881399356005,0.0
6070,CVX,0.3113974922879059,0.5256629225623826,0.4912122419750681,0.0
6071,CVX,0.3119527343101911,0.5426141779870004,0.4979354989897242,0.09581118847461514
6072,CVX,0.3123924431990508,0.5573819479354488,0.5065902286137649,0.07106457004173479
6073,CVX,0.31252889612165635,0.5690028451839154,0.5160920251513108,0.061383948835757554
6074,CVX,0.3122711352598522,0.5869585754641292,0.5276768125645519,0.05019515719643423
6075,CVX,0.311976263867364,0.6011668370595401,0.5400966435859311,0.050295163911582536
6076,CVX,0.31100586050799883,0.6109086053394246,0.5521936499359509,0.07454967437294781
6077,CVX,0.31047365755457346,0.6155768170610245,0.5629068643577356,0.08233074439868729
6078,CVX,0.3110698470217619,0.6246341636550637,0.5734867433781606,0.0
6079,CVX,0.31204024205208025,0.631873640405794,0.5835566726703715,0.0
6080,CVX,0.31402638299509356,0.6377764236735532,0.5929221063027623,0.0
6081,CVX,0.31531520118586265,0.6381017623971467,0.6004866272747813,0.0
6082,CVX,0.3160884921003255,0.6349107955046176,0.605830350897532,0.0
6083,CVX,0.31739247285804595,0.6377621601782216,0.6107378846301912,0.0
6084,CVX,0.3196062076327797,0.650640308667005,0.6175208366392266,0.0
6085,CVX,0.3217592921397143,0.6507853222741365,0.6229793684767669,0.0
6086,CVX,0.32377591354409496,0.6512595305577453,0.6274513936587525,0.0
6087,CVX,0.32586834778322693,0.6523298158181118,0.6312664489251313,0.0
6088,CVX,0.328536951237421,0.6662231617057195,0.6374006324343292,0.12673170849800577
6089,CVX,0.331167655677838,0.6768635532249767,0.6446684739052939,0.08521667305038061
6090,CVX,0.33433663124498736,0.6911899444204583,0.6536609543787116,0.21333622689938544
6091,CVX,0.3364818466536068,0.6990678365257329,0.6626025927080841,0.06940768645272147
6092,CVX,0.33905947840789796,0.7098429079916442,0.672146275816922,0.053496243407698554
6093,CVX,0.3421526550220415,0.7224389800864692,0.6825755706988259,0.07284912790974149
6094,CVX,0.34544292927389275,0.7416431705779194,0.6951793187452987,0.13846001763230786
6095,CVX,0.3485136026545188,0.7525788411190456,0.707688317382617,0.0
6096,CVX,0.35106090649856103,0.7521016676328725,0.7175896587715629,0.0
6097,CVX,0.3548667071012712,0.761412537751825,0.7275762817442585,0.0
6098,CVX,0.3583692600667767,0.7690097411483777,0.7372509652930113,0.0
6099,CVX,0.3615382365593751,0.7696807103074654,0.7451395618352039,0.0
6100,CVX,0.36502577858359864,0.7724759263577997,0.7520705377334198,0.0
6101,CVX,0.3688315828881077,0.7724372390566174,0.7576067359512617,0.0
6102,CVX,0.37283450056296896,0.7696633504837092,0.7614203272092162,0.0
6103,CVX,0.3765341668988267,0.7678701942414692,0.7640734013438785,0.0
6104,CVX,0.3783840000667551,0.7546692952638544,0.7632673357439419,0.0
6105,CVX,0.37990026231447693,0.7294173390872075,0.7570205176133189,0.17115068533420255
6106,CVX,0.3806962915266663,0.7009377505807064,0.7457050703385699,0.09091302096077344
6107,CVX,0.38301617074820005,0.6960215813420403,0.7355620955774435,0.058553643515544415
6108,CVX,0.38386529393185587,0.6880640173992864,0.7256823871912824,0.05319881709636411
6109,CVX,0.38493425767819645,0.6838265091227774,0.7168385596156472,0.04777323664672584
6110,CVX,0.38571512895068416,0.6831531667298963,0.7096141213670262,0.0545447287959105
6111,CVX,0.3868659718541849,0.6835622676708321,0.7039253268823388,0.07881653148467894
6112,CVX,0.38744246282957917,0.6821553718155601,0.6990621815237587,0.0
6113,CVX,0.3876547359905347,0.6813963325278161,0.6950032778063244,0.0
6114,CVX,0.38733633318997374,0.6845926088692063,0.6924652258504509,0.0
6115,CVX,0.3867207329717939,0.6802695523375586,0.6894757451512469,0.0
6116,CVX,0.38746369875235587,0.6840532853027019,0.6879235546552102,0.0
6117,CVX,0.38797922602866475,0.6949012150622581,0.6890883377944337,0.0
6118,CVX,0.38846442817107096,0.7041170662536308,0.6920646348986903,0.0
6119,CVX,0.38929836935333473,0.7107467219554813,0.6959164142251492,0.0
6120,CVX,0.3897077586609914,0.7140721269786088,0.6997355549777539,0.0
6121,CVX,0.3903294239059507,0.7175193552804059,0.703555610493282,0.0
6122,CVX,0.3905265483817004,0.7132926577746302,0.7056739923310703,0.1364675207297781
6123,CVX,0.39004133976114463,0.703273250200795,0.7051459639791731,0.0867569782063176
6124,CVX,0.39011715259589597,0.6907194559696879,0.7019385719441394,0.05327749673104851
6125,CVX,0.3919063243906278,0.6861145606234044,0.6983510952588043,0.03942022619962666
6126,CVX,0.3943162646696159,0.6813378460455674,0.6944214339870909,0.042184821055707776
6127,CVX,0.3953018222668838,0.6790782908512137,0.6907764388303357,0.05812537268352601
6128,CVX,0.3960902590902027,0.6711619492140866,0.6861042590009857,0.07721728865367616
6129,CVX,0.39681806045291435,0.6664623915283929,0.6813239519180683,0.0
6130,CVX,0.3971895451940952,0.6615880794521062,0.6764183750221454,0.0
6131,CVX,0.3974776256371024,0.658006659269472,0.6716994010841356,0.0
6132,CVX,0.3979473619612204,0.6558225674840649,0.6674396968112313,0.0
6133,CVX,0.39903906678163725,0.6618012211494768,0.6653582548959478,0.0
6134,CVX,0.3994484560892939,0.6627694103081974,0.6639078871954628,0.0
6135,CVX,0.4005947461507322,0.6652980284103237,0.6633085488538117,0.0
6136,CVX,0.40098897289143753,0.666100086117866,0.6630070089394421,0.0
6137,CVX,0.4006250712846322,0.6662274153141502,0.6627940240783484,0.0
6138,CVX,0.39995791833882244,0.6639350525016726,0.6621150919149409,0.0
6139,CVX,0.3980777591115423,0.6482636053147072,0.6580953478476901,0.10753358943122117
6140,CVX,0.3972780891804586,0.6470699697362168,0.6546147530883245,0.07076022683943907
6141,CVX,0.39652754674366975,0.6482967806211624,0.6521024364905685,0.05848879766278254
6142,CVX,0.39636832313259873,0.6498185774924535,0.6504301829508013,0.05197870635117574
6143,CVX,0.39632269846520085,0.6463133331364905,0.6483147667593747,0.05482039572109597
6144,CVX,0.39680791171300367,0.6455264090107544,0.6464478603240357,0.07836088129260552
6145,CVX,0.39656530508910226,0.6424098431270432,0.644262947351927,0.07505518382070035
6146,CVX,0.396331198720171,0.6393935607286836,0.6418458763235063,0.0
6147,CVX,0.39589148705496324,0.6366618782852612,0.6393062153120426,0.0
6148,CVX,0.39593698030851243,0.6343560858001028,0.6367629629516236,0.0
6149,CVX,0.39630088191531776,0.6380790671654994,0.635554277819248,0.0
6150,CVX,0.39590665517461154,0.631537942091771,0.6331362279561825,0.0
6151,CVX,0.395436615599154,0.6261341534911341,0.6300029962607504,0.0
6152,CVX,0.3947391375194442,0.6203087621005475,0.6262040895395365,0.0
6153,CVX,0.393313856226122,0.6155937013712274,0.6221189617039156,0.0
6154,CVX,0.39196438776755116,0.6095691181949761,0.6175143487992962,0.0
6155,CVX,0.39066040700983073,0.6077406871525114,0.6134250341420696,0.0
6156,CVX,0.38943223908686164,0.6066439389914753,0.6099102766904829,0.11105010797554994
6157,CVX,0.3869304062855763,0.5915313277417216,0.6037458461435825,0.08268264122634171
6158,CVX,0.3849441026114979,0.5839907041286516,0.5971414683552685,0.05056420214959679
6159,CVX,0.383905470477206,0.5758549505554861,0.5900531074538514,0.04588579002567031
6160,CVX,0.38183940414930095,0.5697503246257699,0.5830281511849185,0.05782247050018056
6161,CVX,0.3800577979053994,0.5712333857897406,0.5777371926689239,0.07209172834948283
6162,CVX,0.3789281940712046,0.5812209477347543,0.5757200949535459,0.08544579506347255
6163,CVX,0.3779124455302325,0.5864200746946484,0.575259805866789,0.0
6164,CVX,0.3770178429747739,0.5945078680148734,0.5766857936294738,0.0
6165,CVX,0.376320376000459,0.6011592603618698,0.5793021476017466,0.0
6166,CVX,0.375577410219897,0.605750555481266,0.5824137767239281,0.0
6167,CVX,0.3765174893708112,0.6284304795144139,0.5899344587594157,0.0
6168,CVX,0.3772301300174732,0.6435511329168877,0.5993054130674287,0.0
6169,CVX,0.37773049472682985,0.6584175707467346,0.6101001892890908,0.0
6170,CVX,0.37835215997179006,0.6617495561492839,0.6194751873679113,0.0
6171,CVX,0.37862523780256474,0.6597875389103844,0.6265399263563568,0.0
6172,CVX,0.3790657103724673,0.6581716564850709,0.6318332456022544,0.0
6173,CVX,0.3791718594465143,0.6525354797770804,0.6348175555564878,0.11283841249282732
6174,CVX,0.379156691326866,0.6439937868734056,0.6353100901155324,0.06737383230631912
6175,CVX,0.37780116209858416,0.6246154954182763,0.6314051825697484,0.06088160962969559
6176,CVX,0.3769368846770247,0.6151421301096051,0.6261796582773577,0.05532403184421317
6177,CVX,0.37752822386263496,0.609861032156016,0.6208276650799356,0.0622729134261753
6178,CVX,0.37824086636019505,0.6111885670700866,0.6168405746363196,0.06417938149737432
6179,CVX,0.37940080180643854,0.6147584061263098,0.6144428455127354,0.11120199137290775
6180,CVX,0.3806138182678529,0.6179828593866571,0.6132399840796399,0.0
6181,CVX,0.38134162148146356,0.620728203802082,0.6128867299325471,0.0
6182,CVX,0.3813871073314159,0.6234104570663073,0.6131991652941532,0.0
6183,CVX,0.3818419843399221,0.6270434079607098,0.6142550577241083,0.0
6184,CVX,0.3822210485136788,0.6325822837854056,0.6163285316063613,0.0
6185,CVX,0.3828427137586381,0.6395512845460759,0.6195333336264953,0.0
6186,CVX,0.383418891302747,0.6434385547170554,0.6229595382936225,0.0
6187,CVX,0.3824484870179319,0.6476155842461725,0.6266271461170049,0.0
6188,CVX,0.3815739101562423,0.6491066996168792,0.6298920256429513,0.0
6189,CVX,0.38073996897397944,0.6536917902610506,0.633521098789673,0.0
6190,CVX,0.3819529835844948,0.6722131866996964,0.6405331964768156,0.12213125549928856
6191,CVX,0.38359039659304894,0.6868406327629454,0.6493878687897614,0.05396543917790445
6192,CVX,0.3838322413868047,0.6821029713974598,0.6554205903921762,0.07362396379929834
6193,CVX,0.3841733852614402,0.674873232093691,0.6586429017811165,0.057182658086263424
6194,CVX,0.3852271947698762,0.6729025208588785,0.6607835627169215,0.10074552556410848
6195,CVX,0.38720742564339705,0.6688387709740325,0.6615945776537806,0.07394214078351659
6196,CVX,0.3885417389386161,0.6635421626832916,0.6610683749825295,0.09244929126364969
6197,CVX,0.3896660534579217,0.6586027291946247,0.6595516348969319,0.0
6198,CVX,0.3900602857513258,0.6513711091445036,0.656733959705352,0.0
6199,CVX,0.39056064860978346,0.6489795304830976,0.653949264951947,0.0
6200,CVX,0.3928501962192694,0.6674137291316097,0.6558110041136632,0.0
6201,CVX,0.3892869929859639,0.6152041804573706,0.6457180809378039,0.0
6202,CVX,0.3854963512484053,0.5723168201151495,0.6281294886179429,0.0
6203,CVX,0.38038656618617583,0.5258842683385024,0.6037578856499682,0.0
6204,CVX,0.3760349094714579,0.5019399710080777,0.578948732375915,0.0
6205,CVX,0.3710160998109302,0.47973999080771884,0.5541765031213973,0.0
6206,CVX,0.36640667945805916,0.46723340962803955,0.531584224241638,0.0
6207,CVX,0.3653907911741916,0.5012867842253582,0.5210648984389197,0.274534428392454
6208,CVX,0.36371806234093906,0.520411260139638,0.5168920658295788,0.10577194376452366
6209,CVX,0.36242923674657224,0.5446276625931517,0.5189260352148151,0.081477084772551
6210,CVX,0.35998806254213456,0.566717215765252,0.5254536199128187,0.08389497046919865
6211,CVX,0.35721331001389256,0.5815632235086688,0.5339691681780969,0.08646070471014336
6212,CVX,0.3564475929793085,0.6009576714867598,0.5450841261922628,0.10252042860514841
6213,CVX,0.3561216033425767,0.6185414275462126,0.5578769229696,0.1239717249025655
6214,CVX,0.35535588815889163,0.6316716285621741,0.5710240014626055,0.0
6215,CVX,0.3548828121831562,0.6432243666012326,0.5841045564627982,0.0
6216,CVX,0.3545644019789993,0.6522070679547954,0.5965617484338782,0.0
6217,CVX,0.3542588762549519,0.6587302758329475,0.6079746289663721,0.0
6218,CVX,0.35378883667949435,0.6586140640458565,0.6170791526395839,0.0
6219,CVX,0.353106521166735,0.6593097396326556,0.6245171022254109,0.0
6220,CVX,0.35113538746320305,0.6654434914265465,0.631828190806271,0.0
6221,CVX,0.3551686302719661,0.6716451638997651,0.6390528582994923,0.0
6222,CVX,0.3595051244197336,0.6773140287462227,0.6460901893659958,0.0
6223,CVX,0.36438747097770907,0.6739117242042112,0.6509652773201676,0.0
6224,CVX,0.3678142037048655,0.6655024569578276,0.6529998119629439,0.10560997323451402
6225,CVX,0.3695882323670894,0.6348857222645421,0.6478353363292987,0.08338542616838536
6226,CVX,0.3711954607620154,0.6121270314236497,0.6386549032323845,0.07537076697080812
6227,CVX,0.36851167993367717,0.5878824376717072,0.6259320672444633,0.07459938952673191
6228,CVX,0.3667528166147518,0.5708237651718016,0.6119694541157285,0.08958353687726005
6229,CVX,0.3644026372464584,0.5594178006426498,0.5982690320590923,0.10343576384235598
6230,CVX,0.3619007998179251,0.5517113513715212,0.585599073828213,0.1522067620102445
6231,CVX,0.3595960850142408,0.5456171971231273,0.5741111627632246,0.0
6232,CVX,0.35666213386206813,0.5418863181315718,0.5640931651234653,0.0
6233,CVX,0.3535538048609208,0.5400495252129396,0.5556712876557776,0.0
6234,CVX,0.3506729171403764,0.5414354599907527,0.5492412453875238,0.0
6235,CVX,0.3487321085707453,0.555465697326299,0.5472097192564728,0.0
6236,CVX,0.34630609785870803,0.5618925181343488,0.5470102425259793,0.0
6237,CVX,0.3438952497136212,0.5676142636399618,0.5481199894090707,0.0
6238,CVX,0.34171184007278743,0.5704852221261156,0.549644688497007,0.0
6239,CVX,0.34033204648031656,0.5836300631412374,0.5537805366174697,0.0
6240,CVX,0.33814863683948193,0.5912754084571556,0.5587852802245072,0.0
6241,CVX,0.3353431029306657,0.5924583151661077,0.5630514944928238,0.12437117535557862
6242,CVX,0.332644168789872,0.5963052222144642,0.5673178746887799,0.08056434336945391
6243,CVX,0.33018782924213586,0.5951470817696622,0.570474053681211,0.06877291760513025
6244,CVX,0.32765568333779616,0.5885348263970458,0.5715321153705405,0.06690463653611323
6245,CVX,0.32732210501399095,0.5851115412556464,0.571619133427239,0.07238151726038088
6246,CVX,0.3268217375282845,0.5823358687422664,0.5710729848018599,0.0893843880583336
6247,CVX,0.32627588419262654,0.5735716598255962,0.5686917889131496,0.11962071228413895
6248,CVX,0.3256542189476672,0.5679456777284886,0.5655387483611185,0.0
6249,CVX,0.3250628677312122,0.5658731871726409,0.5625565487306078,0.0
6250,CVX,0.3245018583067516,0.5657494768054145,0.5601433447671095,0.0
6251,CVX,0.3241682818338454,0.5680129108347719,0.5587149082274647,0.0
6252,CVX,0.3241682818338454,0.5743539930880065,0.5589788826856772,0.0
6253,CVX,0.3234556411871843,0.5719645583397556,0.5586599832638871,0.0
6254,CVX,0.32254588717017096,0.5703206350284129,0.558040171111829,0.0
6255,CVX,0.3213025566802514,0.5778686611102414,0.5592187969256619,0.0
6256,CVX,0.32072637913614255,0.5865199520062281,0.5620809245108428,0.0
6257,CVX,0.3198317876860788,0.5900964289115007,0.5651640423695747,0.0
6258,CVX,0.31963467616662555,0.5989324304200068,0.5695907403173652,0.13864605317878692
6259,CVX,0.31869460812110617,0.6080093157624417,0.5751457406900111,0.09237738441803152
6260,CVX,0.3168447731022779,0.6018825932123439,0.578230571463329,0.08286824446713568
6261,CVX,0.31594306124266147,0.6028961873815228,0.5809232946901537,0.09076027295204547
6262,CVX,0.3151470125960296,0.6076885908658729,0.584140633666622,0.0838209020951551
6263,CVX,0.31593547255558896,0.6250930010387004,0.5905755486131339,0.15209551534728413
6264,CVX,0.3164206858033918,0.6292471929142538,0.5966450582901195,0.13628379081361947
6265,CVX,0.31696653173545375,0.6344821306677939,0.6026619994853858,0.0
6266,CVX,0.31754271575770954,0.6382710501104474,0.6083160970878209,0.0
6267,CVX,0.31855861144517394,0.6389942631401266,0.6129998148015361,0.0
6268,CVX,0.3184850729954656,0.6277132749919323,0.6142441825340303,0.0
6269,CVX,0.31989519172183734,0.6373380296767347,0.6173748596247974,0.0
6270,CVX,0.32259412863897907,0.6601659261436756,0.6249436066599725,0.0
6271,CVX,0.3281436281427643,0.7116305276397078,0.6424156575963631,0.0
6272,CVX,0.333389876307546,0.7514472150971437,0.6652263453339875,0.0
6273,CVX,0.3386057993384277,0.7729233849847102,0.6882392300246134,0.0
6274,CVX,0.34424627424391474,0.7924973659226358,0.7109918852805764,0.0
6275,CVX,0.35391241067468915,0.8597454317097877,0.7441125113225339,0.5668971432375718
6276,CVX,0.3617514476080146,0.8912580803528495,0.77759986759816,0.1953876153643746
6277,CVX,0.3691962642787825,0.9048068066053158,0.8073954405164917,0.13461840521279958
6278,CVX,0.37592844770648526,0.9097956872484407,0.8323386462968833,0.11203216239015472
6279,CVX,0.3822967211983368,0.908192970944107,0.8519376597859956,0.1087551411953598
6280,CVX,0.38958991219960026,0.9007568858380757,0.865967228345687,0.12651699667441646
6281,CVX,0.3966935711139872,0.8951913700413299,0.8759562133681182,0.19103170328151717
6282,CVX,0.4033575303940111,0.8865166761753179,0.8820229826706352,0.0
6283,CVX,0.408831214286697,0.876707330035544,0.8847002649154352,0.0
6284,CVX,0.4152449736284991,0.8673232762464125,0.8847603055765694,0.0
6285,CVX,0.4213706506763941,0.8559744144800083,0.882290674390836,0.0
6286,CVX,0.4291642100888158,0.86314227515828,0.8819051080052818,0.0
6287,CVX,0.4373216711080419,0.868072951808847,0.8826904902036096,0.0
6288,CVX,0.44672018823214454,0.8715382239059271,0.8840875417624896,0.0
6289,CVX,0.4553476888268282,0.8812025442998779,0.8873491432836134,0.0
6290,CVX,0.4624134450256383,0.8835887591155123,0.890487789169879,0.0
6291,CVX,0.46624957446404824,0.8799019961270504,0.8921808239104982,0.0
6292,CVX,0.46881203717324205,0.8601614455824852,0.8891559519250891,0.17836096775374252
6293,CVX,0.47161712131353184,0.8364858038417649,0.8814837827558446,0.09324228399197985
6294,CVX,0.47469512055353036,0.8230520349461582,0.8723658619890376,0.07839143089435112
6295,CVX,0.4725951133599695,0.8054275178384677,0.8611616524629225,0.06664265929095527
6296,CVX,0.4723070440223571,0.7915916953958567,0.8491289067102875,0.07568807934365622
6297,CVX,0.4733456761566508,0.7857774987422249,0.8382128722155403,0.0915306416828565
6298,CVX,0.47457384037782013,0.7790997388067982,0.8279986313969403,0.13899636488559605
6299,CVX,0.4759233023582441,0.7712201332089399,0.8180792046653624,0.0
6300,CVX,0.4775911902754677,0.7640347701959317,0.8085496419494391,0.0
6301,CVX,0.47883452261628623,0.7554138238986577,0.7990134965745153,0.0
6302,CVX,0.4803811044452111,0.7493738097934852,0.7900446463973719,0.0
6303,CVX,0.4819428488410846,0.7433633356130512,0.7815361855992237,0.0
6304,CVX,0.4834591055361086,0.7379598481845878,0.7735306919686153,0.0
6305,CVX,0.4856273526099919,0.7385905384245439,0.7672662111775438,0.0
6306,CVX,0.4863096681227521,0.7396471108540957,0.762489019572157,0.0
6307,CVX,0.4869616585016123,0.7408535284530267,0.7589349013931164,0.0
6308,CVX,0.4866887285947099,0.7323719532489732,0.754210030126705,0.13252604569701654
6309,CVX,0.48538475153878835,0.7225810222866569,0.7482580851916117,0.0995040877384562
6310,CVX,0.48417174710821875,0.7125628350295077,0.7412740661399274,0.06874424132802001
6311,CVX,0.48220060877743975,0.6925173488125359,0.7312399033253706,0.07190713382195403
6312,CVX,0.48082839831934354,0.6688810545426094,0.7179690304474395,0.10393493280672736
6313,CVX,0.4799489666598804,0.6499159043204199,0.7031450493761334,0.09495868166363908
6314,CVX,0.47943344493627027,0.6464217185541796,0.6905107044284159,0.11392926383817703
6315,CVX,0.47941827404027304,0.6442661704974926,0.6799250355695625,0.0
6316,CVX,0.47917566371457276,0.6418097592476208,0.6709115632368484,0.0
6317,CVX,0.4784090517331663,0.6406813578243827,0.6634504575953185,0.0
6318,CVX,0.4836552980470481,0.7074502861393978,0.6722937817021507,0.0
6319,CVX,0.490554266009406,0.7766552137575331,0.6947210586090856,0.0
6320,CVX,0.4977716478777179,0.8334092100881639,0.7252533478100321,0.0
6321,CVX,0.5033059848145536,0.8550247538906713,0.7544744327763007,0.0
6322,CVX,0.5059745965977935,0.8390722375084053,0.774312349224526,0.0
6323,CVX,0.5081125185377786,0.8182609659887086,0.7855658508242108,0.0
6324,CVX,0.5143746660918218,0.8471328022635399,0.8009736622327605,0.4129725425367179
6325,CVX,0.5193479954550968,0.8587717297526671,0.8158819240776909,0.16953991435159765
6326,CVX,0.5243061566987217,0.8669115578497746,0.8296142961283602,0.12559431224056256
6327,CVX,0.5294247622214989,0.8740349620481622,0.842180469980215,0.10230240243797349
6328,CVX,0.5353078456017872,0.8773325265075935,0.8529649501234444,0.13839632459470622
6329,CVX,0.5416912733315415,0.8807868857563702,0.8623588591009955,0.130818726444744
6330,CVX,0.5474530533998792,0.8723002634572274,0.8679912898979538,0.24727539341978869
6331,CVX,0.5542307254538823,0.8631437793310558,0.8704659341009351,0.0
6332,CVX,0.5615921609627179,0.8527079724844869,0.870130540444336,0.0
6333,CVX,0.5689459994554342,0.8419041213450226,0.867465468509228,0.0
6334,CVX,0.5761027273541464,0.840383074799507,0.8649959776771041,0.0
6335,CVX,0.5831836461199069,0.836704177145891,0.8622042479112242,0.0
6336,CVX,0.5904010279882188,0.8324072751723746,0.859017627165446,0.0
6337,CVX,0.5972402554367919,0.8233805867903758,0.8544658243906267,0.0
6338,CVX,0.598210659721607,0.8153892210762961,0.8490515549125944,0.0
6339,CVX,0.5972554180037415,0.80297481775367,0.8419660928515327,0.0
6340,CVX,0.5947460103971292,0.7778743684794501,0.830729368273385,0.19094264831039087
6341,CVX,0.5933510570140568,0.7486178888260652,0.8152496481029315,0.09625660743214169
6342,CVX,0.595935669435006,0.7391070059645952,0.8007559507103769,0.08207467533122541
6343,CVX,0.598771069454699,0.7273230715453008,0.786546811329167,0.07059479786394879
6344,CVX,0.5975277278593838,0.7180943184298839,0.7731321670318619,0.0940421936112713
6345,CVX,0.5966786278119693,0.7058193936192159,0.759677347424466,0.1422494651658166
6346,CVX,0.595192702728994,0.6897515105132561,0.7453489469322397,0.14838575616172497
6347,CVX,0.5934553496361197,0.677079153353979,0.7310749548483473,0.0
6348,CVX,0.5921816903105022,0.6723650922760035,0.7186099804880758,0.0
6349,CVX,0.5902105658614687,0.6639764998711906,0.7067770518448493,0.0
6350,CVX,0.5891946683231035,0.6595041152032862,0.6963185424180606,0.0
6351,CVX,0.5874661356907778,0.6478440017262589,0.6853650221988343,0.0
6352,CVX,0.5861621549330582,0.6427101306692948,0.6754632934926807,0.0
6353,CVX,0.5846610608049838,0.6362201831075102,0.6661021621351398,0.0
6354,CVX,0.5823260254946474,0.6309749144775175,0.6574496317644668,0.0
6355,CVX,0.5797180639792066,0.6236725117656567,0.6489076217181882,0.0
6356,CVX,0.5760259780013754,0.6066819332831452,0.6383047755129109,0.1582296448147671
6357,CVX,0.5740017651335734,0.6091783956218406,0.6303763208415737,0.10339512710795853
6358,CVX,0.5723569283160561,0.6169542859601007,0.625758582693556,0.06923894313364556
6359,CVX,0.5704616102236253,0.6163167148548088,0.6219229515910254,0.04985464441848689
6360,CVX,0.5704085356866013,0.6234417658472109,0.6204350882497798,0.06605774969904318
6361,CVX,0.5712121498840652,0.6308988542277165,0.6208990992344214,0.07398839749182005
6362,CVX,0.5704622117658928,0.6338929038671227,0.6219345164945015,0.1459742109484585
6363,CVX,0.5700983101590875,0.6374788571472227,0.6235583683590487,0.0
6364,CVX,0.569567624017628,0.6394263389544664,0.6252894847438715,0.0
6365,CVX,0.5695827754791827,0.6429882270388195,0.627464557216865,0.0
6366,CVX,0.5703560580645988,0.6486332845354846,0.6304569307771174,0.0
6367,CVX,0.5712809746485625,0.655158993674641,0.6342985114677917,0.0
6368,CVX,0.5713567874833139,0.6561161349452289,0.6375841109572037,0.0
6369,CVX,0.5715235757197661,0.6533866605547051,0.63960707620073,0.0
6370,CVX,0.570553171434951,0.6405850521354759,0.6383855032389767,0.0
6371,CVX,0.5703560580645979,0.631375702981048,0.6353652167070319,0.0
6372,CVX,0.5706289796424535,0.6336748244598653,0.633459031117738,0.14317776957357656
6373,CVX,0.5697040695366367,0.6195407212121514,0.6287985330539116,0.12684194644770094
6374,CVX,0.5699466687569412,0.6217236792955783,0.6255544082216811,0.08163674967224023
6375,CVX,0.5699845779506658,0.6180275281651063,0.622139143695426,0.06906962340698958
6376,CVX,0.570810935073105,0.6128593179244896,0.6182604016416562,0.07109382272642514
6377,CVX,0.5703636421244216,0.6101182547339172,0.6145493227583327,0.08768254467807204
6378,CVX,0.5696885960186071,0.6111996576669226,0.6118203611485267,0.12775915500954385
6379,CVX,0.5694914798719051,0.6107973483125881,0.6095479424113257,0.0
6380,CVX,0.569173074294997,0.6167954857601493,0.6090606512621533,0.0
6381,CVX,0.5682329942186319,0.6164022183489469,0.6085835747837944,0.0
6382,CVX,0.5672777487989693,0.6132390942059027,0.6075001971608367,0.0
6383,CVX,0.5659737680412489,0.6082854663912332,0.6055345682042945,0.0
6384,CVX,0.5651853145598364,0.6097156864691721,0.6042793491216668,0.0
6385,CVX,0.5639268215029665,0.6078856379074924,0.6028691906869785,0.0
6386,CVX,0.563108042887654,0.6146879656607398,0.603250111640394,0.0
6387,CVX,0.5620618257680885,0.6199304717414345,0.6047178608359873,0.0
6388,CVX,0.5617130839518829,0.6281856827354001,0.6077234196366078,0.11439586577427245
6389,CVX,0.5603029633746122,0.6194676003815581,0.6081938225363523,0.09038114086623107
6390,CVX,0.5593173918955987,0.6071704832259577,0.6058421174737905,0.07168997226614927
6391,CVX,0.5577850693947743,0.5925428328057923,0.6007157139253907,0.06956893647325599
6392,CVX,0.5563749617737974,0.5924240052516971,0.596588230044709,0.08738468606105251
6393,CVX,0.5560868692999446,0.5895773296399915,0.5926547283405091,0.10669448409648255
6394,CVX,0.553812484257409,0.5784417113486723,0.5870375698004378,0.11206660274306603
6395,CVX,0.552318817010792,0.5736490694981212,0.5814806296935375,0.0
6396,CVX,0.5515455297981298,0.5762889827845279,0.5776207234664116,0.0
6397,CVX,0.550590295483862,0.5780208031707335,0.5749169904359717,0.0
6398,CVX,0.5503780297265042,0.5913897590124665,0.57571981113115,0.0
6399,CVX,0.5498170147493449,0.5968890907676914,0.5775820550569412,0.0
6400,CVX,0.5485585216924767,0.5997675247069657,0.5797104101547809,0.0
6401,CVX,0.5474061666042589,0.5983265734930208,0.5810934295247684,0.0
6402,CVX,0.5460263730117862,0.5919718671963805,0.5807900989343613,0.0
6403,CVX,0.5452227569634243,0.5912878086658762,0.5803956809755284,0.0
6404,CVX,0.544252357305858,0.5943672832940313,0.5807633060028617,0.21322022487388922
6405,CVX,0.5459960432506383,0.6247532067799165,0.5877983055590523,0.12300854783620917
6406,CVX,0.5481491351611689,0.6612420617286843,0.601521096380795,0.13101556963335
6407,CVX,0.5514292563049885,0.7019812557900909,0.6215370275108004,0.12620905092474508
6408,CVX,0.5540978597591826,0.7301840935082384,0.6438063700044482,0.10327321690476622
6409,CVX,0.5579946505707891,0.7498467213682196,0.6659838571876935,0.09973421846481334
6410,CVX,0.5625282664179565,0.7655142350366104,0.6872015726478864,0.17174899640235208
6411,CVX,0.5678209055224395,0.7795909723023529,0.7072985683761246,0.0
6412,CVX,0.57218771832596,0.7893406955376224,0.725539071241519,0.0
6413,CVX,0.5768577861702839,0.7954174176068095,0.7414795508099925,0.0
6414,CVX,0.5823011495563168,0.79768826930902,0.7547357066535303,0.0
6415,CVX,0.5879872637883246,0.8036509526442326,0.7666634099280082,0.0
6416,CVX,0.5932031868192054,0.8067693233089493,0.7768973607491702,0.0
6417,CVX,0.5988436617246933,0.8110593569149651,0.7860362346410277,0.0
6418,CVX,0.6032408061402608,0.8096907357389185,0.7930437149471878,0.0
6419,CVX,0.6090025815813513,0.8166161974961269,0.8001860632903087,0.0
6420,CVX,0.6156437951600502,0.8280714470694903,0.8084412070525859,0.2905380966502938
6421,CVX,0.622557915509411,0.8338403339471989,0.8163251083057179,0.15561549233709351
6422,CVX,0.6301945316186819,0.8386358735983241,0.8236960854393731,0.14592190196056393
6423,CVX,0.6381245633881507,0.8472009947918357,0.8314929779489719,0.13943760488816684
6424,CVX,0.646767221922536,0.8626842084569412,0.8411653320342752,0.12571996909302555
6425,CVX,0.6530900327006766,0.8734479787489727,0.8512910806633595,0.17211587982708926
6426,CVX,0.6586016174580411,0.8825385345453352,0.861408354273351,0.18003125281899332
6427,CVX,0.6631302182935928,0.8881533279969773,0.8707477748815318,0.0
6428,CVX,0.6678609502874613,0.8890054503220278,0.8784083486039131,0.0
6429,CVX,0.67268263732314,0.8864599893616866,0.8839721152955966,0.0
6430,CVX,0.6762003491537962,0.8683979246761282,0.8844161889393647,0.0
6431,CVX,0.6795816015836982,0.8533298898420921,0.881428712227367,0.0
6432,CVX,0.6828112283440992,0.8376872353641962,0.8755685199775691,0.0
6433,CVX,0.6870719096571145,0.8349998967828984,0.8702841993572733,0.0
6434,CVX,0.6916510048760856,0.8335606693450076,0.8657374605601262,0.0
6435,CVX,0.6950929075737893,0.8233241056386968,0.8598291611673275,0.0
6436,CVX,0.6990048609523454,0.8188519464190679,0.8541104051549666,0.2626013504653194
6437,CVX,0.7021283562222411,0.8081245474724914,0.8471556037067735,0.12804145062190053
6438,CVX,0.7046756609917342,0.7884956948454389,0.8372372421534554,0.1135560399300587
6439,CVX,0.7070561793756722,0.7794666598424249,0.8272995261515357,0.08702169338748106
6440,CVX,0.7087998653204526,0.7716303866407168,0.8176109322550885,0.10669506050406266
6441,CVX,0.7099370578417208,0.7560568403595548,0.8064051774162984,0.09638889297177591
6442,CVX,0.7114434584980467,0.749200421763442,0.7959195261779505,0.1623407277779747
6443,CVX,0.7126867797334704,0.746675196216343,0.786970801982574,0.0
6444,CVX,0.7129140666120533,0.7431039443585807,0.7790195659750598,0.0
6445,CVX,0.7128382426719062,0.7368676823796264,0.7712751071063603,0.0
6446,CVX,0.7104804644365945,0.7083424650368546,0.7587514248105676,0.0
6447,CVX,0.7087064441034174,0.693084967367538,0.7453477123736417,0.0
6448,CVX,0.7068111232346377,0.6784328963036272,0.73137428538081,0.0
6449,CVX,0.7047186889955048,0.6639067899885093,0.7169730311207503,0.0
6450,CVX,0.7038686754922745,0.6530702567535632,0.7030480204140248,0.0
6451,CVX,0.7036563995549727,0.653342299397924,0.6919683625612215,0.0
6452,CVX,0.7025950226448048,0.6423774963797511,0.6806721732474211,0.18901759109473343
6453,CVX,0.6999870611293648,0.6280590465555442,0.6684587762360849,0.06228444157777741
6454,CVX,0.6976671893114279,0.6231293034217454,0.6575944304142548,0.05965169995564543
6455,CVX,0.6966664626690617,0.6275011820265408,0.6498728237186129,0.049785187305084175
6456,CVX,0.6959841286473072,0.6403131752395587,0.6465377873108111,0.07387758313454476
6457,CVX,0.6953169719996986,0.6453340712905477,0.644983608019271,0.11064129089936009
6458,CVX,0.6949985710500393,0.6438499748036774,0.6434110284079159,0.10879462511459703
6459,CVX,0.6939523585577207,0.6424396466800425,0.6418400935238433,0.0
6460,CVX,0.6927393532017021,0.6402443472846358,0.6400963341660669,0.0
6461,CVX,0.6922996489400912,0.6393486670787923,0.6385026264400695,0.0
6462,CVX,0.6904498268775585,0.6293462466381917,0.6350086949110082,0.0
6463,CVX,0.6873111755188592,0.6111204259451637,0.6281702818805665,0.0
6464,CVX,0.6849459667002922,0.6055555471048089,0.6214650229351054,0.0
6465,CVX,0.6831416212332142,0.6056790644910766,0.6161282172263826,0.0
6466,CVX,0.68352068540697,0.6083682874473761,0.6124553575149619,0.0
6467,CVX,0.682459305720454,0.6023865170864718,0.6081900568262087,0.0
6468,CVX,0.6813827579142897,0.5958635089058602,0.6033307336210456,0.11157564758671115
6469,CVX,0.6810188618601813,0.5967211915623771,0.5996335458124706,0.07433366563230326
6470,CVX,0.6804132735634374,0.5959649087339169,0.596508019635794,0.04772453020620693
6471,CVX,0.6779266153599472,0.5834739985735192,0.5912365797217162,0.05094232552214601
6472,CVX,0.6765923020647291,0.5763613058293259,0.5854415278385438,0.06313348994327285
6473,CVX,0.6756977161673632,0.5707950517057002,0.5795706527141529,0.07254478470744577
6474,CVX,0.6745453694081922,0.5704547520248964,0.5747984595673111,0.10809184017255337
6475,CVX,0.672337696883889,0.5670664403118584,0.5702290323597128,0.0
6476,CVX,0.6690716873664062,0.5624969240795838,0.565559776139422,0.0
6477,CVX,0.6668276246814226,0.5663646485431212,0.5626823981389785,0.0
6478,CVX,0.6654326620438527,0.5744967846210915,0.562184551893985,0.0
6479,CVX,0.6640680310183322,0.5817545299820435,0.5633963537342187,0.0
6480,CVX,0.6627640502606109,0.5877291545380359,0.5656912228803731,0.0
6481,CVX,0.6615965326054427,0.5953789181480675,0.5692241634748741,0.0
6482,CVX,0.6612932812664383,0.6023643283328178,0.5736001791780322,0.0
6483,CVX,0.6619452716452976,0.608577845381773,0.578479416003401,0.0
6484,CVX,0.662600738938468,0.6222289623912216,0.5854112080177517,0.10854489653051631
6485,CVX,0.6622671633910118,0.6260124933602128,0.5917959908811588,0.07169184559078462
6486,CVX,0.6618881093972009,0.6308222856823353,0.5979708351560326,0.05412308665106331
6487,CVX,0.6628031727188182,0.6409075924646856,0.60514806366557,0.05387580779919804
6488,CVX,0.6642133034760356,0.6521425712335944,0.6133822460603527,0.05170462454683556
6489,CVX,0.6652974214602798,0.6625783268031151,0.622284689619717,0.06286113736167298
6490,CVX,0.6672078965669623,0.6779378383596295,0.6328140421178622,0.11735413357726901
6491,CVX,0.6698310178730038,0.6852129388630079,0.6428514530666755,0.0
6492,CVX,0.6728635358902988,0.697065230101339,0.653510727763698,0.0
6493,CVX,0.6758050683259471,0.703951228024929,0.6635657568506177,0.0
6494,CVX,0.6780036312792346,0.7034321324650677,0.6714946224873976,0.0
6495,CVX,0.6810300796425022,0.7077677561888553,0.67879954207291,0.0
6496,CVX,0.6849935746432925,0.7182624811084237,0.6869716573128917,0.0
6497,CVX,0.6890874677198564,0.7336348971594305,0.696919609925226,0.0
6498,CVX,0.6927568089218132,0.744064556795437,0.7071917173194338,0.0
6499,CVX,0.6965019629585205,0.7520488724687057,0.7171806664919077,0.0
6500,CVX,0.6994586533338705,0.7477192655993005,0.7242113335498567,0.15471644061402393
6501,CVX,0.702978640845199,0.7518544722883558,0.7307532331883185,0.2803853976362101
6502,CVX,0.7064205416920037,0.7534184414466222,0.7363337082573991,0.09558264286910331
6503,CVX,0.7100443924167612,0.7557243558766953,0.7413096389165176,0.08144999361628605
6504,CVX,0.7125578905107961,0.7520574693034868,0.7444769109158097,0.10834286567368932
6505,CVX,0.7154994322009403,0.7456427057847308,0.7455876591641846,0.0797978653898086
6506,CVX,0.7176070280815736,0.7316509840810151,0.743372294496447,0.11155849946120301
6507,CVX,0.719133138038945,0.7192688392332222,0.7388531125952627,0.0
6508,CVX,0.7202854866490149,0.7077736232811649,0.7326876357316173,0.0
6509,CVX,0.7214302604537579,0.6996810317727431,0.7259599707649187,0.0
6510,CVX,0.7219912791327152,0.6934876248745159,0.7192038758216494,0.0
6511,CVX,0.7225219689759728,0.6833557232192602,0.7115513100385035,0.0
6512,CVX,0.7225977818107241,0.6764377396136773,0.7038945522881817,0.0
6513,CVX,0.7227494074802268,0.6697116653712702,0.6962770146820931,0.0
6514,CVX,0.723401397859087,0.6645868578970119,0.6890460827573696,0.0
6515,CVX,0.7238714374345445,0.6636953090457217,0.6830635534892378,0.0
6516,CVX,0.7232801010252841,0.6585721877914924,0.6771410023107179,0.11580057104698961
6517,CVX,0.7224916456929718,0.660155395412028,0.6727541846413025,0.06579851038989074
6518,CVX,0.7219743026844645,0.6636904522802068,0.6700289575577335,0.050383786577023755
6519,CVX,0.7211555138892063,0.6637737636220951,0.6678672579154907,0.04916036148824979
6520,CVX,0.7213602233502288,0.6658554972699586,0.666599715904357,0.09654380250892927
6521,CVX,0.7213882876106519,0.6739454736113507,0.6673803856151537,0.1695304036265259
6522,CVX,0.7215095909226017,0.6805521016181615,0.6694705544975995,0.14081954206146982
6523,CVX,0.7216612193684533,0.6879827677821534,0.6727911296816679,0.0
6524,CVX,0.7218540983254558,0.6895703267653038,0.6757997784209594,0.0
6525,CVX,0.722536409210969,0.6935293591863116,0.6790849804046979,0.0
6526,CVX,0.72374940531249,0.6942714747990603,0.6818777750261501,0.0
6527,CVX,0.7252959871414149,0.6976382318774589,0.6848589016720928,0.0
6528,CVX,0.7274187465144477,0.705256136899945,0.6889337806669141,0.0
6529,CVX,0.7291776042806744,0.708044122092937,0.6928121784133111,0.0
6530,CVX,0.7309516246138523,0.7104518601792571,0.6964490360632706,0.0
6531,CVX,0.7318158909300161,0.6965584726299956,0.6962763736448039,0.0
6532,CVX,0.7332411759251363,0.6928989917226962,0.6953264140759783,0.16100173296938958
6533,CVX,0.733453446309742,0.6747955778628323,0.6905503336931176,0.0888310367814323
6534,CVX,0.7330895530319825,0.6541713862136816,0.6821541401575513,0.08758974305767506
6535,CVX,0.7319978583915114,0.6330096009415606,0.6707425948042267,0.07069336356014683
6536,CVX,0.7311942441940484,0.6156187081681369,0.6577553134944906,0.06514414368457594
6537,CVX,0.7294657124871717,0.5976011691626382,0.6433684264403996,0.08689128117248218
6538,CVX,0.7270415202836826,0.5786109814164415,0.6276460796327561,0.14820649340431216
6539,CVX,0.7251007218939982,0.5674924285045544,0.6126016308421531,0.0
6540,CVX,0.7230915255201742,0.5611200891346027,0.5991524139522284,0.0
6541,CVX,0.7193463603780703,0.5441126179270854,0.5846200547419591,0.0
6542,CVX,0.7176633145211442,0.5558981157706332,0.5756086956753848,0.0
6543,CVX,0.7162986834956238,0.5724143022937849,0.5720636061312763,0.0
6544,CVX,0.7158328894389125,0.5926204326880854,0.5737101198295799,0.0
6545,CVX,0.7147260220515452,0.6050085428735079,0.5777755443226529,0.0
6546,CVX,0.713816268034531,0.6155965935406932,0.5833767671374941,0.0
6547,CVX,0.7132400904904221,0.6313531971729022,0.5913532350734709,0.0
6548,CVX,0.7123758250997092,0.646169774901379,0.6010213610910592,0.30363350046271115
6549,CVX,0.7117541672583458,0.6580196881022834,0.6113846802925276,0.11230019191490379
6550,CVX,0.7106321382294789,0.6624284104164553,0.6206533791286148,0.07988562344387966
6551,CVX,0.7115776867877832,0.6740743960331688,0.6306519167106378,0.06572833276701288
6552,CVX,0.712214511823344,0.6871829778370608,0.6415587917800077,0.07921713475285228
6553,CVX,0.7135564138056338,0.690270160329808,0.6509691611644677,0.09182850029987603
6554,CVX,0.7155427063743165,0.6933724858539304,0.6591856853740725,0.14350243114307099
6555,CVX,0.7181051700089602,0.6968807776927612,0.6665371941636207,0.0
6556,CVX,0.7207737762395041,0.6992929461873926,0.6729535235024593,0.0
6557,CVX,0.7240337290592533,0.7025366644999396,0.6788061826531773,0.0
6558,CVX,0.7272785156102559,0.6988364864475382,0.6826674519694873,0.0
6559,CVX,0.7307052557410074,0.7003886161048893,0.68610079627235,0.0
6560,CVX,0.7339956843948787,0.7008846385325678,0.6889575107382461,0.0
6561,CVX,0.7384383165112975,0.7007193563451528,0.6912062156412567,0.0
6562,CVX,0.7408946523572366,0.7014121015747706,0.6931588601321661,0.0
6563,CVX,0.7428657860607668,0.7020820659692749,0.6948696025282561,0.0
6564,CVX,0.7461863919246667,0.7236840543124505,0.7010304428690562,0.24172703815558796
6565,CVX,0.7490293797059833,0.7302610655343154,0.7074181779838478,0.12217059531663077
6566,CVX,0.7514705585376689,0.7303166349421137,0.7125406937508733,0.06734126527804317
6567,CVX,0.7521604599611527,0.7166730542783996,0.7136119756947721,0.057415814952416114
6568,CVX,0.7522514316610556,0.7006974903513328,0.710924936792329,0.053163800335872695
6569,CVX,0.752334814673886,0.6877151326482601,0.7058952625795097,0.06743493150981031
6570,CVX,0.7523196604359823,0.6712135963574541,0.6982107755492403,0.13507102926507744
6571,CVX,0.7517683386183842,0.660302337740433,0.6896426013354355,0.0
6572,CVX,0.7508282585420201,0.6514904209601545,0.6808332013280752,0.0
6573,CVX,0.750350628428591,0.6430494483634912,0.6719131119967058,0.0
6574,CVX,0.7509874516132529,0.6502839375913297,0.6663819601612427,0.0
6575,CVX,0.7514120034878591,0.6551158146174346,0.6630289560104523,0.0
6576,CVX,0.7515333040234617,0.655605284021936,0.6604551379721597,0.0
6577,CVX,0.7512603778183573,0.6533741342193832,0.6579011189349037,0.0
6578,CVX,0.7515181414565113,0.6519571738834867,0.655543561201313,0.0
6579,CVX,0.7513816783539591,0.6513660414753677,0.6535263765227483,0.0
6580,CVX,0.7492467881870057,0.6281005897311426,0.6467513549123658,0.13673857639432271
6581,CVX,0.7470178871435227,0.6090831307403402,0.6371124505293604,0.12329718393194701
6582,CVX,0.745380319732952,0.6027493836090305,0.6279962305773009,0.16037950098666567
6583,CVX,0.7221861464367851,0.6317147613945263,0.5925951480234731,0.0
6584,CVX,0.7227319997724431,0.6378444163175085,0.6001679702664157,0.0
6585,CVX,0.7247789463107255,0.6577564334709605,0.6106435664779978,0.0
6586,CVX,0.7263255281396486,0.670546082458129,0.6218613354894758,0.0
6587,CVX,0.727887272535523,0.677953342483111,0.6324787982924398,0.0
6588,CVX,0.728918327088139,0.6858691279169635,0.6427288288490436,0.0
6589,CVX,0.7299645442077045,0.6927188623021802,0.6524484178173201,0.0
6590,CVX,0.7297067898240464,0.6807900365635631,0.657577764423138,0.12273331321670879
6591,CVX,0.7293732115002429,0.6697447992095062,0.6592309348948023,0.07840728210280402
6592,CVX,0.729630974212947,0.666904487467948,0.6599233684515003,0.06094213242560667
6593,CVX,0.7305710598420099,0.6665739803364445,0.6604039946564684,0.05096840796514578
6594,CVX,0.7338385911688858,0.6648637262077138,0.6604090879889685,0.06918764285901619
6595,CVX,0.7368256187089814,0.6617483253987865,0.6597220332946289,0.06335872120519907
6596,CVX,0.7391757980772748,0.6509539973979763,0.6567777451694443,0.08588833198309857
6597,CVX,0.740024906453737,0.6399353765458095,0.6519779125366525,0.0
6598,CVX,0.7400248990501401,0.6333328361922519,0.6466733201332133,0.0
6599,CVX,0.7391757897482281,0.6233941305385344,0.6402248155314127,0.0
6600,CVX,0.7384024969828671,0.6176543993178351,0.6337926935803883,0.0
6601,CVX,0.7385541226523689,0.6252332580012452,0.6303283115469193,0.0
6602,CVX,0.7383418467150662,0.6278718979649294,0.6281421693010106,0.0
6603,CVX,0.7370833536581962,0.6164747586461862,0.623864881760368,0.0
6604,CVX,0.7361129493733811,0.6112172757201731,0.619276716789107,0.0
6605,CVX,0.7341266531029005,0.6110017617334018,0.6155583745774105,0.0
6606,CVX,0.7287515194172434,0.5701613632732867,0.6035235508643044,0.17226675451118187
6607,CVX,0.7236138255701325,0.5393848117096064,0.5870681343176913,0.10122437616128115
6608,CVX,0.716441937880818,0.49591747647272844,0.5642608840239987,0.10223063969425036
6609,CVX,0.7090956834479263,0.4626990040064185,0.5386458035470563,0.11621227016107998
6610,CVX,0.7038494251031988,0.44579067369485426,0.5144027471650003,0.1142595453815775
6611,CVX,0.6987623903695424,0.43532607550152014,0.4926868058862641,0.11092963879130788
6612,CVX,0.6926215461274481,0.42367310926739343,0.47272892575013653,0.1477004075489795
6613,CVX,0.6863593994988539,0.41783568733034926,0.45546763138578433,0.0
6614,CVX,0.6801351629894326,0.4150750214239939,0.4410461619318719,0.0
6615,CVX,0.6736759168722308,0.41132072991256785,0.4286761236810951,0.0
6616,CVX,0.6684448405288954,0.4167941258285942,0.4199943267699203,0.0
6617,CVX,0.663304730332765,0.4222199514427798,0.4142525697996109,0.0
6618,CVX,0.6582252704044356,0.43166945413921676,0.41175546872948077,0.0
6619,CVX,0.6533732489803619,0.4391820312107044,0.4114243992997594,0.0
6620,CVX,0.6483544393198333,0.44732463306420633,0.4129659216687007,0.0
6621,CVX,0.6423000263366037,0.4559882986448405,0.4161211117331434,0.0
6622,CVX,0.6379028865482841,0.4801814558486671,0.4240123424652207,0.14463780997398384
6623,CVX,0.6345595433121067,0.4992937036474693,0.43456524236386207,0.0732501634835999
6624,CVX,0.631754460097266,0.5253731363153827,0.44879309766754744,0.055811384453192385
6625,CVX,0.6294042686981269,0.555841260412923,0.4669345170618838,0.06445029306002391
6626,CVX,0.6300790140328081,0.5739400204846552,0.48546273289558156,0.07687130000371782
6627,CVX,0.6313047720849072,0.5955404438445154,0.5050772048061261,0.08931795708472644
6628,CVX,0.6329726405676883,0.5974780874614212,0.5211986346956706,0.16201664261606039
6629,CVX,0.6348148831976452,0.6006514816853852,0.5347997733914859,0.0
6630,CVX,0.6356033376045076,0.598744421122408,0.5452576166185406,0.0
6631,CVX,0.6363387174743451,0.5976885901863949,0.5533896626677455,0.0
6632,CVX,0.6379611176907183,0.6016062718442717,0.5607644091287235,0.0
6633,CVX,0.6392650984484387,0.6023328516783165,0.5668253928307122,0.0
6634,CVX,0.6402051775993538,0.5984896103825804,0.5708215842319689,0.0
6635,CVX,0.6417062717274273,0.5981529050735861,0.5739438416912921,0.0
6636,CVX,0.6422763842447559,0.5936273098372957,0.575437676762983,0.0
6637,CVX,0.6432334454706545,0.5935878644786241,0.5766239941499793,0.0
6638,CVX,0.6385579332060818,0.5329889766703934,0.5641296187428139,0.2783061513928745
6639,CVX,0.6350705520620235,0.49792648808748585,0.5463557564044689,0.21097468504369313
6640,CVX,0.6311434435201138,0.46706126519505586,0.5252894378583494,0.10304323028030411
6641,CVX,0.6275165565801686,0.4483396508174442,0.5042831269356726,0.09604074279339217
6642,CVX,0.622156583610562,0.4315294761004902,0.4837488613128096,0.08219716194199783
6643,CVX,0.6165236955412485,0.41597908560622854,0.463871706038394,0.10237200365327123
6644,CVX,0.6096853861757383,0.40219395751419235,0.4449118498657758,0.19383707897389074
6645,CVX,0.602195071624176,0.39544609964859323,0.42824700098103574,0.0
6646,CVX,0.5951747957226194,0.39154015123079616,0.4140486151869205,0.0
6647,CVX,0.5877906191397066,0.3938562798078009,0.40320372309083663,0.0
6648,CVX,0.5823017773073191,0.4044565104323966,0.3968793946706841,0.0
6649,CVX,0.5770555291425374,0.41936494403399716,0.39512726117104924,0.0
6650,CVX,0.5723096456871142,0.4343867686349272,0.3970580385890463,0.0
6651,CVX,0.5679731515393467,0.4531054584831566,0.4027552678233241,0.0
6652,CVX,0.5631362926822217,0.46849484677751146,0.41072707680174525,0.0
6653,CVX,0.558860448802255,0.48608212282313906,0.42100613523421326,0.0
6654,CVX,0.5583676718545192,0.5396334308115418,0.4411093561810425,0.29365415602834427
6655,CVX,0.5582722903870678,0.5894369355569461,0.4682404838276024,0.21678026219051597
6656,CVX,0.5583996615021478,0.6268179568911975,0.4982380978455323,0.10741974893415032
6657,CVX,0.5566389786751893,0.6378426069061377,0.5246819287191073,0.10598161202178705
6658,CVX,0.5601962451490348,0.6456569173099139,0.5475705422234315,0.12507597772415266
6659,CVX,0.5629482316160601,0.6537872234697483,0.5676850832280176,0.09918418153149765
6660,CVX,0.5649193699468391,0.6461397923470851,0.582080188199729,0.14005508150835488
6661,CVX,0.5668676090997247,0.6433085411145483,0.5929681793655095,0.0
6662,CVX,0.5689069752799805,0.6377586262497843,0.6004473634278555,0.0
6663,CVX,0.5716817167028276,0.6370115333875952,0.6062649734761243,0.0
6664,CVX,0.575396545605634,0.6429561516583934,0.6122378325092088,0.0
6665,CVX,0.5786868226338351,0.644112433536344,0.6172726325902634,0.0
6666,CVX,0.5819467745281361,0.6432218178193353,0.6211028959359123,0.0
6667,CVX,0.5852825392571885,0.645891131912656,0.6247592748293029,0.0
6668,CVX,0.587708549969225,0.6435889327088702,0.6271736515365086,0.0
6669,CVX,0.5908168761940242,0.6533936817430412,0.6312802662645282,0.0
6670,CVX,0.5936825985712684,0.6590013474411393,0.6358095785260487,0.25579368874048314
6671,CVX,0.597745095768695,0.6813432796470121,0.6443894260064573,0.2115819304293343
6672,CVX,0.6005956676098361,0.6832400253963572,0.6516740834528411,0.2008718452852886
6673,CVX,0.6033249231827309,0.6864344659982206,0.6582104731823533,0.10907620021747857
6674,CVX,0.60221803913727,0.6829650302020454,0.662669915478917,0.09746807206362848
6675,CVX,0.6007213557021949,0.6820445686097684,0.6660332715032686,0.10072693641965008
6676,CVX,0.5979162715619051,0.6638058626491257,0.6646778300112072,0.15119286107683888
6677,CVX,0.5969458728297878,0.6516181390685617,0.6608897176164642,0.0
6678,CVX,0.5960020095152831,0.6413897606238814,0.6555901351872676,0.0
6679,CVX,0.5948724084574364,0.6333283918660005,0.6495621123117521,0.0
6680,CVX,0.5951301711701413,0.6289462976853001,0.6437675577971558,0.0
6681,CVX,0.5952364607644629,0.627153199429119,0.6387341281775695,0.0
6682,CVX,0.5961310522145258,0.6315317309837648,0.6356787303530057,0.0
6683,CVX,0.5966920671916842,0.634855082198533,0.6339716737621149,0.0
6684,CVX,0.5966920671916842,0.6376574172241868,0.6332277064475603,0.0
6685,CVX,0.5967072297586355,0.6365839632140777,0.632394394510687,0.0
6686,CVX,0.5960400869927707,0.6263021007307861,0.6294467873968149,0.2529531521857231
6687,CVX,0.5946451197279536,0.6135606164805212,0.6242620946654834,0.15102930542598392
6688,CVX,0.5927649623515743,0.5940559651518036,0.6157873732542953,0.130409188859079
6689,CVX,0.5907786679319926,0.5897450207678059,0.6080512439840619,0.0823767129032007
6690,CVX,0.5889212673623332,0.5864790109350703,0.6011377996741021,0.08494057381951006
6691,CVX,0.5853288106658141,0.5830379863155724,0.5948436775551839,0.09668948952480094
6692,CVX,0.5824630864376692,0.5740881271925081,0.5878229177027792,0.17014903306187418
6693,CVX,0.5794609046596699,0.5684824322162654,0.5809627265322821,0.0
6694,CVX,0.5769211848754514,0.5647018942546153,0.5746358883212038,0.0
6695,CVX,0.574389031567514,0.5649711431888047,0.5696341487003225,0.0
6696,CVX,0.5735399315200995,0.5680666687175149,0.566319477175366,0.0
6697,CVX,0.5725543646683349,0.5721387593618186,0.5645711041049442,0.0
6698,CVX,0.5714323347140162,0.5740092570109223,0.5635873621575853,0.0
6699,CVX,0.5705377432639533,0.5787716711870075,0.563856876081419,0.0
6700,CVX,0.5693550630418356,0.5817945618726571,0.5647430938724335,0.0
6701,CVX,0.5675962052756072,0.5798126966038109,0.5650124054873207,0.0
6702,CVX,0.563244551337239,0.5552080504093088,0.5597694902127637,0.19429042353564374
6703,CVX,0.5596510340754284,0.545282788693256,0.5533733097553687,0.13810797670275843
6704,CVX,0.5560575084845727,0.5387258288375774,0.5468017507993035,0.10676927298000125
6705,CVX,0.552327521642062,0.5299009979036573,0.5395867780856267,0.12450807215585369
6706,CVX,0.5484458850683591,0.5130437819828894,0.5300751472757557,0.09934744897856253
6707,CVX,0.5454437032903607,0.506405039289328,0.5209930851007654,0.14604395626565125
6708,CVX,0.5433361074097274,0.5030379890326542,0.5129804793724911,0.12290191243388965
6709,CVX,0.5402732670348804,0.5015853771460286,0.5062481432448543,0.0
6710,CVX,0.5375515751619169,0.5054284713420377,0.5017148372700582,0.0
6711,CVX,0.5347768244845756,0.5078797870219072,0.4986319993201367,0.0
6712,CVX,0.5337305971850625,0.5239860378326731,0.4997387853670725,0.0
6713,CVX,0.5324721041281926,0.5361773225126554,0.5033287634101202,0.0
6714,CVX,0.5310468228348713,0.5448188290142058,0.5081178021808325,0.0
6715,CVX,0.5289543885957384,0.5474886065454591,0.5125413042246605,0.0
6716,CVX,0.52704390516001,0.5547255093004669,0.5176855609130748,0.0
6717,CVX,0.5248301703852754,0.5587586546896702,0.5226956906873892,0.0
6718,CVX,0.5207211165926608,0.5392783278012462,0.5223822234836117,0.15314990891319213
6719,CVX,0.5171124210312561,0.5333774312109991,0.5208223780678631,0.09285075914319318
6720,CVX,0.5140344217912576,0.5345756503561077,0.5198403180722609,0.07470890696695195
6721,CVX,0.5112899879187696,0.5354813955885376,0.519255603169629,0.060479853546362046
6722,CVX,0.5101527953975014,0.5318533722957534,0.5179829802599862,0.07112249900353539
6723,CVX,0.5081485953782279,0.5288062783494696,0.5162889059602702,0.11226286952409195
6724,CVX,0.5059651820355962,0.5257955868145994,0.514265746162793,0.09892537452803027
6725,CVX,0.5042063196421198,0.5247064239700775,0.5124055953471568,0.0
6726,CVX,0.5035998262186068,0.5270247414639109,0.5114317768293798,0.0
6727,CVX,0.5023413377889856,0.5278635376806493,0.5108388029492932,0.0
6728,CVX,0.5008402418100122,0.5273618233730566,0.510253122118818,0.0
6729,CVX,0.4993239851149882,0.5277051765889247,0.5098607479066549,0.0
6730,CVX,0.4974741519470607,0.528878489389005,0.5098071395796289,0.0
6731,CVX,0.49568496904693315,0.5296579893304674,0.5099371793980886,0.0
6732,CVX,0.4928192438933383,0.5320096707585655,0.5105629149374887,0.0
6733,CVX,0.48998384387364435,0.5336767110055097,0.5114333243102598,0.0
6734,CVX,0.48528344349182273,0.5129719237623322,0.5075364430238021,0.2491851758345733
6735,CVX,0.47935487426158385,0.4790981254112785,0.49690427839785034,0.1526066447689427
6736,CVX,0.47243316707604865,0.4472317616176616,0.48132922208180207,0.15957800624652893
6737,CVX,0.4644728138744769,0.41008622791017596,0.4606287063719726,0.13117984579368008
6738,CVX,0.4587716970302358,0.3856334257958366,0.4386436147594839,0.14892988491734457
6739,CVX,0.45181208435277576,0.3633296752703667,0.4161076141306823,0.1617513510273168
6740,CVX,0.4440640117157555,0.34468175827857334,0.39394190677916285,0.2770696130316531
6741,CVX,0.4366192005976872,0.33563833476970784,0.37420312215169393,0.0
6742,CVX,0.4296899047250804,0.33233326124461876,0.3576788875555288,0.0
6743,CVX,0.42294529250867274,0.33390527562716565,0.34480824001230304,0.0
6744,CVX,0.4160463254717657,0.33498589305178544,0.33475144921516475,0.0
6745,CVX,0.4090563821077069,0.3382459356514902,0.3274292336833102,0.0
6746,CVX,0.4019299756410959,0.34455061362591066,0.32297010891918765,0.0
6747,CVX,0.3947125937727849,0.34956140897564314,0.3205144181743475,0.0
6748,CVX,0.38734358623496945,0.352642463034644,0.3192333753582981,0.0
6749,CVX,0.3802165732656819,0.36052558104652177,0.3199573543860545,0.0
6750,CVX,0.37131614276409497,0.349419574256953,0.318072749531166,0.3051735174148581
6751,CVX,0.36190018776254984,0.336783066912914,0.31376174698193693,0.14401946874242563
6752,CVX,0.3520596808863967,0.32601172629809316,0.3079234001598118,0.13895990710615438
6753,CVX,0.3426285670197,0.32438292096642934,0.30289138390301884,0.12329502240352161
6754,CVX,0.33556280526819204,0.3302790087896214,0.300173775759775,0.13099770099836675
6755,CVX,0.3307562743213168,0.34492400947669,0.301248577775999,0.21716861679761204
6756,CVX,0.3269277122846379,0.36367978213788005,0.30626925324536663,0.18862649855163185
6757,CVX,0.3242894311879949,0.38063277229664705,0.31404669308865923,0.0
6758,CVX,0.3216208092248065,0.3985567622253118,0.32424495377679674,0.0
6759,CVX,0.3192099601542697,0.41222733492830055,0.33543628098765366,0.0
6760,CVX,0.31748142659649314,0.428937403286746,0.34809635176227877,0.0
6761,CVX,0.31642004690997716,0.45419436730555207,0.3638274849865748,0.0
6762,CVX,0.3152980169556594,0.47572462086900347,0.3811887241427445,0.0
6763,CVX,0.3135846468902832,0.4884209054793037,0.39789429529145864,0.0
6764,CVX,0.31255359233766633,0.5041864699180747,0.4147562297853022,0.0
6765,CVX,0.3110828233434937,0.5120419086438008,0.42998845020954923,0.0
6766,CVX,0.3073528263210381,0.494370731700595,0.4382540024858952,0.20905351857920143
6767,CVX,0.30454774310619737,0.48936837468904565,0.4437567072254138,0.13100101534195235
6768,CVX,0.30200043556035716,0.485931563407101,0.4473964390448433,0.09583352426834424
6769,CVX,0.29853791695411935,0.47682035265203393,0.44828696763898235,0.09690765979387088
6770,CVX,0.2962483776736793,0.4643635342269068,0.44623593454889887,0.14776136265057566
6771,CVX,0.29382235770714615,0.4478125542778778,0.4409233916953029,0.19141948148103316
6772,CVX,0.2890916442222693,0.4065982743901096,0.4275302645512858,0.28944421916514856
6773,CVX,0.28426994515574666,0.37916898779928376,0.4107307720246911,0.0
6774,CVX,0.2791450077065125,0.36079117747182243,0.3932141923842084,0.0
6775,CVX,0.2744142895943886,0.36053671092208545,0.3791444770899764,0.0
6776,CVX,0.269274188652755,0.36280313515003254,0.3683914948398893,0.0
6777,CVX,0.2640279404879742,0.3656445280479953,0.36041945170725925,0.0
6778,CVX,0.2585239286850376,0.36976292693605756,0.35495545450296684,0.0
6779,CVX,0.25368706982791345,0.3805037183164355,0.3529670243933741,0.0
6780,CVX,0.2488805361046884,0.39562346165685924,0.35473048709457383,0.0
6781,CVX,0.24345233713650494,0.41297100803950415,0.3599896861962158,0.0
6782,CVX,0.2350826001799744,0.395448401034652,0.36030978059140484,0.33001063183781504
6783,CVX,0.22530274634797198,0.36248679217474367,0.3532535592172694,0.26272599860451723
6784,CVX,0.2149391272102381,0.33730194965026317,0.34202150515042534,0.2539978909246644
6785,CVX,0.20519126987419156,0.3219517542873687,0.32963053097713835,0.12685923867510412
6786,CVX,0.1972460995994627,0.30868912350981553,0.31677553197308217,0.2372431635899471
6787,CVX,0.18866410428917302,0.30204195178018167,0.30501690532145065,0.26281015411121267
6788,CVX,0.17953623250698403,0.2932667993960741,0.2936632992818528,0.41724242578824455
6789,CVX,0.17120288052861543,0.2911701552589711,0.28411528896224897,0.0
6790,CVX,0.1637427413361836,0.29621771221908677,0.2775966450730405,0.0
6791,CVX,0.1567831332859706,0.30096788631881205,0.27343552207010413,0.0
6792,CVX,0.15241630752615531,0.3074906073019385,0.27155364260921017,0.0
6793,CVX,0.14764009893683117,0.31395348282987984,0.2714818816962655,0.0
6794,CVX,0.1426667769771539,0.3206393848924513,0.27290769246131397,0.0
6795,CVX,0.136965651803866,0.33223374026554847,0.2766204657866793,0.0
6796,CVX,0.13111290096107542,0.34238814549544666,0.28184336653239034,0.0
6797,CVX,0.12566953942593972,0.3562803574800319,0.28910357487678817,0.0
6798,CVX,0.1209084822981703,0.3768936064477974,0.29948464322607854,0.4881806184680412
6799,CVX,0.11663263008915781,0.40597352361006855,0.3142406692891415,0.18172372957607816
6800,CVX,0.11212935048128614,0.4325946619964285,0.33195119905889275,0.15413196332779694
6801,CVX,0.10723213564934753,0.45406890632150954,0.3508835302029716,0.16276582836830253
6802,CVX,0.10503356806881126,0.4698851186089501,0.3695381085556493,0.13397455794582172
6803,CVX,0.10532166054266412,0.490367705368285,0.38900568643628414,0.19667574220401543
6804,CVX,0.10672420261280902,0.5182237878683859,0.4107594211683964,0.26158615261485857
6805,CVX,0.10804167272452503,0.5414042728165823,0.43330483354635796,0.0
6806,CVX,0.10984600893710716,0.5613445052443375,0.45576476122251225,0.0
6807,CVX,0.11174132055139019,0.5788624041766769,0.4776189237973874,0.0
6808,CVX,0.11562294046699861,0.6083689944102901,0.5016480796064258,0.0
6809,CVX,0.11908000573165367,0.6278643188661616,0.5251963023798274,0.0
6810,CVX,0.12168811887276298,0.6363735875606916,0.5459226009242791,0.0
6811,CVX,0.1244780311916065,0.6420191809330037,0.5637560742218729,0.0
6812,CVX,0.12697985473839424,0.6420929492666713,0.5780392178365232,0.0
6813,CVX,0.1295574911199351,0.6405490069695362,0.589123220185664,0.0
6814,CVX,0.1315437910922137,0.6305403992351097,0.5957700841098847,0.21284584815061067
6815,CVX,0.13339361593109622,0.6239771961600387,0.599631575645597,0.09985843429832608
6816,CVX,0.13547089408142554,0.6191577875871941,0.6016516175936572,0.09419508572189429
6817,CVX,0.1379575587630626,0.6228024051576944,0.6040761834613236,0.085153268216569
6818,CVX,0.1391250828963786,0.6174045776078217,0.6048183667669026,0.08119363634503411
6819,CVX,0.1396102961441814,0.6156344203115134,0.6050194166911259,0.10239289842805006
6820,CVX,0.14095976367730323,0.6254874407476808,0.6073660786576252,0.18109803914787362
6821,CVX,0.1425515389140921,0.6343712587683125,0.6112142196424346,0.0
6822,CVX,0.14450750542342394,0.642394511045228,0.6160726334940871,0.0
6823,CVX,0.1459327811640483,0.648793185320752,0.6213788646430707,0.0
6824,CVX,0.14711546138616605,0.6610609877653442,0.6283453736858979,0.0
6825,CVX,0.14835879187608558,0.6710877884316054,0.6361429548469011,0.0
6826,CVX,0.15022378761096356,0.6862876354942884,0.6457529970017448,0.0
6827,CVX,0.15105772879322643,0.6869864938611097,0.6535960674498336,0.0
6828,CVX,0.15028443787876533,0.6838746446095345,0.6591801823355311,0.0
6829,CVX,0.1502389501779149,0.6851993084484179,0.6639413414309401,0.0
6830,CVX,0.1509212703179239,0.6870645268735324,0.668164054058208,0.15021383280202963
6831,CVX,0.15149744508568297,0.6857244318458993,0.6712449336744488,0.10750635417306119
6832,CVX,0.15310468643690545,0.6915083633433293,0.6749927611519035,0.11319232674701211
6833,CVX,0.17853381876991836,0.674584696821486,0.6745051549100962,0.0
6834,CVX,0.1784428368900688,0.6683450260721217,0.6724623176374968,0.0
6835,CVX,0.17821539838581568,0.6634450956913389,0.6697410333524262,0.0
6836,CVX,0.17856413742567057,0.6651476991509919,0.6679417163096949,0.0
6837,CVX,0.17904933956807767,0.6677092625621377,0.6670705271751343,0.0
6838,CVX,0.17908724598545422,0.6692826749256626,0.6667226261332614,0.0
6839,CVX,0.17951179786006044,0.6695486167436959,0.666503302587707,0.0
6840,CVX,0.1806793164406777,0.6778057481811245,0.6681596292320394,0.12056515610414185
6841,CVX,0.18140712705788697,0.6798614076143422,0.6699407238723619,0.07898541890564986
6842,CVX,0.18107340066213862,0.6689593042241954,0.6689470460165532,0.06938679167794264
6843,CVX,0.1812022769285182,0.6606587798328729,0.6663106918350421,0.07145033081472041
6844,CVX,0.18202104536388486,0.6611890568083939,0.6643192466395841,0.07137900037668235
6845,CVX,0.18195281658895812,0.6579815785558466,0.6620145344013697,0.08234054332754907
6846,CVX,0.182096862825885,0.6567778141339433,0.6599037180938538,0.11322719940560849
6847,CVX,0.18233946574798754,0.6582742153471788,0.6585470309413952,0.0
6848,CVX,0.18446223067371914,0.6729491121870205,0.6607172019976563,0.0
6849,CVX,0.18514303770356122,0.671327300714188,0.6620935515810715,0.0
6850,CVX,0.1855827567723658,0.6694960177082284,0.6627883742265939,0.0
6851,CVX,0.18602247121392246,0.6687239656601454,0.6631729581247437,0.0
6852,CVX,0.1870080380656871,0.6763490237897962,0.6651721897869324,0.0
6853,CVX,0.18782681668100043,0.6774106490433125,0.6670070890769675,0.0
6854,CVX,0.18887303380056686,0.675379275304568,0.6680243627915501,0.0
6855,CVX,0.18928242310822352,0.6664814162803707,0.6668642554555115,0.0
6856,CVX,0.18726581003288878,0.6375320316675346,0.6595139559144096,0.1462856151436105
6857,CVX,0.18548420934168597,0.61905575806253,0.6495348872892853,0.12736215428874617
6858,CVX,0.18471849045620203,0.6162103027365474,0.6409203885011807,0.08792204202760588
6859,CVX,0.1835661362934342,0.6092386436359315,0.6324821768226847,0.08613604314064892
6860,CVX,0.1816207717352123,0.6035282660776319,0.6244648011101082,0.08393503079601598
6861,CVX,0.180212306787352,0.6015699278556612,0.6176164572289966,0.0974157630757339
6862,CVX,0.17930270546952887,0.5940669813477958,0.6104733071693007,0.11956220691475825
6863,CVX,0.17835505058783774,0.5888519644908696,0.6036018729761281,0.0
6864,CVX,0.17677814455046192,0.585488946955593,0.5973586642636721,0.0
6865,CVX,0.1757443496304001,0.5862469589466146,0.5925322568258559,0.0
6866,CVX,0.17456924513905836,0.5873665986388048,0.5889195149236706,0.0
6867,CVX,0.17337140234999016,0.5912167308700519,0.5868834456669542,0.0
6868,CVX,0.17129413067780686,0.5985365217426002,0.5868784334502546,0.0
6869,CVX,0.1703692140938431,0.6050556396904433,0.5883206433107735,0.0
6870,CVX,0.16924718413952533,0.6081246378273327,0.5901552464590224,0.0
6871,CVX,0.16798869108265624,0.6103451838193099,0.5921155412048001,0.0
6872,CVX,0.16825448484736238,0.6382493818056741,0.5998741235051033,0.13516599241389984
6873,CVX,0.16851225866546304,0.6555425449683728,0.6099173537581165,0.09377243486378191
6874,CVX,0.16873970179696496,0.6661337693619631,0.620301525249386,0.09205762231296799
6875,CVX,0.16961913345642632,0.6746173987783697,0.630490894877881,0.07847241615935595
6876,CVX,0.1728928652959114,0.6863192111993739,0.641238353870591,0.07118388641081663
6877,CVX,0.17588748152307954,0.6959739796076795,0.6519781622991643,0.08098757063514639
6878,CVX,0.1778131340039062,0.7021812557346298,0.6619470488010092,0.15616581747419928
6879,CVX,0.18010268068794222,0.7054451626957169,0.6706462323892415,0.0
6880,CVX,0.18197223148596375,0.7018994391833135,0.676818985889226,0.0
6881,CVX,0.18430560561419096,0.7057708473055964,0.6826160328583168,0.0
6882,CVX,0.18817205741015108,0.7190167123636743,0.6901921707442085,0.0
6883,CVX,0.19226595048671502,0.7312107273204738,0.6989582359507813,0.0
6884,CVX,0.1966327697683825,0.7429570275656938,0.7085769207111824,0.0
6885,CVX,0.20105538729642802,0.7543904757063749,0.7188082971155614,0.0
6886,CVX,0.2055131819797964,0.762356431069827,0.728760588392916,0.0
6887,CVX,0.2098496761275639,0.7682020397002172,0.7380192278295444,0.0
6888,CVX,0.2159829242789879,0.7954244224885385,0.751465230063263,0.23272052561454415
6889,CVX,0.2213049760240242,0.8061026491329555,0.764590919965427,0.1435450853039988
6890,CVX,0.22689996693045966,0.8132313060147259,0.7766729133686718,0.08388690076307717
6891,CVX,0.2314184072543819,0.8040984464359918,0.7843124485933581,0.08426488003373137
6892,CVX,0.23409415980706783,0.8000229994679791,0.7895199680471834,0.07328575665167142
6893,CVX,0.23747540575882287,0.7984101149248384,0.7933281767240772,0.0865401048543029
6894,CVX,0.24084149747267425,0.7923891001859217,0.7950390246617393,0.11884890253437766
6895,CVX,0.24413434936090805,0.7855888734384767,0.7948991214037948,0.0
6896,CVX,0.24716823704367474,0.78111761827947,0.7937952828586925,0.0
6897,CVX,0.2501855776868247,0.7768333884469405,0.7919617863132702,0.0
6898,CVX,0.25379427139733046,0.7778979866009381,0.7907311625538997,0.0
6899,CVX,0.25741812489843596,0.7764416122272179,0.7894235773205669,0.0
6900,CVX,0.261132953801245,0.7694192812579238,0.7868196552946788,0.0
6901,CVX,0.2641957923251912,0.762410747181506,0.7831817245766329,0.0
6902,CVX,0.2674709067864427,0.7688919270756667,0.7817091833505364,0.0
6903,CVX,0.2707448082423376,0.7752038539083468,0.7819314061383169,0.0
6904,CVX,0.27417155670213766,0.7835719963566122,0.783965596847131,0.1610110995925663
6905,CVX,0.2766036272584369,0.7806268058575319,0.7849395799922205,0.08818935104287982
6906,CVX,0.27924950629664824,0.7794507743309371,0.7854578723355791,0.07322249591975484
6907,CVX,0.2822820113576485,0.7823192838936063,0.7865088645155905,0.06422837614168328
6908,CVX,0.28310839161632906,0.7820542724638676,0.7872908673716366,0.08094534877990366
6909,CVX,0.2845033681356428,0.7777910015700618,0.7869706935376036,0.07843984913107999
6910,CVX,0.28551925734495853,0.7692411721671252,0.7848178360419387,0.10408350186049956
6911,CVX,0.28762685877829064,0.760694334304414,0.7811994952687449,0.0
6912,CVX,0.28943119591632094,0.7541368581022885,0.7768500935122788,0.0
6913,CVX,0.2908413109408947,0.7466359901391444,0.7717065582625616,0.0
6914,CVX,0.2934341034112382,0.7499909051438229,0.7683359939323141,0.0
6915,CVX,0.2952358712419336,0.7420578429101495,0.7638796494195611,0.0
6916,CVX,0.29747993115056914,0.7422060142652477,0.7603474445634448,0.0
6917,CVX,0.2997391536261542,0.7421562128241939,0.7575106325854778,0.0
6918,CVX,0.3017102873296844,0.7436696970427955,0.7555769386390689,0.0
6919,CVX,0.30406048520697126,0.7472496425417217,0.7548241687551926,0.0
6920,CVX,0.30873661197010716,0.770857153302228,0.7594591100589286,0.21298605929447134
6921,CVX,0.312087541117009,0.7728163034723944,0.7636016865378608,0.09262567198316198
6922,CVX,0.3136037876320854,0.7654190460047451,0.7652747191229414,0.07432775745460718
6923,CVX,0.3140295460339013,0.7485425746865747,0.7628692208800489,0.06988567243852396
6924,CVX,0.313536744099026,0.7286402807343857,0.75652964089108,0.07096398691900638
6925,CVX,0.3128620219005853,0.702110846365816,0.7455726118602659,0.08960212602171845
6926,CVX,0.3118385440041962,0.6794007134081924,0.7317689082643009,0.10403753335598614
6927,CVX,0.3105194090085739,0.6631883356257549,0.7171293454719567,0.0
6928,CVX,0.30920025550395636,0.6493313189825419,0.7023436153247049,0.0
6929,CVX,0.30810853957814377,0.6385082804808981,0.6881140176181741,0.0
6930,CVX,0.3069713461314265,0.6258910673172446,0.6739313010633858,0.0
6931,CVX,0.3067135824932725,0.6257545477671899,0.6625548419349804,0.0
6932,CVX,0.3063800060203672,0.626465215132771,0.6536113310982815,0.0
6933,CVX,0.3065013065559681,0.6312671841843368,0.6475218048765194,0.0
6934,CVX,0.305758340775407,0.6357842157088327,0.6436522549967397,0.0
6935,CVX,0.30599336056313575,0.6411431156970712,0.6417454486806785,0.0
6936,CVX,0.30836022856484124,0.6770077640815118,0.648176319048214,0.24836941500682896
6937,CVX,0.3105057253101515,0.703175958109918,0.6591262417992274,0.1291922483555812
6938,CVX,0.3129317313949418,0.7288528235415055,0.6735824087261812,0.09592877562095668
6939,CVX,0.3151591230300568,0.7492828675096093,0.6896796012242569,0.09656296806096777
6940,CVX,0.3154411538087478,0.7640291169502815,0.7058287050644896,0.07543287488756449
6941,CVX,0.31598700714440664,0.7621124421693005,0.7183227875616607,0.08716781270903781
6942,CVX,0.31718486288977044,0.759187334896698,0.7276691394574155,0.11075729292485634
6943,CVX,0.3194440918435033,0.7579104033079748,0.7348629428450599,0.0
6944,CVX,0.32207480738931515,0.7543319283074835,0.7398241265014723,0.0
6945,CVX,0.3256546825979383,0.7510524201372899,0.7430655380233245,0.0
6946,CVX,0.32950596812515087,0.7490752135592424,0.745220038120075,0.0
6947,CVX,0.33325112216185815,0.747110166002049,0.7465077064684508,0.0
6948,CVX,0.337117576734169,0.7448334734449136,0.7470327732065531,0.0
6949,CVX,0.33963456284790716,0.7267063521692018,0.7434314545487957,0.0
6950,CVX,0.3425002880015029,0.7113124583324402,0.7371353745092716,0.0
6951,CVX,0.3440620323973764,0.6932537184554027,0.7280923083530354,0.0
6952,CVX,0.3484743319762966,0.7114485652649938,0.7248942519010002,0.19080632791769592
6953,CVX,0.3518707506749488,0.7174711925054504,0.7236718834651448,0.11589870443750257
6954,CVX,0.355130701643799,0.7204161033636675,0.723347296102099,0.08383862662824333
6955,CVX,0.3577917413980627,0.7167935254543606,0.7222839832434558,0.09316634229330095
6956,CVX,0.35789636348019904,0.7157966600939523,0.7212121855148028,0.08046664228462602
6957,CVX,0.35791836604546035,0.7117066840566242,0.7194474154359706,0.08808847971636136
6958,CVX,0.35807000096945885,0.7150484441506756,0.7187769449197097,0.18120914170893895
6959,CVX,0.3580260189751776,0.7159205701888313,0.7184340434230452,0.0
6960,CVX,0.3578910739802197,0.7146933071645187,0.7178874627120961,0.0
6961,CVX,0.35898277602428763,0.7147211555756772,0.7174563761139324,0.0
6962,CVX,0.36201528663798577,0.7358477669487886,0.7217982942826549,0.0
6963,CVX,0.3653207262331364,0.756772868930791,0.7299139128494604,0.0
6964,CVX,0.36864132839523833,0.770773895432957,0.7395124351722476,0.0
6965,CVX,0.37228034446329517,0.7846875606591821,0.7502779000263393,0.0
6966,CVX,0.37635907497290866,0.8007791751726305,0.7624600813587352,0.0
6967,CVX,0.3804074803486204,0.8120378274381334,0.7747034778075003,0.0
6968,CVX,0.3841298923858023,0.8156883642810162,0.7853080404239212,0.38809507958315353
6969,CVX,0.3882389498802157,0.8057780743441946,0.7915931636613195,0.17532978439186261
6970,CVX,0.39460722337206633,0.8215162859383549,0.8001126717934047,0.18594577099845608
6971,CVX,0.4015820087964226,0.8334643175813121,0.8095788635602224,0.1097880635789089
6972,CVX,0.40517326240840656,0.8352375798387089,0.8175452025072993,0.11421732352633476
6973,CVX,0.4082512616484042,0.8211687377892635,0.8207972018020755,0.13311484604009433
6974,CVX,0.41280003173347524,0.8238536541966145,0.8239944307164087,0.2016628205870884
6975,CVX,0.4175155808005018,0.8207381040902245,0.8258610513669626,0.0
6976,CVX,0.4221553346163205,0.8180952158362096,0.8267680420537511,0.0
6977,CVX,0.427114241772359,0.8151656350765789,0.8268437280901371,0.0
6978,CVX,0.432754712050599,0.8259592058261739,0.8292987532981991,0.0
6979,CVX,0.439198803004448,0.8405102297471352,0.8344908139228665,0.0
6980,CVX,0.4456717028355044,0.8489066135310545,0.8405071400392712,0.0
6981,CVX,0.45181254245034896,0.8511828230168762,0.8458251617070814,0.0
6982,CVX,0.45643712537017045,0.8553376019927099,0.8510012870050987,0.0
6983,CVX,0.46028841737553083,0.8528430691997638,0.854588793006535,0.0
6984,CVX,0.46699026363848795,0.8796955777907572,0.8634158345500605,0.38934112866944665
6985,CVX,0.4729339963611272,0.8938478379710233,0.8736170453627388,0.17791497238863588
6986,CVX,0.4758300522013199,0.8743541008336707,0.8774534680219571,0.13663150868631813
6987,CVX,0.47976853266844266,0.868704057140926,0.8792691844155799,0.10248901439203266
6988,CVX,0.4843248914405862,0.8654614500398025,0.8800024083651281,0.09894021702321798
6989,CVX,0.4892375714615085,0.8536202333646996,0.877962098399343,0.12655835391828904
6990,CVX,0.49245205138760184,0.8480608445578666,0.8750965398302304,0.22388895277406234
6991,CVX,0.49563618581990365,0.8426764242802953,0.8716095978937379,0.0
6992,CVX,0.49921683377897885,0.835257401822894,0.8671741873393597,0.0
6993,CVX,0.5043266169903085,0.831310557632064,0.8627502797751377,0.0
6994,CVX,0.507313643604955,0.8177607192135361,0.856205219099853,0.0
6995,CVX,0.5104826200975543,0.8040564465382715,0.8479289758017514,0.0
6996,CVX,0.5136061088893014,0.7927923074291264,0.8388091125634507,0.0
6997,CVX,0.5169873613192042,0.7863168401566556,0.8300766859286841,0.0
6998,CVX,0.5189736575896857,0.7788570657644114,0.8214358470907629,0.0
6999,CVX,0.5199743870084017,0.7684779497368202,0.812220643453674,0.0
7000,CVX,0.5207385872310208,0.7554833238425834,0.8019657158427798,0.17331797783539932
7001,CVX,0.5224216423424428,0.7524749054621052,0.793094377679384,0.09180385887582652
7002,CVX,0.5233465672554543,0.7450250369965455,0.7843446071774589,0.08284518816393147
7003,CVX,0.5255451385377885,0.7491252924705921,0.7782544030912546,0.07816821705895526
7004,CVX,0.5255603159119326,0.7575901249789223,0.7752601022983169,0.10366502995734295
7005,CVX,0.5261213234854942,0.7649115197796839,0.7744888606726287,0.10270574364215233
7006,CVX,0.5297906619111021,0.7767507899883664,0.7764983246878651,0.13855353976218
7007,CVX,0.5323872477995311,0.7846080647624596,0.7798489760434089,0.0
7008,CVX,0.5345403230519681,0.787881772394325,0.7832557457232306,0.0
7009,CVX,0.5375121759942676,0.7913062739884328,0.7867408626231756,0.0
7010,CVX,0.5395894365610552,0.788282158289956,0.7888580777308604,0.0
7011,CVX,0.5418638216035898,0.7877986000219646,0.790444575877974,0.0
7012,CVX,0.5438652804410209,0.7817525875536488,0.7903725098245513,0.0
7013,CVX,0.545836414144552,0.779147639910202,0.7897369680009234,0.0
7014,CVX,0.5493996173778575,0.7852807567865221,0.7905891226023033,0.0
7015,CVX,0.5531447714145656,0.7894291349701016,0.7921911342772502,0.0
7016,CVX,0.557375124817332,0.7978158170777704,0.795333268986475,0.2031709910204345
7017,CVX,0.561696458249048,0.8077097918128102,0.80004188419891,0.10607297262323377
7018,CVX,0.5648502777273947,0.7996040738371073,0.8020105808803069,0.10936872706438212
7019,CVX,0.5694026857550112,0.804327586367054,0.8046334156555206,0.09346564192927075
7020,CVX,0.5745291446434582,0.8092606023923848,0.8078260377560021,0.09761318267192004
7021,CVX,0.578547215630774,0.8071278617532507,0.8099070021979702,0.12004696568962699
7022,CVX,0.5832172890277949,0.8071280237393146,0.8115718096869929,0.12801291844668533
7023,CVX,0.5867956557534999,0.8039891102473214,0.8122073101975056,0.0
7024,CVX,0.5899494632010018,0.8013470065698158,0.8121295788249414,0.0
7025,CVX,0.5931336031860006,0.799811380799961,0.8117267261463335,0.0
7026,CVX,0.5949076207428297,0.7883378560997467,0.8088591247096415,0.0
7027,CVX,0.5970455426828138,0.7819208857667219,0.8051414846432863,0.0
7028,CVX,0.59881956301599,0.7699189111199436,0.7995048204599364,0.0
7029,CVX,0.5999870806711582,0.7547086904906495,0.7916212105857469,0.0
7030,CVX,0.6016701256026344,0.7433423927226671,0.7827927909196621,0.0
7031,CVX,0.6030650817620566,0.7335712033768687,0.7735623868010868,0.0
7032,CVX,0.6062567928505844,0.7412226544650525,0.767875483138748,0.17940498598320867
7033,CVX,0.6091680020032317,0.7466333040262604,0.7645262740688287,0.08213274839492103
7034,CVX,0.611988250561371,0.7583864536930713,0.7644542589031678,0.06040016519841246
7035,CVX,0.6149146213555179,0.7684467785231863,0.7666284577930675,0.07206881614817363
7036,CVX,0.616946399774152,0.7715692647706599,0.7690605181191303,0.08240683019926122
7037,CVX,0.618553628169078,0.7728280864708424,0.7712854269598508,0.08213116327407574
7038,CVX,0.6215558099470764,0.7741584061867405,0.7733604759350925,0.08350560714883737
7039,CVX,0.6231442415343054,0.7705478899888774,0.77421954795139,0.0
7040,CVX,0.6245619396932529,0.7674020460350274,0.774208922610388,0.0
7041,CVX,0.6263511216679305,0.7636254165971017,0.7733626041409055,0.0
7042,CVX,0.6287619587076225,0.7698763531019972,0.7740722748665048,0.0
7043,CVX,0.6309150432145554,0.7691391138309803,0.7744764601940168,0.0
7044,CVX,0.6330074774536882,0.7680886846963448,0.7745667782745416,0.0
7045,CVX,0.6350999116928211,0.7681791096010826,0.7746590928565524,0.0
7046,CVX,0.6375562475387584,0.7624628179824524,0.7734648261604471,0.0
7047,CVX,0.6388602282964788,0.7477959024757084,0.7692556626269291,0.0
7048,CVX,0.6427569996736429,0.759093897635854,0.7683947111224084,0.45535564779998194
7049,CVX,0.6475028942344627,0.7718820413385599,0.7705429080244252,0.1299760185626297
7050,CVX,0.6524004015084888,0.7839737545263141,0.7749439255290098,0.1269230758146008
7051,CVX,0.657472732698217,0.7940989600191191,0.780710943865519,0.0846185060841261
7052,CVX,0.6610891585404888,0.8001544729269252,0.7866679307103089,0.09243055801729626
7053,CVX,0.6651148182148772,0.8082795219917597,0.7932360041383876,0.11714850017306637
7054,CVX,0.6682989433926823,0.8119227518071962,0.7992986873265455,0.14501276310484248
7055,CVX,0.6713617865438781,0.8136450002490956,0.8045309023610323,0.0
7056,CVX,0.6745694359112475,0.8113602909426988,0.8082098279896072,0.0
7057,CVX,0.6778900399242485,0.8092089531238202,0.8106757096028964,0.0
7058,CVX,0.6829391756441261,0.827036093336329,0.8166032382910344,0.0
7059,CVX,0.6881096109741565,0.837122091302532,0.8235827676653715,0.0
7060,CVX,0.6920822035151186,0.8303776365511597,0.8276701821747173,0.0
7061,CVX,0.6960396334891295,0.8228921296506867,0.8292795076794037,0.0
7062,CVX,0.6988598709418739,0.8126781587415496,0.8283010717783399,0.0
7063,CVX,0.7014526698903634,0.79597655584945,0.8238131920546374,0.0
7064,CVX,0.6998454350172896,0.7345288102971159,0.806591145946982,0.2914913306858933
7065,CVX,0.6992841192689969,0.6995314656090544,0.7850495987548267,0.1393932215044987
7066,CVX,0.6998754510510095,0.680165848841644,0.7635202375967909,0.13480314384222342
7067,CVX,0.7001028812262158,0.6516200947859506,0.7399640775468291,0.11150719918657362
7068,CVX,0.697601066933923,0.6222197256092229,0.7145968881385516,0.10847572762090364
7069,CVX,0.6932948803365129,0.5842390843327027,0.6858774033208829,0.17195924106719557
7070,CVX,0.6890645343373434,0.5595522922590426,0.6574252274252297,0.18822834501567395
7071,CVX,0.6846745186603753,0.5416109804185709,0.63068333515311,0.0
7072,CVX,0.6803378801424644,0.5291591427458516,0.6065274703142746,0.0
7073,CVX,0.6754479578537111,0.5196040339195092,0.5850830459734057,0.0
7074,CVX,0.6704139884025828,0.5110530721138994,0.5660305368568478,0.0
7075,CVX,0.6656226172463073,0.5093986695873558,0.5504215122101239,0.0
7076,CVX,0.6611109954502652,0.5111050178191668,0.5383128336289573,0.0
7077,CVX,0.6558344221515835,0.5068358622532895,0.5276788091727949,0.0
7078,CVX,0.6480819532955975,0.49839922609198956,0.5172999822895161,0.0
7079,CVX,0.6407038482176128,0.4958946507291683,0.5084412986737028,0.0
7080,CVX,0.6339489357466785,0.49023480509837225,0.5000987555575345,0.18432419237372422
7081,CVX,0.6276413162244276,0.4925428870972751,0.493936752528077,0.09978061927501183
7082,CVX,0.6223647327458002,0.5054476200529567,0.4918699727010313,0.0944851628365824
7083,CVX,0.6169820242548152,0.509157833781785,0.49103963318660965,0.08578385810920444
7084,CVX,0.6151170349980841,0.5068244239251063,0.48985771130771816,0.09264685496173086
7085,CVX,0.611948364829316,0.5059667534432564,0.48872190574991203,0.09678171473761782
7086,CVX,0.6064443687590249,0.4890968129123873,0.4840707858011065,0.16127538246804468
7087,CVX,0.6021230455072546,0.47808273688903596,0.4779064959471454,0.0
7088,CVX,0.5984688659467983,0.47195397181403953,0.4716154414196552,0.0
7089,CVX,0.5961944873824105,0.46955079053711235,0.46604946924035395,0.0
7090,CVX,0.5934500544353716,0.4687196406157505,0.46141230683865286,0.0
7091,CVX,0.5911453442589361,0.4754855635360755,0.4592035484669662,0.0
7092,CVX,0.5892348608232059,0.4876111570144259,0.46012651785244296,0.0
7093,CVX,0.5875214907578297,0.5000185241513432,0.4636173789120462,0.0
7094,CVX,0.5858990960941535,0.5099285221087124,0.4686085298419167,0.0
7095,CVX,0.5841857260287773,0.521719954872777,0.47521729550707137,0.0
7096,CVX,0.5827756091533045,0.5372560469322964,0.4839508788099626,0.1298995004563707
7097,CVX,0.5799402017300137,0.5273764833471702,0.48874603501763186,0.10931771499354279
7098,CVX,0.5783373714049524,0.5282744830516745,0.4927813747877118,0.1035921143984596
7099,CVX,0.5763298364353453,0.5281578568664809,0.4959837739197408,0.05454602571296574
7100,CVX,0.5748952969437955,0.5304929239354397,0.4990637111333953,0.07207803866945532
7101,CVX,0.5720750585656029,0.5229069334932246,0.49984476324734745,0.12898575034000842
7102,CVX,0.5686179951518486,0.5204990376704022,0.49993543049295364,0.10643682990817538
7103,CVX,0.5658432426236057,0.5197708115798834,0.4998464125460222,0.0
7104,CVX,0.5635233661784218,0.5189925105479914,0.49960253767789947,0.0
7105,CVX,0.5613854386857398,0.5212759315638055,0.4999139983843755,0.0
7106,CVX,0.5603088890286765,0.5187172507113214,0.49959554192492917,0.0
7107,CVX,0.5589290954362056,0.5151425790815868,0.49854776145423574,0.0
7108,CVX,0.5582012922225932,0.5218067203663336,0.4991879291003518,0.0
7109,CVX,0.5570792622682763,0.5243920038969541,0.5002735898555168,0.0
7110,CVX,0.5563666216216152,0.5314823517929231,0.50271506136699,0.0
7111,CVX,0.5559875574478594,0.5475185468797554,0.50822575362235,0.0
7112,CVX,0.5543348330230353,0.5516565028708823,0.5135522833317178,0.13564426660349238
7113,CVX,0.5536980089129244,0.5685854099311987,0.5215690639040762,0.10202255655783227
7114,CVX,0.5527503466276356,0.5777349317246151,0.5300122442528832,0.0862762542845096
7115,CVX,0.5505669453158486,0.5741576686864887,0.5359731983433975,0.09577415428759337
7116,CVX,0.5487474419090681,0.581177917070382,0.5422993534483729,0.09422405020279459
7117,CVX,0.5486413159712615,0.5835373685870643,0.5478837049554969,0.17202754536543807
7118,CVX,0.5473221569139479,0.5796414154984648,0.5514868968670799,0.11314030596290758
7119,CVX,0.5461394877972241,0.5767298118157056,0.5537235319690729,0.0
7120,CVX,0.5447765225810608,0.5742789119036915,0.5549691254558734,0.0
7121,CVX,0.5447310274766135,0.5773703677630818,0.5566514175900664,0.0
7122,CVX,0.5433815673470885,0.567934209754764,0.5559039072148023,0.0
7123,CVX,0.5436241684182921,0.5791960069586324,0.5578042479794951,0.0
7124,CVX,0.5446097352700576,0.5955517311833616,0.5629529208885522,0.0
7125,CVX,0.544685548104809,0.600079826229674,0.5680763846765179,0.0
7126,CVX,0.5451859128141674,0.6031916530778831,0.5728654922096377,0.0
7127,CVX,0.5455801395548736,0.601894538150188,0.5764090225779542,0.0
7128,CVX,0.5470357348767001,0.6213791129192141,0.5835663602577293,0.17197120152448275
7129,CVX,0.5475133446302367,0.6217941961614031,0.5893843136464532,0.09866844084919822
7130,CVX,0.5488097478062803,0.6353506710220219,0.5970460832284944,0.0980597544446068
7131,CVX,0.5493556011419392,0.6467659701780301,0.6057079012678992,0.09288390257904926
7132,CVX,0.5518635002656334,0.6683813060581341,0.6174325631788381,0.09812387978789354
7133,CVX,0.5533494253486086,0.6860947863222963,0.6307419014594645,0.1289796980604173
7134,CVX,0.5546458183447065,0.6923725827619884,0.6427820562693437,0.1399050714356324
7135,CVX,0.5569829680853688,0.6970301103975675,0.6534474192710402,0.0
7136,CVX,0.5585143808691946,0.699973360958369,0.6626326487329436,0.0
7137,CVX,0.5604248596776769,0.7020793726822193,0.6704480359224313,0.0
7138,CVX,0.5627902312273081,0.7017876029052627,0.6766356186383422,0.0
7139,CVX,0.5651101039706958,0.6997923369014065,0.6811430493360461,0.0
7140,CVX,0.5673390013123791,0.6956262484239343,0.683824776998488,0.0
7141,CVX,0.569234322181158,0.6922118049187511,0.6852126892873568,0.0
7142,CVX,0.5735859788958768,0.7041984631998949,0.6889821734226808,0.0
7143,CVX,0.5759665019070637,0.7083599240204255,0.6929209510141069,0.0
7144,CVX,0.5756784057314119,0.6874469490485773,0.6914325793457824,0.18080378307822975
7145,CVX,0.5752386829608085,0.6600108463444662,0.6841553790938192,0.0946949751957408
7146,CVX,0.5742532641809852,0.6312141256067957,0.6719452726074701,0.08116481596602884
7147,CVX,0.5736467624284254,0.6088909873983068,0.6572249590609359,0.06943938886962726
7148,CVX,0.5716328914603839,0.595877828120618,0.6425618320240827,0.0910804673627941
7149,CVX,0.5721864954368021,0.6002102390857404,0.6317924447431852,0.09530683184202282
7150,CVX,0.5712994750902665,0.6007604342157503,0.6232989917681593,0.12449164453982067
7151,CVX,0.5704958581164545,0.6033247275076515,0.6170730994922602,0.0
7152,CVX,0.5686702791327685,0.6069223743219319,0.6128904978548454,0.0
7153,CVX,0.566623335370835,0.60871189225249,0.609941408283222,0.0
7154,CVX,0.5647280228311029,0.6051133940915902,0.6067838355774674,0.0
7155,CVX,0.5626031406986973,0.6004266093523145,0.6032180477801233,0.0
7156,CVX,0.5605258690265158,0.5976891091072194,0.5997581227158807,0.0
7157,CVX,0.5583121342517803,0.5949639801302975,0.5963856323153739,0.0
7158,CVX,0.5563258379812996,0.5946845543621122,0.5936256513892406,0.0
7159,CVX,0.5542030786082659,0.592373464639837,0.5909049679429648,0.0
7160,CVX,0.552429049020593,0.5931349753027947,0.5888973568734079,0.13825582524705549
7161,CVX,0.5512691228288453,0.6017065895959823,0.5891928192681035,0.06474858398272852
7162,CVX,0.5479030394440407,0.5991210364819188,0.5888556027404315,0.07724365930046599
7163,CVX,0.544430815314235,0.5918604771512141,0.5869751264230263,0.05605376384062676
7164,CVX,0.5425952322199095,0.5818683852378266,0.5832540713306394,0.08863592281556658
7165,CVX,0.5424966949691754,0.5838713590297824,0.58072157264935,0.10317926246920903
7166,CVX,0.5429665920253877,0.5854471372451605,0.5790451488173859,0.14241042698256107
7167,CVX,0.543527606077097,0.5884739767491225,0.5783754924208279,0.0
7168,CVX,0.5436167519018715,0.5902086085754247,0.5782245829526952,0.0
7169,CVX,0.5427826515422698,0.595700355232492,0.5793221600481276,0.0
7170,CVX,0.5428584708551689,0.6075190833447018,0.5828221219232582,0.0
7171,CVX,0.5425248943822636,0.6141967767712483,0.5871034898916461,0.0
7172,CVX,0.5419183917042538,0.6178011899572521,0.5913281975207743,0.0
7173,CVX,0.5415696526643989,0.6223923365921062,0.5957264766282078,0.0
7174,CVX,0.5413270515931954,0.6220354216851259,0.5991659208978783,0.0
7175,CVX,0.541509002396598,0.6245054053437844,0.6024654245009449,0.0
7176,CVX,0.5431920538062212,0.6441071986194558,0.6094535448548274,0.19174068460504695
7177,CVX,0.5447386282315483,0.6568091842752659,0.6178618856978335,0.12002376528452774
7178,CVX,0.545602894547712,0.6601816118971598,0.6253367072904874,0.0995007733948706
7179,CVX,0.547467881953545,0.6713228063825745,0.6337881587800516,0.0854782179898535
7180,CVX,0.5489083443228102,0.6769145423771954,0.6417898065601626,0.08646848621247478
7181,CVX,0.5492170511874592,0.6754936787788407,0.64787591636964,0.10856060363707419
7182,CVX,0.5499903337728744,0.6695017381595639,0.6514155350986137,0.16954625483497882
7183,CVX,0.5512336605609951,0.6640956073965699,0.6530479186848661,0.0
7184,CVX,0.5526603166282706,0.6568102302841424,0.6527376168114434,0.0
7185,CVX,0.5536079659572657,0.6546529615073915,0.6520108006826015,0.0
7186,CVX,0.5554577935724963,0.6623837842070182,0.6531443754356749,0.0
7187,CVX,0.5557913700454007,0.6521779938791671,0.6517871537366984,0.0
7188,CVX,0.5513023404741144,0.5881820665975462,0.6365043381794945,0.0
7189,CVX,0.5473145853662018,0.5478777359491723,0.6153368585952813,0.0
7190,CVX,0.5446762987168619,0.539649976248438,0.5965776053565919,0.0
7191,CVX,0.542295775705675,0.5343154715705707,0.5803867811027907,0.0
7192,CVX,0.5322809067131917,0.44292653066600374,0.5471601395885226,0.6609345814863072
7193,CVX,0.523623088388204,0.3904601027450752,0.5089395250504885,0.335860880572096
7194,CVX,0.5150562334340734,0.3490736209958368,0.46918173880907643,0.16263138130024293
7195,CVX,0.5071868574851024,0.3304106139650503,0.43323525535037655,0.1255335012408614
7196,CVX,0.4956102228114032,0.29480578100105426,0.3965793913535417,0.16070329794478994
7197,CVX,0.4846704363095071,0.275450450567991,0.36296085870137756,0.20925410841707814
7198,CVX,0.47361693518273196,0.2567643994900832,0.3319206659572385,0.25439100089429634
7199,CVX,0.4621085551965498,0.2500671612339281,0.30560277741315417,0.0
7200,CVX,0.4508427586980295,0.24923187210397751,0.2843631636658417,0.0
7201,CVX,0.4401097768751461,0.2536859271281918,0.2683595728800036,0.0
7202,CVX,0.4289804545845728,0.2526134766705377,0.25531878479702935,0.0
7203,CVX,0.4177753176083483,0.2549535772187475,0.2454052888800088,0.0
7204,CVX,0.40635744981781396,0.2559896634964764,0.23770434046778055,0.0
7205,CVX,0.3952281256763399,0.26818883651645054,0.2342498809152364,0.0
7206,CVX,0.38274933307629677,0.2762830906535212,0.2332819655912432,0.0
7207,CVX,0.37243878755013693,0.29532694565195516,0.23673237619202153,0.0
7208,CVX,0.3682160024745498,0.32728464472856295,0.2465822913664183,0.29539663614300327
7209,CVX,0.36380369826838077,0.3629837121813565,0.2623818059823453,0.14163587929679428
7210,CVX,0.35647169761088904,0.3833314745952206,0.2795354230580025,0.10784312030173783
7211,CVX,0.348723614793923,0.3974526535145205,0.2963909991412111,0.09313694550671557
7212,CVX,0.3497769615775388,0.42258121107298974,0.31545005055865594,0.09080494453950366
7213,CVX,0.34872694641263813,0.4378054876718003,0.33407468843630506,0.09494225404760608
7214,CVX,0.34736232464161354,0.445349186957009,0.35064791440505744,0.1293576773310715
7215,CVX,0.3451488968200165,0.45430818706702036,0.36589398519982586,0.0
7216,CVX,0.3456871762757965,0.47010773040178166,0.38159585738526824,0.0
7217,CVX,0.34560378400847025,0.48198558500180333,0.39679237212032803,0.0
7218,CVX,0.34523987222171826,0.4822381887155359,0.40900562223339365,0.0
7219,CVX,0.34487597061491293,0.4878095413212149,0.4200121870034329,0.0
7220,CVX,0.34393589146399695,0.4873493461049846,0.4287153478061624,0.0
7221,CVX,0.3430413000139332,0.4898990361838559,0.43624350693422936,0.0
7222,CVX,0.3429844403878697,0.4941336578252503,0.44320545472406003,0.0
7223,CVX,0.34277216445056613,0.49611858346863963,0.44921535449602634,0.0
7224,CVX,0.3492920608355705,0.5703994263690415,0.4705019473922407,0.291882999636575
7225,CVX,0.35533433821254157,0.6309899474059166,0.5009727949176632,0.14507386230833366
7226,CVX,0.3613842015002362,0.6729491089243268,0.5346578124548655,0.13672402210292506
7227,CVX,0.3667365765282735,0.7061027779067014,0.5689607305377568,0.06762831625293571
7228,CVX,0.3710806602885617,0.7330106523242551,0.6023723842585986,0.06574130193756526
7229,CVX,0.3744315746282698,0.7488776512518083,0.6326216873251169,0.11246720601123937
7230,CVX,0.3797469640613258,0.7715461037542949,0.6618499636391434,0.14508265252393027
7231,CVX,0.3849628981976032,0.7819346218488137,0.687537203038337,0.0
7232,CVX,0.3888146353442412,0.7843016613873638,0.7086121053291499,0.0
7233,CVX,0.3938372356465054,0.790835824502133,0.7269215844582242,0.0
7234,CVX,0.3998264449646012,0.7984989746121683,0.7432691827382273,0.0
7235,CVX,0.4052695032483964,0.7973395092715407,0.7560900422792445,0.0
7236,CVX,0.41081900275218164,0.802508204262205,0.7674933678831508,0.0
7237,CVX,0.41636850225596866,0.8022690070386691,0.7765629641751055,0.0
7238,CVX,0.421796701224153,0.7880039805432754,0.7806540472313105,0.0
7239,CVX,0.42843790554835604,0.7924592111060809,0.7849152746731047,0.0
7240,CVX,0.43523073369116094,0.7893705742330901,0.7876390646537338,0.11838143598691209
7241,CVX,0.4426603979749242,0.7936340659874712,0.7907639217534437,0.10283586765336115
7242,CVX,0.44919168386868513,0.7855719706126878,0.7914752893062968,0.07027647677783551
7243,CVX,0.45590870658033644,0.7767057651415021,0.7900774791549419,0.0633725549871216
7244,CVX,0.45662134907789653,0.7712615223986583,0.7877514647671183,0.08376398184661966
7245,CVX,0.4568562281972799,0.7616875793159094,0.7837667425421456,0.07820856558956264
7246,CVX,0.4574020815329378,0.7507082960810225,0.7781432893982234,0.08993629831628464
7247,CVX,0.4585999354274026,0.7488865938916641,0.7732403952974313,0.0
7248,CVX,0.4592064399563105,0.7412049247233852,0.7676139567195959,0.0
7249,CVX,0.4602011145281928,0.7342761982656926,0.7615757175087108,0.0
7250,CVX,0.4606408187898037,0.7329636800724965,0.7564539533776735,0.0
7251,CVX,0.46164154820851877,0.7313594419849252,0.7520006533409289,0.0
7252,CVX,0.4630668295018401,0.7297167128414275,0.7480735856144921,0.0
7253,CVX,0.46406755892055607,0.7289214599544868,0.7447555102751134,0.0
7254,CVX,0.4645982487638154,0.7262225093824308,0.7415023071461558,0.0
7255,CVX,0.4658264166867836,0.7256702475747441,0.7387772293156544,0.0
7256,CVX,0.46514395772932904,0.7104851952430347,0.7332284719303348,0.22907273024384633
7257,CVX,0.46305153089379214,0.6793739615416279,0.7218876616103265,0.11164294317168846
7258,CVX,0.4608615977584263,0.6412172693755017,0.7043502244340996,0.07853927943864818
7259,CVX,0.45779268735937073,0.6186684729822585,0.6853179856832946,0.0561227886483444
7260,CVX,0.4549572947432745,0.5990489681512662,0.6657397480295043,0.06639999169973085
7261,CVX,0.45180347804127585,0.5889222845118007,0.6478306256573788,0.08509447464339824
7262,CVX,0.4498171623363527,0.5851457968682386,0.6326655410190618,0.0919413320836817
7263,CVX,0.4478308605131742,0.581921477503565,0.6198181811464327,0.0
7264,CVX,0.44579893046887165,0.5826003403482067,0.6096908941091339,0.0
7265,CVX,0.4441007175658189,0.5837544959084568,0.6018451056255264,0.0
7266,CVX,0.4428877122097994,0.5887052468834495,0.5966667634905348,0.0
7267,CVX,0.44232669723264095,0.608597176880162,0.5969369720078895,0.0
7268,CVX,0.4419931207597365,0.6221030900161403,0.6001493289362921,0.0
7269,CVX,0.44098329380085044,0.6254701075098524,0.6034661631990677,0.0
7270,CVX,0.439163785766822,0.6242908252538323,0.6058580152855302,0.0
7271,CVX,0.43752622853619716,0.6260908014046159,0.6081708087742751,0.0
7272,CVX,0.43683330922142716,0.639016997375666,0.612888627578056,0.13183392429520482
7273,CVX,0.4353018807049569,0.6411699690906716,0.6171405039788069,0.07239823308020395
7274,CVX,0.4348470083236977,0.653977612955462,0.6233832891763605,0.05968887824456224
7275,CVX,0.43477119086169846,0.6706921537221211,0.6320855185120786,0.06057755463118993
7276,CVX,0.4356052754886557,0.6799703816937421,0.641105610415554,0.05507142122223192
7277,CVX,0.43703056048377675,0.6750712172092384,0.6472348393799484,0.06502900627044986
7278,CVX,0.4393342128712705,0.6674514396775404,0.650447829470637,0.09473517962445316
7279,CVX,0.4412204430482074,0.663799476143087,0.6522080595844704,0.0
7280,CVX,0.44298869605324587,0.6571342604585998,0.6521376133049774,0.0
7281,CVX,0.4443323990345771,0.6516851189363656,0.6508724032555155,0.0
7282,CVX,0.44589415268494825,0.6533285054476456,0.6502248087453222,0.0
7283,CVX,0.4483959762317369,0.6642239255444696,0.6521238040644691,0.0
7284,CVX,0.45106473964064797,0.6769186680301948,0.6564592380342711,0.0
7285,CVX,0.4536728527817573,0.6857249915639049,0.6618812050247306,0.0
7286,CVX,0.45665881709126754,0.6997897938401585,0.6693389542852295,0.0
7287,CVX,0.45846316255834463,0.7121694312279044,0.6780514875985673,0.0
7288,CVX,0.46107111296838976,0.7277136811895475,0.6884698947921729,0.1324346850955698
7289,CVX,0.4645892773439213,0.7417863077364766,0.6999265319736092,0.0833812472134296
7290,CVX,0.46892577704438665,0.7569403030446243,0.7124536470613962,0.06019712562832028
7291,CVX,0.47236768159298936,0.7598901221526955,0.7231297353773471,0.06785153008833157
7292,CVX,0.4753956371435448,0.7675026276445313,0.7333593858609658,0.06706948910402341
7293,CVX,0.4792772737172477,0.7736999055981262,0.7429179279836842,0.0937734435770471
7294,CVX,0.4830375838427585,0.7867912992106831,0.7534689936084459,0.11676936808725197
7295,CVX,0.4862368900965057,0.7958587780186638,0.7639214013503595,0.0
7296,CVX,0.489860743597613,0.802529175467842,0.7737631074518403,0.0
7297,CVX,0.49440950257728744,0.8046687642758481,0.7821111247886674,0.0
7298,CVX,0.49964816945859347,0.8089030139998961,0.7897288766383059,0.0
7299,CVX,0.5046821416860725,0.8106073462358596,0.7962011720199869,0.0
7300,CVX,0.5103283783670003,0.8134022118203355,0.8019990292414524,0.0
7301,CVX,0.5159897776148794,0.8137557660288468,0.8067157484880112,0.0
7302,CVX,0.5219031787254709,0.8209534903551732,0.8120858874847607,0.0
7303,CVX,0.5269523135199004,0.8244987408083985,0.8171684871079707,0.0
7304,CVX,0.5320317743736771,0.8299518852401427,0.8224443078492166,0.17655090385031616
7305,CVX,0.538293923778622,0.8447397532454594,0.8299455470645248,0.11525961253306057
7306,CVX,0.5449058624977114,0.8656417132155173,0.8405834885789671,0.10871666598938776
7307,CVX,0.5505463290741526,0.8704818694663283,0.8501675957948152,0.08379597246731553
7308,CVX,0.5548373382974177,0.8630264713844713,0.8561809548905066,0.06258792016870297
7309,CVX,0.5585517229843973,0.8510046053658591,0.8583246772783931,0.07813420901172903
7310,CVX,0.5620087863981515,0.8415542539004486,0.8579431623892659,0.0987857397917497
7311,CVX,0.5662997909941678,0.8337109391689567,0.8558979672700939,0.0
7312,CVX,0.5700752692393269,0.8261854282367387,0.852592330463989,0.0
7313,CVX,0.5734577244946397,0.8154009797653519,0.8475553683522483,0.0
7314,CVX,0.5751559338439654,0.7956309120985054,0.8391399507227427,0.0
7315,CVX,0.5774151563195504,0.7852074270354693,0.8300952410995958,0.0
7316,CVX,0.579143688951878,0.7707161216652163,0.8196446810756957,0.0
7317,CVX,0.581463561695263,0.7633380882532144,0.8096474691775942,0.0
7318,CVX,0.5833892076979428,0.7561201712715999,0.8000484564636329,0.0
7319,CVX,0.5847235135895632,0.7427540045501406,0.7894040579192938,0.0
7320,CVX,0.5859213508259344,0.7329686511909529,0.7787177285131717,0.12156133250445923
7321,CVX,0.5864368688477457,0.7166522757802138,0.7665489939435814,0.08374582500784634
7322,CVX,0.5856180800524875,0.6967792358159475,0.7524053146809895,0.09744242192631378
7323,CVX,0.5835863044102023,0.6667878988149589,0.734437007922666,0.08663867055050094
7324,CVX,0.580326361770398,0.6338488415443658,0.7127550685343201,0.10658179641457192
7325,CVX,0.5756411109992312,0.6046442825775105,0.6889306947482151,0.10402557289869896
7326,CVX,0.5701219375547959,0.5843675441998627,0.6653729465102529,0.14541783353176163
7327,CVX,0.5654192757442278,0.569401162711305,0.6432065633596346,0.0
7328,CVX,0.5619622188086204,0.5639708736069444,0.6242687860871768,0.0
7329,CVX,0.5587629125548723,0.5598638281674745,0.6082074456486682,0.0
7330,CVX,0.5549571045485644,0.5530611010021439,0.5938492369899847,0.0
7331,CVX,0.5509086991728527,0.5478313289691783,0.5812024825874782,0.0
7332,CVX,0.5465722050250852,0.5423474852204982,0.5698685275991681,0.0
7333,CVX,0.5425377492109664,0.5398191614053474,0.560240473075241,0.0
7334,CVX,0.5396568614904211,0.5427273137169196,0.5531831822213898,0.0
7335,CVX,0.5360936582571165,0.5452235445480313,0.5480911204728939,0.0
7336,CVX,0.5327578963044131,0.546166151744402,0.5442265817306817,0.18876786251065272
7337,CVX,0.5298618497187171,0.5584208921126185,0.543853577132445,0.09375643955343399
7338,CVX,0.5279362064923863,0.5799140862540288,0.548323284663188,0.07007574283806377
7339,CVX,0.5262452878353479,0.5937097104956831,0.5549595111364989,0.06721459971231497
7340,CVX,0.5246001622775429,0.6074222805442193,0.5633105277858648,0.08322359974027074
7341,CVX,0.523099082956664,0.6125786416883501,0.5711352429009183,0.08115199089737149
7342,CVX,0.5224774352952464,0.6206784116722278,0.5791918909621189,0.10609357919422255
7343,CVX,0.523235555313712,0.6291022537693718,0.5875059784579123,0.0
7344,CVX,0.5252370039711964,0.6407761692212083,0.5967470230016191,0.0
7345,CVX,0.5269655449325699,0.6433539747773086,0.6047117263397584,0.0
7346,CVX,0.5267229447868171,0.6252050041985173,0.6070572698506034,0.0
7347,CVX,0.5260883913599494,0.6069997049491523,0.6048949893874107,0.0
7348,CVX,0.5247085977674777,0.5901602188576037,0.5994294456135776,0.0
7349,CVX,0.5239049817191157,0.5833436248439544,0.5935447980256343,0.0
7350,CVX,0.5236472180809617,0.5803346260045155,0.5881695551099354,0.0
7351,CVX,0.5234269059831735,0.5781906416205695,0.5833937331946882,0.0
7352,CVX,0.5254283611188066,0.5999497106779046,0.5844001693180131,0.18840919289393207
7353,CVX,0.528187957558246,0.6266983855539243,0.5911393201929269,0.08210378391402073
7354,CVX,0.5308262525366336,0.6501800102288716,0.6017398711770734,0.06515797746649847
7355,CVX,0.5329793296399705,0.6620733080005524,0.6128587549081417,0.05402884401171606
7356,CVX,0.5348973934337247,0.6663841129671819,0.6227101831055346,0.060544699399123915
7357,CVX,0.5357313392432363,0.6676253635287163,0.6308666882120354,0.06854293098066815
7358,CVX,0.5345031750220661,0.6558828290465781,0.6347868951096667,0.11009010115088419
7359,CVX,0.533950033770469,0.6504209166655683,0.6367113744783357,0.0
7360,CVX,0.5328507402629805,0.642211824454562,0.636429829650872,0.0
7361,CVX,0.532380695134826,0.6369256268212964,0.6350318886979737,0.0
7362,CVX,0.5325929636685318,0.6442966379565143,0.6355487419728179,0.0
7363,CVX,0.5329417027083876,0.6534264879581362,0.6379876164374719,0.0
7364,CVX,0.532987190409238,0.6619406942291532,0.6418275317009117,0.0
7365,CVX,0.5332146289134911,0.6638631430072255,0.6453259454065862,0.0
7366,CVX,0.5349886492466691,0.66248880868564,0.6478197901433735,0.0
7367,CVX,0.5370821448654874,0.66062060136292,0.649400417516332,0.0
7368,CVX,0.5394414510181598,0.6589812356936537,0.6503012378803307,0.15346462745192976
7369,CVX,0.5408667415659778,0.6527074639861487,0.6496301028441663,0.07837399456505292
7370,CVX,0.5436263315272702,0.6644500689019264,0.6516982076280028,0.060173060611850876
7371,CVX,0.5473037144424087,0.6833030545425094,0.6575350913148049,0.08027340164339565
7372,CVX,0.5481679918639681,0.6884441343189822,0.663345109997821,0.08390808374164604
7373,CVX,0.5480769970278239,0.6903418899808825,0.6684141284481593,0.07465760669232256
7374,CVX,0.5471975653683607,0.684695637808681,0.6712167625963598,0.10282722153965958
7375,CVX,0.5470914348033071,0.6821356318624016,0.6728909509277233,0.0
7376,CVX,0.5468033441803524,0.6728324980395749,0.6721664679731719,0.0
7377,CVX,0.5470610994894605,0.6695181680270875,0.6708516212298965,0.0
7378,CVX,0.5488502759114402,0.6715349296692947,0.6702471479637409,0.0
7379,CVX,0.5503665326064642,0.6735827094515041,0.6702178546315223,0.0
7380,CVX,0.551488562560781,0.6665269821022273,0.668629157378775,0.0
7381,CVX,0.5529593315549546,0.6658183196249329,0.6672009878806615,0.0
7382,CVX,0.5529441689880032,0.6596117721146021,0.6646815741615638,0.0
7383,CVX,0.5533990459965104,0.663254659817002,0.6634741917366533,0.0
7384,CVX,0.5555636458733515,0.6867280642095133,0.6677156924701466,0.11765040707344325
7385,CVX,0.5580806421670363,0.7040806386543489,0.6749584374372148,0.07669391057094035
7386,CVX,0.560900871290734,0.7177725554214087,0.6837900870989875,0.08673017525384269
7387,CVX,0.5633409767118875,0.7227718104274303,0.6919644557522506,0.05970372073974996
7388,CVX,0.5654349222102866,0.721882881569816,0.6983067481733436,0.05896519852773976
7389,CVX,0.5679215822646766,0.7199294439758649,0.7029472259684006,0.07195252591888734
7390,CVX,0.5689071398619445,0.7172843016000079,0.7060728023100026,0.07896697386308649
7391,CVX,0.5689677845770484,0.7137840454979301,0.7077967566320751,0.0
7392,CVX,0.5700898071277685,0.7130892940911718,0.7090217944651996,0.0
7393,CVX,0.5713331477976338,0.7115084200443657,0.7096511191449203,0.0
7394,CVX,0.5729706994755617,0.7073616985117481,0.7092346584110065,0.0
7395,CVX,0.5744263059027839,0.7036569087145723,0.7080796087370576,0.0
7396,CVX,0.5765566465592915,0.7008559290608452,0.7065341917192965,0.0
7397,CVX,0.5784064797272208,0.6991385477661202,0.7049168693628748,0.0
7398,CVX,0.5804231011316014,0.7039585333858763,0.7046922907719722,0.0
7399,CVX,0.5819241952596759,0.7019924664669749,0.7040764700321303,0.0
7400,CVX,0.5854011160464188,0.7138531229667889,0.7062150151515857,0.2769974179822449
7401,CVX,0.588479126391813,0.7229062514404633,0.7099342229703498,0.06776766278542622
7402,CVX,0.5927094871981762,0.7367526737003974,0.7159813188506727,0.0755782736996461
7403,CVX,0.5959012075412016,0.7434603252450005,0.7223070400171777,0.043785360803765785
7404,CVX,0.5971557702134369,0.7464740754653365,0.7280361958555537,0.048903571911312775
7405,CVX,0.5983520758306486,0.7464561237173716,0.7326155380595194,0.06138193140922719
7406,CVX,0.5999138183756232,0.7501959166241686,0.7371086580987252,0.09586277695303459
7407,CVX,0.6013239435801436,0.7453106959472491,0.7396194029055659,0.0
7408,CVX,0.6036450235910973,0.7467412206452824,0.7419453504114313,0.0
7409,CVX,0.6061620013757896,0.7485411333877015,0.7442054061690068,0.0
7410,CVX,0.6074508260447065,0.7345963761160932,0.7429199062315844,0.0
7411,CVX,0.6093461469134862,0.7289170834425249,0.7406315958709484,0.0
7412,CVX,0.6107411030729075,0.7206738308334356,0.7369722410203454,0.0
7413,CVX,0.6117418324916226,0.7086261103909414,0.7313720566323996,0.0
7414,CVX,0.6139100795655068,0.7095389676151689,0.7270944199603446,0.0
7415,CVX,0.6151837351893263,0.6996382554856873,0.7214759085349346,0.0
7416,CVX,0.6169729264185007,0.6978694167549839,0.716588695188704,0.14600980411653
7417,CVX,0.6185346763670729,0.6944179582323584,0.7119132431540768,0.07611073020176859
7418,CVX,0.6200433425241245,0.6973317257184527,0.7088192799779233,0.05785085857350075
7419,CVX,0.6204982093526858,0.6820088079012393,0.7029448298453659,0.0843295817845982
7420,CVX,0.6197884588852594,0.670438035850774,0.6956783768172411,0.10981947779202465
7421,CVX,0.6186133460648717,0.6563556988056212,0.6867411487636947,0.10730835816929493
7422,CVX,0.6158385935366297,0.6347115268737037,0.6747897617698403,0.14308064489632877
7423,CVX,0.613253375871615,0.6169233321210525,0.6612824685486343,0.0
7424,CVX,0.6111503241338179,0.6076498385910947,0.6484193758387485,0.0
7425,CVX,0.6088774660831939,0.5976633710519457,0.6359134753595265,0.0
7426,CVX,0.6072854067333653,0.603001745163703,0.6270930350451981,0.0
7427,CVX,0.6059056131408953,0.603451240290521,0.6201364000688235,0.0
7428,CVX,0.604498830179252,0.6103722447534082,0.6161064673670897,0.0
7429,CVX,0.6025276964757209,0.6116341331345218,0.613162462106777,0.0
7430,CVX,0.6018605435299103,0.6136013356556644,0.6112436676908721,0.0
7431,CVX,0.5999652226611314,0.6078531563983463,0.608433439752136,0.0
7432,CVX,0.5983883156983065,0.6045430112395734,0.605450925401342,0.1841989678269463
7433,CVX,0.5985247797263078,0.6170951223019717,0.6058495098752976,0.13123330759673488
7434,CVX,0.5971601551789352,0.6213180352466792,0.6071052004513243,0.07281310243598489
7435,CVX,0.5966597969477245,0.6248076409434729,0.6088838969472089,0.050612908590115704
7436,CVX,0.5954013011145065,0.6257933325838189,0.6105255227758732,0.05450697409941359
7437,CVX,0.5942641085932392,0.626695653243428,0.6120389968156973,0.0997394061330343
7438,CVX,0.5929677155971413,0.6319886225740943,0.6144239833910606,0.11078020512616553
7439,CVX,0.5933771150847438,0.6385999758745992,0.6177986540377284,0.0
7440,CVX,0.5935514827537727,0.6420460965446407,0.6212628877483336,0.0
7441,CVX,0.594195896476406,0.6453780170880513,0.6247734374297731,0.0
7442,CVX,0.5952724368789726,0.6423983239448616,0.6269208535884377,0.0
7443,CVX,0.5970616197791001,0.6472194960401214,0.6297083290206987,0.0
7444,CVX,0.5980047314434049,0.6457291749108812,0.6316076922960486,0.0
7445,CVX,0.5993693624689262,0.6461822354530484,0.6332276911532803,0.0
7446,CVX,0.5992991597839472,0.6428910273735181,0.6337935592946835,0.0
7447,CVX,0.5996933865246525,0.6413865731335064,0.6339125014079288,0.0
7448,CVX,0.5977980665813227,0.6204052468816181,0.6293530981150404,0.17302473047902062
7449,CVX,0.5951825237824071,0.5915323193399167,0.6193003232621873,0.14734577278531957
7450,CVX,0.5931507444383239,0.5767323825707678,0.6079748433887605,0.07857242287450425
7451,CVX,0.5923319713757085,0.5720103253232387,0.5978669049039059,0.06761606759185847
7452,CVX,0.5909066863805883,0.5630411823198945,0.5877908139680024,0.08368962526878605
7453,CVX,0.5892994579856623,0.5695712547896905,0.581178591035409,0.10828032545124787
7454,CVX,0.587252502192884,0.564635789539881,0.5747939150661119,0.09723491519747579
7455,CVX,0.5850091939344493,0.5593714272852794,0.5685183132221422,0.0
7456,CVX,0.5835080942536788,0.562653072788549,0.5642258413022818,0.0
7457,CVX,0.5815976052652516,0.5614356372835986,0.5605217844175726,0.0
7458,CVX,0.5795506615033181,0.5642655847288917,0.55818634248553,0.0
7459,CVX,0.5769578625548268,0.5635347910363455,0.5561558675923561,0.0
7460,CVX,0.57451668927584,0.5638017860539214,0.5545907186105377,0.0
7461,CVX,0.5723939299028062,0.5691420442182651,0.5545232974577069,0.0
7462,CVX,0.5704834464670769,0.571009576000566,0.5548836590881092,0.0
7463,CVX,0.5678603223846865,0.5723682008639132,0.5554733495893671,0.0
7464,CVX,0.565494970269496,0.5719384609279797,0.5558497672629179,0.17386513273081447
7465,CVX,0.5632281646595363,0.5751798518952361,0.5568699807765187,0.10908037917243434
7466,CVX,0.5608268698570775,0.5733586978196417,0.5572821415968585,0.06937987478698138
7467,CVX,0.5572030089523743,0.5599474690656984,0.5546366851907392,0.07036567585085685
7468,CVX,0.5553380196956432,0.5504924817084825,0.5504227988270075,0.0757000398009434
7469,CVX,0.5535715908258867,0.5325635164293591,0.5430742771766476,0.13111860248829388
7470,CVX,0.55184305911901,0.5274392696238395,0.5360586823968516,0.1234528139785755
7471,CVX,0.5495383433898757,0.5243318175835995,0.5297568405900881,0.0
7472,CVX,0.5477946518923975,0.5235270808750764,0.5245368420685427,0.0
7473,CVX,0.5446863210403512,0.5214435516296806,0.5198986272081914,0.0
7474,CVX,0.5434429933267806,0.5314373334248089,0.5184051042465362,0.0
7475,CVX,0.5425173186144683,0.541846816628518,0.519519555184529,0.0
7476,CVX,0.5413346383923505,0.5546965377472742,0.5232617345493566,0.0
7477,CVX,0.540349071540585,0.5632993030630196,0.5281639399228445,0.0
7478,CVX,0.5388479774125114,0.5679612966379957,0.5331199341121029,0.0
7479,CVX,0.5379078982615972,0.5749797028970092,0.5386417126338601,0.0
7480,CVX,0.5397431667030457,0.6126305529806879,0.5514117069277873,0.15753997314517085
7481,CVX,0.5403800009931023,0.6331261857224989,0.5661745117192131,0.09706415445186953
7482,CVX,0.5420630440736787,0.6579913206998611,0.5835009076899598,0.07113056870965687
7483,CVX,0.5445800283365196,0.6858248033646663,0.6035366832825367,0.11298366720301392
7484,CVX,0.5462630741934449,0.695396514532426,0.6216887193369542,0.08801253801768245
7485,CVX,0.547597387488663,0.7011159467157082,0.6374791632539809,0.13198912203614824
7486,CVX,0.5485677908480282,0.6956782343563492,0.6489052008396753,0.17803241543308237
7487,CVX,0.5510089715306137,0.6947025619286455,0.6578295849668521,0.0
7488,CVX,0.553010422964447,0.6884730009377903,0.66358710877213,0.0
7489,CVX,0.5564674780491545,0.6879897402133476,0.6680859198852237,0.0
7490,CVX,0.5582718179635346,0.6760383012118472,0.6690336276164564,0.0
7491,CVX,0.5603036019348666,0.6684652735883161,0.6681117718529703,0.0
7492,CVX,0.5623202233392472,0.6623475375424885,0.6660171113090034,0.0
7493,CVX,0.5647765591851854,0.6595010950115179,0.6637099199814673,0.0
7494,CVX,0.5665960672192139,0.6601089823283284,0.6619990223676435,0.0
7495,CVX,0.5685672009227449,0.663416325938226,0.6613640147728332,0.0
7496,CVX,0.5699469991424637,0.6626168200322652,0.6606786440369417,0.1281685484933138
7497,CVX,0.5711145232757797,0.6568909516949081,0.658860104560043,0.08609843254604703
7498,CVX,0.5731311502328582,0.6588800458885569,0.6578465392816502,0.07302493222167367
7499,CVX,0.5752842254852952,0.6643140638638149,0.6582411850342054,0.0618818208830737
7500,CVX,0.5753442871671242,0.67599298004715,0.6611477855597947,0.09913576329476878
7501,CVX,0.5770112533365035,0.6936233861204302,0.6673842453177815,0.11938813182556637
7502,CVX,0.5786033274935258,0.7147057784448977,0.6770503908921315,0.17380244840647802
7503,CVX,0.5795888961961904,0.7320579237311409,0.6886327565261247,0.0
7504,CVX,0.5816964837477769,0.7456026670000568,0.700903453334771,0.0
7505,CVX,0.5835387300795318,0.7508565719014395,0.7118855519612927,0.0
7506,CVX,0.5859799033585205,0.7512727571704708,0.7207635585841772,0.0
7507,CVX,0.5884210766375082,0.7542499159580068,0.7285264252403182,0.0
7508,CVX,0.5913929397597544,0.7564510877224249,0.7352250327587629,0.0
7509,CVX,0.594410290582851,0.7623137704010456,0.7418845129435976,0.0
7510,CVX,0.598428522450333,0.7658265897979234,0.7479913909196609,0.0
7511,CVX,0.6024767762003762,0.769686335131656,0.7537331501634914,0.0
7512,CVX,0.6041598303863482,0.7445761359278487,0.752756039677197,0.16411246057732407
7513,CVX,0.605342501353971,0.7202434481599373,0.7465763187511626,0.10204719798188178
7514,CVX,0.6071316777759508,0.710196493615202,0.7394036970899744,0.08576656588180129
7515,CVX,0.602309986113025,0.6296881840312025,0.7158054077929871,0.1638395315881441
7516,CVX,0.5980417198147343,0.5698754767973087,0.6836577555692788,0.16683396896679228
7517,CVX,0.5917340864107388,0.49586630831806455,0.6415212297365672,0.18757657214446963
7518,CVX,0.5859874605803048,0.4525479977772904,0.5982021520756733,0.22943125575867196
7519,CVX,0.5801195564250605,0.4234621153263893,0.5570943952067617,0.0
7520,CVX,0.5735844808150121,0.40328163727349686,0.5197312951662892,0.0
7521,CVX,0.5659586193560431,0.3867008723381229,0.4861624911664493,0.0
7522,CVX,0.5571491651816078,0.3710679600277988,0.45583939831649045,0.0
7523,CVX,0.5479758121767153,0.35944790516655767,0.42900309807578385,0.0
7524,CVX,0.5385446955336688,0.35161959672087456,0.40579740371239625,0.0
7525,CVX,0.5286890270160152,0.33980815870596603,0.3846125652787841,0.0
7526,CVX,0.5190001467348155,0.3334279809792535,0.3662492977911346,0.0
7527,CVX,0.5093567541544664,0.33635746527918425,0.352208568915166,0.0
7528,CVX,0.4979545028824388,0.32335681172651987,0.33809188392030953,0.2892998290663321
7529,CVX,0.4873710311511763,0.33152104526678516,0.3286097126719486,0.1592347555325761
7530,CVX,0.4780231671806323,0.3557450642002507,0.32639790080750514,0.1393538816871565
7531,CVX,0.46781890847244423,0.3708024040938562,0.3279688143470134,0.10378621965106014
7532,CVX,0.4606469976468892,0.39336556005710416,0.3342310197562214,0.10231897415590153
7533,CVX,0.45526430488854874,0.430656924884705,0.3475136063302918,0.1058836227331691
7534,CVX,0.446212250568359,0.4306194585570783,0.3581313639530575,0.14401788362158036
7535,CVX,0.44536314219189777,0.45407370544711567,0.371828726769953,0.0
7536,CVX,0.4441728797608544,0.47384938385693903,0.3871737096667337,0.0
7537,CVX,0.444385154772708,0.47917998399935235,0.40063225145377745,0.0
7538,CVX,0.44276276751263044,0.47742703008250564,0.41101020460971416,0.0
7539,CVX,0.44076130867519936,0.47632842983052204,0.4190688505355442,0.0
7540,CVX,0.43865371186911606,0.4762703669938071,0.425502886451666,0.0
7541,CVX,0.43609123805452654,0.46946977164933257,0.42914145180587804,0.0
7542,CVX,0.43340746370433436,0.4591818900412127,0.4297700112251335,0.0
7543,CVX,0.4309359652914475,0.45315034496533313,0.4289348036768364,0.0
7544,CVX,0.42685723755818206,0.430423750842155,0.4232249054751837,0.21506544963970203
7545,CVX,0.42088318247798995,0.38456892768366724,0.4084844227586486,0.21745220932702397
7546,CVX,0.4169973138230709,0.3746643479590712,0.3944947764993739,0.1547026068321014
7547,CVX,0.412448537259853,0.3668522821235097,0.38157000862787527,0.11404843610536385
7548,CVX,0.4119480309566992,0.39095276196486867,0.3765767132019909,0.12353495205874054
7549,CVX,0.4106137176614819,0.41796799355754594,0.37857521253633775,0.10253339777570078
7550,CVX,0.40754328397231543,0.4363069927541461,0.38424238765156393,0.11761899286032751
7551,CVX,0.4053902022417306,0.45622850760001804,0.39319557315602416,0.0
7552,CVX,0.40205444491627595,0.4682301273148314,0.4030205949507434,0.0
7553,CVX,0.3973596500569778,0.4809965724724016,0.4137127568252951,0.0
7554,CVX,0.3952823867138422,0.4908257667118945,0.42444702268094225,0.0
7555,CVX,0.3909762176999756,0.4960720693855359,0.43419829004527893,0.0
7556,CVX,0.3862909845123532,0.4968090880672511,0.44216280625355864,0.0
7557,CVX,0.38325847112230615,0.505686002958646,0.450503699222004,0.0
7558,CVX,0.380544371638214,0.5100168704023275,0.4581371855261668,0.0
7559,CVX,0.378027385524474,0.5155465751831168,0.46547069997736845,0.0
7560,CVX,0.375298132727929,0.5178298482225883,0.47184403931181207,0.1461478537319653
7561,CVX,0.37561654755933294,0.5469182089238026,0.48339575530164863,0.10727997009597474
7562,CVX,0.3756923650213322,0.561117373915499,0.49578711116791013,0.10884981614039213
7563,CVX,0.3763595216689417,0.5798086859912122,0.5098467295980166,0.07944582446025915
7564,CVX,0.3802411351064032,0.6114262582538808,0.5281085563378227,0.09516345045647157
7565,CVX,0.3868899355212756,0.6374365829856354,0.5484882220136792,0.16086930332786034
7566,CVX,0.3922617311100698,0.6664872491252701,0.5712366368080872,0.1437236275519365
7567,CVX,0.39791737506065505,0.6890858842574958,0.5944487140207892,0.0
7568,CVX,0.40110165663945097,0.7053412276057438,0.6166245073096254,0.0
7569,CVX,0.4039522266296922,0.7188464643945209,0.6373611820124299,0.0
7570,CVX,0.40830388704620724,0.7401783210389767,0.6586828414156307,0.0
7571,CVX,0.41232196728802073,0.7552024891299146,0.6790731730423731,0.0
7572,CVX,0.4172043138459953,0.7697516479349942,0.6986130650393823,0.0
7573,CVX,0.4218232866160463,0.7780940235437531,0.716095674926749,0.0
7574,CVX,0.4268117711426731,0.7852576800469765,0.7316709687335461,0.0
7575,CVX,0.43120891555824237,0.778360731462137,0.7426011651239007,0.0
7576,CVX,0.44121621992534266,0.8299264828703586,0.7627848149281282,0.2515458530788955
7577,CVX,0.4484273929520004,0.8431518314162797,0.7818656836408241,0.17545500893864055
7578,CVX,0.4570094030694847,0.8625745628982864,0.8014391725057319,0.11033219233452851
7579,CVX,0.4662888912666796,0.8838126212610513,0.8218094747615039,0.11100212204450616
7580,CVX,0.47656910980804046,0.9055439004459631,0.842926645237448,0.10846520818256672
7581,CVX,0.4842489536701331,0.9159902731694308,0.8621378346013158,0.1348326847307038
7582,CVX,0.49225478716895843,0.9150712034449091,0.8773028970554053,0.14331581918901182
7583,CVX,0.4996086284380228,0.9104974143292077,0.8884202846558744,0.0
7584,CVX,0.5056584935766155,0.9053455679998003,0.8961712945200049,0.0
7585,CVX,0.5115655153036931,0.897580108424088,0.9006493908122346,0.0
7586,CVX,0.5158262012439572,0.8785517011555131,0.9000105519542948,0.0
7587,CVX,0.5199200943205202,0.8591751977297634,0.8952009423364373,0.0
7588,CVX,0.5245446772403435,0.8466180843022154,0.8885675489486734,0.0
7589,CVX,0.5295938120347712,0.8407493763134579,0.8819589033964763,0.0
7590,CVX,0.5336270548435333,0.8340035818307652,0.8751754807547952,0.0
7591,CVX,0.5417238739240062,0.8719981611889139,0.8781775679960969,0.38385862797127296
7592,CVX,0.5502907140709432,0.9085381239948036,0.8886853668780519,0.2598066383131778
7593,CVX,0.5566589921900409,0.9076198023720166,0.8968878829076237,0.14103555080211438
7594,CVX,0.5631485810246888,0.9074262249478857,0.9034069519659292,0.12974084426994664
7595,CVX,0.5687738850341786,0.8835810153455547,0.9033323182158192,0.14630535710322912
7596,CVX,0.5696305506324251,0.8666434006300322,0.8995151226799141,0.18910563735259456
7597,CVX,0.5732302952448816,0.8568569822034555,0.894290319402966,0.21945277593567522
7598,CVX,0.5756417526689965,0.8446318089101676,0.88739840962972,0.0
7599,CVX,0.5776432142827765,0.8366339772762919,0.8801106201349418,0.0
7600,CVX,0.5785377983292435,0.8234570550742806,0.8713571827074246,0.0
7601,CVX,0.5805316712559501,0.8199434227935607,0.8635749586047557,0.0
7602,CVX,0.5831851176958933,0.8166541379905485,0.8566194750433619,0.0
7603,CVX,0.5860963305503377,0.8142652387358801,0.8505251280013034,0.0
7604,CVX,0.5887649423335803,0.8091733436503675,0.8445200499055643,0.0
7605,CVX,0.5925240459318823,0.8149054316838444,0.8409876101122038,0.0
7606,CVX,0.5968150523787994,0.8134203178088432,0.8378321963991209,0.0
7607,CVX,0.601121221392666,0.8087025804075842,0.8342612691695024,0.0
7608,CVX,0.5993471908795422,0.7393205433261747,0.816012619298177,0.23225320316897358
7609,CVX,0.5964359835777948,0.6772701383967309,0.7876482614052039,0.15307771386378394
7610,CVX,0.5938128604208535,0.6316341712464358,0.7548327625738208,0.14559551116832917
7611,CVX,0.5874748954048101,0.5993785865972024,0.7214246930337864,0.14125545029392464
7612,CVX,0.5799163548546682,0.5701576573559161,0.6882157834981744,0.1112148164415651
7613,CVX,0.5748823715217943,0.5501751281098727,0.6572156748496463,0.1566406332183112
7614,CVX,0.5685747381177988,0.5246889820587302,0.6267616689335069,0.2826172477863787
7615,CVX,0.5647689421423365,0.5137336054104079,0.5999680923416879,0.0
7616,CVX,0.5602732502960883,0.5032935546393694,0.5762171805649953,0.0
7617,CVX,0.5543901669157991,0.48702027160156686,0.5536063398333038,0.0
7618,CVX,0.5494768887212453,0.48491475300758297,0.5350505730253151,0.0
7619,CVX,0.5444732416276672,0.48792094172814343,0.5208728610195182,0.0
7620,CVX,0.5398183335739448,0.49129033825269286,0.5102781679058894,0.0
7621,CVX,0.5341626961015074,0.4931880766013981,0.5022234130781034,0.0
7622,CVX,0.5304327046317496,0.5196785549616949,0.5016563321440387,0.0
7623,CVX,0.5255958457746255,0.5314655935134643,0.5038175374935142,0.0
7624,CVX,0.5201524842394898,0.5338316903332894,0.5060714034091541,0.0
7625,CVX,0.5109336518627936,0.5057709825649795,0.5016494290636138,0.2444782315354316
7626,CVX,0.5028140981863922,0.49378707869774446,0.4954533063299541,0.1805243695037736
7627,CVX,0.4955360614230315,0.4940202035332375,0.4905481252183933,0.16286871712135137
7628,CVX,0.49428515427688513,0.5003868202070216,0.48803636864742195,0.09856973105110516
7629,CVX,0.49410318774083795,0.5125169782370792,0.4887179520865808,0.10910574110595898
7630,CVX,0.4924201418839127,0.5098709147840474,0.48867620860908867,0.15004970074359458
7631,CVX,0.489175353482012,0.4949909174048225,0.48534179296291247,0.22901177514225018
7632,CVX,0.48702455446551696,0.4929671658855118,0.48222530566332533,0.0
7633,CVX,0.48468953026057626,0.49308547309264894,0.4797583614303711,0.0
7634,CVX,0.4830216432688026,0.49155669180742545,0.47744565686335394,0.0
7635,CVX,0.4816125859221172,0.5026812859681851,0.4780634047620299,0.0
7636,CVX,0.47911076237532857,0.4972859451122923,0.477360685347669,0.0
7637,CVX,0.4772154415065497,0.49190483296810245,0.47560474862067914,0.0
7638,CVX,0.47450134202245664,0.4890011469091191,0.47355583727995126,0.0
7639,CVX,0.47195403077481757,0.49322502967301357,0.47285374635167293,0.0
7640,CVX,0.4694067195271776,0.49748801454553604,0.47323778627614643,0.0
7641,CVX,0.4664348564049323,0.4952053188979513,0.4730386185324984,0.0
7642,CVX,0.463901500012458,0.5233655498533248,0.47912642992200527,0.26225968487221185
7643,CVX,0.4616877615359245,0.5400398553083027,0.48769575429551115,0.11797175429935208
7644,CVX,0.4606718769538576,0.5597082384325585,0.49891450374680946,0.17953813613421304
7645,CVX,0.4618090694751249,0.569301594858333,0.5100177207336948,0.12604232503219956
7646,CVX,0.4619834473240987,0.5751866483824603,0.5202058513051618,0.12495536443801557
7647,CVX,0.46087658641487916,0.5739763958530832,0.5280878699052088,0.1584109249987103
7648,CVX,0.46036865337834154,0.5850864618327534,0.5368581733645965,0.18819995694235375
7649,CVX,0.45947407210822355,0.5955872742042843,0.5462039461613044,0.0
7650,CVX,0.46021703788878554,0.609270382658159,0.5567160640255844,0.0
7651,CVX,0.46221849950256555,0.6203091176295248,0.5675746226229614,0.0
7652,CVX,0.463148722984962,0.6250274724330647,0.5773082027262899,0.0
7653,CVX,0.46478628021558777,0.6369367496031346,0.5877370546678096,0.0
7654,CVX,0.4668332267538693,0.6476447044974288,0.598455619335568,0.0
7655,CVX,0.46790870762764936,0.6555715994910539,0.6087889959602882,0.0
7656,CVX,0.470410531174438,0.662088178921148,0.6185013537419584,0.0
7657,CVX,0.4733672317297337,0.6693151547615037,0.6278744928057166,0.0
7658,CVX,0.47577807987482057,0.6680836602169944,0.6350998058106518,0.0
7659,CVX,0.47975067981938047,0.6892705196920487,0.6455802092718379,0.1435155444155184
7660,CVX,0.48481497347895974,0.7169576636746187,0.6601067266680312,0.08822984367538224
7661,CVX,0.49080418742430343,0.7410049253366208,0.6770626533843008,0.11794365442982194
7662,CVX,0.49471733555834874,0.7634723640812886,0.6956116351553988,0.08476476950757789
7663,CVX,0.499281283017563,0.7803233983641389,0.7141891018591008,0.061090557377483846
7664,CVX,0.5035181534367164,0.7936863897731767,0.73201555917491,0.09365095696627468
7665,CVX,0.5088326174201292,0.807881675101929,0.7494258474265073,0.1793440308816125
7666,CVX,0.4983761987454116,0.6359790252598542,0.7252187061406095,0.0
7667,CVX,0.5042744354381545,0.6800717474026045,0.7156346477750186,0.0
7668,CVX,0.509050636623881,0.7127545651138054,0.7152178501528915,0.0
7669,CVX,0.5139633083157582,0.7402483252803093,0.7209837058676452,0.0
7670,CVX,0.517920738289769,0.7547741402500582,0.7288188384723585,0.0
7671,CVX,0.5224846709417896,0.77168625294331,0.7388387756509232,0.0
7672,CVX,0.5274428303345164,0.7837475064349824,0.7495304281112897,0.0
7673,CVX,0.5318399747500848,0.7932450390417031,0.7601907096773588,0.0
7674,CVX,0.5358277298579965,0.7956440318906397,0.7692511343147664,0.0
7675,CVX,0.5399519480684614,0.7969204968264328,0.7767826486300411,0.0
7676,CVX,0.5462307731505209,0.8210261743522944,0.7881555320226621,0.17079302443074706
7677,CVX,0.5523564585274627,0.8384875452965401,0.801127518841344,0.11986366807915344
7678,CVX,0.559619329022075,0.8562301647067265,0.8154411813590474,0.0847506475218653
7679,CVX,0.5652144587459569,0.87124419229104,0.8302228658786127,0.09862852462427592
7680,CVX,0.5699697429188539,0.8825063675069021,0.8445466464184228,0.10935518148624965
7681,CVX,0.5742910837541677,0.8868821594783848,0.8569764089644692,0.13777207518545193
7682,CVX,0.5776116896180667,0.8809373514750489,0.8656014059160321,0.19578980375339322
7683,CVX,0.5812658571476783,0.8779684934149654,0.8718427835763934,0.0
7684,CVX,0.5846254253669967,0.8713526866310168,0.8753682163448946,0.0
7685,CVX,0.5874532515068118,0.8629856726559159,0.8763324004247963,0.0
7686,CVX,0.6064461861200154,0.8559187183614798,0.8755359944843573,0.0
7687,CVX,0.6103126406923263,0.8552761219772878,0.8747563143257511,0.0
7688,CVX,0.6144065337688893,0.8534900074274561,0.8737363334762007,0.0
7689,CVX,0.6185459145463037,0.8528897186847846,0.8727871790376155,0.0
7690,CVX,0.623003709229673,0.8477282965997468,0.8708828309576873,0.0
7691,CVX,0.6270369520384351,0.8433467191542963,0.8683873309135758,0.0
7692,CVX,0.6313279584853522,0.8408285411147474,0.8658322911126719,0.0
7693,CVX,0.6342998243839473,0.8233078998954947,0.8599014304812826,0.15553321015503346
7694,CVX,0.638575668263913,0.8189694747945084,0.8541942934346115,0.17981625279161395
7695,CVX,0.6420782175276187,0.8059405694025517,0.8467382144349549,0.12966619948832298
7696,CVX,0.6433655179809747,0.7936381445700434,0.8380441463827579,0.14735528351039132
7697,CVX,0.6455868284864863,0.7934685192435668,0.8310512617769941,0.10704220196918121
7698,CVX,0.6478915451410696,0.7988556574304597,0.8266520521223057,0.2064106898244176
7699,CVX,0.6505448555399136,0.8087926566436574,0.8253371365159948,0.21454221565886122
7700,CVX,0.6526885430311724,0.8110150892890876,0.8247782347986832,0.0
7701,CVX,0.6551448696226139,0.8126651848412063,0.8246971753068773,0.0
7702,CVX,0.658116730893961,0.8112713261128424,0.824323110135849,0.0
7703,CVX,0.660952130913655,0.8111159198779186,0.8239893822386595,0.0
7704,CVX,0.6636510678307967,0.8059201946447188,0.8225697654840699,0.0
7705,CVX,0.6660012657080827,0.7954604520686005,0.8191136530912154,0.0
7706,CVX,0.6681846753489173,0.7856338062624189,0.8141687921726072,0.0
7707,CVX,0.6702164593202484,0.7819122010547114,0.8093872919724898,0.0
7708,CVX,0.6719146668186751,0.7747705987038438,0.8039777784712645,0.0
7709,CVX,0.6737796625535539,0.7727611097540535,0.799204376936553,0.0
7710,CVX,0.6783663427577986,0.7982437609037185,0.8010387993872344,0.270896431950618
7711,CVX,0.6837793726808856,0.8277970300682532,0.809062518483479,0.16948731715991303
7712,CVX,0.6890104629059648,0.8499819227987453,0.8204030533485999,0.11162089558174944
7713,CVX,0.6950300038361084,0.8606438858789494,0.831840761400627,0.1100049369309236
7714,CVX,0.7001170385697648,0.8673956492444577,0.8424887581960822,0.12644869237617395
7715,CVX,0.7073799210952219,0.8871547818375052,0.8553905777047421,0.24755120444686918
7716,CVX,0.7146579578585825,0.8997871608018984,0.8685144361255268,0.27094153584376124
7717,CVX,0.720942839083107,0.9066918373010927,0.8805452758996983,0.0
7718,CVX,0.7266136317188971,0.9093739817021835,0.8907649622478091,0.0
7719,CVX,0.7318447062113336,0.9109504812287945,0.8992904464570971,0.0
7720,CVX,0.7373638805812188,0.9087224664416822,0.9056165646986314,0.0
7721,CVX,0.7432166314240085,0.909551484850863,0.9108613710894051,0.0
7722,CVX,0.7491451951015513,0.9072691271923372,0.9145508914992497,0.0
7723,CVX,0.7526022603662046,0.8773230638076416,0.9108591881064494,0.0
7724,CVX,0.7568932668131216,0.8574806203310363,0.9035039213969782,0.0
7725,CVX,0.7617386167077385,0.841238313754274,0.8940164686251257,0.0
7726,CVX,0.7668635643369184,0.8295271533785389,0.8838284693409126,0.0
7727,CVX,0.771973341995551,0.8236570011785144,0.8743758186836285,0.21686585871616162
7728,CVX,0.7765372755730207,0.8081722643860937,0.8633785201852888,0.1368476615288577
7729,CVX,0.7804492113680332,0.7918587544442945,0.8509616460256895,0.12428226448634735
7730,CVX,0.7826856761114485,0.7869348642870669,0.8399358169261885,0.24341230981792147
7731,CVX,0.784414207818326,0.7870396539848538,0.8311384004906517,0.10164573010233828
7732,CVX,0.7862640428371543,0.7879911391803593,0.8243115475193403,0.11863692864679386
7733,CVX,0.7889174920534456,0.7918281409345357,0.8197012765050113,0.17970918508360936
7734,CVX,0.7915330413305082,0.7935875545315945,0.8164033730010442,0.0
7735,CVX,0.7924809957617409,0.7913836021278422,0.8132761191394141,0.0
7736,CVX,0.7933907405242584,0.7874669534188072,0.8099054355807997,0.0
7737,CVX,0.7947250464158797,0.7874958847445219,0.8072153069413432,0.0
7738,CVX,0.7946037458802779,0.7696582876134084,0.80110606083976,0.0
7739,CVX,0.7948615095184319,0.7610448307420091,0.7943078302318072,0.0
7740,CVX,0.7951344357235346,0.7527133408850024,0.7870209643817598,0.0
7741,CVX,0.7954225244955895,0.750710098655938,0.7807470667582517,0.0
7742,CVX,0.7959833878470794,0.7511092588212865,0.7758164994837756,0.0
7743,CVX,0.7982122851887636,0.7439414923270851,0.7702819279952239,0.0
7744,CVX,0.799713387645884,0.7352198450599974,0.763919435813155,0.5580939584704102
7745,CVX,0.7998868492626947,0.714042348983467,0.7541313662131741,0.16677344617088122
7746,CVX,0.7997352189659432,0.6962310235896144,0.7423495955399528,0.10636665228529754
7747,CVX,0.7986056151317484,0.6760207490020818,0.7284406743081931,0.06550295740319162
7748,CVX,0.7986662552196027,0.6644680651441659,0.7147506571366955,0.08282357287967751
7749,CVX,0.7992121085552606,0.658370044008412,0.7024458410779424,0.11286867389078287
7750,CVX,0.800167357676723,0.6676091817421708,0.6946516247764929,0.23106047178384023
7751,CVX,0.8007433909987585,0.6758739172927107,0.6902497241341506,0.0
7752,CVX,0.8011679363952187,0.6827691040004944,0.6882578514155516,0.0
7753,CVX,0.8012892323035725,0.6890263344084172,0.6880524749991742,0.0
7754,CVX,0.801395370272223,0.6936817390273764,0.6889209420438309,0.0
7755,CVX,0.8022517520535715,0.7033850514370107,0.6917683260530368,0.0
7756,CVX,0.8030856932358361,0.7095460507412223,0.6954130068376477,0.0
7757,CVX,0.8036012205121432,0.7147511302063652,0.6994834610715459,0.0
7758,CVX,0.8061636943267327,0.7249885575274695,0.7050109244005033,0.0
7759,CVX,0.8077102761556576,0.7273708315978753,0.7099613855069261,0.0
7760,CVX,0.8083471039675674,0.7177310298526733,0.7117832334046936,0.0
7761,CVX,0.8085896939333752,0.7106349449049345,0.7116664960917141,0.210083703026745
7762,CVX,0.8098104312730889,0.718582487534251,0.7133362116619658,0.15762571377271153
7763,CVX,0.8113418514605124,0.7212192157833485,0.7152569233988423,0.1187540834874503
7764,CVX,0.8120620595089036,0.7112475644609781,0.7145813533486245,0.09712755928568113
7765,CVX,0.8132902237300748,0.6951187379883328,0.7104628326526516,0.08688436428152092
7766,CVX,0.815337179522853,0.6907549785138842,0.7061999473049784,0.10178248280071832
7767,CVX,0.8177252791902658,0.6850079002516719,0.7015146908687075,0.1282411758484071
7768,CVX,0.8197570724160945,0.6806476312782047,0.6967991912714434,0.0
7769,CVX,0.8214401229002686,0.6760492710390584,0.692006678303045,0.0
7770,CVX,0.8218191898503733,0.6714885575260359,0.6871609062943447,0.0
7771,CVX,0.8222373734468613,0.6693404017976702,0.6828077357218073,0.0
7772,CVX,0.8223738365494127,0.6649600774945156,0.6783534556842532,0.0
7773,CVX,0.8228742012587711,0.6667089499803419,0.6751780064916632,0.0
7774,CVX,0.8234048911020295,0.668430059514066,0.6730194629629284,0.0
7775,CVX,0.8236778173071331,0.6732018886874837,0.6723512242713995,0.0
7776,CVX,0.824253994851242,0.6792788079930605,0.673164754349815,0.0
7777,CVX,0.8251334237343562,0.6881985886855743,0.6757943678853892,0.0
7778,CVX,0.8269832522750367,0.7126430151891663,0.6833208796892063,0.21569560722665237
7779,CVX,0.827180360092691,0.7075725158847056,0.6882172351709807,0.17133225372193578
7780,CVX,0.8282417444064567,0.702110986421209,0.6909227183544725,0.10445283501745217
7781,CVX,0.8289240784282104,0.6941720775538542,0.691325914818896,0.0974212389477449
7782,CVX,0.8281432071557218,0.6850696884859089,0.6896291721571469,0.06315251139341632
7783,CVX,0.8282038472435778,0.6842639233875396,0.68809302481069,0.12241484802870048
7784,CVX,0.8297428468635761,0.6887652035547952,0.6878626837053446,0.1357448497262208
7785,CVX,0.8314107310790018,0.6856919603770181,0.6869966338293122,0.0
7786,CVX,0.8327601949103238,0.6880568559966906,0.6868284290868938,0.0
7787,CVX,0.8334898222592182,0.6805899000837724,0.6850373745939158,0.0
7788,CVX,0.835295380731651,0.6871221300722796,0.685053659445739,0.0
7789,CVX,0.8371603764665307,0.6916573829346099,0.6860728006981447,0.0
7790,CVX,0.8391011850361609,0.6949336763879175,0.6876149359414261,0.0
7791,CVX,0.8406846119027742,0.694609531434173,0.6887767348992375,0.0
7792,CVX,0.8437171252928213,0.7077875617659732,0.6926296257278396,0.0
7793,CVX,0.8461734611387586,0.7162771823560381,0.6975952999251746,0.0
7794,CVX,0.8491453242610056,0.7285552296966379,0.7042916361634993,0.0
7795,CVX,0.8535576386471213,0.7572323983707647,0.7160105296697428,0.254673008302863
7796,CVX,0.857613614200913,0.7770438611479134,0.7297806756236441,0.18679871011511723
7797,CVX,0.8601912598369497,0.7788616291714489,0.741200051205904,0.13371128378360853
7798,CVX,0.8614027428283046,0.7812308262739888,0.7508611410832909,0.14293884863162282
7799,CVX,0.8650645157030814,0.7858435600460341,0.7596133149411337,0.13603780887880942
7800,CVX,0.8691963013152764,0.7924015849758097,0.7680699048966185,0.15584245282176007
7801,CVX,0.873153732214738,0.7908754222045566,0.774496608578926,0.1903714283985063
7802,CVX,0.8773689258269028,0.7886155240289053,0.7791366292974428,0.0
7803,CVX,0.8807501875113015,0.7825427425951718,0.781501442797855,0.0
7804,CVX,0.883646244276945,0.7763003849714749,0.7820084712603608,0.0
7805,CVX,0.886481644296639,0.7631250064342928,0.7794912306496594,0.0
7806,CVX,0.8895444828205861,0.7592694332833554,0.776622106866995,0.0
7807,CVX,0.8930452162780567,0.751078430023342,0.7725096924227086,0.0
7808,CVX,0.8954700139847374,0.7440504120633848,0.7676606454099034,0.0
7809,CVX,0.8976382610586207,0.7344062237670824,0.7616419136873385,0.0
7810,CVX,0.8996245573291031,0.7240247121559464,0.7545238642994798,0.0
7811,CVX,0.9025357701835475,0.7231472184856966,0.7486347591021056,0.0
7812,CVX,0.9037942650913156,0.7168422260143739,0.7425247575139594,0.16737175723903075
7813,CVX,0.9048404886890298,0.7075592803973515,0.7355774012326919,0.12424566260501065
7814,CVX,0.9047949898827836,0.6936437625070302,0.7269324582115528,0.06777342686122728
7815,CVX,0.9014288981689322,0.6645764956709337,0.7135681387952849,0.20458261318411292
7816,CVX,0.8979794234422496,0.6392578213782787,0.6972599166753233,0.09111101696453969
7817,CVX,0.8968573851588859,0.6336558459279127,0.6829705808409611,0.09185458274287582
7818,CVX,0.8951758662938714,0.6255280516615492,0.6697360192179236,0.09928490875612109
7819,CVX,0.8930910059346164,0.6191214279380496,0.6577271063237241,0.0
7820,CVX,0.8908545365639533,0.6172283841505182,0.6477000178000266,0.0
7821,CVX,0.8894140843746339,0.6200956715975878,0.6403144341687989,0.0
7822,CVX,0.8876855517423072,0.6199603700954196,0.6343759515944433,0.0
7823,CVX,0.8861238073464337,0.61936376227604,0.6294928123624873,0.0
7824,CVX,0.8848501517226133,0.6225353111101416,0.6262898863745759,0.0
7825,CVX,0.8839555602725504,0.6227823713782229,0.6237823541355432,0.0
7826,CVX,0.8823028404749742,0.6224531751875828,0.6217032985267693,0.0
7827,CVX,0.8815447121274618,0.6287193300951505,0.6214301556345906,0.0
7828,CVX,0.879663492445947,0.6216886212799289,0.6196519289164999,0.0
7829,CVX,0.8776772008027134,0.6122463608154333,0.616134649673205,0.113858077502034
7830,CVX,0.8758349461419108,0.6050470398454708,0.6117237084751095,0.08194930668255246
7831,CVX,0.8718623461973527,0.5838830925276525,0.6034998853574058,0.07086383610196303
7832,CVX,0.8686478894074998,0.5718605032809295,0.594253701531599,0.06670303798497132
7833,CVX,0.8663735043649652,0.5704006036204081,0.5865328861854843,0.0637975114755544
7834,CVX,0.8647056358821832,0.5710487719590182,0.5805000254130347,0.08192970882482886
7835,CVX,0.8645994868081353,0.5724822090605155,0.5759917345513208,0.09231470009369505
7836,CVX,0.8637958726106731,0.5642077569465742,0.5705494739131213,0.0
7837,CVX,0.862112826753747,0.5628513716786289,0.5658947610438279,0.0
7838,CVX,0.8607633592206261,0.5626360191013207,0.5621232163212387,0.0
7839,CVX,0.8591167044498302,0.5597783726379872,0.5584720321386407,0.0
