,Ticker,MA20,MACD,Signal_Line,Volume
0,HON,0.39463880032788134,0.4062509494699,0.4876954607938461,0.06838190273788826
1,HON,0.3931201449652857,0.3919534907805832,0.47149316142705816,0.042655553067101906
2,HON,0.390569469184018,0.3840181755665393,0.4565729210413496,0.04004099666513122
3,HON,0.3885473863541491,0.37996669458031196,0.443636841045343,0.053203187694513925
4,HON,0.3862568182637083,0.38118820913818463,0.43358944146873307,0.06294044351256481
5,HON,0.3837229350057907,0.38057100585131226,0.42539919875094084,0.10115863570601788
6,HON,0.37919213235369886,0.3632326232577483,0.41456796801344603,0.0
7,HON,0.37682604579025103,0.36882744176938326,0.40728376002397243,0.0
8,HON,0.3743718639009743,0.3741598437871786,0.4027724069964442,0.0
9,HON,0.37199739157405975,0.37922588072270635,0.400413600207744,0.0
10,HON,0.37025638417238627,0.38541526340367643,0.4000540671991777,0.0
11,HON,0.36900621867933125,0.39201714915379365,0.40139575715783793,0.0
12,HON,0.36714355599840376,0.395491832735742,0.40332664574980504,0.0
13,HON,0.36530606443478675,0.3988592926751063,0.40570243092503855,0.0
14,HON,0.3639384362881577,0.40746493755460345,0.4097268943705714,0.04946619747384457
15,HON,0.3624113823594022,0.40856114170465974,0.413217003489707,0.028237910388495338
16,HON,0.36129546026479487,0.41755995425995474,0.41822995814344677,0.028073774712937878
17,HON,0.3601711554793665,0.4314565364979633,0.4256699372403014,0.034497856594068586
18,HON,0.36024666575864916,0.44744354186632534,0.4355674431257397,0.0487631971438201
19,HON,0.36073330889629585,0.43907625110714893,0.44142043727726693,0.05949293690659694
20,HON,0.36168981084196217,0.4321727460445481,0.4443990779132915,0.09212459935774521
21,HON,0.36169819916596735,0.42470801125635,0.44493972670913917,0.0
22,HON,0.3615975172572665,0.42046225365481227,0.44432441144422186,0.0
23,HON,0.3602214992503092,0.40379722059332457,0.4397193023718948,0.0
24,HON,0.3597348602095236,0.40538727989962936,0.43642763475714097,0.0
25,HON,0.35862732541470654,0.397437031068131,0.4318322142219557,0.0
26,HON,0.35918948036795895,0.39391581905876893,0.4272868581575326,0.0
27,HON,0.35813229344094655,0.39082743238015283,0.4228883730576161,0.0
28,HON,0.35689890869276475,0.3870213878373023,0.41843026992494536,0.0
29,HON,0.3571002776312442,0.401756137943277,0.4185002589359032,0.0
30,HON,0.3546586838611594,0.3839942213015003,0.414172687241174,0.07017950613788536
31,HON,0.35235971720455916,0.37353450578514474,0.40812921810177893,0.05213027946016236
32,HON,0.35041315284769725,0.36802185198264065,0.4019339440785623,0.027072744317815756
33,HON,0.349209131842505,0.37344626956529425,0.3983164472607271,0.027357406857934766
34,HON,0.3467339745342435,0.36891387319534436,0.3943038743175661,0.03364058187740533
35,HON,0.3452404892647425,0.3717705480432444,0.3917988307507516,0.05398003812155156
36,HON,0.3429583069377693,0.37323658272882526,0.3901566068095208,0.07828110283395912
37,HON,0.33930009943433026,0.3654563265233365,0.38692269464556067,0.0
38,HON,0.33612015135350193,0.3708706350137893,0.3856717924356391,0.0
39,HON,0.3352978984394679,0.3829871723058917,0.38766137877823276,0.0
40,HON,0.33392188350515584,0.3862197046353651,0.3900508226133096,0.0
41,HON,0.3331080173788048,0.3938709554864792,0.39385067273830177,0.0
42,HON,0.33252069130824236,0.40449989470808223,0.39951372828805176,0.0
43,HON,0.3329569906749459,0.4117815773397481,0.4058412599737248,0.0
44,HON,0.33287309053533365,0.42588767000589395,0.4143846069482835,0.04039271596989721
45,HON,0.33369534293726,0.43823079142365134,0.4242655126040694,0.03981725497655424
46,HON,0.33391349313271945,0.4429967287622701,0.4333464495014561,0.032126107039251
47,HON,0.33418199119598313,0.44643747821853713,0.4414603608514416,0.03627507999696711
48,HON,0.3349957758972111,0.45356458363829155,0.4497104282012929,0.03451889401042842
49,HON,0.33475246072973386,0.46359997440987244,0.45878717238411765,0.053801439222246714
50,HON,0.3371940493787413,0.47321741616472696,0.46842211005429246,0.0836228534713271
51,HON,0.33865397879168047,0.4715776483562503,0.4757253727076256,0.0
52,HON,0.34073478910752897,0.4792037520598901,0.48345007168183285,0.0
53,HON,0.3413430936697215,0.47623334580286364,0.488896747661946,0.0
54,HON,0.3427778422353054,0.4737303719388505,0.4926363655054334,0.0
55,HON,0.34422938178791496,0.4771812197603192,0.4964797138444147,0.0
56,HON,0.346780058593398,0.4909157618076787,0.5029440170831251,0.0
57,HON,0.34883570188879887,0.4855496091380006,0.5067911167976064,0.046830822795267804
58,HON,0.3493223475869831,0.4729234066808129,0.5067527053376195,0.04299631538418047
59,HON,0.3488944432016856,0.45892230805348294,0.5032665666105857,0.02620144465691261
60,HON,0.34901190227050627,0.4472793189128809,0.49760421711937225,0.022887175021223685
61,HON,0.34915873276393095,0.44292762569249866,0.4920003587800205,0.030621274350261588
62,HON,0.3491587368607929,0.4418563479305528,0.4872528854687797,0.05489604229221935
63,HON,0.3491335677919136,0.4392476474594237,0.48281109101757375,0.055825852267373285
64,HON,0.3476232971685702,0.4277211438622664,0.47641296506679687,0.0
65,HON,0.34689333886344675,0.42919298004198997,0.47165770700163334,0.0
66,HON,0.3465912849436208,0.4306071988849569,0.468202523539672,0.0
67,HON,0.34691011295092,0.43890900424388657,0.4674872258181752,0.0
68,HON,0.3456768096278613,0.43156665589114107,0.4651029283619733,0.0
69,HON,0.3446615689298467,0.4330962381337104,0.4635729845667908,0.0
70,HON,0.34347853153736185,0.43441194883397977,0.462673741144473,0.0
71,HON,0.3429918899360387,0.43494948724097604,0.46208700852116613,0.0
72,HON,0.341607478483998,0.4340770670203689,0.4614023129493123,0.0
73,HON,0.34175850160310306,0.44312876045981403,0.4630884746198784,0.09001253041111933
74,HON,0.34201021328830894,0.45161334980760026,0.46653136328889955,0.0707385316496972
75,HON,0.3411543958118828,0.45082119733166376,0.4690901744772446,0.03134465467738465
76,HON,0.3393608702300033,0.4504375225409839,0.47104253417712916,0.038436017108678854
77,HON,0.33887422709235704,0.4499335283614124,0.47248003839027747,0.028978164476657013
78,HON,0.33894135160817296,0.4480743948672774,0.473171215791623,0.03702322311626372
79,HON,0.3394951064589429,0.44854969458537985,0.47384145959257734,0.09436574161932883
80,HON,0.34030897873058663,0.45144435276364514,0.4750920435399242,0.0
81,HON,0.34069074170066793,0.4533226644462385,0.4765560697595333,0.0
82,HON,0.34144587112310143,0.4614314019694085,0.47972849149061353,0.0
83,HON,0.3417563128548249,0.46053069968887866,0.48204413951427566,0.0
84,HON,0.3418737780689374,0.4478166617930949,0.48075888930172184,0.0
85,HON,0.3429225746235134,0.4591479672585313,0.48252720548113803,0.0
86,HON,0.34176889841347924,0.44188730630631784,0.4796820032206458,0.0
87,HON,0.342129684428254,0.45334733990842674,0.48023412729964654,0.0
88,HON,0.3427799403405216,0.4517396594744027,0.48027905810292276,0.07868388170134845
89,HON,0.3426289197819554,0.44805216221589605,0.479404944641166,0.041974466712452266
90,HON,0.34209194106708907,0.44054358376934527,0.4768525697367484,0.04517566023520708
91,HON,0.3400279150808676,0.4160306388297382,0.46876098281941597,0.04308484784469478
92,HON,0.3391469269992391,0.40974427515157125,0.46073626637960746,0.032364311951575374
93,HON,0.3385596034892151,0.41830601232811643,0.45642949230514107,0.047021474381028806
94,HON,0.3381736407239462,0.4290719772468705,0.4556410658346897,0.08077272183407702
95,HON,0.33836661877788066,0.4371737451587478,0.4570098053443095,0.0
96,HON,0.33856597359680407,0.44398921370222116,0.4597868246115002,0.0
97,HON,0.3386582671814993,0.44793238288812737,0.46298159683676987,0.0
98,HON,0.3392707587361872,0.45573492975494895,0.46746304886513523,0.0
99,HON,0.33864148592451837,0.4490009065550244,0.46938628318089276,0.0
100,HON,0.3384149458687298,0.4510069543257172,0.47141995439994133,0.0
101,HON,0.33818840581294163,0.45219404587061235,0.4733398603471782,0.0
102,HON,0.3364012564839429,0.44131001769068634,0.47218965482227593,0.0
103,HON,0.3349706943987476,0.4299771459929731,0.4684725875136578,0.05194335325021508
104,HON,0.3346938110841249,0.4230874914194509,0.4637985972213509,0.03667961198238642
105,HON,0.3328814875651709,0.4210975842614799,0.45956830465329007,0.025314586073493336
106,HON,0.33287728828209096,0.41522620122651593,0.4547350390903979,0.026247244865446
107,HON,0.32962517808207314,0.3974862036724535,0.4464902732710282,0.06679642661951948
108,HON,0.3266256224965236,0.3766256554485755,0.43474616906653984,0.0873197411170605
109,HON,0.3242175769013862,0.3657083486275682,0.42265654239801076,0.11687227088829176
110,HON,0.32222905351283204,0.35843728346156684,0.4111903741611408,0.0
111,HON,0.3222626093693943,0.3589699825105386,0.40214890735391706,0.0
112,HON,0.32043350715399743,0.35091882799468943,0.39292874438567993,0.0
113,HON,0.3184617706556101,0.3570807174047286,0.38707334121514425,0.0
114,HON,0.3160705196322535,0.3617007718028854,0.38352922778341647,0.0
115,HON,0.31401487838528386,0.3697258385235322,0.3826744882073806,0.0
116,HON,0.3115732800062303,0.3726834669556041,0.3827206262348075,0.0
117,HON,0.3090477835359957,0.37342408747996764,0.3829403185446299,0.043334886303721565
118,HON,0.3053308439376088,0.36547026329259114,0.3811531035670008,0.03178074278734371
119,HON,0.3027046609497033,0.36032525645434343,0.3784535665269235,0.028253031031503967
120,HON,0.29967574008484155,0.359821886663233,0.37616970744442835,0.028811618263808323
121,HON,0.2962860321809888,0.35581346820455606,0.3733533601333865,0.036346081277181544
122,HON,0.294394006781288,0.3596768041663727,0.37205373660750185,0.031539469918466866
123,HON,0.2927285173405134,0.3635086483965317,0.37195972008888256,0.10077886651277213
124,HON,0.29070643860750556,0.3650387339883496,0.3722621252681468,0.0
125,HON,0.2881222069696756,0.3636560007643559,0.3721627969336655,0.0
126,HON,0.2859323238605822,0.363580593769969,0.3720647241515346,0.0
127,HON,0.28569403912697,0.3740601487961912,0.37457257401321487,0.0
128,HON,0.2861051627673947,0.38325926080374534,0.37884915428481447,0.0
129,HON,0.28589540601701824,0.38847153641473015,0.3835567851973058,0.0
130,HON,0.28631492463884856,0.40102335945199524,0.39042062464518296,0.0
131,HON,0.28537100773973023,0.40047025319966906,0.3957751920131831,0.03735828779974483
132,HON,0.2856898403559982,0.4060354570200906,0.4014323137325708,0.02907129887200003
133,HON,0.285505257795577,0.41628125588823117,0.4084866292038004,0.030646913701450135
134,HON,0.2857318039966579,0.4282905018270696,0.4170939106572378,0.0319858575968521
135,HON,0.28512769564489915,0.43151822110128035,0.42477632274012045,0.0286875851631868
136,HON,0.28486758897828723,0.4340830525197396,0.43155524151939384,0.05270442561498285
137,HON,0.28495148502103795,0.43788622306877517,0.43791698230651754,0.05951222120492679
138,HON,0.28635268182692064,0.44718263294376603,0.4453006880042021,0.0
139,HON,0.28738469405187006,0.4502536294378434,0.45196556098967217,0.0
140,HON,0.2885425618633679,0.4566515126936604,0.4588764288252491,0.0
141,HON,0.2897591633061385,0.4576414839448109,0.46464944364422284,0.0
142,HON,0.29081215146217865,0.46232474224383824,0.4704236630488426,0.0
143,HON,0.2914246527469131,0.460417656012549,0.47457237807875,0.0
144,HON,0.29300204276499553,0.46776296318371485,0.4797041396050526,0.0
145,HON,0.29442001570678267,0.4678795537503626,0.4838383228651335,0.0
146,HON,0.29580442715882294,0.46739402099665556,0.48702584212514183,0.0
147,HON,0.2953093951850634,0.4541328901966996,0.48630306877923885,0.0
148,HON,0.2937991220011811,0.4318075926855015,0.4802150648719403,0.04696362148603926
149,HON,0.29204553467403693,0.40888927115858376,0.46968852079679185,0.0350748515656878
150,HON,0.29014092576411166,0.3973819866199504,0.45842733832597193,0.03288367316795879
151,HON,0.28916428518343196,0.38899974286449834,0.4473496914587808,0.024533352851380735
152,HON,0.2875910903515675,0.3815036987636212,0.4366375832513971,0.025561556575967644
153,HON,0.2856780736575435,0.37777534798653223,0.42714775611241573,0.0396949749939627
154,HON,0.28297637270873954,0.3699438212680918,0.41762310805316594,0.06960798966010985
155,HON,0.2808653565400121,0.3652802778134167,0.40885244759319805,0.0
156,HON,0.27873420706218965,0.36217914064569745,0.4010705722122166,0.0
157,HON,0.27656110264953915,0.36186619740903836,0.39476783889306793,0.0
158,HON,0.2740188198012463,0.36443618737749806,0.39035991445816715,0.0
159,HON,0.27294485212936026,0.38055228809715297,0.39081095768308943,0.0
160,HON,0.27091438199970064,0.38664832185228754,0.3926762665811091,0.0
161,HON,0.26963904538933603,0.3971337874646499,0.3967562804935723,0.0
162,HON,0.2676253560045496,0.40121039149344845,0.4010263795673884,0.0
163,HON,0.26608152747621316,0.4050835419765647,0.4053983353300789,0.0
164,HON,0.2644286230819861,0.41629760097175256,0.411663480376528,0.04700525803925144
165,HON,0.2639252058568662,0.4336317193496705,0.42095358058728255,0.04299938334073295
166,HON,0.2641895077096965,0.4561091241894385,0.4339329854061273,0.042258252693556285
167,HON,0.2662787063495511,0.4825584460190848,0.4508440855545378,0.05033574401671773
168,HON,0.2690978720003594,0.4996578644083386,0.4685930269219594,0.042842479277049185
169,HON,0.2724351370038365,0.512984431651842,0.4860811181962594,0.05364080978274923
170,HON,0.27563186685375385,0.5270251532353477,0.5035367795460509,0.07883925178675598
171,HON,0.27860961126056516,0.5345908509629017,0.5193684895482156,0.0
172,HON,0.28192800509556726,0.5419608084782285,0.5338527306488412,0.0
173,HON,0.285309331332813,0.5487956125250961,0.5471269231060293,0.0
174,HON,0.2887997211453657,0.5485814793694272,0.5576934299508001,0.0
175,HON,0.29189241242550024,0.5431449225126985,0.5648049171064301,0.0
176,HON,0.29547510145593225,0.5432085224586827,0.5705098030178661,0.0
177,HON,0.2990661808588011,0.5434113304243526,0.5751237638609153,0.0
178,HON,0.3024558913231914,0.5419340475054901,0.5784503456086342,0.0
179,HON,0.30386547389254215,0.5294289065362356,0.5780253972179846,0.0
180,HON,0.3068985945525915,0.5306128953081289,0.5779776417267333,0.05790417369192194
181,HON,0.30958350758701414,0.5314895136348522,0.5781557828810653,0.06167359659614603
182,HON,0.31204188056564863,0.5238264304292832,0.5764070805745638,0.04566302704754324
183,HON,0.314634510769638,0.5186929271509755,0.5737411926993851,0.03756581314654445
184,HON,0.31722713277990433,0.5215557002432097,0.5723150022068356,0.04801110950895602
185,HON,0.31966872142891134,0.5293603412956759,0.5731002008967517,0.05566237401107708
186,HON,0.3224417333739189,0.5472018831953034,0.5781315739155953,0.08385382677177777
187,HON,0.324707138028665,0.5629753584791544,0.5860494966529544,0.0
188,HON,0.32714874204090316,0.5728787491850041,0.5948279481101494,0.0
189,HON,0.33075492923523475,0.5935115373682359,0.6069427906486422,0.0
190,HON,0.3320218718884087,0.5846824593315147,0.614455687053632,0.0
191,HON,0.33411107462512435,0.5834015846400235,0.6201498899375398,0.0
192,HON,0.33672048045291003,0.58943891029247,0.6261952376612253,0.0
193,HON,0.33953964559161065,0.5971702988278904,0.632939588525115,0.0
194,HON,0.34266086413802954,0.6006810310203179,0.6392015024797765,0.0
195,HON,0.34573174044982835,0.5969734736112164,0.6432960247821933,0.08802909649994368
196,HON,0.3475021136429226,0.5823915988239248,0.6429729000632792,0.07343877169538347
197,HON,0.3488739349273393,0.5659581046389577,0.6386586862040837,0.05046415991241422
198,HON,0.35044293252455416,0.5535225953116457,0.6321382861108675,0.03593672821717977
199,HON,0.3525237489856954,0.5383553806662178,0.6231787641730075,0.08249318804075473
200,HON,0.35366056404994817,0.5261831870393092,0.6130071027735562,0.049239387828715106
201,HON,0.3546590204183353,0.5150090744089069,0.6021120518048281,0.0639785085260704
202,HON,0.35563230976627436,0.4977945874372811,0.5891475513611386,0.0
203,HON,0.3568069567863228,0.4878567775533225,0.5763233432371104,0.0
204,HON,0.35758726551978937,0.48264135802727753,0.5647768341382676,0.0
205,HON,0.35783059092941993,0.4782071756422468,0.5544452901497959,0.0
206,HON,0.3572600466279461,0.4774136819562328,0.5459842242073987,0.0
207,HON,0.35677340502662247,0.48037504526162494,0.5399462228920445,0.0
208,HON,0.35669789167469323,0.48604596193856514,0.5365153791327719,0.0
209,HON,0.3551158869517703,0.4865284698445089,0.5338897849542867,0.0
210,HON,0.3550823254620239,0.4814514482955636,0.5305363230238992,0.0
211,HON,0.35397898943817907,0.47162979216224243,0.5254296119452815,0.04583855799029561
212,HON,0.35255262919660124,0.46842757097606297,0.5205539489782303,0.04276534208372979
213,HON,0.35049698385277095,0.4628537692780458,0.515277828861228,0.02035983624124482
214,HON,0.3486091464697796,0.4594562701049663,0.5102184449152094,0.03459077184965786
215,HON,0.34756454919828306,0.4619223262711756,0.5067795495735579,0.03491159244914533
216,HON,0.34730863618156693,0.46304755121164404,0.5043061338663751,0.040967300404225186
217,HON,0.3467255119546224,0.4564088937280075,0.5006890098330192,0.06881273149375737
218,HON,0.34631438575365925,0.4549307901070532,0.4974305211339474,0.0
219,HON,0.3457690074484181,0.44788361073772237,0.4930845173025262,0.0
220,HON,0.34595367501871577,0.45174169437653033,0.4905598723101213,0.0
221,HON,0.34581104278415475,0.45010286200255495,0.48813569969451115,0.0
222,HON,0.3462305614059855,0.4477496967910417,0.4856156107779412,0.0
223,HON,0.3465661763034493,0.44903299265238167,0.4839162514188384,0.0
224,HON,0.3465074436963933,0.44838582112777975,0.48239704484579204,0.0
225,HON,0.346381588109844,0.44712697322704215,0.4808710014623469,0.0
226,HON,0.34587816576364805,0.44470835306748513,0.47905326193822756,0.0
227,HON,0.3452237223467769,0.44498240028959374,0.47766670396798416,0.05018826296244514
228,HON,0.3437889635390392,0.4397190410338691,0.4752584836777414,0.0273085386928489
229,HON,0.34293314196575153,0.4390123443792791,0.4731574978195162,0.04419785865398227
230,HON,0.3418717649735976,0.43111311149902976,0.4695272132019345,0.019608844305149475
231,HON,0.3403405245644544,0.41409487129055367,0.4624229586771393,0.027746599060591702
232,HON,0.33846107652968493,0.40179021229746764,0.4537028193384005,0.044818900716104886
233,HON,0.336682321669985,0.39103560463749665,0.4440725179998018,0.09171217834119096
234,HON,0.33478610108406537,0.38300773506650276,0.43438703402843887,0.0
235,HON,0.3324577686360448,0.3776047612925355,0.42530521668827614,0.0
236,HON,0.33104399292890685,0.38434609245417733,0.41970349369588933,0.0
237,HON,0.32950016235213964,0.38146567967398354,0.41451124209698387,0.0
238,HON,0.32713407732501576,0.37405776506231514,0.4085292000745383,0.0
239,HON,0.3256825428934822,0.3741066962766349,0.40375564246505774,0.0
240,HON,0.32344231345290764,0.3750338674545731,0.40016561814613544,0.0
241,HON,0.3194778675976866,0.35157313717742106,0.39150359364785103,0.05811323301699779
242,HON,0.3155008361838103,0.3330969854599945,0.38001414107053644,0.043286018138635696
243,HON,0.3108483710829568,0.31506362096828144,0.36637202396975643,0.028800003856859664
244,HON,0.30633435583313773,0.3024470753060502,0.3523446223120815,0.02636185495665635
245,HON,0.30127495715700015,0.2870210244712798,0.3373156194895851,0.025432702400763656
246,HON,0.29732787431309937,0.2884874815879578,0.3256543323979455,0.0413858573338844
247,HON,0.2928306341749689,0.2870765986645283,0.3159771030247335,0.0659981004966145
248,HON,0.28846764562900873,0.2838810077790428,0.3074466617510556,0.0
249,HON,0.2828880515434169,0.27217623582425315,0.29773362249572993,0.0
250,HON,0.27792514112608524,0.264857727470284,0.2881570154193055,0.0
251,HON,0.2748458739297419,0.2724751114775176,0.2823756666269862,0.0
252,HON,0.2720686621895476,0.28465948369049543,0.28075763706376977,0.0
253,HON,0.26911525109186085,0.2923415904551244,0.2813591235738667,0.0
254,HON,0.26648906451920196,0.3037546574953544,0.28465700752844403,0.0
255,HON,0.2632755518759806,0.30753751098146753,0.2882289062940438,0.0
256,HON,0.25908036565767567,0.3106597048685401,0.2918569690252516,0.0
257,HON,0.25631154275359425,0.3226592824303385,0.2977208621737433,0.0
258,HON,0.2536898074209999,0.3293198789285385,0.3040557826124445,0.08114964221052405
259,HON,0.2499141398245257,0.32724843542224624,0.3086124958170523,0.056600292157119696
260,HON,0.2465312204202479,0.3316950725568476,0.3133552768675493,0.03523087907035657
261,HON,0.24594808339061114,0.3446107791143142,0.320337041278118,0.031336546506495956
262,HON,0.24557050638880984,0.3571460750518108,0.32901610870892667,0.0302191529021335
263,HON,0.24579705002935226,0.3702829118795521,0.33920147620183305,0.032868990804457654
264,HON,0.24615782989883428,0.3830463767026218,0.35049973717589733,0.05628560747073717
265,HON,0.24721502092270864,0.39482590458731287,0.3624454816262267,0.0
266,HON,0.24706760201754463,0.4021265983666187,0.3738038562999825,0.0
267,HON,0.2474451636561148,0.41020288057314097,0.3848837469649823,0.0
268,HON,0.2481415645683538,0.41680939590967403,0.39537811842406007,0.0
269,HON,0.2502055961877594,0.42745036474612197,0.40639975989711147,0.0
270,HON,0.25228640855203865,0.43606823584488225,0.41734392575803725,0.0
271,HON,0.2538470178252483,0.4480655792536154,0.42906015003115344,0.0
272,HON,0.25508879294586695,0.4579082826069483,0.4408622653452794,0.0
273,HON,0.25716960531014577,0.4717083243232901,0.45370974719431767,0.0
274,HON,0.2589064154771701,0.4818005786092981,0.46647845664174514,0.03837465797762934
275,HON,0.260647422878844,0.48256925278299845,0.4768831296048337,0.03703089300764491
276,HON,0.263315555168393,0.4923043609481228,0.4876094498517324,0.029181526168135415
277,HON,0.26526211747682504,0.49887784423857034,0.49781281281264295,0.023994926476421218
278,HON,0.2672399798074325,0.49964935922658915,0.5061659096869968,0.021711271102610435
279,HON,0.27012207069097727,0.5017211068259153,0.5133596853816561,0.05465148232703628
280,HON,0.27244780777721145,0.5008431395336905,0.5188980274712981,0.06330005184846574
281,HON,0.2743104714823539,0.5021807631777243,0.5236588207749794,0.0
282,HON,0.2763409467330904,0.5058346748873034,0.5283692247565489,0.0
283,HON,0.27725247679460363,0.49708010272519043,0.529976958038148,0.0
284,HON,0.2791067501273097,0.5024010971533291,0.5325763426845256,0.0
285,HON,0.2814644447819967,0.5129456024918824,0.5372581879404198,0.0
286,HON,0.2838808720437407,0.5186274770666386,0.5424059257991298,0.0
287,HON,0.2858945614285271,0.5193428861674361,0.5467006759055322,0.0
288,HON,0.2867503794170614,0.5052394238383957,0.5466558035202623,0.0
289,HON,0.28661613345807524,0.48693311021362656,0.5421019879276143,0.0
290,HON,0.2871447269215821,0.48003588811691217,0.5367567313766446,0.0
291,HON,0.2860455927413552,0.46011830349153504,0.5275649538554722,0.07951003857297945
292,HON,0.28558411662415706,0.45236341946080943,0.5182976605686938,0.0449065566176042
293,HON,0.28539113447336106,0.4556160059199491,0.5116865499712688,0.05012252103632066
294,HON,0.28503874036734667,0.4557419182619076,0.5064287361055136,0.042673084247401766
295,HON,0.2856973748735743,0.4609609762718011,0.5035105255743402,0.04408653565907815
296,HON,0.2856889891101071,0.4665373679536984,0.5025521860893927,0.08740630131979107
297,HON,0.28609173620500217,0.4750104843958632,0.5038766423713579,0.06917957144153197
298,HON,0.28715512782881936,0.4853586078200887,0.5074900787430286,0.0
299,HON,0.2871257635737221,0.4821675054408169,0.5095932778088484,0.0
300,HON,0.28815777477445614,0.48994653210660094,0.5131956666274886,0.0
301,HON,0.28810743253983606,0.48538520507004074,0.5149518622322365,0.0
302,HON,0.2885017800443572,0.4898701023190238,0.5174636716307924,0.0
303,HON,0.2896500864160316,0.4908688509395184,0.5197196059162972,0.0
304,HON,0.29007799541029833,0.49537886506360274,0.52263740499376,0.0
305,HON,0.28959135380897516,0.49454766842954784,0.5247665085823657,0.0
306,HON,0.28892012401404665,0.489342696416709,0.5251852272539371,0.0
307,HON,0.2891131025800884,0.4920869832671786,0.5261974801154682,0.0
308,HON,0.2875902504949517,0.4595831585469569,0.5189854814279811,0.05774880360651441
309,HON,0.28592895163142584,0.4257428972743569,0.5048642548383109,0.043089011500016
310,HON,0.2838900957382995,0.4029055283697603,0.4879311113683935,0.025928396523742257
311,HON,0.2832100551305179,0.38745478645162595,0.4705714214453297,0.04362590389669927
312,HON,0.28240458654611134,0.38254366080778235,0.45547162529898483,0.0284905785245671
313,HON,0.28091882130007706,0.380771119962696,0.4429543330976535,0.047378233900131
314,HON,0.2793749830416945,0.37712581932880096,0.4320408551735679,0.13170627909902005
315,HON,0.27764657092872236,0.37810238026841814,0.4235510837789089,0.0
316,HON,0.2754902467488365,0.3762363696328122,0.41629874344574175,0.0
317,HON,0.2733003544218051,0.3795104596850937,0.41130490220341226,0.0
318,HON,0.2707832426908219,0.38300215257188364,0.40817156365620916,0.0
319,HON,0.26949951570802044,0.3901982322278679,0.4074408536264361,0.0
320,HON,0.26770397600658624,0.40110802550184055,0.4095487745971954,0.0
321,HON,0.26712504030845974,0.41440601849046876,0.41451699755374277,0.0
322,HON,0.2644485115011812,0.4088748374002686,0.4171265047541668,0.0
323,HON,0.262560677702945,0.41228055997663887,0.42005462786668524,0.0
324,HON,0.25959049149356916,0.4067663114170278,0.42103623406595975,0.07411635181397314
325,HON,0.25817251701545896,0.41745589657299753,0.4244596616249934,0.045683407044641834
326,HON,0.25782012034890656,0.4347629126442338,0.43146969911573285,0.026143153482415568
327,HON,0.2569139652468291,0.44921509362652656,0.44064446380854105,0.021181172038293356
328,HON,0.25895701888671274,0.4612657317588463,0.4509583200505338,0.02598405802119432
329,HON,0.2616911106470776,0.47048953412804295,0.4614857988990392,0.03339317309542353
330,HON,0.2641410978622445,0.47752055025092754,0.47164300583187635,0.056139222115233325
331,HON,0.2662978394098996,0.48115116668775854,0.48066479154591785,0.0
332,HON,0.2683199176307993,0.4885288128275295,0.4897029907347403,0.0
333,HON,0.2695036330538696,0.48525747758721177,0.49612619893707,0.0
334,HON,0.27137469122831037,0.487379354585075,0.5017884354091807,0.0
335,HON,0.27407639115289895,0.5014455002769623,0.5097896874753446,0.0
336,HON,0.2770717541127685,0.5119036650883211,0.5187717182047148,0.0
337,HON,0.27937071616039955,0.5150480376106655,0.5267333600965739,0.0
338,HON,0.2815102611317344,0.5150073971656632,0.5330926437269868,0.0
339,HON,0.28276042662478984,0.5074091095773587,0.5363048466746954,0.0
340,HON,0.28504260792754765,0.5176022508216178,0.5413902314586159,0.0
341,HON,0.2881050887458332,0.5382431707985176,0.5505526275493996,0.07178338999556899
342,HON,0.2939748210294577,0.5702672458992817,0.5657859453027785,0.046863474618576303
343,HON,0.2995124606923274,0.5973282772791453,0.5846511430252777,0.08534814075258727
344,HON,0.30571713189126193,0.61613045033001,0.6043835948130902,0.03863302374729855
345,HON,0.3104618864799491,0.6262127011038479,0.6226578113887328,0.043688577866271276
346,HON,0.3146319026051594,0.6338649737646029,0.6391657318843026,0.04175642265747273
347,HON,0.31882708882346433,0.638781723246274,0.6535855004270923,0.10846804219229163
348,HON,0.322636319446008,0.6366349127199837,0.6645914918659284,0.0
349,HON,0.3261194987822482,0.6288792304378421,0.6714822167422183,0.0
350,HON,0.3300126285201883,0.6256524765698752,0.6761984479811324,0.0
351,HON,0.3339980554275779,0.6206502631785653,0.6787369087089339,0.0
352,HON,0.33883090995106535,0.6297007532055737,0.6830012984223279,0.0
353,HON,0.34408328309638314,0.6310947141405715,0.6867568336206279,0.0
354,HON,0.34825329819737805,0.6224040467077911,0.6876164432817332,0.0
355,HON,0.3516849605239516,0.6177243921973343,0.687149212860345,0.0
356,HON,0.35516696508514434,0.6127661761958137,0.6855517626221874,0.0
357,HON,0.35870770225339355,0.6033776418322282,0.6819567534450893,0.0
358,HON,0.3604319202043631,0.5710193406122366,0.6710948596864876,0.06468172799584862
359,HON,0.3625295138256228,0.5418801640355259,0.6552139240657049,0.05358361430702093
360,HON,0.36399783156256804,0.5273585412968121,0.6389253029488088,0.02635922527961137
361,HON,0.36435862423474275,0.51542137204308,0.6229483651877016,0.024164102366314888
362,HON,0.3633637014094342,0.5061414719739078,0.6078765764582899,0.029313667439645624
363,HON,0.3621974401528534,0.49954545668386496,0.594191277912973,0.04454672914194953
364,HON,0.36079205020918304,0.49026327400126524,0.5809522372172395,0.05085642007162364
365,HON,0.36034316784436227,0.49109324656292785,0.5705658382383347,0.0
366,HON,0.3622310016425998,0.5206828510677285,0.5695593033006108,0.0
367,HON,0.36129127480862255,0.5106230089246608,0.5662713505565514,0.0
368,HON,0.3600914515501872,0.49512561476368894,0.5598162996458361,0.0
369,HON,0.35836303482824583,0.47226875479839553,0.5490112864110318,0.0
370,HON,0.35720516343199415,0.4657456350152498,0.5387573985518809,0.0
371,HON,0.3564164684229527,0.4643509442210732,0.5302100847109402,0.0
372,HON,0.35556904080685525,0.477314145185503,0.5265714946190987,0.0
373,HON,0.3537902772413246,0.4724912829770208,0.5224703613653626,0.037547405407229596
374,HON,0.3518814649514579,0.45919868313794204,0.5159088995880214,0.039815720998278
375,HON,0.34958460613012,0.4481823121548081,0.5079409382617193,0.049890452037101234
376,HON,0.3465137328909673,0.43103392073287483,0.4973344216229212,0.06065700727850778
377,HON,0.34372813333887464,0.41754086727137796,0.48551918206518924,0.051307628824591334
378,HON,0.3432456894843079,0.41133395293204655,0.4745351512604372,0.05177768359638139
379,HON,0.343195349298119,0.40961588947723504,0.46532391611268753,0.10524537297366948
380,HON,0.3425241169426516,0.41073935387403265,0.45823219406619187,0.0
381,HON,0.3419955219428217,0.4140763138121322,0.4533823634644936,0.0
382,HON,0.3411732623713881,0.4144438129611939,0.4495931961567218,0.0
383,HON,0.3401664233121795,0.41426746926251107,0.4465183414612964,0.0
384,HON,0.33955393226959973,0.4156524316939927,0.4444002603414518,0.0
385,HON,0.3382785956592347,0.4178477797780782,0.4432475976967489,0.0
386,HON,0.3338904344596423,0.4125129943088296,0.44100886599160055,0.10081568199140183
387,HON,0.33336184611721276,0.4219872984471269,0.44155609721720457,0.054508603207592404
388,HON,0.3335743697854525,0.43157286438492065,0.44435955771015423,0.04099031007836876
389,HON,0.33500073053913804,0.4434534433723308,0.44953440074328166,0.03408017622342437
390,HON,0.33541840403695167,0.45254054014180134,0.45591693068396566,0.0429551171104758
391,HON,0.33594280026580936,0.46478923256199745,0.4640458780513886,0.045181357868804534
392,HON,0.33548133183022655,0.47677261533945026,0.4735064821073068,0.09594617752336139
393,HON,0.33621968921361667,0.4853837880327493,0.4832001648975202,0.0
394,HON,0.3372055605354567,0.4853979235628788,0.4909585997163535,0.0
395,HON,0.3387724569548092,0.4913827865635491,0.49864238543627165,0.0
396,HON,0.34106302555735724,0.49562413688706636,0.5058361606169711,0.0
397,HON,0.3436724272882814,0.5019255751522754,0.5131463480092515,0.0
398,HON,0.345929438497945,0.506096270368645,0.5200238071581649,0.0
399,HON,0.3477753178734604,0.506564666498633,0.5256413725819915,0.0
400,HON,0.3491932908152475,0.5032336402061578,0.529313342283196,0.0
401,HON,0.35195372334689257,0.5179096223531208,0.535872885887454,0.0
402,HON,0.3529018333837981,0.504535511468862,0.5378198490290743,0.03862206675961114
403,HON,0.3541100459904549,0.49564362071376306,0.5371829400139447,0.035221675200699146
404,HON,0.35568743754486043,0.49364067510856197,0.5361790946361974,0.026673252546732647
405,HON,0.35727322100802583,0.49239221176612424,0.5350679030723046,0.020610532119532846
406,HON,0.3595721748619338,0.4919475238693484,0.5340692028041734,0.02800233515321594
407,HON,0.36067969736616634,0.4902516544693252,0.5328517094808242,0.044256149828479315
408,HON,0.36138172019665493,0.4855101207323329,0.5307075251509319,0.060044949946288846
409,HON,0.361901925848263,0.4833999566225639,0.528471398466035,0.0
410,HON,0.36147586197801296,0.46987479320321907,0.523344546275059,0.0
411,HON,0.36132903250880233,0.46751349854964264,0.5186603073876516,0.0
412,HON,0.36125351710844233,0.4688630043124155,0.515245968364336,0.0
413,HON,0.36092629258341447,0.4662548778084161,0.5118708229960333,0.0
414,HON,0.36075848513468234,0.45958307239456647,0.5075241344704021,0.0
415,HON,0.3601795494365563,0.4557596575833309,0.5031031816913232,0.0
416,HON,0.35976003030261783,0.4546085302942902,0.4992823263162225,0.06956087461305398
417,HON,0.3579477113926335,0.4406738424951963,0.492786622357406,0.04017248051738019
418,HON,0.35620671269679116,0.4305318609599044,0.48508706275575214,0.0424721330932146
419,HON,0.35495738757245965,0.4264649034244057,0.47792370784270094,0.033305955473431716
420,HON,0.35445396215361713,0.429318335914444,0.47289723850031523,0.02735039438581482
421,HON,0.35272553928638306,0.4351886902668698,0.4703248406605242,0.026605757502578178
422,HON,0.3530359789696762,0.4399807143992772,0.46944957286741673,0.06518859824626838
423,HON,0.35311988371825764,0.44337700960887877,0.4695875493524565,0.0
424,HON,0.35321217627873747,0.45169642994191506,0.4717511268866928,0.0
425,HON,0.35252105822848767,0.4497445030442867,0.4730002619410673,0.0
426,HON,0.35209315384318973,0.45234884828946925,0.4746423109361727,0.0
427,HON,0.35174915010961216,0.45448574523218654,0.47648332689883044,0.0
428,HON,0.3520176461244455,0.46040136250282704,0.47941608799220603,0.0
429,HON,0.3516585381841586,0.4595015723819603,0.4815402326226973,0.0
430,HON,0.3526989443662978,0.4637551582973966,0.4842893146221241,0.0
431,HON,0.35245982387293173,0.46025432857483706,0.4856245908441244,0.038025568349908334
432,HON,0.35187249268129195,0.45667396836273355,0.4858091946691695,0.02600049350272544
433,HON,0.35164176256036184,0.4545613802827233,0.48543550028302856,0.025189457274103072
434,HON,0.35189347885453737,0.45411905607761377,0.4850273811058056,0.02250017421610423
435,HON,0.3518850905305313,0.45216117504006687,0.48421768933546944,0.02259769140652221
436,HON,0.35258149297909336,0.4608512642848185,0.48571461172247277,0.04064801378301395
437,HON,0.35420082871406633,0.4654753113597729,0.4880533441118486,0.07507640307514434
438,HON,0.35543001469127633,0.4649750233394111,0.48980086114038185,0.0
439,HON,0.3571072488098741,0.4733705870310767,0.49327086295541495,0.0
440,HON,0.3582902943960824,0.4796066609875116,0.4975859000312539,0.0
441,HON,0.35876855177026146,0.479215569331202,0.5009414099913184,0.0
442,HON,0.3596495470213976,0.4833650934504962,0.5046499022608195,0.0
443,HON,0.3614115252330854,0.4961867910110334,0.5107810346396366,0.0
444,HON,0.3614618674677055,0.4910380459556288,0.5144152529091643,0.0
445,HON,0.3626480144190687,0.49152387319387825,0.5174425275503326,0.0
446,HON,0.36315982713770234,0.48758375511786967,0.518891943452253,0.0
447,HON,0.36440999263075646,0.49292737668583975,0.5213702584734751,0.0
448,HON,0.365416836811042,0.49803849060154537,0.5246143109242173,0.08382095580871554
449,HON,0.3675547057563211,0.5094609983580263,0.5300285775585576,0.050729538154203384
450,HON,0.36945093299964116,0.5199405269153158,0.5369462924209989,0.03525082078794766
451,HON,0.3722994552239314,0.5319441933961737,0.5454429164017165,0.03630071934815565
452,HON,0.37476622676872573,0.5351776361812703,0.5530382150437358,0.028982108992224483
453,HON,0.3775856356706879,0.541681035711056,0.5607194643568667,0.0368347629280402
454,HON,0.3803208924760537,0.5460006818823587,0.5679305334829948,0.07148864702677755
455,HON,0.38325752078043607,0.5491090966160753,0.5744665318681831,0.0
456,HON,0.3854474069621756,0.5518287386444217,0.5803665262669049,0.0
457,HON,0.3882581863374086,0.558084292823643,0.586630365042997,0.0
458,HON,0.3914213567460112,0.5619761304265443,0.5926019244664782,0.0
459,HON,0.39371192842120584,0.5623833945339533,0.5974796829956686,0.0
460,HON,0.3959857193515268,0.5611478998246191,0.6010769751589349,0.0
461,HON,0.3985028310825096,0.5568525772811278,0.6028947421782838,0.0
462,HON,0.4009108679718163,0.5557679790790836,0.6040812817279757,0.0
463,HON,0.40218620458218135,0.5502624209813771,0.603671765844763,0.0
464,HON,0.40511444456255763,0.5496945029782144,0.6032039934729327,0.0
465,HON,0.40503053571711467,0.5174631403505601,0.5948752170448097,0.09671645375778658
466,HON,0.4061296729699877,0.5015912932664742,0.5842950938524061,0.07647517212331958
467,HON,0.40747649059630975,0.5003574506674061,0.5755264883719442,0.030918866135851746
468,HON,0.4086763205121451,0.4984915483261758,0.5680511074967105,0.04568866639873179
469,HON,0.40758556953484737,0.4773419661365335,0.5568511789360621,0.04898737711190459
470,HON,0.4074009803170262,0.473389172807402,0.5469157040798089,0.07032632977289671
471,HON,0.40692273574553983,0.471141632857476,0.538412641220704,0.0751570465045237
472,HON,0.40652839131366525,0.4648951568874589,0.5300685881384075,0.0
473,HON,0.4057184714891937,0.45985540265760244,0.5221495564954062,0.0
474,HON,0.404904604850735,0.45601705720685387,0.5148670444062701,0.0
475,HON,0.404409572876975,0.45753157354558915,0.5094148107059396,0.0
476,HON,0.4037551238269197,0.4581599382709127,0.505208101396097,0.0
477,HON,0.4022112952985837,0.45332194169525486,0.5006487376727077,0.0
478,HON,0.40107020464720433,0.4544810459960996,0.4972873085372613,0.0
479,HON,0.4003821941074026,0.4593328323306366,0.49579556475625797,0.0
480,HON,0.3998032619940304,0.4640444206897757,0.4957649690151253,0.04828262366385014
481,HON,0.4003989840702138,0.47941279981935897,0.49953334079539763,0.035438404417156184
482,HON,0.40075976906077315,0.4918371236090357,0.5056143066839851,0.028770639129857396
483,HON,0.40160719206790096,0.5034016073259361,0.5133331431111687,0.02410055183772789
484,HON,0.40242944959090465,0.5164439390894201,0.5227270023669858,0.036108533784118414
485,HON,0.4063561505486377,0.5319844760209771,0.5340774259331291,0.07459999325049559
486,HON,0.4095193245419937,0.5443417355264217,0.5462074820800393,0.11112357772821323
487,HON,0.41169646333904764,0.5530714283834185,0.5580659767981502,0.0
488,HON,0.41390312514458394,0.5587602819639491,0.5689567566145622,0.0
489,HON,0.4176032799012357,0.5605128432072447,0.5781019048741035,0.0
490,HON,0.42021268368059106,0.5606504806821789,0.585451991805168,0.0
491,HON,0.4231241403555557,0.5641869488832038,0.5922048461472944,0.0
492,HON,0.4263963856058335,0.5656803641093414,0.5979756979301956,0.0
493,HON,0.4294253100554495,0.5626772707143031,0.601851229115373,0.0
494,HON,0.43267238418841725,0.5618438400082186,0.604745967031,0.0
495,HON,0.43659362351760844,0.5724828976067775,0.6096874299841861,0.3925757204548114
496,HON,0.43947991624477156,0.5667053447612717,0.6122147257163488,0.03476170085758151
497,HON,0.44260952516362684,0.5584902347924278,0.6122091092949604,0.048326889894107286
498,HON,0.445328001224119,0.550940707604173,0.6103414260534932,0.06985474102283042
499,HON,0.44758501192167444,0.5424104906503283,0.6067420594352635,0.030779054972960344
500,HON,0.44937635182792146,0.5301813477675038,0.6008444674656411,0.04877240101347753
501,HON,0.450039185617229,0.5181716560655537,0.5931624548011141,0.10815752116123031
502,HON,0.4530345496013144,0.5363011473694509,0.5914911233828655,0.0
503,HON,0.45344568245967753,0.5212539046297867,0.5864404649236395,0.0
504,HON,0.4535631466495742,0.5097686591474896,0.5795654300877253,0.0
505,HON,0.453160407236294,0.500013807715581,0.5716579477911622,0.0
506,HON,0.45236331980638544,0.4882514221370774,0.5624290569286023,0.0
507,HON,0.4520612663986676,0.48458007068995473,0.554139870849411,0.0
508,HON,0.45147394032810473,0.4779583814929931,0.5458743182169665,0.0
509,HON,0.45109637356845766,0.47346848023801114,0.5381537882295824,0.0
510,HON,0.4516753092665833,0.4810239481032231,0.5338420204769753,0.0
511,HON,0.4477989520797925,0.438567520114013,0.5199145465867427,0.08000945807177177
512,HON,0.44460222581462894,0.41349910871934503,0.5025857938028029,0.03764601829641632
513,HON,0.4414558325661466,0.3920152329272699,0.48342066552446034,0.028467130570916033
514,HON,0.4384520730885484,0.3803349695704617,0.4652059252795865,0.02857056453468522
515,HON,0.434723813861722,0.3759724826856756,0.44955749050840615,0.02239345315602882
516,HON,0.43190044892783375,0.3713871150902518,0.43590709413710976,0.03402144676941984
517,HON,0.4291064533701201,0.36667938075681883,0.42382492891299545,0.08212349927618139
518,HON,0.425951677942924,0.35979517276219947,0.41246020448000875,0.0
519,HON,0.42391281692872074,0.36716725842942394,0.40518782325104125,0.0
520,HON,0.42184459114731165,0.3690468343620068,0.39983378934093566,0.0
521,HON,0.42050213155745375,0.37851404755779494,0.3978870287891513,0.0
522,HON,0.4167264639609791,0.38627364231058847,0.398244654203051,0.0
523,HON,0.4147211649486291,0.38575735538840455,0.39840333719260296,0.0
524,HON,0.41227956656957643,0.3820388831559865,0.3976125809925452,0.0
525,HON,0.40968694148666396,0.3780378746689874,0.3959925447358715,0.0
526,HON,0.40711529489538156,0.3724217281444119,0.39331047547022524,0.08237288031594693
527,HON,0.40490863257773757,0.37920404969279514,0.39283866718460797,0.05525871858467275
528,HON,0.4038388652131464,0.39542439848083805,0.3964643312937124,0.037344920274766186
529,HON,0.40250479138675654,0.40664414378284547,0.40213384637280525,0.034067466117706974
530,HON,0.4011413604747771,0.426921937014703,0.41167392861622043,0.02783381668258352
531,HON,0.4033396467589996,0.4371895184631375,0.42183998835168046,0.040119448696973106
532,HON,0.40466531433761466,0.4431205611692887,0.4314365913929349,0.06519933609420205
533,HON,0.4061923657058317,0.44796907732484564,0.4403104662875036,0.0
534,HON,0.40729990101275604,0.45131852448466814,0.44823619503005446,0.0
535,HON,0.4081221559752213,0.45454727836969483,0.45537362028162665,0.0
536,HON,0.4092506610679445,0.45863736918892223,0.4620929769072878,0.0
537,HON,0.41040853400052013,0.4600798019585448,0.4678244482709892,0.0
538,HON,0.41158318614164546,0.45714822893401075,0.4716861260336734,0.0
539,HON,0.4116754802384479,0.45370194364662997,0.4739249401929745,0.0
540,HON,0.41222924481926393,0.4515792442563614,0.47519211864733996,0.0
541,HON,0.4118936299218001,0.44644769502626225,0.4749394176313578,0.0
542,HON,0.4112811286370657,0.43871940790025893,0.4728299495478337,0.051531151373414574
543,HON,0.4108364404342484,0.4274565189109915,0.4683627436169518,0.0343690024188646
544,HON,0.4106686329855167,0.4181190058423022,0.4624845217168435,0.02437272341188325
545,HON,0.4106602426130799,0.4111905604501819,0.45607203434793137,0.031929100400631294
546,HON,0.4115538193260093,0.4135744940176522,0.45153038877180274,0.020854434665454676
547,HON,0.41139440020128326,0.41369737276473245,0.44792739824521155,0.03269499383998152
548,HON,0.4104840391587268,0.41542248630206396,0.44547075625724364,0.05998052285868685
549,HON,0.4098883273246967,0.4187803839570005,0.4443341570387909,0.0
550,HON,0.4087682079954398,0.42655587047540994,0.44534383353721196,0.0
551,HON,0.40813892647794026,0.43283963002608017,0.4477023789546791,0.0
552,HON,0.40770263274442087,0.43798231703734825,0.4508584078235316,0.0
553,HON,0.4057896278288746,0.42480028333184083,0.4501299629797146,0.0
554,HON,0.4039185747755103,0.4147836092072897,0.4470751359878813,0.0
555,HON,0.4024166981093571,0.41232452833436756,0.4440243840509546,0.0
556,HON,0.4004281798418807,0.40668189507277896,0.44019120543091,0.0
557,HON,0.3979110681108975,0.39483709911067866,0.4342014189893657,0.0
558,HON,0.3963336816775689,0.39335700475579977,0.42904430905936664,0.04723688875896336
559,HON,0.39447102514193366,0.3883997605003744,0.42369519503698244,0.043158040522446706
560,HON,0.3930111008500714,0.3906023012439319,0.4199594811869694,0.03075779841684676
561,HON,0.39195391853202777,0.3943193374449805,0.41788825829243254,0.01924879768974106
562,HON,0.3910645411021778,0.39610311200138315,0.4166715076916013,0.02013981992848155
563,HON,0.3904016945101785,0.395458508416915,0.4155390218815023,0.0368347629280402
564,HON,0.390485603355621,0.4036399196948803,0.41665216955185264,0.0851217693869653
565,HON,0.3907373145287196,0.4125874547391227,0.41975089998237447,0.0
566,HON,0.39053594098127187,0.4220333235791757,0.42456108320997726,0.0
567,HON,0.38968011940798375,0.41984967435184084,0.4278703147672767,0.0
568,HON,0.3892186494360783,0.4243632687585932,0.4316316352601902,0.0
569,HON,0.38806916841226213,0.421663903041697,0.43397450006843274,0.0
570,HON,0.38687773552626403,0.4241644637236444,0.43646591929291023,0.0
571,HON,0.3854597625844769,0.4236624304280066,0.438335155063263,0.0
572,HON,0.38431028156066116,0.42676981129026337,0.440597431608902,0.0
573,HON,0.38504863433508296,0.43445651478497516,0.44430429745884953,0.0
574,HON,0.3862065006102582,0.44564334831720176,0.45003065145059346,0.05002807180245515
575,HON,0.38707019942407506,0.4559646338723806,0.45715898252204973,0.05707034692890975
576,HON,0.3891342289950499,0.4740392866013477,0.46732239217349597,0.026607291480854417
577,HON,0.39197856729949176,0.48924088933960014,0.4792048085879973,0.023994707336667472
578,HON,0.39397546723357424,0.4978488491964642,0.4908351483511764,0.02089103100433064
579,HON,0.3971344419438494,0.5133534435107838,0.5039658858433647,0.061134293662171525
580,HON,0.3996515536748326,0.522569277094009,0.5167449030306983,0.0885339944925797
581,HON,0.4020344148378605,0.5286887993332017,0.5284783879532013,0.0
582,HON,0.4048368012801187,0.5357871269090053,0.5396170119157556,0.0
583,HON,0.4074462127410894,0.5354313568528113,0.548440108600743,0.0
584,HON,0.4098794156266288,0.5401591493651534,0.5566653843461413,0.0
585,HON,0.4122958428883723,0.5446466052115359,0.5643530893078019,0.0
586,HON,0.41456124344625644,0.547306316629024,0.5711596583565396,0.0
587,HON,0.4175146545439432,0.5465183402298663,0.5764104444860388,0.0
588,HON,0.4191088253068993,0.5346002807848934,0.5776697487387975,0.0
589,HON,0.42181052523148743,0.5308743857769098,0.5777576576409437,0.0
590,HON,0.4246380771578715,0.5328151174625062,0.5783069488065865,0.06515857610000486
591,HON,0.42809490804121575,0.5380814905471962,0.5800460994528814,0.04008592031464962
592,HON,0.431123827881863,0.539341603216684,0.5817484102342901,0.04308309472666479
593,HON,0.4339429884115944,0.541816417122379,0.5837210320461655,0.04928387319872601
594,HON,0.4362608390393614,0.5417652270663198,0.5852864960149838,0.048054937459705675
595,HON,0.43840089867892784,0.5400828845583059,0.5861236724586457,0.04314708353475929
596,HON,0.43934901486112654,0.5336921041696163,0.5852161971227403,0.11026652215130373
597,HON,0.44032229601534256,0.5293435632646728,0.5834170160852201,0.0
598,HON,0.44148856290510796,0.5244607251584026,0.5807726082871639,0.0
599,HON,0.4415011428305782,0.5154426930008955,0.5764314713769968,0.0
600,HON,0.4422227143480195,0.5138101423894471,0.5725556555385389,0.0
601,HON,0.4428100404185815,0.5099417362068174,0.5685002972366279,0.0
602,HON,0.4433050723923415,0.5083364441629413,0.5648598315793582,0.0
603,HON,0.44422801336036954,0.5065371569518561,0.5615034028837991,0.0
604,HON,0.44488666066928895,0.5073363235739937,0.5590154907346552,0.04180835877911107
605,HON,0.44451328960796754,0.4969097022432286,0.5544519167311712,0.02964237707026804
606,HON,0.4446055816563397,0.4939380165562561,0.5500676585714482,0.0377952524687189
607,HON,0.4446727097569094,0.4890484398467107,0.5453535260179804,0.02974515361477598
608,HON,0.44499616158456545,0.4776044524681647,0.5387578942252095,0.04461707300290273
609,HON,0.4446102065009119,0.46650628387118054,0.5307424095952424,0.05136657741834962
610,HON,0.44398092856816573,0.4605257260037922,0.5228540465143756,0.09259158617298278
611,HON,0.4435865836241839,0.4631893394764817,0.5172007241391523,0.0
612,HON,0.44294891992797103,0.46038494194842006,0.5119859532638596,0.0
613,HON,0.4423532080939405,0.4610714476083925,0.5079835631409927,0.0
614,HON,0.44189802526817745,0.4622019761032441,0.5050606605027322,0.0
615,HON,0.4420658275958331,0.4697229240815286,0.504578475273162,0.0
616,HON,0.44245178267948626,0.4739255576636076,0.5052299185727749,0.0
617,HON,0.4413694246351634,0.46118571265463887,0.5026069354989571,0.0
618,HON,0.44190640232581435,0.4696641036165406,0.5026009786380977,0.073625478765577
619,HON,0.4433159838709493,0.4820627923103683,0.5056561549848773,0.06709401840510963
620,HON,0.44527932897268574,0.5041418773729999,0.5135493171435073,0.05290230881261754
621,HON,0.44744940990151916,0.5214071016414282,0.5241248282808072,0.04603578376866906
622,HON,0.44942114435147573,0.5338821364752272,0.5356640209176595,0.0495012598344443
623,HON,0.4515690776468171,0.5449079909407601,0.5476165074133148,0.062017865149284576
624,HON,0.4538554464541775,0.556955946355421,0.5601518790146667,0.11154761315171614
625,HON,0.45697246930227076,0.5646047495472474,0.5720678672811322,0.0
626,HON,0.45942246010219145,0.567131395752838,0.5822242230646892,0.0
627,HON,0.46272826172113835,0.5758408910270489,0.5924987728175226,0.0
628,HON,0.4666083864842241,0.5808573623914889,0.6019564556881755,0.0
629,HON,0.4707700091643514,0.5848093861957612,0.6104979440770817,0.0
630,HON,0.4746883166770015,0.5863933656431042,0.6177220539488641,0.0
631,HON,0.4777172411266184,0.5830266430990488,0.6226704495305493,0.0
632,HON,0.48224804224238804,0.5919011447963998,0.6288193539813547,0.0
633,HON,0.48652712706398216,0.5972608881167127,0.6350612386192536,0.08077798118816698
634,HON,0.4900510896326504,0.5915666730542097,0.6386494390974802,0.07757503454738218
635,HON,0.49292059803018606,0.584523299132351,0.639781725775596,0.0537591452497733
636,HON,0.4959663022004599,0.5780915020123529,0.6391002158783741,0.04148797645913109
637,HON,0.5004887103832543,0.5733041247176607,0.6373735043009807,0.040269121148783185
638,HON,0.503299490270595,0.5664845507254332,0.6343090941728762,0.049344136631006785
639,HON,0.505773815403856,0.5618135823740936,0.6307047916259851,0.09274805195715906
640,HON,0.5071917903940735,0.5571121432945318,0.6266610551023616,0.0
641,HON,0.5077234093898286,0.5423050611419618,0.6197717431354126,0.0
642,HON,0.5091162142869519,0.5396030362081137,0.6135934456927177,0.0
643,HON,0.5103244299662544,0.5364889016867044,0.6078822530358313,0.0
644,HON,0.5111550814464483,0.5330873779957936,0.6024738178246061,0.0
645,HON,0.5116165519304618,0.5245359951114107,0.5960366259720091,0.0
646,HON,0.5118430919862496,0.5120472739174355,0.5878047110294253,0.0
647,HON,0.5125730574608807,0.5155765207375212,0.5820901816675796,0.062004497624305925
648,HON,0.5133617545183529,0.5179160386943407,0.5780959409197524,0.05153356191070581
649,HON,0.514502840560763,0.5246572424613744,0.576564247760805,0.053553811300511164
650,HON,0.4995772017073583,0.3743756008839678,0.44793642298863257,0.08822456916028715
651,HON,0.494945712537596,0.34861266145704517,0.4289896051353632,0.039160273994816905
652,HON,0.4909938414867683,0.3376481692142445,0.4111261623932502,0.049271601372516106
653,HON,0.48903050048189334,0.3306600185977124,0.39511076336395584,0.022644368174070596
654,HON,0.4856659585742742,0.3303410524188132,0.38221972469050314,0.046937762995096964
655,HON,0.4828048436218215,0.3338612542646379,0.37277566408409796,0.028029727622434476
656,HON,0.47995211238440527,0.3386615251460098,0.3664051013390711,0.055409267595497816
657,HON,0.4773510964169483,0.34371524399650033,0.36255588672716454,0.0
658,HON,0.4736593381780243,0.34523692562464436,0.3598520593705281,0.0
659,HON,0.47035352529270824,0.347547692111443,0.3582592844905271,0.0
660,HON,0.46810490650391223,0.3552152760747033,0.3588773905836953,0.0
661,HON,0.4663680932642418,0.3613340719157572,0.3608819673590003,0.0
662,HON,0.4636580050156476,0.36547481542639093,0.36350754606509683,0.0
663,HON,0.4616946604260197,0.37248572936479024,0.36733827175329303,0.0
664,HON,0.4594628213578811,0.3712421887355403,0.37009595194611794,0.0
665,HON,0.45742395675892356,0.37645060318647605,0.3735875098782723,0.058674669066100874
666,HON,0.45589690641492187,0.384669295479816,0.3784090933330434,0.053744243746518414
667,HON,0.4546677224861435,0.39818059694932234,0.38560088987166885,0.05098461682756638
668,HON,0.4544411844787857,0.4153866076067827,0.3956006948542223,0.04051565337174999
669,HON,0.4547935765363693,0.427200788628195,0.406516226753068,0.03454562906038571
670,HON,0.45596823635911043,0.42393502568604624,0.4144426763420953,0.047997741983977375
671,HON,0.4566394687145774,0.4151455657847451,0.4186146359690786,0.08071355410056498
672,HON,0.4566143032304515,0.4084818658302742,0.42030763183139996,0.0
673,HON,0.45733586911470825,0.4128908806164205,0.4227501539779465,0.0
674,HON,0.45716806422651457,0.41004178034367933,0.4240010262793027,0.0
675,HON,0.4573862118614356,0.4152377421622847,0.4262840646433943,0.0
676,HON,0.457461729822334,0.41873606519954887,0.42897386607330323,0.0
677,HON,0.45607731837029375,0.4045843118572917,0.42763311673717896,0.0
678,HON,0.45567458049333665,0.40197980418826157,0.4259177362311827,0.0
679,HON,0.4564800562472513,0.41470592515139576,0.4276861825057453,0.0
680,HON,0.45718484753192623,0.4285771206041669,0.4325242895523224,0.0
681,HON,0.459114635752885,0.4532135984767419,0.44247494956789396,0.13549016522699153
682,HON,0.46132130933689774,0.4740913576042759,0.45558801670466587,0.062120203414285015
683,HON,0.4639097453788841,0.4974942777653707,0.471854208174858,0.06433198094886637
684,HON,0.4671819952381311,0.5157593007178934,0.48937488867914547,0.06588721578121788
685,HON,0.470236090292949,0.5320242235797861,0.507405544505546,0.04795413317298147
686,HON,0.4732062893050166,0.5461399024873668,0.5253137566349089,0.0640166388432226
687,HON,0.4756436914736364,0.5561275374567707,0.5421052307194137,0.11071948402230142
688,HON,0.47758186545806236,0.5628663454461791,0.5572015181589517,0.0
689,HON,0.4796878525244055,0.5667844967479619,0.5702455306183358,0.0
690,HON,0.48309434168523824,0.5711283492370094,0.5817527842742172,0.0
691,HON,0.4870545984995336,0.5731752262232341,0.5914637474361756,0.0
692,HON,0.49047787045367075,0.5668473843795455,0.5976708344309859,0.0
693,HON,0.49368299272445526,0.5671338011264698,0.6027071904202048,0.0
694,HON,0.4972489010100145,0.5635655671107858,0.6058556507509654,0.0
695,HON,0.5005379270051651,0.5631726622757772,0.6082774518304395,0.0
696,HON,0.5038605124416318,0.5610034282050551,0.6096795352664846,0.08396273922939067
697,HON,0.5087940560433277,0.5598497678722733,0.610516483719429,0.07122984297760085
698,HON,0.5128172411630052,0.5548887986728979,0.6099616971036165,0.08119631897807243
699,HON,0.5160852917391718,0.5550918953561188,0.6095679911790886,0.04917539902062061
700,HON,0.5188834758257039,0.5519926219789232,0.6084881394017627,0.05495499088597764
701,HON,0.520628674828842,0.549468496835608,0.6070013149965986,0.05826224804954662
702,HON,0.5225416787201733,0.5499550132390091,0.6059319255809417,0.10482528206573404
703,HON,0.524056134799689,0.5518019973430922,0.605532241601562,0.0
704,HON,0.5257425950504788,0.5545946120123365,0.6059016994354418,0.0
705,HON,0.5269927651525026,0.5531328201194288,0.6058365018928951,0.0
706,HON,0.5281590223122223,0.552126692320604,0.6055360359434422,0.0
707,HON,0.5300048996393079,0.5582393384851706,0.6068042373715419,0.0
708,HON,0.5313221881118548,0.5556642147241052,0.6071832692961687,0.0
709,HON,0.5327233803087688,0.5533598937225315,0.6069177985479659,0.0
710,HON,0.5343930644236536,0.5561581915241549,0.6073960295388616,0.0
711,HON,0.5359033340227821,0.5552786792174409,0.6075615545627122,0.10373440437157512
712,HON,0.5380009240592885,0.5538108095933831,0.6073317108148266,0.05076416223529561
713,HON,0.5386008326158596,0.5403339077044966,0.6038217957069042,0.05089564608754458
714,HON,0.539733538015879,0.532591550558511,0.5991030839307815,0.051507922559517264
715,HON,0.5409325188571601,0.5300654277668941,0.5947046785157655,0.07063685080395801
716,HON,0.541968730365189,0.5246763828656806,0.5898559616052115,0.0463105850198694
717,HON,0.5422288298622928,0.5122316298462017,0.5829056777683389,0.09491205702542328
718,HON,0.5426861036237653,0.5012998523148366,0.5746475360862339,0.0
719,HON,0.54211136259975,0.4852255646913449,0.5640739592559301,0.0
720,HON,0.5419058035961295,0.47453746431649724,0.5529773216295232,0.0
721,HON,0.5420232647133809,0.4707721124114674,0.5431707392396926,0.0
722,HON,0.5426021958025378,0.47664278313569847,0.5367743290411157,0.0
723,HON,0.5427700032512699,0.4786794519739252,0.5321598417934809,0.0
724,HON,0.542560243940355,0.4779868709118672,0.5282973260354932,0.0
725,HON,0.5423504846294396,0.4746675352534119,0.5243881159883026,0.0
726,HON,0.5415869607377073,0.46654849026330997,0.5192570033576546,0.0
727,HON,0.5398585481126279,0.456647677450424,0.5127086361984732,0.06643725656312606
728,HON,0.5384909194538907,0.4469526879277596,0.5050772616992022,0.056549670874003845
729,HON,0.5376602710463434,0.44666218939933383,0.49890046834069346,0.04548881094331336
730,HON,0.5364310763633036,0.4475388666685001,0.49417539374795516,0.048331272689182254
731,HON,0.5352564165405624,0.44703685784929503,0.49027144050521126,0.047496131087647574
732,HON,0.5345935827512549,0.4531538574880213,0.48865792651695245,0.04978526495530206
733,HON,0.5345977820343348,0.4546584888448584,0.4877384517272693,0.08099602524314652
734,HON,0.5342705523882301,0.4557089153577331,0.48726211253872315,0.0
735,HON,0.5338099243213708,0.45936960114482683,0.48778448233904637,0.0
736,HON,0.5331009393868014,0.45669503093522473,0.4875423060153567,0.0
737,HON,0.5337889473660646,0.4636799944946404,0.4890724232403305,0.0
738,HON,0.5343762734366275,0.4673330241369933,0.49119806866862226,0.0
739,HON,0.535777465633541,0.4727017795522519,0.4942235702339042,0.0
740,HON,0.5363228398419206,0.4688310458158351,0.49568869142494776,0.0
741,HON,0.5359704441995827,0.45985016043059096,0.49464434536606927,0.0
742,HON,0.5329079572360045,0.4296950864486149,0.4863667288937505,0.06536062295296077
743,HON,0.5302985483355731,0.4094019863634677,0.47473638787168804,0.04250566147553809
744,HON,0.5277226978522411,0.39240109937677115,0.4612363709221172,0.04548596212651464
745,HON,0.5262543826758352,0.3903835459210428,0.4499384340435577,0.05876473550489142
746,HON,0.5249517737702973,0.38620544156656894,0.4398689467629251,0.04262947543640586
747,HON,0.5238694085564668,0.3829136249762487,0.4310009510825949,0.048221702812308115
748,HON,0.5225940683613484,0.37695374861261816,0.4224356832655999,0.07749088488194283
749,HON,0.5206810649821247,0.37284293006905156,0.4145689370764021,0.0
750,HON,0.5185625010629575,0.3691356709888575,0.40736060488999365,0.0
751,HON,0.5166495012684873,0.36836783842370036,0.40140444144100706,0.0
752,HON,0.5141911195840225,0.36872049504909143,0.3967265447858458,0.0
753,HON,0.5111621941101911,0.35992081864821124,0.39081250603031814,0.0
754,HON,0.5081668311503216,0.3543747900977643,0.384712539573198,0.0
755,HON,0.5049029762724806,0.35084550318567964,0.3789615539207516,0.0
756,HON,0.5026543564594692,0.3557860798498923,0.3755800779889785,0.0
757,HON,0.5003386141790727,0.36909313850134995,0.37615902078921204,0.0685800050752767
758,HON,0.49855985675883474,0.385130531048882,0.3805801329715505,0.03783798472069981
759,HON,0.49671397840753384,0.40034478599114665,0.3878718339190666,0.043109610636868335
760,HON,0.49607664143602825,0.4193109878965791,0.39838596988673847,0.051959788731746205
761,HON,0.4962276671156727,0.43811399328412004,0.41143777768771994,0.03632263332353048
762,HON,0.49856018962883475,0.455784625317571,0.4262402581921703,0.051790393702098786
763,HON,0.50031377439544,0.4658148912579858,0.4405576681128835,0.07918877969398448
764,HON,0.5012870637433795,0.46269681757198255,0.4512420691782277,0.0
765,HON,0.4949691132986116,0.3844900044203496,0.44048849252812206,0.0
766,HON,0.4960284014034877,0.4079691190336144,0.4376801734244754,0.0
767,HON,0.49734569294868125,0.4291505668004633,0.440661006286317,0.0
768,HON,0.4990237689723265,0.4461065415762731,0.4472303325716053,0.0
769,HON,0.5011968754334086,0.4650185367037225,0.45715319081511085,0.0
770,HON,0.5024050890642799,0.46688270109319396,0.4655515449819297,0.0
771,HON,0.5035126182259129,0.4681747870970624,0.4725891094580516,0.0
772,HON,0.5042593613727706,0.464735362847062,0.47737032626195086,0.0
773,HON,0.5054445071126263,0.45705737929759,0.4793004071357655,0.12606540269778568
774,HON,0.5062751580807126,0.4470890582463094,0.4783843340438454,0.0820209418714272
775,HON,0.505914365920646,0.4249420902799367,0.4721857012870346,0.11623545076389927
776,HON,0.5045467347013717,0.4025395204911843,0.46169793939278236,0.06821776706233079
777,HON,0.5028099214617008,0.3895231713858314,0.45009535216905555,0.06189974882201425
778,HON,0.5010311666020013,0.38420776565385545,0.4395014636346075,0.06945831720829979
779,HON,0.4993614778781468,0.38399353281892445,0.43097348108566597,0.13163177158274564
780,HON,0.49746492237379547,0.3883740929646431,0.42523219802309903,0.0
781,HON,0.4951323998606334,0.39094409172481004,0.4212734359632183,0.0
782,HON,0.4932445681108266,0.40169538520022136,0.4207597982567492,0.0
783,HON,0.49115537151940325,0.4045385059508971,0.4210505577877094,0.0
784,HON,0.490265992041123,0.41068320888337323,0.4227996510694617,0.0
785,HON,0.494931039115877,0.40604252214662917,0.42305362461974827,0.0
786,HON,0.49248105036438794,0.4027330117689441,0.42244003085525583,0.0
787,HON,0.4894101740525887,0.3956399697194414,0.4201986242637534,0.0
788,HON,0.4873293637367402,0.4025392446937694,0.42010820970856844,0.07349136523628305
789,HON,0.4840487342593178,0.3998731037994971,0.4193778862184203,0.05351896807966519
790,HON,0.48222802702532785,0.4028465316489734,0.41952745634128086,0.04994479869603081
791,HON,0.4807597138973514,0.40990674430609914,0.4213895418698355,0.03684615819523511
792,HON,0.47925783825541446,0.41125344192347363,0.4232115693413566,0.05091493038587443
793,HON,0.47831600819514364,0.41456083000208765,0.4254854401492191,0.058105563125616606
794,HON,0.4775608669942333,0.4158923490483828,0.4276331498396053,0.10124563418825595
795,HON,0.4780475147408483,0.41764605700255275,0.42978412500152585,0.0
796,HON,0.4788949428690539,0.4183207431022635,0.4316714146929437,0.0
797,HON,0.4794067612208712,0.41923431429781455,0.4334067117989048,0.0
798,HON,0.4795829534088556,0.4205231735348809,0.43511303427448633,0.0
799,HON,0.48026257460043675,0.43102560298442316,0.4390700456494016,0.0
800,HON,0.4798766174683524,0.43065922860894457,0.44214523516492016,0.0
801,HON,0.4802122323658162,0.4375653893696725,0.4463097968771492,0.0
802,HON,0.4794235373567757,0.4378805896753248,0.44971923629599614,0.0
803,HON,0.4795326121984518,0.4427567227096034,0.45365019601683765,0.0
804,HON,0.4788362112862128,0.44052886206042596,0.45624513758427615,0.0
805,HON,0.48134946838259296,0.4669628554267928,0.46484488413424474,0.09854868123887592
806,HON,0.48421058384715376,0.4914209804731895,0.47776083905949246,0.06329260109683829
807,HON,0.4879107411643453,0.5149994948539677,0.49391267664155264,0.04531700537637472
808,HON,0.49051174893807836,0.5315645751684444,0.5109223356692619,0.044187120806048606
809,HON,0.49342319639510546,0.5386738968789107,0.5262846122200595,0.04263561134951081
810,HON,0.4958396149510178,0.5418675404462853,0.5393626106462612,0.05200142528495838
811,HON,0.49775261884235,0.5415599400188837,0.549749094954684,0.09847855651767647
812,HON,0.5003200717837366,0.5433768116334066,0.5585066783245911,0.0
813,HON,0.5027365041665566,0.543760117137918,0.5656073431331061,0.0
814,HON,0.5052955713444764,0.5430158901573356,0.5711042030345049,0.0
815,HON,0.507594533392107,0.5386172120955133,0.5744161165570328,0.0
816,HON,0.5102207199647668,0.5369645633014289,0.5766577809216559,0.0
817,HON,0.5127797835579324,0.5339085039539582,0.5776968904081151,0.0
818,HON,0.5153724086408449,0.5311775022623946,0.5778541787917933,0.0
819,HON,0.5177217129230955,0.5343906429161587,0.5787729984794648,0.0
820,HON,0.5202136535367687,0.5288229147015158,0.5781339633952238,0.0
821,HON,0.5228314533217446,0.5320243467774145,0.5784128346830416,0.1424791893932853
822,HON,0.5257974489538708,0.5324801442383038,0.5787484205218718,0.05065459235842147
823,HON,0.5284572016252453,0.5327651145898264,0.5790872186222834,0.0473464586358375
824,HON,0.5315448627787793,0.5309771761945092,0.5789170017706844,0.042446055462518555
825,HON,0.5323961393962953,0.5302656989930012,0.5786052388454217,0.04585806142837921
826,HON,0.5331009276083241,0.5310014535731192,0.5785374094994549,0.06836787779364836
827,HON,0.5328575996381546,0.5243255363493832,0.5768355590150976,0.20755208184957458
828,HON,0.5324045251597624,0.5145991436857899,0.5730736476986279,0.0
829,HON,0.5326646323384816,0.5097409541770572,0.5688651388428704,0.0
830,HON,0.5330338138467692,0.5051785563423429,0.5643723520398255,0.0
831,HON,0.5335624062860607,0.50109843568055,0.5597711667639885,0.0
832,HON,0.5334029892097649,0.49228066564307893,0.5539140316819924,0.0
833,HON,0.5336630907552995,0.489877739750797,0.5486352920751664,0.0
834,HON,0.5340154863976374,0.4886565734495351,0.54411092191771,0.0
835,HON,0.5348218850925197,0.4898751613704514,0.540792167930812,0.0
836,HON,0.5350903770104916,0.48681482030242706,0.5373818860262543,0.0
837,HON,0.5356735114795894,0.48695001300895235,0.5346870254679493,0.06509217675461913
838,HON,0.5363783078853421,0.4886938412523771,0.5329615061617599,0.046324171684601796
839,HON,0.5364370461255827,0.48825332390541915,0.5314723729731425,0.04144239539035145
840,HON,0.5372676960694531,0.48948156164109796,0.5305841900931555,0.032983600895668
841,HON,0.5375361045138711,0.49180374189053333,0.5304467476608906,0.03252735192836409
842,HON,0.5376241998397013,0.4898956784668629,0.5298658920545087,0.04453445731573962
843,HON,0.537917855193367,0.49124596131108567,0.5297344514362976,0.0649648565576914
844,HON,0.5388575728094058,0.49840959384581335,0.5313972519429068,0.0
845,HON,0.5391596318503087,0.4975382513279191,0.5325124488472751,0.0
846,HON,0.5392099786938975,0.4955436292278689,0.5329123424095874,0.0
847,HON,0.5399483355651808,0.4952726749948864,0.5331653869464974,0.0
848,HON,0.5411313780787426,0.49615672217036744,0.5335860015305569,0.0
849,HON,0.5418529501082912,0.49436191877771435,0.5334795436147288,0.0
850,HON,0.54244866655129,0.4908858312806095,0.5325364941769416,0.0
851,HON,0.5427255488416987,0.48404745850783026,0.5300943743041658,0.0
852,HON,0.54346390161612,0.4787227844624853,0.5268265722715048,0.0
853,HON,0.5437743453962747,0.4741483907055207,0.5230833903860884,0.0
854,HON,0.5438079114949903,0.4681293543314862,0.518603373174665,0.07602199111256815
855,HON,0.5444278735537935,0.47276069598123127,0.5161623541542735,0.03980454487083684
856,HON,0.5452753016819982,0.4752604261163847,0.514826461340548,0.03201829028040685
857,HON,0.5458416543820075,0.47655797964566887,0.5140779775934589,0.025806773960411963
858,HON,0.5465044881713155,0.48047241615798025,0.5144452563098387,0.02820942222050806
859,HON,0.5470666415882448,0.4806350272205152,0.5147792109779507,0.04950016413567555
860,HON,0.5475113303031702,0.4810328567624918,0.5151445572935938,0.08269633059247938
861,HON,0.5477966828548149,0.48091555614114356,0.5154078850686924,0.0
862,HON,0.5483504520446005,0.48039602450635266,0.5154903291664036,0.0
863,HON,0.5489126100704995,0.4830416975806349,0.5162092249226244,0.0
864,HON,0.5487028507595846,0.48218092912393756,0.5165719076584767,0.0
865,HON,0.5495922302378649,0.48821187141916256,0.5183504638792318,0.0
866,HON,0.5503641445020326,0.4903415369009547,0.5202989009296598,0.0
867,HON,0.5503725348744695,0.48432764703037384,0.520373449001328,0.0
868,HON,0.5495418880032448,0.4709100517881907,0.5171216839686016,0.0
869,HON,0.5486944578266089,0.4579994005245345,0.5113339799965267,0.0867304743192314
870,HON,0.5473855643354666,0.4407689813092315,0.5024514251424964,0.05833083879246983
871,HON,0.546017936188838,0.4230306461993052,0.49096763817411687,0.06962354858262598
872,HON,0.5449943107515716,0.4139314712598795,0.47953497224601055,0.08346244317158336
873,HON,0.5440545859660251,0.40813086575613805,0.46895727557848116,0.0637442481293135
874,HON,0.5436243258853408,0.40793110038977964,0.46044581703068477,0.11873627363367459
875,HON,0.5425503592376706,0.4101918192874589,0.4541945856728895,0.13385976545910436
876,HON,0.541405576310312,0.4107094092203059,0.44932133950552167,0.0
877,HON,0.54028965063095,0.4115310474630285,0.4456255192760525,0.0
878,HON,0.5378732238813146,0.40042701462079433,0.43992843662679226,0.0
879,HON,0.5355826481092594,0.3912242005795273,0.4330995564794914,0.0
880,HON,0.537109693844291,0.4304708883131671,0.4373223622723867,0.0
881,HON,0.5382088326334871,0.45630422655266256,0.4470761611593196,0.0
882,HON,0.5384605438065844,0.46637067272973787,0.45736355490929204,0.0
883,HON,0.5342569672158439,0.4247580851821847,0.4553236663305914,0.0
884,HON,0.5306910589302847,0.39743070204366043,0.4469474775053142,0.0
885,HON,0.52988558317637,0.41635107758165385,0.44491599190882936,0.0
886,HON,0.5201107962150728,0.32327940556705237,0.420321124143208,0.3446266274961661
887,HON,0.5107974858830833,0.2500412944686397,0.38257038624081485,0.18903323867956903
888,HON,0.5022728628785189,0.19595629470946235,0.3390218558648267,0.14234091220867012
889,HON,0.49394961495772494,0.15669962674582222,0.294494658576433,0.10619052273158579
890,HON,0.48540400987677623,0.11963057760976514,0.24972442246277887,0.14474399874827373
891,HON,0.47642631393014234,0.08489664646182732,0.20533605213764333,0.1523586669115188
892,HON,0.46691246683467424,0.059991834812749834,0.16367895790341874,0.2234765294749543
893,HON,0.4579012099104016,0.05178770275314004,0.12832853880863443,0.0
894,HON,0.4484811681415368,0.04892925753151656,0.09934275182464442,0.0
895,HON,0.43910912366616683,0.05376602574684952,0.07734781535904217,0.0
896,HON,0.430302924371599,0.06705841774375426,0.0630323700663783,0.0
897,HON,0.4215014236855952,0.08186064541554444,0.0552331385157927,0.0
898,HON,0.41385779439584436,0.099166144582853,0.05326467435361931,0.0
899,HON,0.4057526946220791,0.1101948766034358,0.05441174557798367,0.0
900,HON,0.39440891108778287,0.13017718873722856,0.06026094930225251,0.0
901,HON,0.38358533064455624,0.15049419670441505,0.06995446048600634,0.0
902,HON,0.3735420548379347,0.16895578289180108,0.08226550770294722,0.0
903,HON,0.3670311304360947,0.17910232000462373,0.09461846620759806,0.13562427875628547
904,HON,0.36013424326898624,0.19056000316467914,0.10732853881995258,0.07446960509701536
905,HON,0.3498308669410455,0.20192176438885434,0.12030062960659615,0.059834137503183005
906,HON,0.3480353277517181,0.20603071372184742,0.13169237285856483,0.0548077289714588
907,HON,0.34617266404657565,0.2094732616374684,0.14165537314407406,0.07447968552568777
908,HON,0.3436723366452199,0.20838360954835858,0.14935685202959537,0.08325469868502999
909,HON,0.34078604647859523,0.20593944095337985,0.15491482507915877,0.19794893956081763
910,HON,0.3387681680528831,0.20742541638149592,0.15972793571858102,0.0
911,HON,0.33750960706631483,0.21088163261176726,0.16443140319399036,0.0
912,HON,0.3364264137743458,0.21653698219440512,0.16958989257692486,0.0
913,HON,0.334958098597939,0.22593550450238065,0.17603619805058918,0.0
914,HON,0.3337834464568137,0.23835814474836284,0.1842590954027113,0.0
915,HON,0.33265074617787116,0.2535048856694779,0.19457556232258705,0.0
916,HON,0.33050281083409905,0.260587090775373,0.20457659292837888,0.0
917,HON,0.3282793621383977,0.2674249095464124,0.21426496101036557,0.0
918,HON,0.32642508982990703,0.2807436400180521,0.22530265957549078,0.0
919,HON,0.3240170488437384,0.2800277597179746,0.23395614231824685,0.10395442068433838
920,HON,0.32078675494353615,0.27914469479191173,0.2406609919727563,0.07458246207019573
921,HON,0.31770748672297744,0.28320338340007745,0.24702653819319614,0.06904041769790183
922,HON,0.3144184622641495,0.284932920768446,0.25254581738489523,0.052758333994404924
923,HON,0.3115321720975248,0.28541350574615487,0.2570798469969568,0.06139222115233325
924,HON,0.3086668655436071,0.2883348899106297,0.2614280554490348,0.07612323367879985
925,HON,0.30604907344024657,0.29482284741040116,0.266507821585125,0.14295844803473276
926,HON,0.30417802294742113,0.302889529338196,0.2725624561134281,0.0
927,HON,0.3023992619424294,0.3094209675216625,0.27901809395198973,0.0
928,HON,0.301484712371054,0.31983714602888813,0.2867532712640899,0.0
929,HON,0.3006540685724759,0.32613010764699624,0.29449448836226977,0.0
930,HON,0.29979825058394205,0.3327938748208464,0.3023320504695261,0.0
931,HON,0.2988753096159149,0.33808391142806343,0.3099076579223903,0.0
932,HON,0.2979188071581409,0.3433293394049768,0.3172626924379877,0.0
933,HON,0.2967861068791988,0.3488771174866241,0.32451588727976877,0.0
934,HON,0.2953513531925389,0.3533080572704382,0.33141197960287294,0.0
935,HON,0.2932130667770685,0.3525598005695214,0.33674418699868885,0.0
936,HON,0.2922229982205793,0.35964476599294704,0.34275849121945845,0.10248245895841121
937,HON,0.29093507809999064,0.36183190679168253,0.3481097113253212,0.06020032003169637
938,HON,0.28904724635018386,0.36333333190449024,0.35276123252401104,0.06908424564865148
939,HON,0.28845153707669224,0.3677052050167738,0.3575614085379064,0.10506677407436464
940,HON,0.28833407237468744,0.37546736476722703,0.36331721623449054,0.11743677489394731
941,HON,0.28788518437668253,0.38128050706726735,0.36935652034298716,0.09266236831344347
942,HON,0.2873733711459421,0.3825224396107883,0.3744944671190316,0.15859319290565727
943,HON,0.28705453443281215,0.38379203436089954,0.3789181549400319,0.0
944,HON,0.28663920638823104,0.3850688455815746,0.3827722165901912,0.0
945,HON,0.28602670407928166,0.38683310623110234,0.3862908776787297,0.0
946,HON,0.284726196351607,0.38201032141126895,0.38791556446847575,0.0
947,HON,0.2833082234098203,0.3761517441363132,0.3877694427970746,0.0
948,HON,0.2816637104122446,0.37341991219180926,0.3869783413516906,0.0
949,HON,0.28053101013330206,0.374856518066885,0.38670000820661066,0.0
950,HON,0.2794318713441064,0.3775572382350114,0.38714386754924124,0.0
951,HON,0.27859283410044533,0.38230954522059923,0.3886718034849271,0.0
952,HON,0.2778125294638407,0.3873245637100108,0.3911318367386953,0.0
953,HON,0.2773912440704702,0.396438124280364,0.3953490500055519,0.08948637586236971
954,HON,0.2784819945356607,0.4210101479484538,0.40478708798317437,0.08211692508356894
955,HON,0.27971412687326946,0.4369431436006937,0.4162697116128432,0.048320753981002336
956,HON,0.2799994092661602,0.44493334471230683,0.42742775700696745,0.036467265561004346
957,HON,0.28002877864233433,0.44382997643988503,0.4360818868856683,0.04678633742525691
958,HON,0.2792149114917679,0.4318423122843036,0.44004668800135815,0.0820899708938579
959,HON,0.27855206489976814,0.42665185458051863,0.4419375467622318,0.12455596807396756
960,HON,0.2784094285683456,0.43240517890900854,0.4448701289098837,0.0
961,HON,0.2779605482519565,0.43237231165905504,0.4472080831352794,0.0
962,HON,0.27794376648286745,0.4335640922125159,0.4493725727142839,0.0
963,HON,0.27817869691109287,0.43719081128091203,0.45199922269187165,0.0
964,HON,0.27731448855012175,0.42670157263461395,0.45151184471171435,0.0
965,HON,0.27706277737702356,0.4260196235048166,0.45095364028182733,0.0
966,HON,0.27730609817768537,0.42469060600310216,0.45017908106402127,0.0
967,HON,0.2774990767437271,0.4204873105404247,0.4485220788572869,0.0
968,HON,0.277851472386065,0.42043321819644175,0.4471831273393232,0.0
969,HON,0.27639154297312585,0.4019897999625859,0.44156021162603604,0.09516253376395756
970,HON,0.27502391431438866,0.3898978315617283,0.43407763443917124,0.06372912748630485
971,HON,0.2730689560003361,0.3759709045683789,0.4246544683636663,0.05233013491558079
972,HON,0.27154190463211947,0.371486136319193,0.41600911442508737,0.04446192205724894
973,HON,0.2697649165439593,0.37038025673517494,0.4088199050569694,0.05874632776557656
974,HON,0.2661067136494899,0.3649852912754149,0.4017370838161255,0.04609144526612113
975,HON,0.26249045237504953,0.3585745614233221,0.3944886868927928,0.08076592850171083
976,HON,0.259053666800213,0.35207551901291645,0.38708603427251,0.0
977,HON,0.2564526462237873,0.3505665942507326,0.3807915161818043,0.0
978,HON,0.2550984390883029,0.3540754701734166,0.37662187685358134,0.0
979,HON,0.25352105316708196,0.35927190774859236,0.37456862332863866,0.0
980,HON,0.25165000011371763,0.37045650478527764,0.3756863298632078,0.0
981,HON,0.249359428438523,0.3704214154304503,0.3765718351924281,0.0
982,HON,0.24688426856972345,0.3701335254997172,0.3772091894871492,0.0
983,HON,0.24502999626123279,0.3806697356387301,0.3803193632429572,0.0
984,HON,0.2437043128072789,0.38249193649658864,0.3832572134045875,0.0832029817031454
985,HON,0.24200098475330867,0.38749148015334556,0.3868413589184764,0.04434753110579234
986,HON,0.2409773639250119,0.39909467791679504,0.3925722935023102,0.06297769727070202
987,HON,0.23978593308744411,0.4033297369180808,0.3982022351034872,0.039495119538544274
988,HON,0.237142965769912,0.3929088211443575,0.40013435220664256,0.05424563550309447
989,HON,0.23594734793984884,0.38378097619054335,0.3994273339023148,0.05976708073853603
990,HON,0.23430282930908897,0.3738839512213605,0.3964191770273551,0.09174680242228318
991,HON,0.23320369205621638,0.3683117871443704,0.3926374659416926,0.0
992,HON,0.23133264258760633,0.36132731354560377,0.38788835970937013,0.0
993,HON,0.22962939288611306,0.3603640387473806,0.38385134274016125,0.0
994,HON,0.22851347181572068,0.36214382067086365,0.38106097151534896,0.0
995,HON,0.2282785459964649,0.37181005292154007,0.38121425813918375,0.0
996,HON,0.22796482997105993,0.3768238967586679,0.3825742820444541,0.0
997,HON,0.22737750390049705,0.3808158378093591,0.3846474946618991,0.0
998,HON,0.2270284644071343,0.39110903374783246,0.3888463802400623,0.0
999,HON,0.22587897928645706,0.3917284556657564,0.39235835930748225,0.10880924278887769
1000,HON,0.22416046621518415,0.39222484280368985,0.3952904487237599,0.09207375893487561
1001,HON,0.22269214694191586,0.38652785136559753,0.39623012782740563,0.061598431660610374
1002,HON,0.22149232982877276,0.38479718506152527,0.39655475027860876,0.04361100239344439
1003,HON,0.2194786373713402,0.38440668510870296,0.39671807456878266,0.06251903776610689
1004,HON,0.21843404009984413,0.38909116557338713,0.39800484317547113,0.06982230833927568
1005,HON,0.2172091297097607,0.39412468825526387,0.4002765093193533,0.10640286915296787
1006,HON,0.21553944098590616,0.400416599281211,0.40364665820143447,0.0
1007,HON,0.21433122530660365,0.40593516600382523,0.4077047353014758,0.0
1008,HON,0.21430437611480624,0.4104672850685648,0.4120697040326955,0.0
1009,HON,0.21431695604027645,0.4133211829880517,0.41626600847166734,0.0
1010,HON,0.21462740340518538,0.41599908891549303,0.420283947427284,0.0
1011,HON,0.21457706117056485,0.4155305156077295,0.42338265676038567,0.0
1012,HON,0.2141994944109178,0.4081349773953903,0.4240364379244641,0.0
1013,HON,0.21352826461598928,0.40284180037730244,0.4232531300490775,0.0
1014,HON,0.21268083699989182,0.398660478283672,0.4215945518471122,0.0
1015,HON,0.21019729034340884,0.3838827319484655,0.416620606488185,0.10045957989156089
1016,HON,0.20806613267186425,0.37377695821297624,0.4101473896921782,0.09272109776744801
1017,HON,0.20601049654597148,0.3668512878265436,0.4032595912657453,0.05310961501966341
1018,HON,0.2034598182041658,0.3628929351441936,0.39677244849294235,0.058785992061005
1019,HON,0.20163492244135695,0.3612551333260299,0.39117853198965535,0.06822390297543575
1020,HON,0.2000937727483607,0.3636874062096622,0.38730367303664076,0.09445646547738061
1021,HON,0.19903659043031707,0.36555832191627,0.3846655196416179,0.12707936233837894
1022,HON,0.1980968625721249,0.37138553830271015,0.3839931282994492,0.0
1023,HON,0.19688865201389927,0.373892790005411,0.38407399391808994,0.0
1024,HON,0.1958692222749585,0.38320093213625056,0.38643589495012853,0.0
1025,HON,0.19424148848593337,0.38472706491112674,0.38870205863208396,0.0
1026,HON,0.19310039783455402,0.39413574870930695,0.39283701135605337,0.0
1027,HON,0.19195091681073873,0.40206853885542415,0.3981027512518489,0.0
1028,HON,0.19080311386141036,0.4085560614775965,0.4039164352170346,0.0
1029,HON,0.1894606542715529,0.4106607053658337,0.4090867992437721,0.0
1030,HON,0.18817608845635103,0.413466867715709,0.41391563899053735,0.07844238969271786
1031,HON,0.18699304543068163,0.4143287863992018,0.4179914285279879,0.06821667136356205
1032,HON,0.18643928033775747,0.41543454217410225,0.42152495581965743,0.06165102520150996
1033,HON,0.1868839716132209,0.42853179752419157,0.42758412266666246,0.09851077006147746
1034,HON,0.18796212935024847,0.44596091699020596,0.4367328861685529,0.08267529317611955
1035,HON,0.19012600199752372,0.4604208363124933,0.44762054145855634,0.056305549188328266
1036,HON,0.19172018044209516,0.46560960005043794,0.4576112297589186,0.12242614880728805
1037,HON,0.19348215353270604,0.47160553630480195,0.46708355109436717,0.0
1038,HON,0.19507632941673902,0.4745919058613213,0.4753984310340808,0.0
1039,HON,0.1970354752353951,0.48144028037208847,0.4837404836933416,0.0
1040,HON,0.19833179084949748,0.4813094770032432,0.4903818441246424,0.0
1041,HON,0.2003706508394858,0.48861714482169133,0.49749843274536126,0.0
1042,HON,0.2020655060716816,0.49323151349520095,0.5043305095348022,0.0
1043,HON,0.20357577311027075,0.4912160476256805,0.5092987628545461,0.0
1044,HON,0.20480076748601572,0.49226857971411697,0.5135331258003293,0.0
1045,HON,0.20654596495283029,0.49223839685965426,0.51691316716123,0.0
1046,HON,0.20798072376056798,0.49552964447514014,0.5204294656852881,0.07831200153923763
1047,HON,0.20898337070620387,0.49240163028211714,0.522470524359898,0.07696056667787202
1048,HON,0.2094700061622352,0.48308874474107044,0.5218049921096841,0.060686372005510046
1049,HON,0.21020836303351853,0.4749429736596692,0.5192622258348363,0.05000199417175911
1050,HON,0.2113335148450708,0.473561918726071,0.5168871745317533,0.07192451599698288
1051,HON,0.21213899623217003,0.4666762859671759,0.513287789610035,0.09242394426136535
1052,HON,0.21284378444419882,0.45992413657264464,0.5087418809006226,0.096884972228419
1053,HON,0.21232357981680616,0.45186462298447855,0.5031161014283531,0.0
1054,HON,0.21200894597151043,0.45488419961710996,0.4993606960822192,0.0
1055,HON,0.21139728864025376,0.4544387202897462,0.4962464294667071,0.0
1056,HON,0.21129659956204483,0.45406306812006175,0.493662306871081,0.0
1057,HON,0.21117913434793234,0.45563251977962604,0.4919823425611126,0.0
1058,HON,0.21092742317483415,0.4537445671552643,0.4901724327093823,0.0
1059,HON,0.21031492598696166,0.45274302872025185,0.4884773295473857,0.0
1060,HON,0.20984674320499952,0.44849647328912495,0.4860732158153594,0.0
1061,HON,0.21096685792528636,0.47174514801028716,0.48988759549436794,0.11090991646830867
1062,HON,0.21110110798113357,0.47737709922305216,0.49432904002541217,0.08085205042493389
1063,HON,0.21187721743152022,0.48393360787361495,0.4995003131471765,0.05538581964184675
1064,HON,0.2124477648056402,0.48935299375183333,0.5049748122428028,0.047433676257829314
1065,HON,0.21313576971225778,0.4941670392104407,0.5105424967644772,0.05144743998748274
1066,HON,0.21385314297083413,0.5015791100421813,0.5168259108619709,0.06519889781469454
1067,HON,0.21480545843611276,0.5043903985267415,0.5225464557728348,0.08786145458832625
1068,HON,0.21620665677831852,0.5049050672085057,0.5272499096684756,0.0
1069,HON,0.21816999983162333,0.5108612437593669,0.532482630960201,0.0
1070,HON,0.2193782103898494,0.5111851814232692,0.5367487543842308,0.0
1071,HON,0.2210562797560942,0.5107656655158785,0.5400581184427018,0.0
1072,HON,0.22296089788395834,0.5112574907097446,0.5428269899840896,0.0
1073,HON,0.22514239471747688,0.5115643018439513,0.5451178068556495,0.0
1074,HON,0.22640934095540466,0.5096380090922085,0.5464750597743387,0.0
1075,HON,0.2277098486830793,0.5050906626805212,0.5464385970158525,0.0
1076,HON,0.22861181986530754,0.4962088520630576,0.5442174350142698,0.05068768246123746
1077,HON,0.22903973500486607,0.48502493032238997,0.5396803627185672,0.03485308213489454
1078,HON,0.22965222860798518,0.47499386975474966,0.5335750832543482,0.03445271380479644
1079,HON,0.23022277034892102,0.4668739000952195,0.5266868868857296,0.03499245501827845
1080,HON,0.2311188657099046,0.4607409208170742,0.5196627374801743,0.04213356217367351
1081,HON,0.22934429733059192,0.4507746035235081,0.5115837746833489,0.05234459813932818
1082,HON,0.22883248409985146,0.4455624581094905,0.503834269882716,0.06614404757261086
1083,HON,0.2279808612975356,0.4399650426923055,0.4962532485368196,0.0
1084,HON,0.22761168286189415,0.44207114504616674,0.49070820825759276,0.0
1085,HON,0.22686494534822055,0.4403611139826662,0.48585014788910924,0.0
1086,HON,0.22588746542303229,0.4405449136642848,0.4820090605473247,0.0
1087,HON,0.22457856168973622,0.43446739084472863,0.4774362847732978,0.0
1088,HON,0.22254809156007704,0.4202776490349071,0.47027609828731776,0.0
1089,HON,0.2204085465887422,0.4143871913364595,0.4630942100470402,0.0
1090,HON,0.2180172904443074,0.4035509210262761,0.45467435560432157,0.0
1091,HON,0.21681746718587203,0.4097104816285248,0.44945862451468094,0.0
1092,HON,0.21346970397469578,0.3910955074699509,0.4406919458964003,0.08233058634347351
1093,HON,0.2107883956663219,0.3856870149149592,0.43234381082782036,0.04790723726567934
1094,HON,0.20847894667736044,0.38511700703925267,0.4255246273363444,0.058570577683070446
1095,HON,0.20631422751606898,0.3847636651573886,0.4199820773208522,0.050822453409792655
1096,HON,0.20445567347516036,0.38416134195250884,0.41539938659074166,0.03913836001944208
1097,HON,0.20264334995620636,0.38128806106349233,0.41102412092103097,0.03759495873379297
1098,HON,0.2010575700777948,0.38163068399733047,0.4076084662183471,0.08511212723780037
1099,HON,0.20021853641888754,0.3915372081928159,0.40732082905496786,0.0
1100,HON,0.19931237261098023,0.3995918495991031,0.409078569395946,0.0
1101,HON,0.19875861263913253,0.4056074488468176,0.4119693851041608,0.0
1102,HON,0.19798669479021136,0.41085037700169125,0.41557596927895446,0.0
1103,HON,0.19667779669009944,0.4074866507313611,0.4176310837702251,0.0
1104,HON,0.19510879704445383,0.40863557302878856,0.4195587243328475,0.0
1105,HON,0.19339296588116728,0.4048194355408675,0.4201590308357571,0.0
1106,HON,0.19188270345154645,0.4061903354096222,0.4209776080959521,0.055240310845357896
1107,HON,0.19102688955987412,0.40917737439033625,0.4223696579864097,0.0460250459207354
1108,HON,0.1906493192154728,0.4080359566881806,0.4232016010302749,0.05826137149053163
1109,HON,0.18952501084529016,0.40367315223380024,0.42279043451530673,0.0350040694252271
1110,HON,0.18942851695329965,0.4063162641772926,0.42311380970557,0.03679685175064175
1111,HON,0.18711696371382924,0.39679799669260424,0.42102344330753627,0.05169506790921829
1112,HON,0.18668067356506457,0.3882338190447573,0.4172375488141457,0.10344996097120986
1113,HON,0.18551080092503414,0.3820532422048242,0.412683494039876,0.0
1114,HON,0.18406975343483145,0.3777113781188437,0.4079686972612172,0.0
1115,HON,0.18252592797914158,0.37327127350768075,0.4031010615495315,0.0
1116,HON,0.18132618512161436,0.3736689906374845,0.3993051078185066,0.0
1117,HON,0.1805290966674904,0.37646272260554925,0.3969578255955046,0.0
1118,HON,0.1799166025522636,0.3834842978348039,0.3968128937001127,0.0
1119,HON,0.17863287556946217,0.39066092238848366,0.3984681075581108,0.0
1120,HON,0.17711841334465417,0.39385683639930014,0.40058101616552805,0.0
1121,HON,0.17666113190156674,0.4086389445275244,0.40591950232014873,0.07246666774775612
1122,HON,0.17537741106405758,0.4109378012837361,0.4107576389800281,0.03498062147157604
1123,HON,0.17512569989095939,0.41747651030471494,0.4162418729345688,0.028229363938099154
1124,HON,0.17402656724705556,0.41624378870993045,0.42032502983058917,0.028752669670050038
1125,HON,0.17329391679179196,0.41481095693655146,0.423237938767877,0.02766069627712238
1126,HON,0.17203536092630012,0.41171309857131855,0.4248037280987324,0.04835406322357207
1127,HON,0.1702398217369736,0.4047828127873864,0.4243459955139867,0.06860783582400273
1128,HON,0.16877151014532066,0.39979302734519706,0.4227483523460405,0.0
1129,HON,0.16763880833005596,0.3964797643213872,0.42065253907040384,0.0
1130,HON,0.16643479449437182,0.3991834269049956,0.41964314048378815,0.0
1131,HON,0.16586005961564831,0.397239088205405,0.418355767375381,0.0
1132,HON,0.16538180377779232,0.3957453484088418,0.41695722047690176,0.0
1133,HON,0.16506296962520128,0.3969048564656992,0.4161245444465914,0.0
1134,HON,0.16448403392707522,0.39506717644392364,0.4150048722757877,0.0
1135,HON,0.16385475599432908,0.39179563726396,0.41330173305900886,0.0
1136,HON,0.16314157433721732,0.3919051011417497,0.41196623688916034,0.0
1137,HON,0.16304928536149133,0.40161115693473426,0.4132932518320487,0.07491314395860187
1138,HON,0.16306607020322605,0.4150522662671062,0.4176720704504549,0.06290099835689013
1139,HON,0.1625542544119467,0.4206446462967456,0.422555300139071,0.03047445071525024
1140,HON,0.16220605498004304,0.4241934463109851,0.4273377121245,0.026596115353413254
1141,HON,0.1612537523174571,0.4317589749575974,0.43303078090674185,0.02798984418725229
1142,HON,0.1608006650363727,0.4340467190095766,0.4381498411021914,0.0304924201750576
1143,HON,0.16004553663815457,0.43673982583016363,0.44290973617655927,0.05841235878086419
1144,HON,0.1598441615543842,0.4388262776939353,0.44723257937902006,0.0
1145,HON,0.16050549384393697,0.4499435576896559,0.45343454974588787,0.0
1146,HON,0.160581002586897,0.4493469685460037,0.45824889046275574,0.0
1147,HON,0.16117671442092707,0.4501021816854663,0.4622867463173535,0.0
1148,HON,0.1617053078844335,0.4498232393328317,0.4654481892552965,0.0
1149,HON,0.1624688317761649,0.4524102008267097,0.4686157943238951,0.0
1150,HON,0.16287996002555838,0.45492985569036243,0.47177171811671875,0.0
1151,HON,0.1633162593922619,0.4525038720929693,0.4736977350695437,0.0
1152,HON,0.16317362306084027,0.4431534015285288,0.4729308936234415,0.05758707846824818
1153,HON,0.16315684846125933,0.4391061994472294,0.471318588794036,0.03568252610283177
1154,HON,0.1635615159600019,0.43769447894926994,0.46968033852090124,0.033087692278698434
1155,HON,0.16454318799876244,0.441097614906687,0.46920961728839194,0.036151704315606825
1156,HON,0.16522280355715857,0.442300951274783,0.46913001842529756,0.031266202645542765
1157,HON,0.16551645891082467,0.44772329794007637,0.4704045506422643,0.03985604271296768
1158,HON,0.16534864121993875,0.45182289353286886,0.4724359385765512,0.06525762726869909
1159,HON,0.16552484211375385,0.45374758045489755,0.47453605319082903,0.0
1160,HON,0.16570103891070698,0.4540455418519065,0.47628968044448505,0.0
1161,HON,0.16555840411560796,0.4549517226279832,0.47791622367721637,0.0
1162,HON,0.16582689705779474,0.45662190934464164,0.4796296529989535,0.0
1163,HON,0.16612055497199885,0.45887164274732084,0.4815556207649374,0.0
1164,HON,0.16674144253230772,0.4642300676487933,0.4844188306750081,0.0
1165,HON,0.16634709502778744,0.46560978289352817,0.4870499062569505,0.0
1166,HON,0.1667917847669278,0.4671324361794564,0.4895305508562606,0.0
1167,HON,0.16647295675962903,0.4603119155714197,0.48983179204890065,0.05446937719167146
1168,HON,0.1662464136311943,0.45507307130056046,0.4887798612794031,0.03291194219619231
1169,HON,0.1655080562478033,0.4476588025708266,0.4861085077520931,0.03041462556247696
1170,HON,0.16452638625747396,0.43951817256650877,0.48196235325078024,0.03569786588559415
1171,HON,0.16417819143453904,0.43641059529990506,0.4778784932486442,0.03579779361330336
1172,HON,0.16439323825738095,0.4333734059036061,0.47386184026264805,0.03598910261832561
1173,HON,0.1643680553615945,0.43154172415094094,0.4701964668737295,0.07502380953424474
1174,HON,0.16418153754620324,0.4300432093945149,0.46689434131174906,0.0
1175,HON,0.16372845897094912,0.43031177151714817,0.4643189208127918,0.0
1176,HON,0.16338445831001724,0.4304726968826125,0.4622983000860114,0.0
1177,HON,0.16275518293781,0.4318379572889086,0.46101874376792407,0.0
1178,HON,0.1622517667369059,0.4344290341442277,0.46063456508480105,0.0
1179,HON,0.16183224811507513,0.436362673187696,0.46080443574934743,0.0
1180,HON,0.16143790061055485,0.4371635745888815,0.46113799122412674,0.0
1181,HON,0.1614882428451745,0.4439174519440625,0.4630716628290761,0.0
1182,HON,0.161278488655336,0.4472176290474192,0.46543306930670425,0.0637506031821722
1183,HON,0.16144629098299124,0.45531858503991063,0.46932147479665437,0.042738607033772504
1184,HON,0.16110228878573674,0.4592464669123342,0.4734015831584035,0.0354311728052825
1185,HON,0.16135400507991138,0.4666103177119252,0.47848303583611285,0.039668459083759156
1186,HON,0.1614295158713026,0.4707252498728278,0.4835637451365474,0.030301987729050347
1187,HON,0.1621091339902372,0.4730421624801981,0.4882001164177272,0.03922996043650886
1188,HON,0.16273002615951526,0.47412239610793777,0.49217581035071706,0.06573228397531784
1189,HON,0.16330057609417414,0.4708462702980833,0.49454783205688974,0.0
1190,HON,0.16357745479982855,0.4622090110919647,0.4943138118397235,0.0
1191,HON,0.16407667632662237,0.4610843616692948,0.49384903713511347,0.0
1192,HON,0.16462515339551187,0.4599023239505293,0.49318549566148756,0.0
1193,HON,0.16549775776210351,0.4630566396833275,0.4934331337315558,0.0
1194,HON,0.16632840463332776,0.46460897617450053,0.4940143540058629,0.0
1195,HON,0.16705836703531274,0.4656826639665235,0.4947443116498908,0.0
1196,HON,0.16851829183928313,0.4747077200453432,0.49755562190972125,0.0
1197,HON,0.16910561790984602,0.4721897114527714,0.4991832366721027,0.0
1198,HON,0.17038934540475514,0.4795178425942186,0.5022938790157966,0.05966364677476684
1199,HON,0.17122418592587474,0.47933808936592237,0.5047380305846316,0.04812024110632266
1200,HON,0.1715094611492578,0.47149136593063945,0.5047568150087592,0.033269139994802
1201,HON,0.1709389199204301,0.460953397412646,0.5021711182678319,0.024831821195985884
1202,HON,0.17031802775115157,0.44991597192759736,0.49737857281219405,0.03811410081042264
1203,HON,0.16936992437164555,0.44288167146210483,0.491808502032341,0.05200975259560081
1204,HON,0.1679099949587064,0.429037598239554,0.48393578902865597,0.11520352166349863
1205,HON,0.16593825231502635,0.4167663852893539,0.4746091372430812,0.0
1206,HON,0.1642266188984962,0.40914317893660196,0.465266442016536,0.0
1207,HON,0.16264922478355182,0.4045535628650394,0.4566595887757231,0.0
1208,HON,0.16096275838747065,0.3997127259404317,0.4485794089219298,0.0
1209,HON,0.1596790314046692,0.3974104984863245,0.4415470854292974,0.0
1210,HON,0.15933502613476813,0.4014912915628622,0.436928348417594,0.0
1211,HON,0.1587896519263885,0.4086404068804187,0.4349977290240638,0.0
1212,HON,0.15962868917004958,0.43091773516710374,0.438951180146193,0.0
1213,HON,0.1579506162190505,0.42300145969280395,0.44016023907564306,0.06335680904468653
1214,HON,0.15717031772773815,0.4269585854410688,0.442104087448924,0.04686478945709879
1215,HON,0.15665850449699725,0.43352196764294704,0.44527898000670996,0.038505484410617054
1216,HON,0.15513984606175546,0.4353022586539085,0.44825826204404395,0.02850942454338945
1217,HON,0.15484618558701246,0.44205056435428713,0.4523071398391381,0.029447342689432072
1218,HON,0.1540658742930079,0.4512243711216084,0.4578102972354814,0.043576816591859656
1219,HON,0.1532142520027997,0.45196938930638647,0.4623966903636847,0.06685449865426277
1220,HON,0.15275277895824768,0.44977507784637094,0.4655242584493356,0.0
1221,HON,0.1528115074684422,0.45006778919041657,0.4680985527901104,0.0
1222,HON,0.15318068334354562,0.45131299482428516,0.470465299536279,0.0
1223,HON,0.15341561018701677,0.4522975741822416,0.47260168678820136,0.0
1224,HON,0.1545147505125355,0.45485358468182974,0.47494160873872693,0.0
1225,HON,0.15575652563315368,0.4568247993065727,0.47730003339837895,0.0
1226,HON,0.1572500119268705,0.46288176023893024,0.4806816044433782,0.0
1227,HON,0.16076558002624042,0.4923217225098117,0.49065251447963004,0.08460635268614936
1228,HON,0.16369381795818638,0.5061931359615168,0.5020526463367365,0.045590710928806316
1229,HON,0.16595921902817867,0.509495814204551,0.511987838286362,0.03416060051304999
1230,HON,0.16783865630868666,0.5121241271641984,0.5205846479241788,0.032125449619989754
1231,HON,0.16886228174595352,0.506749099631224,0.5261355624807187,0.035757471898613676
1232,HON,0.1686609112711519,0.5036026945472334,0.5297997751903133,0.03975545756599722
1233,HON,0.17101021811394057,0.5051171095895451,0.5331048963294557,0.07678591229413463
1234,HON,0.17158914766677436,0.49458125561047,0.5331487908194447,0.0
1235,HON,0.17293999814117633,0.49815195660786843,0.5340651397122866,0.0
1236,HON,0.17471036774951632,0.5018144968770835,0.5357021176557512,0.0
1237,HON,0.17604443440639894,0.5041174836894788,0.5375800670264061,0.0
1238,HON,0.1768583066780427,0.5029465873682493,0.5387934544609001,0.0
1239,HON,0.17821754803698875,0.5014497923449286,0.539394761980216,0.0
1240,HON,0.17979493805507119,0.49951618265213604,0.5393986016282416,0.0
1241,HON,0.18190092716984507,0.5057003242505836,0.5409278922929417,0.04441962808477553
1242,HON,0.18420828215045093,0.5133097585217172,0.5440292997336186,0.045660616510252015
1243,HON,0.1868428611439774,0.5224455342353009,0.5487650949496408,0.031231578564450534
1244,HON,0.18935578280981868,0.5291490355301562,0.554208125757469,0.033028743684940146
1245,HON,0.1918141650063916,0.5328777628445991,0.559482783904569,0.04058555895319569
1246,HON,0.19418276755493258,0.5383827799070908,0.5650611244201037,0.05171150339074941
1247,HON,0.19422472197765384,0.5390025703259227,0.5696767583818242,0.06445623318924164
1248,HON,0.1950301997799997,0.538795593708834,0.5733181846324653,0.0
1249,HON,0.1951476644820045,0.5225565507000297,0.5722236012439204,0.0
1250,HON,0.19646495909984463,0.5239211339039689,0.5716847076658583,0.0
1251,HON,0.19835279289808128,0.5241717995167657,0.5713154559741238,0.0
1252,HON,0.20011477264609256,0.5237454195056008,0.5709148259093629,0.0
1253,HON,0.20154113186345457,0.5231905265185314,0.5704573767089768,0.0
1254,HON,0.20419248955342306,0.5253208081970151,0.5706171614971249,0.0
1255,HON,0.20566080472982984,0.52446785273377,0.5705344836709386,0.0
1256,HON,0.20643271694556686,0.5161253003050005,0.568409436164302,0.05017971651204896
1257,HON,0.20679769558602157,0.5040449388470468,0.5637280180852146,0.058256769555702914
1258,HON,0.20703261986895383,0.4900671490123055,0.5565332265703902,0.043103474723763385
1259,HON,0.20737662309042415,0.47997378549795444,0.5482863956376576,0.0655227863707345
1260,HON,0.2075276477458523,0.4692665215411367,0.5390464252415662,0.035461852370807255
1261,HON,0.20731788843493693,0.46465289114385705,0.5305158252351536,0.0426051509237398
1262,HON,0.2068983698131066,0.4617885792855649,0.522984445661735,0.08180947200906011
1263,HON,0.2061600149902545,0.45953331024301175,0.5164027515228327,0.0
1264,HON,0.20540068116366372,0.45778094286395626,0.5107049196501411,0.0
1265,HON,0.2048553038826384,0.45822940255327677,0.5062573320308151,0.0
1266,HON,0.20384594166882808,0.4565255470802042,0.5022787578988074,0.0
1267,HON,0.20335090508609888,0.45851535934017995,0.4995869755070087,0.0
1268,HON,0.20284748273990205,0.4601997801514646,0.4978492572410686,0.0
1269,HON,0.2033928569482817,0.45874693136539485,0.49610052593809845,0.0
1270,HON,0.20299850841954514,0.46130515109099196,0.495332898271972,0.07761513712231811
1271,HON,0.20257898979771527,0.4629067789518242,0.4951140708505531,0.048517760619622034
1272,HON,0.20198327130628568,0.46215234435584746,0.49475281777342245,0.027276325149047903
1273,HON,0.2014316048306859,0.4625635375836571,0.4945652959917564,0.02106897248437424
1274,HON,0.20084427978433883,0.465719742185942,0.4951942159800739,0.029615422880557
1275,HON,0.19953538373265856,0.45781264690315615,0.49374591563336223,0.03838188958950303
1276,HON,0.19857888178699223,0.4488722389158848,0.49038082198806415,0.0950288585141711
1277,HON,0.19828102612603082,0.4448825460456093,0.4867041084196352,0.0
1278,HON,0.198079663332845,0.4390594527609461,0.482325623754426,0.0
1279,HON,0.19781956383574073,0.4352414478558387,0.4778805692047223,0.0
1280,HON,0.1977692236495523,0.43244227590227036,0.47363370223864637,0.0
1281,HON,0.1977776083888041,0.4351388871981106,0.47090172047287226,0.0
1282,HON,0.197265793109632,0.43218365988507595,0.4679867979576148,0.0
1283,HON,0.19755106577247705,0.4396251441076318,0.4674913855210451,0.0
1284,HON,0.1980125321596291,0.4477814267344101,0.4691079902496312,0.050614708923239285
1285,HON,0.19733290943172532,0.44260643385391363,0.4691241085511893,0.033694928536334906
1286,HON,0.19693855885455847,0.4400499261114976,0.4685060683261052,0.024627363805738742
1287,HON,0.1960491763036316,0.4357025788920792,0.4669387299735794,0.02685316628455998
1288,HON,0.19513882652744385,0.43243389339562216,0.46487816208796073,0.025752427301482392
1289,HON,0.19494584642507906,0.4359042588275121,0.4640861787040632,0.03030965762043154
1290,HON,0.19441724886471112,0.43860921429855637,0.4641201631097714,0.04280325326112824
1291,HON,0.19424105104354217,0.4447538045429872,0.4656638084804081,0.0
1292,HON,0.19388865744963546,0.44568091327125836,0.4671275311332765,0.0
1293,HON,0.19327406215654586,0.44449507045585285,0.4680058484645188,0.0
1294,HON,0.19224204532262767,0.44166729515255226,0.4680106198222942,0.0
1295,HON,0.19240146035049221,0.44344221430540975,0.46845247914866717,0.0
1296,HON,0.19271190566696994,0.44403808398469624,0.468953024625751,0.0
1297,HON,0.19287132274326568,0.4457880598436813,0.46978534735235317,0.0
1298,HON,0.19323210875803998,0.4468339998279169,0.4707093389213006,0.0
1299,HON,0.19202112769719681,0.429713032533434,0.4672231527527352,0.0717003360288984
1300,HON,0.19087165077024304,0.4172819888897482,0.4613662769231002,0.04870183801277059
1301,HON,0.18895024933696725,0.40347214019584454,0.4532725663427273,0.03913090926781464
1302,HON,0.18733031392388533,0.39151211783768364,0.4438459169651823,0.034782519134187596
1303,HON,0.1848635500607072,0.38234295519689077,0.4340416884528788,0.03200273135789072
1304,HON,0.1821282932553414,0.3749613598716119,0.4243765603838335,0.04438127862786958
1305,HON,0.18020690360054292,0.36807179976920046,0.4149441447982395,0.08360641798979597
1306,HON,0.17844492846150128,0.3669074523799039,0.4071108565153305,0.0
1307,HON,0.17664939183271233,0.36408728470472873,0.400148220910945,0.0
1308,HON,0.17489999354649433,0.36337711376495657,0.3944028453631039,0.0
1309,HON,0.172559081173004,0.362640590702597,0.3896247742725505,0.0
1310,HON,0.1706964236131534,0.36854285194115166,0.38725896951338323,0.0
1311,HON,0.16809540815780455,0.36925517974857663,0.3855421250758321,0.0
1312,HON,0.1655447349370749,0.36738224086148447,0.38370641644635756,0.0
1313,HON,0.16296050022659925,0.36449784426661513,0.38152599314984237,0.0
1314,HON,0.1609132493520664,0.36760417200457246,0.38054828253554196,0.0
1315,HON,0.1586141203573277,0.37189228985218853,0.38082440266811274,0.07120968212025601
1316,HON,0.1555642189524047,0.3663899423205038,0.3796873436047762,0.044186244247033615
1317,HON,0.15191440489404817,0.35714923108746477,0.37649712946597114,0.03783973783872979
1318,HON,0.14838206117088193,0.35198419253470997,0.37267024935792004,0.0381688857488597
1319,HON,0.1466396275492845,0.35225498894981255,0.36967557663566036,0.03464599506760242
1320,HON,0.14487764421651939,0.35410138479418884,0.36773552083109035,0.04041813618133201
1321,HON,0.14347645355592853,0.3564662259050272,0.3667671085721146,0.08114766995274032
1322,HON,0.14221849122325336,0.35940894193518635,0.36671862813798795,0.0
1323,HON,0.14075856078609883,0.3598920121008417,0.3667990633828433,0.0
1324,HON,0.1396174696226118,0.3641008492399013,0.36790213407257377,0.0
1325,HON,0.13865257371975614,0.36850050192910233,0.3698704055566996,0.0
1326,HON,0.13736045636451788,0.37230463101295247,0.37238386506988147,0.0
1327,HON,0.1364962480035472,0.37837836777836226,0.37589360419951545,0.0
1328,HON,0.13605155826440685,0.3894369547842436,0.3814306061363837,0.0
1329,HON,0.13479300239891545,0.38799487687819134,0.38550430920147416,0.0
1330,HON,0.13239336202733742,0.37955487528271853,0.38668031638213524,0.05572154174458911
1331,HON,0.13109285378755509,0.3819090821887645,0.3882021300363749,0.03722987190404834
1332,HON,0.13027899175806557,0.3869359805567525,0.3906601973667665,0.029594385464197164
1333,HON,0.12962034496125296,0.3910710063552558,0.3936471574107273,0.027898024630431763
1334,HON,0.12794645951485784,0.3873624365716473,0.39512146673500803,0.04323846481207232
1335,HON,0.12682231911599828,0.3925902933521665,0.3975911262537534,0.05661869989643455
1336,HON,0.1263818296841528,0.39567682960536327,0.4003285974402731,0.07461401819473547
1337,HON,0.12643217396720363,0.39863875960367834,0.4032495656853733,0.0
1338,HON,0.12639860940481107,0.4015686271129334,0.40630941869606096,0.0
1339,HON,0.12609655958184662,0.40443998563492456,0.4094659397585068,0.0
1340,HON,0.12574416496372498,0.40713351253700597,0.41265590720073686,0.0
1341,HON,0.12538338355791945,0.4094584787864238,0.4157816725987874,0.0
1342,HON,0.12505615903289158,0.41216307582367573,0.41894976757017055,0.0
1343,HON,0.12497225530852552,0.4147372059278772,0.42211952753498644,0.0
1344,HON,0.12496386954505789,0.42085279886438814,0.4261646369448559,0.04423138703630576
1345,HON,0.1250771431577058,0.42753899412043017,0.4310508480535016,0.041485127642332364
1346,HON,0.12469119063459155,0.4265552646769339,0.43471703684058116,0.02951637171186278
1347,HON,0.1238101974318857,0.4224026029515331,0.4366251292214086,0.03177679827177624
1348,HON,0.12277818623115211,0.4231606109085291,0.4383386761558486,0.034679085170418414
1349,HON,0.12263555553291461,0.4237865120581525,0.4398639833541753,0.04169835062272944
1350,HON,0.12365078342823654,0.4302578397128317,0.4426813243146402,0.07978177186762732
1351,HON,0.12396961809293572,0.4354776468101696,0.4462234225159293,0.0
1352,HON,0.1241038599550599,0.4399552283918029,0.45016214851719333,0.0
1353,HON,0.12416788105728971,0.4422248653094169,0.4538732657267414,0.0
1354,HON,0.1251789270811936,0.4476764167899975,0.4581875784217811,0.0
1355,HON,0.12621933070279434,0.45974100718520955,0.4646165164226735,0.0
1356,HON,0.12699124087010105,0.46424207544021856,0.47087051067130586,0.0
1357,HON,0.12835048120483172,0.47447977991336454,0.4784003265048488,0.0
1358,HON,0.12897975913757742,0.4736093340557661,0.48420935696258127,0.0
1359,HON,0.12969294079468918,0.4736749544762081,0.4888727761599086,0.0
1360,HON,0.13043129356911054,0.4736790586595243,0.4926045244121612,0.0
1361,HON,0.1317653612502081,0.48018666932746384,0.49719597270385285,0.05877393937454885
1362,HON,0.13257083854044627,0.47910832378328894,0.5006030003998795,0.029268086370865982
1363,HON,0.13341827025340525,0.4784520775247162,0.5031666638665069,0.031071606544214293
1364,HON,0.1344670668079817,0.48369306599528566,0.5065110475424757,0.03448317423056745
1365,HON,0.13545293812982173,0.4882334126451297,0.5103070920662531,0.0458339560554669
1366,HON,0.1372316929895212,0.49425765015603446,0.5148306830060684,0.05282188452299192
1367,HON,0.13940480918064946,0.49948984017396375,0.5197408372411749,0.08123685983251587
1368,HON,0.14126746725260775,0.5030490347192667,0.5245473541883435,0.0
1369,HON,0.14255957897466098,0.4982088698834321,0.5271980363534885,0.0
1370,HON,0.14417053150670567,0.5033218579471044,0.530580445050844,0.0
1371,HON,0.14578987338697091,0.5067440575777246,0.5341309558254241,0.0
1372,HON,0.14735048266018014,0.508306219935929,0.5373568992441061,0.0
1373,HON,0.1487254129913671,0.5053159401790753,0.5391996660874531,0.0
1374,HON,0.1498413325254364,0.5028630471756002,0.5400685163576334,0.0
1375,HON,0.14999655441551418,0.49673946462694896,0.5392523233346261,0.0
1376,HON,0.15106632434064293,0.49738921867800234,0.5387597253581536,0.06909235381954017
1377,HON,0.1521968450892457,0.5049505291628947,0.540231745147115,0.04437645755328712
1378,HON,0.1554942640173711,0.5272732218399594,0.5469185033472531,0.09439817430288357
1379,HON,0.15955940151133952,0.553981677100366,0.5588594391916422,0.1077915577724707
1380,HON,0.1629994511377033,0.5665490040618183,0.5715137488853347,0.08771791804962113
1381,HON,0.16593608149051686,0.5758851322863763,0.583941312022251,0.09357640022632753
1382,HON,0.16940969516716553,0.5822855044106754,0.5954629462207792,0.17287650291521614
1383,HON,0.1734370698398764,0.5928645695129355,0.6072911203160697,0.0
1384,HON,0.17658219633877037,0.5951661427143373,0.6173216777352099,0.0
1385,HON,0.17954399166360124,0.5939641297972089,0.6250494721694867,0.0
1386,HON,0.1821450066068424,0.5900159497721641,0.6302573142523312,0.0
1387,HON,0.18368043912955745,0.5737364791097979,0.6304058861624662,0.0
1388,HON,0.1861472086259206,0.5706146419564284,0.6297542880121549,0.0
1389,HON,0.1892935982896491,0.5678108782231968,0.6285410529345685,0.0
1390,HON,0.19400689410277616,0.5922647255497042,0.6336055668353187,0.24748372777758543
1391,HON,0.19990113586057134,0.623798579653664,0.6454395944508385,0.141307668269747
1392,HON,0.20585830029056407,0.6467960463497369,0.6605824901722008,0.09017973404322926
1393,HON,0.21137916125699174,0.6538595293785607,0.6744400432929076,0.10339254635572781
1394,HON,0.21632948560356047,0.65084050828024,0.6847810046612156,0.10530563640595025
1395,HON,0.22079316220351375,0.6368293383107734,0.689595878633876,0.09678570191997103
1396,HON,0.2252190913454406,0.6292562904422799,0.6915787829072177,0.15368292844341966
1397,HON,0.228996938472255,0.6212048081039315,0.6911780358982821,0.0
1398,HON,0.23133784982153083,0.612969568528898,0.6888250173857451,0.0
1399,HON,0.23317114415049955,0.6087542461369451,0.6859022795499797,0.0
1400,HON,0.23603226422402912,0.6086298922689923,0.6835333992937125,0.0
1401,HON,0.23873396568494076,0.6056567084480555,0.6809045263988899,0.0
1402,HON,0.24148600681993315,0.6026693404226633,0.6780641587939509,0.0
1403,HON,0.24487991759161876,0.6132552113639956,0.6784044110976158,0.0995600112024242
1404,HON,0.24848903066204198,0.6178758728092275,0.6798169718617968,0.12996521375549
1405,HON,0.2524828484539756,0.6227835750513953,0.6821582198005591,0.06350998773255659
1406,HON,0.25699837646991863,0.6294663046198967,0.6856804864158775,0.05535141470050827
1407,HON,0.2621500590007044,0.6285928673667598,0.6882827392357688,0.0620715543889529
1408,HON,0.266315883524451,0.6252521352478921,0.6895400634985613,0.07477442849447921
1409,HON,0.26994891632582574,0.6153505918727167,0.6881022655545727,0.13232600632262018
1410,HON,0.2712011753151282,0.6055340323938684,0.6845293434969808,0.0
1411,HON,0.27161649362966367,0.6001645196058752,0.6803458337119991,0.0
1412,HON,0.2717087877264661,0.5906966220031988,0.674662390399104,0.0
1413,HON,0.27284988247470654,0.5853722878063936,0.6688016134874722,0.0
1414,HON,0.2752159628928612,0.5879213950667292,0.6647421004180701,0.0
1415,HON,0.27769531948420223,0.5803299528099012,0.6596209554036265,0.0
1416,HON,0.2792894851260814,0.5679574932734303,0.6524705707972743,0.0
1417,HON,0.2809507788685299,0.557638564185138,0.6442035967997944,0.0
1418,HON,0.2828553939237479,0.5512300498042777,0.6360084244397087,0.4085518850620757
1419,HON,0.2839545306645128,0.5396196320897928,0.626586886526758,0.08367150249665921
1420,HON,0.28429853900706004,0.525555090584141,0.6155785892140291,0.048118707128046424
1421,HON,0.2844327875265842,0.5101250923890176,0.6029638956763166,0.03896173337792097
1422,HON,0.28494460075732553,0.5029338815991755,0.5910973816529058,0.05324044145265113
1423,HON,0.2847558122564249,0.5030736842100619,0.5816386731036386,0.05692746780946587
1424,HON,0.2841349328898386,0.4956535271989025,0.5722404441505561,0.12498986478638914
1425,HON,0.2832371625270138,0.4892444000518112,0.5631401165979776,0.0
1426,HON,0.2814739283814518,0.47834289979167616,0.5531694122406764,0.0
1427,HON,0.28051743206897006,0.47495962464693864,0.5443578713300509,0.0
1428,HON,0.27961546242306534,0.472048424137636,0.5365901671204265,0.0
1429,HON,0.279221113382222,0.4702351432231732,0.5299284939985398,0.0
1430,HON,0.2788435466225745,0.4686078354176335,0.5241975430921447,0.0
1431,HON,0.2782730012968848,0.4689316236525433,0.51969269187926,0.0
1432,HON,0.2785821865211746,0.4758281978626504,0.5177908550902386,0.0
1433,HON,0.2786325231226088,0.4815715511089563,0.517686819978748,0.06064933738712659
1434,HON,0.2782717412046969,0.48911076162703726,0.5194642358850897,0.04497448994126616
1435,HON,0.2791569193514669,0.501296348164388,0.5238935177707165,0.051218877224323285
1436,HON,0.28058328010515243,0.5117222861273564,0.5300100189112201,0.04494972714909261
1437,HON,0.2818460285963229,0.5179704568322474,0.5364452408717484,0.039611263608030856
1438,HON,0.28275219035579946,0.5207750291562543,0.5422855745541554,0.05474527414164054
1439,HON,0.28371709086762564,0.5174248647112185,0.5461310356503493,0.07180530397094383
1440,HON,0.28546228526179407,0.5193168727995395,0.5496743438017276,0.0
1441,HON,0.28742982503764036,0.5190901757459893,0.5524530424871144,0.0
1442,HON,0.28861286703909483,0.5144265700604354,0.5535250440645485,0.0
1443,HON,0.28925892571671374,0.5100624958178608,0.5533056109982941,0.0
1444,HON,0.2908950457813142,0.5107477523668721,0.5532991828475665,0.0
1445,HON,0.2925395587788895,0.5106163060025863,0.5532615999424301,0.0
1446,HON,0.2946369001768696,0.5097472214368736,0.5530170473700688,0.0
1447,HON,0.2955262796551499,0.49957442874798796,0.5503108048203916,0.0
1448,HON,0.29710366813690925,0.4992033521846041,0.5480542307169431,0.07630621537317966
1449,HON,0.29856359806195654,0.4976810488135599,0.5458732736578825,0.06444176996549425
1450,HON,0.29941102158119204,0.48872217956296615,0.5419174984841171,0.058796729908938666
1451,HON,0.3001661571489178,0.48198075504332033,0.5370891244250166,0.04341070865851847
1452,HON,0.3007547356300537,0.4812226073275376,0.5330393176561042,0.059893524376448785
1453,HON,0.30170050891955835,0.4851332839047547,0.530764610019582,0.06807291568510318
1454,HON,0.30256471625631365,0.49023101391017887,0.5302029412539389,0.12698776192131217
1455,HON,0.30266121168462723,0.4914079452161068,0.5300440677111338,0.0
1456,HON,0.30250179716886993,0.490293803406626,0.5296420035787311,0.0
1457,HON,0.3029590750272031,0.4950410872996841,0.5304919610572477,0.0
1458,HON,0.30317722266212455,0.494101827470534,0.5309401218454501,0.0
1459,HON,0.30426796544569923,0.4984463848203697,0.5323708681209286,0.0
1460,HON,0.30457001885341706,0.4972520608987162,0.5332207112505402,0.0
1461,HON,0.30532095718649366,0.5001696510828452,0.5346206341789962,0.0
1462,HON,0.3065711226795482,0.5040916548633435,0.5367085058043171,0.0
1463,HON,0.30824080218546435,0.5115353805464389,0.5402158818628123,0.07476281408753055
1464,HON,0.3089455903974936,0.5100390363135149,0.5426524915344165,0.04150200140337098
1465,HON,0.3100027727155368,0.5123757237817017,0.5451784634612041,0.04675938323554587
1466,HON,0.3112613331899978,0.5158028820793749,0.5480450485965486,0.033880978187267194
1467,HON,0.312549250750048,0.5092744144336766,0.5487271196045606,0.0653257797321148
1468,HON,0.3127086698747745,0.49829640705060135,0.5465634524742976,0.07492212868850555
1469,HON,0.31238144586185435,0.4827165333975562,0.5409874744787522,0.10154980016645855
1470,HON,0.3130275086363348,0.4744297049133423,0.5344815392610492,0.0
1471,HON,0.31270028206287614,0.45686238410047253,0.524941253578059,0.0
1472,HON,0.3121800851170984,0.44562556313954677,0.5145358270423418,0.0
1473,HON,0.3108567507011317,0.43222993805908116,0.5029055044629858,0.0
1474,HON,0.3092374057482199,0.42086929051562993,0.4907974885542453,0.0
1475,HON,0.3082557321731363,0.41748642494347554,0.48027619948318034,0.0
1476,HON,0.30696361481789847,0.40996924238919014,0.4700039606353715,0.0
1477,HON,0.3057470108145903,0.4115087014282899,0.4621661012768452,0.0
1478,HON,0.30468982388757704,0.4108942395355216,0.45574416729752715,0.0
1479,HON,0.3030369148843808,0.4093933222064471,0.4502362003188649,0.09057681527702113
1480,HON,0.30109034745487184,0.4011596922985145,0.4437978030893072,0.0612767345021079
1481,HON,0.299132029202247,0.39951819864753035,0.4382419718925144,0.049908640636662345
1482,HON,0.2969589212048427,0.398474048786071,0.43353961534184193,0.04779547599126772
1483,HON,0.29392999624311855,0.39310508540935185,0.4284526935546818,0.052173669131404525
1484,HON,0.29109405906537544,0.38520324347937146,0.42243301629195407,0.05214101730809603
1485,HON,0.2870499062083294,0.36964921814345697,0.4137786094414138,0.10852019745368371
1486,HON,0.2824435871316613,0.35403477867311384,0.403001508977971,0.0
1487,HON,0.27855465411626223,0.3429188180337688,0.39163645841366795,0.0
1488,HON,0.2751062105327078,0.33545398423510486,0.38070212981390616,0.0
1489,HON,0.272555531678794,0.3351040960844024,0.3718683160774451,0.0
1490,HON,0.2696524628157273,0.3362625452349587,0.3650871652433316,0.0
1491,HON,0.2676639445482505,0.33849026922381165,0.36021203705810856,0.0
1492,HON,0.26569220702564733,0.3443098948896215,0.35774819252731505,0.0
1493,HON,0.2638798865793395,0.3473182922090835,0.35651957612904267,0.0
1494,HON,0.26219727635418355,0.3513120966428453,0.35652233637839953,0.0649440382810853
1495,HON,0.25983118518176784,0.35266526272422194,0.3568585000150274,0.06688101456446631
1496,HON,0.2574231534135376,0.3491011362255153,0.35624782018083884,0.04636624651732146
1497,HON,0.25466138069606137,0.3502461489702512,0.3560418604226854,0.04830103140316499
1498,HON,0.2518254327640568,0.3491432057429708,0.3556048910788354,0.04206803938730278
1499,HON,0.24943418430123776,0.3532246738957442,0.3562626039920037,0.049472114247195775
1500,HON,0.2466989274958724,0.3459347323856249,0.35498964882178874,0.1264453910307852
1501,HON,0.24361463191409438,0.34153234932595244,0.3528847959098521,0.0
1502,HON,0.2405773186283655,0.3395417796163055,0.350709649731248,0.0
1503,HON,0.23814411574282524,0.34125033761069296,0.34939119738648877,0.0
1504,HON,0.23608007849023505,0.34385221761821316,0.34897856805247507,0.0
1505,HON,0.23485508206605932,0.34692580431398967,0.3494070122629733,0.0
1506,HON,0.23401604482239824,0.35073101199122847,0.3506888761493573,0.0
1507,HON,0.23225406661071002,0.34394791118715906,0.35004032781468886,0.0
1508,HON,0.23078575143430324,0.3433404629643616,0.34937157359735704,0.0
1509,HON,0.22854552199372868,0.33914052855250854,0.34780004488356236,0.04800190563929859
1510,HON,0.2275051178600198,0.35143208184606445,0.34957632320242904,0.03655842769856363
1511,HON,0.22685066368888762,0.36677574998718254,0.35478409566743596,0.03652226963919516
1512,HON,0.22608714235769467,0.3812586497554792,0.36252462960093096,0.03341727846833584
1513,HON,0.2254746426092833,0.3924202293141484,0.3714716854899155,0.02933558141502045
1514,HON,0.22547078899889605,0.4094889617752381,0.38284181829769387,0.0730594407816452
1515,HON,0.22609923475664084,0.42790397151048265,0.39648266795032694,0.12442207368442736
1516,HON,0.22716480693501362,0.442021749258972,0.4108795531253805,0.0
1517,HON,0.22781220579846417,0.45101363764187086,0.4246162197685624,0.0
1518,HON,0.22852538950400714,0.45568850575390923,0.43675928997130314,0.0
1519,HON,0.22893651570496987,0.45950881765824564,0.4474165823082947,0.0
1520,HON,0.23030414282738354,0.4621197230960817,0.4565867761561863,0.0
1521,HON,0.23079917480114354,0.45382641286395975,0.4618761787463586,0.0
1522,HON,0.23100893411205892,0.4441325383434382,0.4637152952241953,0.0
1523,HON,0.23095859392587004,0.43553650478733114,0.463065125133457,0.0759391562856513
1524,HON,0.22983428709201048,0.4162840537524335,0.4577935688250884,0.06812375610797279
1525,HON,0.22853797250212304,0.399374787871271,0.4494031913323339,0.04452656828460469
1526,HON,0.22801777350791497,0.39610867996405974,0.4418848282722209,0.046622859168960695
1527,HON,0.22808489290265443,0.39021700409530746,0.43441609813356374,0.05183685132989342
1528,HON,0.22735493459753053,0.38035019846691825,0.4260060297915322,0.04610656590912975
1529,HON,0.22662497629240663,0.36847401838968535,0.416346986110823,0.17513758689439085
1530,HON,0.22504758422589388,0.3643908713112068,0.4076120484265278,0.0
1531,HON,0.22274023692690292,0.3581213432193281,0.39907680632179576,0.0
1532,HON,0.22034058784949417,0.3546774006509105,0.3913986627598998,0.0
1533,HON,0.21802484761752838,0.3530894062797056,0.38486423788417556,0.0
1534,HON,0.21583495938735808,0.3621063665746751,0.3818620441243585,0.0
1535,HON,0.21312570741062586,0.3686082198835773,0.3810649179155071,0.0
1536,HON,0.2103652748789817,0.373462529424959,0.3816252391921311,0.0
1537,HON,0.20722727558768916,0.3715109019597847,0.3815918431390285,0.0
1538,HON,0.20520519583046637,0.38172060954096726,0.38408483722138786,0.0
1539,HON,0.20269647652035117,0.3849626831305135,0.38687936198929707,0.045566386416140255
1540,HON,0.20012901948210216,0.38727513638531985,0.3896856850958578,0.03792103868737041
1541,HON,0.1975028375184129,0.37890613226621694,0.3898653101745892,0.027571944676854327
1542,HON,0.19459137981923247,0.3666315562680946,0.3869796988695123,0.037115700092345494
1543,HON,0.1923595376784477,0.364937559221834,0.3842531388052798,0.030253776983225726
1544,HON,0.19214977836753278,0.3758211492006822,0.3847579128904869,0.060264966259052116
1545,HON,0.19169250460606024,0.38005543384226936,0.3862067349841948,0.11686810723297053
1546,HON,0.19066048469949592,0.3867749417351571,0.389024137652163,0.0
1547,HON,0.18977949917840586,0.39060005809470955,0.39222208167975203,0.0
1548,HON,0.18899919044493974,0.38953289822879417,0.39451706654069213,0.0
1549,HON,0.1892257264038668,0.39635868665804685,0.3980376289913585,0.0
1550,HON,0.1888565500166557,0.39956223951276093,0.40164470170598576,0.0
1551,HON,0.18897401523076818,0.40435846527526953,0.40571404730024146,0.0
1552,HON,0.18944387608721858,0.41322666096264565,0.4111581554655779,0.0
1553,HON,0.18945226645965496,0.41515789412429316,0.4159900618478403,0.0
1554,HON,0.1884705949330021,0.41451100813073066,0.4196959383356908,0.05982909728884679
1555,HON,0.18760638503570837,0.4142339945441933,0.4225922737912253,0.05435893075578233
1556,HON,0.18785810030566852,0.4264601458739738,0.42792670252855847,0.03938489224240889
1557,HON,0.18767351416049394,0.42451819328982787,0.4317149801621071,0.06110405237615426
1558,HON,0.18633524873263907,0.4204818563673913,0.43374945206984045,0.05271516346291651
1559,HON,0.18577309531570974,0.42130320776377445,0.43557973550803725,0.11811654641007446
1560,HON,0.18474528237384025,0.41579557827475166,0.4356847035253625,0.12743721755624987
1561,HON,0.18503894080015204,0.4166094647120781,0.4359695415321714,0.0
1562,HON,0.18571016905875792,0.41556694432180913,0.435940122490703,0.0
1563,HON,0.18579407380733937,0.4151665081395121,0.43581776136900874,0.0
1564,HON,0.18492986237372255,0.4152736927604118,0.4357463251646525,0.0
1565,HON,0.18581924236411096,0.43136263061089475,0.43965985529737145,0.0
1566,HON,0.18533260076278735,0.4305051181804075,0.4425790491073696,0.0
1567,HON,0.1849718147480126,0.42938451117901316,0.44463784327628175,0.0
1568,HON,0.18555075044613956,0.4351186603716167,0.4477000414111672,0.0
1569,HON,0.18355384539097974,0.41627800856696645,0.44550000992207234,0.11937462773634332
1570,HON,0.18220719010279662,0.40683884159891465,0.44141043984014366,0.08726123080280972
1571,HON,0.18042004384644494,0.3964352871465458,0.4355712322945631,0.05015736425716664
1572,HON,0.17755053800944776,0.3806793693759035,0.4270113750528498,0.04858284512648527
1573,HON,0.17473976836426042,0.3643840421476536,0.41614187417262166,0.05154824427420694
1574,HON,0.1723830743680046,0.35540802277762484,0.40523103136787836,0.0656757459188508
1575,HON,0.16989113273011602,0.34767871458316146,0.3945947978581405,0.12925958374842056
1576,HON,0.16671117747977915,0.34668452664370847,0.38584044983971155,0.0
1577,HON,0.16444577487346423,0.34611425047473354,0.37869622977475786,0.0
1578,HON,0.16220974164332258,0.3443935596235292,0.3725561947889734,0.0
1579,HON,0.15937379217499492,0.3407984636321021,0.36675691292226725,0.0
1580,HON,0.15759922379568314,0.3453056305994136,0.36322983641219264,0.0
1581,HON,0.1552415291409952,0.34787001616127233,0.36104105428165223,0.0
1582,HON,0.1525901714510267,0.3455079026040806,0.35870706934078284,0.0
1583,HON,0.14904943735542364,0.3343494907747996,0.3540860344275789,0.07463746614838654
1584,HON,0.1457436326638306,0.3297285794333503,0.3492487859024795,0.06087483219373357
1585,HON,0.13968578017984434,0.31052767388158364,0.340640288045142,0.05627684188058724
1586,HON,0.1347941976582705,0.2971969775346116,0.3304635325343347,0.062105740190537634
1587,HON,0.1298682081571494,0.28741603397510296,0.3199082342755285,0.05049045668286402
1588,HON,0.12487543930079692,0.28719280542493475,0.3114089038441465,0.06881733342858608
1589,HON,0.12224086286780889,0.2932709946599314,0.30610950986803975,0.10184257087746625
1590,HON,0.11908188815753284,0.29855259985415117,0.30317347161857033,0.0
1591,HON,0.11612008361476356,0.3032492291920542,0.30198374848201925,0.0
1592,HON,0.1131331094910073,0.30008809966976746,0.3002518171105332,0.0
1593,HON,0.1114969817447915,0.310561203591284,0.3014509879964625,0.0
1594,HON,0.11007800609614238,0.32574016419169005,0.3061564254185186,0.0
1595,HON,0.10697357085513559,0.3173325753760411,0.3078458194162489,0.0
1596,HON,0.10364259299780176,0.3134724969567608,0.30824468423865437,0.0
1597,HON,0.10016898393012186,0.30934783367255636,0.3075458273398819,0.07828899186509405
1598,HON,0.097148449340835,0.31062182783310777,0.3073011579761751,0.0866842358311905
1599,HON,0.09453065672536631,0.31452282865899295,0.3080681723309461,0.034777698059605136
1600,HON,0.09093957834671285,0.31368718463805845,0.30847555054587794,0.036033368848582756
1601,HON,0.08725200505185349,0.31128426877286575,0.30820842405123583,0.0372033559938448
1602,HON,0.08433634653327049,0.3145800998877578,0.30880811947835307,0.05742973612505692
1603,HON,0.08264987347978847,0.3227498952007547,0.31130414536941364,0.08219384313713458
1604,HON,0.09161917956609367,0.4594763256771842,0.3470444477487693,0.0
1605,HON,0.09129195862581962,0.439548813752418,0.37071866735803194,0.0
1606,HON,0.09104863321618906,0.4251711076934947,0.3861096884287439,0.0
1607,HON,0.09089844739316089,0.41421342731642086,0.39571819796431607,0.0
1608,HON,0.0900179555438867,0.40298278255467473,0.4006333318622411,0.0
1609,HON,0.08865871111229406,0.39345310715841136,0.4022135570079364,0.0
1610,HON,0.08748405897116873,0.38754862299610127,0.4020205364034115,0.0
1611,HON,0.08636813943710031,0.3831619069932508,0.400783497704741,0.0
1612,HON,0.08604930528450927,0.3814040856054441,0.39936004415886395,0.0
1613,HON,0.08566334815242493,0.39125581587803704,0.40065264502176473,0.0
1614,HON,0.08351541690551434,0.38418186274787924,0.3999409051935108,0.06072581716118474
1615,HON,0.08416986493135425,0.3908295084777872,0.40101212305816336,0.04911294419080235
1616,HON,0.08539486084342274,0.40467760648327217,0.40528674702841366,0.04276468466446855
1617,HON,0.08620032942782929,0.4084239325868687,0.40963102300920806,0.031196077924343313
1618,HON,0.08666180247238131,0.4106656614477701,0.4136596926167341,0.029499278811070413
1619,HON,0.08770220046079791,0.4210342066183276,0.4194415396460257,0.03583022629685811
1620,HON,0.0891369469779506,0.428717587119785,0.4259632417827759,0.09905511320978819
1621,HON,0.09133942435152997,0.44076150503503675,0.434152989459908,0.0
1622,HON,0.09280354843857985,0.4451648598929195,0.44179151621290225,0.0
1623,HON,0.09327509249059407,0.44097069230169317,0.44686723550133434,0.0
1624,HON,0.08309757072498636,0.44067046872979987,0.45085371707503474,0.0
1625,HON,0.08407085392763314,0.4455289846200965,0.4552419626861113,0.0
1626,HON,0.08495184303347703,0.44941041970834966,0.459710480282719,0.0
1627,HON,0.08647050044450388,0.46002656279425624,0.46590531177975386,0.0
1628,HON,0.08649567156181304,0.44750647973107044,0.46777127554549597,0.0
1629,HON,0.08621878312611342,0.43288540379412127,0.4656556293259283,0.0475498203273159
1630,HON,0.08495183381553906,0.41082882917795677,0.45851964674824636,0.04115159693712749
1631,HON,0.08391982415112809,0.3963016869206911,0.4492256258729292,0.037126218800525405
1632,HON,0.08292976583679312,0.38694568604186935,0.4394813893070484,0.02521904114085909
1633,HON,0.08178867672173684,0.388994380276797,0.432191608780584,0.03696997215610289
1634,HON,0.0816839635012796,0.3880944072264778,0.426137674969019,0.07489429793977952
1635,HON,0.08018209246831098,0.3830044033337023,0.4200383373468117,0.07496069728516525
1636,HON,0.08571973674015076,0.47103229515356915,0.43688376376989096,0.0
1637,HON,0.08419269100511828,0.4485558814395416,0.4448130248635867,0.0
1638,HON,0.08273276415271758,0.43058948974582356,0.44672240729158813,0.0
1639,HON,0.08054288155573186,0.41626206708161617,0.44471396833794136,0.0
1640,HON,0.07779084554181592,0.39800011924273737,0.43860024877141196,0.0
1641,HON,0.07527373381083313,0.3928460225192708,0.43243726471652333,0.0
1642,HON,0.0724629590445689,0.3808467723896156,0.42454551531789975,0.0
1643,HON,0.07196624489946002,0.3919129305384019,0.42096319495693013,0.08741857314600099
1644,HON,0.07231863900547442,0.4141739398743971,0.4235912578598545,0.07211078478766891
1645,HON,0.07296470126784715,0.4404850731063291,0.4321871801374191,0.11780164258393819
1646,HON,0.07405545224514531,0.4664928509031597,0.44548252312758585,0.04484103383123346
1647,HON,0.07531400350166706,0.4962350754893784,0.46345904772993174,0.05559334498864637
1648,HON,0.0785694705676101,0.52191333849338,0.48417754977838534,0.08343526984211858
1649,HON,0.08195080243804043,0.5378609474813594,0.5046881511717046,0.12517744841559766
1650,HON,0.08620472433604753,0.5488817896691918,0.5238165276644429,0.0
1651,HON,0.09055093111291868,0.559788601605496,0.5418109820721876,0.0
1652,HON,0.09477967318778546,0.5671066262798217,0.5580126019005387,0.0
1653,HON,0.09806869764661386,0.5690477964790098,0.5714529700303711,0.0
1654,HON,0.10100096228134703,0.5617907492664653,0.5804142572014471,0.0
1655,HON,0.10443261999895137,0.5556491673522733,0.586067571534909,0.0
1656,HON,0.10053109681592742,0.55412447582483,0.5902139358388812,0.0
1657,HON,0.10512063053875309,0.5609993036322056,0.5952277045468002,0.0
1658,HON,0.10892146925253732,0.5554161865467591,0.597860830773129,0.0
1659,HON,0.11376691189521804,0.56172728024184,0.601524881919537,0.1092273614390294
1660,HON,0.11877177366262526,0.5598635261918457,0.603996156534627,0.05009929222242334
1661,HON,0.12325223766485127,0.5595081003465847,0.6058854586913873,0.0417735155582651
1662,HON,0.12855495867797329,0.5590975984248886,0.6072955903480652,0.03053953522211348
1663,HON,0.13292634835063177,0.5661930293084714,0.6101748168070601,0.04503343853502445
1664,HON,0.1365593811520065,0.5746212329734078,0.6145582415683026,0.04717158511234638
1665,HON,0.1392862521939051,0.5775451458175928,0.6187865902067559,0.10548905637983756
1666,HON,0.14157682130856042,0.5785056353895569,0.6224063137192791,0.0
1667,HON,0.14305353146637323,0.5777183886156453,0.6251078034881083,0.0
1668,HON,0.14478194562777613,0.5815269568618157,0.6282089331947884,0.0
1669,HON,0.14670333528257506,0.5819439876363566,0.6307927583210285,0.0
1670,HON,0.14866668243274184,0.5807910397647855,0.6325752759584221,0.0
1671,HON,0.15132643049514716,0.5900356883175598,0.6362828286696656,0.0
1672,HON,0.15452316239349528,0.6020599815809322,0.6422164135286251,0.0
1673,HON,0.15730876604245037,0.6024258790841837,0.6470535833102382,0.0
1674,HON,0.1601614926708974,0.5943484205388911,0.648929837894299,0.0
1675,HON,0.16183118293107457,0.5731961526001222,0.6452105548700149,0.13663451302106502
1676,HON,0.16374418579819094,0.5625896966066813,0.6396175017626519,0.10579497547607015
1677,HON,0.16505308748305625,0.5551053955995173,0.6332959667070085,0.05420772432569602
1678,HON,0.1668150672310671,0.5436999290083254,0.625423919673387,0.049904696121094876
1679,HON,0.1672975110856334,0.5304442683443422,0.6158548432980784,0.058754435936465246
1680,HON,0.16816590490277683,0.5181732365262779,0.6051711455178191,0.06752287490319502
1681,HON,0.16897137348718339,0.5093945748073025,0.5944576521932767,0.10472316294048734
1682,HON,0.16952513243481482,0.49997770772003114,0.5835628161554832,0.0
1683,HON,0.169273419725394,0.4911608047791038,0.572670974459535,0.0
1684,HON,0.16875321663432352,0.4848005517499469,0.5623878186300031,0.0
1685,HON,0.16854345373865431,0.4808345827944612,0.5531825102720105,0.0
1686,HON,0.1686357478354572,0.48107286550595296,0.5458770707107541,0.0
1687,HON,0.16857701522840118,0.47904328630720466,0.5395318278423625,0.0
1688,HON,0.1682749618206829,0.48012421265984195,0.5347224014171531,0.0
1689,HON,0.16835886554504897,0.48412617259147345,0.5318625263859637,0.0
1690,HON,0.1690468822301434,0.49404411872161547,0.532022331843015,0.08258960953240398
1691,HON,0.1685056980869053,0.49840804084433693,0.533227172994347,0.06170734411822327
1692,HON,0.16678566712843113,0.4937052747961429,0.53303042393928,0.038739744807373966
1693,HON,0.1657788183391764,0.49063862685277404,0.5321161894710923,0.03840468012389285
1694,HON,0.16525022846042337,0.486804216775703,0.5304384863547214,0.04177548781604883
1695,HON,0.16593814272397944,0.4845947036140513,0.528551025731612,0.04770409471395469
1696,HON,0.16644995595472034,0.48775563209006095,0.5278211604780326,0.07548926237120608
1697,HON,0.16677717689499483,0.48972658215900705,0.5277236900831936,0.0
1698,HON,0.1678008007959373,0.4947135022501671,0.528876463711441,0.0
1699,HON,0.1687824743710209,0.49436280158534707,0.5297121312324768,0.0
1700,HON,0.17060319031084248,0.5025406598917982,0.5323989247099926,0.0
1701,HON,0.1725245876472563,0.5111525515823011,0.5366737364828316,0.0
1702,HON,0.1741019776653392,0.5112706661495771,0.5401227360567935,0.0
1703,HON,0.17629069021915278,0.517028250448958,0.5443028821969949,0.0
1704,HON,0.1778680802372361,0.5145592148224707,0.5470376519763009,0.0
1705,HON,0.17658435786340387,0.47945204404402153,0.5405611724663737,0.06378281672597319
1706,HON,0.17469652355305865,0.4481602609173947,0.5276573144159973,0.0655105145445246
1707,HON,0.1734379651270288,0.4292478776766159,0.5126667349757585,0.04011879127771186
1708,HON,0.17038806935529038,0.3964751132620266,0.49258609731318526,0.03915348066245071
1709,HON,0.16710743578100695,0.37217685879389184,0.47052488485339683,0.041856131245428196
1710,HON,0.1638771372718355,0.36179357837066917,0.45031336694674884,0.05757634062031452
1711,HON,0.16086079735665937,0.3542905231263962,0.4322924315884473,0.08675567539091245
1712,HON,0.15850310731094108,0.34972533226053626,0.4167490142755653,0.0
1713,HON,0.15620414936017157,0.3491021466237636,0.4041604809511128,0.0
1714,HON,0.15384645112073025,0.34810010607389774,0.39384235509120097,0.0
1715,HON,0.1515643599489267,0.3505848911512268,0.3862010884313223,0.0
1716,HON,0.1483005066074079,0.34733532010908796,0.3792860952630744,0.0
1717,HON,0.14486045390839797,0.3437993589169941,0.3728814410587755,0.0
1718,HON,0.14079112327664278,0.3386895448802042,0.3664966380659709,0.0
1719,HON,0.13783771217895646,0.3454091533705216,0.3630471654917322,0.0
1720,HON,0.1341711194241575,0.3523860222337323,0.36200944798084705,0.0
1721,HON,0.130269596241134,0.3589885938379332,0.36280875960342335,0.0
1722,HON,0.12669110290902763,0.3630883876487046,0.36446001998152333,0.03888415790509408
1723,HON,0.12229571728330901,0.3639892911330136,0.3660033673014131,0.03793791244840902
1724,HON,0.11849907426785045,0.36654311495707803,0.3678683176444112,0.041955620693629916
1725,HON,0.11664479632617519,0.36003877568290904,0.3677550355945137,0.033914944849098176
1726,HON,0.11565473852394748,0.3627423214162206,0.3683316331503501,0.03454387594235572
1727,HON,0.1140689586455359,0.36438969828355405,0.3691994765600843,0.08735414605839899
1728,HON,0.11449266374775391,0.37223899951250783,0.37183092430695186,0.1035531757952253
1729,HON,0.11460173654099881,0.3763208281390766,0.37494345985604144,0.0
1730,HON,0.11456817402703745,0.38643786636542565,0.3799303288309768,0.0
1731,HON,0.11425773639217462,0.39143966861717877,0.38515424680682064,0.0
1732,HON,0.11376270441841507,0.39406438334471383,0.3899811492377533,0.0
1733,HON,0.11328445318952829,0.398767564716061,0.39500339565855935,0.0
1734,HON,0.11294883829206359,0.4030601926444946,0.40008059448732414,0.0
1735,HON,0.11347743175557046,0.4192916251986686,0.4081481997126647,0.0
1736,HON,0.11479472022811787,0.43536054265241025,0.4185680220432827,0.0
1737,HON,0.11554985374741333,0.43930597580537134,0.42787759545640563,0.0
1738,HON,0.11894795458424001,0.47023905998144305,0.4429594033060368,0.08923020149023798
1739,HON,0.12147764624069302,0.49342383664568834,0.4607467504909722,0.049737930768492436
1740,HON,0.12340323261803343,0.5044666240236498,0.4777019395934038,0.03296694627438313
1741,HON,0.12527427952610504,0.5118763579445907,0.49309478061619677,0.04230032752627595
1742,HON,0.1272627936967199,0.516256026369055,0.506489936338134,0.05455484169563329
1743,HON,0.1295786214991015,0.5195032581522557,0.5180074634372117,0.05445294171014034
1744,HON,0.1318650031091546,0.5217747470100521,0.5277820785757024,0.08631125997031094
1745,HON,0.13225935163789027,0.49089492816571884,0.5279807672169538,0.0
1746,HON,0.13460025991451996,0.49604001588688046,0.5294095031494763,0.0
1747,HON,0.13663912246504717,0.49450761902458773,0.5301743030899473,0.0
1748,HON,0.1388290137678636,0.5001696892624428,0.5321835170730785,0.0
1749,HON,0.1413629062437196,0.5051499649490462,0.5350199983938823,0.0
1750,HON,0.14259629099190096,0.49911604869985626,0.535800039459694,0.0
1751,HON,0.14465192762990142,0.4999082155211323,0.5366195755995821,0.059925737920249786
1752,HON,0.14716065410952428,0.5033593265391245,0.5381269235314282,0.04282867347256304
1753,HON,0.14998401699498176,0.5111870080849796,0.5412646392532883,0.029314982278168113
1754,HON,0.1523626911655147,0.511385216921696,0.5438237288998797,0.03486951761642566
1755,HON,0.1535037848895393,0.5085320834026973,0.5451668598138353,0.036598749413253306
1756,HON,0.15460292675138154,0.5081353741671353,0.5461434584505418,0.03589070886889263
1757,HON,0.15639007300773367,0.5064910473210746,0.5465189247266768,0.0718524190179997
1758,HON,0.15303392403308935,0.47142705817675623,0.5381656594515871,0.0
1759,HON,0.1520732320222824,0.47123261401311395,0.531435059267168,0.0
1760,HON,0.15222006763678486,0.4773147571146765,0.5275516252855096,0.0
1761,HON,0.1528157902250764,0.4864582963743668,0.5267014633726955,0.0
1762,HON,0.15271930452680893,0.48429628362632166,0.5254877586055847,0.0
1763,HON,0.15257658830658638,0.48223551195796543,0.5240082054082068,0.0
1764,HON,0.1525765826734018,0.4824614674395109,0.5228803276693115,0.0
1765,HON,0.1540197277567139,0.467501420341136,0.5182859516543187,0.0748261454763638
1766,HON,0.15311356599723736,0.4575904470586322,0.5121644662284492,0.04065524539488764
1767,HON,0.15273599360440526,0.45095407454094383,0.50562945033969,0.054294722807934084
1768,HON,0.15212349641653233,0.4503341688874131,0.500248447639973,0.04685010709359765
1769,HON,0.15086493747839524,0.44331682916150833,0.49421179690078715,0.050022593308611446
1770,HON,0.1495770199183446,0.42824037154301714,0.4856616728812152,0.056985758983962916
1771,HON,0.1474374851891631,0.41267986795377454,0.47498130982077197,0.09155417857873845
1772,HON,0.14496232019928668,0.40034216275235435,0.46339212799464785,0.0
1773,HON,0.1420886150792091,0.39225841669320455,0.45212574956175383,0.0
1774,HON,0.13975189277085986,0.3876989362789593,0.4419873871035396,0.0
1775,HON,0.13713409349799166,0.37920228620637786,0.43177976127056816,0.0
1776,HON,0.13458341720461586,0.37665201594677666,0.4229842651211843,0.0
1777,HON,0.13278788057582736,0.38375311372041115,0.4177003878988694,0.0
1778,HON,0.13310671472841884,0.38195548064746726,0.41302963818529187,0.0
1779,HON,0.13152093433789913,0.3863099291290505,0.41036769714715665,0.0
1780,HON,0.12966666766259305,0.39374725124597776,0.4100736427029221,0.09984861825811069
1781,HON,0.12776204902262167,0.40430914631139714,0.4124450283944305,0.0539116665183821
1782,HON,0.12609370919042906,0.4069900446577615,0.4150037708679048,0.04156357967417425
1783,HON,0.12511204176063861,0.4177288026851868,0.41970104309469236,0.0546166391061903
1784,HON,0.12342944075342066,0.4204250269900991,0.4241242771755503,0.08352949993623034
1785,HON,0.12142414225317921,0.4042894052337357,0.423680663961395,0.044135622963917764
1786,HON,0.11919230011239446,0.3914974514147787,0.42016877545145204,0.08029872254671949
1787,HON,0.11733803343708837,0.3878243144345038,0.41645275059262554,0.0
1788,HON,0.11440140308427527,0.3774396646858178,0.41091704482324554,0.0
1789,HON,0.11226186118558568,0.3730332024123981,0.40540098469996605,0.0
1790,HON,0.11062153876525915,0.3667096842236237,0.39942752012560173,0.0
1791,HON,0.11043694493846967,0.37593129708680567,0.3969246019605672,0.0
1792,HON,0.10969859216404787,0.37687686585480207,0.39515562964150847,0.0
1793,HON,0.10871691858896426,0.3765888469527538,0.39366936998805313,0.0
1794,HON,0.10727377452986753,0.37285589398038466,0.3915590858906614,0.0
1795,HON,0.10717308852430518,0.3810590151780822,0.3918953528438789,0.1148465430046427
1796,HON,0.10641795602922599,0.3838284838436568,0.3928478590919354,0.09494580454750051
1797,HON,0.10471050960519124,0.38374855093463195,0.3935901370000089,0.03837049432230812
1798,HON,0.10391341807842114,0.38709550953508043,0.39500997398785564,0.029372396893650163
1799,HON,0.10221017759486584,0.3847011037073226,0.39555491475135407,0.028899274165307635
1800,HON,0.10012935601264816,0.3824019119626565,0.3954234369522929,0.04866502253414088
1801,HON,0.09730180459837268,0.37662997358567496,0.3938937657087949,0.10629373755560123
1802,HON,0.09563375478300884,0.38054757969598296,0.39363687667089226,0.0
1803,HON,0.09316697914135341,0.3831066232775988,0.3940629261408616,0.0
1804,HON,0.09108230292453312,0.38430953606517837,0.39470063930194166,0.0
1805,HON,0.09056209829713957,0.385925282971006,0.3956095690604919,0.0
1806,HON,0.08977340789706822,0.384073832329404,0.39587978299237186,0.0
1807,HON,0.0876086918084229,0.3727767091890627,0.39330787383590315,0.0
1808,HON,0.08603130179034002,0.36353917834934735,0.38897056452967604,0.0
1809,HON,0.08461332884855288,0.3620759810683324,0.3851396064314406,0.0
1810,HON,0.08515870100850176,0.38141227944324285,0.3868469533433527,0.0893987199608704
1811,HON,0.08436160999383935,0.39468707010470816,0.39148899082053124,0.052121733009766184
1812,HON,0.08411828560842372,0.40514625667113474,0.39778390204336983,0.03890979725628262
1813,HON,0.08394208369039369,0.4127839162552265,0.4047047718136499,0.0338864566811109
1814,HON,0.08388754370901719,0.41628748275587435,0.41110613243220984,0.043844386231186305
1815,HON,0.08225142364441673,0.41095310918443595,0.4149107209922397,0.039994100757829096
1816,HON,0.08059851925018924,0.40257702425944497,0.4158872109219972,0.0678995761398883
1817,HON,0.07953714277014257,0.4005497195678893,0.4161680729847879,0.0
1818,HON,0.07833732565699947,0.40054155730631497,0.41639074822476463,0.0
1819,HON,0.07761574850637443,0.401023475940121,0.4166878238159071,0.0
1820,HON,0.07741438315265015,0.40694659888946605,0.4183872849805618,0.0
1821,HON,0.07774160767767757,0.4135908512973176,0.42138662618258294,0.0
1822,HON,0.07697510520373108,0.4138747976492594,0.42385617585495455,0.0
1823,HON,0.07666466142357642,0.41860293740385024,0.4269986996881199,0.0
1824,HON,0.07648007322997152,0.4225898062771273,0.4304966604568045,0.0
1825,HON,0.07667305179601325,0.4304175874501224,0.4352268910356753,0.0
1826,HON,0.07705900790388176,0.43520926014534217,0.44019363924434507,0.07960580264536744
1827,HON,0.0777218416931893,0.4318099527750825,0.4433281037037533,0.04540290815984404
1828,HON,0.07845180870414348,0.42888170068180065,0.4451129955342293,0.05351984463868018
1829,HON,0.07844341525906096,0.4228812449439886,0.44506002291481483,0.031333916829450977
1830,HON,0.07717647363010194,0.423079482973801,0.4450665690931144,0.03625448086011477
1831,HON,0.07695832855571938,0.43329387823960874,0.4475926738605427,0.09146345472068666
1832,HON,0.07631227909603933,0.4358526802780985,0.4502450587629957,0.11312125572338251
1833,HON,0.07620320835122474,0.44330381805503166,0.4542058747153547,0.0
1834,HON,0.07635004242940413,0.44934113684153454,0.45886451119931626,0.0
1835,HON,0.07683668300651192,0.44963557763496537,0.46266408707924117,0.0
1836,HON,0.07804489663738368,0.45376587085241843,0.466723085982641,0.0
1837,HON,0.07874968792205905,0.45499750924555826,0.4702742480435716,0.0
1838,HON,0.07916920654388937,0.45354700917070706,0.4727572006536963,0.0
1839,HON,0.07833855967266468,0.4375037279091036,0.4707841514909124,0.0
1840,HON,0.07639199173104849,0.4168612043390626,0.464111228137304,0.1184049343260072
1841,HON,0.07520055986926533,0.41151318833912565,0.4574530226282504,0.11880091986103034
1842,HON,0.07358960221614375,0.3974616145091263,0.4486585916039535,0.08386609859798769
1843,HON,0.07154235748690363,0.3859834126304936,0.4387902770463864,0.0798792890580453
1844,HON,0.06910915460136335,0.3730783419554674,0.42771071071916733,0.07223021595346173
1845,HON,0.06609281673461753,0.36133667214412113,0.4159492651923013,0.09323388479121898
1846,HON,0.06302193735017259,0.3509381024535804,0.40397378750806523,0.19394350314180664
1847,HON,0.06127674551654261,0.3522826014149417,0.39472522179072017,0.0
1848,HON,0.05885192327339306,0.34593637405094324,0.3857601482165418,0.0
1849,HON,0.05768566457735025,0.35309373585565773,0.38035449476979105,0.0
1850,HON,0.05553772667304013,0.3527815402272075,0.37595292350444454,0.0
1851,HON,0.0530793485733283,0.35972422085103695,0.37414508953356673,0.0
1852,HON,0.04934562720585278,0.3454691155391455,0.36918072506528876,0.0
1853,HON,0.045997868603644854,0.3453434265614101,0.36517821400378947,0.0
1854,HON,0.04222220100717067,0.3414981130555551,0.36102719869450284,0.0
1855,HON,0.03966313741400507,0.3496727666692575,0.3597238550036857,0.0
1856,HON,0.03661323088800472,0.3553088715925036,0.36007214595634646,0.22116942614749244
1857,HON,0.03323610290962353,0.3549708312083026,0.360267351838485,0.14154981769763886
1858,HON,0.029342970611144104,0.34732541693274593,0.35853666192844136,0.1359952823593813
1859,HON,0.026381170165236334,0.3386579613508316,0.3550130200855708,0.08923370772629795
1860,HON,0.02482056037991942,0.3414986060979196,0.3528951652406149,0.0656240289369662
1861,HON,0.02163221629346923,0.3361496656855403,0.3498807863975584,0.1132446314047428
1862,HON,0.019073162942456978,0.3304015534487975,0.34605067450547866,0.12118910489737904
1863,HON,0.01686648884633657,0.33036224283722226,0.34297688330578113,0.0
1864,HON,0.014735329126360774,0.3279465609598694,0.3399216706837842,0.0
1865,HON,0.012824672490880928,0.3275462388774024,0.33737870285700333,0.0
1866,HON,0.01138153252864571,0.3319497576635505,0.33643109766364204,0.0
1867,HON,0.00969506766888717,0.3422288702995222,0.33820985329604647,0.0
1868,HON,0.007471618973184935,0.3366440393255633,0.33825454608181715,0.0
1869,HON,0.004291667819710909,0.33318714228134627,0.33743715332467483,0.0
1870,HON,0.0017493849714171894,0.3323302476754921,0.336571761299186,0.0
1871,HON,0.0011284979232160097,0.36181188834312483,0.34315538692404796,0.10906782769830066
1872,HON,0.0022360286211715596,0.3856411908764643,0.3543032544787895,0.08086519881015879
1873,HON,0.0020808087795254337,0.3999559015742031,0.3667543561612184,0.04376198968377695
1874,HON,0.0020724230160578117,0.40853916861425466,0.3788335500601586,0.050704117942768585
1875,HON,0.0011243068338591122,0.41456905886109724,0.3899850555704706,0.06159251488725917
1876,HON,0.00035659338909432847,0.419919637891896,0.4002267593496307,0.0798012753057109
1877,HON,0.0,0.4234856842444151,0.40930020692792624,0.12733049649617448
1878,HON,0.0006964004001308588,0.4305765415324401,0.4183089573809479,0.0
1879,HON,0.0005705437893666065,0.4227774783744329,0.4235911832592284,0.0
1880,HON,0.0008642088730783648,0.43030335747653004,0.4296743178225589,0.0
1881,HON,0.0012333867966121126,0.4285065816010279,0.4340973890900561,0.0
1882,HON,0.0019046124946795473,0.4280626287334094,0.4375262804889999,0.0
1883,HON,0.0036330292166208977,0.44357402084817993,0.4440975369570519,0.0
1884,HON,0.004782510240437077,0.4452021997133314,0.44975636951406023,0.0
1885,HON,0.006403698002638514,0.45221481303172495,0.456014117682494,0.0
1886,HON,0.007137850469765006,0.45051066113910476,0.4605997390256534,0.07664149919641453
1887,HON,0.008052395432170734,0.4567877222716165,0.46581738717877186,0.062031890093524465
1888,HON,0.010401699714421397,0.46373696857777885,0.4717065491241874,0.04461641558364148
1889,HON,0.013816577711367461,0.4812590124436157,0.48074224203796545,0.08213248400608507
1890,HON,0.017064485555659203,0.49317570338815375,0.49091178327994045,0.059441658204219844
1891,HON,0.0185244149685988,0.5096779910714685,0.5031201082903969,0.07030616891555186
1892,HON,0.019715846318274277,0.5184765136111555,0.5150582049622933,0.07169157043874846
1893,HON,0.021339381336327623,0.5246135376242451,0.5261232728332648,0.0
1894,HON,0.023353066112144383,0.5299851733500108,0.5363010232006549,0.0
1895,HON,0.025559738159834033,0.5343981230332683,0.5455323200665562,0.0
1896,HON,0.027934214071502428,0.5391016367125155,0.5540781640474655,0.0
1897,HON,0.030409379573486994,0.5419938147340808,0.5616286160470113,0.0
1898,HON,0.0330775180083287,0.549489317699025,0.5695188348103107,0.0
1899,HON,0.03613161357525474,0.5452185369756092,0.5747769999229364,0.0
1900,HON,0.03864872837888367,0.5477602070836823,0.5796108050164732,0.07640877277793386
1901,HON,0.04296137981130066,0.5619634593289917,0.5869831492741154,0.13649755067497235
1902,HON,0.04808789173688499,0.5821633117319398,0.597866259406609,0.10898630770990629
1903,HON,0.052316633811751334,0.6014706866566373,0.6113377227228081,0.07302854207636669
1904,HON,0.0570823658678532,0.6106268361249441,0.6243745907923022,0.0775838001375321
1905,HON,0.061575406722903736,0.6184259532446397,0.6367288730495416,0.06672323394176756
1906,HON,0.06662221523141687,0.6219956682541687,0.6474932888187146,0.12682296882649347
1907,HON,0.07115302198037066,0.6243454475353787,0.6566847366254287,0.0
1908,HON,0.07543211192304167,0.6233301308966485,0.6637873191901118,0.0
1909,HON,0.07862884740614362,0.6199877212880487,0.6686444932516502,0.0
1910,HON,0.08192543006240793,0.6151579884621341,0.6713382756824553,0.0
1911,HON,0.08435863294794732,0.6069348217544993,0.6714638602522838,0.0
1912,HON,0.0873036536731977,0.6013086920423577,0.670175823841058,0.0
1913,HON,0.09086117619528888,0.6024471008024883,0.6694263489869209,0.06725157988805465
1914,HON,0.09233787662305559,0.5783965709486134,0.6628912041190933,0.07332766784023309
1915,HON,0.09388170207874547,0.5600004474863618,0.6531230058675266,0.03397126376581148
1916,HON,0.0953668026089951,0.5458470467392088,0.6418154502139394,0.03435979854920718
1917,HON,0.09776645424694186,0.544708768226424,0.6324884835606981,0.04674798796835096
1918,HON,0.10012834203941656,0.5485687701859147,0.6259795417439441,0.10213797126551892
1919,HON,0.10342575789489672,0.5525286882181066,0.6217496786436536,0.09636714499031183
1920,HON,0.10668960970009156,0.5610384977775446,0.6204659717332969,0.0
1921,HON,0.10921511180351118,0.5710306690037963,0.621905030114264,0.0
1922,HON,0.11023035250152535,0.5699595200799756,0.622791921975961,0.0
1923,HON,0.11103583388862459,0.5702589248528694,0.6235753272463722,0.0
1924,HON,0.11261322339459978,0.5740111742967944,0.6251280901216354,0.0
1925,HON,0.11439618112213301,0.580425883247154,0.627953422376454,0.0
1926,HON,0.11573025597273867,0.5780331186685574,0.6296231644066039,0.0
1927,HON,0.11695525034848364,0.5749218709102676,0.6301911157684342,0.0
1928,HON,0.11832288105565114,0.5718787800597361,0.6298944554206635,0.0
1929,HON,0.12000934847594813,0.5713062589483957,0.6295158314503346,0.0725714165500478
1930,HON,0.12147765904338526,0.5666203568762734,0.6280564722530593,0.04321063406334629
1931,HON,0.1230130987356075,0.5598572398774184,0.6252198773666938,0.04219755098176801
1932,HON,0.12487575783178118,0.5597829590475851,0.6229322692755141,0.038107745757563934
1933,HON,0.1260923592745513,0.5581006175708992,0.6206869883257048,0.0471558070500765
1934,HON,0.12984285677793128,0.5623248153264502,0.6199332769922918,0.059163131577205784
1935,HON,0.1336772631267542,0.5672571628381956,0.6205475895971114,0.09251554467843214
1936,HON,0.13740258387964,0.5700077295759062,0.6217178674537909,0.0
1937,HON,0.14019657277995368,0.5708190763542345,0.6228543265554127,0.0
1938,HON,0.1427850047250785,0.5734769983066229,0.6244194572840034,0.0
1939,HON,0.1451510902643105,0.5735806090482133,0.625697132542181,0.0
1940,HON,0.1471983411388429,0.5750569512316944,0.6270836275060891,0.0
1941,HON,0.1489267578607847,0.5756065866281815,0.6283284710755623,0.0
1942,HON,0.15148582145395073,0.576912944209876,0.6296467492364433,0.0
1943,HON,0.1551733937245947,0.5923475777232328,0.6345105714288297,0.08568846479015835
1944,HON,0.15866378353714694,0.6053732603668498,0.641616310367255,0.04965991701615805
1945,HON,0.16160880887136608,0.6122436933839885,0.6489964941678359,0.06941777635385635
1946,HON,0.16556906978252295,0.6218569620180417,0.6572731536243569,0.055088885275517835
1947,HON,0.16982718891517923,0.6311767905036904,0.6661945738676657,0.05588458172137783
1948,HON,0.17381681152089445,0.6340553958713031,0.6740421372058333,0.06111303710605794
1949,HON,0.1769632011846234,0.6274372531743353,0.6786868593678757,0.09880529389051515
1950,HON,0.18030257402336325,0.6196583299232405,0.6804828330538157,0.0
1951,HON,0.18379296742066975,0.6116542574756083,0.6799442421274606,0.0
1952,HON,0.18653662279219496,0.6011825395257352,0.676928995454964,0.0
1953,HON,0.18922993029591595,0.590286585851364,0.6718277246746986,0.0
1954,HON,0.1916379712820846,0.5835502694491083,0.6660842147913028,0.0
1955,HON,0.19401244360899872,0.5792562723586198,0.6604296672892931,0.0
1956,HON,0.19630301528419292,0.573648823786818,0.6545221356438659,0.0
1957,HON,0.1987362232908101,0.5695579506052014,0.6487865008195242,0.0
1958,HON,0.20019614348581083,0.5568741907506681,0.6410676968159735,0.05923895393200269
1959,HON,0.20128688729360045,0.5407793258263537,0.6309205117411769,0.05621986554461269
1960,HON,0.2022517796117027,0.528449368702634,0.6197597844950675,0.03058993736547558
1961,HON,0.20310473952720454,0.5173889350055509,0.6081015363097528,0.02937130119488142
1962,HON,0.20352593786226647,0.5051542226835588,0.5957554645733723,0.03697786118723782
1963,HON,0.20276661018096886,0.4968303338188803,0.5838243080241085,0.05198455152391976
1964,HON,0.2013822038500055,0.4849347973926742,0.5713436167158233,0.12484523254891527
1965,HON,0.19933494836650345,0.4658101940956185,0.5566391956927936,0.0
1966,HON,0.19757296503373878,0.46010088622287154,0.543466626803093,0.0
1967,HON,0.1954963427346006,0.45553662575201503,0.5318021322824864,0.0
1968,HON,0.1932015753610803,0.44695803601433126,0.5203533784506558,0.0
1969,HON,0.19133051974717752,0.4385086929621438,0.5091091146833501,0.0
1970,HON,0.1896845846265398,0.4341115739921542,0.49902851404792115,0.057030244353973816
1971,HON,0.1876457220760126,0.426222704701721,0.4890170952969601,0.044594939887774146
1972,HON,0.1857993305928045,0.4202316131917856,0.47952938526264843,0.03724959448188569
1973,HON,0.18395134645467204,0.4148893974308422,0.4706207818825041,0.03581532479360322
1974,HON,0.18174467901595115,0.41025943037574697,0.46235124367355507,0.050753862666869445
1975,HON,0.17941216111175828,0.40810155379387847,0.4552030586571563,0.04948372865414444
1976,HON,0.177230662229809,0.407904939945666,0.44943598721108124,0.08807971778305954
1977,HON,0.1752085824725862,0.41182828316885395,0.44579059390534165,0.0
1978,HON,0.17340465700768437,0.4098020108903935,0.44237420417474554,0.0
1979,HON,0.1722300094755287,0.4111782564445713,0.439980743739786,0.0
1980,HON,0.17015758799579395,0.4033915725247276,0.4361442560492116,0.0
1981,HON,0.16827261227058932,0.3995335747970596,0.4321229290265115,0.0
1982,HON,0.16727247823740088,0.4047537259976873,0.4301941777644471,0.0
1983,HON,0.16602230813537666,0.40829120758684917,0.42952421165180527,0.0
1984,HON,0.16416384371331372,0.3995008336601237,0.4268188131399987,0.07481080569360142
1985,HON,0.1628717217491067,0.390483237256797,0.42242899120104643,0.041148528980575014
1986,HON,0.16002738600520372,0.3751862079729127,0.4151418941048008,0.05469421457901719
1987,HON,0.1571662659316737,0.36387930776469507,0.4065217231884829,0.06510992707467275
1988,HON,0.15480857332541742,0.357018764155288,0.3979324344679187,0.04459954182260286
1989,HON,0.15262707751611426,0.35302505891615815,0.3900753746042915,0.053896984154880964
1990,HON,0.15058964425815757,0.3547974473938524,0.384227144394043,0.15669697661647344
1991,HON,0.14848366282499947,0.3518350868370728,0.3788174626700245,0.0
1992,HON,0.14686483049188803,0.3563151363676401,0.37559537380998426,0.0
1993,HON,0.14527276193101057,0.3602218497837426,0.3739818624098281,0.0
1994,HON,0.14299058011614507,0.35529623357807605,0.3714754328748865,0.0
1995,HON,0.14111113105715978,0.35829794579409474,0.37021109861916957,0.0
1996,HON,0.13845977541562204,0.35357863079339924,0.36803492502977464,0.0
1997,HON,0.13580002735321672,0.3544783569794498,0.3665160346236365,0.0
1998,HON,0.1326284665721782,0.3446812925256927,0.36288304988277104,0.0
1999,HON,0.13090080776962143,0.3577946984928512,0.3632129930050042,0.07312518270776969
2000,HON,0.12959191018161764,0.3647666545690611,0.36519759559707293,0.06692330853693973
2001,HON,0.12830189502845846,0.37313526807619707,0.3688506146759297,0.05589838752586397
2002,HON,0.12643923183542372,0.381460324269253,0.3738276171906838,0.04897576270495593
2003,HON,0.12406895418261987,0.38169012469979624,0.3778659329379951,0.043869368163113605
2004,HON,0.12240346474184527,0.37894998628577936,0.38042033142744025,0.047947120700861524
2005,HON,0.12128754367145289,0.3814089217733778,0.38307070468199805,0.0829310292687438
2006,HON,0.12092675714457135,0.38414112939946843,0.3858653001104705,0.0
2007,HON,0.12059953569218962,0.38725476857383884,0.38886940890650845,0.0
2008,HON,0.12017162464949172,0.39023469021851265,0.3920081274984105,0.0
2009,HON,0.1197185435136996,0.39327442661747614,0.3952692959452744,0.0
2010,HON,0.11955073094389013,0.4034737687370121,0.4003953834772638,0.0
2011,HON,0.12002059231244777,0.4141035330454249,0.4071196325804072,0.048986938832397096
2012,HON,0.12024713185612823,0.4256442520993702,0.41534723056494427,0.03237833689581526
2013,HON,0.12088899739595993,0.43920660993983274,0.425276439215169,0.04002806741966008
2014,HON,0.12279361501171726,0.455885874435333,0.43733617525106094,0.04185898006222692
2015,HON,0.12431772534545438,0.47016626203322204,0.4505083009283332,0.032231951540311415
2016,HON,0.12710333001862484,0.487933811117506,0.4654309544356836,0.04415293500446388
2017,HON,0.12951976137722943,0.500552528671323,0.48048332123190535,0.06531526102393488
2018,HON,0.13280878737238044,0.5085962966906972,0.49451038123649954,0.0
2019,HON,0.13411692755310645,0.5103830846569194,0.5061730006512625,0.0
2020,HON,0.1362061297777144,0.5159830085707859,0.5168851327744103,0.0
2021,HON,0.138226107332859,0.5207343853504703,0.5266274573637845,0.0
2022,HON,0.13914904881299428,0.5115639942151122,0.532158104837961,0.0
2023,HON,0.14115854045102338,0.5094591988863721,0.5360631685878631,0.0
2024,HON,0.1436420881317213,0.5090426138171369,0.5390844082249978,0.0
2025,HON,0.1455718763526801,0.5052877526904617,0.540574716723956,0.049227116002505206
2026,HON,0.14782049667779917,0.5055120823528456,0.5418223270971112,0.02898868318483693
2027,HON,0.15040473036405944,0.5092484653681929,0.5437425382897831,0.03345497050598054
2028,HON,0.15295540460900447,0.5109289975649942,0.5456934551984687,0.030161300007143954
2029,HON,0.15534665972922213,0.5096891208548807,0.5469481926068126,0.04112004081258774
2030,HON,0.15751977079927348,0.512627893725076,0.548677258752006,0.050779282878304244
2031,HON,0.15913072077077972,0.5096741463675694,0.5493315398120375,0.06420553731095362
2032,HON,0.16049835199005447,0.5066046062997531,0.5490974156723355,0.0
2033,HON,0.1615177801926726,0.5036778522649312,0.5481878063377623,0.0
2034,HON,0.16202119946622195,0.5005985133190219,0.5467001515623624,0.0
2035,HON,0.1624184844204688,0.4976332583937346,0.5447782158688055,0.0
2036,HON,0.1619402321673662,0.49121748602494175,0.5416572829123598,0.0
2037,HON,0.16223389110578612,0.49398446710245414,0.5398434153068935,0.0
2038,HON,0.1639119655931074,0.5107639561301256,0.5425334253119467,0.0
2039,HON,0.1665696129897576,0.5309599112967605,0.5496697062215884,0.09388056620453014
2040,HON,0.16901120675984194,0.5481922777996266,0.5596316032076778,0.06126950289023421
2041,HON,0.17120110011108958,0.5587123853635365,0.5701974370718701,0.052518156824296815
2042,HON,0.17464954830361235,0.5685192268846855,0.581070389516408,0.03417681685482736
2043,HON,0.1777875455464737,0.5769605256736743,0.5918520268851037,0.048508556749964606
2044,HON,0.18144574383197432,0.5901919709024106,0.6037427992655615,0.053032916105851514
2045,HON,0.18502005068369298,0.5952126853138073,0.6144945074036404,0.11073920660013875
2046,HON,0.18827551467698989,0.5975153473263433,0.6236641607708101,0.0
2047,HON,0.19153937057904669,0.6019308705395026,0.6320896151723956,0.0
2048,HON,0.19489551852947473,0.604179219972814,0.6393848614447055,0.0
2049,HON,0.1986460160328547,0.6069872108643473,0.6459140582639672,0.0
2050,HON,0.2014903476798957,0.6012674384149568,0.6497258010366114,0.0
2051,HON,0.20514016071403685,0.600049704105684,0.6524746637832588,0.0
2052,HON,0.20881514384127176,0.5976081628497132,0.6540711923374344,0.0
2053,HON,0.21238105110261518,0.5928458412498933,0.6541730951564491,0.07823990456025444
2054,HON,0.2150324072562606,0.5764918701099085,0.6502185292653255,0.0795352396446605
2055,HON,0.2174941427340049,0.5600179172026933,0.6429891774336645,0.057526815035967405
2056,HON,0.22008677242588703,0.5438561226116352,0.6332170361490095,0.06757327704655712
2057,HON,0.22207529581443985,0.5312400836695496,0.6222857402005377,0.06026321314102213
2058,HON,0.22287237863537968,0.5214464647826976,0.6111236813765626,0.05820877794963204
2059,HON,0.22305068173127296,0.5133803122958247,0.6002033433616426,0.10668840825210188
2060,HON,0.22337791086527004,0.5104323313114901,0.5907395242091193,0.0
2061,HON,0.22386035113508296,0.5074082912607436,0.58242214910346,0.0
2062,HON,0.22383517489669646,0.5011825080216755,0.5742317530989036,0.0
2063,HON,0.22361702726177501,0.4955468965566966,0.566288592173274,0.0
2064,HON,0.22313878012974975,0.49559989284042544,0.5599471426824966,0.0
2065,HON,0.2226605242918942,0.4913734810377032,0.5538309232463366,0.0
2066,HON,0.22275281838869665,0.4943649572166418,0.5496762308607156,0.0
2067,HON,0.2230716525412877,0.5031759213620802,0.5485269841493265,0.0
2068,HON,0.2238267819637212,0.515155355341619,0.5505640583962383,0.08793355156730943
2069,HON,0.2240617113677308,0.5204472775799649,0.5534997409262957,0.0510323892938835
2070,HON,0.2243553708182584,0.5183546694357846,0.5553318404644481,0.05179280423939002
2071,HON,0.2244099143843883,0.5180945479931666,0.5567333232670453,0.037280712326917945
2072,HON,0.22420854851855632,0.5143094878374137,0.5569203733108238,0.03829664422529495
2073,HON,0.22426728727090461,0.5125212062538795,0.5566286733165761,0.05676530439169215
2074,HON,0.22516506326691443,0.5093396249844949,0.5556101130577036,0.058149829355873754
2075,HON,0.22622728421254612,0.5058967897038693,0.5539455882462521,0.0
2076,HON,0.22714183019916723,0.4988141349733653,0.5508660003618238,0.0
2077,HON,0.22738514587875214,0.48588313832596064,0.545211016957165,0.0
2078,HON,0.22784661892330416,0.4789407363354378,0.5389736759575132,0.0
2079,HON,0.2291974642766288,0.4841152905292324,0.535260860373154,0.0
2080,HON,0.23137896111014689,0.5017022935092016,0.5366310028867651,0.0
2081,HON,0.23268366402403995,0.5044927711871328,0.5384157945149806,0.0
2082,HON,0.23364855787846528,0.4988353561602864,0.5384474026723999,0.08544719192128149
2083,HON,0.2341352035766504,0.4880134869312289,0.5358018994713191,0.03973924122421985
2084,HON,0.23445403158394917,0.48210352127704975,0.5322269433812898,0.03686390851528872
2085,HON,0.2350833079803718,0.4770320933332313,0.5281153723988096,0.022251888875107432
2086,HON,0.23542730864130368,0.47614976492501176,0.5246083608424942,0.027335492882559938
2087,HON,0.23548603715149863,0.4787581304161359,0.5224464847280634,0.032445393660462236
2088,HON,0.23515042737511083,0.4814907001307039,0.5213913700231887,0.08814743196696775
2089,HON,0.2350833054198329,0.48309813721403905,0.5209439866613336,0.0
2090,HON,0.23570419656489605,0.4866845609881647,0.5214711935848417,0.0
2091,HON,0.23593492566161034,0.4866186030210033,0.5218766809874612,0.0
2092,HON,0.236178243389626,0.4834933056436249,0.5214297612630717,0.0
2093,HON,0.2363124842275348,0.481282589806813,0.5205266305386077,0.0
2094,HON,0.23613628179739665,0.4744530824171156,0.5181186335740418,0.0
2095,HON,0.23655580041922697,0.4755979212970927,0.5164747772025287,0.0
2096,HON,0.2372857602606735,0.4761278149296855,0.5152904675231674,0.05104290800206342
2097,HON,0.23875407492497303,0.47815531392570654,0.5148433976141813,0.055759452921987564
2098,HON,0.23962666802519594,0.47597242284595087,0.5139470137696975,0.043334448024214066
2099,HON,0.23986998831374962,0.4774646352907668,0.5135981781621707,0.030151219578471534
2100,HON,0.23919212416366253,0.48134357250301346,0.514276414319084,0.03472554279821305
2101,HON,0.23986755324167097,0.4896373708419741,0.5168658761953765,0.04615039385987941
2102,HON,0.24079888509424263,0.4914886351112946,0.5193943295755112,0.05086102200645235
2103,HON,0.24251890734688608,0.49596460888123584,0.522521742918998,0.0
2104,HON,0.2426195979614172,0.48279068516796153,0.5217724071653006,0.0
2105,HON,0.24409630504658386,0.4883003871109722,0.5225327087681038,0.0
2106,HON,0.24496890838896057,0.48843235730032775,0.5231735197126238,0.0
2107,HON,0.24553945781151176,0.4881217309684119,0.5236095072557764,0.0
2108,HON,0.24603448876105638,0.4875671500922718,0.5238214291693256,0.0
2109,HON,0.24626941918928136,0.48345260358024444,0.5229755147183441,0.0
2110,HON,0.24599253638676544,0.476496524351695,0.5205820533994469,0.04823726173482424
2111,HON,0.2458079481931601,0.46937884094436666,0.5169106713856912,0.02799773321838723
2112,HON,0.24605907044241215,0.4660801831925636,0.5131594715502987,0.025719118058912655
2113,HON,0.24600453916686638,0.46031579810268736,0.5087358867957711,0.025443221108943575
2114,HON,0.24631749995633045,0.4552889322235525,0.503956410603255,0.03566126954671819
2115,HON,0.2461413021351615,0.45227709816775524,0.49938952225146827,0.03448514648835119
2116,HON,0.24617487079441558,0.45229791867699093,0.4957411499801417,0.05327988660832582
2117,HON,0.2460490157199744,0.4523119432064883,0.49282591335527515,0.0
2118,HON,0.24576374869031437,0.4469600005721513,0.4891728881531158,0.0
2119,HON,0.2455036476568866,0.44659771080559524,0.4861610564704912,0.0
2120,HON,0.24512432487996172,0.447964899248953,0.48408900721879505,0.0
2121,HON,0.24427269798078388,0.4490832041194726,0.4827073605407503,0.0
2122,HON,0.24441533277588334,0.4575382305457744,0.4836887065318895,0.0
2123,HON,0.2436266377668419,0.45655612701752113,0.48423140449369445,0.0
2124,HON,0.24478450301780175,0.4625854156307211,0.4861535647737614,0.06289595814255391
2125,HON,0.24448245575537575,0.46609793160790197,0.48855816649159606,0.04528851720838744
2126,HON,0.2441887901595563,0.46501734060319516,0.4902151627587542,0.039222290545127665
2127,HON,0.24409649811118417,0.466406055326988,0.4918834884582149,0.036296993972341936
2128,HON,0.24410824893430005,0.46866130397644273,0.49377473446502373,0.039770139929498356
2129,HON,0.24503957720211744,0.47784346034979813,0.4975538470767833,0.04704360749615738
2130,HON,0.24602964780703784,0.4820639472873208,0.5016187347790576,0.0726404455724785
2131,HON,0.24722947106547277,0.4861210379031941,0.50587191706024,0.0
2132,HON,0.24753211339703718,0.4807719129068417,0.5079543223635816,0.0
2133,HON,0.24777962323862468,0.47258131894090705,0.5075988440408234,0.0
2134,HON,0.2494467903442006,0.4823102235375632,0.5097155122456325,0.0
2135,HON,0.2500089452974539,0.4774774870942852,0.5102161487114999,0.0
2136,HON,0.2512339350642292,0.4836267038847973,0.5121342575414876,0.0
2137,HON,0.25281132508231163,0.49225451668401954,0.5157980508559089,0.0
2138,HON,0.25513125998838815,0.5019813713454088,0.521129630455454,0.06698422938848175
2139,HON,0.2572372403973313,0.5102745650594834,0.5274416178670895,0.04659875379604839
2140,HON,0.2588565807412735,0.511939856996073,0.532902194521758,0.04090637955268317
2141,HON,0.271687152712774,0.4730564452207391,0.5192052230419651,0.0
2142,HON,0.2713179732529172,0.4712789977710331,0.5162781574469115,0.0
2143,HON,0.2713179732529172,0.4601380245994033,0.5111869617943666,0.0
2144,HON,0.271124994686875,0.4608476069132053,0.5072891270663629,0.0
2145,HON,0.2715193432156111,0.46874908475284294,0.5061209092610643,0.053928759419174466
2146,HON,0.2744182117713829,0.48522281934829536,0.5092519802572048,0.09442293709505713
2147,HON,0.27515656608212735,0.49085301423209565,0.5131463443876911,0.0429673889366857
2148,HON,0.2761130654672552,0.4924400123762845,0.5166534998538418,0.04208074949302018
2149,HON,0.2770905382229354,0.4964499129857415,0.5204488500601016,0.050396445728506004
2150,HON,0.27860080116466346,0.5036029503415027,0.5252504683827202,0.051688712856359585
2151,HON,0.27955730311032934,0.5051459443620766,0.5294725671784155,0.1169610224885598
2152,HON,0.2800019918252543,0.5030700416984214,0.5323379225681947,0.0
2153,HON,0.28058931892003214,0.4981825205425664,0.5334239881559383,0.0
2154,HON,0.2814115769551431,0.49799743817973086,0.5342471631130483,0.0
2155,HON,0.28204085130313494,0.4985206356103305,0.5350348259033861,0.0
2156,HON,0.28265334644257667,0.4974088681048828,0.5353905768052901,0.0
2157,HON,0.2840620876189881,0.5008856983193126,0.536533243931307,0.0
2158,HON,0.28558913540245134,0.5113923841096772,0.5400403814727645,0.0
2159,HON,0.28818176048536337,0.5149776750512406,0.543730925540829,0.0
2160,HON,0.28995213060581104,0.5168716109127299,0.5471507758356428,0.0646843576728936
2161,HON,0.2913113678678956,0.5127531020971235,0.5488702262105773,0.05787108358910595
2162,HON,0.2933628082954618,0.5170248485106668,0.5513000347366147,0.04570466360075542
2163,HON,0.2964840232571273,0.5227588006205174,0.5546589957180438,0.031628221518734914
2164,HON,0.2985354636846935,0.5233190025467329,0.557484419874595,0.038179185317285876
2165,HON,0.29876200732523595,0.5088005754385817,0.5561616752471332,0.06503169418258462
2166,HON,0.29833830222301794,0.4995591269451497,0.5528227307044058,0.07804596587818723
2167,HON,0.29819566435527234,0.48820411927096996,0.547349209119898,0.0
2168,HON,0.2981117637035524,0.4772087483767279,0.5402567826774347,0.0
2169,HON,0.29819147787488465,0.4734700231096677,0.5336601405718957,0.0
2170,HON,0.29817470122687295,0.47367246472159513,0.5284327885868726,0.0
2171,HON,0.29816630726968274,0.47021010177851746,0.5233964110532975,0.0
2172,HON,0.2988081707610828,0.4723041586580785,0.519884113053851,0.0
2173,HON,0.30036039119817914,0.48180503572788524,0.519419049326635,0.07273774362314274
2174,HON,0.30183709981966844,0.49218614822071916,0.5216090112479949,0.056225344038456394
2175,HON,0.3024495970075409,0.4908291639018967,0.5230260830237329,0.04368879700602503
2176,HON,0.3034983920257939,0.4934939524128898,0.5248173985280785,0.028467349710669783
2177,HON,0.30415704240735986,0.495358309815089,0.5267105661382616,0.04798327876022999
2178,HON,0.30412348655079846,0.49647493643557894,0.5285006787649946,0.04153333838815699
2179,HON,0.3048114955542771,0.5014104101224159,0.5311508220641935,0.11417772847620296
2180,HON,0.3055162853026294,0.5047153325954916,0.5340865770335961,0.0
2181,HON,0.3062294700323873,0.50194015444815,0.5357502792486479,0.0
2182,HON,0.3063175745761568,0.49999206647186023,0.5366004614765764,0.0
2183,HON,0.3057805943249674,0.4936514542958122,0.535715772062305,0.0
2184,HON,0.305776404771934,0.4913868542817589,0.5344491272079956,0.0
2185,HON,0.30763067247145504,0.4970071714063399,0.5348228808705928,0.0
2186,HON,0.3094933315676287,0.5037776204242732,0.5367928008392753,0.0
2187,HON,0.3111714060549504,0.5027355924721087,0.538111568898864,0.0
2188,HON,0.31284948515124134,0.499654645141552,0.538406219096537,0.0649576249458177
2189,HON,0.31500581240377334,0.5075191940453045,0.5405828753328309,0.08084701021059769
2190,HON,0.3176236096282108,0.5218842957758023,0.5458694442457475,0.06889863427722669
2191,HON,0.3205812189847621,0.5329890387633469,0.5528393011025047,0.059507180990590575
2192,HON,0.3229431103619911,0.5387325087479277,0.5598326497181298,0.0498372010769404
2193,HON,0.3248896701098847,0.5454216714961229,0.5670781845553912,0.06588721578121788
2194,HON,0.3264754499882958,0.5486063946430014,0.5736605880902208,0.0837245343170663
2195,HON,0.32880797352567326,0.5498032135947145,0.5792218805713004,0.0
2196,HON,0.3307881029570363,0.5496274875034505,0.5836275461297505,0.0
2197,HON,0.33293183696929773,0.5505623308240799,0.5873827937962439,0.0
2198,HON,0.3348783977414067,0.5479887796231563,0.589751850812512,0.0
2199,HON,0.3366235967445448,0.5470636597710345,0.5914187809150534,0.0
2200,HON,0.3380751311760779,0.5417822436205114,0.5914488947208234,0.0
2201,HON,0.3393588581588789,0.5298720779358013,0.5885336092599116,0.0
2202,HON,0.34042443545832857,0.5178676364416851,0.5832387375305542,0.0
2203,HON,0.3427905235580986,0.518831168647321,0.5792406356574364,0.06935313012650061
2204,HON,0.3442210866675093,0.5109337417328675,0.5740931039323558,0.06294460716788604
2205,HON,0.34537057383661773,0.5085926184502646,0.5693972996232994,0.0494182058677737
2206,HON,0.3466459058380127,0.5104823547463428,0.5661070347821443,0.043096900531150936
2207,HON,0.348240074552538,0.5093122596478425,0.5631860485854356,0.04485834587177957
2208,HON,0.34993492056679454,0.5072471727405763,0.5603396052623965,0.06228411995008873
2209,HON,0.35123543085500764,0.5111555856003112,0.5590270297070548,0.09103394080334004
2210,HON,0.3517724136667355,0.513346169586707,0.5585175957555987,0.0
2211,HON,0.3522548570091941,0.5143644992235665,0.5583613678698081,0.0
2212,HON,0.3528589622883067,0.5138571758043572,0.5581111803727168,0.0
2213,HON,0.351843732344554,0.4967735939466184,0.5536948775126734,0.0
2214,HON,0.35150811488655176,0.48992805662765926,0.548472386723608,0.0
2215,HON,0.35189407201863565,0.49247229083706456,0.5449222999047227,0.0
2216,HON,0.35022438227056574,0.46968455251829977,0.5364583168617224,0.082554766311558
2217,HON,0.3485672785932583,0.45396337231630085,0.5258072123012253,0.06934502195561193
2218,HON,0.34750169668483943,0.4464395582907908,0.5154294844439402,0.045816644014920783
2219,HON,0.34654099545609407,0.44403416073051616,0.5065336606200938,0.03903383035690415
2220,HON,0.3459284967318985,0.44288680467310054,0.49913383913255666,0.05100214800786624
2221,HON,0.3459914229888499,0.44333375997982033,0.49332428854634525,0.06270421085802418
2222,HON,0.34615923504655166,0.44323795303590297,0.4886530033450129,0.09925387296643787
2223,HON,0.34535375621999087,0.442866773408545,0.4848243696845048,0.0
2224,HON,0.34503911264464815,0.44059655386564467,0.48120118255820343,0.0
2225,HON,0.34451051303584945,0.4409343916288598,0.4783860097311843,0.0
2226,HON,0.3431261061927784,0.43556873068562707,0.4748096499490058,0.0
2227,HON,0.3425555629155195,0.4391970072200579,0.47284400481341426,0.0
2228,HON,0.3422199526270244,0.44446993070080376,0.47257282302765713,0.0
2229,HON,0.3413221786794458,0.44819176703704605,0.473274410436778,0.0
2230,HON,0.34013913616588365,0.4475786045324941,0.4736843545548742,0.0
2231,HON,0.34008879649180246,0.46055112836808876,0.4772138716738601,0.07982866777492945
2232,HON,0.33993776569108247,0.4688315751062792,0.48208106320346605,0.042835905084436736
2233,HON,0.3409530852536813,0.4729455791133386,0.48699013452113177,0.04595075754421473
2234,HON,0.34150684778606655,0.4775185507644589,0.4920459808650845,0.03818817004718955
2235,HON,0.34130127956450806,0.4801664412898294,0.496744145675474,0.0459987491502856
2236,HON,0.34265632932198953,0.47606432900191203,0.49949029425378455,0.05587669269024289
2237,HON,0.344187582533825,0.4769949003641085,0.5019168740356147,0.07145183154814785
2238,HON,0.3451860414627501,0.4759512013497908,0.5036005575349323,0.0
2239,HON,0.3458950315183982,0.47486170206286227,0.5046786207024064,0.0
2240,HON,0.3465914339669598,0.47424508137190646,0.5053888919619912,0.0
2241,HON,0.34721651824981015,0.4739067074150112,0.5058735997653953,0.0
2242,HON,0.34713260991647443,0.46445888333156726,0.5039296845794642,0.0
2243,HON,0.34783740120115025,0.4658501511334451,0.5027179112048955,0.0
2244,HON,0.3486848288172477,0.4663864242206323,0.5018808423444244,0.0
2245,HON,0.35006085143317467,0.4748831577985578,0.5033081437311994,0.0691184314502362
2246,HON,0.35136136223349546,0.4746295088991699,0.5043873854078951,0.057250041526983333
2247,HON,0.3520997103989476,0.47516665799187524,0.5053833447827444,0.036922199689785766
2248,HON,0.3526283084714228,0.4751262262179555,0.5061701338986548,0.028132285027188668
2249,HON,0.35336666329427535,0.4768175178662705,0.5072169685312405,0.03352356124890375
2250,HON,0.35410501760502067,0.47428724732987715,0.5074299765980237,0.04659546669974216
2251,HON,0.35370228331281695,0.47195280301335313,0.50702425246191,0.06372847006704362
2252,HON,0.35346735698145393,0.4700960675472346,0.5062414390066129,0.0
2253,HON,0.35337497838688137,0.46793995300663227,0.5050830686571701,0.0
2254,HON,0.353148440379524,0.4660701993711097,0.5036949254042596,0.0
2255,HON,0.3529848322138718,0.46454537951462505,0.5022080919680911,0.0
2256,HON,0.35096694866708233,0.4354135355422598,0.4938290142597558,0.0
2257,HON,0.3465368268994755,0.38865720434785844,0.4755864952065164,0.0
2258,HON,0.3425849614818328,0.3569170749883817,0.45315915564322085,0.0
2259,HON,0.34190534080235935,0.3718491663120406,0.4389024584542212,0.21722447230051597
2260,HON,0.34025243640813185,0.3734437713934427,0.42789064222342915,0.08976884700495125
2261,HON,0.3377101489508698,0.3654639933979128,0.4171118151276109,0.062313922956598496
2262,HON,0.3361327543238182,0.3626810879486078,0.4078019446263492,0.052931673539619806
2263,HON,0.33334715169907936,0.3561593193037816,0.39874450440902676,0.05808364915024178
2264,HON,0.33066223507990244,0.35293720663747186,0.390703349001206,0.11845818528616803
2265,HON,0.3273228704348856,0.35203921824213424,0.3840488050886761,0.11449000262529424
2266,HON,0.32509102829410175,0.3589284201829794,0.38042539469631076,0.0
2267,HON,0.3227249478759471,0.3647921343699235,0.37897380525290114,0.0
2268,HON,0.31993094924558685,0.36511992787275005,0.37789343169290995,0.0
2269,HON,0.3169271938648497,0.3658716481616583,0.3772146541058665,0.0
2270,HON,0.31422549240393804,0.3674432842625891,0.37705950491328555,0.0
2271,HON,0.311532176706494,0.36963939416382174,0.37747737582351465,0.0
2272,HON,0.30912413981718734,0.37587342886140157,0.3793502048953944,0.0
2273,HON,0.3069510333561052,0.3839095369811799,0.38283174429098593,0.0
2274,HON,0.3050464188129949,0.39415936930505024,0.38814658934231194,0.0
2275,HON,0.30632251692749835,0.4405814886986873,0.4038552402675064,0.13080934008692835
2276,HON,0.3101485247101614,0.47945680954812364,0.42601641920479,0.06507004363949057
2277,HON,0.31628859966895906,0.5128590048715471,0.45198887724482195,0.06986065779618161
2278,HON,0.3223330241771354,0.5413740633166957,0.47980423468098937,0.07025467107342102
2279,HON,0.32503765694247955,0.5618984045427589,0.5071218377706219,0.07366777273805042
2280,HON,0.32852805494875525,0.5750052414967703,0.5322106299537018,0.07466573517662006
2281,HON,0.3332266686343335,0.5880428121720049,0.5554992787985971,0.1330257195563384
2282,HON,0.33770713212445225,0.5966089741433656,0.576244288971792,0.0
2283,HON,0.34276652567951205,0.6031625890299563,0.5944577004390567,0.0
2284,HON,0.34754064503540505,0.6039946992985809,0.6092337907672261,0.0
2285,HON,0.35238188481025157,0.6042061657382337,0.6211068520169577,0.0
2286,HON,0.35586388937144475,0.593009349702513,0.6278419760670017,0.0
2287,HON,0.3593962361672576,0.5826311331098982,0.6306687770993409,0.0
2288,HON,0.36421230994587095,0.5829394607148456,0.6330063118219706,0.0
2289,HON,0.3691961911732178,0.583179040282203,0.6349354667835359,0.0
2290,HON,0.3742975376146762,0.5832627579646467,0.6364994519085928,0.0
2291,HON,0.38055676159767904,0.5955328624368346,0.6407788478237673,0.09015606694982445
2292,HON,0.38567489492930296,0.5935847307120784,0.6437215742148645,0.07900448316108218
2293,HON,0.39139293323274504,0.5998269389151176,0.647616304856636,0.0529647636424358
2294,HON,0.3963432514340215,0.5971275520144723,0.6500658925559089,0.037681518936523536
2295,HON,0.3978695372012382,0.5905804085051082,0.6504097564940543,0.0455234350244056
2296,HON,0.3995140558319985,0.5876450564623728,0.6499604156712233,0.06020141573046511
2297,HON,0.40086658345909365,0.5836020475571742,0.6486031461978533,0.10635619238541949
2298,HON,0.4021637348329503,0.5813183323933422,0.6469537197613753,0.0
2299,HON,0.4035284332114695,0.5780565454560167,0.644829183942646,0.0
2300,HON,0.40489606187020577,0.5723780577466585,0.6417281294971513,0.0
2301,HON,0.4050219169446474,0.5560358958533242,0.6352141122645519,0.0
2302,HON,0.40515616290363354,0.542047775285075,0.6265506918473268,0.0
2303,HON,0.4051645532760699,0.5300633978697379,0.6166622638793118,0.0
2304,HON,0.4065237936108006,0.5331868222546099,0.6095223689050724,0.0
2305,HON,0.40732926936471525,0.529448637275645,0.6028878853148381,0.0
2306,HON,0.40933456837706483,0.5302047997951949,0.5977669160265839,0.0
2307,HON,0.41176777894422,0.5349699338543769,0.5948461547229067,0.06195847827601879
2308,HON,0.41234671156969993,0.5257472953041725,0.5902334390504621,0.04558830039151508
2309,HON,0.4123802699867998,0.5127188575607082,0.5833279053814661,0.034770247307977696
2310,HON,0.4121621141581562,0.5002322573522759,0.5747218404356661,0.027518255437186
2311,HON,0.41194815556416087,0.5036496975386348,0.568680397685812,0.036482167064259226
2312,HON,0.4127745949585826,0.5081221045212561,0.564951013857885,0.11123249018582612
2313,HON,0.413651387341885,0.5209643248825235,0.5651369102957131,0.10766051219972923
2314,HON,0.41504419070268517,0.5304396997462224,0.5676241082860177,0.0
2315,HON,0.41701592873739646,0.5410407262026514,0.5722301533803439,0.0
2316,HON,0.41832482325275366,0.5442627887162801,0.5767101803123065,0.0
2317,HON,0.4204224163619057,0.5548696980527982,0.5829119404288897,0.0
2318,HON,0.4217145337171435,0.5548614290039998,0.5878713077572832,0.0
2319,HON,0.42335904671471924,0.5578532090217736,0.5925771597693932,0.0
2320,HON,0.42562444727260385,0.5646503986357152,0.5980193578791653,0.0
2321,HON,0.42893864438506446,0.5705793436526336,0.6038363539193932,0.0
2322,HON,0.43208503404879295,0.57188897450632,0.6088131618860084,0.0
2323,HON,0.4348958093271649,0.5675791818510366,0.6117309703880913,0.10964285041213613
2324,HON,0.4362214902205799,0.5587172951017533,0.611878142517998,0.10037805990316652
2325,HON,0.43835264072261726,0.5548277350649441,0.6110359539126098,0.06318675659577788
2326,HON,0.43968671403689985,0.5457456003186008,0.6081207721196,0.07435872038161873
2327,HON,0.44031599196964555,0.5342869013984668,0.6029606701914386,0.060685495446495055
2328,HON,0.4420444066431566,0.5253653088225032,0.5966307788417341,0.07758796379285332
2329,HON,0.4444860080948563,0.5210150299414957,0.5904932360683265,0.13634371456784106
2330,HON,0.44689405112945524,0.5148359732821204,0.5840582378439183,0.0
2331,HON,0.4481400193878611,0.5092799143367299,0.5775390283543392,0.0
2332,HON,0.44920979801882144,0.5045730835569574,0.5711620356286681,0.0
2333,HON,0.4490755541082665,0.49601885787863365,0.5639492961754733,0.0
2334,HON,0.44892452740440714,0.4888163515868146,0.556401557739471,0.0
2335,HON,0.4491426770877589,0.49119284746467573,0.5509498757205884,0.0
2336,HON,0.44978873576537826,0.49360198618601736,0.5471830949455969,0.0
2337,HON,0.4493272652813647,0.49104578467092663,0.5435388110348303,0.0
2338,HON,0.44909233485313926,0.48413214377131286,0.5389171277410262,0.0
2339,HON,0.4499817097224508,0.4958217836295912,0.5381047328075039,0.48973921931024444
2340,HON,0.44962931920118976,0.49544871854385725,0.5373627460384098,0.059676137740730495
2341,HON,0.4488532128234497,0.49153544639463664,0.5358033782687729,0.0656249054959812
2342,HON,0.44795544502116336,0.48459530792202704,0.5328430884034037,0.03896743101151842
2343,HON,0.4468395239507714,0.4722357785055711,0.5274245790130591,0.08971866400134289
2344,HON,0.44642000532894066,0.4663930151272034,0.5216478031977078,0.043410927798272214
2345,HON,0.4460088852732702,0.46602035983897006,0.516934412859371,0.11023715742430146
2346,HON,0.4460256619212819,0.465768268994481,0.5131014856770736,0.0
2347,HON,0.44640322612039096,0.46640771246007573,0.5101929557660277,0.0
2348,HON,0.44690665358766424,0.4692274025251886,0.5085620189431868,0.0
2349,HON,0.4468227498632982,0.46776697713313486,0.506896842921664,0.0
2350,HON,0.4459837126196371,0.45552463714209496,0.5025433464411454,0.0
2351,HON,0.4461515200683692,0.4578063605001138,0.49962366854559853,0.0
2352,HON,0.4471164128985792,0.46925741058614295,0.5001139950243001,0.0
2353,HON,0.44837496876407057,0.47723937346913226,0.5024761695390609,0.0
2354,HON,0.4494447438102771,0.4809730547353265,0.5052873652652097,0.061828528402046064
2355,HON,0.4504348016125044,0.4910640105243598,0.5100267253509835,0.07209566414466029
2356,HON,0.45139969444271477,0.49922097507039176,0.5158313163921169,0.0431207867643095
2357,HON,0.4526498619842001,0.5044791992390708,0.5217726958221749,0.03987664184982002
2358,HON,0.45432793647152225,0.5085975897956302,0.527542200041325,0.04660138347309336
2359,HON,0.45452092425550283,0.5110812093842236,0.5327707498072023,0.08101574782098386
2360,HON,0.455561322243919,0.513347538056,0.5375129095679192,0.07785640999119496
2361,HON,0.4568744124576023,0.5145245017887875,0.5415971068490085,0.0
2362,HON,0.4582252603714658,0.511757179891215,0.544181501801298,0.0
2363,HON,0.4601298759387915,0.5089092184759118,0.5455461534122551,0.0
2364,HON,0.46157301794945793,0.5046407644004025,0.5455844390094768,0.0
2365,HON,0.46223585327508854,0.49583360969726836,0.5434415004437516,0.0
2366,HON,0.462881911952707,0.4884350507299576,0.5399012177797281,0.0
2367,HON,0.4645599864400287,0.4954272115130148,0.5387946261755734,0.0
2368,HON,0.46586049416770337,0.4984262807263797,0.5386495099830559,0.0
2369,HON,0.46826853105701005,0.5098771796338222,0.5413594485139708,0.0
2370,HON,0.46972845022779586,0.4960531737446778,0.5401156954885209,0.07899111563610353
2371,HON,0.470575873234925,0.48938719623625676,0.5374755591385985,0.054841257353782286
2372,HON,0.47042484909160365,0.48165509254774636,0.5334552008770821,0.04298031818215685
2373,HON,0.47019269275075004,0.47350633359509936,0.5282278363997107,0.04424365886251566
2374,HON,0.47035629835586423,0.46932691432140483,0.5230144825237485,0.045101371858686415
2375,HON,0.4700164892963965,0.4673948052480041,0.5183669634018172,0.05556025488583038
2376,HON,0.4697060496131038,0.46674920275559767,0.5144896162487527,0.07444593800361055
2377,HON,0.469420774901828,0.4657786124301362,0.5111482011030042,0.0
2378,HON,0.46913550223898337,0.4654579342347248,0.5083959270182431,0.0
2379,HON,0.46849782932483164,0.4607859095763127,0.5050410726140875,0.0
2380,HON,0.4679608485615345,0.4592104514887966,0.5019683729642306,0.0
2381,HON,0.46741547435315534,0.4578951096215678,0.499185592656889,0.0
2382,HON,0.4671218113178739,0.4567985521647323,0.4966887428537473,0.0
2383,HON,0.4664505815229454,0.4514187888891873,0.4933635610970836,0.0
2384,HON,0.4655612020446642,0.4432408914767834,0.4886851465798885,0.0
2385,HON,0.4657877421004528,0.4452733012842149,0.48544400476729166,0.0
2386,HON,0.46607301015432867,0.44763829441081754,0.4834347612187165,0.061908076132656684
2387,HON,0.46563670720287087,0.45420774210657183,0.48344867717622775,0.052693687767049184
2388,HON,0.46564929480995687,0.46265633282318114,0.48554488497096626,0.03903908971099411
2389,HON,0.4646583956147903,0.46691185757895687,0.48827209599905896,0.030276129238108053
2390,HON,0.46571559073552615,0.4721717500588627,0.49175198315055724,0.03527010508627751
2391,HON,0.464943678007681,0.45908893102667275,0.4913071106778476,0.0994541667013638
2392,HON,0.46378580251456736,0.442108216427303,0.4867604470242255,0.16127502521202866
2393,HON,0.46282652596942286,0.42951375985217455,0.4800148596138176,0.0
2394,HON,0.46143372824180684,0.41722345465566346,0.47158519642045,0.0
2395,HON,0.4599863941175686,0.40888519674675505,0.4627836204886811,0.0
2396,HON,0.4586103689411032,0.40473098717328276,0.45471711909233375,0.0
2397,HON,0.4572595189788089,0.4020161045613948,0.4475938968877329,0.0
2398,HON,0.4559506208786974,0.401551799920714,0.44178073078092134,0.0
2399,HON,0.455094802890164,0.4028560598402891,0.43745208350698983,0.0
2400,HON,0.45480113985488213,0.41327408234813173,0.4365602878203371,0.0
2401,HON,0.4549773407486972,0.42743794563309934,0.43934243043166316,0.0575208982626162
2402,HON,0.4554891514189001,0.44278676859243365,0.4453561665171005,0.03385314743854116
2403,HON,0.4552710063445171,0.44181489849194844,0.44992730211930665,0.03712731449929415
2404,HON,0.45579959622326927,0.4460347875040115,0.4546256606485647,0.03170404387353182
2405,HON,0.45579119970554105,0.45139546368509414,0.4597073387751605,0.02758312080429549
2406,HON,0.4560932536253661,0.45997134425047176,0.46588917087997334,0.03531941153087088
2407,HON,0.4561184237184608,0.4679904221377682,0.47281370971544023,0.06010280284127839
2408,HON,0.45602193238700917,0.47597827975089435,0.48032470890908385,0.0
2409,HON,0.45555290677820537,0.47531344065730075,0.4861694288999162,0.0
2410,HON,0.45538509676893524,0.48018638188900287,0.49204782535550895,0.0
2411,HON,0.4567359498038752,0.4846768548969757,0.49785877150753505,0.0
2412,HON,0.4582210472614783,0.48276107797153256,0.5020347231102754,0.0
2413,HON,0.4596558009481386,0.48091072132834883,0.5049188245115054,0.0
2414,HON,0.4611744583591646,0.4774451299933535,0.5063708129340071,0.0
2415,HON,0.4625253083214589,0.47334915057601307,0.5065215339674912,0.0
2416,HON,0.46424533467096385,0.47615187679147863,0.5073338112967947,0.0
2417,HON,0.4673539738040202,0.49450279872465785,0.5125125599789808,0.06311948069137716
2418,HON,0.4698459205629857,0.5021927753878422,0.5185534113417484,0.03650561501791029
2419,HON,0.47232108350443225,0.5085402367621764,0.524952617980588,0.026371497105821273
2420,HON,0.4742534757930077,0.5152834122000708,0.5317361693306704,0.024664179284368454
2421,HON,0.4746226542286487,0.5069107334725775,0.5350966701270307,0.031945097602654925
2422,HON,0.47536939686339963,0.5081641329187443,0.5380944042345032,0.03625141290356229
2423,HON,0.47698873259837304,0.5057277299271985,0.5398912979783989,0.06657619116700246
2424,HON,0.47817177869668814,0.5029099576858088,0.5406333991779793,0.0
2425,HON,0.47918701990681045,0.5001232926929327,0.540539343474219,0.0
2426,HON,0.4798330826812909,0.497392756341969,0.5397902145497349,0.0
2427,HON,0.4804371941056962,0.4956307355435475,0.5387560524271379,0.0
2428,HON,0.4808063704929073,0.49286075744062446,0.5372451043166808,0.0
2429,HON,0.4816202366192588,0.48883628984672695,0.5350431249272872,0.0
2430,HON,0.4820733167308351,0.4866543608978196,0.5327430509481391,0.0
2431,HON,0.4824424931180462,0.4845511126929326,0.5303839193587436,0.0
2432,HON,0.4844813495232807,0.49722527231761043,0.5316245409368017,0.03952755222209901
2433,HON,0.4865286044946746,0.5067403096737105,0.5349653075679642,0.031445239824355105
2434,HON,0.489020549717317,0.5171461492565537,0.5402060363130822,0.027291445792056532
2435,HON,0.4917054694091396,0.5257488101553327,0.546521718181206,0.021163640857993493
2436,HON,0.4942309740730977,0.536017375653717,0.5541085004756322,0.045455939980251124
2437,HON,0.4956363512140758,0.5462827828425786,0.5627113836542017,0.03490764793357786
2438,HON,0.49732281146486557,0.55037345442838,0.5706032499520967,0.06083451047904388
2439,HON,0.499034444369288,0.5536497056790533,0.5777253073888742,0.0
2440,HON,0.500542104779722,0.5550593297697808,0.5837708423638224,0.0
2441,HON,0.5031347247415572,0.554891163380875,0.5885657676186591,0.0
2442,HON,0.5050141707278963,0.5535880219966942,0.5920800982606262,0.0
2443,HON,0.5071285461182451,0.5514105058029309,0.5943541613551273,0.0
2444,HON,0.5092680910895804,0.5485727531195348,0.5954730669499865,0.0
2445,HON,0.5114076360609157,0.5452500601970653,0.5955481654270811,0.0
2446,HON,0.5134213254457025,0.5400962556248148,0.5943363079087269,0.0
2447,HON,0.516164977232473,0.5445854346358455,0.5944747315288417,0.0
2448,HON,0.5191771173524624,0.549331804226719,0.5957568535636142,0.06651527031546044
2449,HON,0.5222563825003754,0.5513468462606647,0.5972798547024853,0.03807640877277793
2450,HON,0.5254464032274107,0.5544947409252627,0.5992751421711617,0.04292071216913732
2451,HON,0.5285927923790315,0.5552779514230229,0.6010646650520911,0.04927532674832982
2452,HON,0.5298261781514282,0.5467742157886384,0.6003975988049466,0.05020535586323751
2453,HON,0.5310092109349442,0.5385364822376966,0.5978309093995577,0.05447967676009763
2454,HON,0.5323516628431868,0.5365572454217995,0.5952890909345229,0.07568802212785578
2455,HON,0.5335598759619504,0.5336470672640541,0.5925374169932388,0.0
2456,HON,0.5343989106450735,0.5304377240224265,0.5895440260440955,0.0
2457,HON,0.5349610696951874,0.5269312966836418,0.5862839424401758,0.0
2458,HON,0.5345331591645972,0.5087387656538687,0.5791860389165937,0.0
2459,HON,0.5344660361851048,0.4992997309071119,0.5711782038387093,0.0
2460,HON,0.5343989132056124,0.491366609270749,0.5628140762494471,0.0
2461,HON,0.5344324746953588,0.4857957013521102,0.5547478986066987,0.0
2462,HON,0.5343233998536827,0.479359478903593,0.546706525101171,0.0
2463,HON,0.5347345281030762,0.48016091839573655,0.5404712180383728,0.0
2464,HON,0.5355232272089787,0.4849362294209813,0.5366614981455226,0.03880943124906592
2465,HON,0.5363664657841505,0.48894866420760164,0.5346039734883591,0.031748748383296464
2466,HON,0.537520136361,0.49385618736015474,0.5341691088915168,0.029932956383738253
2467,HON,0.5378138045173579,0.49658015846518766,0.5344934813016994,0.03295577014694197
2468,HON,0.5382249373757211,0.5018803619759251,0.5360610461439757,0.018656901214866968
2469,HON,0.5388164601688255,0.5070043283301653,0.5385796703768616,0.027933086991031485
2470,HON,0.5386050237052169,0.5035932470049518,0.5397527298953464,0.08489605544060458
2471,HON,0.5384472852155162,0.5004530507572611,0.539916190887987,0.0
2472,HON,0.5387912935580634,0.49543653524403536,0.5388089057179871,0.0
2473,HON,0.5391772563233319,0.4910123753509076,0.5368312143795086,0.0
2474,HON,0.5392443823754705,0.48879030610199414,0.5347006643916035,0.0
2475,HON,0.5393450668447106,0.4866312676882254,0.532463383217037,0.0
2476,HON,0.5394457513139495,0.48454621683376714,0.5301589768973537,0.0
2477,HON,0.5396219491351184,0.48333704839024183,0.5280170343881299,0.0
2478,HON,0.5408217723935533,0.47955200834484635,0.5253693491455993,0.0
2479,HON,0.542281697709631,0.4848108580985269,0.5245490619403529,0.04722943800733592
2480,HON,0.5434060132493213,0.48458758055216367,0.5238377282597733,0.0377240320487507
2481,HON,0.5442408604278413,0.48170960882840436,0.5225583905523049,0.03302458002961893
2482,HON,0.5454406882952458,0.481748006444161,0.5215443967490115,0.02731774256250633
2483,HON,0.5464223669914055,0.48501394085414296,0.5215392199539332,0.02275678686774346
2484,HON,0.547199644047331,0.4892464769312153,0.5225796498053813,0.030889720548603224
2485,HON,0.5476485192426437,0.48889911239975165,0.5233262656480165,0.09951245787586083
2486,HON,0.5473003244197092,0.48096100979728,0.5219644695146426,0.0
2487,HON,0.5469227525389853,0.4734201283150689,0.5190139762258114,0.0
2488,HON,0.5462347409749673,0.4672690880408732,0.5151355319096999,0.0
2489,HON,0.5465661606862136,0.4758769339047548,0.5141571549554221,0.0
2490,HON,0.5474723188609363,0.4823500326556782,0.5149719856925665,0.0
2491,HON,0.5482257743057439,0.48538926464851845,0.5163739193704115,0.0
2492,HON,0.5485613892032091,0.4804422418963136,0.5162745628563395,0.0
2493,HON,0.5481502609538147,0.4674084432726044,0.5129783934723762,0.0
2494,HON,0.5472105392409143,0.452455960970496,0.5066512510997746,0.0
2495,HON,0.5479321102462476,0.46039231045352513,0.5035481933470081,0.08148777485055764
2496,HON,0.5480537726950088,0.45941805877582564,0.5008253061158696,0.048535949219183146
2497,HON,0.5484816770803067,0.4629887827926148,0.49952823531289403,0.05441612623151063
2498,HON,0.5491361251061466,0.46586087290891687,0.49919939787866735,0.028861582127662933
2499,HON,0.5485991417823115,0.46239523750611494,0.49808102435706303,0.03470844989742068
2500,HON,0.5482131790170426,0.45737875887206964,0.49594828067728663,0.06898475620044976
2501,HON,0.5480579463727038,0.45378534492141187,0.4933552469756506,0.15026895021977527
2502,HON,0.5476468135143411,0.4505537978842696,0.49048328841915345,0.0
2503,HON,0.5468497230117868,0.4470469096445581,0.4873202369810292,0.0
2504,HON,0.5458794632929571,0.4443569548870855,0.48412592682783423,0.0
2505,HON,0.5452250178276552,0.4428340485388747,0.48119463211686375,0.0
2506,HON,0.5450404296340503,0.4400589287773113,0.47816470899697044,0.0
2507,HON,0.544939745164811,0.4380219320111736,0.475238048658663,0.0
2508,HON,0.5445370072878535,0.43301275878567363,0.4716604784682212,0.0
2509,HON,0.5429847883870811,0.4293057334650782,0.46788354477165833,0.0
2510,HON,0.5410801738439703,0.42249184794242606,0.4631803608374892,0.0
2511,HON,0.53787505054897,0.40041645428022016,0.45396970363033634,0.07485967385868729
2512,HON,0.5347873945165134,0.37815087481880416,0.4411061307860613,0.07463702786887905
2513,HON,0.532807261500396,0.3658175831161708,0.4277714703649601,0.05724785012944585
2514,HON,0.5312466542756176,0.3575352069892035,0.4150596880289979,0.04580064681289716
2515,HON,0.5282345136435205,0.3546055797720563,0.404167243048656,0.04582540960507072
2516,HON,0.5247189455441506,0.3403674320354593,0.3919393748278035,0.059235228556188964
2517,HON,0.520305614251463,0.32428119020167867,0.3781870665199816,0.1665817134887969
2518,HON,0.5165467284240775,0.32107619293565237,0.36639424064527115,0.0
2519,HON,0.5126116427270921,0.31241459693460605,0.3548223361494528,0.0
2520,HON,0.509213541890265,0.3113896316999888,0.34531185564108324,0.0
2521,HON,0.5048673346012866,0.30136981141843927,0.33523062365989875,0.0
2522,HON,0.5005546831688688,0.2952372699982818,0.32565215382571633,0.0
2523,HON,0.49632593546081827,0.2922202039415548,0.3172447793257792,0.0
2524,HON,0.4926006100989633,0.29763457255503656,0.31185512208517524,0.0
2525,HON,0.4890011403236576,0.3056222954129749,0.3095147311609745,0.0
2526,HON,0.4866686167862806,0.32685184085760227,0.3128817768616966,0.0
2527,HON,0.4837319854092512,0.3377646319374466,0.3182686422621557,0.05357046592179603
2528,HON,0.48174967900808774,0.3553347647662276,0.3269143660845095,0.03974121348200359
2529,HON,0.4794045699120546,0.3659108621915954,0.3364410794692564,0.03431509403944252
2530,HON,0.47751673611381795,0.3764200781185175,0.3466560784442717,0.03138081273675311
2531,HON,0.4769294126037935,0.38382870732384183,0.35665649472617644,0.03409989880126172
2532,HON,0.4769126282741665,0.39160241356140424,0.36657534425940075,0.05461181803160784
2533,HON,0.47585544595612284,0.39034159566774046,0.37419925957538275,0.11393031969422115
2534,HON,0.475108700760833,0.3941276407415998,0.3812327710999242,0.0
2535,HON,0.4741521962546291,0.3977545912172966,0.38775469574424554,0.0
2536,HON,0.4748611827255229,0.40786659928468727,0.39546783457425994,0.0
2537,HON,0.4731327660035807,0.38125118782199785,0.3950697791540274,0.0
2538,HON,0.4713875685367661,0.36894907196784016,0.39171522673444065,0.0
2539,HON,0.47052336017579544,0.3630378111156901,0.3875727116204441,0.0
2540,HON,0.4693067561724873,0.3594214572861205,0.3833661993102148,0.0
2541,HON,0.4698437400084301,0.3675712406264834,0.3820123201445723,0.0
2542,HON,0.47052336017579544,0.37660728798186616,0.38315927355537843,0.0
2543,HON,0.47032198714045537,0.3741238346396419,0.38346393092233894,0.12892736788173817
2544,HON,0.46939904668453636,0.370485803582734,0.3828098067525129,0.06910090026993634
2545,HON,0.4676370664244174,0.36062402568005447,0.37985266400613754,0.0644415508257405
2546,HON,0.4650150750379769,0.3570670493123006,0.37660910368641654,0.0455289135182493
2547,HON,0.4633537848802822,0.3595822349880422,0.37463499219266533,0.04571233349213661
2548,HON,0.46097309863862446,0.36181300587538295,0.37360624744087745,0.04774989492248808
2549,HON,0.4591985302593127,0.36746843510250404,0.37417898669796223,0.08218989862156711
2550,HON,0.45689117783924527,0.36780113618146365,0.37471928726657094,0.0
2551,HON,0.45475163133158647,0.36932030004362,0.375526450680775,0.0
2552,HON,0.4526855046796099,0.3735137448479462,0.3772071051454737,0.0
2553,HON,0.4509822595870858,0.37394738663036303,0.37865864960181084,0.0
2554,HON,0.44857422269777825,0.37090920865092397,0.3790700762046225,0.0
2555,HON,0.4462333087879644,0.3702482968266653,0.37923610735558744,0.0
2556,HON,0.4433302399248973,0.3706632935379115,0.3794713516393809,0.0
2557,HON,0.4439762986025162,0.3788653539827836,0.38168377950841476,0.0
2558,HON,0.4442951327551081,0.3899975739773145,0.38620110473453567,0.0
2559,HON,0.44277647739251247,0.3804667458596359,0.38746279845621245,0.07046175814071313
2560,HON,0.44113195876175215,0.3723267993457896,0.3864632504365312,0.06379180145587687
2561,HON,0.438623232794237,0.36656067134090364,0.3842405569908141,0.07282342726685831
2562,HON,0.4361816298062142,0.3654996092980227,0.38220053678901367,0.033989671505126336
2563,HON,0.43493147250688224,0.36932827790261086,0.3815134191992385,0.06686501736244269
2564,HON,0.4342350700583206,0.3772419445480404,0.3829167832481811,0.10281708536238483
2565,HON,0.4342686387175747,0.38499017333741314,0.3859517032728821,0.11692070077387012
2566,HON,0.4339539997512021,0.3908327767891526,0.3898215681265301,0.0
2567,HON,0.43307300808481974,0.3936268089876328,0.39360701486681243,0.0
2568,HON,0.43246890024516826,0.398963979153694,0.3979525623811088,0.0
2569,HON,0.4312355201059561,0.3991846999104541,0.40148347330450007,0.0
2570,HON,0.43043004435204146,0.39996067481954994,0.40449970923774387,0.0
2571,HON,0.42959939748081677,0.40116283489176685,0.40720938580260274,0.0
2572,HON,0.42856108889178657,0.4022881240453609,0.4096548434681453,0.0
2573,HON,0.4272605811641119,0.3968878641838265,0.41027844921915857,0.0
2574,HON,0.426060757905677,0.3902087661295018,0.4091289617973868,0.0
2575,HON,0.4236065796011532,0.37163466324903754,0.4036253649650712,0.12712844964321857
2576,HON,0.42157610639884746,0.36301230166081594,0.39709452658368594,0.05818971279105594
2577,HON,0.41966309533800805,0.3656107341202312,0.39251113758066275,0.044360022071755996
2578,HON,0.4172047146777582,0.36605125291382934,0.3889531444789343,0.043371263502843774
2579,HON,0.41654186808575844,0.36966017283830804,0.3869974155615043,0.06328624604397959
2580,HON,0.4161559181231822,0.37521410615266027,0.38680351874122193,0.08707605771089243
2581,HON,0.4162398269686247,0.3857029491645445,0.3892370016063904,0.1143872260807863
2582,HON,0.4164412005160729,0.39854888055087545,0.3943541072633578,0.0
2583,HON,0.415912602955705,0.40426018751270726,0.3998573172266019,0.0
2584,HON,0.4146288769971189,0.4043166028945289,0.4042738082652943,0.0
2585,HON,0.41412544952984565,0.4148322863793322,0.41040222552830435,0.0
2586,HON,0.41370593090801533,0.42349579520391917,0.41744307521119894,0.0
2587,HON,0.41349617159709995,0.43060944059015993,0.4248313713503087,0.0
2588,HON,0.412590011373946,0.4306701240927589,0.43075698468312873,0.0
2589,HON,0.4120530275380032,0.43076336701431434,0.43552048729230664,0.0
2590,HON,0.41102100967986965,0.425222687601814,0.4379638740706686,0.05588458172137783
2591,HON,0.40979601684044775,0.4189048663582217,0.43835937299863115,0.0414748280739062
2592,HON,0.40891502517406497,0.41800623303863843,0.4384539933902607,0.033597192206163175
2593,HON,0.40882272851672363,0.420172461000504,0.4390643052366545,0.03899416606147571
2594,HON,0.4095023466356582,0.4282889448463336,0.44155566722752365,0.03511911779594495
2595,HON,0.4114489063835518,0.43586245624151915,0.44541786612135426,0.06626610841544865
2596,HON,0.4133786946045106,0.4467957472118071,0.4512059133590952,0.09419284035362144
2597,HON,0.4140751016620414,0.4491682312010089,0.456421869762732,0.0
2598,HON,0.4150546791803391,0.4518297839862291,0.46125149440650787,0.0
2599,HON,0.41578464670340054,0.4532480805299805,0.4654652234703164,0.0
2600,HON,0.41688378395627357,0.4605009112368467,0.47062617343909746,0.0
2601,HON,0.417546622866658,0.46618688296639094,0.4761582062278979,0.0
2602,HON,0.41788223776412226,0.4704811920216141,0.4816436490457556,0.0
2603,HON,0.41885552096676903,0.4762172285593813,0.48744763188828255,0.0
2604,HON,0.4199462693835283,0.476862764656903,0.49225013363185816,0.0
2605,HON,0.4193337721956558,0.46686162327141384,0.4936238973216205,0.0
2606,HON,0.4180500462370702,0.4509162449916193,0.49078765904784244,0.06636472130463537
2607,HON,0.416455880595191,0.43476402718562346,0.4845323721179249,0.0589957088053421
2608,HON,0.4153902981746649,0.42280296368328124,0.4765762047109396,0.04840030171161296
2609,HON,0.4148784798228471,0.42011887505691614,0.4695488495180117,0.034540150566542006
2610,HON,0.41532316853777207,0.42384027295037385,0.464845389995645,0.028681887529589344
2611,HON,0.4162041602041544,0.4299568603693255,0.4625921692496608,0.04796991123525134
2612,HON,0.41681665380727306,0.4354976490154945,0.4621570349202426,0.054381502150418405
2613,HON,0.4163048436491783,0.4292076742270825,0.46025658934464014,0.0
2614,HON,0.4156420062751165,0.4288091107511662,0.4586378691713364,0.0
2615,HON,0.4149162400835653,0.4289608297589929,0.45738033661650696,0.0
2616,HON,0.4141694974488148,0.43390979805185836,0.45759569417986934,0.0
2617,HON,0.41409398409688514,0.4396820893737274,0.459192556340054,0.0
2618,HON,0.41395344535857204,0.4443460766690079,0.4616210976186791,0.0
2619,HON,0.41414642392461376,0.4513644677037374,0.46529603867938535,0.0
2620,HON,0.4132738251912067,0.4504191127273395,0.4680026820778077,0.0
2621,HON,0.4129298199213056,0.456050857078576,0.4715578865318676,0.0
2622,HON,0.41172161192361845,0.4501935284952021,0.4729564871635076,0.06738131062227362
2623,HON,0.4100854949316646,0.4431444714729441,0.4723356914001721,0.038749825236046385
2624,HON,0.40896957642181064,0.44030473043459945,0.4711382191915063,0.031196516203850812
2625,HON,0.408747235649102,0.43856178189589223,0.46975008939137414,0.03284817252785156
2626,HON,0.40919192436402696,0.43730084471348024,0.46832839180073266,0.044806190610387486
2627,HON,0.41008340143541666,0.4380947897523916,0.46738697587174916,0.04497843445683363
2628,HON,0.4108804970590487,0.4382560196101128,0.4666736339482975,0.07570730642618562
2629,HON,0.4111406042377679,0.4385400670467954,0.4661730620675602,0.0
2630,HON,0.4102931796943161,0.43127343342979996,0.46397923134772673,0.0
2631,HON,0.40980653399613187,0.4329649471116174,0.4626416249086091,0.0
2632,HON,0.4092779466779173,0.43450829257794155,0.46195243063018077,0.0
2633,HON,0.4090597969945664,0.42877058067328483,0.45998503314601785,0.0
2634,HON,0.4082123693784676,0.42136449210380555,0.4565833250745469,0.0
2635,HON,0.40754113958353955,0.4181954772850924,0.4530798596986496,0.0
2636,HON,0.4062825837180477,0.4137165683628976,0.44917171237588666,0.0
2637,HON,0.4054413649775537,0.41727011901950517,0.44692219518985365,0.0
2638,HON,0.4036080691122619,0.40871359837372945,0.4430108697804965,0.08955628144381542
2639,HON,0.4009315382565526,0.39580352373718,0.4366956598161507,0.07988191873509028
2640,HON,0.39837247722392544,0.38126769513793957,0.42805611328050897,0.052307782660698465
2641,HON,0.39527643235535503,0.3706864533695148,0.418533072123892,0.05691738738079345
2642,HON,0.39262925807312765,0.3584101896308952,0.40788491130360505,0.06212042255403877
2643,HON,0.39002823749670146,0.34792407575987605,0.3967784558659428,0.06284665169796055
2644,HON,0.3874188311568081,0.34337740194815014,0.38677119241708746,0.13611909632024907
2645,HON,0.3849562527498023,0.3431388666346338,0.3787065121917968,0.0
2646,HON,0.382909001875269,0.34905791581961243,0.3737155633161774,0.0
2647,HON,0.38059954674101526,0.35338060029881024,0.37078962373233015,0.0
2648,HON,0.3774951038183927,0.34786615819649913,0.367087932009025,0.0
2649,HON,0.3743906660168479,0.34473359857742125,0.36335347669458645,0.0
2650,HON,0.3719322868929211,0.3435028848881584,0.3600621777176745,0.0
2651,HON,0.3689033624433047,0.3441733234993612,0.3575945998365447,0.0
2652,HON,0.36597512246292796,0.3471197822592481,0.3563477105939296,0.0
2653,HON,0.3626944868402133,0.33930794924620467,0.35342227317164443,0.0
2654,HON,0.36043748280005783,0.3434072706117249,0.3520936177164452,0.08105256329961356
2655,HON,0.3580713962366109,0.3488502766161055,0.35237400329374713,0.053215459520723825
2656,HON,0.3558563384254536,0.3536958061832593,0.3537941671402721,0.04181493297172352
2657,HON,0.3529722282193397,0.357323050537732,0.35582548617016946,0.042168843674026985
2658,HON,0.3512228299331217,0.3629325684321491,0.35883494573762675,0.058306076000296275
2659,HON,0.34993910397453565,0.36715248304545844,0.36228396975736077,0.05772097285778838
2660,HON,0.34963705005471013,0.37797857327124695,0.3677150204235918,0.08683149774570935
2661,HON,0.3487392776434546,0.38025712539042894,0.372622197597648,0.0
2662,HON,0.34886094418907776,0.3900084433731231,0.37895452172500005,0.0
2663,HON,0.3487686495801676,0.39388886864754274,0.38497805291701565,0.0
2664,HON,0.34884416241998917,0.4020595992616565,0.3918133782481966,0.0
2665,HON,0.3487434779507499,0.40903145198661006,0.3990022611007882,0.0
2666,HON,0.34842464379815885,0.41726775345404193,0.40678605035862325,0.0
2667,HON,0.3483743015635392,0.4258052436402874,0.41512009679171313,0.0
2668,HON,0.34959090556684735,0.4377572985159038,0.4247370485117838,0.0
2669,HON,0.35009432791304373,0.4388470329211915,0.43269955154599704,0.0
2670,HON,0.3508914184155989,0.44332634954858835,0.4401750296152634,0.05069228439606618
2671,HON,0.35146195964442706,0.4446524915421316,0.44648269808180385,0.03884778070597186
2672,HON,0.351952800016722,0.44602464965994454,0.45186747544323685,0.05850023382211725
2673,HON,0.3532449230051449,0.4453325030917823,0.4560044786036858,0.026661419000030242
2674,HON,0.3552502215053872,0.46223947956250633,0.4634866485616781,0.05833412588877605
2675,HON,0.35776733323637,0.482418187897025,0.4744524009913629,0.05461269459062283
2676,HON,0.36009985574953207,0.4951027071971708,0.4863554865070249,0.06823025802829445
2677,HON,0.3625330673409026,0.50445142057909,0.4981851762629992,0.0
2678,HON,0.3648823767442302,0.5118742203891925,0.5094808424126026,0.0
2679,HON,0.3675840776930337,0.5199867150925584,0.520519503343225,0.0
2680,HON,0.36973201098837505,0.5255690426358104,0.5307281259721883,0.0
2681,HON,0.372475662775146,0.529105429212666,0.5397677887281478,0.0
2682,HON,0.37528643754141067,0.5389401067525678,0.5494266740930941,0.0
2683,HON,0.37820628714935056,0.5424791150290628,0.5580271940617797,0.0
2684,HON,0.3808660352117559,0.5456116720164192,0.5656807113230253,0.0
2685,HON,0.38312304539720365,0.5422353945350121,0.5709702746997688,0.0
2686,HON,0.3837439314211899,0.5214886786457168,0.570081727171668,0.10877133161147924
2687,HON,0.38456618945630083,0.5085134711631089,0.5661686650123992,0.04987182515803263
2688,HON,0.3851613149270223,0.4999810256212021,0.5609324452541967,0.04286329755365527
2689,HON,0.3870533480083398,0.49965668123824303,0.556663422680511,0.06187936882491566
2690,HON,0.3892935759125913,0.5064547195353125,0.5549259305729096,0.0771398229964381
2691,HON,0.39147507786718716,0.5081833064719288,0.5539625445397997,0.059560870230258904
2692,HON,0.39368593639526406,0.5094940996844709,0.5535153337127978,0.0771724748197466
2693,HON,0.39505356146924697,0.49805400881709655,0.5503342009430185,0.0
2694,HON,0.39611913313551206,0.5023657247373068,0.548853407251729,0.0
2695,HON,0.39646313994173576,0.5036820049900628,0.5479936244755743,0.0
2696,HON,0.397855942278321,0.5137545852045604,0.5497916667485326,0.0
2697,HON,0.3986698084046716,0.5139947689444719,0.5512893768574896,0.0
2698,HON,0.39953401676564315,0.51476811551524,0.552678403476847,0.0
2699,HON,0.3996514819797552,0.5088029860065608,0.5523174570465095,0.0
2700,HON,0.400154904325952,0.508049669493077,0.5518427847000854,0.0
2701,HON,0.4029405141201985,0.5338231814073402,0.5578238362016346,0.08529883430799391
2702,HON,0.4036655203439339,0.5366466770769036,0.5633055037153095,0.04764668009847264
2703,HON,0.4039843550086326,0.5299131829717658,0.5660290409975809,0.07597531434501976
2704,HON,0.4037242514146673,0.5182910787705413,0.5653395866249902,0.05572044604582037
2705,HON,0.4039172258838475,0.5090267404956119,0.5625016251887641,0.042219464957142835
2706,HON,0.40553657442151314,0.5009212108410245,0.558230846972247,0.06207856686107285
2707,HON,0.4069881052682929,0.4960989483503775,0.5536241112264945,0.25242664406313153
2708,HON,0.40823047136118884,0.4916209179429843,0.5488335644214362,0.0
2709,HON,0.4084612025063339,0.4825994011559772,0.5427746563144337,0.0
2710,HON,0.40880520419148114,0.48411794085307625,0.5383022987469579,0.0
2711,HON,0.40904852396792757,0.48077351843673544,0.5338990239506719,0.0
2712,HON,0.4092415035581842,0.47782650289937134,0.5296490936411218,0.0
2713,HON,0.40959389920052214,0.46529750916755336,0.52315704884777,0.0
2714,HON,0.40900657312995925,0.45801123789330495,0.5161651933104088,0.0
2715,HON,0.40889749828828403,0.4564045852969595,0.5101751940864137,0.0
2716,HON,0.4080920225343694,0.45648654792220006,0.505403422722624,0.0
2717,HON,0.40856188646346503,0.464640908324038,0.5035984659127735,0.057888176489898316
2718,HON,0.40840246375398515,0.46473196399991545,0.5021769726052021,0.06481803292268004
2719,HON,0.40962746325080657,0.4751820356747216,0.5036188096850795,0.05265248949334451
2720,HON,0.41062591193757925,0.48499238057296007,0.507193429320222,0.03386476184548982
2721,HON,0.40961905700303225,0.4955796305969568,0.512666011767488,0.03329938128081927
2722,HON,0.4101190405460726,0.5047687753097065,0.5193119182230386,0.04840928644151664
2723,HON,0.41144472092737994,0.5131549804385662,0.5266983219275475,0.08093203643505202
2724,HON,0.4132318723048085,0.5190295837622017,0.5340572711526781,0.0
2725,HON,0.41445687077741544,0.5168140632223199,0.5393976498082456,0.0
2726,HON,0.4162104534955895,0.5203962183685968,0.5445540128671138,0.0
2727,HON,0.4177878455621027,0.5224244678739411,0.5491796663711113,0.0
2728,HON,0.41938201632505834,0.5232121559853359,0.5530745871356482,0.0
2729,HON,0.42140409608228113,0.5230189177839635,0.5561428334091144,0.0
2730,HON,0.4232248069010258,0.5286111176306525,0.5599775607534189,0.0
2731,HON,0.4255405496935296,0.5338081479809741,0.5643279468607969,0.0
2732,HON,0.4280324903072028,0.5390334240267489,0.5690978308920362,0.0
2733,HON,0.43034823668446087,0.5301250970601012,0.5707152022038844,0.07253262881363434
2734,HON,0.432219285128856,0.5196753894694378,0.5694301573817934,0.05516536504957598
2735,HON,0.4332429090297989,0.5048613818122158,0.5647460895919832,0.07914823883954104
2736,HON,0.4338554123629641,0.48917938693121077,0.5571285879989077,0.11911209831135289
2737,HON,0.4327814457152934,0.4646573284433763,0.5449826505470313,0.09072911740587619
2738,HON,0.43211022616251826,0.4439120452848515,0.5301460559476869,0.08721652629304508
2739,HON,0.4302391638912164,0.4240788867102662,0.5133820439658122,0.11422352868473634
2740,HON,0.42820869939474093,0.408859486833336,0.4962147534314211,0.0
2741,HON,0.4261698429895069,0.40060486189651595,0.480443715876495,0.0
2742,HON,0.4237618107091685,0.39174634819103504,0.465640643613169,0.0
2743,HON,0.42136216214386746,0.38737984531319364,0.45272055209780476,0.0
2744,HON,0.4189625156269976,0.3846963698487101,0.4417222089438291,0.0
2745,HON,0.41707468182876006,0.38336208652249193,0.43259423916442574,0.0
2746,HON,0.41475054866381944,0.3839934909693168,0.42544769118122144,0.0
2747,HON,0.4125606614578641,0.3868526531677316,0.42043608144953915,0.0
2748,HON,0.410932929205162,0.39648735632328624,0.4188045960258789,0.0
2749,HON,0.40967437538810136,0.40903756693831145,0.420596744466118,0.09333052542262198
2750,HON,0.4077529780516871,0.418070566976959,0.42425976789726244,0.06701030701917779
2751,HON,0.4061420316649347,0.43089614795388675,0.43035548361547876,0.05035787713184631
2752,HON,0.4043800575501084,0.4414841370909551,0.43784512533905906,0.05515638031967231
2753,HON,0.4039940947848395,0.4541690742073989,0.4469674254050621,0.07142400079942182
2754,HON,0.40359974625610384,0.4614035471334366,0.45605070155603494,0.07472468377037836
2755,HON,0.40419546833228726,0.4728225788847338,0.4661354892877692,0.09005000330901028
2756,HON,0.40503449943065606,0.4809373174296348,0.47620600125431795,0.0
2757,HON,0.40685520615253923,0.48676787192750454,0.48570136603262504,0.0
2758,HON,0.40880176794886314,0.49104018610651,0.4943520462033793,0.0
2759,HON,0.41027847759456826,0.4847116635717945,0.4997107388136748,0.0
2760,HON,0.4122586054896078,0.48533795135915475,0.5041522579731788,0.0
2761,HON,0.4139702414666764,0.4854498747799895,0.5077330955087619,0.0
2762,HON,0.4165796472944616,0.49280125992906265,0.5124120550578193,0.0
2763,HON,0.41902963604595156,0.49809708232480493,0.5174622083712844,0.0
2764,HON,0.42152996703206114,0.5023176850944993,0.5225439572217936,0.0
2765,HON,0.4239380013608298,0.5039601744093412,0.5270147154408085,0.045455501700743625
2766,HON,0.42595588337129575,0.5009334526458757,0.5298443403974756,0.05271231464611779
2767,HON,0.42767591381766223,0.49606993419112033,0.530907745399788,0.041493893232482294
2768,HON,0.42838910059585134,0.4864971695104797,0.529395953183132,0.03229155755333094
2769,HON,0.4289092995900594,0.4806897404476309,0.5267532714603879,0.033206027745722504
2770,HON,0.42960570203862103,0.47660814544648056,0.5236318063883226,0.03344861545312184
2771,HON,0.4295385775228051,0.46945812934933506,0.5193700418063973,0.06423555945721712
2772,HON,0.4285149479886776,0.4526395488098349,0.511809878438251,0.0
2773,HON,0.4274577631100951,0.4433279709410887,0.5034636912816042,0.0
2774,HON,0.4272563998048011,0.4435777543087393,0.4968483869927802,0.0
2775,HON,0.4260565724495047,0.4379144426660649,0.49015846315771716,0.0
2776,HON,0.42478123583914007,0.4321500179287653,0.4833838894186434,0.0
2777,HON,0.4235226799736487,0.4278611031428759,0.47690574512251266,0.0
2778,HON,0.42311155172425474,0.43490255069859046,0.47346102797138195,0.0
2779,HON,0.42352267997364823,0.4411117048998967,0.4722376461971275,0.0
2780,HON,0.42273398496460723,0.43786232726823365,0.47045700867023366,0.0
2781,HON,0.42178587800034695,0.43359273902493556,0.46797878304955287,0.07732937888343036
2782,HON,0.4202336539784972,0.4309547760422136,0.46534516489164146,0.05270223421744536
2783,HON,0.41870241356935445,0.4293772532299044,0.4628489446737824,0.04451999409199224
2784,HON,0.4172634657206915,0.43008783157551095,0.46102733610979585,0.044882670384445635
2785,HON,0.4162692086353843,0.43506471428030064,0.4607983220199172,0.03327089311283199
2786,HON,0.416474781465912,0.44963111835369685,0.4642100352047185,0.04709685845631822
2787,HON,0.4170369348828413,0.4633548502160192,0.47032636241396497,0.0674242620140083
2788,HON,0.41795987072979157,0.47298610116330286,0.4775963745532306,0.0
2789,HON,0.4181696320891377,0.473940727483533,0.4836479818416647,0.0
2790,HON,0.41885764314104756,0.4808922777907417,0.490204879712657,0.0
2791,HON,0.41964633456533473,0.48352882389591295,0.4961010859916702,0.0
2792,HON,0.4213663609148397,0.48523635286447425,0.5012394616539568,0.0
2793,HON,0.42275916273931724,0.48619656038447695,0.5055871371763634,0.0
2794,HON,0.42352268663104864,0.4865603171112248,0.5091550511545089,0.0
2795,HON,0.42471411951704763,0.4855592008121507,0.5117623112377058,0.0
2796,HON,0.42567062197482075,0.4801249951143726,0.5125069812397643,0.0
2797,HON,0.4267152218068557,0.4765903840994336,0.512230390789494,0.07381985572715172
2798,HON,0.427520696536555,0.4808383245022439,0.5130574914366264,0.04093267632313296
2799,HON,0.4283932983426082,0.48512955105446426,0.5147782277929664,0.033347592026643884
2800,HON,0.4303314794965418,0.49248310968988207,0.5179696428054995,0.04507617078700536
2801,HON,0.4329073171771811,0.5034425268547236,0.5232275107681053,0.07946073212838609
2802,HON,0.4361460014498202,0.5197824643178863,0.5314664298348111,0.14750121512993453
2803,HON,0.4400852746514081,0.5403502798577833,0.5431336114983119,0.29639133801912565
2804,HON,0.44417558019004,0.5589334570860852,0.5570536032331446,0.0
2805,HON,0.4483058254377936,0.5769173016068793,0.5726279303489239,0.0
2806,HON,0.4515780645427787,0.5899064433126895,0.588293055083334,0.0
2807,HON,0.4538938047747445,0.5894792014818139,0.6007197134661746,0.0
2808,HON,0.4567213602858815,0.5926416448387037,0.6114415172832935,0.0
2809,HON,0.46006911888808943,0.5933192121960061,0.6201861809805708,0.0
2810,HON,0.46306448184795856,0.5945239480881073,0.6274792354576745,0.0
2811,HON,0.4657494010276735,0.5876900956565594,0.6316271143171451,0.0
2812,HON,0.4693153093132323,0.5912140408088374,0.6358151115686468,0.0
2813,HON,0.47024664679898853,0.5612191839884011,0.6317629106354039,0.14041686517076027
2814,HON,0.47104373525311294,0.5348870950281872,0.6220225061520158,0.08294834130928991
2815,HON,0.4721932208858979,0.5165890226336729,0.6097142987802522,0.08101311814393888
2816,HON,0.47376221848311273,0.5022128362798091,0.5963197533226674,0.07011507905028337
2817,HON,0.4742362765742114,0.47846610313291765,0.5797435276631513,0.12064322777079209
2818,HON,0.47364056730072024,0.4542001958055457,0.5604938279378738,0.1306366579609747
2819,HON,0.47280153005705916,0.43357618964682293,0.5400041541499373,0.17709866855068418
2820,HON,0.4719624876923221,0.4219967089185425,0.5207546502068285,0.0
2821,HON,0.47060324889391403,0.41277119975520316,0.503078231968143,0.0
2822,HON,0.46849727002129393,0.40549510431554403,0.48714138902573434,0.0
2823,HON,0.46535927482686334,0.39665263104036663,0.47220963116006914,0.0
2824,HON,0.4629764090548667,0.4027653197439004,0.461772809553629,0.0
2825,HON,0.4548565422256132,0.34488221677341685,0.43913805704736175,0.0
2826,HON,0.447296816660228,0.30770292933960386,0.4118545704323928,0.0
2827,HON,0.43990489854357495,0.2731713168606449,0.38150553106383467,0.0
2828,HON,0.43198438696341546,0.24696449967960363,0.35075857235630103,0.0
2829,HON,0.4226458240889919,0.21179387966871013,0.3174810510654088,0.622521036320661
2830,HON,0.4122753222210198,0.1770510918183945,0.2822846668032911,0.1950985887838138
2831,HON,0.40406114350871736,0.17232290737497258,0.25296066426932196,0.13341140552293537
2832,HON,0.3948065565658445,0.16992071523665203,0.22890861178816785,0.10940070098424429
2833,HON,0.38820332475240216,0.1714529772263662,0.21004512532283237,0.12649294435734856
2834,HON,0.3823971885625914,0.18369409871775205,0.1979753910935092,0.1780988223867913
2835,HON,0.37680919744716324,0.20220034694250608,0.1928868643743702,0.20616207839154926
2836,HON,0.3710869654938258,0.2186539846679134,0.19287672842030495,0.0
2837,HON,0.3663799660447804,0.2343046562161784,0.19673113655753194,0.0
2838,HON,0.362134431446564,0.24914786797839006,0.20347790244411146,0.0
2839,HON,0.3576120176305846,0.2582258406002147,0.21111571886804964,0.0
2840,HON,0.3531651202391819,0.27280889479476783,0.22082500564057234,0.0
2841,HON,0.3481812390118355,0.2794280147146149,0.23022600474139054,0.0
2842,HON,0.34380985497236205,0.2933320353066575,0.2411782551489669,0.0
2843,HON,0.33943008056045176,0.3022626124353309,0.25214408263029453,0.0
2844,HON,0.33386726363497976,0.3093787667294907,0.26267298019559004,0.0
2845,HON,0.3345175205714628,0.32685497594399887,0.2754091498149225,0.18559033400842986
2846,HON,0.333393206568096,0.327927800393226,0.2858628538657659,0.13894643742310933
2847,HON,0.3327974844919117,0.3293892504859517,0.2945864965613095,0.08884561122240975
2848,HON,0.33224372093531107,0.33123789081070243,0.30202164701886647,0.0773745216727025
2849,HON,0.3332233701486853,0.3352299644098877,0.30895499359052614,0.07290319413722268
2850,HON,0.3352160836023801,0.34174941037365625,0.3161106414366979,0.098316173960149
2851,HON,0.3352244821685395,0.34399521156190765,0.3223894135690042,0.1192955182852402
2852,HON,0.33519092682408536,0.3446042184556236,0.32756273149757337,0.0
2853,HON,0.3351405871500046,0.3463064059387442,0.332121478224392,0.0
2854,HON,0.33461198907752854,0.35102959843091947,0.33693413873851075,0.0
2855,HON,0.3335967524763759,0.3559811962065663,0.3420062997018167,0.0
2856,HON,0.3327241537429688,0.36175020000175623,0.34748779323483164,0.0
2857,HON,0.3318431646371245,0.367299724298892,0.35324258624884874,0.0
2858,HON,0.33017348052223916,0.3633820126750494,0.3568795466628905,0.0
2859,HON,0.3288897535394377,0.3610258262316447,0.3592076185432998,0.0
2860,HON,0.3270522619758198,0.3589272159716654,0.36055214826595394,0.0
2861,HON,0.3248288189133035,0.3469289333436474,0.3586666486645132,0.13127325894561345
2862,HON,0.32256761456585226,0.3450306626713373,0.35668976413075415,0.08584690283211835
2863,HON,0.3197820078442519,0.33478699497620623,0.35258016437215245,0.04848598535532853
2864,HON,0.31701318237963205,0.3267084890309693,0.34729874483034207,0.06440013341228208
2865,HON,0.3133214108259086,0.32116288641655866,0.3417049788633362,0.056108761689462314
2866,HON,0.31088820794036875,0.3191540790204429,0.3367342012598724,0.09079376363323192
2867,HON,0.3081445653715358,0.3146282182881043,0.3316406166548248,0.13836527879616892
2868,HON,0.3052079339945073,0.30967084943710177,0.32634229214276134,0.0
2869,HON,0.30215594114176714,0.30721147897228246,0.32149667071964405,0.0
2870,HON,0.29884594075184756,0.30594310307740724,0.3173071439890968,0.0
2871,HON,0.29616940784770796,0.30999014228899247,0.3149543140816537,0.0
2872,HON,0.2936942479789084,0.3147804072424244,0.3142542664767909,0.0
2873,HON,0.29121908811010844,0.3200983816522527,0.3150066810867631,0.0
2874,HON,0.28860968228232275,0.32636481520987853,0.3171551410145942,0.0
2875,HON,0.2864449661936779,0.33806785331300115,0.32176216728627716,0.0
2876,HON,0.2841460041460464,0.3477422803948367,0.3278353943555943,0.0
2877,HON,0.2817295830295956,0.35512154742808294,0.3345151466580175,0.10857520153187453
2878,HON,0.2803074123410516,0.3645394760521848,0.3421832518607364,0.09078171094677577
2879,HON,0.2791956823600157,0.3762911747815768,0.3512180035808649,0.07243270108592513
2880,HON,0.2779580978166467,0.38358276077987663,0.36024533631016725,0.05288543505157892
2881,HON,0.2774882262059357,0.387743554736663,0.3684940681413826,0.13272308755641204
2882,HON,0.27649396912062807,0.39183623115730903,0.3761031081458158,0.06290297061467386
2883,HON,0.27655270787297637,0.39821126306814136,0.38376366998513006,0.0978895088596011
2884,HON,0.27672890825468377,0.4038200486743044,0.3912763430746006,0.0
2885,HON,0.2769093058710399,0.4081690021603943,0.3983597841381851,0.0
2886,HON,0.27701837968850107,0.4120769622306434,0.40499100434568885,0.0
2887,HON,0.27807556303075964,0.42234518581782804,0.4128301329294389,0.0
2888,HON,0.27915792107508164,0.4280489300252285,0.42050909477957926,0.0
2889,HON,0.28024866949184135,0.43269251472197273,0.42779828053858854,0.0
2890,HON,0.2813813697707839,0.4360554949280606,0.4344595978689867,0.0
2891,HON,0.2826902678708949,0.44433298061652776,0.4418314987936746,0.0
2892,HON,0.2839991659710055,0.45090672542133775,0.44935139083741094,0.0
2893,HON,0.2851576196337047,0.45429075921955164,0.4562024691295258,0.09946424713003621
2894,HON,0.2859882711138977,0.45363440560242296,0.4615213465774042,0.08104467426847863
2895,HON,0.28639101257560906,0.45340050002735643,0.46571872166858663,0.05822192633485694
2896,HON,0.2868944328733751,0.45359945253424727,0.4691257223451641,0.06270596397605416
2897,HON,0.28760760684887154,0.4548302287837455,0.47215507305137805,0.05558282628046645
2898,HON,0.28803971051724897,0.45496924876682143,0.4746128631367094,0.06310874284344349
2899,HON,0.28822011325468244,0.4554426534118386,0.47669592938915023,0.08547896718557499
2900,HON,0.28845924347809504,0.4536907818503191,0.47793002819512026,0.0
2901,HON,0.28889554796587547,0.45230012651643625,0.4785740996201275,0.0
2902,HON,0.2893821864945525,0.45190320774934534,0.47899139895421555,0.0
2903,HON,0.28975135980911704,0.4526864576515984,0.47951854105232977,0.0
2904,HON,0.2902044399206942,0.454286145991061,0.48033505077696004,0.0
2905,HON,0.29070786226689105,0.45551457189993133,0.48129142866788704,0.0
2906,HON,0.2911273808887209,0.45544543142116267,0.48203946741457476,0.0
2907,HON,0.29083371785344037,0.45366558255010564,0.4821986395390034,0.0
2908,HON,0.29082532748100354,0.4529481793190285,0.4821489252765299,0.0
2909,HON,0.29003243114045185,0.4429954544473862,0.4796528651441161,0.06905597662041794
2910,HON,0.2889123210291338,0.4309337951747931,0.4746792525814945,0.07329063322184963
2911,HON,0.2879306489903737,0.42882272193684634,0.4701793589415786,0.05336754250982513
2912,HON,0.2868692673892501,0.42649096786156254,0.4660039773798111,0.06549955755683719
2913,HON,0.2861387201602801,0.4270902096904319,0.46281156237806753,0.04548464728799215
2914,HON,0.28552621375446874,0.4259585959441851,0.45997835308136853,0.05357178076031852
2915,HON,0.2850647407099167,0.42745465397015364,0.45808100618458364,0.10103788970170258
2916,HON,0.28477107972306603,0.4312901089688931,0.45750970209104824,0.0
2917,HON,0.28458649306578376,0.4369147280726877,0.4584407900718128,0.0
2918,HON,0.2844690309243174,0.44149455464213777,0.4603159415099378,0.0
2919,HON,0.28414180230242847,0.44311896637897796,0.46221696033230664,0.0
2920,HON,0.2839907755985691,0.44449402377709935,0.46407713350803026,0.0
2921,HON,0.28383974889470975,0.4456580479195501,0.4658525480871431,0.0
2922,HON,0.2836132088389216,0.4464449289626253,0.4674670785308609,0.0
2923,HON,0.28349574362480956,0.4495083596966684,0.4695147441168583,0.0
2924,HON,0.2832188613344009,0.45104461713453187,0.47153201816427376,0.0
2925,HON,0.2822204024054753,0.4437230803063066,0.47133891431591624,0.06429363149196042
2926,HON,0.28145688056217466,0.4398692437150668,0.47023332131715784,0.08268515446503823
2927,HON,0.28083179576721573,0.43693957701207625,0.46862581806164644,0.05132647484341369
2928,HON,0.2807311153948384,0.4417163274877804,0.46851869646466765,0.0691315798354611
2929,HON,0.2820442107295982,0.4529229750967044,0.47119875052584953,0.07826970756676421
2930,HON,0.28419633050532767,0.4672528072278978,0.47687933331669735,0.0630061854386893
2931,HON,0.28546327213428624,0.4749321074837952,0.4833190170760348,0.10982583210651595
2932,HON,0.2868099263982544,0.4806885168431397,0.48989142059450347,0.0
2933,HON,0.2877160891819468,0.4817954057549217,0.49542251872418586,0.0
2934,HON,0.2890417726358998,0.4854015849440445,0.5007373863904535,0.0
2935,HON,0.2900737874213877,0.48645768699487085,0.5052499218644714,0.0
2936,HON,0.2909044342926119,0.48689359896245976,0.5089675313999792,0.0
2937,HON,0.2915337122253576,0.4868386393609261,0.5119280552404603,0.0
2938,HON,0.2921294286683578,0.48600264324911696,0.5140901541494809,0.0
2939,HON,0.2930523696363845,0.48674817360497047,0.5160038268893947,0.0
2940,HON,0.2936732571966938,0.48336375819192634,0.5166995062433385,0.0
2941,HON,0.29536810781991907,0.49306229516435,0.5196496059934168,0.08989244182606528
2942,HON,0.29746570195328736,0.5047605297595037,0.5248967586382586,0.05439004860081458
2943,HON,0.3001925786283697,0.5231534218577215,0.5336337656250059,0.04793243833736039
2944,HON,0.3030998483108398,0.5379949691133316,0.5442861997982935,0.05829687213063885
2945,HON,0.30687132942692674,0.5503316825163279,0.5558527937432045,0.051552846209035656
2946,HON,0.31009322936993833,0.5541624234167406,0.5660514789042932,0.07856269741752565
2947,HON,0.31360459818622877,0.5593757505977767,0.5754970532512391,0.08831945667366015
2948,HON,0.3158657994610339,0.5543459189078892,0.5818121723908531,0.0
2949,HON,0.31744319357597783,0.5484954750240305,0.5854204038844952,0.0
2950,HON,0.31897024750473335,0.5477767527064483,0.588129611572645,0.0
2951,HON,0.32100911107947594,0.5488036086822201,0.5905504012614803,0.0
2952,HON,0.3231150945610648,0.5493002659108304,0.5926096058320814,0.0
2953,HON,0.3254811795881878,0.548581711662537,0.5940796334605596,0.0
2954,HON,0.3275452112075947,0.5464229112485453,0.5947228731163979,0.0
2955,HON,0.3294749968680146,0.5406785842848687,0.5938197902121778,0.0
2956,HON,0.3306328682642663,0.5260358554426031,0.5894835628148459,0.0
2957,HON,0.32944982011751955,0.4860249038484154,0.5761400540269856,0.08913005462277501
2958,HON,0.32883731678435524,0.4606439292222837,0.559201334094191,0.09020690737269405
2959,HON,0.3284094093264107,0.44463206502219343,0.5416987004896688,0.04637939490254636
2960,HON,0.32776335628197684,0.4260176414235065,0.5231026357352415,0.03944647051321215
2961,HON,0.3256322073162625,0.40686670248371354,0.5034994164345046,0.04743915475167302
2962,HON,0.32305635683293144,0.39168294976320445,0.48406955760643855,0.06176936066853403
2963,HON,0.32038821174068977,0.38921112180013384,0.46791563427474364,0.11422659664128881
2964,HON,0.3175984072723326,0.3877926826973834,0.454642431077666,0.0
2965,HON,0.3146659680088755,0.38741423910929,0.44393047030700183,0.0
2966,HON,0.3118216327770802,0.3841819587685978,0.4345631891191915,0.0
2967,HON,0.3087843220518893,0.38351552366568,0.4269048909167793,0.0
2968,HON,0.30681677971550414,0.3885399216734222,0.42201825168393836,0.0
2969,HON,0.3049121651723934,0.39320076939439064,0.4192592170150118,0.0
2970,HON,0.3029991602568467,0.40238786052650816,0.4193193229629405,0.0
2971,HON,0.3011029360861728,0.4130310733495471,0.4219941058330934,0.0
2972,HON,0.2989801718597107,0.4199289099607708,0.42583628786554506,0.0
2973,HON,0.2970692599283038,0.42820633523440665,0.43095286564176116,0.05170865457395068
2974,HON,0.29462766103714255,0.42818873697238174,0.4350417846890701,0.03670240251677624
2975,HON,0.2922951385239805,0.42675990595725954,0.4379602907169298,0.03116364524078857
2976,HON,0.2906757915226379,0.4252342924543964,0.439918580836942,0.027857922055495827
2977,HON,0.29173298664337377,0.4283160546245912,0.44224577828178846,0.030927850865755425
2978,HON,0.2924293890919354,0.4330861735489864,0.4452847806074009,0.05692615297094338
2979,HON,0.29287407780686037,0.4380329028693005,0.4489368135065391,0.08815838895465516
2980,HON,0.29405711468723794,0.444649869899467,0.45349147818494573,0.0
2981,HON,0.2954415251150624,0.44743729700286294,0.45782313467661995,0.0
2982,HON,0.2971363854683351,0.45265241335637924,0.462575527647933,0.0
2983,HON,0.2983362097509854,0.4596108647109412,0.4680947572133619,0.0
2984,HON,0.30055965844668675,0.47688937641586837,0.4767744015569856,0.0
2985,HON,0.302783107142389,0.49014419407346593,0.4869893477300277,0.0
2986,HON,0.3048051868996118,0.49404007097118297,0.4961227899512631,0.0
2987,HON,0.30631545393820137,0.4916510082861488,0.5028399335655953,0.0
2988,HON,0.3090633050080527,0.5087357131529687,0.5124300784731333,0.07301079175631309
2989,HON,0.3112926214336964,0.5153408154930424,0.5217323046049304,0.039461591156220784
2990,HON,0.31331470528778116,0.5222074380789411,0.5308687377625384,0.03537682614635292
2991,HON,0.31547941830378035,0.5313546464777816,0.5404353750885416,0.03595601251550962
2992,HON,0.318130772408995,0.5414895912320976,0.5505899447373503,0.044262724021091764
2993,HON,0.3204360379902149,0.5468232201380736,0.5600299166110547,0.03723666523641454
2994,HON,0.3234397928588444,0.5514115220795383,0.5687142668480668,0.0674025671783872
2995,HON,0.32656940075348384,0.5536760619395129,0.5762206255148068,0.0
2996,HON,0.32971579553828967,0.5537963882453705,0.5822554084512434,0.0
2997,HON,0.33219095284655076,0.5487609815379785,0.5858405185726507,0.0
2998,HON,0.33448991950315143,0.5437143348540493,0.587463116465263,0.0
2999,HON,0.33708254407395577,0.5431835080511473,0.5886301890591756,0.0
3000,HON,0.33946540984595286,0.5418289207993641,0.589229540958558,0.0
3001,HON,0.3418818371076964,0.5376604514380051,0.5886802625742011,0.0
3002,HON,0.3436955839173188,0.5292670998490022,0.5861693976117166,0.0
3003,HON,0.3454827332463166,0.5243758608816868,0.5829535693781331,0.0
3004,HON,0.3468377732737524,0.5265199395964714,0.5809100559875978,0.07429012963869552
3005,HON,0.3484445270348244,0.5303298116655089,0.5802155049445352,0.05227359685911374
3006,HON,0.35041625943635113,0.5306860270388347,0.5797477764974507,0.05666033644964672
3007,HON,0.35206916639111663,0.5213339805247481,0.5770655497939798,0.0339050835601795
3008,HON,0.35237540679132984,0.5166922409977474,0.5737742075320831,0.020717472319362006
3009,HON,0.3524786092940939,0.5037823205587991,0.5679550221409955,0.03902462648724672
3010,HON,0.3525121651506562,0.4946671041193883,0.561050078503083,0.06327375507801594
3011,HON,0.3521597725809644,0.4870404979294859,0.5536439107298128,0.0
3012,HON,0.35091800104510007,0.47401603940984227,0.5445045974350928,0.0
3013,HON,0.3501880324978224,0.4680290727976988,0.5357155897724064,0.0
3014,HON,0.34946645944405885,0.4647452310971641,0.5278739459541556,0.0
3015,HON,0.3487952296491299,0.462425414472075,0.5210281103599227,0.0
3016,HON,0.3474108181970892,0.45155601898697784,0.5128689228865683,0.0
3017,HON,0.3471339359066814,0.45217909963195096,0.5064953464705173,0.0
3018,HON,0.3465466098361185,0.4489934281858572,0.5006102756365808,0.0
3019,HON,0.34543069030204965,0.4447461106650176,0.49485399968661337,0.0
3020,HON,0.3468318865958251,0.4713823483587971,0.49682268523311485,0.0701674534514292
3021,HON,0.34825833696835673,0.49024561162033936,0.5030530040754264,0.06291502330113001
3022,HON,0.34913370452466763,0.49391736575758094,0.5089434319205695,0.06962968449573094
3023,HON,0.3500818176342202,0.49974236710012937,0.5150933589074436,0.05492014766513167
3024,HON,0.3502706061351204,0.501579269054667,0.5204666398199261,0.05577106732893622
3025,HON,0.3505265191518374,0.5062268715998969,0.5259122724161435,0.06936540195271051
3026,HON,0.3509796064329218,0.5098469384074704,0.5311621950587896,0.0982907537487142
3027,HON,0.3521710357341665,0.5120250862603646,0.5358996904826744,0.0
3028,HON,0.353135932661238,0.5138428812550608,0.5401383106311164,0.0
3029,HON,0.35481401175752936,0.5144642100019146,0.5436825479517524,0.0
3030,HON,0.35629910921513197,0.5135454404833788,0.5462911895321858,0.0
3031,HON,0.3577842051364124,0.5121253960534478,0.5480276420771235,0.0
3032,HON,0.3594454988788609,0.505762414013917,0.5478464481325435,0.0
3033,HON,0.361333332677098,0.5073130395517659,0.5480841805393769,0.0
3034,HON,0.36276808636375835,0.504126500848864,0.5474879427285821,0.0
3035,HON,0.36415249781579906,0.5008385141022262,0.5461994918126979,0.0
3036,HON,0.3672065928706174,0.5085273915476505,0.5470663122149009,0.050326101867552805
3037,HON,0.3696649771156211,0.5159931358850002,0.5496022814019252,0.04987007204000265
3038,HON,0.3720981825616989,0.517143401735816,0.5519149373042175,0.03584731919765047
3039,HON,0.3744894397303482,0.5150202445687956,0.5532410761756871,0.034768932469455206
3040,HON,0.37389371765416435,0.507179947808005,0.55236703651692,0.04699276707328778
3041,HON,0.37311751602439314,0.49648841938602145,0.5490291826007873,0.04676245119209835
3042,HON,0.37410338734623316,0.4977812220180101,0.5466779574712161,0.06929067529668236
3043,HON,0.37429636488805995,0.4923173570803731,0.5434485195331157,0.0
3044,HON,0.3747410546272003,0.4883724096230011,0.539891373501542,0.0
3045,HON,0.37484173499957807,0.4845704925755724,0.5361073602712613,0.0
3046,HON,0.3748920751857674,0.4812217707131219,0.532253699860342,0.0
3047,HON,0.3749424174203866,0.47826627837579866,0.5284413690221397,0.0
3048,HON,0.3749256366755134,0.4756525526731163,0.5247464483443198,0.0
3049,HON,0.3753619360422169,0.478597647074133,0.5225173481465847,0.0
3050,HON,0.3753703264146542,0.47484549767966294,0.5198080540212279,0.0
3051,HON,0.3762513155204976,0.4819705916470416,0.5193990605732061,0.0
3052,HON,0.3768554197753953,0.4793702488509775,0.5184301126500211,0.0833364378131781
3053,HON,0.37677152117210566,0.4760295921286514,0.5168304949258876,0.07300684724074562
3054,HON,0.37694771796905924,0.4724446315768712,0.5146660482504275,0.05807400700107685
3055,HON,0.3775350440396221,0.47406974135177593,0.5133355608546523,0.05384964996807134
3056,HON,0.3789228942948184,0.4953842288045326,0.5175314926921137,0.07801944996798368
3057,HON,0.37943470752555974,0.5033104107900523,0.5228443850137326,0.07551950365722335
3058,HON,0.3803912094712252,0.5102272069238716,0.5288017337341426,0.1580431521237491
3059,HON,0.3825139726734723,0.5264992178695584,0.5375834734413454,0.0
3060,HON,0.3837977011925964,0.5230133845590917,0.5437485768781111,0.0
3061,HON,0.38543802412503103,0.519772018647452,0.5478807047772966,0.0
3062,HON,0.3862770588081532,0.5171562025088304,0.5505408351789919,0.0
3063,HON,0.3875859569082647,0.5139683380201245,0.5518821885659814,0.0
3064,HON,0.3900695071495006,0.5254575364882964,0.5557907549236336,0.0
3065,HON,0.39137001487717527,0.5193283177568053,0.557404943785469,0.0
3066,HON,0.3927124744670327,0.5142564568663293,0.5574445819151497,0.0
3067,HON,0.3954063657735234,0.5255636890364852,0.5602668675849618,0.05062961042649417
3068,HON,0.39801577211341677,0.5325858917877273,0.5642577448734876,0.041393746365019336
3069,HON,0.4002874680111672,0.5384361283020948,0.568894259344479,0.029772326944240767
3070,HON,0.4028884860270545,0.5401744839120517,0.5730324894398573,0.029216807668488887
3071,HON,0.40388693420171906,0.5318962434479068,0.5743000401804732,0.03500143974818212
3072,HON,0.40551466850285234,0.524104095597896,0.5733910129564264,0.03219250638463673
3073,HON,0.4067899958952781,0.5120165577650558,0.5696806400056533,0.08826357603645434
3074,HON,0.40813245650935137,0.5019627946766224,0.5642311171351003,0.0
3075,HON,0.40864426922798414,0.48835570100293696,0.5565133279691887,0.0
3076,HON,0.40744100767850044,0.47728172442274164,0.547606087924047,0.0
3077,HON,0.40711377752028843,0.47040323633272835,0.5387827152815368,0.0
3078,HON,0.4066774812262306,0.46480554577586153,0.5303425317588754,0.0
3079,HON,0.40550282908510527,0.4630546583183593,0.5231582736173067,0.0
3080,HON,0.4057293691408934,0.46274929369315354,0.5173355044576612,0.0
3081,HON,0.4058300536101327,0.4611974800803548,0.5122943083557753,0.0
3082,HON,0.4048819399884729,0.44816423383137766,0.5050448036252151,0.06067870211412886
3083,HON,0.40355206851780867,0.4330840977649837,0.49552348858778045,0.03451385379609221
3084,HON,0.40091329741071036,0.4206917320990668,0.484848055217843,0.03753228476422096
3085,HON,0.39915971520464355,0.40751875477045946,0.47305667565697956,0.0369182551742183
3086,HON,0.3976326663969654,0.4008826525750182,0.4619858111745666,0.039950053667325694
3087,HON,0.3950646255559467,0.3999400351909676,0.45289648576424396,0.05528457707561505
3088,HON,0.39258106968152573,0.39979595502928067,0.44558946708580105,0.07122129652720466
3089,HON,0.39002410112093067,0.4006762888151206,0.43996111464934773,0.0
3090,HON,0.3874650349672262,0.40006594138904683,0.43530780163997124,0.0
3091,HON,0.3856359399213374,0.40018075186454183,0.4316134859528418,0.0
3092,HON,0.38463748611348914,0.4102929726424396,0.4311536850137133,0.0
3093,HON,0.3840753352570978,0.418692108277702,0.4328587139945859,0.0
3094,HON,0.38349639955897175,0.4255540973324305,0.43591624589634165,0.0
3095,HON,0.38290068311597203,0.42587230178622854,0.4384408028773588,0.0
3096,HON,0.38215393996911384,0.4246336748011932,0.44015476077022053,0.0
3097,HON,0.3810715819247914,0.42209015428128915,0.4408981974075725,0.0
3098,HON,0.37906627676714955,0.4095196963731905,0.43839061299541165,0.06146497555057767
3099,HON,0.37638975103251715,0.3949944249160653,0.43279977235775746,0.07649533298066442
3100,HON,0.37350136224856856,0.38294963469341614,0.42535449859827323,0.06120529494238597
3101,HON,0.370858392370498,0.3760132937121362,0.4176864211451835,0.039722586602934984
3102,HON,0.369046068851544,0.3695598064363203,0.40995926690794293,0.040617115077735445
3103,HON,0.36815669142169405,0.3714502029172545,0.404244085054959,0.050251375211524646
3104,HON,0.367615508814779,0.3771758247043201,0.4010849978461477,0.11886140243306485
3105,HON,0.36738057275336944,0.3823170615266563,0.3998265627137276,0.0
3106,HON,0.3668939321762612,0.387338903836239,0.40005918320181544,0.0
3107,HON,0.36608846154342345,0.39191216683172253,0.4013739407846133,0.0
3108,HON,0.36586192660871175,0.4030307065984972,0.405169753561706,0.0
3109,HON,0.3648634722887554,0.4035653391055884,0.4083383487346122,0.0
3110,HON,0.3641754617489532,0.4063241802499626,0.4115540947329315,0.0
3111,HON,0.3633364245052926,0.40722050362405493,0.4143479001979402,0.0
3112,HON,0.3618764997013222,0.4105188741398061,0.41739696790574093,0.0
3113,HON,0.36001383702039513,0.4088120266065862,0.4194149796081504,0.0
3114,HON,0.3589105030449806,0.4168526796839985,0.42301378678371926,0.05190675691133912
3115,HON,0.35813858519605857,0.42211459172648674,0.4271914492723611,0.04380406451649662
3116,HON,0.3570352501964291,0.42087095929123153,0.4302266562482241,0.05900359783647704
3117,HON,0.35633046096018495,0.4230817209390037,0.43320042807981035,0.04830716731626994
3118,HON,0.3562046104947125,0.42107443997287786,0.43508405743142803,0.049060350649902766
3119,HON,0.35639758547600087,0.41846561086663736,0.4359471133639291,0.061462126733778946
3120,HON,0.3566010586649888,0.4156137944402891,0.4359337423592854,0.07088469786544731
3121,HON,0.35700379910248436,0.4178652799557378,0.43647870227788965,0.0
3122,HON,0.35687794812490425,0.41187935048409063,0.43543736914757525,0.0
3123,HON,0.35648779119763274,0.41052670397417607,0.4342704754341329,0.0
3124,HON,0.35581656396324224,0.40994073012375587,0.43319234469443213,0.0
3125,HON,0.35516211491318694,0.40996210350057694,0.43233511495806276,0.0
3126,HON,0.35449088511825844,0.4104590751508603,0.43177198158638597,0.0
3127,HON,0.3531652062732742,0.40348073538093504,0.42959925132723126,0.0
3128,HON,0.35123323911602045,0.3982438454071073,0.4265686257082096,0.0
3129,HON,0.3506878649076408,0.4024241756904867,0.4251758123402407,0.0
3130,HON,0.3499662990233845,0.4059677567472582,0.4249361018646535,0.1445555385600502
3131,HON,0.349580336258116,0.41145359572354845,0.4260982144147166,0.09989836298221155
3132,HON,0.34965585217058415,0.4237594037439256,0.4300649237485512,0.060977608738241505
3133,HON,0.35163597699297755,0.4514928203507845,0.4400827764520303,0.06874677042787913
3134,HON,0.35192544586625596,0.46211011911830335,0.45071736125170103,0.03644140707006205
3135,HON,0.3523491637711662,0.47046336009278633,0.461286572223195,0.041987176818169665
3136,HON,0.3530078110800865,0.47387025168462543,0.47058274686044527,0.10010807972654864
3137,HON,0.3531840068528247,0.47341256553618033,0.4779067316418878,0.0
3138,HON,0.3539810932585179,0.4760870074185094,0.48442595996038346,0.0
3139,HON,0.35294907796092234,0.45487857692368316,0.4844071952518366,0.0
3140,HON,0.3541740687519135,0.46374282989279575,0.4865798421294051,0.0
3141,HON,0.35463553923592706,0.4655916372474997,0.48877423715483975,0.0
3142,HON,0.3559863891982218,0.46926886542472757,0.49143727691547295,0.0
3143,HON,0.3564898115444177,0.4648068670645544,0.4924665071542622,0.0
3144,HON,0.35700162426305093,0.4612654831908207,0.49241589338161534,0.0
3145,HON,0.357580559961177,0.45918062059992343,0.4918608674460866,0.0
3146,HON,0.357874222996458,0.45409135942524737,0.49016083942426847,0.09458553879233834
3147,HON,0.35860217179099596,0.4473772828292473,0.487143812433995,0.11636561977762575
3148,HON,0.3597874004103607,0.4472574166486903,0.48470060839563206,0.04722746574955219
3149,HON,0.3602908201960191,0.4468215510443549,0.4826384754508951,0.02265773569904924
3150,HON,0.3614402971229729,0.45388621247297856,0.48273229646261,0.049129379672333474
3151,HON,0.36252266233680297,0.4607906329941863,0.4845113338883368,0.0697675234008386
3152,HON,0.36279954616353427,0.46411570897523124,0.48675517795608564,0.07254380494107551
3153,HON,0.36012771903746676,0.4494658853198517,0.4849347411676583,0.0
3154,HON,0.3589698466169988,0.4448121286221807,0.482329865052931,0.0
3155,HON,0.3578161698948574,0.4414476362127182,0.4794156222328168,0.0
3156,HON,0.3576567507701309,0.44776801428758806,0.47864406948616595,0.0
3157,HON,0.357740654494497,0.45276926698862774,0.47926111445804187,0.0
3158,HON,0.3575476759284548,0.45668002257112794,0.4807199077123065,0.0
3159,HON,0.35905794296704485,0.4568130259400515,0.4819197669621689,0.0
3160,HON,0.3583363709374967,0.4559701204423556,0.4826716289926479,0.0
3161,HON,0.35755606630089165,0.4496072976216207,0.48170280193099935,0.0
3162,HON,0.3578790920549473,0.4600869289417801,0.48351406719807366,0.07304234788085284
3163,HON,0.358508369987693,0.4646824547739873,0.4860972349742436,0.017954120024596246
3164,HON,0.35962428644911615,0.47399641744176396,0.49046241421522074,0.03261719922740088
3165,HON,0.360249374828828,0.47603117985048904,0.4944567280208134,0.025645267961899487
3166,HON,0.36126880200722944,0.478643065842259,0.4982967810399839,0.028180276633259543
3167,HON,0.36265103188049963,0.48197529609035333,0.5021912032241284,0.03306687400209234
3168,HON,0.3636998284350761,0.4853872312131591,0.5061487915527583,0.15443567349754497
3169,HON,0.36500033872328874,0.4902620252202087,0.5105179399353955,0.0
3170,HON,0.36546180715887155,0.4910654360967051,0.5142115369121167,0.0
3171,HON,0.3655205382296045,0.487875707519031,0.5163792035101686,0.0
3172,HON,0.3659987853616302,0.48794703055527866,0.5181309390002501,0.0
3173,HON,0.36739527894997925,0.48134045915442053,0.5179018546288084,0.0
3174,HON,0.3689391074783157,0.4843683201540614,0.5184658499086771,0.0
3175,HON,0.3701892729713703,0.48309698399984474,0.5186032859615335,0.0
3176,HON,0.3707682086694968,0.4826411260033416,0.5186007310553191,0.0
3177,HON,0.370348690047666,0.4701229113720897,0.5155092468192451,0.0
3178,HON,0.37116255719823243,0.4747024123409673,0.5141662601271101,0.07522760950523065
3179,HON,0.3712045044514465,0.46602114412187773,0.5109493719604649,0.03461597292133891
3180,HON,0.37163241754257514,0.4627340211659184,0.5075646139396406,0.0
3181,HON,0.3722071585665905,0.4561163004444938,0.5032235831561974,0.019701540420984997
3182,HON,0.37127164023363113,0.4484536816962057,0.4978596579254901,0.023435243545348122
3183,HON,0.3695348269939607,0.42948738727644753,0.4888877196991365,0.029648293843619243
3184,HON,0.3678819225997336,0.42173507044989494,0.4797969314229116,0.15144090962282103
3185,HON,0.366577214052656,0.4151140047858994,0.4708902509180338,0.0
3186,HON,0.3651634393697334,0.4103480751787249,0.46258869604946007,0.0
3187,HON,0.36361541565517896,0.4070899123352419,0.45514335189547445,0.0
3188,HON,0.3644208868001244,0.43403678786138733,0.45583744692948536,0.0
3189,HON,0.36500821287068685,0.4553548830262584,0.46165393507825747,0.0
3190,HON,0.3657969078797283,0.47182148541046476,0.4703710106392892,0.0
3191,HON,0.36520958180916585,0.46484264177629003,0.4756223231748207,0.0
3192,HON,0.3648236246770815,0.4645902310645704,0.47976107934979223,0.0
3193,HON,0.36518441069185537,0.4668311562288875,0.483625134763878,0.0
3194,HON,0.3669715579724224,0.49383190631860485,0.4933800454576746,0.10318765068597317
3195,HON,0.3689600772641142,0.5136173985040152,0.5060669464599179,0.0
3196,HON,0.37148557680699534,0.5356644316776313,0.5216575780776862,0.036216350542962565
3197,HON,0.37506826942218163,0.5526804264121143,0.5383295560295258,0.01927947725526582
3198,HON,0.37609609516674336,0.5492309823000401,0.5508158307561105,0.027795905505185067
3199,HON,0.37799651401152756,0.5437338328888355,0.5594481782412563,0.049811342585998106
3200,HON,0.3795571237968449,0.5380353843029869,0.5649477041823393,0.2535254107884254
3201,HON,0.38170925381472776,0.5356687803976832,0.5687632575006049,0.0
3202,HON,0.3839075267841503,0.5309761599476998,0.5706575820680989,0.0
3203,HON,0.38704553222073423,0.5245146390191104,0.5705783667771558,0.0
3204,HON,0.3894032309722828,0.5162445169141472,0.568473964784053,0.0
3205,HON,0.39183643897889997,0.509034107051193,0.5650109457495308,0.0
3206,HON,0.39442906406181244,0.5046222409860416,0.5611517013821061,0.0
3207,HON,0.3975418922357945,0.5067218199570939,0.5585824727434716,0.0
3208,HON,0.39812921830635695,0.5068509176346605,0.5565589505715667,0.0
3209,HON,0.39884239996346915,0.5078171807982915,0.5551786023328322,0.0
3210,HON,0.40110780461821527,0.5261056071916591,0.5585878269362416,0.0588876729067442
3211,HON,0.4045310755481366,0.5336345865853449,0.5631733256180033,0.05175072940667035
3212,HON,0.40741735752103825,0.5376114600176967,0.5678231994347082,0.031131650836741322
3213,HON,0.4101777844194978,0.5408447440294998,0.5723410587609669,0.040244358356609625
3214,HON,0.4107986765887768,0.5424659959713888,0.5763554640703465,0.03987379303302129
3215,HON,0.41188102899991463,0.5472727167386827,0.5807532658614243,0.06071683243128106
3216,HON,0.41221665157899423,0.5483659066177162,0.5845413017481651,0.0901617645834219
3217,HON,0.41324866380394365,0.5570595376097863,0.5897172803484904,0.0
3218,HON,0.414905756214881,0.5544353445553881,0.5932104239251286,0.0
3219,HON,0.41644539467807595,0.5481358147360365,0.594450242534762,0.0
3220,HON,0.4182241490256682,0.5445876128852921,0.5945664168120524,0.0
3221,HON,0.42033013250725704,0.5477025597064129,0.5954281114086111,0.0
3222,HON,0.4217816669387906,0.5394244659756181,0.5940744699633167,0.0
3223,HON,0.42310734578377485,0.5285684984050028,0.5903123517593459,0.0
3224,HON,0.4251462062858704,0.5252471188669937,0.5864829553348849,0.0
3225,HON,0.427260580139897,0.5227047581069221,0.5827919947420043,0.0
3226,HON,0.4285527005677805,0.5120660582669009,0.5772136419402487,0.062255412642347706
3227,HON,0.4299119414146193,0.5099963573331261,0.5722401666117242,0.05160675458845773
3228,HON,0.43112855053900434,0.505134086451576,0.5670613992814628,0.04357572089309092
3229,HON,0.431598411907562,0.49337428395642563,0.5600161178855547,0.03435322435659473
3230,HON,0.4302811172897223,0.4807123168316567,0.5512549749746039,0.03797297480900875
3231,HON,0.4287960177836885,0.462524360947049,0.5397573531311005,0.04418646338678736
3232,HON,0.427604586434013,0.4506374942735452,0.5276256292442579,0.07571826341387304
3233,HON,0.4265222340228747,0.4437236265939113,0.5162139380012817,0.0
3234,HON,0.42542309267314016,0.43830298891114067,0.5057467954688282,0.0
3235,HON,0.4239380013608298,0.4342133036297193,0.4963637651034089,0.0
3236,HON,0.42239416771141647,0.4289298015746966,0.4875533957427544,0.0
3237,HON,0.4200952056637859,0.42505437568636595,0.47954866219059444,0.0
3238,HON,0.41814863925849277,0.4182562701294984,0.4714671327980969,0.0
3239,HON,0.4167054951993956,0.41619463187594935,0.4644931060309956,0.0
3240,HON,0.41475053842166565,0.41141489680287774,0.45773426702438136,0.0
3241,HON,0.41272845866444285,0.41428845127123387,0.4530363764228899,0.0
3242,HON,0.41112589138375766,0.41230500901238365,0.44878855911614934,0.08880923402328754
3243,HON,0.4089150328556803,0.4006325126676666,0.44250958451297895,0.06721125817336496
3244,HON,0.4064230917298999,0.39480378340815353,0.43604790008617283,0.043857972895918695
3245,HON,0.40429612668403436,0.3961016586799718,0.43119886245326144,0.03656982296575854
3246,HON,0.4026600066194339,0.3957218069137274,0.4272258866017564,0.04192187317155268
3247,HON,0.40055402774681426,0.397456473855585,0.4244756140920749,0.04600882957895802
3248,HON,0.39883399883677084,0.40142363774403833,0.4232544746828976,0.06980258576143833
3249,HON,0.39832218560602994,0.412058159623432,0.42490211638070013,0.0
3250,HON,0.39674479763637827,0.40526112333220077,0.4245427510782286,0.0
3251,HON,0.39710558826012177,0.4154592593845857,0.4267721139586816,0.0
3252,HON,0.3969629565376689,0.4203924101152175,0.4297730841654823,0.0
3253,HON,0.3967951490889363,0.42670342991041144,0.4337313922581007,0.0
3254,HON,0.39620782301837343,0.42687467311725225,0.43694030080245067,0.0
3255,HON,0.39562049694781054,0.42729632831393893,0.43961149028587226,0.0
3256,HON,0.39518419758110745,0.42741302399899056,0.4417772418544081,0.0
3257,HON,0.3947562885868403,0.42788507669135495,0.4436263436374442,0.0
3258,HON,0.39448779666886846,0.42634697162649476,0.4447260274990393,0.0
3259,HON,0.393925642739831,0.42483980439182506,0.44523381234389614,0.1046784584307227
3260,HON,0.3932628079263081,0.4192047753326016,0.4442493398329759,0.09145162117398425
3261,HON,0.3919077658504415,0.41312972606037734,0.4419624663842423,0.05492409218069913
3262,HON,0.3910435585136862,0.40995569891846234,0.43934963168721475,0.047886638128827
3263,HON,0.3915511724613472,0.41360764235472774,0.43816064750702066,0.03450859444200225
3264,HON,0.391584728317909,0.41402864118564575,0.4373133608226222,0.06004911360161006
3265,HON,0.3907079359346066,0.40923331582106004,0.43545206626679667,0.09901610633362098
3266,HON,0.3892731766147617,0.3973284530529687,0.43102496285310576,0.0
3267,HON,0.3884509149948969,0.39726190206234785,0.42746685563038456,0.0
3268,HON,0.3866666158319889,0.388437895243153,0.4224426437805834,0.0
3269,HON,0.38428375005999227,0.3821169950943,0.41686330394573917,0.0
3270,HON,0.38321817276054304,0.3779622721977582,0.4113744647410558,0.0
3271,HON,0.3807933551263627,0.37446008267146486,0.40611906840618744,0.0
3272,HON,0.3795683607506173,0.3833220843191514,0.40410185436647295,0.0
3273,HON,0.3777728210491835,0.3863834111835577,0.4032436051399517,0.0
3274,HON,0.3766904630048611,0.3929059689888098,0.4041667443363699,0.0
3275,HON,0.37571717980221386,0.399981332846729,0.4066514243734856,0.0
3276,HON,0.3755913211430184,0.4156484840781004,0.41250575241696413,0.07356083253822125
3277,HON,0.37545707211138657,0.4283387417331998,0.4203211146244241,0.04309777709016593
3278,HON,0.37606956469028985,0.4452030759893072,0.43073544790901463,0.04326936351735083
3279,HON,0.3767575685726916,0.4587922886011123,0.44242067243873195,0.04105955824055321
3280,HON,0.37742878812546676,0.46439940383873973,0.45315266344091726,0.049350710823619234
3281,HON,0.37765113248292925,0.4613064762158868,0.46097493530922273,0.07772777495574472
3282,HON,0.37792801630966055,0.46056512048187465,0.4670497894694786,0.10113957054744178
3283,HON,0.37773503671940345,0.45998715140948876,0.4717670325727473,0.0
3284,HON,0.3777937754717522,0.45954373595957554,0.4754313940726342,0.0
3285,HON,0.37842305750135896,0.4603027545011009,0.4785502057101387,0.0
3286,HON,0.37988298230532935,0.4619952011721987,0.48146294341454215,0.0
3287,HON,0.3803947950239621,0.4606274490253541,0.4834555783641202,0.0
3288,HON,0.3817008403974449,0.4594586916126527,0.48476124213496946,0.0
3289,HON,0.3834208667469494,0.463224083047807,0.48673505519621496,0.0
3290,HON,0.38488918192335664,0.4630693517289044,0.4882759186362736,0.0
3291,HON,0.3865336949209319,0.4638158309170013,0.4896928371686422,0.0
3292,HON,0.3872804380677901,0.4643664569303537,0.49096226407276894,0.0
3293,HON,0.38692804703442185,0.44698822757555373,0.48768893502739746,0.07018717602926655
3294,HON,0.3858121259640295,0.4277726639873751,0.4803279552149275,0.07344863298430214
3295,HON,0.3843773707410465,0.41051326175630853,0.470179626807769,0.04562686898817478
3296,HON,0.38155820509023775,0.39061528340948126,0.45715023054495574,0.043729557000222206
3297,HON,0.37885650414143424,0.3771161648366798,0.44339519044521836,0.06227886059599877
3298,HON,0.37450191160109547,0.35448959492546955,0.42680702043164037,0.10033839560773808
3299,HON,0.37075981266387537,0.34541902229677657,0.4112979069918603,0.17800722196972452
3300,HON,0.36807942991846065,0.34712625533616426,0.39931195384509394,0.0
3301,HON,0.36600700690240284,0.3495072788402189,0.39031081745583057,0.3645786446556854
3302,HON,0.3638674593705291,0.35353452431806004,0.3841038148149869,0.030570433927391987
3303,HON,0.3610860534683309,0.35031832667046525,0.3783444692689515,0.02477024292518262
3304,HON,0.3581620081620649,0.34737009725955,0.3730093827809486,0.028717388169696566
3305,HON,0.3556029507141911,0.3517632762224132,0.36982553083570147,0.04354635616608865
3306,HON,0.35396682245586764,0.3684593905445611,0.3713989768583206,0.04895845066440982
3307,HON,0.3522467899610704,0.37891988566227464,0.37523933786221375,0.08064014228305931
3308,HON,0.3504428598871989,0.38695679446418885,0.3802951004082454,0.0
3309,HON,0.34887386024155376,0.40154037279862126,0.3879388734338597,0.0
3310,HON,0.3468517804843305,0.40520383981656877,0.394958019401053,0.0
3311,HON,0.3445779895540091,0.40662314464639643,0.40092361436416435,0.0
3312,HON,0.34246361569998385,0.4102387967668163,0.40658841737495366,0.0
3313,HON,0.3426146377948731,0.422681412968474,0.4141910427347747,0.0
3314,HON,0.3434536750385342,0.4352468902710505,0.42337424755313774,0.039454140404593344
3315,HON,0.34422458915637844,0.441996000842272,0.43238646221163896,0.03208731930283755
3316,HON,0.34534890879293023,0.4447305882487979,0.4402711180826104,0.026611016856668137
3317,HON,0.3462760541651142,0.446014005717623,0.44689558456573325,0.025443001969189825
3318,HON,0.3480967634475354,0.44475607794974914,0.4518847067119671,0.03132668521757729
3319,HON,0.3489693565477583,0.4401811718018563,0.45474693771383934,0.05379311191160428
3320,HON,0.34867116732033043,0.43047883562293277,0.4546422286209599,0.09336164326765423
3321,HON,0.34818452418268375,0.4207411918075494,0.45215525368289733,0.0
3322,HON,0.34776501170614615,0.4152562169989598,0.44881200607470206,0.0
3323,HON,0.34749232204141745,0.40562115218471245,0.4437595163706856,0.0
3324,HON,0.3474713466224335,0.39999177683993964,0.4383282195325259,0.0
3325,HON,0.34696791813094485,0.39597660724293426,0.432992255865707,0.0
3326,HON,0.34595176575833175,0.3995149263464045,0.4295967265241092,0.0
3327,HON,0.3445421893342737,0.3946579710695545,0.4256816278512492,0.0
3328,HON,0.3442485227142389,0.403717366943099,0.4247853679678679,0.05250873381488563
3329,HON,0.34348919196029426,0.41340161243778756,0.4264583892542406,0.0317515972000952
3330,HON,0.343992619427568,0.42803150105312926,0.4314073984457658,0.041482059685779886
3331,HON,0.34507917368232466,0.44468174902967544,0.43947581376544603,0.05221968847969166
3332,HON,0.34609365902149225,0.4589440893190321,0.44945042887338205,0.05104027832501844
3333,HON,0.34633698545533864,0.47004925130487524,0.460170826093092,0.04767012805212371
3334,HON,0.3466558237047912,0.4819204659130962,0.4716769074200318,0.09743457473081968
3335,HON,0.3472441514580007,0.4907821633827305,0.4830688004399585,0.0
3336,HON,0.34805801143905946,0.49728428855436263,0.49378701074942805,0.0
3337,HON,0.3484985008709045,0.496503110293805,0.5021687876382185,0.0
3338,HON,0.3492536297812303,0.49677484882318457,0.5089412730230919,0.0
3339,HON,0.3497822273415978,0.49012542697940975,0.5127182132666446,0.0
3340,HON,0.3517623506276686,0.49540206316118,0.5170420160624858,0.0
3341,HON,0.3545227775261286,0.5058922401001884,0.5230899878279003,0.04143604033749275
3342,HON,0.3572244723296394,0.5145900122715342,0.5300749371559952,0.029115126822749686
3343,HON,0.3602492031293605,0.5187567205790845,0.5366912219019995,0.02479807367390865
3344,HON,0.36303060544680443,0.5197725080198171,0.5422349415713545,0.02843184907056256
3345,HON,0.3661769961347483,0.5239169354608108,0.5476927437705006,0.06092326207931194
3346,HON,0.3701381774263348,0.5420301430484996,0.5565292454936521,0.0952208249384546
3347,HON,0.37447599843973833,0.5514243013150962,0.5659168838132725,0.11858703946137202
3348,HON,0.37779019913695366,0.5577518055194148,0.5749885946758139,0.0
3349,HON,0.38162040620269666,0.5696453401200752,0.585181235392981,0.0
3350,HON,0.3842214165369682,0.5696825737361145,0.5933445370593854,0.0
3351,HON,0.3864071075324902,0.5683717952007653,0.5995516840152896,0.0
3352,HON,0.3886480866987263,0.5678066652310308,0.60437792998914,0.0
3353,HON,0.3910225564651024,0.5676336346613557,0.6081962235846791,0.0
3354,HON,0.39348345014022135,0.5705790950011602,0.6119777851177142,0.0
3355,HON,0.39598378112633137,0.5719039209902569,0.6153299955711605,0.0
3356,HON,0.39888684998939805,0.5763415475193767,0.6191069506429275,0.06884056224248339
3357,HON,0.40211714849856994,0.5769135069547554,0.6222696717732965,0.041059339100799466
3358,HON,0.40551945066690775,0.5793640692437402,0.6254046366720041,0.05202640721688568
3359,HON,0.40943775305848096,0.579585480937323,0.627967252023093,0.04547106062325976
3360,HON,0.41229047968692845,0.5766185894148882,0.6292851285257497,0.03992046980056967
3361,HON,0.41420349638095244,0.5686066053105623,0.6283621072906944,0.03967437585711036
3362,HON,0.4154201106264148,0.5538543260662616,0.6239828926713167,0.10958653149542283
3363,HON,0.41682549647322364,0.5414344482896227,0.6174143497679074,0.0
3364,HON,0.4185748952715489,0.5332667400871233,0.610143760985504,0.0
3365,HON,0.4201103324032336,0.5275308909606549,0.6029117076236248,0.0
3366,HON,0.4203200891536101,0.5221774029578168,0.5958048476417064,0.0
3367,HON,0.4206557055873974,0.5149013021970931,0.588323649991496,0.0
3368,HON,0.4207731708015099,0.5060032610050925,0.5801426944421264,0.0
3369,HON,0.4208906360156228,0.5065576765005444,0.5737347573083771,0.0
3370,HON,0.4207983388461738,0.49594816600104885,0.5659900270747826,0.04156094999712927
3371,HON,0.42018584268251624,0.48098155682899424,0.5561005495731088,0.03602745207523155
3372,HON,0.4194139340515335,0.4688272539289867,0.5451893390753154,0.0295073869819591
3373,HON,0.41851196594195184,0.4591635817477337,0.5340754188872696,0.02428462923087644
3374,HON,0.41765539044371813,0.45644653484506087,0.5245137275118635,0.026874641980427313
3375,HON,0.4164220082560752,0.4501774576416622,0.5153171937315365,0.03422042566582327
3376,HON,0.4149369087500414,0.44707449204909594,0.5071941684470577,0.09300313063052204
3377,HON,0.41357766329423384,0.44470072898704377,0.5001099139364769,0.0
3378,HON,0.41233168684210497,0.4476902095872446,0.49518030099126403,0.0
3379,HON,0.41020053377952914,0.43936159667328745,0.4891811456003506,0.0
3380,HON,0.4087154378582487,0.43893767196293776,0.48427719853368834,0.0
3381,HON,0.40768341590325363,0.4398475187562144,0.48057858706708545,0.0
3382,HON,0.40724711141547276,0.4406007440688936,0.47780559058799965,0.0
3383,HON,0.40669334683465674,0.44022998437180594,0.4754956915422326,0.0
3384,HON,0.4054431813416026,0.4344164511221518,0.47221301786974446,0.0
3385,HON,0.40404199324154977,0.4298647427572072,0.468463537327438,0.03668092682090891
3386,HON,0.40232616617512473,0.42282940949707015,0.46372766358907436,0.03115597534940738
3387,HON,0.4007907326281943,0.41750208866309585,0.4586242052481509,0.04894924679475239
3388,HON,0.3990707098634432,0.40905689714234655,0.45245720245326987,0.03003463722947745
3389,HON,0.3968808216332733,0.4055117809194909,0.44664868112633976,0.05537047985908437
3390,HON,0.3952027471459507,0.3988973407511124,0.4403694493240747,0.034723132260921816
3391,HON,0.3935330584220966,0.38826597942793667,0.4327222906684915,0.08452439441824751
3392,HON,0.39187175904646265,0.3806640831025452,0.42472844916696256,0.0
3393,HON,0.39008041760389345,0.37403324996213144,0.4166969155116227,0.0
3394,HON,0.38826633755555306,0.3743934774328389,0.41036059114270335,0.0
3395,HON,0.3866302123698757,0.3735758893112311,0.40508975449521994,0.0
3396,HON,0.38475916290126566,0.37283752054748626,0.40069085901396895,0.0
3397,HON,0.3832069440004928,0.37693455481087834,0.39818287266485136,0.0
3398,HON,0.3812519872227629,0.3810010903886984,0.3971800866799863,0.0
3399,HON,0.3810883729118184,0.39547026620603226,0.39994878684284924,0.05638575433820013
3400,HON,0.3806520791782999,0.4101818845173498,0.4057945096650551,0.042332102790569454
3401,HON,0.38052622564018135,0.4269506824075987,0.41460955348655376,0.052863959355711594
3402,HON,0.38048847203686265,0.44131832318161934,0.425207459092408,0.040977819112405105
3403,HON,0.3806646637127389,0.4541372065806716,0.43684942761763096,0.05872638604798547
3404,HON,0.38118487038856275,0.46256910519009026,0.4482439579279025,0.05503519603584951
3405,HON,0.3819232144571538,0.47143837381298187,0.4595484786618176,0.11960384791876401
3406,HON,0.3837061645030717,0.4868033487186064,0.4723841034746282,0.0
3407,HON,0.38477173719355173,0.48980955554964334,0.4833945219483305,0.0
3408,HON,0.3867728374349291,0.49813799355402766,0.4942582785951223,0.0
3409,HON,0.3887110144920012,0.5059749761242176,0.5048834167408353,0.0
3410,HON,0.3910183699847152,0.5115011245200317,0.5147473563753807,0.0
3411,HON,0.39379558684598637,0.5146574681963525,0.5234174798195277,0.0
3412,HON,0.3963799054601873,0.514135304432052,0.5302247108544916,0.0
3413,HON,0.4003737227400128,0.5282064654746936,0.5391431963374448,0.0
3414,HON,0.404824811732881,0.5484393739143731,0.5512713775346593,0.06812967288132399
3415,HON,0.409934550595207,0.5690008207631111,0.5660483971376009,0.0704619772804669
3416,HON,0.41458701057498404,0.5773751290242338,0.5799367552653922,0.0569557368376994
3417,HON,0.41906747048034854,0.5842458236146798,0.5927430989726078,0.03706266827193841
3418,HON,0.42358568552535525,0.5885696265805238,0.6040552694926132,0.03848685753154845
3419,HON,0.4272816435594664,0.5911465230421418,0.6137409726211698,0.037802045801085093
3420,HON,0.4314180910254226,0.5995224725945317,0.6235566826329189,0.10361015213119984
3421,HON,0.4351434143388464,0.6043055570812297,0.6325896948558022,0.0
3422,HON,0.4388477606969632,0.6070133583380665,0.6404843780743519,0.0
3423,HON,0.44248079810730756,0.6079650980956479,0.6470350098352475,0.0
3424,HON,0.4461977295119719,0.6063389296271894,0.6518741840184589,0.0
3425,HON,0.44931056229492317,0.5985422574711534,0.6538213389696609,0.0
3426,HON,0.45104736938930134,0.583121188954741,0.6515732110485226,0.0
3427,HON,0.4538497537831292,0.57351682686597,0.6474043943917571,0.0
3428,HON,0.456656333363175,0.5710608950933974,0.6434632279069998,0.0
3429,HON,0.45841336125512555,0.5571999693036424,0.6368894791999296,0.0
3430,HON,0.46134999160793866,0.5590988296918666,0.6320991106261736,0.0
3431,HON,0.4645467286273641,0.5619482631888184,0.6289700434213195,0.06670942813728141
3432,HON,0.46804542644495184,0.56421931218888,0.6270272745617103,0.030309876760185286
3433,HON,0.4707261535110949,0.5702304532694159,0.6269565826534043,0.06488289828978953
3434,HON,0.47214832778439275,0.5687792801396718,0.6265418859811523,0.045657110274192045
3435,HON,0.47297041426342634,0.5650201475487362,0.6252823912540092,0.08534134742022108
3436,HON,0.47448488314563475,0.5625770347941033,0.6236718459901945,0.0649639799986764
3437,HON,0.47534909048239005,0.5534477265065583,0.6201303366479622,0.12904504592950097
3438,HON,0.46903533573594824,0.46066209845957246,0.5943980442788199,0.0
3439,HON,0.4600492499289861,0.35699652966895823,0.5482280039667579,0.0
3440,HON,0.4599401755994177,0.38982925127548057,0.5193949429987451,0.0
3441,HON,0.4606701380014031,0.4260902057724463,0.5052775383046552,0.0
3442,HON,0.46134136779633117,0.45479621559638284,0.5010681315139328,0.0
3443,HON,0.4623146509989784,0.48142528206325524,0.5042725425605714,0.0
3444,HON,0.46050232491948595,0.46840128179801543,0.50362180541695,0.0772796341593295
3445,HON,0.4585473676296479,0.4515591074566896,0.4989446411529307,0.05102932133733103
3446,HON,0.45715456017198663,0.43737710521777745,0.4917028539670156,0.03455570948905813
3447,HON,0.4552919015879202,0.42484546210358015,0.4828166698166536,0.026830156610416413
3448,HON,0.45303069007096175,0.4170749284106053,0.47378998895871355,0.0394725481439082
3449,HON,0.4516176674489123,0.4108401637782576,0.4650299317839749,0.06743215104514323
3450,HON,0.44883206738471193,0.40414244697864077,0.4563689189971558,0.0860699871014341
3451,HON,0.44571923408965297,0.39815095290757097,0.4479614343838404,0.0
3452,HON,0.44249733465874863,0.3940715885299374,0.44022867750739103,0.0
3453,HON,0.43932157561884555,0.3975922418055218,0.4349113537494677,0.0
3454,HON,0.4359905952009733,0.3943207444753497,0.42985010359133763,0.0
3455,HON,0.4325674912181596,0.39003361971437256,0.424743059930237,0.0
3456,HON,0.4289425934932942,0.3867834992975694,0.4198553095777607,0.0
3457,HON,0.4262241128238333,0.38974937861853987,0.41667707526712483,0.0
3458,HON,0.42959755004207345,0.3803809968413502,0.41182241240172784,0.08847000568448521
3459,HON,0.4361854227215973,0.381016730683077,0.4080955784253481,0.05993494178990721
3460,HON,0.43257336892396037,0.3746146324752286,0.4035341015654211,0.03661211693823195
3461,HON,0.4279209089441838,0.36800005960495674,0.39825247258651486,0.0463423602841629
3462,HON,0.42332877525060253,0.36448986780994086,0.39316086950754453,0.027978887199564876
3463,HON,0.418294550252313,0.36167692738577,0.3883933657200695,0.04145028442148639
3464,HON,0.4159116875529625,0.358319606471391,0.38375079065520074,0.08737496433500508
3465,HON,0.41892383176981296,0.41413560560348556,0.39381187368901877,0.0
3466,HON,0.4172122014259294,0.40141749629822565,0.3987219666786385,0.0
3467,HON,0.41565158805585867,0.39222930463579603,0.4003824357812239,0.0
3468,HON,0.4131806295185685,0.37667939009393464,0.39787316054882554,0.0
3469,HON,0.4112172823684026,0.37081573151930197,0.39441861521729804,0.0
3470,HON,0.40971540211749513,0.37032465039839496,0.3915337822913986,0.0
3471,HON,0.4072989748557516,0.35876099150562074,0.3863720557973319,0.0
3472,HON,0.4056796386086705,0.3601955010545146,0.3825967052492245,0.04988826063956375
3473,HON,0.4034142406113248,0.36077842771623975,0.3797202885469182,0.05486623928570959
3474,HON,0.401090105397953,0.3549298843645132,0.3759757604099951,0.057602199111256816
3475,HON,0.39894930012958607,0.35124164103544403,0.3720698956691455,0.05823967665491055
3476,HON,0.3964072689924665,0.34415577048724255,0.36719644219153547,0.0528440176381205
3477,HON,0.3931014683977341,0.3355658149972265,0.36117771617641736,0.05256308047381521
3478,HON,0.3907348779203179,0.32887329175632535,0.35471105006474246,0.11198676921822769
3479,HON,0.38804852842381754,0.32840930594914886,0.34942320751897826,0.0
3480,HON,0.3860222519440528,0.3295546562535807,0.34547560089981244,0.0
3481,HON,0.3842057347752039,0.33184856079297864,0.34288364115533465,0.0
3482,HON,0.382085570519497,0.3321373812851547,0.34088135298687866,0.0
3483,HON,0.38118780220510295,0.34713212615693495,0.34298015953385275,0.0
3484,HON,0.3795684628853757,0.3493553081387203,0.3452078763061329,0.0
3485,HON,0.37456780091315656,0.369640131136646,0.3519962548194441,0.0
3486,HON,0.37343929479621707,0.37540400538598356,0.35884945644310856,0.10021151369031783
3487,HON,0.37228980865132444,0.38074422880970205,0.3656499613946711,0.040366638339201164
3488,HON,0.3722687487345717,0.39005863549928643,0.3733891199585915,0.08981881086880585
3489,HON,0.37172756920030237,0.39736939698012763,0.3813847105876774,0.06406638356732346
3490,HON,0.36923562397765997,0.3838174090706482,0.3844366120817069,0.04508800433370777
3491,HON,0.36683597233971277,0.3629590376274149,0.3817303789478267,0.053386169388893734
3492,HON,0.36360482885284817,0.34722587492061857,0.3756825170851454,0.09986373890111933
3493,HON,0.3606262440773138,0.3374942519424901,0.3684425058473939,0.0
3494,HON,0.35868807009288783,0.3361392921360256,0.3623160987365882,0.0
3495,HON,0.35852152294118733,0.35714649073019217,0.362599457263299,0.0
3496,HON,0.35642392983203486,0.34649477968393105,0.360197348648745,0.0
3497,HON,0.3560715280444047,0.35573234228610956,0.36055545157699,0.0
3498,HON,0.3544941359778915,0.34828417346527896,0.3590037586144969,0.0
3499,HON,0.3531432844792741,0.3496872257674899,0.3581086713815281,0.06161158004583527
3500,HON,0.35234619602515016,0.3586046215387413,0.3595933756493845,0.053101945128282216
3501,HON,0.3520651200848466,0.37276179275025073,0.3642750666500226,0.036912119261113346
3502,HON,0.3519729919109369,0.38411444988966253,0.3708222052992167,0.03125371167957911
3503,HON,0.3503956029170694,0.38961251029428984,0.37741681334386395,0.02880088041587466
3504,HON,0.349590125114724,0.39304389407387197,0.3835393502038458,0.04777312373638539
3505,HON,0.3472156517635945,0.3952141443448838,0.3889729879131272,0.06434951212916623
3506,HON,0.3449628377885796,0.3879336392279231,0.39152310144012936,0.0
3507,HON,0.3430582283665462,0.38703084017834394,0.39334038542715,0.0
3508,HON,0.341552240499837,0.396098568236424,0.3970320880181686,0.0
3509,HON,0.33965182165505237,0.39848059132927033,0.40057332291325026,0.0
3510,HON,0.34024754270702084,0.4105870317593403,0.4063941270787068,0.0
3511,HON,0.34096072948520906,0.4109161256474961,0.41113198933518824,0.0
3512,HON,0.3417083170976527,0.4116433168192296,0.41510174672309263,0.0
3513,HON,0.34331926706915894,0.424288599983557,0.4213983528995858,0.05715318175582659
3514,HON,0.34413733350280484,0.4300954332118866,0.4278687387408612,0.0508667196400498
3515,HON,0.34301302359629915,0.43266211506447994,0.43367849320585417,0.041092648343369204
3516,HON,0.3445988034747107,0.43876607783997956,0.4398327279432816,0.0364348328774496
3517,HON,0.3449344209327143,0.4452887042918728,0.44636587125254784,0.0332187378514399
3518,HON,0.34645727352995825,0.4487394264594395,0.4524440089533219,0.04064297356867774
3519,HON,0.34736343528943525,0.4502404378906488,0.45767696213314185,0.08115183360806154
3520,HON,0.3479172029428974,0.4539193880378732,0.46277127339190455,0.0
3521,HON,0.3479549580825396,0.456781044798443,0.4675529667007637,0.0
3522,HON,0.3478457173179712,0.4565872994496126,0.4713305058479257,0.0
3523,HON,0.34828201566045935,0.4586675813724755,0.47486594159434325,0.0
3524,HON,0.34834914068838296,0.4542664571783162,0.4766081120981843,0.0
3525,HON,0.3485421172059944,0.45109142379234046,0.47721826422660824,0.0
3526,HON,0.34919656625605056,0.4444460710922371,0.47606634211176174,0.0
3527,HON,0.3503460472798654,0.44925376570148645,0.4763313223033697,0.0
3528,HON,0.3503041000266518,0.44799026067699926,0.47623147897399043,0.04850877588971836
3529,HON,0.35019083460772693,0.4408428662257404,0.4743876587968877,0.03426403447681918
3530,HON,0.34969580673082845,0.440483722660241,0.47282396760289086,0.03094494376654779
3531,HON,0.3499489415633126,0.439557385398098,0.47134439868578165,0.018633014981708405
3532,HON,0.35022582539004343,0.43925556257767373,0.4700862550075457,0.024979083110504726
3533,HON,0.3504355847009588,0.44998579686758694,0.47172791469203773,0.03756690884531319
3534,HON,0.3510103231644357,0.4583175765655419,0.4750974890227365,0.10175403841695195
3535,HON,0.3517822374286039,0.4648737236545262,0.4794111767524173,0.0
3536,HON,0.35221853730741515,0.4697654895989072,0.4840693932553797,0.0
3537,HON,0.3528058608174396,0.4767719289806012,0.48952512488015454,0.0
3538,HON,0.35325474574279836,0.47860501199093586,0.4943421070043257,0.0
3539,HON,0.3543035422973744,0.4855960423372988,0.49992104824392264,0.0
3540,HON,0.3544942554628583,0.48302111429263916,0.5037487203196955,0.0
3541,HON,0.3525560794300011,0.45546378846922425,0.5000098311747418,0.0
3542,HON,0.35054239055732284,0.4305591015374509,0.4908723526643448,0.09361496882298723
3543,HON,0.347962345399881,0.4068748323452834,0.4777171963918644,0.04559355974560504
3544,HON,0.34580602582896436,0.387891271540385,0.46250801206418396,0.03962243973547202
3545,HON,0.3438888211182296,0.3768767098492597,0.4476223192229202,0.05113932949371266
3546,HON,0.3421268377854645,0.36677150263547903,0.43321984425610993,0.04049045230006894
3547,HON,0.34023900398722784,0.3682646877128995,0.4220663757921707,0.07406770278864103
3548,HON,0.3386867799653781,0.36929800503590493,0.4133986191914127,0.06908599876668146
3549,HON,0.3376673451053609,0.37115049406150924,0.406921600054371,0.0
3550,HON,0.336207416204529,0.37342512881198975,0.40230135459644356,0.0
3551,HON,0.3348215810931028,0.3762031211731296,0.3992907545261593,0.0
3552,HON,0.33327775102844326,0.3776562474159416,0.3972408996352535,0.0
3553,HON,0.3311046461036846,0.38301827383695425,0.3969243402589941,0.0
3554,HON,0.329502081895646,0.3946576071307896,0.39954362902067064,0.0
3555,HON,0.3271779487307054,0.39599349632396474,0.4019687516071365,0.0
3556,HON,0.32486220593820114,0.3976795456899275,0.4043249592439396,0.0
3557,HON,0.32294920102265356,0.4077607981218468,0.4086979341123801,0.0
3558,HON,0.3195427149344674,0.39511951539091866,0.40907650103033033,0.059886073624821345
3559,HON,0.31622012181638537,0.39271419723963474,0.40878573262446183,0.04736136013909238
3560,HON,0.3139402013052166,0.39617213720680244,0.40940652227432295,0.05017949737229521
3561,HON,0.314334551882383,0.40597131575955314,0.4123215481604998,0.04070279872145102
3562,HON,0.3155133981855114,0.4201801848861044,0.41816025527383943,0.052457893392016036
3563,HON,0.31715791681627126,0.4327682378905907,0.42593789707895213,0.07508845576160049
3564,HON,0.31887374644323474,0.44275178505981405,0.43462390605295215,0.13621025845780838
3565,HON,0.3203294806699559,0.45072978711771017,0.4435416490497399,0.0
3566,HON,0.32198238916104494,0.4569959956706299,0.45222231615685166,0.0
3567,HON,0.32299762422587497,0.4627430685794796,0.46058520215862286,0.0
3568,HON,0.32402964054768546,0.4662310717795675,0.46813633480825095,0.0
3569,HON,0.3256993246625708,0.47644655137678515,0.4766983763609648,0.0
3570,HON,0.3264628485543022,0.47335235687884575,0.4827843760104939,0.0
3571,HON,0.32775496590954,0.47703918999068046,0.48856306992601745,0.0
3572,HON,0.32752842585375186,0.46008751480316085,0.4890024261821001,0.0
3573,HON,0.32719280481099533,0.44879986489356916,0.4865681688366756,0.06345038171953706
3574,HON,0.3263495682842543,0.44063916919879315,0.48260673915672253,0.05965882570018438
3575,HON,0.32590487444825245,0.4306534962763484,0.47697317525630517,0.07413826578934797
3576,HON,0.3252084796813062,0.42009643499250876,0.4698608878451084,0.05033837369376271
3577,HON,0.32447432311731816,0.4198832715520818,0.4641184501166278,0.050486731307050295
3578,HON,0.3252881902678846,0.4173535848328467,0.45890018437806473,0.07782814096296144
3579,HON,0.3262530907797103,0.42440400214106005,0.4564655837684525,0.10973094459314293
3580,HON,0.3268404214592424,0.43044199363710234,0.4560080530245926,0.0
3581,HON,0.3268404183865967,0.4349231047666775,0.45674794694664517,0.0
3582,HON,0.32636636285603515,0.43902679393533545,0.45835263452151925,0.0
3583,HON,0.3268488092711399,0.45479959095930406,0.4635290415121469,0.0
3584,HON,0.3273396414497127,0.4671264530743444,0.47071238245639213,0.0
3585,HON,0.328170288320937,0.48068306921968085,0.47980476844928044,0.0
3586,HON,0.3265509484891025,0.4619920535446901,0.48246581678523087,0.12092416493509738
3587,HON,0.324579211478607,0.44395948548414715,0.4801442969707727,0.06767649187057255
3588,HON,0.32232219514786653,0.4256555418379174,0.47376974833505353,0.05250807639562439
3589,HON,0.3188653652887372,0.40506457597855844,0.4635883496193227,0.04013697987727297
3590,HON,0.31630210241249124,0.38921982736520694,0.45153281638022064,0.06140997147238685
3591,HON,0.31359201774865086,0.38213858929663436,0.4401407713796055,0.06854603841344571
3592,HON,0.3125935624044791,0.3780827196749111,0.4300261645957362,0.09755882697119496
3593,HON,0.3107057347515343,0.36731069719116854,0.4192759913991233,0.0
3594,HON,0.3087801483741939,0.3600358988972464,0.40888046462023514,0.0
3595,HON,0.3077900885235354,0.3627313779294301,0.40122927556652094,0.0
3596,HON,0.3064727939056957,0.35901211294274876,0.39419042608358495,0.0
3597,HON,0.3039598763367155,0.35070651298958605,0.3865095609599972,0.0
3598,HON,0.3019294000617636,0.3483328563958068,0.3797790608540309,0.0
3599,HON,0.29963043596570227,0.35311551426138493,0.375574999694526,0.0
3600,HON,0.29727274131101433,0.3574943153314919,0.37329241961138454,0.0
3601,HON,0.29280487362170415,0.3365406636398435,0.36629508646953773,0.08667174486522686
3602,HON,0.2886180834090206,0.3251635180626521,0.3578893904686422,0.06532380747433106
3603,HON,0.2835209321537806,0.31933426712165186,0.3497262001749595,0.06676837673103969
3604,HON,0.27837763999543075,0.31573430420425863,0.34230719292601297,0.038637187402619774
3605,HON,0.2727393092059218,0.31268094307801586,0.33561843103074773,0.04513007916642744
3606,HON,0.27005019330366586,0.3177840820795107,0.3315268537745495,0.04269872359859032
3607,HON,0.2667695546083051,0.31303855614225873,0.32708241704091323,0.08288807787700912
3608,HON,0.2639755667322068,0.31239438792493956,0.32336788977126774,0.0
3609,HON,0.2623394405223136,0.32062918983162647,0.32242858084631687,0.0
3610,HON,0.26007823924750895,0.3209354935026993,0.3217527281051364,0.0
3611,HON,0.25741848555191904,0.32257098018976077,0.3216156768330635,0.0
3612,HON,0.25481747112078557,0.32671824971917607,0.3225295636939891,0.0
3613,HON,0.2531813484956462,0.33437448532138053,0.3251501984543046,0.0
3614,HON,0.2525940224250838,0.35432177376895024,0.3321696093156219,0.0
3615,HON,0.2507565308614663,0.3636191043602398,0.34007967830139424,0.0691515215530522
3616,HON,0.2484701492514132,0.3597511502871939,0.3454531394375241,0.048617688347331246
3617,HON,0.2465235818219047,0.3553410854674932,0.3486635237460757,0.03713586094969033
3618,HON,0.24469448165493857,0.3573564638609444,0.3517292177160166,0.033731744014964614
3619,HON,0.24203473256831787,0.3556473151105644,0.3537599624978647,0.049973286864018085
3620,HON,0.2391568358467766,0.35233011522880503,0.3545658879828374,0.04631847405100434
3621,HON,0.2387331179418659,0.35444186802353217,0.3557317996722586,0.07954356695530294
3622,HON,0.23783534245796467,0.35532317737972186,0.35688203229656795,0.0
3623,HON,0.23683269295178944,0.3575136307132392,0.3583428126442769,0.0
3624,HON,0.23587618434872404,0.360307727375606,0.36020100768921165,0.0
3625,HON,0.23507070910691708,0.3635429224105738,0.36248599563016576,0.0
3626,HON,0.23445401622071893,0.37522691430713945,0.3671975437923414,0.0
3627,HON,0.23463021660242545,0.3843636848539818,0.37322169710603514,0.0
3628,HON,0.23510008053152198,0.39725756620930897,0.3812231729632688,0.06005787919175999
3629,HON,0.23531403246811733,0.41210422278649983,0.39128844319103884,0.04338441188806867
3630,HON,0.23559091885538663,0.41729290180484396,0.4006212025331896,0.029244857556968665
3631,HON,0.2354147225705412,0.4162949535398734,0.4078411207644732,0.03684528163622012
3632,HON,0.23513784540120986,0.41611972297106076,0.41357380921584813,0.059054438259346635
3633,HON,0.2348274021331629,0.41897343284071015,0.4188642430210713,0.04926239750285868
3634,HON,0.23361918645386037,0.4235721322539509,0.42423152885360077,0.07184168117006604
3635,HON,0.23231867872618572,0.41896310006837334,0.4273878686485082,0.0
3636,HON,0.2327843495174946,0.42446537618638724,0.4312708780292475,0.0
3637,HON,0.23341362847445568,0.4285948768910221,0.43539642814462115,0.0
3638,HON,0.23371568085795857,0.43259447357433567,0.43968395110660763,0.0
3639,HON,0.23349753219882174,0.4254278317512922,0.44134527379589833,0.0
3640,HON,0.2353434131106602,0.44145980027419807,0.4466309512640617,0.0
3641,HON,0.23606498360388617,0.44441335472778754,0.45158841748687745,0.0
3642,HON,0.23942951782988997,0.47619863820933717,0.46339885862455665,0.1100657901368703
3643,HON,0.2423829263670374,0.49635994771803116,0.4778229340443041,0.10717708990296053
3644,HON,0.24489584547234067,0.5064399078116529,0.49184988419569253,0.07360531790823216
3645,HON,0.24779471454022017,0.5182843752865427,0.5059946067931131,0.04658166089525602
3646,HON,0.24989230764937265,0.5254699331887064,0.5190837489564748,0.04598340936752322
3647,HON,0.2522332189986476,0.5322488953015307,0.531228080720144,0.07103568515577988
3648,HON,0.254632866027626,0.5423051101324378,0.5434253757202726,0.14588900396160848
3649,HON,0.25667592427647845,0.5490566430180464,0.5548494603407227,0.0
3650,HON,0.2595957697875577,0.5567158310839617,0.5658789819637154,0.0
3651,HON,0.2636147566483702,0.5690688984529275,0.5777512819552608,0.0
3652,HON,0.2676169591795565,0.5774142708668297,0.5893087231541121,0.0
3653,HON,0.2705955408824452,0.5729947631371044,0.5974639610441803,0.0
3654,HON,0.27339792732470336,0.5680552207251406,0.6027690940149568,0.0
3655,HON,0.2777441402468668,0.5725921866868253,0.6081329036356123,0.0
3656,HON,0.2815785404503979,0.5774539501864648,0.6136238131799544,0.0
3657,HON,0.28494307416429354,0.5737790227783411,0.6171095848948379,0.06570905516142053
3658,HON,0.28805171022470333,0.5669819109215787,0.6182207049567904,0.039844428306019024
3659,HON,0.2922636715546969,0.5628786268712449,0.6180969285505409,0.036056159382972575
3660,HON,0.2952925949800975,0.565747367000845,0.6187058998717114,0.0389264518775675
3661,HON,0.29939548863792265,0.5696779575298665,0.6201631293829717,0.04803850197817455
3662,HON,0.30080935396390673,0.5689864441013405,0.6211582505193599,0.057116366277196885
3663,HON,0.3023951338423183,0.5646795355019509,0.6208914213295705,0.09470891447369863
3664,HON,0.30428716026623537,0.558433970401762,0.6191365799813938,0.0
3665,HON,0.30617080348722325,0.5567960749189196,0.6173284815017769,0.0
3666,HON,0.307840487602109,0.5504482287654124,0.6143153822076504,0.0
3667,HON,0.30933397645636385,0.5442548204587107,0.610376396843231,0.0
3668,HON,0.31085263028263643,0.5443084124772875,0.6072384348261619,0.0
3669,HON,0.3113896141185797,0.5315858477071547,0.6015881921859384,0.0
3670,HON,0.3123712876936624,0.5294479174111862,0.5965403662801487,0.0
3671,HON,0.31325227526318367,0.533244676544041,0.5934391290099084,0.08012910837731833
3672,HON,0.3141755501254262,0.5357949565414931,0.5915875370799815,0.04541342686802396
3673,HON,0.31591235363505055,0.5369345490484202,0.5903875099543864,0.04009380934578456
3674,HON,0.31754848138126635,0.535570242132033,0.589090783307689,0.032844885431545345
3675,HON,0.3183539540625344,0.5334507688962533,0.5875303253179937,0.029257786802439813
3676,HON,0.3185972769116274,0.5268924529872302,0.5846633954058694,0.03870709298406547
3677,HON,0.31955377885729286,0.5232842219412929,0.5814793559244112,0.1342344944380139
3678,HON,0.319331430915077,0.5031674499787968,0.5739673935001491,0.0
3679,HON,0.3201369123021762,0.5015163464437592,0.5675503384704763,0.0
3680,HON,0.32032150151999694,0.49965961973924244,0.5619584624626566,0.0
3681,HON,0.3203634518458567,0.4989534512803884,0.5573106823867544,0.0
3682,HON,0.3204598586795395,0.4960794193125735,0.5528831598774665,0.0
3683,HON,0.32083742851183317,0.49421993997706337,0.5488822305487328,0.0
3684,HON,0.3211478722919874,0.489900644750346,0.5446155040217024,0.0
3685,HON,0.3209129418637624,0.48410044292200927,0.5397706585003482,0.0
3686,HON,0.3195620919014681,0.4621171657537431,0.5304694059689882,0.0
3687,HON,0.3191006152721618,0.4552028613244746,0.521321984022509,0.0754108103393642
3688,HON,0.3177078119113621,0.4446876579578677,0.5114089405243286,0.06077643844430059
3689,HON,0.3176406950771611,0.440504603391473,0.5024461462574703,0.04791359231853804
3690,HON,0.31676810095272323,0.43656527302468057,0.4943037014361391,0.0507908972852529
3691,HON,0.31563120907231657,0.43688217824065523,0.48786795639250646,0.05358514828529717
3692,HON,0.31440587619338656,0.43675785102622566,0.4826886769479178,0.10966257298997348
3693,HON,0.31288722083079135,0.43346018833272243,0.47773140474387055,0.10451454189491897
3694,HON,0.31339063805591083,0.45372238940077914,0.47876620908332795,0.0
3695,HON,0.3138185501228241,0.4685861745595382,0.48326236935547,0.0
3696,HON,0.31501778400675784,0.48519878594585863,0.49095921699471606,0.0
3697,HON,0.31511847462128983,0.48722233598990855,0.4976160983566383,0.0
3698,HON,0.31864243104466583,0.5124306551040662,0.5091629057277322,0.0
3699,HON,0.32292152098733595,0.5551193281949092,0.5289357283823345,0.0
3700,HON,0.3246079858470954,0.5567166963842499,0.5451482099493101,0.0
3701,HON,0.32740197986848596,0.5711700403623952,0.5616852169253684,0.0
3702,HON,0.3247590151114923,0.5150237198830848,0.5610581575648885,0.2349083930087406
3703,HON,0.320320508092526,0.4499671616911998,0.5445008376583443,0.11619096539388836
3704,HON,0.31707342781426595,0.4107349459906205,0.5215726434564787,0.08491775027622565
3705,HON,0.31425417766568753,0.3835452863257245,0.4965197996802005,0.10150027458211144
3706,HON,0.31331445134381886,0.3681870691063265,0.47268718420073724,0.0644991845809763
3707,HON,0.3119719994355763,0.36276899045694705,0.45228393383727955,0.06174306389808423
3708,HON,0.31078895384936844,0.3563654089698938,0.43438095780090646,0.09481191015796031
3709,HON,0.3087584775744161,0.34638400528566576,0.41759521044456716,0.0
3710,HON,0.3067951258152801,0.3397685800729019,0.402533954714153,0.0
3711,HON,0.3045087472778736,0.3352700916763705,0.38937474297962826,0.0
3712,HON,0.3021439254155842,0.33160290431969086,0.37794232788207094,0.0
3713,HON,0.30057492730626123,0.3361434917652234,0.36991699281434426,0.0
3714,HON,0.2972775109386734,0.343206318577508,0.3652397993524242,0.0
3715,HON,0.29302359211331286,0.33767146601780923,0.36013206731555053,0.0
3716,HON,0.2869579401677145,0.31835894355182925,0.35127963608529966,0.0
3717,HON,0.2828143513599839,0.3168778807777434,0.34383217132273447,0.10158508166681203
3718,HON,0.27654674314983696,0.31615170723857666,0.3376949830772046,0.07519167058561593
3719,HON,0.2695575664948948,0.33222102078651616,0.3367510683854321,0.061727724115321854
3720,HON,0.2651442305932381,0.3459785223660453,0.33939122751109413,0.034753373546939074
3721,HON,0.2594891205951786,0.3576687799269645,0.3443884589594397,0.04545615912000487
3722,HON,0.25958980096755635,0.36988932898908633,0.35140222187600445,0.07017841043911661
3723,HON,0.26185519896490295,0.38566198521831374,0.3609058543924617,0.1335100184121221
3724,HON,0.2631305417205594,0.39877666026156167,0.37174540452295,0.0
3725,HON,0.26435562110618127,0.4121411164025951,0.38371533362096394,0.0
3726,HON,0.2650939784895723,0.42247162295470747,0.3958408004789219,0.0
3727,HON,0.2646828487038557,0.42296145530383145,0.4056620624345823,0.0
3728,HON,0.2650520297000356,0.42973273431377557,0.4151901938760929,0.0
3729,HON,0.26592462843344267,0.4351935180234749,0.42416039643024217,0.0
3730,HON,0.26637770854501985,0.434701137917037,0.43121504122896853,0.0
3731,HON,0.2670615228743882,0.436647945751382,0.4373392206786614,0.064092899477527
3732,HON,0.2676559756404453,0.4358179231619485,0.4420337183140999,0.06380100532553429
3733,HON,0.26732455490498364,0.43043941601023533,0.44446192451413713,0.07578729243630374
3734,HON,0.2671483550353839,0.4304927432668075,0.4464176504065353,0.04361867228482558
3735,HON,0.26818071190880977,0.4327702262908106,0.4485443039135374,0.035899912738550054
3736,HON,0.27057197266221333,0.4345723644605776,0.4506903864929454,0.050368395840026225
3737,HON,0.27263475525095693,0.4444234260634341,0.4548384512313244,0.0749223478282593
3738,HON,0.2747491291049826,0.45173258001219424,0.4599607700681302,0.0
3739,HON,0.27564689537094544,0.4581582189053403,0.46564444455398857,0.0
3740,HON,0.27650271335947973,0.4624286495424067,0.4712453076409179,0.0
3741,HON,0.2773837014411087,0.46565674530209317,0.4765226779455536,0.0
3742,HON,0.2780968846345435,0.4680314095110126,0.481330630871343,0.0
3743,HON,0.27904920009982215,0.4778008763973052,0.48758805466966393,0.085573854698948
3744,HON,0.2785224563693016,0.4676629542482361,0.4900919991123851,0.06748167662949034
3745,HON,0.27788898939562934,0.4607618573770397,0.4903919943124112,0.04715317737303152
3746,HON,0.2771044911091298,0.45287381106196234,0.48868525533651225,0.04157081128604794
3747,HON,0.27715482822267257,0.4486205924592226,0.4862701885119172,0.04870402941030807
3748,HON,0.2765758879155773,0.443938209335857,0.48318254349230433,0.0675704282297584
3749,HON,0.27597933571282374,0.44005506834125074,0.47975408535868286,0.13095156178711098
3750,HON,0.2758031378916548,0.43715989590906895,0.4762968030295976,0.0
3751,HON,0.2754465480873143,0.43506187819436654,0.4730131956222242,0.0
3752,HON,0.27511932868336286,0.4314283982920242,0.4694895828378602,0.0
3753,HON,0.2781356685985399,0.46346220534538773,0.47457649529421764,0.0
3754,HON,0.2774728312244781,0.4489213098708651,0.4750573962126048,0.0
3755,HON,0.2788946598250832,0.46421891824836525,0.47921749941015573,0.12341337339792405
3756,HON,0.28039653085805183,0.4768106275918526,0.48565316045102097,0.10439313847134243
3757,HON,0.2814285430830008,0.4890746576245981,0.4938283979539054,0.05284971527171795
3758,HON,0.2823934343768877,0.4969713385097602,0.5023174540660515,0.054438259346639206
3759,HON,0.2840715057915637,0.5117796138661255,0.5127633161812671,0.08423512994329978
3760,HON,0.286756425995494,0.5339189209166058,0.5265838894763677,0.21140083334465554
3761,HON,0.2880233712092064,0.5335556238109872,0.537550687984701,0.2415244413141548
3762,HON,0.28951685750292366,0.5350230230979549,0.5466862744812087,0.0
3763,HON,0.2902761805752516,0.5346321101012065,0.5538982680702018,0.0
3764,HON,0.2928417848078686,0.5372568237683301,0.5603156307299492,0.0
3765,HON,0.29543859893170676,0.5399311047826583,0.5661095216495736,0.0
3766,HON,0.2979934658023313,0.5381466299889283,0.5703042338549824,0.0
3767,HON,0.30035116557809527,0.5353708941609769,0.5729749642257178,0.0
3768,HON,0.3031116027187095,0.5356223916462662,0.5751736169954934,0.0
3769,HON,0.30670351788133265,0.5443974781266305,0.579098191958485,0.0
3770,HON,0.30985829791749797,0.5450587459846293,0.5824010499277238,0.0
3771,HON,0.3105798668744004,0.5157293890935213,0.5778049800241059,0.12750054894508314
3772,HON,0.311242708857431,0.48914670869358223,0.5675676354992905,0.06586201470953683
3773,HON,0.3089101863442689,0.46710348794094386,0.5539375899521931,0.04856246512938668
3774,HON,0.31015196146488755,0.4524417263357079,0.5394150952383718,0.053295445530841944
3775,HON,0.30926433800388464,0.44241091677842437,0.5253215397879099,0.06871762484063061
3776,HON,0.30855115122569643,0.4374707650992907,0.5128274877218044,0.079058610680258
3777,HON,0.30740166149604997,0.43128528272730915,0.5013056962256296,0.10815489148418533
3778,HON,0.306327695360487,0.4262793298770338,0.49085281588333496,0.0
3779,HON,0.30376024446753025,0.41411440974367125,0.47948826282655144,0.0
3780,HON,0.3002111159026293,0.40461931896580766,0.4680532737401846,0.0
3781,HON,0.2984910905773397,0.40258544917067496,0.4584033323513888,0.0
3782,HON,0.29607466331559573,0.395997176196926,0.44905742244817237,0.0
3783,HON,0.294891620802034,0.40547175319187245,0.4439189784551428,0.0
3784,HON,0.29338135529976705,0.4134262712132425,0.44177136332138406,0.11288042113401316
3785,HON,0.29242484772091704,0.4282391884067832,0.44370903402487405,0.047942737905786556
3786,HON,0.2916613207565395,0.43952109954048235,0.4480434966333077,0.029662099648105383
3787,HON,0.29153966240463935,0.45570065355073014,0.4555041094859241,0.029510674078265325
3788,HON,0.2915060963059237,0.4727533325107821,0.4656811259311613,0.04679203505885436
3789,HON,0.2903650005334675,0.48230465243635207,0.4761799628346277,0.048179408839834695
3790,HON,0.28980285172550735,0.4911313997934736,0.48675743478173145,0.08600775141136958
3791,HON,0.2918249345553763,0.49938893558420083,0.4972573358527688,0.0
3792,HON,0.2942581400014541,0.5073050160536055,0.5076109105515016,0.0
3793,HON,0.2957608546806356,0.5010748694201468,0.5143561975239154,0.0
3794,HON,0.29817728194237914,0.5092255593762914,0.5217639815331745,0.0
3795,HON,0.30036960678095204,0.513769215698358,0.5288115631361315,0.0
3796,HON,0.3016617302814817,0.5087840318331336,0.5332193069673029,0.0
3797,HON,0.3036166932045039,0.5095928486890275,0.5369451144747891,0.0
3798,HON,0.3055800367699164,0.509273520083594,0.5398469515854863,0.038578238808861486
3799,HON,0.3072161558103019,0.4959631545925588,0.538883481614929,0.059686218169402915
3800,HON,0.3082901270669418,0.4779869335858009,0.5336762533603029,0.05368354203473014
3801,HON,0.3095235092545847,0.47035824776633883,0.5276277446502334,0.045069158314885414
3802,HON,0.3111931964421162,0.46377629795055686,0.5211645414175726,0.061502886727976123
3803,HON,0.31147846756863773,0.45610394302563656,0.5141004753819218,0.0514522610620652
3804,HON,0.3122503802964829,0.45580486434264933,0.5083754112499022,0.08226221474030405
3805,HON,0.3122419950451234,0.45443638362020067,0.5034576249210871,0.0
3806,HON,0.31214131364853026,0.4516500322539683,0.4988357365962868,0.0
3807,HON,0.311499448108699,0.45026629713688693,0.49479672619574655,0.0
3808,HON,0.3105681213772047,0.45019578536734967,0.4915481158807302,0.0
3809,HON,0.3099975811725919,0.45085714820934525,0.4891124490691952,0.0
3810,HON,0.30942702970160996,0.4530770722958311,0.48771178312043767,0.0
3811,HON,0.3085460405957665,0.4529191015043857,0.48655226386491884,0.0
3812,HON,0.30906624368683566,0.4713493653282708,0.4901731565088973,0.0
3813,HON,0.31021069048718974,0.481152207027209,0.4954891688387352,0.059319378221628305
3814,HON,0.3105463043604382,0.4925218299244111,0.5025479516256899,0.038291384871204995
3815,HON,0.31112523749802623,0.5026565870829403,0.5106961913454449,0.06189646172570803
3816,HON,0.31237120934118545,0.5100704857006496,0.5190445006909409,0.033722540145307185
3817,HON,0.31284946210639575,0.5114958901853972,0.5260749317247001,0.03246621193706832
3818,HON,0.3131931375789425,0.5100457284837725,0.5313413830221115,0.04833543634450347
3819,HON,0.3149719052413342,0.5128196225435486,0.5362391289133477,0.0613860852392283
3820,HON,0.31748901338756363,0.5159884780282465,0.540939385222123,0.0
3821,HON,0.319418801608522,0.5175446094949226,0.5450836366706583,0.0
3822,HON,0.32138214568604306,0.5180180154777766,0.5485158723438344,0.0
3823,HON,0.32359720554563065,0.5182333525888982,0.5513148051342653,0.0
3824,HON,0.3248641517835589,0.5121886231437808,0.5520621387265844,0.0
3825,HON,0.3262150017458527,0.5066687063393434,0.5512977144118074,0.0
3826,HON,0.32800215107485053,0.5051965641544108,0.5503228567437883,0.0
3827,HON,0.3294704662512573,0.5004600332060202,0.5483740156043828,0.0
3828,HON,0.33124502950949264,0.5008139988438333,0.5469022998553945,0.05384943082831759
3829,HON,0.3335859388103377,0.5079317069772024,0.5474815463171198,0.05205117000905923
3830,HON,0.33566523636006185,0.5114643856604978,0.5488167930474669,0.030392273307594638
3831,HON,0.3379935698322978,0.5146159683864948,0.5506627871866558,0.02441041544952795
3832,HON,0.33889553845398757,0.518060305029557,0.5529896296320063,0.032210256704690333
3833,HON,0.34037643867694145,0.5224392443641838,0.5559318065558244,0.042209822807977915
3834,HON,0.3414504053246117,0.5242743007748593,0.5587384319457545,0.06402671927189502
3835,HON,0.3415762634716999,0.5153597260542276,0.5587836544263519,0.0
3836,HON,0.34249500771718555,0.5170850612888401,0.5592456375580488,0.0
3837,HON,0.343686439066861,0.5171999252887902,0.5596435719933782,0.0
3838,HON,0.345037622411263,0.5165480611390929,0.5598010423366441,0.0
3839,HON,0.346707301405071,0.5236415264126035,0.5616776546409888,0.0
3840,HON,0.3480243381664456,0.5258991104563971,0.5637361062967559,0.0
3841,HON,0.3493500170114303,0.5267305884240026,0.5655880727266167,0.0
3842,HON,0.35133853118204517,0.5343737816026105,0.5689559523293023,0.04902704140733303
3843,HON,0.35318022202874255,0.5382829686102093,0.5726150261708283,0.04297045689323818
3844,HON,0.3551184042068911,0.5360454156142944,0.5749900670062701,0.018044843882648032
3845,HON,0.35746771104968067,0.5381006060006293,0.5773973116224586,0.02066334480018618
3846,HON,0.3598925332928302,0.5430986257032778,0.580556596594823,0.028416290148046433
3847,HON,0.3630137554240025,0.5512387099646658,0.5850929615652245,0.05426908345674554
3848,HON,0.3660300953391791,0.5598616219835281,0.5908501503009398,0.10908404404007803
3849,HON,0.3679179337463854,0.5594332755308996,0.5953501872690345,0.0
3850,HON,0.37075539444451433,0.5677021792777633,0.6009909459184387,0.0
3851,HON,0.37267258942520254,0.5630356316731564,0.6043518694144041,0.0
3852,HON,0.3749589623294254,0.5641707249487629,0.6073207442390223,0.0
3853,HON,0.37705655595068555,0.5639814443835918,0.6096491304877609,0.0
3854,HON,0.3792128837153248,0.5624588983968892,0.6111360818339725,0.0
3855,HON,0.3816460917219415,0.5537544311194504,0.6101774186724424,0.0
3856,HON,0.38348358328555854,0.5481587199823605,0.6080294912466597,0.0
3857,HON,0.3864831388711081,0.5559323610771316,0.6082296497367798,0.05810468656660161
3858,HON,0.3895786890436477,0.5619753110483717,0.6098811500025754,0.08261261920654754
3859,HON,0.39190702200377636,0.5647191165455034,0.6118795093435991,0.04689174364680983
3860,HON,0.39429853190781383,0.5638481936658578,0.6132632568803731,0.030123169689991756
3861,HON,0.3977301926980643,0.5741024556899602,0.6169009616751789,0.054709335222025826
3862,HON,0.4005913127715939,0.5818380698443311,0.621720241060136,0.05369756697897003
3863,HON,0.403683162966054,0.5880086055873129,0.627098525649096,0.07652075319209922
3864,HON,0.4067934678830132,0.5871944344304296,0.631200219459781,0.0
3865,HON,0.40935252891564033,0.5832599704778386,0.633510566110105,0.0
3866,HON,0.4115508018850629,0.5787820041210112,0.6342537010293061,0.0
3867,HON,0.4133127765119968,0.573929247747832,0.6336505700360429,0.0
3868,HON,0.4152341712878731,0.5740001535030239,0.6331855644699429,0.0
3869,HON,0.4176757696669262,0.5728650915067109,0.6325334317088092,0.0
3870,HON,0.41952165160298005,0.5733791176424522,0.63213858488932,0.0
3871,HON,0.4230539983987933,0.5825252281481663,0.6340799272784505,0.0
3872,HON,0.42790782782915615,0.6098949894829525,0.6423877379045138,0.12723319844551023
3873,HON,0.43235472726899005,0.6249243414181991,0.6527431643581516,0.07503476652193217
3874,HON,0.43628141952089283,0.6284759799613513,0.6619040342920486,0.06028753765368819
3875,HON,0.44048499150266496,0.6262705356329153,0.668688436279295,0.07965226027316208
3876,HON,0.44405509087758066,0.6174454378804725,0.6719379625599406,0.050889729314193374
3877,HON,0.4460813729905295,0.6036339390432846,0.6711289664196876,0.07128528533529917
3878,HON,0.4478522413917623,0.5891999646116348,0.6669195281038877,0.07552169505476083
3879,HON,0.44841858692226433,0.5613392434746094,0.6566760740167253,0.0
3880,HON,0.4503987127688731,0.5532558245037419,0.6464863584989501,0.0
3881,HON,0.45050778914687273,0.5358429896590171,0.6340371750333518,0.0
3882,HON,0.4505245709159609,0.5212461413504454,0.6204753903008331,0.0
3883,HON,0.4506839859438254,0.512297780106587,0.6074175463181453,0.0
3884,HON,0.45230584493582215,0.5178037684008733,0.5983301248255848,0.0
3885,HON,0.45408460389238403,0.521468107389346,0.5919645303767287,0.0
3886,HON,0.45569555540021245,0.5216624156795866,0.5869200092490331,0.0
3887,HON,0.45789383297860464,0.5280700535850225,0.5844657691986987,0.0
3888,HON,0.45917755381611336,0.5266654007818192,0.5821557150248003,0.06728664224865437
3889,HON,0.4595341456688846,0.5139445387974333,0.577168218899146,0.04533322171815209
3890,HON,0.4601172801379829,0.5087331294874183,0.57189206910268,0.03620736581305889
3891,HON,0.4593369698681933,0.49799885056903004,0.5650219764419084,0.04347601230513545
3892,HON,0.4568743976064793,0.4908526858984576,0.5577622603041562,0.058135804411633865
3893,HON,0.4545712444694918,0.48208239235393024,0.5497900175222667,0.08333819093120809
3894,HON,0.4527924896097919,0.4748197391645855,0.5416198324335482,0.07493681105200668
3895,HON,0.4512486656904251,0.4686721713816294,0.5335664916730913,0.0
3896,HON,0.450036260970196,0.4624756358909491,0.5255945413603564,0.0
3897,HON,0.4485595508123841,0.4493625064180913,0.5159807184328203,0.0
3898,HON,0.4480645162780852,0.44884828837830454,0.5081627533402995,0.0
3899,HON,0.4474184576004663,0.4317059930876174,0.49767773818690486,0.0
3900,HON,0.4481484200024517,0.4497776537790977,0.4937497324367787,0.0
3901,HON,0.44817359265608436,0.445697333344572,0.489600322700245,0.06486164173367595
3902,HON,0.44916785230193046,0.45403906986888853,0.48833949879507527,0.08318632708186054
3903,HON,0.45007820463865666,0.4628356923806181,0.4895018074159279,0.037911177398451734
3904,HON,0.4499817163798512,0.47089585941272327,0.4924208680844397,0.045323579568987166
3905,HON,0.45024181690116993,0.481314815878944,0.4973274692485614,0.039370867298169
3906,HON,0.45053716118600695,0.48767577112584287,0.5028226059568822,0.067016223792529
3907,HON,0.45060429031079163,0.49660205238283733,0.5094216822765699,0.11591484930416554
3908,HON,0.45113288991959033,0.5029891119487339,0.5162772415404553,0.0
3909,HON,0.4525131051611977,0.5067184232491442,0.522682066577569,0.0
3910,HON,0.4532808206543937,0.5072309925517654,0.5279324264566714,0.0
3911,HON,0.45472397034667456,0.5089897111633375,0.5325667583777728,0.0
3912,HON,0.4557643755045988,0.5067412546622538,0.5357193147397572,0.0
3913,HON,0.45717814711487526,0.5060445498451563,0.5380694161448591,0.0
3914,HON,0.4571613643215713,0.48790893291449355,0.5354737067778247,0.0
3915,HON,0.4591666633339213,0.49701740079005363,0.535645069093364,0.0
3916,HON,0.46156631292343775,0.5071162664947632,0.5382745145830481,0.0951640677422338
3917,HON,0.4651490019538702,0.5202583864789331,0.5436214883828242,0.06030156259792808
3918,HON,0.4681527496529916,0.5326569481254655,0.5509589779033984,0.043978499760480246
3919,HON,0.47274857410671345,0.5435127937421034,0.5595081444698877,0.054034384780481136
3920,HON,0.4747685557587191,0.551770538694457,0.5683854528566029,0.04861440125102502
3921,HON,0.4781330904968306,0.5547467834225929,0.5762218236742177,0.057504024501577586
3922,HON,0.4803187789318133,0.5534271270868175,0.5821652349489929,0.0944400299958495
3923,HON,0.4828713850108497,0.5578627761807733,0.588014662655522,0.0
3924,HON,0.48425999062489344,0.547651630328062,0.5901741389368167,0.0
3925,HON,0.48570313570820556,0.5435260200826983,0.5908835374993066,0.0
3926,HON,0.4879332935267886,0.5470941022306025,0.5923316433296129,0.0
3927,HON,0.48976238857267695,0.5484099996504628,0.5938148856892599,0.0
3928,HON,0.4915830993914212,0.5481449073156563,0.5949360559547245,0.0
3929,HON,0.4929171686088427,0.5403902085071527,0.5939191666092856,0.0
3930,HON,0.49451972974423475,0.5346982246902696,0.591700898562447,0.0
3931,HON,0.4950902771183556,0.51907272059856,0.5860699784420788,0.09592798892380028
3932,HON,0.4960132160379511,0.5072584988880227,0.578649544391084,0.04498763832649106
3933,HON,0.49720465148448856,0.5022380234345648,0.5714741658903438,0.044423572600343
3934,HON,0.500141280300979,0.5014061635166293,0.565528563720843,0.04715887500662898
3935,HON,0.5008208963714829,0.4972144433733264,0.5597375838906617,0.03167292602849956
3936,HON,0.501072610105119,0.49182803736360464,0.5537754587147888,0.04787743425916957
3937,HON,0.5006363071536617,0.48487189879741066,0.5472890141717087,0.07780381645029538
3938,HON,0.49950361250790376,0.47368799095813646,0.5393397192736111,0.0
3939,HON,0.498633113416036,0.4698416741520211,0.5320310292849545,0.0
3940,HON,0.4977290512980992,0.46702309277977216,0.5254884638085557,0.0
3941,HON,0.4956818034962134,0.4487616872411569,0.5157475768611447,0.0
3942,HON,0.49513643440891064,0.44977986656149255,0.508206149481133,0.09104292553324372
3943,HON,0.49362843840406345,0.4458391681403017,0.5012004605394709,0.062076375463535366
3944,HON,0.49278940116040193,0.43825664670076286,0.49372457644568907,0.021786655177899843
3945,HON,0.4916231399038211,0.43356567334361035,0.48658615757881135,0.019584738932237167
3946,HON,0.4895758941503652,0.4275207039422032,0.4793835506251267,0.024736276263351637
3947,HON,0.48756639636704335,0.42311427652466543,0.47253397815668186,0.036253823440853525
3948,HON,0.4853849036303872,0.41775882480485627,0.4657326182527997,0.08803523241304863
3949,HON,0.48380751361230345,0.4146491686796222,0.4595240808754419,0.0
3950,HON,0.4736236990673697,0.31220401663263964,0.42927423804127673,0.0
3951,HON,0.47247421599512274,0.33019839331380263,0.4095152967927125,0.0
3952,HON,0.47116531994344246,0.34499088148383367,0.3973588648112105,0.0
3953,HON,0.46944529103339905,0.357801076656051,0.39079521905037984,0.0
3954,HON,0.46816995595935706,0.3778464371132234,0.39049140923539216,0.0
3955,HON,0.4661059315094591,0.382088362440334,0.3912952498965247,0.04522474754004669
3956,HON,0.4638436317636536,0.3822756323796257,0.39198453982276327,0.04458091494353426
3957,HON,0.46210683132667496,0.387152146737293,0.39373947405845316,0.029994534654541518
3958,HON,0.46053783782632207,0.38833782948390394,0.395436042733783,0.03473014473304176
3959,HON,0.45858288514545364,0.39058903083234725,0.39734888426519915,0.031699003659195604
3960,HON,0.45654403078864947,0.3924582034272836,0.3993404610654272,0.026677197062300116
3961,HON,0.4558056815989815,0.3941059793136862,0.4013403863468259,0.07265688105400962
3962,HON,0.453607401972159,0.39407246788736683,0.4029320560993253,0.0
3963,HON,0.4515517550920052,0.39163017155631524,0.4036026439089736,0.0
3964,HON,0.4502931992265138,0.3952700198879924,0.40503741271550664,0.0
3965,HON,0.4501925142451664,0.413560522604407,0.4106992433825256,0.0
3966,HON,0.44864029022331664,0.40857533409724184,0.4139983853193361,0.0
3967,HON,0.44739432350123387,0.4088385501935691,0.416702659443633,0.0
3968,HON,0.44640006641592667,0.41028239557244256,0.41922241343199296,0.03707603579691705
3969,HON,0.44551068642553826,0.41382586038223274,0.42211272815222517,0.04074136731811072
3970,HON,0.45295084662316354,0.41515213471856816,0.4247522986011573,0.03520502057941428
3971,HON,0.4522124958971725,0.41651310433493055,0.42719983627555697,0.04112902554249142
3972,HON,0.45034144642856244,0.4038887521572964,0.4260422318243604,0.03863105148951482
3973,HON,0.4489738116245334,0.400503377818399,0.42428065276673294,0.03408214848120811
3974,HON,0.44704821756557767,0.4007718693920768,0.42293765206008616,0.07917694614728207
3975,HON,0.445823220117187,0.39754682355166815,0.42106732436633953,0.0
3976,HON,0.44456994817886875,0.39137321296835065,0.41804744227327734,0.0
3977,HON,0.44333656035804037,0.3913977107700289,0.4156375825485311,0.0
3978,HON,0.44285830298386175,0.39766776616909705,0.4152571168631251,0.0
3979,HON,0.4421618979747617,0.40121515105419875,0.4158282233016895,0.0
3980,HON,0.44172559246276544,0.4070560779739719,0.41772662352571294,0.0
3981,HON,0.44038312928815415,0.40092822517207005,0.41773301658606005,0.0
3982,HON,0.4382561729481198,0.3854433581288974,0.41391653395644373,0.07394520366629573
3983,HON,0.4366536169338042,0.37719798619581213,0.408828426325961,0.055194072357317006
3984,HON,0.43461056329392056,0.3712440647504319,0.4032885385964761,0.03099600332917114
3985,HON,0.43072473313903137,0.36048939609143066,0.3962024234909881,0.032822752316416764
3986,HON,0.4277293640338691,0.34388815111690874,0.38643641716550337,0.04427192789074919
3987,HON,0.4249018085227316,0.33777310106952535,0.37711444464974764,0.04632833533992301
3988,HON,0.4215162901719136,0.3284281531786848,0.36735057460033455,0.09900054741110487
3989,HON,0.4179839438882085,0.32271450283072034,0.35812937478574347,0.0
3990,HON,0.41422505959714595,0.31514611322831876,0.3488845696688668,0.0
3991,HON,0.41100315453305747,0.3170311737699888,0.34195395022583314,0.0
3992,HON,0.40904458631042573,0.32089807825297,0.33736378968968284,0.0
3993,HON,0.4066659228941547,0.3264086846632356,0.3350516546850638,0.05606975481329512
3994,HON,0.40445926364915685,0.33652638269046853,0.3356989500529885,0.04681000451866172
3995,HON,0.40262176747656975,0.34611778163626095,0.338583901420513,0.03804068899291697
3996,HON,0.40104898591561344,0.3537035553340969,0.3427639980980277,0.01911139706414089
3997,HON,0.39899200499492027,0.35920876208550867,0.34746673625228547,0.04334146049633401
3998,HON,0.39588756975391304,0.35774687490311785,0.3508681394490159,0.03590254241559503
3999,HON,0.39327816597455856,0.36154828632826047,0.35452743362606576,0.05532402223128974
4000,HON,0.3904673912082939,0.36565779563741607,0.35846907779001336,0.0
4001,HON,0.3892591775774221,0.37760561363225115,0.36457106205122863,0.0
4002,HON,0.38773632190753116,0.3728257499157177,0.3682730001186271,0.0
4003,HON,0.38748460561335607,0.3881505404631108,0.3750166414753591,0.0
4004,HON,0.3864483925690041,0.39125682024142877,0.3811781707474284,0.0
4005,HON,0.3858873253324906,0.39299413802114436,0.3865361565517303,0.0
4006,HON,0.3859041122226565,0.39264641662494165,0.39073672908400053,0.0
4007,HON,0.38532517652453,0.3916617722721042,0.3938541812143785,0.0
4008,HON,0.38423442503512417,0.37966679887712307,0.393387836243275,0.0
4009,HON,0.38446096253037476,0.3868782736899354,0.39479452053137304,0.07259771332049758
4010,HON,0.3856775649973594,0.40041897458119347,0.3992616533846384,0.05268996239123546
4011,HON,0.38611386026720185,0.4086386589343854,0.4048639416123065,0.03164750581706476
4012,HON,0.38617619612543663,0.4120001930406372,0.4101753840265526,0.06017358498173908
4013,HON,0.3859328681552672,0.41246024561564976,0.4145380769099757,0.04341509145359343
4014,HON,0.38534134536216325,0.41352070684916686,0.4182899483848325,0.07722988943522864
4015,HON,0.38443518360268625,0.4114159565002291,0.42077200243609625,0.10293301029211767
4016,HON,0.38389359130961687,0.41340728102684277,0.4232490958116695,0.0
4017,HON,0.38325306749194077,0.4126784971174493,0.4250509098487598,0.0
4018,HON,0.3819861186934741,0.398311650893523,0.4229466866212454,0.0
4019,HON,0.3809457104629037,0.3942203375247197,0.4202535898949724,0.0
4020,HON,0.3795193471486802,0.38720739756190153,0.41636834977671966,0.0
4021,HON,0.3771784332388659,0.3793751224096683,0.4113271866238847,0.0
4022,HON,0.37631422692632643,0.37654927471697286,0.4065968493202171,0.10290956233846661
4023,HON,0.3739397525509811,0.3754940861013416,0.402552163568068,0.07144438079652041
4024,HON,0.37225329383651484,0.37405141784688445,0.3989603707865547,0.04123070638823061
4025,HON,0.37043887272445186,0.37090685343882585,0.3953108718964309,0.05018344188786268
4026,HON,0.36866431458729343,0.36745763427047223,0.3915400206645658,0.04265489564784066
4027,HON,0.3672463375486448,0.36854891951234436,0.38879266407687835,0.04692833998568579
4028,HON,0.36638213072399717,0.3649956155792503,0.3857178390248289,0.07538670496645189
4029,HON,0.3641754653337075,0.3631050653447,0.3827913995006646,0.0
4030,HON,0.3613646921037663,0.36263807448642577,0.38033499659151526,0.0
4031,HON,0.35928388383634857,0.368950074776234,0.37992764817313174,0.0
4032,HON,0.3575135198611932,0.37494224303326346,0.3810806102084146,0.0
4033,HON,0.35539495491781103,0.37376596827284925,0.3817126803994765,0.0
4034,HON,0.352903010719384,0.36956779632518544,0.38118224618080654,0.0
4035,HON,0.3513675787087762,0.37516072724772886,0.3821382095577075,0.0
4036,HON,0.3505285414651156,0.39183543543710486,0.38701822489862925,0.0
4037,HON,0.3494252074897015,0.39972957990401425,0.3928704773043367,0.0
4038,HON,0.349903459230696,0.4109784075539893,0.400328440416275,0.07022442978740376
4039,HON,0.3509690375543606,0.4337608546565292,0.4119174186448265,0.04696581288357674
4040,HON,0.352164668187116,0.4488909419946973,0.42492264023482323,0.03984026465069781
4041,HON,0.3537197364550906,0.46195686908124245,0.438551430842841,0.0357035635191916
4042,HON,0.3553306864265968,0.4752243087484911,0.45272880908386387,0.03680802787808291
4043,HON,0.35740310944265463,0.4911131561337598,0.46799200932614554,0.04636887619436644
4044,HON,0.35999573145292096,0.5077827761207959,0.4843165584134143,0.1013153206299479
4045,HON,0.3633623714657568,0.526462404256365,0.501986247746947,0.0
4046,HON,0.36636192397865974,0.5339960676347302,0.517981274199624,0.0
4047,HON,0.36912236060716586,0.5389652441109001,0.5320036662597477,0.0
4048,HON,0.3720002568166003,0.5378978099772299,0.5429581418586401,0.0
4049,HON,0.37571719180601804,0.5459114224133431,0.5536994466400578,0.0
4050,HON,0.3781839613023812,0.5363297274211046,0.5599277702850625,0.0
4051,HON,0.3803318966461533,0.5297489556806468,0.5632863236802695,0.0
4052,HON,0.3825889068316015,0.5250979831316237,0.5648253268280904,0.0
4053,HON,0.3855339239720976,0.5220119216398473,0.5652949029438541,0.05820461429431082
4054,HON,0.38840695311002094,0.5137763521139013,0.5636380615006426,0.09198456905510007
4055,HON,0.39059684594916044,0.506480270894845,0.5605119475921629,0.04952076327252789
4056,HON,0.39220779592066624,0.504710570810427,0.5575743022683618,0.025472585835945843
4057,HON,0.394632616115385,0.5064968036470011,0.5556650204168531,0.035809846299759515
4058,HON,0.3967805494107264,0.5084675714609183,0.554623971763931,0.04450312033095362
4059,HON,0.3989284827060673,0.522869895741402,0.5573455631270924,0.09924050544145922
4060,HON,0.40124841812425105,0.5324538849013414,0.5618881225882488,0.0
4061,HON,0.40330960037645536,0.5371609017018559,0.5666838412002827,0.0
4062,HON,0.4052561662696412,0.5416662483456743,0.5716323158253686,0.0
4063,HON,0.40600290736806866,0.5357375196083285,0.5741279113498742,0.0
4064,HON,0.4069594067531961,0.5372867754473841,0.5765067372963386,0.0
4065,HON,0.40820118187381427,0.5471589260447909,0.5808462013994603,0.0
4066,HON,0.4112133255785575,0.5685020897453888,0.5895851716078775,0.0
4067,HON,0.4137975602890327,0.5788347145324181,0.5991263941252187,0.0
4068,HON,0.41519874634065435,0.5675180278930337,0.6039664636516029,0.06157323058892932
4069,HON,0.4160881237705043,0.5611086734619563,0.6062567187899097,0.08268712672282195
4070,HON,0.41767616511648686,0.5483198639873419,0.6049327009722901,0.058924269245620164
4071,HON,0.4187669135332457,0.53320612244764,0.6001434817822053,0.04608706247104616
4072,HON,0.41966048717352944,0.5194975382155813,0.5929288881372561,0.049093221612965005
4073,HON,0.4207008979646383,0.511116157885662,0.5850887254203853,0.05093048930839055
4074,HON,0.4227949703334035,0.5113222135478964,0.5788674488780166,0.09576319582898159
4075,HON,0.4249261192991174,0.511106573841902,0.5738372087131479,0.0
4076,HON,0.42654546271570615,0.5087761697823345,0.5692378831093592,0.0
4077,HON,0.42795504272451845,0.5075949942784318,0.565266913707226,0.0
4078,HON,0.4286430548006437,0.498691250864897,0.5598927334731243,0.0
4079,HON,0.42717474064845185,0.47917287676033526,0.550776340406103,0.0
4080,HON,0.42645316861890414,0.4715137395492991,0.5415929845766138,0.0
4081,HON,0.4296498984688215,0.5097643562194265,0.5436863838663847,0.129711888200157
4082,HON,0.43251521168013873,0.5369414149219167,0.5520682818508891,0.11614560346486247
4083,HON,0.4359804411296433,0.5559270709125436,0.5634593766308111,0.06743302760415822
4084,HON,0.4401924142381133,0.5856010293121665,0.5798956548703702,0.07763573625917045
4085,HON,0.4441778447302571,0.6142773145086514,0.6001218585192523,0.061818009693866145
4086,HON,0.4460237241057725,0.6242744589085396,0.6187700727049901,0.07585391092144322
4087,HON,0.4487338154270133,0.6353069409078783,0.6364114120859463,0.09758249406459976
4088,HON,0.4529457885354833,0.6416642666385153,0.6520934436190853,0.0
4089,HON,0.4568389233945007,0.6444848230316653,0.6653351697575414,0.0
4090,HON,0.4616946880798345,0.6493664545350084,0.6771333158520509,0.0
4091,HON,0.46701418420464513,0.6524321041786636,0.6873284215758144,0.0
4092,HON,0.4722036305809034,0.6500692714005601,0.6949013694178305,0.0
4093,HON,0.47657501359616194,0.6394102433292357,0.6983291264459182,0.0
4094,HON,0.481240059646701,0.6398441986620775,0.7011784303358322,0.0
4095,HON,0.4845374698689966,0.6221615328677182,0.6990938693048352,0.06715713065418914
4096,HON,0.4884725489085824,0.6124250193618979,0.6950232917717072,0.05827232847821904
4097,HON,0.49239084771540176,0.6040616206233427,0.6897027797219522,0.03180287590247229
4098,HON,0.4974773491790656,0.6022528280417961,0.6849999680287832,0.03277782866689837
4099,HON,0.5037701274823077,0.6013848387404134,0.6810235027324153,0.06005196241840879
4100,HON,0.5098867048917337,0.6048604076828197,0.6787000856234269,0.06492760279955417
4101,HON,0.5127729950583584,0.6120966033681676,0.678627213203827,0.10897535072221888
4102,HON,0.5152103972269781,0.6084974957030178,0.6776806713266386,0.0
4103,HON,0.5184239042370149,0.6117376641958734,0.6777230971574256,0.0
4104,HON,0.5202697800277769,0.6122585088607594,0.6778855799944753,0.0
4105,HON,0.5217213108745566,0.613124623878004,0.6782293196408663,0.0
4106,HON,0.523793735426938,0.6086923037920133,0.6774104342557937,0.0
4107,HON,0.5253711244208041,0.6027402983640986,0.67528639718732,0.0
4108,HON,0.5264031402305078,0.5897093327441836,0.6703711825327111,0.0
4109,HON,0.5272841293363517,0.576144865605012,0.6630913599807851,0.0
4110,HON,0.5285510755742799,0.5735344145909023,0.6566232541107228,0.0
4111,HON,0.529943877398757,0.5730834199681599,0.6513374659254267,0.11495545546225558
4112,HON,0.5314205880686771,0.5698623927751671,0.6463139000332675,0.07580482361660361
4113,HON,0.5331741794926823,0.5627208944457619,0.6405325569428808,0.06145423770264401
4114,HON,0.5335097882448547,0.5500080900933466,0.6327700182721656,0.04257819673402877
4115,HON,0.5353724519499976,0.5411161109671948,0.6243654859975805,0.044943372096233905
4116,HON,0.5366561907112755,0.53234103382751,0.6154762097359798,0.047416145077529455
4117,HON,0.537738555925106,0.5232610196208499,0.6061238811578669,0.11908908863720931
4118,HON,0.5395741117216453,0.530722822207131,0.6004835583538123,0.0
4119,HON,0.5412186257434364,0.535672999435118,0.5971929820776652,0.0
4120,HON,0.5411179453710586,0.5238078543280056,0.5916322554317534,0.0
4121,HON,0.5408662341979604,0.5181617536098013,0.585790241291479,0.0
4122,HON,0.5403124696171444,0.5019664697053824,0.5771197051446947,0.0
4123,HON,0.5396672499767678,0.4954698335386256,0.5685799349959995,0.0
4124,HON,0.5394407099209797,0.49464065068782526,0.5615434801965288,0.0
4125,HON,0.5400532035240984,0.505716304962199,0.5586477391169088,0.07604017971212926
4126,HON,0.5411859073877956,0.5166617139672,0.5590324250535568,0.06889578546042796
4127,HON,0.5423521737654529,0.5242036574984978,0.5612014922940505,0.054412619995450655
4128,HON,0.5437533710834432,0.5254194225280422,0.563236791548338,0.042289370538588535
4129,HON,0.5448399227776615,0.5200268982239247,0.5635341796718937,0.08469904880198488
4130,HON,0.5448063643605607,0.5112061024052826,0.5615951565599273,0.044377553252055855
4131,HON,0.5442358251801638,0.5002465540374834,0.5573391697374621,0.06993757584974726
4132,HON,0.5430829828862964,0.4827329626924537,0.5496121029670021,0.0
4133,HON,0.5419251079052909,0.4653269710945392,0.5391347273824696,0.0
4134,HON,0.5375621203835461,0.4077613636794234,0.5165458882003264,0.0
4135,HON,0.5368153823577648,0.4081343625976306,0.4985668713470338,0.0
4136,HON,0.5382585202715693,0.43404276364049216,0.49057773728673215,0.0
4137,HON,0.5389968709975603,0.444918057645433,0.4868704047652125,0.0
4138,HON,0.5394835125988835,0.4659291061655252,0.4890899731081371,0.0
4139,HON,0.5394919029713199,0.47657483437612047,0.493492946680872,0.0
4140,HON,0.5403980631944738,0.4804673044587001,0.49797597003487015,0.0
4141,HON,0.5415196042780752,0.4902090636891676,0.5039666120481692,0.0
4142,HON,0.5434661737560154,0.49614952244127997,0.5102252047504228,0.07927008054262509
4143,HON,0.5443715000630016,0.49474270976417023,0.5148848837312144,0.04599699603225562
4144,HON,0.5450855190161912,0.49564614747416785,0.518835591369011,0.06279844095213594
4145,HON,0.5452491374239976,0.5015558424238573,0.5234546441997356,0.04292487582445854
4146,HON,0.5451736143420218,0.5056718997431391,0.5281657113067214,0.06145883963747272
4147,HON,0.5452659089509324,0.5099739570547999,0.5329962938147363,0.04817875142057345
4148,HON,0.5458784025540511,0.5149681541186015,0.5380933056901079,0.08686195817148036
4149,HON,0.5462601660362396,0.5099251998780376,0.5409263362646733,0.0
4150,HON,0.5469146120136492,0.5047195976300334,0.5419080409857456,0.0
4151,HON,0.5475690549184122,0.49666634980628477,0.5407058986209629,0.0
4152,HON,0.5496448330592298,0.4982868516267166,0.5401441174508331,0.0
4153,HON,0.552136773672903,0.5006184592243099,0.5402701230145144,0.0
4154,HON,0.5577079809708123,0.4945464009763847,0.5388723701971033,0.0
4155,HON,0.5592518094991479,0.4866251242000541,0.5357992316755776,0.0
4156,HON,0.5585973604490921,0.47913214624371353,0.5314914868557119,0.0
4157,HON,0.5578338396300069,0.46203396616277975,0.5238255353601728,0.08099120416856405
4158,HON,0.556155771287977,0.4501131144414238,0.5147507603913711,0.05332437197833672
4159,HON,0.5546832568284903,0.4375697100180289,0.5043952833753205,0.04587559260867907
4160,HON,0.5538777769777146,0.4316304613447103,0.49464512131298966,0.03790657546362302
4161,HON,0.553033117160306,0.43376230137955424,0.48737112040707753,0.045752216927318796
4162,HON,0.5520220757453713,0.43241532616457284,0.48121949212380205,0.040333767376138925
4163,HON,0.5519129968068337,0.43669671094728113,0.47735481643038813,0.06641205549144501
4164,HON,0.5495209033663224,0.41570712328753145,0.46908293796145606,0.0
4165,HON,0.5487280106105241,0.42429580975289066,0.4645850852296368,0.0
4166,HON,0.547528193497381,0.42657679453787606,0.4615497400564733,0.0
4167,HON,0.5461857287864471,0.4286547757981215,0.45963430055321564,0.0
4168,HON,0.5439958400441687,0.422807029569938,0.4566587509021158,0.0
4169,HON,0.543195482417441,0.4267599367221393,0.45525387128000333,0.0
4170,HON,0.5445379420072984,0.4549024900673189,0.46107542596620266,0.0
4171,HON,0.5447225363461965,0.4598453525123718,0.4669525464260038,0.06903209038725938
4172,HON,0.542931193879411,0.44868965689089274,0.46890106618147487,0.06251092959521819
4173,HON,0.5409091115616493,0.438846675556246,0.4680306774856532,0.038609794933401234
4174,HON,0.540288228098202,0.4405181106311652,0.46774686935387594,0.033316474181611634
4175,HON,0.5392562081916377,0.4344150920920354,0.46601362471640395,0.046846381717783936
4176,HON,0.5378885815813317,0.424970990062936,0.4622962661644134,0.04856553308593916
4177,HON,0.5379557060971476,0.42393637743080426,0.4590670414758324,0.09260035176313272
4178,HON,0.5400868545507542,0.4494552373375751,0.4627816041082637,0.0
4179,HON,0.5398812945229183,0.4386060834522922,0.46307573075404446,0.0
4180,HON,0.5393610955287103,0.4302598331171422,0.46125121419795156,0.0
4181,HON,0.5386982571304331,0.4288338523964857,0.45943967518322726,0.0
4182,HON,0.536630028788486,0.40812795232987514,0.45288031890746716,0.0
4183,HON,0.5345659961448646,0.3975685081505326,0.44502680950786694,0.0
4184,HON,0.5346079480070478,0.3903139798733463,0.436953616317564,0.0
4185,HON,0.5328879216575428,0.389106599027055,0.43019708548297925,0.0
4186,HON,0.53180556361322,0.39165807896956223,0.4254215548427387,0.0
4187,HON,0.5301023180085882,0.3869999991144317,0.42045153671031477,0.0
4188,HON,0.5291751864633119,0.38553186696806535,0.41611319364805843,0.06674996899172485
4189,HON,0.5276766670522868,0.3865806091716887,0.4129013441613388,0.0277216171286644
4190,HON,0.5245806247442548,0.3940048934430037,0.412164145275285,0.032525817950087854
4191,HON,0.5230703551451268,0.40217127346138004,0.41358981283611806,0.021341144058529597
4192,HON,0.5228983509738532,0.4100318315034772,0.4166702980358369,0.021676866161271957
4193,HON,0.5230074299123908,0.41885375463615226,0.4213118980225679,0.03041221502518573
4194,HON,0.5225711269609326,0.42892394032915715,0.42751045554846245,0.07267989072815319
4195,HON,0.5224284947263715,0.4330077800703488,0.43347717525501683,0.0
4196,HON,0.523040987817383,0.44049500458949836,0.4400983650999126,0.0
4197,HON,0.5231450238266278,0.4465330442083975,0.4468854785961686,0.0
4198,HON,0.5197469229898006,0.4359007299366101,0.44969116099587636,0.0
4199,HON,0.5185135382416188,0.4224939302530635,0.44862696772197014,0.0
4200,HON,0.5169948808305929,0.4089522874855321,0.44443359522913667,0.0
4201,HON,0.515358758205454,0.4023088946896754,0.43943933711303196,0.0
4202,HON,0.5163656028978472,0.4090873587413633,0.4371168257338303,0.0
4203,HON,0.5167263889126215,0.4124065856326576,0.4360779872280125,0.0
4204,HON,0.516130669396976,0.4045398387580177,0.43330543789565523,0.05398507833588777
4205,HON,0.5164285306911216,0.4132629250767528,0.43324021776576704,0.05101069445826242
4206,HON,0.5164872622739627,0.42049017881477263,0.4349716960961768,0.046015184631816725
4207,HON,0.5173221012587588,0.4283492613251241,0.4382964657568121,0.03618501355817656
4208,HON,0.5176702960816932,0.43045916158390096,0.44147699558903897,0.04472839599780685
4209,HON,0.5183834828598823,0.4381175514762459,0.4459114763957267,0.038302341858892405
4210,HON,0.518979192133374,0.4487431047016652,0.452081400841868,0.055823660869835805
4211,HON,0.5192980227012116,0.4555179625976796,0.45868934552910406,0.0
4212,HON,0.5194826103827093,0.46009208625759757,0.46510457487941737,0.0
4213,HON,0.5199832623696787,0.4695081394583175,0.47256059887420643,0.0
4214,HON,0.5191945668485296,0.4642118662148146,0.47721832112857426,0.0
4215,HON,0.5186072407779672,0.45823678301476434,0.4794698746789947,0.0
4216,HON,0.5176591286926304,0.45328699893085794,0.4800495325784644,0.0
4217,HON,0.5166321471063888,0.4485020351952961,0.479332350894202,0.0
4218,HON,0.5173117672737542,0.4495590787298327,0.4790194792418344,0.0
4219,HON,0.5198834174497904,0.46754017627332245,0.4832068377059372,0.15757090595442155
4220,HON,0.5231640581935819,0.48646514013080566,0.49122732231802524,0.07597399950649728
4221,HON,0.5262559155575497,0.5021416528015307,0.501512604383539,0.04774989492248808
4222,HON,0.5287226891507744,0.5178739587019877,0.513623493935491,0.04259046856023867
4223,HON,0.5325067445591469,0.5425537578523778,0.5294030714561837,0.05230844007995971
4224,HON,0.5370123832634368,0.5584766288335558,0.5459564279960228,0.05590868709429014
4225,HON,0.5405405364093547,0.5725190913400876,0.5626647312103915,0.10604238425805196
4226,HON,0.5440812746018189,0.5822479601761521,0.5784324158193452,0.0
4227,HON,0.5470556647032434,0.5835229565202568,0.5913612269963121,0.0
4228,HON,0.5505712317783975,0.5851088633755235,0.6020956707743413,0.0
4229,HON,0.5540447558362005,0.5900969028210621,0.6119142519926205,0.0
4230,HON,0.5564276236566283,0.583994435914408,0.6182630549756625,0.0
4231,HON,0.5587769279388786,0.5757248683406547,0.6213012044576112,0.0
4232,HON,0.5606815424819893,0.561880901527004,0.620315093924616,0.0
4233,HON,0.5623036531851588,0.5523644460363896,0.6171775861401432,0.0
4234,HON,0.5651731605584791,0.5460491328728229,0.6131089884009566,0.0
4235,HON,0.5672959247849412,0.5295080783857196,0.6057718507160671,0.0
4236,HON,0.5705262197093592,0.5285714571815011,0.5996709865745723,0.06652644644290161
4237,HON,0.5743270568868204,0.5328230368160892,0.5958395664151214,0.03154713980984805
4238,HON,0.5774650566902197,0.5321568267321805,0.5926100125690983,0.03362458467538171
4239,HON,0.579076006661726,0.5297794913126768,0.5894396535671759,0.03940965503458244
4240,HON,0.5811610147243313,0.5376535706581894,0.5888466545149013,0.03955384899254881
4241,HON,0.5835480767067622,0.5476623366389405,0.5908423746947544,0.06100061841238508
4242,HON,0.5854610805980935,0.5528266113816451,0.5937134711306832,0.10658431686907145
4243,HON,0.5863420722644763,0.5566182226930015,0.5969461012741138,0.0
4244,HON,0.5875334995172903,0.5596882893981038,0.6002898843483515,0.0
4245,HON,0.5885906818353335,0.5620587876515193,0.6035499393503275,0.0
4246,HON,0.5895136228033602,0.5611739080466511,0.6059395989574654,0.0
4247,HON,0.5896730398796564,0.5453399514681139,0.603943575803383,0.0
4248,HON,0.5897401628591492,0.532864580669445,0.5992678906384523,0.0
4249,HON,0.5894464998238678,0.5231627499638222,0.593132973360718,0.0
4250,HON,0.5894129383341218,0.5093912534357825,0.5848262947677133,0.0
4251,HON,0.590409966290764,0.5081566027548285,0.5778762455357155,0.0
4252,HON,0.5924488267928596,0.5129205895987882,0.5734919371493723,0.0
4253,HON,0.5950414493152336,0.5250927050718304,0.5729885150014304,0.1115151804681614
4254,HON,0.5969712344635463,0.5282384076874171,0.573362122852602,0.1402362940136717
4255,HON,0.6002315670646774,0.5350549385630474,0.5753432989719378,0.04288323927124636
4256,HON,0.602513749391651,0.5407823954152754,0.578341751026993,0.09298165493465471
4257,HON,0.6048966120910015,0.5513071448936793,0.5833379745504382,0.05527252438915889
4258,HON,0.6078080723507204,0.5615991751152917,0.5898749811596075,0.1042068696806564
4259,HON,0.6100608853015195,0.5596791608633809,0.5946307353745275,0.10982977662208342
4260,HON,0.6120871546117761,0.5648904921892514,0.5997214723962623,0.0
4261,HON,0.6132869717249188,0.5627246439853286,0.6032595402031498,0.0
4262,HON,0.615040556491524,0.5647305573832355,0.6065850450524897,0.0
4263,HON,0.6166934598615366,0.5647208173847006,0.6092430451431635,0.0
4264,HON,0.6174821548705776,0.5544955514171249,0.6088458945495311,0.0
4265,HON,0.6185225610527167,0.5494867313143442,0.6072920193039631,0.0
4266,HON,0.6192021812200825,0.5386950297104506,0.6033855746176944,0.0
4267,HON,0.6217612448132486,0.537591790783993,0.5999881443540958,0.0
4268,HON,0.6235232230249359,0.5273153036375904,0.5947340083154012,0.0
4269,HON,0.6263591689085102,0.5321059436346784,0.5917130083646621,0.0
4270,HON,0.629404878711969,0.5320688150089072,0.5892870452225363,0.35819050169416944
4271,HON,0.6323177648228944,0.5397647951518787,0.5892456087582602,0.10384945274229296
4272,HON,0.6337357387888969,0.5334787184221771,0.5876610834985159,0.06119740591125103
4273,HON,0.6340545770383494,0.5237548657438329,0.5839936592189241,0.03854317644826176
4274,HON,0.6349817096078412,0.5169577804907457,0.5793822290509664,0.036381801057042515
4275,HON,0.6347922553669401,0.5029022322047102,0.5722242374212777,0.04564702984551962
4276,HON,0.6356396783740683,0.5049109632727655,0.5669935901099562,0.1577232080832766
4277,HON,0.6359165652734458,0.5061807751273683,0.5631224562414974,0.0
4278,HON,0.6348677671825462,0.49405143844925353,0.557032082204028,0.0
4279,HON,0.6362102293329421,0.5036263745335356,0.5545228350854265,0.0
4280,HON,0.6367472131688849,0.5089526247376628,0.5538299325140408,0.0
4281,HON,0.6372002932804617,0.506521589158567,0.5526756415686345,0.0
4282,HON,0.6370744376939133,0.5021106497759953,0.5506636083736873,0.0
4283,HON,0.6371163895560961,0.4997724624151252,0.5484769274613082,0.0
4284,HON,0.637703715626659,0.4949155652233736,0.5455289218669699,0.0
4285,HON,0.6377121059990958,0.48794213070761183,0.5414495044248383,0.0
4286,HON,0.64059847605452,0.5103628729976034,0.543719311053313,0.07622601022330779
4287,HON,0.6431072020220356,0.5311356237698142,0.5506617798801804,0.06094232723788803
4288,HON,0.6459851013041162,0.5424398282677779,0.5590055828915618,0.04080250730940649
4289,HON,0.6478058095623216,0.5514580892680216,0.5679062924497699,0.041318800569237424
4290,HON,0.6494083609676675,0.551931577741419,0.5751437149689876,0.0481022716465153
4291,HON,0.650314522727145,0.5515620465429638,0.5808424543099225,0.043261036206708396
4292,HON,0.6512961947659051,0.5397157819286147,0.5824778397802465,0.10580089224942135
4293,HON,0.652605091329693,0.5294360782666243,0.5812491625067904,0.0
4294,HON,0.6541698998859822,0.5251665316443134,0.5792125153607364,0.0
4295,HON,0.6560157797736057,0.516323147501451,0.5754006893340166,0.0
4296,HON,0.6571149206112326,0.5134276267589765,0.5716366267290045,0.0
4297,HON,0.6571568724734149,0.49825007528963117,0.5648796236990301,0.0
4298,HON,0.6588265565883007,0.49258323299185347,0.5580754695208965,0.0
4299,HON,0.6590614870165257,0.49026307355822935,0.5520595410351187,0.0
4300,HON,0.658935636038946,0.4821535712766866,0.5452454087521008,0.05313218641429948
4301,HON,0.6578952324173453,0.45868098309486627,0.5340011714038235,0.05794098917055165
4302,HON,0.6574589345869639,0.44547705995512576,0.521747111370212,0.04996693181115938
4303,HON,0.6572323945311753,0.4393768918850182,0.5104383686944899,0.044921896400366576
4304,HON,0.6571736593635809,0.43424619644174167,0.5001251414852703,0.026613865673466866
4305,HON,0.6573246799221475,0.4302313243027353,0.49088370693292926,0.03332414407299282
4306,HON,0.6547915392203842,0.42387052130025654,0.4819207410872864,0.07034386095319657
4307,HON,0.6540783529543028,0.4446117658877242,0.4798692163470415,0.0
4308,HON,0.6511417210651671,0.43057100840698864,0.4747627993652155,0.0
4309,HON,0.6469381470349638,0.40601736144581696,0.46461793370605725,0.0
4310,HON,0.644882510909071,0.40725846548502276,0.4568083401967569,0.0
4311,HON,0.6425415949508269,0.40576380093638625,0.45019178875281884,0.0
4312,HON,0.6406285905473874,0.3997603001043104,0.4434169099980023,0.0
4313,HON,0.6390931523914878,0.4001203030685269,0.4380858541422871,0.0
4314,HON,0.6369116555579688,0.39801666374509664,0.43330184052530185,0.0
4315,HON,0.6340799043485061,0.3846258469655349,0.4261698349484457,0.05428902517433663
4316,HON,0.6308580003086317,0.3750523224504572,0.41810152674465784,0.035954478537233374
4317,HON,0.6297924189123214,0.3817317941178906,0.413295344410282,0.04239784471669394
4318,HON,0.6279633172090331,0.38548378803360395,0.41037637413847666,0.024575865963607897
4319,HON,0.6261509952264017,0.3919620914808677,0.4096400147177636,0.03502423028257195
4320,HON,0.6245484310183631,0.39434792300430893,0.40963973990737995,0.040389209733837236
4321,HON,0.6242128084392835,0.3950884051715975,0.40982226780103637,0.07126534361770807
4322,HON,0.6234576733836654,0.39661615020215735,0.4103453308698974,0.0
4323,HON,0.6223501442220334,0.3984454181999358,0.41121523662101844,0.0
4324,HON,0.6212845694831217,0.4004900757817464,0.41241577371992094,0.0
4325,HON,0.6187339024076852,0.38491099620705715,0.4095313550827534,0.0
4326,HON,0.6174409513411234,0.38488683270817337,0.4072178567277751,0.0
4327,HON,0.6139253852901847,0.3847404624933287,0.40533093451856095,0.0
4328,HON,0.61306956730165,0.38648539852918,0.4042520392899424,0.0
4329,HON,0.6134723051786075,0.38969224190063523,0.40418035794620044,0.0
4330,HON,0.6132038132606366,0.4049275222348694,0.40788301304711255,0.0
4331,HON,0.6138918248246528,0.4257402215313285,0.41598161977200565,0.06300289834238307
4332,HON,0.6148525265655067,0.440212634253748,0.42603223295661313,0.04068986947597987
4333,HON,0.615330781891255,0.4504460447487899,0.4365982842040265,0.03808824231948034
4334,HON,0.6162369390417619,0.4605671133279925,0.44754896041097825,0.0268064895170116
4335,HON,0.6174996941903337,0.460260259798962,0.456233771275234,0.02670743834831738
4336,HON,0.6193204034727544,0.466677108884121,0.46476527009710206,0.04038899059408349
4337,HON,0.6197231505676504,0.46806412453265617,0.47193277851603027,0.06708371883668347
4338,HON,0.6203440386400674,0.46926665958127656,0.4779635656119638,0.0
4339,HON,0.6216697190213747,0.4811313590137689,0.4857163509231689,0.0
4340,HON,0.6223493376524174,0.47907736177551,0.4914116616879952,0.0
4341,HON,0.6240441980056888,0.48738542125165335,0.49801830283654897,0.0
4342,HON,0.6253614864782366,0.48932318691976956,0.5037818477992493,0.0
4343,HON,0.6261585718597145,0.48426251463943787,0.5071437321093937,0.0
4344,HON,0.6268465823995162,0.4786405985139675,0.5084457753850781,0.0
4345,HON,0.6298964008429935,0.4841076532723765,0.5108366550738055,0.04448931452646748
4346,HON,0.6301061545207243,0.46584045503693167,0.5082410946463962,0.04505842046695175
4347,HON,0.6303914215503843,0.4513719833837407,0.502593891138327,0.03098307408369999
4348,HON,0.630332693552297,0.43706664973698534,0.49454563490817494,0.03829423368800372
4349,HON,0.6294978540553933,0.4179396447412842,0.4833865692189894,0.03900512304916313
4350,HON,0.6274757753223854,0.4013083764942321,0.4703547928149401,0.052237438799745274
4351,HON,0.6263346841588984,0.40761889946077834,0.46148678100375334,0.184364466225962
4352,HON,0.6253236401834257,0.4124743493693139,0.45559067523610686,0.0
4353,HON,0.6244510373531567,0.4171271501784351,0.4520220813968853,0.0
4354,HON,0.6235952224372685,0.4234542719603314,0.4507287121521813,0.0
4355,HON,0.6227477912364177,0.420697081799956,0.4490135543520131,0.0
4356,HON,0.6216822164975069,0.4230640871258027,0.4482255946153038,0.0
4357,HON,0.6215311846725711,0.4325954158517842,0.44994751683308354,0.0
4358,HON,0.6208263933878957,0.43403131745231854,0.45167942880667544,0.0
4359,HON,0.6187707547014645,0.4304980836383422,0.45219297182077167,0.07215965295275478
4360,HON,0.6165305262851049,0.4147732551541144,0.44872298772594443,0.043577254871367155
4361,HON,0.6139546870681429,0.4091326397790306,0.4445549213850932,0.037684586893076015
4362,HON,0.6113136452755352,0.40026229331165586,0.4390313058194367,0.04230120408529094
4363,HON,0.6090232477169559,0.39189725124308245,0.4325479577770384,0.02908663865476241
4364,HON,0.6063383310977795,0.38007135435869394,0.42444270000686507,0.03972784595702494
4365,HON,0.6026844043025439,0.3703363637648026,0.4155559409303618,0.12518270776968762
4366,HON,0.6009308220964766,0.36393886170008277,0.40686765829824445,0.0
4367,HON,0.5991772398904112,0.35993128127280893,0.3989279789699691,0.0
4368,HON,0.597574674146049,0.35665058647514,0.39176657446103325,0.0
4369,HON,0.5965384605895889,0.35377823737927006,0.38532856773071256,0.0
4370,HON,0.5947680909812485,0.34192724475709424,0.377253389492496,0.0
4371,HON,0.591839850488765,0.3389605609324779,0.3700610823826163,0.0
4372,HON,0.5888696586462054,0.33683363519490594,0.3637823207777117,0.0
4373,HON,0.5873174397454322,0.3536544128451052,0.362910605433651,0.0
4374,HON,0.5861926269491726,0.37529496575479754,0.36755402643309537,0.051212303031710836
4375,HON,0.5858360417538013,0.3941734513376399,0.3759278904397045,0.03665528746972036
4376,HON,0.5848640167997554,0.40651228136471584,0.38567215062478577,0.0378388612797148
4377,HON,0.5834364766620546,0.418655570317872,0.3964644690756658,0.02792738935743403
4378,HON,0.5830337367366658,0.43442148100722894,0.4089892812500047,0.039819884653599216
4379,HON,0.5830085666435716,0.44657816682382245,0.4220093475792627,0.03776807913925411
4380,HON,0.5842755082725306,0.4582501534233244,0.4353059955975699,0.0638314657513053
4381,HON,0.5850138559258751,0.46732484964138843,0.4481829091248531,0.0
4382,HON,0.5861698017972032,0.4742611739890441,0.46019629428707665,0.0
4383,HON,0.5874953065255717,0.47944308932886376,0.4710858763306796,0.0
4384,HON,0.5890475228658056,0.47991553057307823,0.4799141383866571,0.0
4385,HON,0.5912290212356472,0.4861234039934942,0.48850882388699873,0.0
4386,HON,0.5928651438607861,0.4844447224926193,0.4949702810763387,0.0
4387,HON,0.594534827975671,0.4831580143841235,0.49982189292606777,0.0
4388,HON,0.5960283142693883,0.4785201104758995,0.5025585681205745,0.0
4389,HON,0.5978741962054421,0.47736490127929765,0.5044628077275101,0.0
4390,HON,0.6005845394836666,0.4756785729727132,0.5055700210041095,0.043063810428334945
4391,HON,0.6024933527977496,0.4696682655016728,0.5049724741771647,0.05045955797758551
4392,HON,0.6050524143424845,0.47136048504356653,0.5049120690555202,0.03972017606564375
4393,HON,0.5891742978495378,0.438560824863193,0.4590872628561512,0.0
4394,HON,0.5887883391811304,0.43381527260005187,0.45893790670583795,0.0
4395,HON,0.5889477562574261,0.43735375643180363,0.45969170403165993,0.0
4396,HON,0.5879576923099066,0.43135991438770765,0.4588154880390418,0.0
4397,HON,0.5878989612391727,0.43335277760725527,0.4586063451221579,0.059172773726370705
4398,HON,0.5876220809971962,0.43125631025455524,0.45792163186706875,0.024783610450161263
4399,HON,0.5872067575615834,0.4292060618511184,0.45686786897480497,0.027484288775355015
4400,HON,0.5874920251033511,0.430590506344077,0.4563665334725403,0.019571371407258523
4401,HON,0.5870850930643909,0.4313744217384995,0.45615893194211266,0.018753760986023705
4402,HON,0.5866091046755231,0.4345079610075017,0.45676619442685745,0.040708715494802226
4403,HON,0.5871628723289857,0.4352278435512646,0.45742966826013554,0.0616334940212101
4404,HON,0.5870118486977738,0.43380018044729346,0.4576081063521057,0.0
4405,HON,0.5866063362213372,0.4313019007356838,0.45713429238124514,0.0
4406,HON,0.5868664382789799,0.43901217166474965,0.45865810215713304,0.0
4407,HON,0.5868244864167966,0.4452021534409885,0.4614048102543144,0.0
4408,HON,0.5857001821434755,0.4402035632962775,0.46236854667005395,0.0
4409,HON,0.5853645698065497,0.4423790357228202,0.4636764328289575,0.0
4410,HON,0.5854484735309162,0.4399256920190666,0.46411726732073677,0.0
4411,HON,0.5853981312962961,0.4391350094778361,0.4642747979407085,0.0
4412,HON,0.5851380297507607,0.44313041469985487,0.46538687087216146,0.0
4413,HON,0.5846933343784357,0.4425906609516435,0.46614332036630846,0.04118468703994348
4414,HON,0.5845506954864752,0.4389010508607271,0.4658379004195026,0.02634607689438647
4415,HON,0.5841647342575298,0.4403300569353624,0.4659462368759633,0.02449829049078101
4416,HON,0.5845926453002277,0.4422787583557407,0.46651383698054794,0.018611539285841073
4417,HON,0.5843031764269493,0.441882426889208,0.46687010420149255,0.021395928996966667
4418,HON,0.5840011225071233,0.43766798162020554,0.4661150114225988,0.02989877058215352
4419,HON,0.583342475198203,0.4296663095746461,0.4635361597330503,0.04467755557493725
4420,HON,0.5824614912134369,0.4237521756340983,0.4600134961375048,0.0
4421,HON,0.5809386375919763,0.4113015939313611,0.45412261645924773,0.0
4422,HON,0.5791976378719186,0.4017140183235085,0.44704374122644436,0.0
4423,HON,0.5771671636453974,0.389416069027516,0.43834556124503,0.0
4424,HON,0.5759925115042721,0.3884368294041895,0.4311453452279315,0.0
4425,HON,0.5751366935157378,0.3905790699073829,0.4259138679480487,0.0
4426,HON,0.5751786453779211,0.4130109594504462,0.42726477779935046,0.0
4427,HON,0.5758079207501288,0.43798009747853733,0.4345077791219166,0.04960776175476596
4428,HON,0.5772594490363696,0.45750516437223077,0.4451208808106296,0.02352333772635493
4429,HON,0.5788536172387873,0.4803847779640848,0.4592579501627882,0.028479402397125937
4430,HON,0.5809386212045302,0.49952675032502714,0.47529176022948827,0.026327888294825366
4431,HON,0.5826964062784308,0.5111048280429987,0.49097622693883464,0.028483127772939657
4432,HON,0.5845003424975945,0.5245167176580401,0.5068337956726896,0.04607522892434375
4433,HON,0.5869755126085479,0.5383686574989124,0.5229384484863776,0.07928410548686499
4434,HON,0.5917496370855169,0.5720627765617422,0.5441377311224264,0.0
4435,HON,0.5945855870659522,0.5783323470558472,0.5626444596532442,0.0
4436,HON,0.5968342048305333,0.5755519203413315,0.5767636453941349,0.0
4437,HON,0.5993555112356268,0.5731579165600891,0.5874681643833801,0.0
4438,HON,0.6013691990840897,0.5598765270598651,0.5927539910627461,0.0
4439,HON,0.6050609660288448,0.5632323304986273,0.5978108499348196,0.0
4440,HON,0.6085429705900376,0.5622126170406815,0.6016046762361469,0.0
4441,HON,0.6132583598994121,0.5666113724840047,0.6057253307732139,0.0
4442,HON,0.6179845761896248,0.5685830300045535,0.609508450806836,0.0597265398840926
4443,HON,0.6235725601355453,0.5736356707232998,0.613781916339676,0.09418517046224024
4444,HON,0.6279858996219554,0.5702532308927766,0.6163659174930376,0.0589262415034039
4445,HON,0.6323824558029547,0.5682420717312184,0.6179367731805006,0.028066323961310438
4446,HON,0.6349084654050974,0.5632641818731771,0.6179649364081676,0.0548454210091035
4447,HON,0.6365613697993253,0.554716143885029,0.6158778488123631,0.04779459943225273
4448,HON,0.6381891041004581,0.546353194209668,0.612144239539288,0.10402827078135156
4449,HON,0.6391120476290237,0.53803210135918,0.6071037430046727,0.0
4450,HON,0.6399468932712198,0.5310298116449597,0.6013432114742563,0.0
4451,HON,0.6410586155706404,0.5250413012137356,0.5952568482152537,0.0
4452,HON,0.6405803581964613,0.5057198102850103,0.5856192986301408,0.0
4453,HON,0.6408068936432803,0.5024787808155955,0.5771093871442847,0.0
4454,HON,0.6384827604783392,0.49301218823781245,0.5679651445450938,0.0
4455,HON,0.6380464611116357,0.48870282020598155,0.5595862173897321,0.0
4456,HON,0.6386337871821985,0.4907663141721283,0.5533923369002529,0.0
4457,HON,0.638667348671945,0.48658185476062493,0.5474045263307618,0.0
4458,HON,0.6409998722093224,0.5000840721869093,0.5459465657480651,0.0
4459,HON,0.6412809471254102,0.5008342262014525,0.5449653319932332,0.10696079896601099
4460,HON,0.6418934407285293,0.5024052607370121,0.5445680694027336,0.05211713107493747
4461,HON,0.6414655312221544,0.497206024018933,0.5429671105765415,0.04577785627850734
4462,HON,0.6420588079841059,0.5045308163774274,0.5434940700524291,0.03140250757237419
4463,HON,0.6424112020901203,0.5116574877288053,0.5456744687768359,0.031131212557233823
4464,HON,0.6432082849110601,0.51586756080899,0.5484578152750412,0.029561733640888672
4465,HON,0.6429649569408906,0.5081152946916806,0.5487712672932815,0.0630511090882077
4466,HON,0.6435685562576028,0.5093448627367833,0.549325480893295,0.0
4467,HON,0.6437279748702216,0.5010194372523882,0.5477141733821591,0.0
4468,HON,0.6435098292837309,0.48897574317075304,0.5434527966466705,0.0
4469,HON,0.6441055457267306,0.4880538152778752,0.5398161675093084,0.0
4470,HON,0.6434678774215481,0.47282557125167607,0.5331486005533878,0.0
4471,HON,0.6436524656151539,0.47078390366915657,0.5273106724093195,0.0
4472,HON,0.6457394868550361,0.47768128731781634,0.5243425738412257,0.0
4473,HON,0.6453031874883317,0.46544741601213974,0.5189488293577496,0.0
4474,HON,0.6456346066874703,0.4584402862183219,0.5129045049578881,0.05216271214371711
4475,HON,0.6464820389125374,0.46255694656262014,0.5090850191043269,0.03344467093755437
4476,HON,0.6469854597224112,0.4674498780353916,0.5072369843879759,0.021112581295370147
4477,HON,0.6466078944990863,0.45532469797947206,0.5027661155082684,0.021800022702878487
4478,HON,0.6456849566037057,0.4565092794652109,0.4994817699049409,0.04032039985116028
4479,HON,0.6460793051324418,0.46369068470970104,0.4986266326500552,0.04117657886905479
4480,HON,0.6462722929164224,0.4683413729461747,0.4990902922474047,0.09552038898182849
4481,HON,0.6469686943407682,0.4718992124259889,0.5003392790601653,0.0
4482,HON,0.646666644005697,0.4745603528387249,0.5019952262595248,0.0
4483,HON,0.6461967887824311,0.47638935565004414,0.5037713738681928,0.0
4484,HON,0.6452822371626254,0.471589402815473,0.5040076847075814,0.0
4485,HON,0.6452486818181713,0.4677059459404258,0.5032383133032575,0.0
4486,HON,0.645382927777157,0.47441244924624937,0.5042779516979121,0.0
4487,HON,0.6480888285211477,0.5012022398558319,0.511721264904347,0.116681400162777
4488,HON,0.650387795689856,0.5118538212106551,0.5203046788981411,0.06828657694500775
4489,HON,0.6522001145998404,0.5226946801895158,0.5298468864069199,0.056846605240332755
4490,HON,0.6551954806323557,0.530284540389393,0.5393537965281678,0.05657202312888617
4491,HON,0.6574063396725416,0.5361837457883923,0.5484152225706802,0.062064761056586704
4492,HON,0.6594557658986151,0.5466473499196378,0.558246734881353,0.06252648851773432
4493,HON,0.662988110133889,0.5539664706996588,0.5679182715461111,0.09031647724956818
4494,HON,0.6663065029446762,0.5587385440208132,0.5768332275841769,0.0
4495,HON,0.6692934709231402,0.5670197302485317,0.5860089527518098,0.0
4496,HON,0.6719700012667409,0.57031211973352,0.5941620801296243,0.0
4497,HON,0.6715504811085875,0.5191303593615328,0.588053148689005,0.0
4498,HON,0.6737739267316432,0.5202577091746059,0.5834442285118607,0.0
4499,HON,0.6764546522614632,0.532078023478487,0.5826742939500851,0.0
4500,HON,0.6792150791599232,0.5405268144109087,0.5841434707417761,0.0
4501,HON,0.6811280840754708,0.5362116256168271,0.5842538425605983,0.0
4502,HON,0.6838885166071154,0.5419977243345125,0.5857701237297083,0.0
4503,HON,0.6866992913733796,0.5461021545130249,0.5879961039802011,0.0
4504,HON,0.6900092907390833,0.5481969838172192,0.590293882839011,0.05965290892683318
4505,HON,0.6936423230283508,0.5526643079434432,0.5932346218714126,0.05378588029973059
4506,HON,0.6967467577572508,0.5586912507217422,0.5970746360662215,0.05370896224616494
4507,HON,0.6983786785387709,0.5665663910195644,0.6020901974096954,0.06062238319741555
4508,HON,0.7009251468432356,0.5724742189176127,0.6075606724248288,0.05895516795089867
4509,HON,0.7031569889840203,0.5751851872638983,0.6126061075009243,0.05143998923585529
4510,HON,0.7052965365158941,0.5747153252360047,0.6165264956799492,0.08749395722129039
4511,HON,0.7064837783125357,0.5625265624651379,0.6166546731821545,0.0
4512,HON,0.7075158002675308,0.5566820223592568,0.6153148083923073,0.0
4513,HON,0.7089925083769129,0.5563709775761718,0.6141661520760582,0.0
4514,HON,0.7104524331808828,0.5549390304507358,0.6128938287707517,0.0
4515,HON,0.7100748664212353,0.536662859026623,0.6073654914046196,0.0
4516,HON,0.7104859946706288,0.5288254549866702,0.6010085846665506,0.0
4517,HON,0.7146979616338074,0.5143655059228593,0.5923544074475272,0.0
4518,HON,0.7165354531974244,0.5162246192805564,0.5858898866718972,0.0
4519,HON,0.7177187466437562,0.520924184161345,0.5818781019934902,0.04746961517744403
4520,HON,0.71896891674578,0.5247123889906093,0.5796035865406549,0.054281136143201694
4521,HON,0.7201351780023608,0.5159332125227986,0.575617312040303,0.04486097554882455
4522,HON,0.7206889364378846,0.511206258988502,0.5712617010987047,0.02398068239242758
4523,HON,0.7201435560842127,0.49442060058847376,0.5636345856820373,0.038630613210007325
4524,HON,0.7195373486030214,0.4800178495291666,0.553978357736068,0.04529684451902988
4525,HON,0.7180186932404258,0.4615412230573509,0.5416934252333103,0.08938535243589175
4526,HON,0.7171125360899189,0.45787724038700767,0.5309612244236591,0.0
4527,HON,0.7149478210254885,0.4444182470269135,0.5190538434124614,0.0
4528,HON,0.7126782298903551,0.43376247676050483,0.5068981413699022,0.0
4529,HON,0.7104547796583298,0.4256229356047195,0.49516477677941856,0.0
4530,HON,0.7083571809159928,0.4198453649590481,0.48435220608364293,0.0
4531,HON,0.7074845821825857,0.41975641228177885,0.4756801963975202,0.0
4532,HON,0.7058148980677008,0.41558821559857245,0.46771389604052804,0.0
4533,HON,0.7044724384778434,0.42206995114404694,0.4629405195784083,0.0
4534,HON,0.7014720435477857,0.4078749095355072,0.4556185445749409,0.07899111563610353
4535,HON,0.6992905467142667,0.39096375537731903,0.44558736610764277,0.0544446143994979
4536,HON,0.6965217263707246,0.37890738349130954,0.43458696378086664,0.03170338645427057
4537,HON,0.6940801300401018,0.3667219365035211,0.4227793271991107,0.0249190388179777
4538,HON,0.6901869977416224,0.3548720233066452,0.4104087114771623,0.0279758192430124
4539,HON,0.6860670785514471,0.34798648480150507,0.3988128982817638,0.030289277623332948
4540,HON,0.6811419212253265,0.3351418087669626,0.3863662381759123,0.08303314839399048
4541,HON,0.6771229333402977,0.3262127052555115,0.3742052466182134,0.0
4542,HON,0.6732633681647497,0.32541652622990014,0.364279959890433,0.0
4543,HON,0.6706455781098195,0.32851963958229574,0.35710556523490183,0.0
4544,HON,0.6677488076592648,0.3282891614773246,0.35130916852790084,0.0
4545,HON,0.666708398404479,0.34460847941473594,0.35069958705065823,0.0
4546,HON,0.6634697146439481,0.3435303465474188,0.3499458434192505,0.0
4547,HON,0.6612043140860635,0.3449156308492342,0.3496847305868028,0.0
4548,HON,0.6589556942730521,0.34722246402366774,0.35004515660196134,0.0
4549,HON,0.6569252241433925,0.3528060192075215,0.3517114942748544,0.0
4550,HON,0.6546849890696329,0.3561281877085767,0.3538644609870629,0.047662019881235015
4551,HON,0.6521930433348828,0.36091671170080597,0.3567686210163541,0.06189120237161807
4552,HON,0.649818564862676,0.3626302309582387,0.35951483805580914,0.029847053600268927
4553,HON,0.6473014536438013,0.3726361241332376,0.36418122211322207,0.021040484316386963
4554,HON,0.6464758336216883,0.38177810273655477,0.3701705294685366,0.030570433927391987
4555,HON,0.6466939786960713,0.3957974608258456,0.3784218912667325,0.045482894169962165
4556,HON,0.6474658914239155,0.4144711155620854,0.38963155656032566,0.0917246693071546
4557,HON,0.6485398570473713,0.42953030109338813,0.40231582954827455,0.0
4558,HON,0.6487747869634886,0.42838322996005695,0.4121801558281846,0.0
4559,HON,0.649873921143715,0.4392700547214735,0.42275843731881585,0.0
4560,HON,0.6552102021102599,0.4894403807887917,0.44360287831647405,0.0
4561,HON,0.6581468324630735,0.49973257436611007,0.46281849922048346,0.0
4562,HON,0.6597577839709023,0.49633384641964673,0.47735220483540775,0.0
4563,HON,0.6619812326666041,0.5026968023791474,0.49054951887144077,0.0
4564,HON,0.6637180397609823,0.49727779285451285,0.4997699823844615,0.0
4565,HON,0.6642801947142352,0.49370853618769517,0.506265476348462,0.0
4566,HON,0.6673300981675894,0.5047823981684376,0.5141948519494339,0.04404248856857475
4567,HON,0.6699730603640441,0.5090361922688937,0.5215881701043925,0.03360267070000688
4568,HON,0.6722300725979236,0.5071538147435782,0.527038262134527,0.04129666745410885
4569,HON,0.6743318603811863,0.5057961346020041,0.5310632662712901,0.02729714342565399
4570,HON,0.6768720553664158,0.5071234736637471,0.5346108510229944,0.022581475064744838
4571,HON,0.6791290676002943,0.5052779263494461,0.5369934458646105,0.02488200419959424
4572,HON,0.6812350592756067,0.4983618962571003,0.5371926759304549,0.03983369045808536
4573,HON,0.6835591919284392,0.5026408433697589,0.5384080853100907,0.0
4574,HON,0.6852708330265846,0.4985677774154713,0.5383751980511811,0.0
4575,HON,0.6864706608939888,0.494847103733233,0.5374306423442212,0.0
4576,HON,0.6868146651396745,0.48836757616639215,0.5350758788745947,0.0
4577,HON,0.6865629539665763,0.4758296257276308,0.5300977570773032,0.0
4578,HON,0.6865461732217031,0.45531277714053836,0.5210517916491139,0.0
4579,HON,0.6870244244505899,0.4565738443480065,0.5141262451467101,0.0
4580,HON,0.6828460189771586,0.4439110162799775,0.5054606776735531,0.0
4581,HON,0.6821076662027368,0.44619418478978945,0.49909169964100164,0.0
4582,HON,0.6805951305270685,0.4279710953758523,0.48949913889971,0.060178186916567795
4583,HON,0.6780108999134544,0.4108190162743984,0.4775920326258344,0.0439909907264439
4584,HON,0.6771844487405558,0.4088204437858344,0.4675731087070416,0.055270552131375154
4585,HON,0.676194387865682,0.40700335834711054,0.45910952087796636,0.02803169988021821
4586,HON,0.6728550104179729,0.39264257280216164,0.4487944719064339,0.055531985857596854
4587,HON,0.6694988614433286,0.37804845387157104,0.43694066836764867,0.11918003163501485
4588,HON,0.6660672021894016,0.3619985441328865,0.42349657840674787,0.11769163442755656
4589,HON,0.663579457274055,0.3623628926323692,0.41283122604515565,0.0
4590,HON,0.6598730061533207,0.3522550588896769,0.40180437524629975,0.0
4591,HON,0.657012899069775,0.3532285829440347,0.39322315606189984,0.0
4592,HON,0.6548733489773628,0.35877912593458383,0.3877280303110388,0.0
4593,HON,0.6527589751233376,0.37471388622350915,0.3872645584624934,0.0
4594,HON,0.652700242516282,0.40555168134429964,0.39450441318306406,0.0
4595,HON,0.6366158985553012,0.24063864170095314,0.3595964841260937,0.0
4596,HON,0.6251378690620193,0.16526455819815888,0.3130681485960426,0.0
4597,HON,0.6138528181347795,0.1047146690941888,0.2609020338626864,0.0
4598,HON,0.6040612535012557,0.06848077904787386,0.210226777383062,0.0
4599,HON,0.5915847696880174,0.0300701192772877,0.16020699031273772,0.3174191122297952
4600,HON,0.5806090727757622,0.00894219051884565,0.11497688076759705,0.12821012346772007
4601,HON,0.57023857295622,0.016710349931261248,0.08070994070713594,0.10628256142816007
4602,HON,0.5608855788870173,0.019717460463822833,0.054038530311782296,0.0918907772404958
4603,HON,0.5518659285176621,0.02779508913410722,0.03469492522282869,0.09265009648723357
4604,HON,0.5416674318451786,0.035981014743763806,0.021240291587300952,0.11132934995698286
4605,HON,0.5303655991488498,0.03333819385435666,0.009824348107508984,0.20094019719948158
4606,HON,0.5210061448411043,0.045569664184905934,0.0037102664025756016,0.0
4607,HON,0.5111894142113482,0.05035499647457653,0.0,0.0
4608,HON,0.5031094804338161,0.07377142130239944,0.0028108575310638595,0.0
4609,HON,0.4933356194861336,0.08829992638844364,0.008645114709234902,0.0
4610,HON,0.48335107628656804,0.08991994112729229,0.013712332963875862,0.0
4611,HON,0.4736927507673383,0.10693111136786143,0.021964389561335507,0.0
4612,HON,0.4640941646998571,0.1285603673432466,0.03390404008029735,0.0
4613,HON,0.45372366436820766,0.15058321808541697,0.04889090319372341,0.0
4614,HON,0.44146533023832113,0.16640950785556607,0.06478625238966845,0.0
4615,HON,0.4423714955825515,0.14821403661159682,0.0730119694740467,0.2861719747428285
4616,HON,0.44014804944738817,0.15181544087903337,0.08048135387440086,0.12369847421755055
4617,HON,0.4387229443817655,0.16273963170599465,0.0891529036420135,0.1628992890668109
4618,HON,0.43806010803191997,0.1908613470892912,0.1030304591226534,0.3971807232400777
4619,HON,0.438219527156646,0.2112054658991541,0.11915334254823284,0.1334363874548627
4620,HON,0.43822061538549306,0.23217299879380585,0.13722634418387647,0.07655230931663898
4621,HON,0.43645863205272795,0.24951852211970632,0.1559655443569854,0.1535950534021666
4622,HON,0.43557680134910237,0.26778955127525994,0.17546611412809676,0.0
4623,HON,0.43458673330472086,0.28371846717724064,0.1949977563281371,0.0
4624,HON,0.43389033085615925,0.2986136331429609,0.21429913153387875,0.0
4625,HON,0.43592918930982405,0.3305961319573485,0.2376333717346147,0.0
4626,HON,0.43758209267983617,0.36200178745823675,0.26405154153875177,0.0
4627,HON,0.438379178061314,0.3680781059092421,0.2866856860497995,0.0
4628,HON,0.43810229577090576,0.3761787519691926,0.30679220547649744,0.0
4629,HON,0.4380342498504448,0.37773228855655994,0.3232608270145706,0.0
4630,HON,0.43907465603258444,0.3790028106303963,0.33674928350461053,0.0
4631,HON,0.4363309991247366,0.34767529548289705,0.33980855574861946,0.08741462863043352
4632,HON,0.4336125143584133,0.3289866583363012,0.3376437000958127,0.07779110634457798
4633,HON,0.43180439012253924,0.3279081258445445,0.33564563849839957,0.0743113861948091
4634,HON,0.43086886718061157,0.3339382728373318,0.33553540297539886,0.048003001338067335
4635,HON,0.4322197176550131,0.3332094248385381,0.3352673380766479,0.039570722753587424
4636,HON,0.4324966014817444,0.33568084901685585,0.33566282277458825,0.052519033383311806
4637,HON,0.432419823735922,0.33944011103691346,0.33690697986482027,0.0906820023588203
4638,HON,0.43094311511443184,0.34337156242473915,0.3388725704474961,0.0
4639,HON,0.42985236464924226,0.3475915828622793,0.3414865253963595,0.0
4640,HON,0.4286609332995668,0.3531808292910921,0.34495709079044024,0.0
4641,HON,0.4282078577969588,0.3658345578707796,0.3508564276632392,0.0
4642,HON,0.4265977453263736,0.3654148618890721,0.3554723180391762,0.0
4643,HON,0.4249616227012347,0.3652797735645408,0.35913169113560156,0.0
4644,HON,0.4235352593870112,0.3691414379268115,0.36301223139227506,0.0
4645,HON,0.42036369860597267,0.3710277239083421,0.36658219068124925,0.0
4646,HON,0.4164873465402592,0.3700543528880329,0.3691979344258739,0.0
4647,HON,0.41378564661567063,0.36456841055589906,0.36993662298327323,0.0
4648,HON,0.41285851353407166,0.38464577626220386,0.37548257937758406,0.05857890499371288
4649,HON,0.4121621172308023,0.3982162138271881,0.38326846879610205,0.03959044533142477
4650,HON,0.41122239142104,0.40578934164803504,0.39136619496759206,0.035833951672671824
4651,HON,0.4136136526865508,0.4185044916231488,0.40098241899255493,0.036548566409644954
4652,HON,0.4160982967898188,0.4346198882790642,0.41265260722553404,0.04480421835260375
4653,HON,0.41755461584352505,0.4474392295918779,0.42515251486355915,0.05549560865847464
4654,HON,0.41818053947088396,0.4531711693854296,0.4365670585037668,0.12507160391453725
4655,HON,0.4196740201314153,0.4611142517594041,0.44765901120911905,0.0
4656,HON,0.42103325636928446,0.4673340293190368,0.45806758711816026,0.0
4657,HON,0.4220988398140264,0.4690554130974205,0.4668192777905949,0.0
4658,HON,0.4237685239289122,0.4770604492466309,0.4757962380409605,0.0
4659,HON,0.42609265709385236,0.49069150306362236,0.48634189036870423,0.0
4660,HON,0.4281231272235124,0.49854887554229727,0.49671757719891024,0.0
4661,HON,0.42871045329407487,0.4942487057815339,0.5039568636799081,0.0
4662,HON,0.43163869327445203,0.5067787417430349,0.5128406506281197,0.0
4663,HON,0.4477398179803056,0.6710311314152037,0.5604844475130202,0.0
4664,HON,0.4496360421509795,0.6321392840016017,0.5890011481404667,0.0
4665,HON,0.45249295986878346,0.60889837856589,0.6060787554032712,0.0724066234552291
4666,HON,0.4566881460870884,0.6013611724707796,0.6178806919007533,0.06507683697185676
4667,HON,0.4618188572957518,0.5991651479896303,0.6267802719157461,0.052628603260185945
4668,HON,0.46476807269511244,0.5933366348706748,0.6324614845260095,0.08788512168173106
4669,HON,0.4678431385599455,0.5857211778967867,0.6351269933287538,0.04654309229859632
4670,HON,0.47025118415508294,0.5666671290763833,0.6325569449290597,0.07206498457913553
4671,HON,0.47215580228294707,0.5507309526329515,0.6265679279564575,0.11218026962078742
4672,HON,0.4729434075268184,0.5296761338019378,0.6165804776980186,0.0
4673,HON,0.47405034622828124,0.5160683868074478,0.6052321853850973,0.0
4674,HON,0.4754842554493566,0.5041817382288285,0.5932199789475786,0.0
4675,HON,0.4771707203091151,0.5007278337207591,0.5827578053565636,0.0
4676,HON,0.4789075274034933,0.49816252648723036,0.573754959941718,0.0
4677,HON,0.480585601890815,0.4919548026935332,0.5650206446814978,0.0
4678,HON,0.4818441577563064,0.48852315282916603,0.557186276380503,0.0
4679,HON,0.4823391897300664,0.4840297128251507,0.549809820510582,0.0
4680,HON,0.48282583133139,0.477663631933955,0.5423375350511539,0.0
4681,HON,0.48330408716924556,0.4623585246940476,0.5325824735345109,0.07011354507200714
4682,HON,0.48084150825013117,0.43183591205287203,0.5172455777714656,0.08702214933147036
4683,HON,0.466175142864123,0.41882469749811646,0.501764950637208,0.07450401003835384
4684,HON,0.4655626472125731,0.41020113594445357,0.4872521918680762,0.06312342520694462
4685,HON,0.4639978509468685,0.40193693248848605,0.47360241578896195,0.06368245071875647
4686,HON,0.4621016313851638,0.40457096846871965,0.4633326634200957,0.08516691217623745
4687,HON,0.46064590125530414,0.41779806222834504,0.45838125008706665,0.1451715404078366
4688,HON,0.4515926868356641,0.3362317554910538,0.4342899136776582,0.0
4689,HON,0.44986846632415656,0.3589192395307406,0.42061601582290387,0.0
4690,HON,0.44803097015156945,0.36485124764259813,0.41114089104986895,0.0
4691,HON,0.44680597219107065,0.37803760232324357,0.40681512556799876,0.0
4692,HON,0.4471248063436617,0.40003317397463733,0.40878292352113943,0.0
4693,HON,0.4469905603846769,0.41627124065509674,0.4143646453191685,0.0
4694,HON,0.44661299362502893,0.4260265466297141,0.4212375893645648,0.0
4695,HON,0.44550546446339645,0.43178282553313196,0.4281565689159316,0.0
4696,HON,0.44525375329029826,0.447344631567499,0.4375323378395388,0.0
4697,HON,0.4478631591180835,0.4897689842460454,0.4555030966209791,0.0
4698,HON,0.4473513453752349,0.48753613966332227,0.46932864742401875,0.1534271923507954
4699,HON,0.44573200964026194,0.47088973157512226,0.476280827767545,0.07507070544154688
4700,HON,0.4444524829647558,0.45917222878945657,0.4789507438929175,0.05374862654159338
4701,HON,0.4428079643339955,0.43556680242080087,0.4752609613911145,0.05044991582842059
4702,HON,0.44373510970617946,0.42927259834719517,0.47075575350862037,0.04232224150165078
4703,HON,0.4444566822478353,0.4328407680626558,0.46803219579422717,0.060985059489868945
4704,HON,0.4451530846963969,0.4367492297751038,0.466817940782437,0.11218421413635489
4705,HON,0.44505239613029657,0.428570379009408,0.4638280323777414,0.0
4706,HON,0.44481746109310194,0.42937945826327345,0.46163578285519924,0.0
4707,HON,0.44317295014395786,0.4242168761359601,0.4586078806751531,0.0
4708,HON,0.44924757978806307,0.41949720452643624,0.45502076473680453,0.0
4709,HON,0.4488364515386687,0.4247081722529392,0.4534371159011997,0.0
4710,HON,0.4486518633450638,0.418878290319263,0.4507314076135326,0.0
4711,HON,0.4500530555419773,0.4409956770340877,0.45402531474390123,0.0
4712,HON,0.4496251465477106,0.4476303371079834,0.4582978453726639,0.0
4713,HON,0.4477373127494726,0.4340182410575173,0.45835646444161776,0.0
4714,HON,0.44633612055255956,0.4259420366089311,0.45641018796110233,0.0
4715,HON,0.44165848433439514,0.378964052748785,0.4432592069871262,0.1468238541510986
4716,HON,0.4369934428928248,0.3539607771616812,0.42656772376700625,0.0826950157539569
4717,HON,0.43128798502696153,0.35335807088299104,0.413065791932262,0.08065044185148548
4718,HON,0.42758364122938275,0.34264493585741085,0.3996202918606141,0.06039491613302484
4719,HON,0.4255909277756884,0.34125645974135793,0.38852122200490224,0.04456163064520441
4720,HON,0.4230947868547199,0.3370142661660169,0.3785950114047267,0.05705018607156491
4721,HON,0.42157613149212425,0.3322226249582223,0.3694714869499711,0.13378525794282994
4722,HON,0.419277164835524,0.3326141620047381,0.36226929700711724,0.0
4723,HON,0.41628179573036217,0.3342826059488927,0.3569193096797976,0.0
4724,HON,0.4140499535895774,0.3468593830018619,0.3557432130771445,0.0
4725,HON,0.41380663278891605,0.37002317242729754,0.3605190571420242,0.0
4726,HON,0.41098746765021543,0.365580008169832,0.3632431789979193,0.0
4727,HON,0.40942685837700576,0.3719198613272333,0.3669871243567858,0.0
4728,HON,0.4085878211333447,0.38534519872236905,0.3732955948632357,0.0
4729,HON,0.4055253351939827,0.3788551973724703,0.37674066748074597,0.0
4730,HON,0.40331447820222754,0.3744563281546555,0.37841110399970485,0.10835365124083503
4731,HON,0.39804952103457847,0.36206706459308213,0.3766898374605899,0.11404339580715527
4732,HON,0.39458429260928973,0.3638592441894046,0.3757551262709798,0.04066510668380632
4733,HON,0.3928726540716827,0.36815512758140273,0.3760675624455005,0.043896322352824646
4734,HON,0.3926545054125463,0.3925299300887732,0.3823331054342426,0.06638049936690525
4735,HON,0.39461366300967926,0.3971177038151873,0.3884777822021338,0.1018999854929483
4736,HON,0.3942444845740378,0.38476077445040957,0.3903438877997157,0.1677595896651939
4737,HON,0.3924741205988824,0.3771372976235674,0.3899553317278801,0.0
4738,HON,0.39095126339266884,0.3635809032123056,0.3862988283559139,0.0
4739,HON,0.38982275215465245,0.3643918504311235,0.38357376386508946,0.0
4740,HON,0.3888075170898224,0.3629494076534575,0.3810377237393164,0.0
4741,HON,0.3884131685610863,0.3674016557110307,0.38010768687661906,0.0
4742,HON,0.38856419526494523,0.38108716632848016,0.3827411812127437,0.0
4743,HON,0.38943679399835274,0.40115586985330526,0.38980084444174523,0.0
4744,HON,0.3894200132534795,0.4168641798719096,0.3993253168463894,0.0
4745,HON,0.38796847882194596,0.4247086390263114,0.40888087278648283,0.0
4746,HON,0.3900073382998266,0.44893593386915565,0.42250450734487316,0.13708725575230896
4747,HON,0.3921427679737439,0.4779310255861976,0.4405592760958608,0.08023298062059502
4748,HON,0.3927720459064896,0.49007832079152003,0.45800099012487955,0.06372167673467742
4749,HON,0.393569134360614,0.48337888505306675,0.47030097007452204,0.05027350832665322
4750,HON,0.39309087698643497,0.4625357468211167,0.47499695919467555,0.05639232853081258
4751,HON,0.3936026902171754,0.44797288829487547,0.4751597010595373,0.06298777769937444
4752,HON,0.392058864761486,0.42276219876871546,0.4690680072626144,0.09993013824650505
4753,HON,0.3901374720340405,0.4007636088309884,0.45876549698664776,0.0
4754,HON,0.38677293166274485,0.38709137494626855,0.44714924157883357,0.0
4755,HON,0.3843481119801342,0.3730503343579311,0.4343909701932412,0.0
4756,HON,0.38327414072349386,0.3623547768861143,0.4215447365438707,0.0
4757,HON,0.38213305007211495,0.35549417243408254,0.4095745826211723,0.0
4758,HON,0.38180582554708753,0.3524112288061471,0.399237602555603,0.0
4759,HON,0.38077380973738384,0.3532165471102626,0.39116676751850565,0.0
4760,HON,0.38004384733539887,0.355470739688102,0.3852664243022384,0.0
4761,HON,0.37920481009173823,0.3616139392716294,0.3820622643663005,0.0
4762,HON,0.378995044635531,0.38413534444847447,0.3850571201574515,0.07014773087359186
4763,HON,0.3779210723546753,0.40086730977462226,0.39158238023929,0.06773697444260708
4764,HON,0.37706525999932605,0.4165457753125173,0.40067196463963206,0.030056332065098532
4765,HON,0.37631432269046483,0.4256112911861703,0.41018096160392115,0.03200645673370444
4766,HON,0.3738895055683922,0.4309807541450739,0.4191133190166604,0.047940984787756574
4767,HON,0.3704032300290425,0.43284735073713765,0.42671987277576817,0.050884908239610914
4768,HON,0.36836437567223834,0.4413788093362529,0.4349106422407018,0.08902245700368461
4769,HON,0.36765958131491683,0.4481851288288446,0.443143027526627,0.0
4770,HON,0.3686118885864724,0.45793019669729196,0.45213397564276847,0.0
4771,HON,0.3687046840571906,0.4572157796193442,0.4591504191431234,0.0
4772,HON,0.37008070667311754,0.45793195202859904,0.46494032214401154,0.0
4773,HON,0.37353754011700024,0.480464381758862,0.47513314909591686,0.0
4774,HON,0.3743346254984785,0.46930451264794526,0.4805332040462347,0.0
4775,HON,0.3752323953491956,0.45748617769494365,0.48193653492164024,0.0
4776,HON,0.37607143720182634,0.44687499448371143,0.48044040627747026,0.04992288472065598
4777,HON,0.37669232373791983,0.43653623572906275,0.47669194317529767,0.03415227320240755
4778,HON,0.37732999050677885,0.4300032185197134,0.47208085278099776,0.021709956264087945
4779,HON,0.3782361481693943,0.43039785115128754,0.4684893740632853,0.03396359387443029
4780,HON,0.378387256810484,0.422517493175441,0.4636713534015013,0.03015954688911397
4781,HON,0.3784375969966729,0.41876422806545016,0.4588906475512222,0.03325029397597965
4782,HON,0.37701963480914724,0.4155087470481298,0.4542626444747735,0.09689790147389016
4783,HON,0.37573591243531546,0.4132758492805152,0.45000917266570467,0.0
4784,HON,0.3745444739161323,0.4150462361307861,0.44704331890625876,0.0
4785,HON,0.3735418233857417,0.4154658096974801,0.44477418480951725,0.0
4786,HON,0.3727531288888084,0.41670838730911774,0.4432655402213452,0.0
4787,HON,0.3720651142521447,0.41669549322527344,0.44205544234762784,0.0
4788,HON,0.37121768049075454,0.4220523439054094,0.44240941123503574,0.0
4789,HON,0.3700262476047569,0.4225217146546731,0.4428084249814085,0.0
4790,HON,0.36759304011024696,0.41290256005811155,0.44075367093279205,0.08730374391503688
4791,HON,0.36566695031056096,0.4035297525881909,0.43679670003551047,0.06481386926735883
4792,HON,0.36375814365387793,0.39827857483379736,0.4323351557445868,0.09055906495696753
4793,HON,0.35969720544299033,0.39135297609002034,0.42705671300331277,0.05571299529419293
4794,HON,0.35789327076014965,0.38483230858258144,0.4212246867498445,0.04926721857744114
4795,HON,0.3565785837946809,0.38339976997098557,0.41620552151858003,0.0986534300411676
4796,HON,0.35512704014520846,0.3801507005264603,0.4113883332853084,0.1115287671328938
4797,HON,0.35380136232444004,0.37782952977823125,0.4069617279674238,0.0
4798,HON,0.35235821980166593,0.3768573580111348,0.4031805159969796,0.0
4799,HON,0.3507220997370655,0.37993124948311885,0.40091416931576085,0.0
4800,HON,0.34963126938307587,0.3811766428776009,0.3994084495828281,0.0
4801,HON,0.348355934821142,0.3828613747966823,0.39861965822401657,0.0
4802,HON,0.3473910373819624,0.38794846412209427,0.39924409640751674,0.0
4803,HON,0.3464848771588085,0.3932607844942731,0.4010547042565561,0.0
4804,HON,0.3454444709766693,0.39958245157123257,0.4040633501652743,0.0
4805,HON,0.3434979061076988,0.3930230118515524,0.4048514260203536,0.1088519750408586
4806,HON,0.34153455946963973,0.38885490940128686,0.4044532173525984,0.08754589334292873
4807,HON,0.3395879976733154,0.3851188839614147,0.40321261577230105,0.09647342777087975
4808,HON,0.3382958839028314,0.39566158511130745,0.40482202678102935,0.1137517207949163
4809,HON,0.3372070610109965,0.4028998936641965,0.40789593830201865,0.052584556169682536
4810,HON,0.3364938742328083,0.403251920802118,0.4104419462680993,0.08589314132015924
4811,HON,0.3361750359833553,0.4064669365755533,0.41327220439298007,0.14963870428799522
4812,HON,0.3357093672404772,0.4093073422451152,0.41623741051894325,0.0
4813,HON,0.3353410278420794,0.40974715416832813,0.4187181190679019,0.0
4814,HON,0.33533264207861224,0.4130462152012752,0.4215168796594694,0.0
4815,HON,0.33523774647473026,0.41796214418960487,0.4249691177849093,0.0
4816,HON,0.3353552162978124,0.4218056362341977,0.4286794652167205,0.0
4817,HON,0.3358586386440088,0.4291329447014287,0.4334560906635801,0.0
4818,HON,0.3361523016792902,0.43265373817515873,0.43814630736458954,0.0
4819,HON,0.33595093274081167,0.4327550194861764,0.4419234765074824,0.0
4820,HON,0.3352880933183191,0.42560965792526245,0.44318176801659304,0.0
4821,HON,0.3342392967637431,0.41564769368770393,0.44172983226657664,0.0
4822,HON,0.33354289124253533,0.41540549767781537,0.44050851075659364,0.12416326963525064
4823,HON,0.33273741753705144,0.41493913040431474,0.43941635615676866,0.1233618755557932
4824,HON,0.3320410176490278,0.41777677659654067,0.439242951076098,0.12080451462955082
4825,HON,0.3329345943619577,0.4270918757192556,0.44140315250368295,0.043901581706914605
4826,HON,0.3337526607956045,0.43407945432096545,0.4448558173106127,0.04841366923659161
4827,HON,0.3348014573501805,0.441298098112918,0.44939947869365715,0.06561000399272632
4828,HON,0.33504477251765774,0.4502533874695659,0.4552445338245296,0.11718542159639804
4829,HON,0.3353784618901976,0.45669511498104554,0.4615103679458822,0.0
4830,HON,0.33585671772805314,0.45752040183092524,0.46672671240758773,0.0
4831,HON,0.3365950705024754,0.46356505190524266,0.47239158102861334,0.0
4832,HON,0.3374005462563896,0.46876587043928386,0.47820701506444846,0.0
4833,HON,0.33864987271220093,0.4756287598688115,0.48455309321871437,0.0
4834,HON,0.33952247144560843,0.47875217148774946,0.4904007999917234,0.0
4835,HON,0.34005106490911485,0.4787116599431772,0.4950689673391155,0.0
4836,HON,0.3419053372176055,0.493664133995254,0.5024937060463884,0.0
4837,HON,0.34277197962643946,0.4971911917148965,0.5093039593440672,0.07996869807757459
4838,HON,0.34393824344355917,0.5005039060159536,0.5155697253011281,0.06400896895184141
4839,HON,0.3458009025397324,0.5079082188990235,0.5224096899193217,0.08141458217280571
4840,HON,0.34818385024896026,0.5117838619135264,0.5288381532632973,0.04790373102961937
4841,HON,0.35065061616057003,0.510466225929718,0.5336557371731403,0.041922092311306426
4842,HON,0.35267269899043896,0.5106549092889616,0.5375563705241745,0.05205095086930549
4843,HON,0.35460248721139775,0.5083486948085486,0.5401077136148483,0.10674144007250896
4844,HON,0.3562721703020677,0.5056029808603214,0.5414711579616638,0.0
4845,HON,0.35737550069272794,0.5028420820723493,0.5418805357617322,0.0
4846,HON,0.3590745454779567,0.5065532482681345,0.54312393749578,0.0
4847,HON,0.3597038188017332,0.49772217783867434,0.5419391895434491,0.0
4848,HON,0.3599219705335157,0.4885957827507807,0.5387390370152644,0.0
4849,HON,0.3596366978706711,0.47447782111651265,0.532694664157568,0.0
4850,HON,0.3607945692669232,0.4760667417458356,0.528251304494048,0.0
4851,HON,0.3608197403842328,0.46909698263075944,0.5229765108692944,0.0
4852,HON,0.36028275910882845,0.45738727795205414,0.5158667723585418,0.09989376104738283
4853,HON,0.3604589543694585,0.4595686748595449,0.5107173407120914,0.0533901139044612
4854,HON,0.36139867915500457,0.46824083620225326,0.5087380466708329,0.04192187317155268
4855,HON,0.3626740126927235,0.47663811871776957,0.509227023828199,0.04056298755855962
4856,HON,0.36259850292554807,0.4822427660036017,0.5110014078528552,0.03819342940127951
4857,HON,0.3628309998180175,0.48222031230302403,0.5124153735980377,0.042438166431383616
4858,HON,0.36288134000420635,0.4807675237505019,0.5131880043693402,0.11097806893172438
4859,HON,0.3632337392312981,0.4882368548268173,0.5156495070430451,0.0
4860,HON,0.36243665581631346,0.4787877120805343,0.5152867023131662,0.0
4861,HON,0.3629316913748273,0.48269393124658727,0.5159604962384008,0.0
4862,HON,0.36378751089968464,0.49156042382886245,0.5186877427496722,0.0
4863,HON,0.36459298204462964,0.4956749757303072,0.5218849932705948,0.0
4864,HON,0.3650628429010796,0.49413349269768436,0.5240623624549129,0.0
4865,HON,0.3650628429010796,0.48688771028114997,0.5240160305716858,0.0
4866,HON,0.36473561940026755,0.483395407860471,0.5231170801881608,0.06096511777227786
4867,HON,0.3658431465134693,0.48615949992456814,0.5230800856452271,0.03538909797256282
4868,HON,0.3668164261313622,0.48466107671511016,0.5226806857534236,0.03695682377087799
4869,HON,0.3683196445196697,0.4828341633230019,0.5219102916502716,0.02567419440939426
4870,HON,0.368403546195605,0.47716519841781974,0.5198949007634244,0.04049286283736017
4871,HON,0.369498486725937,0.4764584715096196,0.5181081709614578,0.049868976341233905
4872,HON,0.37115139112016404,0.4761732602764318,0.5166083982420017,0.0792174870017255
4873,HON,0.3714031048538011,0.4705134458365085,0.5140117627566899,0.0
4874,HON,0.37123529433242286,0.46795395405111206,0.5113027830534274,0.0
4875,HON,0.37117656479801253,0.4688453500923437,0.509355591913093,0.0
4876,HON,0.3711765612132587,0.4693529292820726,0.5079231073123233,0.0
4877,HON,0.3716799830473474,0.4714401278908904,0.507292231068067,0.0
4878,HON,0.3720239883172489,0.4698769429918909,0.5064017429150732,0.0
4879,HON,0.3717219349095311,0.4697401611527124,0.5056555952363877,0.0
4880,HON,0.37263640160139655,0.4689356445408435,0.5048601259322015,0.0
4881,HON,0.372206480536005,0.4638211067092992,0.5029615050477187,0.037626514858332724
4882,HON,0.3708304620169396,0.45464154449409,0.4991771327606404,0.02506761557101903
4883,HON,0.3702515217098443,0.45446866764810245,0.4961069696857664,0.08946446188699489
4884,HON,0.3701927865422494,0.45619239088206837,0.4940762465384167,0.054399471610225764
4885,HON,0.37145134804092583,0.46752255877496446,0.4952479036220968,0.09493462842005936
4886,HON,0.37249594531242236,0.4762732690685382,0.49834486610052786,0.0757671315789589
4887,HON,0.3731252232451676,0.483796851621111,0.5026792231656574,0.10995293316368994
4888,HON,0.37398104481845573,0.4887346098228304,0.5073653258237983,0.0
4889,HON,0.37494459592651097,0.49317844965421975,0.5122109280749928,0.0
4890,HON,0.37657233022764425,0.5001627506789716,0.5178111046492329,0.0
4891,HON,0.377524640571846,0.5011163114871472,0.522526580521958,0.0
4892,HON,0.37843079721024564,0.5013048350225463,0.526345487999476,0.0
4893,HON,0.3796977434481734,0.49999839906744054,0.5290781913339748,0.0
4894,HON,0.3808975667066088,0.49971950935153864,0.5311955252463527,0.0
4895,HON,0.3818792402816924,0.49945470177419327,0.5328240390308912,0.0
4896,HON,0.3835405340241409,0.506748404984609,0.5359269039303594,0.0
4897,HON,0.3845515682695675,0.5060327776727069,0.5382325821769588,0.03578004329324975
4898,HON,0.3861962436052817,0.509376241049093,0.5409022768297012,0.02992440993334207
4899,HON,0.3879330512117676,0.5137236115639161,0.544110944473557,0.020085473269551977
4900,HON,0.38990478566172504,0.5187105793195531,0.5479086402961435,0.026814597687900284
4901,HON,0.39195404860738225,0.518483558231732,0.5508907691482638,0.03204502533036414
4902,HON,0.3944292059156438,0.5175492070993869,0.5530458784801308,0.0390404045495166
4903,HON,0.39663587796333344,0.5199428210458307,0.5553606993395779,0.06236016144463938
4904,HON,0.39836429724581324,0.5172728202718833,0.5565536115798089,0.0
4905,HON,0.3992872325806558,0.5149345973536757,0.5569308782401777,0.0
4906,HON,0.40057515782232134,0.51675445998831,0.5576818256622494,0.0
4907,HON,0.4014477586041596,0.5134727290742013,0.557472666844611,0.0
4908,HON,0.40263919149015814,0.5133788049801473,0.5572821597372019,0.0
4909,HON,0.4022280632407642,0.49463917878534525,0.5525048967304326,0.0
4910,HON,0.40175820443274457,0.4827482888755584,0.5457484669959582,0.05199528937185342
4911,HON,0.40157362033600075,0.47248722748705885,0.5378109383897652,0.0229866644694254
4912,HON,0.40216933473056926,0.4734475873782663,0.5316979281019312,0.0160596568534424
4913,HON,0.40196796937684454,0.46363281964757863,0.5243852783648282,0.062176522330998324
4914,HON,0.40171625513109976,0.4565065865543841,0.5167764355916411,0.021332816747887163
4915,HON,0.40167430275680926,0.4538512667857405,0.5100340401333009,0.025324885641919506
4916,HON,0.4009611159786206,0.45185016745241846,0.5041462612527643,0.05657136570962493
4917,HON,0.400738776742235,0.45028528444653043,0.49904983190543506,0.0
4918,HON,0.4001261172162245,0.4489806699941597,0.49465071531891935,0.0
4919,HON,0.39932064095020214,0.448093375473498,0.4909124416646678,0.0
4920,HON,0.3982047244887794,0.4460541144693173,0.48741854209488367,0.0
4921,HON,0.3975502754387237,0.4466099774426027,0.4847606069759655,0.0
4922,HON,0.3968287034091751,0.4463139154725169,0.4825611920888075,0.0
4923,HON,0.3957799073667063,0.4461479185521801,0.4807606928692598,0.0
4924,HON,0.39640079492701563,0.46206805909495846,0.4832493141567192,0.0
4925,HON,0.3976341786509816,0.4821705160700253,0.49020140914984756,0.042504565776769344
4926,HON,0.3982634565837273,0.49479811674754354,0.4988795214505498,0.03842221130419271
4927,HON,0.39813759843664,0.4912999423327514,0.5049586772318484,0.03334123697378519
4928,HON,0.39854100973521334,0.4975510793736422,0.5113647549836903,0.040717481084952156
4929,HON,0.40040367395246346,0.501227921256202,0.5173970455896242,0.0385510654793967
4930,HON,0.40211111781595976,0.5049882436281927,0.5231509090964443,0.03655273006496617
4931,HON,0.4042506525451408,0.5118482880927158,0.5294470287026484,0.07230976368407235
4932,HON,0.4053414030103313,0.5133655547710543,0.534858379130307,0.0
4933,HON,0.4070614257750824,0.5109773285746098,0.5385980557514827,0.0
4934,HON,0.4092764871709935,0.514987034570005,0.5425793748518679,0.0
4935,HON,0.41073641248707116,0.5114557502822763,0.544892924701902,0.0
4936,HON,0.4122466846467381,0.5087075624058681,0.5460655239016119,0.0
4937,HON,0.413882807271877,0.5073983836708444,0.5466805037078443,0.0
4938,HON,0.41574546995280404,0.5083235144852066,0.547400805768736,0.0
4939,HON,0.4185562447190687,0.5197243204760043,0.5507907161908779,0.0
4940,HON,0.42236966284621547,0.5383587795691083,0.5581015470712994,0.042475201049767076
4941,HON,0.4250310107330524,0.5404295808359074,0.5644612764201076,0.03121821103947189
4942,HON,0.4276572008904651,0.5398353045914248,0.5694023951358698,0.026500351281025257
4943,HON,0.43071129543317577,0.5434325684147472,0.5742430789979349,0.032366503349112855
4944,HON,0.43236419982740326,0.5446145416656966,0.5784073318871514,0.025679453763484215
4945,HON,0.433236805730318,0.5429973369185126,0.5813396151800039,0.03897751144019084
4946,HON,0.4345792704412528,0.5434739770386053,0.5838030744994794,0.05910089588714127
4947,HON,0.44091610178454044,0.5889910760742829,0.5970072617954744,0.0
4948,HON,0.44202455169532007,0.5706725313475792,0.6030496753656779,0.0
4949,HON,0.4438368706053044,0.5625940315094384,0.6058898679941161,0.0
4950,HON,0.44587992117254194,0.5591748603104344,0.6073181856837737,0.0
4951,HON,0.44719721579038163,0.5512057806825359,0.6064941060343911,0.0
4952,HON,0.4479775204269867,0.5343029671102026,0.6016633022702648,0.0
4953,HON,0.44986535422522334,0.5303479869475644,0.5968225875503382,0.0
4954,HON,0.45223562829327424,0.5386173378239751,0.5949908551989309,0.059453710890676
4955,HON,0.45497088919550066,0.5424723682606754,0.594476873873686,0.04803806369866706
4956,HON,0.4570936498372089,0.5379110246240022,0.592939969266491,0.032005799314443195
4957,HON,0.45951847208035845,0.5384222678033564,0.5918366181487569,0.039601183179358436
4958,HON,0.46220338921164306,0.5434973733360884,0.5922064509777948,0.051844521221274614
4959,HON,0.46425902789807383,0.5503035454533252,0.5941820505834139,0.04643001618566221
4960,HON,0.4655972933259287,0.5565022638626865,0.597292346707008,0.10366690932742065
4961,HON,0.4677855807074516,0.5586800848413472,0.600318060244528,0.0
4962,HON,0.47049566741972226,0.5641352496973339,0.6040849417671025,0.0
4963,HON,0.47182973766135916,0.5559150856292394,0.6050697466485783,0.0
4964,HON,0.47357493410395834,0.552560306490876,0.6050296458180111,0.0
4965,HON,0.47499290090045276,0.5434265562730579,0.6027433957735228,0.0
4966,HON,0.47625984201730454,0.5362224399757484,0.5991364515222117,0.0
4967,HON,0.47374063269321276,0.5310093201608753,0.5949643210801449,0.0
4968,HON,0.4748657816369617,0.5167232199493375,0.5881008700300103,0.0
4969,HON,0.4770472784704807,0.5249168433479873,0.5846322594060035,0.0
4970,HON,0.4780792937680758,0.5210759683738326,0.5809094598568122,0.03412444245368153
4971,HON,0.4793462353970348,0.5159901588889252,0.576676064805917,0.041980602625557216
4972,HON,0.48112499742624104,0.5078031480223948,0.5712688304929427,0.059603164202732324
4973,HON,0.48196822729558253,0.4999101967980972,0.5649950973966216,0.022734434612861135
4974,HON,0.4808481197448029,0.4822122319002804,0.5556083310251942,0.043766372478851914
4975,HON,0.48067191629044936,0.47753292724143737,0.5469440861196195,0.04016897428132022
4976,HON,0.48111660500537434,0.47437116547084085,0.5392323812968126,0.0711334214859516
4977,HON,0.4815528997631091,0.47660373648506116,0.5336140061451765,0.0
4978,HON,0.48118372542432875,0.4742021799054252,0.5285266124229767,0.0
4979,HON,0.48063835377648756,0.47385560976190655,0.5243711654581444,0.0
4980,HON,0.4797741505365938,0.47154932965389884,0.5204776280995232,0.0
4981,HON,0.4795979527154248,0.47617182956098436,0.5185036108581745,0.0
4982,HON,0.47846525243648275,0.4731659161386294,0.5161825508536139,0.0
4983,HON,0.4783561775948071,0.47146423342049276,0.51390573503978,0.0
4984,HON,0.47785275524861026,0.4695132765300395,0.5116027948092027,0.0
4985,HON,0.47846525243648275,0.4756285969879457,0.5112696768162365,0.0
4986,HON,0.47927073433568923,0.4834276491582402,0.5129279541942813,0.04386871074385236
4987,HON,0.4797070372871466,0.4862029229798859,0.5149395014691847,0.033628967470456676
4988,HON,0.4822636681844137,0.5037724358595996,0.520884817790391,0.04774310159012188
4989,HON,0.48308593082849427,0.5165518760435354,0.5287949804758912,0.041705582234603134
4990,HON,0.48496956534365143,0.528956638722546,0.5381845514925859,0.06455747575547334
4991,HON,0.4870084325031474,0.5383456923544061,0.5480133854456399,0.08647451908685341
4992,HON,0.48900533243722943,0.5407480944733549,0.5564693548843573,0.10267639764047844
4993,HON,0.49082185063029415,0.5386420961624332,0.562714379315181,0.0
4994,HON,0.49457234608524336,0.5479181902496552,0.5699996980807607,0.0
4995,HON,0.4966363838499417,0.5436705951855166,0.5747796653139408,0.0
4996,HON,0.49832285331866943,0.5356262291462035,0.5766183249441775,0.0
4997,HON,0.5005211308970612,0.5393907018822779,0.5790183079620409,0.0
4998,HON,0.5027697507100721,0.5380694474961709,0.5806122146052218,0.0
4999,HON,0.5050351512679572,0.538039974272481,0.5818800660577944,0.0
5000,HON,0.5068223005969541,0.5295923411554783,0.580809508522494,0.0
5001,HON,0.5088527707266137,0.5316205879957667,0.5804536248934324,0.0
5002,HON,0.5112691969641423,0.5305166170166925,0.5798964628082337,0.04684265634197021
5003,HON,0.5129095209207923,0.5204691737266788,0.5769710683285934,0.03517828552945698
5004,HON,0.5133961614979001,0.4977714533614482,0.5690290551919878,0.04014903256372913
5005,HON,0.5135388009019679,0.4832401673734432,0.5590891872150109,0.021617260148252427
5006,HON,0.513773730305978,0.4758682746873909,0.5493179421429121,0.018805697107662046
5007,HON,0.5146547219723603,0.4744873989655162,0.5411601520306932,0.02172222809029785
5008,HON,0.5149232072329322,0.4816874181195855,0.5364108529997076,0.0754112486188717
5009,HON,0.5140841638439788,0.4734907624258238,0.5305885152017219,0.0
5010,HON,0.5134590857064207,0.472483479007603,0.5256820518461337,0.0
5011,HON,0.5117306669360482,0.45895410809716025,0.5184178919283078,0.0
5012,HON,0.5112272502230368,0.45879862265554544,0.512568190870941,0.0
5013,HON,0.5110762235191775,0.45979171870560803,0.5081335217621871,0.0
5014,HON,0.5108748545806989,0.4717988427104715,0.5075490918676658,0.0
5015,HON,0.5107070471319664,0.47095547724608045,0.5068734090648805,0.0
5016,HON,0.5090751171325074,0.44908439738794215,0.5009351765110286,0.0541849337913062
5017,HON,0.5072166440046137,0.44032190133699023,0.49402204498337726,0.04009687730233704
5018,HON,0.5055679414540046,0.43279692301269246,0.48663440820854903,0.03980827024665056
5019,HON,0.5036633233261405,0.4260788492140504,0.4790663077238367,0.021855245920823052
5020,HON,0.5022789169951762,0.419821563851242,0.4714675568304572,0.025803267724351993
5021,HON,0.4998037525174075,0.41191173161626754,0.4634364443106259,0.033510412863678854
5022,HON,0.4971775618478871,0.40259888010293693,0.45471318350274975,0.06950696623363191
5023,HON,0.49520162299377324,0.3952710692961544,0.44592610337984623,0.0
5024,HON,0.4944297097538213,0.3903760907251573,0.4376883801001872,0.0
5025,HON,0.4936661827894433,0.39111592132842593,0.431280788415289,0.0
5026,HON,0.4921978624919592,0.38841978969070806,0.4254893216377986,0.0
5027,HON,0.4904190973901059,0.38802585053259747,0.42075892576427953,0.0
5028,HON,0.4877929169627393,0.38695838249554837,0.41671116264905284,0.0
5029,HON,0.4864756284901919,0.3888498081493347,0.4139397476890133,0.0
5030,HON,0.48438642575347624,0.3875780940518293,0.4114087622752018,0.0
5031,HON,0.48447032947784185,0.40051985644717014,0.41257794398050746,0.0
5032,HON,0.4840172442451882,0.41541649022729676,0.4171897130406008,0.05075189040908571
5033,HON,0.4832327444223652,0.4247758672144721,0.4231889813629948,0.05750095654502511
5034,HON,0.48135749311013676,0.43083177701263214,0.42948296792289103,0.035558054722702744
5035,HON,0.47988792531831415,0.4305924134630265,0.43445908329957766,0.01810861355098878
5036,HON,0.4804374936886968,0.43354358559808626,0.4391683119034772,0.04652884821460268
5037,HON,0.4801312532884836,0.4342804756991903,0.44311755602242514,0.030465904264854057
5038,HON,0.4798501701786728,0.43456452858020306,0.4463470543192444,0.048263558505274036
5039,HON,0.4796068529627644,0.4343913184792874,0.44888790546563795,0.0
5040,HON,0.47942225964808216,0.43386182780962324,0.45078991041438193,0.0
5041,HON,0.48063886826035995,0.4468576543292425,0.4555188271978093,0.0
5042,HON,0.48155342397702716,0.4499519505233127,0.4600656193153509,0.0
5043,HON,0.482149140420026,0.4480329127564991,0.4632294429291958,0.0
5044,HON,0.4828623220771382,0.4481640712628951,0.465792871162765,0.0
5045,HON,0.4829378354290679,0.44463874604291787,0.4669735789910572,0.0
5046,HON,0.4835167711271935,0.44394717403432515,0.4677474683237681,0.0
5047,HON,0.483953070493897,0.44280339151328807,0.4680842992945374,0.0
5048,HON,0.4828460498552043,0.42226467558548614,0.4632848993172905,0.04420048833102725
5049,HON,0.4801611332360274,0.38982990128359357,0.45144061969831445,0.03479632493867374
5050,HON,0.4782984644098076,0.3713815512893457,0.4374122243674445,0.03798480835571116
5051,HON,0.47550446526734014,0.36003154111963814,0.42338837551454556,0.024351028576262167
5052,HON,0.472902279645913,0.35862697248497294,0.41182265507102045,0.027480563399541295
5053,HON,0.4703641971049155,0.3566203504137797,0.4020748532149203,0.023624361152832885
5054,HON,0.4678680689866397,0.35504435258956674,0.39388766239886497,0.04803850197817455
5055,HON,0.4658136803550863,0.35491561137163796,0.38730613697968896,0.0
5056,HON,0.4637244812031249,0.3584040125945344,0.38290183872283773,0.0
5057,HON,0.46198767154820786,0.3645873342542824,0.38090441670637165,0.0
5058,HON,0.4600578858877875,0.36764959664746055,0.38006223198283523,0.0
5059,HON,0.4576750201157904,0.3650550723628138,0.37874816702226427,0.0
5060,HON,0.4551579083848072,0.36183038994364025,0.3769010776161407,0.0
5061,HON,0.451583609726812,0.36102754951795984,0.37522526860538286,0.0
5062,HON,0.44823585112460496,0.3569693138610827,0.3728830666863301,0.0
5063,HON,0.44638157881611384,0.3681759913132176,0.373775063855026,0.0
5064,HON,0.44148579649935193,0.3435157912955468,0.3684026326906023,0.07118952126291117
5065,HON,0.4359481553001596,0.3141655699253205,0.3568611822183779,0.041998572085364574
5066,HON,0.4300831979086608,0.29085510720657354,0.3418751021699321,0.038982113375019556
5067,HON,0.42456233233326435,0.2778056721033606,0.32666569494410347,0.031738229675116546
5068,HON,0.42050088303889854,0.26708630776660336,0.31185267719298837,0.0362187610802538
5069,HON,0.4178663066059114,0.26099496655207294,0.29849894677239597,0.051818443590578564
5070,HON,0.41430039832035215,0.25363537435879424,0.28599964745291895,0.08764231483457798
5071,HON,0.4105079551000812,0.24963476606582655,0.27501287546683656,0.0
5072,HON,0.4054832972977067,0.2406676293527192,0.2640104079780688,0.0
5073,HON,0.4006588280255792,0.23644867961800153,0.25416721574907897,0.0
5074,HON,0.39589309187261623,0.23520374490888923,0.24598541755537665,0.0
5075,HON,0.39229362209731056,0.2504985633907968,0.24321467292929475,0.0
5076,HON,0.38873610418418814,0.26775723405638463,0.24525744123846926,0.0
5077,HON,0.3850611210569532,0.2843724711260428,0.25099222331444027,0.0
5078,HON,0.3815287742611404,0.29820959269659175,0.25899498971788165,0.0
5079,HON,0.37830687124548223,0.30852120952483575,0.26794206451941516,0.0
5080,HON,0.3763603048401891,0.33114135671699635,0.2806822771956181,0.0
5081,HON,0.3746193025595921,0.35336914265756586,0.2963601671404187,0.07459977411074184
5082,HON,0.37324580412248265,0.37179017719936525,0.3134487093984278,0.04890563798375648
5083,HON,0.37156772656251436,0.39683634561203923,0.3333008274064658,0.03599260885438558
5084,HON,0.37276335719526976,0.416692209250545,0.3540828616252055,0.024239705581358042
5085,HON,0.3749700164402676,0.4333471330465734,0.37481885093833955,0.035075508984949044
5086,HON,0.37724388981992707,0.44551762520228544,0.39441126632240237,0.0416146392367976
5087,HON,0.37913172361816416,0.45393676401723676,0.4121630050585937,0.12617497257465982
5088,HON,0.38124609798429754,0.46071059027179273,0.42803614657329553,0.0
5089,HON,0.3833436880208039,0.4659196148972643,0.44202022415134296,0.0
5090,HON,0.3861125170701776,0.47301990798295945,0.45495980731752894,0.0
5091,HON,0.38865479991846996,0.4751678195932769,0.46584156898856827,0.0
5092,HON,0.3925898845912399,0.4849264110781469,0.4769553557818521,0.0
5093,HON,0.3957362742549684,0.483263734236391,0.4854360438850218,0.0
5094,HON,0.39874841795971117,0.47962056288646127,0.4913214757024543,0.0
5095,HON,0.40009926792200545,0.4705957404499307,0.49380253467368146,0.0
5096,HON,0.400418106171458,0.4540822669943581,0.4917119292343929,0.047556832799435844
5097,HON,0.401538218843315,0.45159462171758674,0.4894255049702691,0.023115737784383136
5098,HON,0.40167245968122334,0.43689526341536844,0.48396862858337614,0.033052849057852454
5099,HON,0.4028806707515571,0.4359752651144264,0.4793760759396932,0.018576696064995096
5100,HON,0.4031990844637323,0.4378157655536164,0.47615626123791494,0.02102821249017706
5101,HON,0.403366889351926,0.44076563697237764,0.47430842476798113,0.02633753044399029
5102,HON,0.4038426117930265,0.44672999307406636,0.4743021324444141,0.06056737911922473
5103,HON,0.4042101131783964,0.4598822422676028,0.47754301583790876,0.0
5104,HON,0.40360600380242184,0.4582055952084349,0.4797219334330361,0.0
5105,HON,0.4030019010838477,0.4575173100617958,0.48129520176228846,0.0
5106,HON,0.4022803336632683,0.45443461149776015,0.48179301997897234,0.0
5107,HON,0.40048479447394136,0.43809511922812067,0.4781587597275017,0.0
5108,HON,0.39990040503373203,0.4399811936847771,0.475716826406552,0.0
5109,HON,0.396854698815027,0.4124763804660064,0.46697521282407595,0.06274036891739264
5110,HON,0.3960576124093338,0.42115936202713666,0.46212484361631195,0.07586574446814562
5111,HON,0.3967624036940087,0.4429074759597813,0.46361188711216383,0.07403110644976506
5112,HON,0.39704767328420765,0.4634264936641581,0.46986552522780667,0.045856308310349224
5113,HON,0.3989606822966163,0.4896976752148415,0.4813520477763366,0.048233974638518015
5114,HON,0.40167916245396995,0.5173964738991487,0.49737720750054903,0.05215942504741088
5115,HON,0.40480876573964064,0.5373609620200069,0.5151244831367009,0.1098069860876936
5116,HON,0.40910463233032335,0.5565974926219845,0.5340697947885799,0.0
5117,HON,0.412515320774236,0.5704780160683676,0.5526516962448054,0.0
5118,HON,0.41658465652706855,0.5750405944673624,0.5686432416906948,0.0
5119,HON,0.4197226583788991,0.5766186386510463,0.5818259324110985,0.0
5120,HON,0.42271005140674767,0.5770316196725325,0.5924740068870757,0.0
5121,HON,0.4261095811674269,0.5821526817615006,0.6022563220670275,0.0
5122,HON,0.4282830302285552,0.5737007073714022,0.6079962641065249,0.04328886695543442
5123,HON,0.4288468606957565,0.5550672326872819,0.6079895581432222,0.048690661885329424
5124,HON,0.43041585778086455,0.5392949629315622,0.6040916665693364,0.04030966200322661
5125,HON,0.4328658526776463,0.5370623735291047,0.6004223600654824,0.03274386200506739
5126,HON,0.43583604656863795,0.5380178961286789,0.5977227336372206,0.03415490287945253
5127,HON,0.4401319131593202,0.5395741988890207,0.5959471211706495,0.04792871296154667
5128,HON,0.4437032762111781,0.5457529028634229,0.5960515081619745,0.0726726591162795
5129,HON,0.44967722241025987,0.548831623837118,0.5968948325499515,0.0
5130,HON,0.45332703544440056,0.5524245865039881,0.5984562194432941,0.0
5131,HON,0.4558441471753829,0.5552875383216888,0.6004118928742208,0.0
5132,HON,0.45807598931616766,0.5563546875558942,0.6022397993562342,0.0
5133,HON,0.45876399575910787,0.5480611708428277,0.6016553210951149,0.0
5134,HON,0.45905765930649656,0.5433486560342671,0.6000247105589072,0.0
5135,HON,0.45944362207176503,0.5387159354676959,0.5975768870705862,0.0
5136,HON,0.4597624562243565,0.5378714870944564,0.5954102221356204,0.0
5137,HON,0.45990509255577905,0.5341477981502434,0.5927579001344226,0.0
5138,HON,0.459091226429428,0.5140152319968825,0.5856674137575322,0.0
5139,HON,0.4597540622671663,0.5144120128741487,0.5800929484313353,0.03526835196824753
5140,HON,0.46063161000931574,0.5171487361241,0.5763087874313113,0.033804498413209046
5141,HON,0.46055047408363814,0.5134303233630644,0.5723637707168685,0.04581116552107708
5142,HON,0.461426933596941,0.51016561671765,0.5684020421046531,0.03918525592674421
5143,HON,0.46244217429495516,0.49796225240715136,0.562220922578108,0.04841980514969656
5144,HON,0.46377624043972965,0.4916507144303058,0.5557183671447417,0.03666054682381032
5145,HON,0.46423770068158987,0.48704925091838314,0.5493807018423005,0.068033032249921
5146,HON,0.46344900362411723,0.4719277526632917,0.5405786503411174,0.0
5147,HON,0.46355808256265485,0.4722631412073721,0.5336197815576829,0.0
5148,HON,0.46339027408970734,0.47497642149355496,0.528722312171522,0.0
5149,HON,0.4630840254957711,0.4745087066554406,0.5246889066977352,0.0
5150,HON,0.4636042285868407,0.4859481248240099,0.5242853804077773,0.0
5151,HON,0.46326861881045334,0.4855907521127791,0.523874361362541,0.045265069254736376
5152,HON,0.46227016244206576,0.47708676795323895,0.5214468002395485,0.03119279082803709
5153,HON,0.46232889863387605,0.4747058253334387,0.5189171451748831,0.031056266761451914
5154,HON,0.4621023596023033,0.47208644403558014,0.5162469693398789,0.03598581552201938
5155,HON,0.4621778698815868,0.4734793909848444,0.5144546018522411,0.024487771782601093
5156,HON,0.46179611049625935,0.4726892382517151,0.5128257016429881,0.03620035334093894
5157,HON,0.46178772319646866,0.47416839221813667,0.5118876301686144,0.06357397654065108
5158,HON,0.4631721346485089,0.4752743061282588,0.5114101076779017,0.0
5159,HON,0.46313018637107994,0.47587669041713404,0.5111767554783098,0.0
5160,HON,0.4628231839546202,0.4760777066632846,0.5110396836440398,0.0
5161,HON,0.46294904056538444,0.47596196998426255,0.5109014628732954,0.0
5162,HON,0.46304552779997454,0.47559938399553503,0.5107014016294736,0.0
5163,HON,0.4642117864960178,0.4787204903852422,0.5113116279635777,0.0
5164,HON,0.4651766870078431,0.4822522496131143,0.5126714316742733,0.05253108606976796
5165,HON,0.4663177781713297,0.48755444470546194,0.5150678330705416,0.026931618316401864
5166,HON,0.468104931597189,0.4878302375867373,0.5170530186576127,0.02404445206076833
5167,HON,0.4685370352655669,0.48401577388868045,0.5176997742640576,0.03002477594055878
5168,HON,0.46875518392470283,0.4808124413671108,0.5174266103723704,0.024258770739934144
5169,HON,0.4684153779378817,0.4690413543938885,0.5143030267677667,0.0362056126950289
5170,HON,0.4673833657129327,0.4634974442793069,0.5104359472520399,0.051000614029590004
5171,HON,0.467081307184138,0.458726211687419,0.5061647644214841,0.0
5172,HON,0.4669386729011462,0.4489564236390883,0.5003366774379717,0.0
5173,HON,0.4669554500612656,0.447790376407902,0.49538643252322623,0.0
5174,HON,0.4664771978081639,0.4405727118447757,0.4896449487232964,0.0
5175,HON,0.46573045773395183,0.43554557978606534,0.4838110876025102,0.0
5176,HON,0.46531513173780104,0.4340788119466414,0.47878200685451666,0.0
5177,HON,0.4648452678087045,0.434822603291421,0.474942306688535,0.0
5178,HON,0.4644760914214938,0.43699203033783324,0.47240595160883525,0.0
5179,HON,0.4637545193919457,0.4346946098107316,0.4698098742639199,0.0
5180,HON,0.46202609857314236,0.4211806568958075,0.46439782824811215,0.06829205543885146
5181,HON,0.4596222589184844,0.4029540826478817,0.45556995307851456,0.04945392564763467
5182,HON,0.4566688508934438,0.382731971530025,0.44351692486351973,0.06032128517576542
5183,HON,0.45362314416263105,0.370259923151174,0.430796455608457,0.03449763745431484
5184,HON,0.45128222308330956,0.3711493881517641,0.4208395962543455,0.07021763645503756
5185,HON,0.4484337008590189,0.3696419458095483,0.41250207863130484,0.05749569719093515
5186,HON,0.4455054562696734,0.3649830637542403,0.4046822729331654,0.0771012543997784
5187,HON,0.44385674859798696,0.3738409847776469,0.4006125243227099,0.0
5188,HON,0.44183466986497955,0.37740423813349033,0.3982361206900181,0.0
5189,HON,0.4404334735712041,0.37945890940679244,0.3968420816168864,0.0
5190,HON,0.4395357001357332,0.39172418733919945,0.398753867004721,0.0
5191,HON,0.4388309088510578,0.40400718542097863,0.40331468521625363,0.0
5192,HON,0.43904905853441,0.4191421659494365,0.41069858641047674,0.0
5193,HON,0.43847012283628395,0.4283975903828176,0.41888990540712107,0.0
5194,HON,0.43893998369273435,0.44197454826129906,0.42879369409219814,0.0
5195,HON,0.43796250837651485,0.43609962145369835,0.43526681894431646,0.08526793560271541
5196,HON,0.43687176405661754,0.4326221908656277,0.43958710425194353,0.04802403875442717
5197,HON,0.4365906860678832,0.44138670062339624,0.4452063749566002,0.03926830989341481
5198,HON,0.43675429628196616,0.4550266117816969,0.4530680616006539,0.058706882609901874
5199,HON,0.4373583974642177,0.4667221066415221,0.4622438076060472,0.05743718687668436
5200,HON,0.43844494915843546,0.46951430644760594,0.47027350704134196,0.053497930663305354
5201,HON,0.4400265297537671,0.4693692442426236,0.47666146587542707,0.0960715254625054
5202,HON,0.4419898738312882,0.46707345927011895,0.4812052433092204,0.0
5203,HON,0.44403712624214364,0.4686778433958967,0.4852362202018027,0.0
5204,HON,0.44454894408185375,0.4613080574714811,0.4866421709648568,0.0
5205,HON,0.44718771057998286,0.47746686052501125,0.4917548530963222,0.0
5206,HON,0.44916783898713053,0.4776277196221599,0.4958846981191511,0.0
5207,HON,0.4499229725064251,0.47448478049913473,0.49841291058569853,0.0
5208,HON,0.45096337868856473,0.47087386587459346,0.49954432271178173,0.0
5209,HON,0.45221354418161974,0.46872429959649825,0.49991894890982813,0.0
5210,HON,0.4530274103079712,0.47151639085239483,0.5009077257095365,0.0
5211,HON,0.4530274103079708,0.46583895026976113,0.5002975797850618,0.0
5212,HON,0.45209188685393453,0.45512924589316606,0.4971663551107098,0.2419565849085464
5213,HON,0.4510179253273412,0.44208797077351364,0.4914428460322081,0.0287511356917738
5214,HON,0.449994304499044,0.4386355858580539,0.48601200535717914,0.021046181949984418
5215,HON,0.45051140524171185,0.43768540759127855,0.4814328330001628,0.03176759440211882
5216,HON,0.45019256699225885,0.42815806192114986,0.475418188108068,0.021701409813691765
5217,HON,0.448854301564404,0.4201723102220386,0.46863562379943835,0.03241668635272121
5218,HON,0.4479271689949127,0.4257948024576165,0.4645971787064064,0.06987139564411529
5219,HON,0.44710491812930986,0.4327828591487066,0.4630910442871988,0.0
5220,HON,0.4467986751685582,0.438378723664601,0.46326717150160557,0.0
5221,HON,0.4470235397103979,0.44706879101299646,0.4655527436724789,0.0
5222,HON,0.4472668605110597,0.4521676142778435,0.4686395685643691,0.0
5223,HON,0.44683895151679254,0.4517938251989144,0.47101677897726874,0.0
5224,HON,0.4480481719923568,0.46243600735393936,0.4755449910550658,0.0
5225,HON,0.4467644424490169,0.4631989988644878,0.47935586366617866,0.07780556956832536
5226,HON,0.44663859198354494,0.46515945114299384,0.48288839275458617,0.05930097048231345
5227,HON,0.4464540002051849,0.4628735507500342,0.48515026586259297,0.05146080751246138
5228,HON,0.44657432041968503,0.4636739393580447,0.48715729673704045,0.046233009547042514
5229,HON,0.446582716425306,0.46373836125485063,0.4887788204773781,0.05296016170760708
5230,HON,0.44614641193752513,0.4630604830297287,0.48990874210525553,0.03264656395440315
5231,HON,0.4464149048797119,0.4630994554278537,0.4908222976239992,0.05042581045550827
5232,HON,0.4440781830834699,0.42607650307058254,0.4824160402383082,0.0
5233,HON,0.44542063652803554,0.43628003335708154,0.47820922072543903,0.0
5234,HON,0.4461589846934877,0.44395821288693404,0.47673870605154434,0.0
5235,HON,0.44675360522602503,0.44996741747606833,0.47704533957424944,0.0
5236,HON,0.44843167971334674,0.45857130808512975,0.479414048751532,0.0
5237,HON,0.4502859535581605,0.46652902283951975,0.48327294509367186,0.0
5238,HON,0.4510578662860052,0.47130878877031634,0.4875396873758678,0.0
5239,HON,0.451653582729004,0.4750332766521287,0.4918722684291352,0.0
5240,HON,0.45231642215149703,0.4783848814855231,0.49616549460299236,0.0
5241,HON,0.4531739182145187,0.4871637607816658,0.5017666643395011,0.0
5242,HON,0.45460447261809867,0.49865528195281306,0.509083657009647,0.10993036176905387
5243,HON,0.45576234042959696,0.4995339995908925,0.5151541147939058,0.07551139548633466
5244,HON,0.45634656769554294,0.5038265159719146,0.5210698551840223,0.0415252302172683
5245,HON,0.4572401444084728,0.5028030247983702,0.5255498543761898,0.03752877852816099
5246,HON,0.45804141370979945,0.5018203643745947,0.5288913374594519,0.042674837365431754
5247,HON,0.4594342186069227,0.5038094672793978,0.5320554257741327,0.05262904153969344
5248,HON,0.46071508956512197,0.5061683846288769,0.5351688668523089,0.07569152836391574
5249,HON,0.4620239820320484,0.5073011404054386,0.5379391788582127,0.0
5250,HON,0.46309795482501137,0.5041844233100464,0.5393862363923055,0.0
5251,HON,0.46459135619078795,0.5068063707638615,0.5411909675188546,0.0
5252,HON,0.46920597712719925,0.5082371908532344,0.5429878725248579,0.0
5253,HON,0.4700617951157331,0.5031604027411345,0.5431724675532478,0.0
5254,HON,0.47121966651198566,0.501678344980083,0.5429543782391885,0.0
5255,HON,0.4730739388204763,0.5080922906966442,0.5443628403798046,0.0
5256,HON,0.4749701583821806,0.5168471859839432,0.5476502797418289,0.06746962394303418
5257,HON,0.4760860835494345,0.5150271812493687,0.5498310620680315,0.08128178348203427
5258,HON,0.4774755341411705,0.5148298229675788,0.5515269807731048,0.04238820256752901
5259,HON,0.4785830602301573,0.5108233483529041,0.5518949354242678,0.033616038224985524
5260,HON,0.48019400712901694,0.5136662016954201,0.552890902846176,0.05564089831520974
5261,HON,0.48238389945604876,0.5284941108580382,0.5573471395462275,0.0999426292124687
5262,HON,0.48347045115026654,0.5311999193126704,0.5615799105316925,0.12119655564900648
5263,HON,0.48519887145696217,0.5324185199561415,0.5652668725990022,0.0
5264,HON,0.4865685941240545,0.5323587062488836,0.5682016804929821,0.0
5265,HON,0.4880327146263497,0.5287169680127097,0.5696507618292344,0.0
5266,HON,0.48980728454198497,0.5290606862767371,0.5708948550539938,0.0
5267,HON,0.4926264501927937,0.5441374938445858,0.575611019427987,0.0
5268,HON,0.495017707361443,0.5512280085151351,0.5811338587610807,0.0
5269,HON,0.49730827903663766,0.5543631135748202,0.5863258603668962,0.0
5270,HON,0.4998589522573673,0.5553562154059754,0.5907245548154364,0.0
5271,HON,0.5019566292702442,0.5552554074446429,0.5942186314128036,0.0
5272,HON,0.5031061901009215,0.5427834195327383,0.593935860930607,0.052301208468086016
5273,HON,0.5046584033685102,0.5311843400645812,0.5908470427492912,0.03621350172616384
5274,HON,0.506588191589469,0.5287400752941052,0.5877727544096955,0.028917901044376238
5275,HON,0.5073978656022482,0.5208393257461988,0.5833634535001103,0.020099936493299362
5276,HON,0.5079705172268776,0.515429450031359,0.57850087924072,0.02595995264828201
5277,HON,0.5089521892656377,0.5073670996229003,0.5726210672136973,0.03648633071958044
5278,HON,0.509920431280158,0.5022074140892613,0.5666438298966452,0.06132034331310381
5279,HON,0.5106839582445355,0.49203487136892826,0.5593515012423544,0.0
5280,HON,0.511514609724729,0.49105504523259597,0.5532758215381248,0.0
5281,HON,0.5116740216799478,0.49520400260658326,0.5494392222059414,0.0
5282,HON,0.5118502251343009,0.49012115105373183,0.5451155173332741,0.0
5283,HON,0.5119928614657239,0.48530851581547846,0.5404688162261476,0.0
5284,HON,0.511934128858667,0.47867777993460303,0.5351150188895559,0.0
5285,HON,0.5123704282253709,0.476356515187267,0.5302591030904493,0.0
5286,HON,0.5127731661023276,0.47793441592630553,0.5267637894133483,0.0
5287,HON,0.5138765021261724,0.5028498144751815,0.5301165492460889,0.09663033183456352
5288,HON,0.5159699000491069,0.5298328844297439,0.539458060095217,0.05995773232429703
5289,HON,0.5168844475720507,0.5348497834287708,0.548169417381241,0.038457273664792437
5290,HON,0.5172199815564995,0.5306891028717738,0.554111665548856,0.03126160071071405
5291,HON,0.5171318862306693,0.5218194424851191,0.5566764709116765,0.02634739173290896
5292,HON,0.5181471269286835,0.5159122331465611,0.5572704419193402,0.0421221669064786
5293,HON,0.5188686994703398,0.5062882400926281,0.5553704595697586,0.0812057419874836
5294,HON,0.5189358198892942,0.4979320891387821,0.5517882123882285,0.0
5295,HON,0.5194266536041896,0.4907636971808372,0.54715328703711,0.0
5296,HON,0.520095781709148,0.48837980672075154,0.5428570130759269,0.0
5297,HON,0.5204481732546244,0.4792490878151611,0.5371665726414708,0.0
5298,HON,0.5195671861972109,0.4589802933341749,0.5276119709659001,0.0
5299,HON,0.5211445762152933,0.46654860094186446,0.521836114654713,0.0
5300,HON,0.5210858374629446,0.46040117442531736,0.5156982717802099,0.04303948591566888
5301,HON,0.5197979193907867,0.44630795569547227,0.5073098530854417,0.03343590534740444
5302,HON,0.519042790992569,0.43379362784069586,0.49751063705786325,0.03804879716380565
5303,HON,0.5181114647731819,0.4217158665534312,0.4866905258727118,0.021336103844193387
5304,HON,0.5167836007646729,0.4054262160302151,0.4740142228235671,0.07778058763639806
5305,HON,0.5155208445918866,0.3971425130917036,0.46182879893391693,0.04846976901355116
5306,HON,0.5149503002904132,0.40314149416847667,0.45356098196613376,0.13798594788243065
5307,HON,0.5081247302647998,0.3583678100605194,0.4358967800858312,0.0
5308,HON,0.506502451754181,0.39395951528126216,0.43054929488415167,0.0
5309,HON,0.5045054622831908,0.40283615940117024,0.4284620234487293,0.0
5310,HON,0.5025254153011653,0.4034043765089868,0.4269324397833646,0.0
5311,HON,0.5010193398640408,0.40529794180884293,0.4261760964384538,0.0
5312,HON,0.5001215684770002,0.4163483815181239,0.4282982216787201,0.0
5313,HON,0.4971849432452635,0.3970225871599019,0.42522640082555074,0.0
5314,HON,0.49602707184901096,0.4033555145608294,0.42433188277093004,0.0
5315,HON,0.4945587525757431,0.4051004462251233,0.42404690978710513,0.08115161446830779
5316,HON,0.4929058527904848,0.408492316602886,0.42465603009053526,0.050766134493079346
5317,HON,0.4925115068222876,0.41968752258146436,0.42790625392799964,0.03436045596846842
5318,HON,0.492330100865884,0.4185417244720327,0.4302236550642213,0.016568718501399644
5319,HON,0.4916337025141848,0.43546023339199336,0.4362529895605791,0.049282120080696025
5320,HON,0.4910631633337874,0.438481827139942,0.4418221732045355,0.056338858430898
5321,HON,0.49090794349214084,0.43673588434176097,0.44584662911643297,0.06489297871846195
5322,HON,0.4908240346466983,0.4348481350728497,0.4486003056294261,0.0
5323,HON,0.4910086177192263,0.43426063833892237,0.4506582552299224,0.0
5324,HON,0.4933936686547482,0.4528648186798524,0.45689604479016843,0.0
5325,HON,0.49532052280589234,0.46595790196359244,0.4651175918044099,0.0
5326,HON,0.4944814845380159,0.455196688361308,0.469039009230688,0.0
5327,HON,0.4977789009056037,0.445638309066553,0.4698171772031686,0.0
5328,HON,0.495067552052713,0.4367341718793256,0.4682422096871425,0.0
5329,HON,0.49430411206470515,0.4333082805193867,0.46613674075506767,0.0
5330,HON,0.49429572169226876,0.4328237346464175,0.46433278181917687,0.0
5331,HON,0.49383425120825564,0.4281966849196888,0.46174767914944,0.0
5332,HON,0.49257569073379504,0.42444679676581487,0.45875414111071505,0.04789014436488697
5333,HON,0.4939265360871201,0.42430573887486345,0.4563244982126748,0.02788399968619187
5334,HON,0.4930791130799914,0.4193500994254565,0.4531577538749245,0.043265638141537104
5335,HON,0.4918457273075951,0.4075019875147756,0.44770029649769083,0.032075704895888894
5336,HON,0.4905536027828492,0.39952171225316324,0.44136483376163727,0.02588851308856007
5337,HON,0.48838897477672694,0.3915864756578484,0.43433808208327285,0.030918427856344247
5338,HON,0.4867664511713672,0.38218649146769845,0.42639680598717383,0.07708416149898605
5339,HON,0.4842073850176627,0.38197181224222976,0.41999080322169025,0.0
5340,HON,0.48252931053034054,0.38260282007315,0.415021730966561,0.0
5341,HON,0.4811280282844099,0.38289552746031,0.41111871205816974,0.0
5342,HON,0.47928214634835564,0.37795837378826524,0.4067778291206841,0.0
5343,HON,0.4768321575968657,0.3684826757386389,0.40096656216978793,0.0
5344,HON,0.47273765584780003,0.3614160066788594,0.39457352576702764,0.0
5345,HON,0.46918726975124914,0.3618763611419063,0.38957271010148453,0.0
5346,HON,0.4679361813172256,0.36960755939046364,0.38748008329203054,0.0
5347,HON,0.46536872735162405,0.3599385651609629,0.3834197165965571,0.0
5348,HON,0.46279288250147665,0.35182512383951353,0.3781690616080592,0.05468610640812851
5349,HON,0.46007439978358455,0.34829875326075155,0.3730982448687474,0.056541781842868906
5350,HON,0.4575321179595071,0.35078894367540236,0.369656159518825,0.03943639008453973
5351,HON,0.4548975440870575,0.3483354601215411,0.36629698228915214,0.047808624376492616
5352,HON,0.4526992706055277,0.35236061893675313,0.3646030319968219,0.04103961652296212
5353,HON,0.45061007606253467,0.3604231651775831,0.3652376727130361,0.05983216524539927
5354,HON,0.4486383334188542,0.3640124688604111,0.3666312096478005,0.07640614310088888
5355,HON,0.44830272364246726,0.37884735852358004,0.3714072247149699,0.0
5356,HON,0.44669639042423226,0.3770647771471731,0.3747881035254821,0.0
5357,HON,0.44598311914827393,0.3848073078835692,0.37940362910502634,0.0
5358,HON,0.44514408139250516,0.38627974629819606,0.38345944089304496,0.0
5359,HON,0.44422953079691485,0.39364328327403597,0.3885213788614484,0.0
5360,HON,0.44320590535964843,0.39878813202295577,0.39384065527839424,0.0
5361,HON,0.4425767113306276,0.4070995220615034,0.40014729091679585,0.0
5362,HON,0.4415866473831076,0.4038994143061118,0.40440282690878293,0.0
5363,HON,0.4427193476620497,0.42060413561349336,0.41192990744728825,0.0
5364,HON,0.44238373481301574,0.416083126710927,0.41683580676606347,0.04439639927087821
5365,HON,0.44090946331203584,0.4044431182365196,0.4178878233268041,0.04044881574685677
5366,HON,0.43901416310654584,0.39722755708514534,0.416948667820032,0.03385249001927992
5367,HON,0.43893865538780075,0.3970639346829153,0.4161569621254177,0.023100398001620757
5368,HON,0.4393162195869098,0.401335081309121,0.4165776977709393,0.025848848793131634
5369,HON,0.44002940636509846,0.4109183787530004,0.41927940194550267,0.02644885343889441
5370,HON,0.4407006387205654,0.4224696862783546,0.42429157717534727,0.05984860072693039
5371,HON,0.44135508469797546,0.42609988892271117,0.42919723540483207,0.0
5372,HON,0.4414473793068856,0.42735426951846667,0.4334313376022073,0.0
5373,HON,0.44192562695101856,0.4369576848531809,0.4391887000252255,0.0
5374,HON,0.4427456185613563,0.44492531732655083,0.4457609666133761,0.0
5375,HON,0.44256942074018735,0.4504821983652831,0.45239019368297007,0.0
5376,HON,0.4429004209328111,0.4466149942562135,0.4567391663739679,0.0
5377,HON,0.4418684051231083,0.43580539519784295,0.45755058302390667,0.0
5378,HON,0.4412978597974191,0.4276213209977986,0.45617992282797165,0.0
5379,HON,0.4420278211751887,0.4423348006915733,0.4587146167441425,0.034798297196457474
5380,HON,0.4422669488380624,0.44687605000248526,0.4618631322328628,0.03597507767408571
5381,HON,0.4419793312340934,0.44793443036753106,0.4646431482427712,0.021467587696442355
5382,HON,0.442772223477784,0.45137027167957633,0.46771511157436796,0.02471304744945432
5383,HON,0.4415346384223069,0.4487098861045399,0.46951611078111855,0.02255232947749632
5384,HON,0.44176536854323656,0.44606860335746407,0.47030505318191124,0.03791030083943674
5385,HON,0.4430466619902824,0.447989154571268,0.4714101906947943,0.04968906260340657
5386,HON,0.44439751092836133,0.45172464593731404,0.47321620354412275,0.0
5387,HON,0.44486736615162714,0.4490965368731305,0.4740124080659727,0.0
5388,HON,0.44511069002493464,0.448163688062583,0.474419148700035,0.0
5389,HON,0.44896186790069237,0.4958218097180107,0.4865063560132183,0.0
5390,HON,0.4536185210182566,0.5457660976871096,0.5085021524604795,0.0
5391,HON,0.45891284602575766,0.5856156858905284,0.5359334927131794,0.0
5392,HON,0.46242002170426,0.5922848922173837,0.5595244957030898,0.0
5393,HON,0.4665816464328185,0.6119941395730397,0.5832614536535947,0.0
5394,HON,0.46759142841106227,0.588594257981247,0.5964760321587629,0.20430771779533136
5395,HON,0.4699071737641054,0.5833894736819183,0.6057631770904528,0.07542899893892531
5396,HON,0.4726759920592172,0.5749366051265222,0.6111067622552784,0.07778146419541306
5397,HON,0.4757846250469808,0.5630923520522797,0.6124585208239656,0.04548574298676089
5398,HON,0.47960224092088444,0.5610352937783606,0.6130322547446403,0.06451803059979866
5399,HON,0.4821067676053201,0.5634931718974987,0.6140978353902965,0.08340042662127259
5400,HON,0.4849888584888644,0.5615188161765399,0.6144630375988595,0.15684511509000726
5401,HON,0.48850676948092886,0.5636885009250179,0.6152906680185317,0.0
5402,HON,0.49159861967538854,0.5616350244627017,0.6154459833953441,0.0
5403,HON,0.4957644447112428,0.5661238567753099,0.6166780597679461,0.0
5404,HON,0.49994704844353866,0.5679442763521951,0.6181129924107023,0.0
5405,HON,0.5033031969060744,0.5621935070524494,0.6178416739558104,0.0
5406,HON,0.5060971909274654,0.5519661993998365,0.6151005646468382,0.0
5407,HON,0.5102755964008967,0.5536356413362624,0.6133196881267269,0.0
5408,HON,0.5143365366602168,0.5534887218855314,0.6118587278364054,0.0
5409,HON,0.5162054864872867,0.5746281668989057,0.6159070816540938,0.14975068470216057
5410,HON,0.517076997503954,0.591096614497982,0.6232101051411725,0.05845728243038258
5411,HON,0.5183355533694458,0.6087813581806361,0.6334170408874554,0.05287820343970523
5412,HON,0.5220273187778774,0.6266090386328739,0.6459823826071447,0.04397959545924899
5413,HON,0.5249975075477908,0.6461323152210432,0.6608529147740272,0.09191356777488562
5414,HON,0.5317091397570781,0.6664639187959162,0.677767090843652,0.08917936106736837
5415,HON,0.5377082509281772,0.6862042236337467,0.6961702521079263,0.23628524808154103
5416,HON,0.5439506926299842,0.6990024725052126,0.7140513326492355,0.0
5417,HON,0.550516159061631,0.7062159093549503,0.7301364415693472,0.0
5418,HON,0.5561964447859693,0.7069861926052641,0.7431946312236138,0.0
5419,HON,0.5615956499610353,0.706670411317698,0.7535632495141826,0.0
5420,HON,0.5657069324549742,0.6856534812466388,0.756671258245588,0.0
5421,HON,0.5693986963270823,0.666525669537514,0.7544370054323237,0.0
5422,HON,0.5730485083370076,0.6461178407524173,0.7476130407989778,0.0
5423,HON,0.576866127795665,0.6372490995781352,0.7399651027786003,0.0
5424,HON,0.5796852929343657,0.6159806036357922,0.7285977811106983,0.0
5425,HON,0.5839895586033164,0.6091635104739171,0.7178214951682061,0.3243513791998682
5426,HON,0.5890321709013948,0.6063011110497786,0.7084940388262613,0.14900144588409522
5427,HON,0.5932273571196998,0.6030954068413219,0.70024092005397,0.08338881221432394
5428,HON,0.5972631252374936,0.596679157270245,0.6920549228631121,0.09688321911038902
5429,HON,0.5995222371129127,0.5913943404578151,0.6842018555657613,0.0664742911815095
5430,HON,0.6016628728736335,0.5855672220717087,0.6764812945400825,0.08493725371430925
5431,HON,0.6038485613086166,0.5863799755102527,0.670505429693372,0.11518401822541503
5432,HON,0.6055434150044876,0.5854369220015035,0.665491996357954,0.0
5433,HON,0.6055937603117543,0.5712662702111075,0.6579839951556901,0.0
5434,HON,0.6060384439056019,0.5707182150018878,0.6518423365787996,0.0
5435,HON,0.60543098350173,0.5627426759101691,0.6449606817489191,0.0
5436,HON,0.6053722508946731,0.5617253775427611,0.6392042931224051,0.0
5437,HON,0.6049737082039353,0.5556586759953785,0.6331019469629711,0.0
5438,HON,0.6060225047585113,0.5648639832255673,0.6304918993713764,0.0
5439,HON,0.608023614217827,0.5840435873541829,0.6331373032378168,0.10905906210815072
5440,HON,0.6115140071030254,0.5973184703681536,0.63852980907081,0.09882764614539748
5441,HON,0.6147610848207474,0.6031853901072353,0.6442917437238557,0.08593039507829645
5442,HON,0.6171691227342699,0.5931552032949765,0.6464258854576203,0.09346222841462469
5443,HON,0.6192415401171432,0.5890498210348102,0.6471200085598624,0.066761145119166
5444,HON,0.6227487204046156,0.589037725089518,0.6476723218155606,0.08198105843624501
5445,HON,0.6257021222843635,0.5926296164147863,0.6490006354006851,0.12676204797495144
5446,HON,0.6286639252908097,0.5982102211599962,0.6514405549742708,0.0
5447,HON,0.6314914808019472,0.6001232845813934,0.6538646262711565,0.0
5448,HON,0.6344868447860326,0.5997367321631056,0.6557084838720367,0.0
5449,HON,0.637322792205929,0.5972550839464049,0.6565711100880962,0.0
5450,HON,0.6400664409200543,0.592465375323137,0.6560791320396896,0.0
5451,HON,0.6420675483309397,0.5852270563627695,0.6538991643184378,0.0
5452,HON,0.6442993873990774,0.5807191821636409,0.6510426666164442,0.0
5453,HON,0.6469926974633369,0.5692691557613893,0.645931652300364,0.05074071428164455
5454,HON,0.6490818971274064,0.5637279782066106,0.6404753025991963,0.03771438989958578
5455,HON,0.6523910584800827,0.5663538709227538,0.6367582816109271,0.03350011329525269
5456,HON,0.6552353983208472,0.568101930736619,0.6342160782937386,0.0314774533681561
5457,HON,0.6585704919877067,0.5699354203738549,0.6326348128180698,0.03204787414716286
5458,HON,0.6606009605810432,0.5697321968109773,0.6313196457560715,0.04436856852215218
5459,HON,0.6618888730200165,0.572699544586626,0.6309998404859737,0.09063401075274943
5460,HON,0.6626859604499251,0.5675946847146459,0.6294841393066148,0.0
5461,HON,0.6637263630473109,0.5622789940621435,0.6269596892905283,0.0
5462,HON,0.6661008374226558,0.5597375073840052,0.6243129015439239,0.0
5463,HON,0.6685843922728614,0.5631707351608761,0.6230427768613248,0.0
5464,HON,0.6704890022070034,0.5625101913705509,0.6218636578131173,0.0
5465,HON,0.6729977281745185,0.573043839829098,0.6235200206831104,0.0
5466,HON,0.6745499470752918,0.5729695983513983,0.624826788508951,0.0
5467,HON,0.6770334973165282,0.5817587515251146,0.6280413271148433,0.0
5468,HON,0.6788709888801456,0.5793250021068903,0.6300123193476991,0.0
5469,HON,0.6805071115052845,0.5730895758651589,0.6300502373633111,0.11446282929582946
5470,HON,0.6823571840185876,0.5681655738141621,0.6288653497272569,0.08099054674930281
5471,HON,0.6847987772765642,0.5680974333247839,0.627900622845343,0.09904503278111576
5472,HON,0.6871312951807571,0.5681119239005278,0.6271324175501702,0.05527077127112891
5473,HON,0.6894050917442627,0.5596539820625263,0.6244304704696728,0.042552119103332724
5474,HON,0.6899504736342577,0.5361171717397444,0.6164601315414959,0.08666933432793562
5475,HON,0.6902525275540832,0.5220796831001592,0.6066194699449428,0.15781699989788087
5476,HON,0.6904455025353715,0.5099863880878853,0.5957623686496024,0.0
5477,HON,0.6900847958972895,0.4950870104236114,0.5833995867389425,0.0
5478,HON,0.6896568884393455,0.4818318892334221,0.5702380556017628,0.0
5479,HON,0.689136689445137,0.4744831731719668,0.5578951998905125,0.0
5480,HON,0.6889185397617852,0.46598884510931243,0.5459245525169492,0.0
5481,HON,0.6889185397617852,0.4617564889981673,0.5353035077453869,0.0
5482,HON,0.6889185397617856,0.46120932431185413,0.5266716340901944,0.0
5483,HON,0.6883312136912232,0.46037903861281115,0.5195612243074302,0.0
5484,HON,0.6872215869364813,0.4513700422327248,0.5116495157996215,0.0
5485,HON,0.6860637114433676,0.4560585882302662,0.5064772615235511,0.050928078771099325
5486,HON,0.6858581411733784,0.46400504697632833,0.5043006091696617,0.04791731769435176
5487,HON,0.6851952961177017,0.4749098198798126,0.5052505372757727,0.0383921891579292
5488,HON,0.6853547096092436,0.48507966582653406,0.5085203530094448,0.05762214082884791
5489,HON,0.6864092161645932,0.5003830078910618,0.514913003107963,0.03901980541266426
5490,HON,0.6873027928775226,0.5112586610599094,0.5227111865535716,0.05811673925305776
5491,HON,0.6873531458664037,0.51424122696193,0.5296858174562129,0.08415185683687543
5492,HON,0.6871937344232921,0.5147778271994283,0.5353979527567677,0.0
5493,HON,0.6877307121139431,0.5155759467554202,0.5401646333931956,0.0
5494,HON,0.689593370185901,0.5154779036656795,0.5439537812990209,0.0
5495,HON,0.6905330929230167,0.509119780338661,0.5454159427520284,0.0
5496,HON,0.6914979857532271,0.5034885687954732,0.5451959136737954,0.0
5497,HON,0.6932851350822249,0.5034545089240385,0.5450114845847471,0.0
5498,HON,0.6952484822323917,0.5038353015573579,0.5449579192605403,0.0
5499,HON,0.6969181663472779,0.5034448202455605,0.5448186979309093,0.0
5500,HON,0.6996534277616115,0.5126792431202647,0.5469863358161617,0.0
5501,HON,0.7015077010943176,0.5113815947127066,0.5484001922049317,0.10698117896310957
5502,HON,0.7033871388869333,0.5128659030401175,0.5498975980825977,0.07063509768592803
5503,HON,0.7051351068563654,0.5114830862798112,0.5507542496904434,0.05864902971491233
5504,HON,0.7076123638061667,0.510087266757175,0.5510950888578807,0.05159952297658404
5505,HON,0.7085017412360166,0.5012846939717849,0.5491953239454743,0.0736381888712944
5506,HON,0.7092755871704011,0.4967789001423147,0.5465635019166386,0.051719611561638096
5507,HON,0.7101314087436892,0.4985240238043659,0.5448887331376437,0.10525742566012564
5508,HON,0.7108194228682452,0.49926301443166965,0.5437312977509032,0.0
5509,HON,0.7106039535565567,0.4963264712959742,0.5420806235116599,0.0
5510,HON,0.708598657104746,0.4717818204978692,0.5347025722600439,0.0
5511,HON,0.7083595258571176,0.4683593864603934,0.5279554895914745,0.0
5512,HON,0.7088209963411316,0.4726897400816629,0.5236265356837988,0.0
5513,HON,0.7090139749071733,0.47376319511620135,0.520428296538717,0.0
5514,HON,0.7086364081475263,0.46760706296400034,0.5163503988845093,0.0
5515,HON,0.7095509587431166,0.47233556867633625,0.5142550551731732,0.0
5516,HON,0.7103899959867777,0.4749162329036937,0.5132156767846688,0.0
5517,HON,0.709467055018751,0.46079505522660574,0.5088991295334944,0.0
5518,HON,0.709785893268204,0.4653169714947896,0.5065618807784272,0.11839573045634977
5519,HON,0.711631687633842,0.4866758274214148,0.5099633534726564,0.13508913947763218
5520,HON,0.7127643884248922,0.5047045881747017,0.5171339504845736,0.09498919421874268
5521,HON,0.7145599276142192,0.5182302253230775,0.5262084958514069,0.049773431408599654
5522,HON,0.7163261102300642,0.5309028447240436,0.5365956788740106,0.07322532957523264
5523,HON,0.7180685310489694,0.5377991160476487,0.5466073947223233,0.08910638752937021
5524,HON,0.7202835888601267,0.5481817849401817,0.5571791644167063,0.08671316227868528
5525,HON,0.7230859793992459,0.5551221705546124,0.5673494368153869,0.0
5526,HON,0.7256473126537055,0.5594850441710735,0.5765623927532889,0.0
5527,HON,0.7277952500459084,0.562572933884683,0.5846948351032107,0.0
5528,HON,0.7298508912928772,0.5625420615323062,0.59119316982237,0.0
5529,HON,0.7323596126514245,0.5636417580383482,0.5966632378585032,0.0
5530,HON,0.7365464084972921,0.561346119646926,0.6004727388295015,0.0
5531,HON,0.7392690843529723,0.5570120949727997,0.6024507213794219,0.0
5532,HON,0.7417022923595886,0.5561931643556899,0.6038309989450253,0.0
5533,HON,0.74494097612012,0.561810518152233,0.6063215592072269,0.0
5534,HON,0.7466400296111795,0.5399951685121578,0.6029300750780595,0.107817416263413
5535,HON,0.7471686189778248,0.517781981123305,0.5947347708292411,0.07722463008113868
5536,HON,0.7484859084745872,0.5080679398129915,0.5857811447608657,0.06459976972794676
5537,HON,0.7514072677760053,0.5029146296750344,0.5773464296303444,0.05389610759586597
5538,HON,0.7529678775613227,0.4978831900716898,0.5693569203620155,0.06523549415357051
5539,HON,0.7532112823476456,0.49580181952638264,0.5624516398514334,0.10375062071335249
5540,HON,0.7533287470496504,0.4938716926868106,0.5564510686283964,0.12561134512801925
5541,HON,0.7537650459042466,0.49565570655302754,0.5520908984253747,0.0
5542,HON,0.7539706064441898,0.49665636827559856,0.5488497211747954,0.0
5543,HON,0.7547173557363407,0.5012011958661458,0.5473784228337909,0.0
5544,HON,0.7540964692002463,0.4939776938987339,0.5444186556471514,0.0
5545,HON,0.7528295229623194,0.4800980400921741,0.5386254043864007,0.0
5546,HON,0.7516716515660669,0.47029439259778866,0.531571306296373,0.0
5547,HON,0.7505305609146884,0.4634981121883566,0.5242507357119406,0.0
5548,HON,0.7494649836152387,0.45774571259939845,0.5169746123270907,0.0
5549,HON,0.7482064277497469,0.4532737996087019,0.5100500651622888,0.0
5550,HON,0.7469478718842546,0.4478706946136225,0.5031769648825816,0.0
5551,HON,0.7453956591287754,0.43892086267231656,0.49546970550048147,0.13256684091198953
5552,HON,0.7442923256654681,0.44114216400060124,0.48985210539249024,0.19046334471253026
5553,HON,0.7430169880308881,0.4484175514149384,0.4871535589200223,0.05370633256911996
5554,HON,0.743809871568748,0.45366325232522875,0.48628933765411103,0.09897534633942381
5555,HON,0.7456683487935032,0.46624296587925246,0.4887025786161289,0.048713671559472996
5556,HON,0.7470569544075465,0.478816456056004,0.4937362534583522,0.10182635453568888
5557,HON,0.7479532196858627,0.48563319955530515,0.4994455356451162,0.09567926530329599
5558,HON,0.7487503004583718,0.4890034625009269,0.5048447274658029,0.0
5559,HON,0.7498410524598849,0.4970803352409222,0.511157417589411,0.0
5560,HON,0.750763993427912,0.5011089494094086,0.5172018139456959,0.0
5561,HON,0.7509485816215169,0.49874332614234973,0.5214535056133285,0.0
5562,HON,0.7513177580087276,0.49864158375101386,0.5248297493727547,0.0
5563,HON,0.7512590254016711,0.4972373511242193,0.5271841859443545,0.0
5564,HON,0.7515610788093898,0.4896666526276061,0.5271993201114944,0.0
5565,HON,0.7533566185108236,0.49323402695143737,0.5280918397376527,0.0
5566,HON,0.754782981825048,0.49258216035837604,0.5286449776305702,0.0
5567,HON,0.7561170510424682,0.49161012568629786,0.528847594063215,0.0
5568,HON,0.7574909683836712,0.4905719728078806,0.5287534756451305,0.2007821974370291
5569,HON,0.7580866822661312,0.4802122926247366,0.5261214574072942,0.18470785822008556
5570,HON,0.7573818966146417,0.4545026425062208,0.5176708142486387,0.1118778567606148
5571,HON,0.7572644191099442,0.43651617915704743,0.5064713196784756,0.15642042224724312
5572,HON,0.7559177679186222,0.4171421508535437,0.49273029905141835,0.1597158458641097
5573,HON,0.7547934610847626,0.410402252916601,0.48007410538358114,0.1743769528091306
5574,HON,0.7537698346232808,0.40629172198922797,0.4689346894961211,0.15591092231977838
5575,HON,0.7520623881992465,0.4039904057605911,0.45945520206299345,0.0
5576,HON,0.7492222471294538,0.39221312354002236,0.4489650306654415,0.0
5577,HON,0.7464114672421132,0.3812859407701631,0.4378761129017231,0.0
5578,HON,0.7437349384348337,0.3735317776927685,0.42709128534901897,0.0
5579,HON,0.7408738214339508,0.37202492603639925,0.418091538945773,0.0
5580,HON,0.7344971383821273,0.3283762577556466,0.40011944247500486,0.0
5581,HON,0.7276925463360375,0.28556237223791103,0.3751754866644382,0.0
5582,HON,0.7207033660963416,0.25401588583135476,0.34743478792434584,0.0
5583,HON,0.7149140091150805,0.24495871214092224,0.32300695830238324,0.0
5584,HON,0.7058440134384592,0.19545279210555427,0.2912468512860337,0.46934716952519867
5585,HON,0.697101241774758,0.1733892935499008,0.2603935912731145,0.24166995011064366
5586,HON,0.6873180695621017,0.14399189747837599,0.2284558352133056,0.24594821552307125
5587,HON,0.6774090340812817,0.12298184613892404,0.19772044210511408,0.11047317093908834
5588,HON,0.6672000520037908,0.10689651930060284,0.1691623397042758,0.16728668607660513
5589,HON,0.6571525886925662,0.09103109333042358,0.1424003404363695,0.16148342711784328
5590,HON,0.6482671745521507,0.07919151779697348,0.11806878585536529,0.21265365531683444
5591,HON,0.6396418778326076,0.07942650521642014,0.09866153605211692,0.0
5592,HON,0.6313102339061927,0.08187224152435074,0.08373933317303289,0.0
5593,HON,0.622298971860844,0.08800755862750537,0.07331574014535569,0.0
5594,HON,0.6131262018034889,0.095747606958614,0.06688707560764201,0.0
5595,HON,0.6032675141904735,0.09815458435748847,0.06233817541270714,0.0
5596,HON,0.5942982060557371,0.10407398102952442,0.060159936319649776,0.0
5597,HON,0.5853456786658748,0.11049389299331719,0.06000175108064243,0.0
5598,HON,0.5767035950561672,0.12308966861650178,0.06298378491220524,0.0
5599,HON,0.5687327412413876,0.14832207912269663,0.07159665990860337,0.0
5600,HON,0.5639502289525207,0.16589459552232716,0.0828237796625102,0.0
5601,HON,0.5605647152106719,0.18942601029169476,0.09761292513056358,0.23079272929359423
5602,HON,0.5564827944112922,0.20271561387801812,0.11272405721735723,0.15722269288571555
5603,HON,0.5502403603911006,0.20380931850160036,0.12508288437736148,0.06612125703822104
5604,HON,0.5475386594422966,0.20461686326392534,0.13516924460081636,0.09889667516782817
5605,HON,0.5435223652437315,0.20631493405319004,0.1436574091816067,0.12915877946169635
5606,HON,0.5413324775256685,0.21676773713339278,0.15302764667101176,0.082110789170464
5607,HON,0.5391769906418609,0.2265570048976933,0.16293978488982563,0.14268145538599494
5608,HON,0.537331111266345,0.2370849216328768,0.17346773900932022,0.0
5609,HON,0.5358921572723898,0.24540116484724242,0.18394251455220662,0.0
5610,HON,0.5349524396563514,0.2566547655344644,0.19509967413848694,0.0
5611,HON,0.5332475159772319,0.26390692359380247,0.2058152025187941,0.0
5612,HON,0.532450430595754,0.280489030828204,0.21848001635404762,0.0
5613,HON,0.5321148156982902,0.30089621961976354,0.2336482718573947,0.0
5614,HON,0.5312191434406812,0.31076563237397714,0.2482186039183645,0.0
5615,HON,0.5308080151912882,0.31812336428997584,0.261690725441893,0.0
5616,HON,0.5306066462528092,0.3278965207839789,0.2748803946973598,0.0
5617,HON,0.5284419301641639,0.3115560806957578,0.2813993813594584,0.22985546856681285
5618,HON,0.5261681438428121,0.3027379194698663,0.28443828728422915,0.13754876407370284
5619,HON,0.5229958246302804,0.2985149221745907,0.28582719486592717,0.09042100691210611
5620,HON,0.5208143252362238,0.3030209503500513,0.28805038886575585,0.07945240481774365
5621,HON,0.5183349686448824,0.31122834965176577,0.2918544941140043,0.1253115619448916
5622,HON,0.5166275375840783,0.3202567980585529,0.29712595966883293,0.1345540001989789
5623,HON,0.5151088822214827,0.31890595647489706,0.30100975035136684,0.19478872517201373
5624,HON,0.51383354970798,0.3193654472339885,0.3042301831957218,0.0
5625,HON,0.5130421640851215,0.32520888220403543,0.308248663520154,0.0
5626,HON,0.5112969650819839,0.32626968625677594,0.3117252495540947,0.0
5627,HON,0.5096105060602523,0.32814763648868095,0.31496998823853883,0.0
5628,HON,0.5085700998781131,0.33896315968878954,0.3202350027410779,0.0
5629,HON,0.5070430520946503,0.3405861158135851,0.3248475527763277,0.0
5630,HON,0.5047751344250342,0.3367454880520837,0.3275897427655371,0.0
5631,HON,0.502830246094228,0.33508083348201384,0.32937266533079823,0.0
5632,HON,0.5012528519792836,0.3482136782303349,0.3340401317036243,0.1930009830609353
5633,HON,0.498857406793924,0.3554680356619644,0.33956444830857585,0.16410740652922512
5634,HON,0.49764080074218553,0.3683578497029909,0.347165051003536,0.1297020269112383
5635,HON,0.4967010810777155,0.38070160374725104,0.3562919173650814,0.2013587541291408
5636,HON,0.4960214609103506,0.3967453668046919,0.367552940610295,0.13649075734260616
5637,HON,0.49681015796782235,0.4019053290036054,0.3778352151816726,0.1127230787908219
5638,HON,0.49680175940166293,0.39947189503428676,0.3854604740383192,0.1446467006976095
5639,HON,0.4962655339972124,0.39290390534940894,0.38993973015793637,0.0
5640,HON,0.494855953988401,0.3841640899671751,0.39136618705834186,0.0
5641,HON,0.4940001359998667,0.38762072108613926,0.39336043393524234,0.0
5642,HON,0.4923304467639036,0.3824273152938084,0.3936741217297982,0.0
5643,HON,0.4919948267453633,0.38500930394802546,0.39456229540873117,0.0
5644,HON,0.49105510503246297,0.3806494348672722,0.39419683783911746,0.0
5645,HON,0.48954483799387294,0.3752683187530745,0.392576435994647,0.0
5646,HON,0.48979655172751,0.38781104551031065,0.39437560431505236,0.14439863449636645
5647,HON,0.4896530707256592,0.39330780132487986,0.3971715141295804,0.08231480828120363
5648,HON,0.4889650622342878,0.3997735241839142,0.4010039539440932,0.12715211673662338
5649,HON,0.48712757067067036,0.3836956153524366,0.4001019486128802,0.1515791868074362
5650,HON,0.4859302604271045,0.37306970451810156,0.39675791629081114,0.07714815030708054
5651,HON,0.4849192215727083,0.36787883086117323,0.39280160564607147,0.07088798496175354
5652,HON,0.4829223216386258,0.3662111606070119,0.3892249834466036,0.23488691731287328
5653,HON,0.4812484361922307,0.36548626234546405,0.38618478398445877,0.0
5654,HON,0.4791845744287042,0.3673964189784945,0.38422404267017624,0.0
5655,HON,0.4773135193269096,0.37342999180179604,0.3841445088535827,0.0
5656,HON,0.4748047979683623,0.37706831226847215,0.38497880328876016,0.0
5657,HON,0.472296074561386,0.3727331263163057,0.38457633401171143,0.0
5658,HON,0.4705508806793244,0.3722264852978961,0.3841293218151297,0.0
5659,HON,0.46950208412474836,0.3757178823161513,0.38463337348547183,0.0
5660,HON,0.46906578475804483,0.3823018573173318,0.3866615108931995,0.0
5661,HON,0.4680421593207784,0.3908366843791916,0.3903903785988186,0.0
5662,HON,0.4677065500564992,0.3977254149135871,0.3950735811599341,0.12606671753630816
5663,HON,0.4666451658948372,0.4010122498544022,0.39963131961546383,0.08820046378737482
5664,HON,0.46635150695641725,0.4061054465142083,0.40453448891370314,0.09845861480008537
5665,HON,0.4669262428593557,0.4181147418078796,0.4114208656093039,0.06632571442846819
5666,HON,0.4666619440791715,0.4338672656540447,0.42081762056540023,0.09156820352297834
5667,HON,0.4666997120215055,0.4449278116696171,0.43106471863841367,0.09918966501858963
5668,HON,0.46643121395824183,0.45154083499104913,0.44089446216595085,0.21823426828578804
5669,HON,0.4680505558385071,0.45732403678445893,0.4501855257538632,0.0
5670,HON,0.46835261334308687,0.44740148876594843,0.4551695354163817,0.0
5671,HON,0.46968248635007415,0.4540750147193495,0.4608037399989792,0.0
5672,HON,0.47079840127517425,0.45818911426327885,0.4663264453371174,0.0
5673,HON,0.472040176395792,0.4624350035087671,0.4717924763983716,0.0
5674,HON,0.47341602966794794,0.4687211448083009,0.4777166932712488,0.0
5675,HON,0.47391106164170704,0.46660721616351786,0.48193435847788396,0.0
5676,HON,0.47461585292638286,0.4652820480941789,0.48498144499227464,0.0
5677,HON,0.47675539789771815,0.4730278393855969,0.4893307414255599,0.0
5678,HON,0.48020383636019526,0.49632933414437286,0.498560884989778,0.1110635334356862
5679,HON,0.48394594553956916,0.5205340647767349,0.5119186208995671,0.09872421218162829
5680,HON,0.48761253419750616,0.5408026004717487,0.5276069950881646,0.11625342022370662
5681,HON,0.4909519838523999,0.5543821857853831,0.5435090763662433,0.09274125862479285
5682,HON,0.4941654852292521,0.5618694610202624,0.5580785679847776,0.11811413587278323
5683,HON,0.49790339768608494,0.5699591309688612,0.5717306562414604,0.0670293721777539
5684,HON,0.5018049157480311,0.5788255828121174,0.5848405281636796,0.15471135130776031
5685,HON,0.5050142378140037,0.5836332167512013,0.5965149286118101,0.0
5686,HON,0.5077369131575762,0.5860994880813192,0.6064631138869843,0.0
5687,HON,0.5105686582217475,0.5863061760074714,0.6144726717782053,0.0
5688,HON,0.5135925525447629,0.5850776949547353,0.620577134370696,0.0
5689,HON,0.515715316771225,0.5725339186726359,0.6223649556305866,0.0
5690,HON,0.5195161554850092,0.5667935361866602,0.6223785114893555,0.0
5691,HON,0.5223017591339634,0.5633715199139119,0.6215448176115913,0.0
5692,HON,0.5247181863957073,0.5539626171073484,0.618555786680669,0.0
5693,HON,0.5270171469070153,0.5451323384331427,0.6139852879980765,0.09994241007271495
5694,HON,0.5283176490015054,0.5284181144957009,0.606203892099784,0.08384002096729164
5695,HON,0.5301635309375592,0.5140562146817369,0.5964343216761859,0.0680080503179937
5696,HON,0.5319171208252413,0.5015023913933129,0.5855204369662351,0.05728203593103058
5697,HON,0.5326294626257368,0.4877186928007153,0.5733875730115938,0.0473972990587071
5698,HON,0.5318407783709573,0.47622581158583227,0.5608448893141298,0.056478450454035656
5699,HON,0.5309681724680422,0.47240618704364734,0.5498680758193154,0.14930561186229782
5700,HON,0.5299542839596638,0.46959522474068244,0.5403928918907781,0.0
5701,HON,0.5293333149742323,0.4705528203404191,0.5330490751300921,0.0
5702,HON,0.5304660208863585,0.4898546877775034,0.5319376377080287,0.0
5703,HON,0.5290900003188619,0.47833993115755924,0.5282066964828744,0.0
5704,HON,0.5280579855333745,0.4769609266835025,0.5248816112639423,0.0
5705,HON,0.5286662854865982,0.4943094388531242,0.5265030795868749,0.06621986992740776
5706,HON,0.529824157394958,0.514121282975145,0.5326897302344765,0.07192451599698288
5707,HON,0.531728768353315,0.5375729828724709,0.5434268271376823,0.18191974313314624
5708,HON,0.5329252303416983,0.546733430239324,0.5542772627792392,0.18471377499343675
5709,HON,0.5340411442425825,0.54181310898503,0.5617432976483775,0.11115316159496925
5710,HON,0.5337718093953487,0.5260062874893842,0.5638150715230024,0.09037367272529648
5711,HON,0.5336459589298768,0.516859882119718,0.5632151980068538,0.4563179963263412
5712,HON,0.5333942477567781,0.5020070074833204,0.559069675062289,0.0
5713,HON,0.5337046930732567,0.4961546507361954,0.5543089208023475,0.0
5714,HON,0.5344010996186794,0.48689813897030393,0.5482158510042474,0.0
5715,HON,0.5390158044588151,0.5252109929665291,0.5527968390174669,0.0
5716,HON,0.5437815339543786,0.5555862652677706,0.5639581130299368,0.0
5717,HON,0.549135431425551,0.5817789386422412,0.5793513688233481,0.0
5718,HON,0.5564602204174189,0.6238529203639318,0.602049647089545,0.0
5719,HON,0.5598583253511071,0.6138614060253006,0.6177424079102256,0.0
5720,HON,0.5652687736252382,0.6284115773539909,0.6338875348534785,0.30155865341251
5721,HON,0.5714021338279691,0.6497143326740829,0.6520610627234233,0.1214417730334508
5722,HON,0.5763146927927418,0.6684707190153727,0.6712288786706568,0.06933976260152197
5723,HON,0.5839583225946012,0.6868052634942756,0.6910880163635057,0.07097914709931281
5724,HON,0.5912789174244666,0.7026148590168877,0.7108770651561246,0.0974006080689887
5725,HON,0.596445968819217,0.7053793991358968,0.7273905805320875,0.0902507353234437
5726,HON,0.6014046820018994,0.7088947818661231,0.7414689738286815,0.1701186291142941
5727,HON,0.6055327488254649,0.7075313120804045,0.7523951901199022,0.0
5728,HON,0.6100383839450014,0.6997799605453188,0.7592231636874252,0.0
5729,HON,0.6154753509171087,0.6908844228538528,0.7624901629651628,0.0
5730,HON,0.6227506467489121,0.6920141606464092,0.7653825767055373,0.0
5731,HON,0.6302264634688544,0.6966177392221118,0.7688326506420231,0.0
5732,HON,0.6371569111014934,0.6840366833272161,0.7684877605326418,0.0
5733,HON,0.643667840112303,0.6729263687466964,0.7654698716740724,0.0
5734,HON,0.650238844189758,0.6582466493843969,0.7594326704156155,0.0
5735,HON,0.6532425990583879,0.6481525824831313,0.7521117380951801,0.06892646502595272
5736,HON,0.6567539637778164,0.6452068571249023,0.7455280001768463,0.11328802107598496
5737,HON,0.6604334795702389,0.6462614682122044,0.7405212832199429,0.14417949474261815
5738,HON,0.6623716561152033,0.6473031952354619,0.7367730033018468,0.10395332498556964
5739,HON,0.6678170108992099,0.6463912238208617,0.7335493088334453,0.08874173897913307
5740,HON,0.6710473094083813,0.6414772395578796,0.7297576035562001,0.1216650764425203
5741,HON,0.6729015873500566,0.631101259373574,0.7241634930624422,0.17663453055224532
5742,HON,0.6743741018095433,0.6207334711220045,0.7171294801284421,0.0
5743,HON,0.6754132489237099,0.6116666350451321,0.7092646145168789,0.0
5744,HON,0.6760215560464409,0.6017667858065054,0.7005294827788544,0.0
5745,HON,0.676379566949628,0.5825765287884458,0.6888053063624593,0.0
5746,HON,0.6767571301245217,0.5705216517928858,0.6764508746087934,0.0
5747,HON,0.6781163704592519,0.5701507024162471,0.6664757805312834,0.0
5748,HON,0.6793581455798701,0.5633527886279894,0.6568180100461553,0.0
5749,HON,0.6810194393223186,0.5617224324695939,0.6486894289290899,0.0
5750,HON,0.681900431500809,0.5607841953165297,0.6419550112327869,0.2825068623613886
5751,HON,0.6828569288375057,0.566156389736779,0.6378933110296985,0.11687270916779925
5752,HON,0.6849461264531449,0.5690656082303583,0.6353619331955889,0.0882234734615184
5753,HON,0.6871863569179344,0.573188678696493,0.6343543865845042,0.05421232626052473
5754,HON,0.6899370530327986,0.577620043727702,0.6346419906945024,0.06660073481942226
5755,HON,0.692210836793612,0.577775366005657,0.6349104068375336,0.1846368569398711
5756,HON,0.6940525296887401,0.5785496015997418,0.6353162176911947,0.22334044368787662
5757,HON,0.6958854885871704,0.5831750041116047,0.6367823953697641,0.0
5758,HON,0.6968503809052726,0.5774629172507733,0.6365456195993067,0.0
5759,HON,0.6979159551320762,0.5732465970510972,0.6353156297026475,0.0
5760,HON,0.7001729596843393,0.5806734901783216,0.636164562342806,0.0
5761,HON,0.7025474314991462,0.582049001984197,0.6371831787185964,0.0
5762,HON,0.7046198534909882,0.5778735740333671,0.6369675945660912,0.0
5763,HON,0.7056331587701576,0.5616159816873165,0.6327828249601839,0.0
5764,HON,0.7077307518793101,0.5594812869784668,0.6289081760105167,0.0
5765,HON,0.7122279956021944,0.575247769284523,0.6296995553369052,0.10011443477940735
5766,HON,0.7167839627141963,0.5913589450609038,0.6343088261165206,0.09017929576372176
5767,HON,0.7213147622936429,0.6125201886955338,0.6432187445940059,0.0643657284709436
5768,HON,0.7268188445636281,0.6336246059455791,0.6555551567280155,0.17434649238335959
5769,HON,0.7322306322247027,0.6519622646492071,0.6699499399472499,0.23557085248432164
5770,HON,0.737831208386678,0.6678737272615161,0.685392645510664,0.11855877043313849
5771,HON,0.7432178387573507,0.6826955980056753,0.7014047824688038,0.2390078403821096
5772,HON,0.7485625111205483,0.6911839081541175,0.7163093696451203,0.0
5773,HON,0.7536638565377918,0.6954075204670374,0.7292754083279416,0.0
5774,HON,0.7585218857633422,0.6956460977029528,0.7397071190866686,0.0
5775,HON,0.7655362427535328,0.7166836574407738,0.7532444649057197,0.0
5776,HON,0.7701509475936681,0.7038445589719597,0.7609057085301174,0.0
5777,HON,0.7745223316331411,0.6934975740370415,0.7644811130576903,0.0
5778,HON,0.7795565550951067,0.6826400145822732,0.7646618387620063,0.0
5779,HON,0.8032341861112191,0.8937699282743139,0.8169123533946352,0.0
5780,HON,0.8189745248022993,0.9723540197382923,0.878106973231192,0.0
5781,HON,0.8326004865667067,1.0,0.9338855754314439,1.0
5782,HON,0.8431304075594062,0.9750136135382467,0.9723419269125582,0.21430925615640267
5783,HON,0.8524594974247623,0.9237179051801947,0.9904474528928044,0.23550226174139843
5784,HON,0.8621755502426791,0.8945834613163307,0.9977416210758143,0.1801337541400978
5785,HON,0.8708469929864076,0.873018346052143,0.9982547800266363,0.14575773924911326
5786,HON,0.8813727264745035,0.878426436001705,1.0,0.17780254543972362
5787,HON,0.8902413562852924,0.8683249169564043,0.9989031655086509,0.19304305789365497
5788,HON,0.8993365220550071,0.864700783344859,0.9971312776805663,0.0
5789,HON,0.9077352874245923,0.8527915360970473,0.9927746175787578,0.0
5790,HON,0.9160711168071796,0.8419720116814515,0.9866190784599438,0.0
5791,HON,0.9236140554823988,0.8244858289052559,0.9773791341666398,0.0
5792,HON,0.9311989521650936,0.8065421371831769,0.9655587545381987,0.0
5793,HON,0.9379532019765642,0.7789146405569853,0.9492841061843866,0.0
5794,HON,0.9451940933893592,0.7590046113981808,0.9313506798768586,0.0
5795,HON,0.9500353382852822,0.7351431973135782,0.9111150467863713,0.0
5796,HON,0.9578216039064555,0.7217599680264184,0.8916236181904658,0.0
5797,HON,0.9652386982614964,0.7064147208791565,0.8722433358120563,0.23090909250283456
5798,HON,0.9722320747116258,0.6864807964507446,0.851819505037412,0.12441878658812114
5799,HON,0.9601499384029073,0.6647672654510636,0.8301216364713797,0.11446414413435195
5800,HON,0.9556107469147017,0.6527768941490599,0.8098041707194532,0.09128967689596428
5801,HON,0.9532621186146053,0.6390191425875136,0.7901548455443698,0.09556728488913062
5802,HON,0.9530733301137042,0.6112614402974682,0.7675849065680989,0.13822700161155374
5803,HON,0.955728877356707,0.5955920534234861,0.745661819626533,0.19945968902315825
5804,HON,0.9563245922633832,0.5737387528552818,0.7227300516122123,0.0
5805,HON,0.9567566995165144,0.5595988919122595,0.7008949817125281,0.0
5806,HON,0.9551247659323012,0.549975885555213,0.68105201014952,0.0
5807,HON,0.9562658519747114,0.5646493851264311,0.6687989880536332,0.0
5808,HON,0.95500729610922,0.5555056286904588,0.6567399315062599,0.0
5809,HON,0.9537906921059114,0.54329182818597,0.644078374024814,0.0
5810,HON,0.9521797405980825,0.5310951029584079,0.6309390298993522,0.0
5811,HON,0.9510176765761513,0.5213836065655659,0.6180308000041006,0.13386458653368682
5812,HON,0.9495325750216859,0.5091633881693721,0.6046883199369077,0.08479043007929792
5813,HON,0.9472797543892719,0.4803258931131654,0.5868973689416019,0.07131969027663763
5814,HON,0.9451989404886696,0.4649056475482954,0.5688589593640784,0.08984116312368817
5815,HON,0.9443011757590289,0.4619104628190043,0.5536890332848372,0.05334781993198778
5816,HON,0.9419183120354631,0.45041849560993397,0.5387169254603078,0.06339384366307
5817,HON,0.9390655777254002,0.4340880260871452,0.5227089511501037,0.11515311952013653
5818,HON,0.9362777915553973,0.41725406436113266,0.5057480239901555,0.0
5819,HON,0.9084683216328759,0.1049977542493224,0.4151157983491471,0.0
5820,HON,0.9059512099018932,0.17099536376333602,0.35889793758169874,0.0
5821,HON,0.9013777840144326,0.1995007763206259,0.3209586594091848,0.0
5822,HON,0.8981097354866971,0.22530833783232165,0.29697642954074516,0.0
5823,HON,0.8941746538865729,0.24811247985229576,0.28341860759519444,0.0
5824,HON,0.8908268952843654,0.26731094706225955,0.2773104473039797,0.0
5825,HON,0.887646944130891,0.2908115910257734,0.2782237746363928,0.0
5826,HON,0.8845760647464456,0.31503257527211703,0.28493206888117895,0.11017864711005067
5827,HON,0.879743207150312,0.3380529042644614,0.29598002022011694,0.13047800077926097
5828,HON,0.8762779869187463,0.35421194275801804,0.3088063609178525,0.05297484407110822
5829,HON,0.8732994103369345,0.36987385293766223,0.3229327240213128,0.044604143757431575
5830,HON,0.8703418014924909,0.38174142128499006,0.33716267817410217,0.05258170735288381
5831,HON,0.8672247812049365,0.3906997040551734,0.3507575062820648,0.06353124428867017
5832,HON,0.8642462092320939,0.3962341075617933,0.3629992352114477,0.10262117442253388
5833,HON,0.863075757910372,0.40398633258352895,0.37470583339307123,0.0
5834,HON,0.8610788508067819,0.4083251473876351,0.38514191234825834,0.0
5835,HON,0.8598790224272697,0.4308859962492555,0.3990586937802235,0.0
5836,HON,0.8583519725953757,0.43589865478606027,0.4114292210050919,0.0
5837,HON,0.8574625956776329,0.44020914267524897,0.42238945223686586,0.0
5838,HON,0.8562104164951942,0.43518468394404836,0.4299176229069137,0.0
5839,HON,0.8808734967539866,0.4385883146957725,0.4367801605420092,0.0
5840,HON,0.8793716200878339,0.4385301713497077,0.4422558411280134,0.0
5841,HON,0.8801267582160972,0.4389371437091484,0.44673682458510683,0.0795170510450994
5842,HON,0.8812342884019451,0.44417090264347037,0.451613280035701,0.04627508437976218
5843,HON,0.8824089431036093,0.4491559801506825,0.4567447395986809,0.037112632135793015
5844,HON,0.8835428161091676,0.4516200463695151,0.4614580279539681,0.033547009202554816
5845,HON,0.8833555403743913,0.44427836563205747,0.46341676412371,0.04054764777579724
5846,HON,0.8829108516594664,0.4395406900079748,0.46381451555358727,0.056694522251231456
5847,HON,0.8822899722928805,0.4363691457728376,0.4633499935299204,0.08988279967690034
5848,HON,0.8819375730657883,0.434063548251734,0.4624093645836773,0.0
5849,HON,0.8812159954030561,0.429981003944851,0.4606493074483336,0.0
5850,HON,0.8807251611760525,0.42842428880658895,0.4588570712909635,0.0
5851,HON,0.8799616316511361,0.4231066257704738,0.4561109065168677,0.0
5852,HON,0.8789715630946477,0.4144066052278898,0.4517668478936955,0.0
5853,HON,0.8777801302086483,0.40841700319515184,0.4468133935580359,0.0
5854,HON,0.8758697263085566,0.39343255863259274,0.43915253507878044,0.0
5855,HON,0.8717416630697445,0.37478597271940295,0.42842195290680934,0.0
5856,HON,0.8709823312915854,0.3880094723130685,0.42310098870694607,0.1324423695318605
5857,HON,0.8701349077723495,0.39825645911253194,0.42137312861900034,0.10427787096087084
5858,HON,0.8698664214875622,0.40521079050011305,0.42170713894729256,0.04894946593450614
5859,HON,0.8687169445606084,0.4079178107426683,0.42264242789927975,0.03315825527940538
5860,HON,0.8677268795888731,0.4095494657613734,0.42379334434284377,0.04374467764323084
5861,HON,0.8667200246543261,0.41141197118764355,0.4251737356448881,0.06113977215601523
5862,HON,0.8654446844592072,0.4149232462309159,0.4271446159232741,0.08823421130945207
5863,HON,0.8641022223088113,0.4180979643790391,0.4295048266213164,0.0
5864,HON,0.8627166381301548,0.4189874047147084,0.43161250514249505,0.0
5865,HON,0.8627780582783822,0.4279039010257312,0.43549920003084125,0.0
5866,HON,0.8635248034736707,0.4441990193424333,0.4426301194699246,0.0
5867,HON,0.8636422635667071,0.45000779780757116,0.4497684359971604,0.0
5868,HON,0.8629290819095954,0.44475504813289735,0.45418273370283935,0.0
5869,HON,0.8638436325051853,0.4574998679299369,0.4608595373367055,0.0
5870,HON,0.8615698405506489,0.4310910675461719,0.4596834044650783,0.1020016663386875
5871,HON,0.8596568392198556,0.4105406375063036,0.45367074242257943,0.05820198461726585
5872,HON,0.8587589843592611,0.402059841365055,0.4467675896027016,0.023561906323014626
5873,HON,0.8578612134843291,0.3963836938651254,0.43984421910968186,0.025010200955536983
5874,HON,0.8570153841358561,0.38239650207265274,0.4308535453018969,0.05513424720454373
5875,HON,0.8573132387726017,0.3781883018256581,0.42262244094398305,0.07107250063440959
5876,HON,0.8555974091456382,0.37886060395001603,0.4162034786649019,0.11913094433017524
5877,HON,0.8546912448256228,0.3889577042838124,0.41356022879311327,0.0
5878,HON,0.8544179647621779,0.403388430367414,0.4150070686212688,0.0
5879,HON,0.854241762844147,0.4131223553848805,0.4185668303645831,0.0
5880,HON,0.8533691651349549,0.4119608251677189,0.42112797921049266,0.0
5881,HON,0.8518169518673671,0.40356670617666746,0.42110526664077097,0.0
5882,HON,0.8522532537946099,0.42265833571137135,0.4257988267818782,0.0
5883,HON,0.8513554839438919,0.422167900317163,0.42943263759659556,0.0
5884,HON,0.8513554839438919,0.4307612061321291,0.43446047632686113,0.0
5885,HON,0.8506842541489639,0.4376377832438494,0.44017985629643297,0.0
5886,HON,0.8469589241781401,0.4160896995627766,0.43943738799630583,0.11011684969949365
5887,HON,0.8443411238810561,0.40567312171043585,0.4362726477583353,0.07887058877154199
5888,HON,0.8426988713268355,0.3997554577209864,0.43228040212350977,0.07356017511896001
5889,HON,0.8398041974451753,0.397674347179392,0.42857299668750304,0.06066511544939646
5890,HON,0.840114637128468,0.3982522972594682,0.4257497078764152,0.05855742929784555
5891,HON,0.8400391140464922,0.3946531133369484,0.422602814066053,0.08497275435441648
5892,HON,0.8395106061049709,0.3942748520076614,0.419991945785433,0.17056479765292556
5893,HON,0.8388561580791305,0.39354552426222206,0.41772325628122464,0.0
5894,HON,0.8390113758723459,0.39304580802168865,0.41578497690763727,0.0
5895,HON,0.8383191737310791,0.38925725922779225,0.41329935622991865,0.0
5896,HON,0.8372535979679534,0.3857147020208877,0.4104365721505997,0.0
5897,HON,0.8346693632574778,0.37446370742126495,0.4053696489061302,0.0
5898,HON,0.8320395688246713,0.3717948600398068,0.40065745051542107,0.0
5899,HON,0.8297993393840968,0.37310079348594694,0.39720999043336697,0.0
5900,HON,0.8298077297565336,0.3923963706471383,0.39921408594178576,0.0
5901,HON,0.8313473579775739,0.41836942702094204,0.40722739842215094,0.08487852426030472
5902,HON,0.831196325640529,0.4442154621839663,0.4200167362039408,0.054936802286416536
5903,HON,0.8332729392338369,0.4751272744832838,0.4378771057428843,0.03826706035853893
5904,HON,0.8343552916449748,0.4959565295623565,0.4573059699125329,0.028677943014021875
5905,HON,0.8351523790748838,0.5083016476770302,0.4758957821004075,0.03197862598497841
5906,HON,0.8377953540740313,0.5120720402688941,0.4916981481587522,0.050432165508366975
5907,HON,0.8405222251159294,0.5213906608270278,0.506639835572322,0.15482902935552312
5908,HON,0.843775429177978,0.5358435447253843,0.5221600936799874,0.0
5909,HON,0.8439935742523601,0.5122626389457924,0.5287566363375488,0.0
5910,HON,0.8460911724825904,0.5169265889735452,0.5351849128166133,0.0
5911,HON,0.8497661617551171,0.5338388972343185,0.5445014172918309,0.0
5912,HON,0.8535837807016677,0.5496322283523898,0.555852345526841,0.0
5913,HON,0.8569399296763112,0.554342696701695,0.5660956109850184,0.0
5914,HON,0.8600108059881104,0.5528973293906714,0.5739335130564772,0.0
5915,HON,0.8645919493384988,0.5644146740735669,0.5830462647237009,0.0
5916,HON,0.8692653878099059,0.5719597912914621,0.5921985678005485,0.10317691283803951
5917,HON,0.8746771764951955,0.576008930197403,0.6005197199343528,0.06885612116499952
5918,HON,0.8793254371918926,0.5739970085891389,0.6066801082376767,0.09707124101910504
5919,HON,0.8839149719389336,0.5728185237709955,0.6113175740106443,0.04733572078790384
5920,HON,0.8868012621055579,0.5677399961751989,0.6137741883556804,0.05596193805445097
5921,HON,0.8888946687343231,0.5632374521157157,0.6146282717617377,0.059717993433696416
5922,HON,0.8906146976443661,0.5591381220986245,0.6142998418687851,0.09529138793916155
5923,HON,0.8917432063218445,0.5582803387642694,0.6138254008003627,0.0
5924,HON,0.8923473187704647,0.5470669703041808,0.6106784379303536,0.0
5925,HON,0.8928171775784848,0.5321366154147837,0.6044761217170477,0.0
5926,HON,0.8942351474476262,0.525483120567078,0.5978722154826015,0.0
5927,HON,0.895938397149119,0.5298572829156927,0.5936686145234454,0.0
5928,HON,0.8961565468324708,0.522769119034538,0.5885564060867043,0.0
5929,HON,0.900158754484734,0.5272307343573301,0.5855677463750879,0.0
5930,HON,0.9014340895587751,0.5214322322941624,0.5817457738006322,0.0789819117664461
5931,HON,0.901337606421047,0.5138656912563314,0.5768208066934692,0.04244780858054854
5932,HON,0.9012201447916879,0.5104598483028994,0.5720402859470302,0.07374337595309358
5933,HON,0.9019836717560654,0.5109978986720931,0.568348657814445,0.031966792438276
5934,HON,0.9028352991673505,0.5078198456178608,0.5646110257928836,0.04716062812465896
5935,HON,0.9025416356199618,0.5049430686319989,0.5609109442686881,0.05084918845974994
5936,HON,0.9020382081526885,0.49940669439042645,0.5565845262376006,0.15206874501730985
5937,HON,0.9023570438416022,0.5037620788723856,0.5541982815462333,0.0
5938,HON,0.9039344394928692,0.5177038492934858,0.5557300534118343,0.0
5939,HON,0.9043707378353583,0.5161655218835499,0.5565758184656947,0.0
5940,HON,0.9044462491388572,0.5071820964028491,0.5550353606126833,0.0
5941,HON,0.9044546359265393,0.499516106066156,0.5519110616331324,0.0
5942,HON,0.9062249236795852,0.5145100820322481,0.5531120697686888,0.0
5943,HON,0.9066863941635983,0.5136349826646108,0.5538569056022223,0.0
5944,HON,0.9086497464348429,0.5206860758262918,0.5561929530479506,0.09033444670937554
5945,HON,0.9101977711736131,0.515452246882522,0.5567701050415899,0.06563542420416112
5946,HON,0.9110368135383506,0.5081976807071741,0.555441431612779,0.11634808859732589
5947,HON,0.9101977711736131,0.49244393995191216,0.550490538942302,0.02607456273949236
5948,HON,0.9103571841530469,0.4818254625060507,0.5439092312764023,0.04351677229933263
5949,HON,0.909505975133746,0.47203076118626586,0.536226895938798,0.04547369030030474
5950,HON,0.9088683114375331,0.4582183636010248,0.5266721886968784,0.08259048609141897
5951,HON,0.9077817520617,0.4397824854418299,0.5144785292616888,0.0
5952,HON,0.90717764166151,0.43441304304634776,0.503398446947191,0.0
5953,HON,0.9065315799112441,0.43378295106835174,0.4943788771668086,0.0
5954,HON,0.9070559735795638,0.44441766593026866,0.48978782219488504,0.0
5955,HON,0.9060239582819687,0.43467101205196007,0.4837095469096869,0.0
5956,HON,0.9050506791761834,0.42524800367549026,0.4765213696602064,0.0
5957,HON,0.9045388685059814,0.43286320007800827,0.47265022483822045,0.06007058929747739
5958,HON,0.9040773939251068,0.4507624611862965,0.47397076789436865,0.05572417142163409
5959,HON,0.9044969171559059,0.46351096685344767,0.4781734774651418,0.05712929552266804
5960,HON,0.890513767097139,0.2873688711031087,0.3383466472879125,0.0
5961,HON,0.8870569310927174,0.31115727038820357,0.3320739588021163,0.0
5962,HON,0.8791702373224468,0.2798804463966279,0.31933682541977915,0.1875178872823997
5963,HON,0.8722062307605989,0.27034269277212597,0.3067932430700666,0.07641907234636001
5964,HON,0.8655526715636599,0.26514000513550473,0.2954743767649863,0.04014990912274412
5965,HON,0.8603086949360712,0.27560309712742137,0.2890015288038512,0.0662154871323328
5966,HON,0.8544186488766026,0.2852163167161531,0.2861957507468298,0.050561457963078454
5967,HON,0.8485202155173432,0.2962382157268335,0.2866712844985259,0.054186467769582435
5968,HON,0.8457513900527234,0.3119110875939687,0.29091970734141376,0.12512573143371308
5969,HON,0.8423868568509354,0.3180450516310314,0.2958322809605539,0.0
5970,HON,0.8390432990681305,0.3244778470193326,0.301349925463807,0.0
5971,HON,0.8354144588924357,0.33097219211428996,0.30736681687123424,0.0
5972,HON,0.8316723517614926,0.3357531736990801,0.3133602552237187,0.0
5973,HON,0.8281442042487597,0.34360440683207494,0.3200926557102066,0.0
5974,HON,0.8252495226854832,0.35267967364087544,0.3277183120313184,0.0
5975,HON,0.8279176611203245,0.3580441356506989,0.33514276271727894,0.0
5976,HON,0.8302334039128292,0.37910275012908556,0.34627949669548164,0.0
5977,HON,0.8321002669010515,0.39608618262749373,0.35938032031902645,0.07481409278990765
5978,HON,0.8344957141348428,0.4127108066218146,0.3739638632982132,0.03883572801951571
5979,HON,0.8364842267691341,0.4266313920777876,0.38906623694404374,0.03229155755333094
5980,HON,0.8363373983241402,0.44274202533645723,0.4051241692882279,0.03829313798923498
5981,HON,0.8365723343855493,0.46217168414097076,0.42276566949746697,0.11350014835761328
5982,HON,0.8412793338345947,0.478669359339381,0.44095042334074763,0.04105605200449324
5983,HON,0.8452563621758249,0.4956598438369407,0.4596914032587281,0.07603448207853179
5984,HON,0.8490488043718796,0.5064897731233835,0.47735696610684014,0.0
5985,HON,0.8518848280138855,0.515447910171378,0.49370024520746575,0.0
5986,HON,0.8542425272775422,0.5154895493113556,0.5067851448445679,0.0
5987,HON,0.8572043302839885,0.52353549727426,0.5192387691223413,0.0
5988,HON,0.8597214445755097,0.529025245095703,0.5305565141608841,0.0
5989,HON,0.8628930053565482,0.5324497107798621,0.5404558532604605,0.0
5990,HON,0.8648060102720958,0.5194259402598406,0.5451611152592986,0.0
5991,HON,0.8677510309973457,0.5206650193758682,0.5492311241342612,0.0
5992,HON,0.8679523999358243,0.4867058537679465,0.5441061585275804,0.1858469466600691
5993,HON,0.8678517139302615,0.4589111514982372,0.5331465757737904,0.10644779280248627
5994,HON,0.8673294977438522,0.4337573942164165,0.5181710729094394,0.08196484209446764
5995,HON,0.8672020454055174,0.41605086093586924,0.5018207760844173,0.052534373166074184
5996,HON,0.865523966309226,0.40002689715445866,0.484785894842662,0.05064319709122656
5997,HON,0.864219256737933,0.39213603142579273,0.46921055889446506,0.07155833346846951
5998,HON,0.8627803109377008,0.3877290688424051,0.4556626711538325,0.3620583183478265
5999,HON,0.8607750175585354,0.37875596625865693,0.4426098387107906,0.0
6000,HON,0.8584466861347302,0.3736535706235374,0.4309083239558949,0.0
6001,HON,0.8555016597762957,0.3699543505222992,0.42063416090157596,0.0
6002,HON,0.852984542924236,0.3744447547951572,0.4135230424821487,0.0
6003,HON,0.8500563085770434,0.37835151398454214,0.40879831873112765,0.0
6004,HON,0.847044164872301,0.3792747496419008,0.4052463902298038,0.0
6005,HON,0.8433103652342853,0.3733828311710786,0.40095074786505414,0.0
6006,HON,0.8419930767617374,0.3919993120990952,0.40210869958389367,0.0
6007,HON,0.8395619709571989,0.4028275617279572,0.40570742534058973,0.06733090847891152
6008,HON,0.836306512597087,0.40211958274880744,0.4084116798478545,0.05262838412043219
6009,HON,0.8330762243300689,0.40243229346109427,0.4106522590820375,0.06234854703769072
6010,HON,0.8312177527384983,0.4046826251561683,0.41300009443390967,0.08709928652478975
6011,HON,0.8281510746855631,0.4049015280638986,0.4149323869902166,0.04083778880975996
6012,HON,0.8278154649091762,0.40377447352881635,0.4162000689332203,0.061564903278286884
6013,HON,0.8280084398904641,0.40890187944012113,0.41847963571424324,0.10340854355775143
6014,HON,0.8284635330973811,0.4132129084237416,0.4213672321306667,0.0
6015,HON,0.8284483491042938,0.4132614451399276,0.4236892879118771,0.0
6016,HON,0.8286497226517411,0.4137420992738778,0.4256655558630038,0.0
6017,HON,0.8285574300912621,0.41515144466525195,0.4275943904676569,0.0
6018,HON,0.8277855168513093,0.40972787622795415,0.42779894531598023,0.0
6019,HON,0.8277519553615638,0.4084432673518477,0.4276455533742165,0.0
6020,HON,0.8280372280244079,0.41279853353802287,0.4285977003594289,0.0
6021,HON,0.8285406503706043,0.41864406548017186,0.4308020695200386,0.0
6022,HON,0.8287588000539561,0.4266825301235711,0.43454942256627876,0.0
6023,HON,0.828674893769052,0.4292000845242202,0.43816862635618503,0.08120968650305108
6024,HON,0.8281043545886546,0.4226979297553529,0.4394592861901144,0.05261414003643856
6025,HON,0.8285322589739526,0.42230645549888135,0.44039519993261395,0.036374350305415075
6026,HON,0.8269800349521028,0.42124732727212816,0.44088254273870153,0.029223162721347586
6027,HON,0.8257865039608876,0.4205707161820459,0.44110543234253335,0.045375953970133005
6028,HON,0.8257697196312601,0.42456922671236336,0.4422705588375042,0.04734755433460624
6029,HON,0.8249642382441609,0.41898219152841937,0.4418238043239988,0.09859031779208809
6030,HON,0.8240622773040873,0.41528013155294435,0.44055274859432125,0.0
6031,HON,0.8240161271830404,0.4208400851092292,0.4409080760934705,0.0
6032,HON,0.8241419776485124,0.42575097302423803,0.4424043236302529,0.0
6033,HON,0.8237224641477585,0.428906138662824,0.444380002661658,0.0
6034,HON,0.8237392448926322,0.436605934761528,0.44786082169729735,0.0
6035,HON,0.8236133893060824,0.43735532466938015,0.45083042305896365,0.0
6036,HON,0.8239825656932935,0.44396738962002863,0.45483793269572903,0.0
6037,HON,0.8242930033281555,0.44914114196884936,0.4593207997286909,0.09774553404138848
6038,HON,0.8257319496404962,0.45963129951300763,0.4654960180972382,0.0713308664040788
6039,HON,0.827317730031015,0.4719832510718637,0.4734846001081998,0.04573249434948145
6040,HON,0.8288832867766436,0.4860590572645137,0.4833493127745421,0.0663612150685754
6041,HON,0.8304522848859666,0.4987262350280304,0.49436728666456464,0.05023888424556099
6042,HON,0.8317947501090086,0.5085164927914999,0.5055978583313131,0.07986351099577542
6043,HON,0.8342195672310813,0.5242796093983152,0.5184725835110651,0.1271168352362699
6044,HON,0.8376092715501788,0.5384873971048879,0.5322787831695706,0.0
6045,HON,0.840638200608764,0.5487336743371177,0.5458524790502475,0.0
6046,HON,0.8438097665108795,0.55625578340876,0.558567859188561,0.0
6047,HON,0.8477280663419147,0.5695986567329729,0.5720331257485731,0.0
6048,HON,0.8510170897765268,0.5754375970543699,0.5842463637860135,0.0
6049,HON,0.8553297417210524,0.5816840764498962,0.5955585578563789,0.0
6050,HON,0.8594745857047377,0.5834137457706265,0.6050351878932809,0.0
6051,HON,0.8641060712897453,0.5970708893373136,0.615987014885726,0.0
6052,HON,0.8690563910273448,0.6100896312978962,0.6279614447341532,0.0
6053,HON,0.8730837672363791,0.6065767353009164,0.6366740213318989,0.19247132227612573
6054,HON,0.8762721062017516,0.5971006093584473,0.6413054164071162,0.10065943534697931
6055,HON,0.8800519653996912,0.5895625483931275,0.6431501721763211,0.07743522338449077
6056,HON,0.8825816642256514,0.5731559891972988,0.6405769101444696,0.05820286117628084
6057,HON,0.8840583779682176,0.5463647650121393,0.6319063442281303,0.0735505329697951
6058,HON,0.8853882576326049,0.5289659345223114,0.6206759366568728,0.0933015989751272
6059,HON,0.8866971536842856,0.5184291371294371,0.6090911753481658,0.16787661029369547
6060,HON,0.8874809012209082,0.5078296629749072,0.5972074627003989,0.0
6061,HON,0.8881689132970334,0.49978358085878294,0.5857147549056689,0.0
6062,HON,0.8886303781478624,0.49065309806741264,0.5742672256763264,0.0
6063,HON,0.8877158306249182,0.47551579651937115,0.5613733828504308,0.0
6064,HON,0.8867593281671442,0.4655731854619973,0.5486045159121563,0.0
6065,HON,0.8872040179062854,0.47430709949675764,0.540544913930225,0.0
6066,HON,0.8859370716683568,0.4612415557131739,0.5308727136061445,0.0
6067,HON,0.8851399914079559,0.4650964212038831,0.524086317194816,0.07852741591717219
6068,HON,0.8847669603861426,0.46970970955542224,0.5197957393399085,0.0497355202312012
6069,HON,0.8832608890458786,0.4627954299449796,0.5146568632597686,0.038535506556880574
6070,HON,0.8815240763183163,0.452838843658039,0.5080885206929098,0.032083155647516334
6071,HON,0.8783944709842144,0.44234954209182087,0.5002451331488358,0.05941930594933752
6072,HON,0.8747362629686686,0.4319592659274767,0.49140614865662047,0.08648920145035455
6073,HON,0.8722107654742182,0.4255374114286404,0.48275007561830485,0.11625626904050534
6074,HON,0.8701047845531673,0.4208087494486407,0.4746582042094504,0.0
6075,HON,0.8672562566956921,0.41021392253480493,0.46556995040012844,0.0
6076,HON,0.8650705631396325,0.4012985272931174,0.45609906702033676,0.0
6077,HON,0.8641056682609918,0.3967786023672207,0.4474068627251486,0.0
6078,HON,0.8639294673671767,0.4078647748279164,0.44318911789107607,0.0
6079,HON,0.8628722824885946,0.41060215108697146,0.4404904944445262,0.0
6080,HON,0.861689239975032,0.4101424056980296,0.43821813254743136,0.0
6081,HON,0.859851748411415,0.4034108021732127,0.43473891288799466,0.0
6082,HON,0.8575360056189107,0.3907501017929081,0.4288309319931833,0.0
6083,HON,0.8582785489705813,0.41016902875476713,0.42889705303966147,0.06132626008645502
6084,HON,0.8586057740077173,0.423131313066345,0.43214898463186296,0.03467492151509719
6085,HON,0.857208777509129,0.4298945031817293,0.4364196554790071,0.04073304000746828
6086,HON,0.8573849794271595,0.43440409082805914,0.4409491385529473,0.030550492209800894
6087,HON,0.8555601476778123,0.42865960952923426,0.44315501229397286,0.036155210551666796
6088,HON,0.8535461177414101,0.4239288114928499,0.44375217113927073,0.043919989446229456
6089,HON,0.8528539145759284,0.42585434629136926,0.44470511173454597,0.1126205213860677
6090,HON,0.8522582037661137,0.42438615381258327,0.4451051207646732,0.0
6091,HON,0.8518219008146564,0.4227575563587296,0.44502319730035766,0.0
6092,HON,0.8521155694831224,0.42816922818624553,0.446293235333336,0.0
6093,HON,0.8522917652558601,0.43278114874877915,0.44844746746956343,0.0
6094,HON,0.8592473840058097,0.5168241792026014,0.47091230344119334,0.0
6095,HON,0.8659932434448434,0.5722039003664142,0.5025516438205556,0.0
6096,HON,0.8711533224933579,0.594370045389114,0.5333336232204736,0.0
6097,HON,0.8756086102571983,0.6036628956433447,0.5602526413096466,0.0
6098,HON,0.880206528207168,0.6249008910735956,0.5870292996403532,0.35044369225941413
6099,HON,0.8859119865851395,0.646222297858908,0.6137126557198411,0.13898610171853779
6100,HON,0.8930102391059727,0.6741161585829618,0.641943422722272,0.15672656048322944
6101,HON,0.900620302809116,0.6926460746096377,0.6691011380979506,0.0787031659996783
6102,HON,0.9105209448448539,0.7235816079132473,0.6984620639515303,0.19259316397920978
6103,HON,0.9175185251870324,0.7390171144582269,0.7257602197584403,0.17124654142683646
6104,HON,0.9236938398124845,0.7353824370838322,0.7467017220146674,0.3164139181793519
6105,HON,0.9308214606852774,0.736850935582597,0.7638173427901269,0.0
6106,HON,0.9377602945934917,0.7314805819085637,0.7761844597446101,0.0
6107,HON,0.9457856064524162,0.7274643909076338,0.7850869750339096,0.0
6108,HON,0.9555226336651019,0.7409343419132656,0.7955333119275485,0.0
6109,HON,0.9633088962136291,0.7304269963186996,0.8012972147650409,0.0
6110,HON,0.9726809422253222,0.7345089469427204,0.8069157444950648,0.0
6111,HON,0.9815747370081289,0.7280362443027806,0.8098131337369658,0.0
6112,HON,0.9903175050870754,0.7243868718226856,0.8112303960537336,0.0
6113,HON,0.9989344175794739,0.717034945792179,0.8105497828993982,0.0
6114,HON,0.998430999330139,0.68055964895217,0.8010033495481059,0.2852783228270431
6115,HON,0.9981960699261294,0.642826826330139,0.784053908207324,0.08509087068168679
6116,HON,0.9989847669836016,0.6033475843287417,0.7607510518535425,0.06946993161524845
6117,HON,1.0,0.5669206787716357,0.7331187666984705,0.07178404741483024
6118,HON,0.9991357926632447,0.5305208005471014,0.7020296087291684,0.08234811752377337
6119,HON,0.9970046308948386,0.49277013792219293,0.6678415848597355,0.10024789088944004
6120,HON,0.9946804941451437,0.47384805591021756,0.6358212791501794,0.20412802319725776
6121,HON,0.9923815361943737,0.45827897061911177,0.6063626528114745,0.0
6122,HON,0.9887736734860932,0.4496835366821837,0.5806744364508791,0.0
6123,HON,0.9853378108522248,0.4393038217653659,0.5575621953748837,0.0
6124,HON,0.9846917511503905,0.4518661407017916,0.5421727275737194,0.0
6125,HON,0.9831982648566737,0.45922937034368955,0.5316783660221113,0.0
6126,HON,0.9808573509468599,0.45161498399785543,0.521403679721653,0.0
6127,HON,0.9790702016178625,0.45558176719913523,0.5141629153279343,0.0
6128,HON,0.9753744942707088,0.45582379526305716,0.5084300352746034,0.0
6129,HON,0.9718001894674209,0.43963816819048723,0.49984918966099984,0.13099100694278568
6130,HON,0.9659227294787143,0.4153357814468343,0.48698679101296466,0.0749718734126064
6131,HON,0.9609136812309198,0.4005363991440675,0.4730444496355509,0.0702001052747377
6132,HON,0.9552837464470323,0.3867495572754367,0.45848804460023945,0.03164115076420606
6133,HON,0.9479169989355811,0.35475409486782183,0.438946581178058,0.08433790648780772
6134,HON,0.9423206220566858,0.32404556848353505,0.41573468119650164,0.1056939520495922
6135,HON,0.935750958902497,0.2833784445765768,0.38712869390056653,0.22731169430530287
6136,HON,0.9284261617169065,0.2367622913981818,0.35273924249504124,0.0
6137,HON,0.9222508496519923,0.21252132929587841,0.31924511854478477,0.0
6138,HON,0.9158322198590629,0.18682881093176196,0.2861090188578268,0.0
6139,HON,0.9116622068064988,0.18798793544169823,0.2598862059390403,0.0
6140,HON,0.9065524761378954,0.19190592770121523,0.23987489886083319,0.0
6141,HON,0.9014091778342537,0.19704735365043774,0.22513473450858001,0.0
6142,HON,0.8961903661786828,0.20676167932022013,0.2157400558747643,0.0
6143,HON,0.8920874740571803,0.22669836295169413,0.21314459879880837,0.0
6144,HON,0.8857527377464631,0.2390300295546096,0.21411163421626234,0.14535693263950766
6145,HON,0.8796697151693831,0.25161613804636107,0.21799145876747628,0.09727109647452346
6146,HON,0.87427889883043,0.2586494295129935,0.22283110380730947,0.08169157482154354
6147,HON,0.868120369046713,0.2672082850795623,0.2288151077478886,0.060219166050518726
6148,HON,0.86231817786827,0.27741075431161877,0.23612023543246605,0.054377557634850936
6149,HON,0.8578880622459555,0.2872955585462203,0.24440386378808232,0.07189252159293563
6150,HON,0.8540738073348391,0.29244126883533184,0.2523007051391284,0.09797431594430168
6151,HON,0.8501051570754607,0.3002875633766908,0.26055460920177165,0.0
6152,HON,0.8468245163316701,0.3135255609608994,0.2704248120298982,0.0
6153,HON,0.8455323155848156,0.3270637442359084,0.2816621383785695,0.0
6154,HON,0.8432585190213095,0.3207317084467882,0.2890892808754642,0.0
6155,HON,0.8427634875596564,0.3202458847968268,0.2949110957330075,0.0
6156,HON,0.8449198132758657,0.3360597301127134,0.30347133508766977,0.0
6157,HON,0.8469502834055254,0.3581105270874837,0.31576156627694363,0.0
6158,HON,0.8496580243982685,0.37504035547574455,0.3297719584107325,0.0
6159,HON,0.8477030676205377,0.3522823097523595,0.33536368653181153,0.0
6160,HON,0.8477366332071465,0.3591163292007673,0.3415236749699135,0.37197373478567475
6161,HON,0.8490874836815485,0.3802220838832863,0.3516604731448685,0.0651804900753797
6162,HON,0.8508914076101264,0.4057170718208097,0.36606196257111634,0.0679499782832504
6163,HON,0.8512448945539575,0.4185896350404867,0.38076004609628006,0.041429247005126554
6164,HON,0.8526041435945184,0.43509943600570145,0.3965930591782141,0.033576373929557084
6165,HON,0.8534851352609012,0.4430661846758642,0.4112256281747532,0.05777400467819546
6166,HON,0.8544458364896466,0.44524162229467545,0.42346857180790143,0.10301299630223579
6167,HON,0.8545549077465693,0.43779215053249293,0.4314244298491361,0.0
6168,HON,0.8550583270201191,0.4381741662617431,0.4378833960838517,0.0
6169,HON,0.8572398289747145,0.4583867604280134,0.4480389484091486,0.0
6170,HON,0.8589606900597588,0.464224295580484,0.4576040682693061,0.0
6171,HON,0.8602276362976875,0.46528456340724256,0.46551783359361315,0.0
6172,HON,0.8606974971541375,0.4618949906730757,0.4710123142109022,0.0
6173,HON,0.860521383236692,0.4530723190120013,0.4732305021442609,0.0
6174,HON,0.8611344677506354,0.4371223616991344,0.47106867318013795,0.0
6175,HON,0.8617553553109452,0.42786706060317486,0.46705504240670687,0.0
6176,HON,0.8609918273223514,0.41920431230225363,0.4617062096093712,0.07728401695440447
6177,HON,0.8592046826023227,0.40902003359041833,0.45491370817977017,0.03619640882537147
6178,HON,0.8579652567859868,0.4065945350361969,0.4488811046611768,0.032849706506127806
6179,HON,0.8601719242247077,0.4090843117952734,0.4446694877994528,0.055573841550562775
6180,HON,0.8602642188336187,0.41003624347035456,0.4415351268605245,0.028814686220360798
6181,HON,0.8591231276701317,0.41136065479312234,0.43935449699857393,0.03533891496895447
6182,HON,0.8571430120656767,0.41107581412454214,0.43753969568484596,0.06933822862324573
6183,HON,0.8558665841538189,0.41201499439559247,0.4363196401938852,0.0
6184,HON,0.8547422706625594,0.42104991840891953,0.4375733753085582,0.0
6185,HON,0.8528879983540687,0.41468401153566603,0.4370052855836681,0.0
6186,HON,0.8510169437643813,0.4057550475934596,0.4343471847758141,0.0
6187,HON,0.8506729384944802,0.4081225501212378,0.4328049933402059,0.0
6188,HON,0.8498789575508048,0.41121023480128915,0.4323332671899392,0.0
6189,HON,0.8479743394229406,0.42070962848891985,0.4343002948498706,0.07266674234292829
6190,HON,0.8473156921140204,0.43332448339491436,0.43898720768366395,0.05474856123794677
6191,HON,0.8471982304846613,0.4464496946015936,0.44597598234681385,0.04168388739898205
6192,HON,0.8958871392659447,0.5840496524554005,0.6248764504729889,0.0
6193,HON,0.8984545906710086,0.5814162716930407,0.6279965341698749,0.0
6194,HON,0.9010975579885403,0.5757947606821595,0.6291052369354513,0.0
6195,HON,0.9025658731649471,0.553601418427765,0.6245149798943257,0.0
6196,HON,0.9043572207528094,0.5378859919364741,0.6169642761258242,0.08902245700368461
6197,HON,0.9068239892249572,0.5220643265428032,0.6070189956815938,0.028082978582595307
6198,HON,0.9079483047646484,0.5007311462462463,0.5937978362604962,0.029339964210095416
6199,HON,0.9092991567753734,0.4882278168884092,0.5801351420325233,0.03238885560399518
6200,HON,0.9103143964491718,0.4809981769086163,0.5674207433018505,0.0578522375702836
6201,HON,0.909608686443296,0.47222510150083974,0.5550840678940104,0.036934909795503165
6202,HON,0.9081068154103278,0.463732522771907,0.5431187964910434,0.08179785760211146
6203,HON,0.9066091277851012,0.4578396010053976,0.5320922321960166,0.0
6204,HON,0.905518383465203,0.457227290771388,0.5231198652874158,0.0
6205,HON,0.9037899636706155,0.44954176886569325,0.5140452187580713,0.0
6206,HON,0.9021431067561303,0.4451378317520589,0.5056986292251486,0.0
6207,HON,0.9001713687214195,0.441766816798691,0.49818940593533084,0.0
6208,HON,0.8993239411053215,0.43993837194474156,0.4917307751557209,0.0
6209,HON,0.8956405676056498,0.41313225872736853,0.4799482396935121,0.0
6210,HON,0.89027072924622,0.3899934176929145,0.4648116471299045,0.0
6211,HON,0.885823828270063,0.362446983665885,0.4459040343208882,0.05326191714851846
6212,HON,0.8812175153386868,0.3503246721684763,0.4277862109146717,0.06333095055374424
6213,HON,0.8770768691017592,0.34541178953617346,0.412079474364781,0.07696166237664075
6214,HON,0.873242470434552,0.3443171678574251,0.39924393730911756,0.04324569642394601
6215,HON,0.8708596077352011,0.34548204670524085,0.38926299464064557,0.03355928102876472
6216,HON,0.8680194584716854,0.3450286462382175,0.3811663432648351,0.053659874941325326
6217,HON,0.8651835084912496,0.34341189622741897,0.3742900153726058,0.06396601756010675
6218,HON,0.8629936156521101,0.34288755932861736,0.3686595490184322,0.0
6219,HON,0.8604009885207669,0.3437213624629203,0.36436095488125453,0.0
6220,HON,0.8578838721808135,0.3494812326160637,0.3623435901911987,0.0
6221,HON,0.855433877796139,0.3531780340013959,0.3616420527611093,0.0
6222,HON,0.8529754925269208,0.35571268823094054,0.36170636433251174,0.0
6223,HON,0.8504416000510648,0.358796981521044,0.36251900360773104,0.0
6224,HON,0.8475637023053078,0.36227675506326273,0.36402790783275263,0.0
6225,HON,0.8456003505461709,0.36969962853740257,0.36706696373755426,0.05923610511520396
6226,HON,0.8431587572881956,0.3723844053741529,0.3701607995760314,0.03385577711558614
6227,HON,0.8401605413763695,0.36881074231151967,0.3717539039212906,0.023491562462061428
6228,HON,0.8370217068374313,0.36599123135601863,0.3723325444949666,0.032450653014552196
6229,HON,0.8360761081766497,0.3652002275558621,0.37260024069516573,0.024839052807859578
6230,HON,0.8355810792755358,0.36832066532692237,0.3735845079723452,0.04165474181173353
6231,HON,0.8357153283071677,0.3690399140807149,0.37454942922299406,0.06736860051655623
6232,HON,0.8351363910727185,0.3705500099846303,0.3756940512506207,0.0
6233,HON,0.8347126747041314,0.3779237685240183,0.37842956004763595,0.0
6234,HON,0.8341337374696818,0.38424845749796965,0.382178872505621,0.0
6235,HON,0.8337477772649522,0.39305430281280196,0.38735156636423773,0.0
6236,HON,0.8344861351604504,0.4113474517560598,0.3960043901500695,0.0
6237,HON,0.8348637070411744,0.41939382330282654,0.40491245828546085,0.0
6238,HON,0.8356188405604699,0.43004147112853375,0.4146667054447356,0.0
6239,HON,0.8352916216686266,0.4258293852267826,0.42143057889796615,0.07807971340026446
6240,HON,0.8352664561845011,0.4302739111408125,0.4279385671074102,0.043222686749802446
6241,HON,0.8346959113709196,0.4255668985896473,0.43198328768057737,0.04485089512015213
6242,HON,0.8335632054587925,0.4140413139527823,0.4323746005446572,0.03590626779140876
6243,HON,0.832766122125745,0.40941589621459146,0.4315461180824899,0.041008279538176116
6244,HON,0.8319690387926983,0.40627844413984415,0.43010902274042123,0.04642409941231101
6245,HON,0.8307516051749282,0.4030421376249042,0.42816064025339157,0.05461313287013033
6246,HON,0.8298454398306974,0.4006784491036458,0.4260185863331264,0.0
6247,HON,0.8302346694333589,0.4081532331595417,0.4261496870249534,0.0
6248,HON,0.8303697506399912,0.41053465359447666,0.42684229166736015,0.0
6249,HON,0.8318942849988988,0.42974990601628865,0.4321386151629677,0.0
6250,HON,0.8321711642166614,0.43304774055593115,0.43718956501870126,0.0
6251,HON,0.8320369187697829,0.4283041959767648,0.44005963896507116,0.0
6252,HON,0.8321292128665854,0.4275392117957939,0.4421669033909961,0.0
6253,HON,0.8321795515164512,0.43198466212339093,0.4449498325197982,0.05553132843833561
6254,HON,0.8323473558925376,0.4367887889778389,0.44836181320013235,0.06115555021828511
6255,HON,0.8322466729596205,0.4406280002621373,0.45203889820304655,0.05576975249041373
6256,HON,0.8318187675501076,0.4506162863320952,0.45744563127514554,0.026703274692996163
6257,HON,0.831781004728851,0.4563243940304593,0.4631797536063426,0.044226565961723294
6258,HON,0.831210465548454,0.4584157580768941,0.46828319091934234,0.057235578303235946
6259,HON,0.8314369963863038,0.4566070706015777,0.4719195646561325,0.08403045341329889
6260,HON,0.8314621618704288,0.4602014394799636,0.47571573807534284,0.0
6261,HON,0.8322005141327433,0.4629252385348389,0.4794248984371454,0.0
6262,HON,0.8335840921807245,0.46442965379487255,0.48276350979577076,0.0
6263,HON,0.8338861435400116,0.45664280717991024,0.4835126393876246,0.0
6264,HON,0.8340959008024966,0.44939829240434803,0.4823240286786426,0.0
6265,HON,0.8353049486568,0.4542757377315727,0.4825768721653481,0.0
6266,HON,0.836387306701122,0.45618621047135155,0.483250643223901,0.0
6267,HON,0.8367078189282005,0.4573634849454994,0.4840802062328601,0.0
6268,HON,0.836036589133272,0.44251653781671096,0.48107969539118783,0.0
6269,HON,0.8345808564428738,0.4385876079804312,0.4777096441151907,0.10722332839100142
6270,HON,0.8338508899440269,0.4322385962591439,0.4734466949269583,0.047016653306446346
6271,HON,0.8341110754752239,0.4316610112759738,0.46989379014296545,0.05152457718080213
6272,HON,0.8329783700752045,0.41764195799963094,0.46359162562832185,0.05151164793533098
6273,HON,0.8302347275063715,0.3927564365457864,0.45240825677782864,0.05918263501528938
6274,HON,0.8267611138297228,0.3663909782657187,0.4369546825592714,0.06636362560586663
6275,HON,0.8227505168292386,0.340258605235082,0.4181424684606246,0.1085223888512212
6276,HON,0.8182868351082084,0.32254809965641246,0.39872182230246106,0.0
6277,HON,0.8138273583034423,0.30806409110609917,0.3796107157719159,0.0
6278,HON,0.8094475777462402,0.2969679092452683,0.3615833416694737,0.0
6279,HON,0.8057306463415763,0.29450934320814853,0.3465546791032715,0.0
6280,HON,0.8015438504957086,0.29388269730096017,0.3343770955966437,0.0
6281,HON,0.7970633916145582,0.29172038139185275,0.3241013787356652,0.0
6282,HON,0.7926552577438124,0.2922033970027292,0.31600001137515954,0.0
6283,HON,0.78909773983069,0.2956429134764094,0.3103677750241518,0.0
6284,HON,0.7861023727739584,0.30567972759499573,0.3083390275220699,0.11177069742103189
6285,HON,0.7821672860527578,0.3146163666421772,0.308921552730496,0.05934326445478687
6286,HON,0.7777959071343616,0.31613676500809906,0.3097628005266536,0.04995334514642699
6287,HON,0.773384663704737,0.31813278080340657,0.31092840668262156,0.054521751592817295
6288,HON,0.7699907570299129,0.31755041264814016,0.3117171657081538,0.05582957764318701
6289,HON,0.7651872764915693,0.3095444259677502,0.3103723306292473,0.057579189437113244
6290,HON,0.7609837045097971,0.3085694287348923,0.30905583753746313,0.09173913253090199
6291,HON,0.75644442903593,0.30963977258096925,0.30826679921746636,0.0
6292,HON,0.7517877774546884,0.2969136723609981,0.3044948230014307,0.0
6293,HON,0.7496230557328585,0.30389979761419383,0.3032013870134431,0.0
6294,HON,0.7493042241408063,0.32535693730356974,0.30746216592169323,0.0
6295,HON,0.7503026759002243,0.3527452415944479,0.31763010208305653,0.0
6296,HON,0.748742066627015,0.3465475137536848,0.32423487904102155,0.0
6297,HON,0.7494804194014368,0.36800975393232443,0.3348154870843502,0.0
6298,HON,0.7479198101282272,0.35719368223340087,0.3406106145969343,0.0
6299,HON,0.7460613482667022,0.35074425179310814,0.34365502554139626,0.06190456989659671
6300,HON,0.7453062198684841,0.3594039017769983,0.34822771782454104,0.03933492837855428
6301,HON,0.7437959579509719,0.3548362644491905,0.3507585988487678,0.04373810345061839
6302,HON,0.7432730669704979,0.36439740465406795,0.35514295101716575,0.04382795074965518
6303,HON,0.7423794882091368,0.3697409611085424,0.3599691989818456,0.04569326833356051
6304,HON,0.7405168245039944,0.3689595647502672,0.36363735216924686,0.07004385863031518
6305,HON,0.738670945128479,0.3688978409569659,0.366556641558466,0.08660666035836362
6306,HON,0.7374795071214035,0.3704925552075955,0.36928564153273413,0.0
6307,HON,0.7363510071497559,0.37267199675380225,0.37200671809973596,0.0
6308,HON,0.735818135620522,0.37865888151142996,0.37566111617891357,0.0
6309,HON,0.7356587139352575,0.37952175852225284,0.378797588893264,0.0
6310,HON,0.7352895370359391,0.3822161569397087,0.38197173274317886,0.0
6311,HON,0.73492866711744,0.3854203870415382,0.38530183771881416,0.0
6312,HON,0.7359439021822709,0.3897836815498125,0.38904276359252826,0.0
6313,HON,0.7332002509076072,0.36462798565103494,0.3858271891880422,0.16952563694065126
6314,HON,0.7290721825477178,0.34383124127317805,0.37812218462402514,0.07777269860526312
6315,HON,0.7244742538434865,0.33234504751347027,0.3691234388735839,0.04911601214735483
6316,HON,0.7233079895142591,0.33652370416448757,0.36295571635537366,0.04730986229696154
6317,HON,0.7199560357258337,0.3403702226342297,0.35897084218068004,0.04268601349287292
6318,HON,0.7186051898604009,0.3397433952357442,0.35562824459600534,0.0750430938325746
6319,HON,0.717199799916731,0.34083052599000596,0.353222465616801,0.0763327312833832
6320,HON,0.7139695014075591,0.33391678244274514,0.3495915609352589,0.0
6321,HON,0.7140701807557215,0.3568480966184779,0.3523461846679158,0.0
6322,HON,0.7116688591345888,0.35832908959644316,0.3549153862070302,0.0
6323,HON,0.7078638293314476,0.3408034753170764,0.35264550291852104,0.0
6324,HON,0.7053886745837246,0.33816859145283285,0.3501793185392443,0.0
6325,HON,0.7036434766048019,0.3456419540603664,0.3500507640566583,0.0
6326,HON,0.7019570117450429,0.3541001409192634,0.3520353637850282,0.0
6327,HON,0.699960103105131,0.35817079438393945,0.354627662938517,0.0
6328,HON,0.698378097890584,0.37071351040753797,0.35979698940827537,0.056512636255620384
6329,HON,0.6978914573134767,0.3897628814036405,0.368633751559509,0.0343118069431363
6330,HON,0.6976670117781505,0.40969136385895805,0.38062142309738906,0.03655053866742869
6331,HON,0.6977635870133274,0.4298830742791305,0.3951947856485353,0.039070207556026366
6332,HON,0.6970629960359469,0.4376174195811976,0.408762278091397,0.48577695342272187
6333,HON,0.6985061411192595,0.4399209814161686,0.4201847809746122,0.14439184116400025
6334,HON,0.7001674440796464,0.44236095709130735,0.42992495854586343,0.17636301639735122
6335,HON,0.701711277216952,0.4465675015343964,0.43875525726942927,0.0
6336,HON,0.7023153865929266,0.4506211823074632,0.4468199268334382,0.0
6337,HON,0.703427110940777,0.4590752860027656,0.45535809809226807,0.0
6338,HON,0.7047443953164634,0.46313767298793257,0.4631912143393413,0.0
6339,HON,0.7056169909772243,0.4612312310036998,0.46898720584055137,0.0
6340,HON,0.7072531136023632,0.45963354244229593,0.47322969653180963,0.0
6341,HON,0.7066573971593635,0.45889157725277435,0.4764405753394887,0.0
6342,HON,0.7076894129690667,0.4599204673653538,0.47926320393996474,0.0
6343,HON,0.7112049790200063,0.4702665913460903,0.4840746847125855,0.0
6344,HON,0.7105350883866937,0.438473684156743,0.48007751967370305,0.25373359355448627
6345,HON,0.708622083471147,0.40725167635838244,0.4691743334442799,0.06546296121796122
6346,HON,0.7067174638069593,0.38479008109593354,0.4549083615446461,0.06491423527457553
6347,HON,0.7061888688071298,0.38056628411863075,0.44245316950881347,0.06776809228763933
6348,HON,0.705929268615026,0.38953784442539385,0.4347031575035068,0.05114590368632511
6349,HON,0.7048720862969824,0.3961383269000924,0.43013211794257356,0.07849410667460245
6350,HON,0.7037540783877425,0.4055211047698582,0.42879091460304347,0.1203736858736817
6351,HON,0.7026507423638977,0.41767162317055817,0.4307166464300904,0.0
6352,HON,0.7026045901944196,0.4317529353021437,0.43573243779081283,0.0
6353,HON,0.7021179470567729,0.4338844325200738,0.44027111501763694,0.0
6354,HON,0.702050819980419,0.4412218225614969,0.44571289238867484,0.0
6355,HON,0.70184945104194,0.4476900952503269,0.45166265553517404,0.0
6356,HON,0.7017152050829543,0.45429714592858905,0.45805305709943545,0.0
6357,HON,0.701706814710517,0.4661988999499984,0.4661026788948674,0.0
6358,HON,0.699323949450628,0.44478807608397,0.46725827917406015,0.14221490685026486
6359,HON,0.6973312334363952,0.4277490844359888,0.4639776112026874,0.09950873250004712
6360,HON,0.6956951108112563,0.41889594434946026,0.45916816079172623,0.11486999095829376
6361,HON,0.6950322724129792,0.4244489952979861,0.4566910690126139,0.07470649517081725
6362,HON,0.6942771378694688,0.4297104006130111,0.45600788727940167,0.0694756292488459
6363,HON,0.693429709741264,0.44262491676282756,0.4586485876756307,0.07040631578301483
6364,HON,0.6960126017053692,0.45374451430047913,0.4635054157566683,0.14123118849568886
6365,HON,0.6979927296004096,0.44883789149666226,0.46617994529471796,0.0
6366,HON,0.7010468302884125,0.4592263657039531,0.47088339866703877,0.0
6367,HON,0.7032534997755642,0.4698652931878432,0.47727180187385193,0.0
6368,HON,0.7046840608365446,0.4802813957775067,0.48495317274443295,0.0
6369,HON,0.7049273760040213,0.47293283732875996,0.4892846775375145,0.0
6370,HON,0.7059509952959955,0.4797437588645412,0.4944307868499756,0.0
6371,HON,0.7077800903418838,0.4985632921367257,0.5031922523360226,0.13357137754317164
6372,HON,0.709869296151246,0.5200252281345085,0.5154981361313192,0.09615698996646724
6373,HON,0.7145280550556423,0.5573345273567764,0.5345506141150608,0.12019925062969808
6374,HON,0.7179513311066406,0.5762086373433404,0.5544506438311917,0.11643114256399648
6375,HON,0.7216766590290344,0.5937510128634892,0.5747000487243998,0.07350254136372422
6376,HON,0.7248314426499527,0.6006195488335934,0.5925946971059428,0.10389919746639383
6377,HON,0.7271387971184518,0.6010324700073643,0.6070123229406789,0.11438788350004755
6378,HON,0.7314514480387615,0.5928091700175914,0.6165169493402066,0.0
6379,HON,0.7360116180185972,0.5873439119702932,0.6227718488120485,0.0
6380,HON,0.7404920768997472,0.584796679613532,0.6271471226475743,0.0
6381,HON,0.7442090108649495,0.5843661395881705,0.6305410863314154,0.0
6382,HON,0.7472966689458374,0.5756719621016053,0.6311105725151179,0.0
6383,HON,0.7498725137959839,0.5699338095444676,0.6301500106495654,0.0
6384,HON,0.7556534839895614,0.6029095541504526,0.6375198298859579,0.0
6385,HON,0.7602262349190827,0.5991319737932543,0.642483395058157,0.23479882313186645
6386,HON,0.7637795525249103,0.5966310268721104,0.645837024495898,0.03796903029344128
6387,HON,0.7670853638739032,0.5926772133541632,0.6475441442602436,0.04787414716286335
6388,HON,0.7701268728579591,0.5871336439234032,0.6475417115189448,0.03594330240979222
6389,HON,0.774305274746637,0.5795143272697343,0.6456593514884459,0.031171753411677255
6390,HON,0.7767678541778587,0.5645980618216568,0.640472194758895,0.0604569326833356
6391,HON,0.777950899764067,0.5502892907582682,0.6327911276122518,0.09883882227283863
6392,HON,0.7785589469819016,0.5384035407666631,0.6237129230750782,0.0
6393,HON,0.7775835615771767,0.5306421924765969,0.6145348928247258,0.0
6394,HON,0.7768032528437101,0.516816742954854,0.6037804084920868,0.0
6395,HON,0.7773989667261714,0.5256968049279979,0.5973683812630423,0.0
6396,HON,0.777231155692685,0.5175206642310031,0.5902209239175786,0.0
6397,HON,0.7782799501988307,0.5214874951488396,0.585481954464092,0.0
6398,HON,0.7798069979822935,0.5226134620731163,0.5819686625857816,0.0
6399,HON,0.7806124737362081,0.5167359272025736,0.577707479328727,0.0
6400,HON,0.7825422588845208,0.527972403530025,0.5770716456583828,0.09423907884166233
6401,HON,0.7843857902462656,0.53796813910853,0.5790298822978186,0.10612478080546131
6402,HON,0.7873140276661039,0.5508049565192504,0.5837645416851059,0.08478385588668547
6403,HON,0.7907237871466615,0.5679162450241925,0.5917752599359716,0.08273511832889283
6404,HON,0.7904042022441935,0.5746938856084317,0.5998565264222017,0.05619071995736417
6405,HON,0.7918683181375203,0.5718158124521554,0.6056112438150821,0.0799233361485487
6406,HON,0.792963268397898,0.5659631848865805,0.6087706149882945,0.19767391916986354
6407,HON,0.7932317557068997,0.5499547512637627,0.6073473009199598,0.0
6408,HON,0.7931436578205306,0.5312346697544595,0.6015886158868663,0.0
6409,HON,0.7934541051854391,0.5186442181321944,0.5938743997776327,0.0
6410,HON,0.7954216424007474,0.5201324314145841,0.588070311382609,0.0
6411,HON,0.797494067465236,0.520423865085875,0.5834989652148279,0.0
6412,HON,0.798639605014007,0.5093510625951622,0.5771091693283108,0.0
6413,HON,0.8000827490731033,0.5060788002657312,0.5711897526688533,0.0
6414,HON,0.8021048288303261,0.502899941128893,0.5656696908881527,0.0
6415,HON,0.802271797241815,0.49833152236297146,0.5601261758058137,0.0
6416,HON,0.8030898570180618,0.48763395033799284,0.5530512500161864,0.10768176875584282
6417,HON,0.8023515021952088,0.4715514455349653,0.5434222179360976,0.07340086051798501
6418,HON,0.80164670732578,0.45793537390422245,0.5323586056822441,0.06316966369498551
6419,HON,0.8014463462152404,0.44721300005716397,0.5208614811748038,0.03736705338989477
6420,HON,0.7999360766161119,0.4399479953193259,0.5098708103538193,0.037857926438290904
6421,HON,0.7985791832709368,0.4382660397660828,0.5006631744643746,0.048758156929483897
6422,HON,0.7963389553666853,0.43263885827535514,0.4919083021114011,0.07743434682547579
6423,HON,0.7934577893496328,0.4290475268022412,0.48401807941750563,0.0
6424,HON,0.7909498187409638,0.42560311109084126,0.47685583461467196,0.0
6425,HON,0.7889526645351705,0.42245897866157683,0.47035008071795814,0.0
6426,HON,0.7874507863326943,0.42395974291019956,0.46551585961621267,0.0
6427,HON,0.7876353745262996,0.43528391609673045,0.46444323886921224,0.0
6428,HON,0.7880129412859471,0.4415682521152512,0.4651360887600721,0.0
6429,HON,0.7881471872449328,0.44671118850915037,0.4669596227541753,0.0
6430,HON,0.7864691127576107,0.4414706819473244,0.46712511597974915,0.0
6431,HON,0.7847910362218578,0.4373867325245922,0.46624960980544766,0.07253350537264934
6432,HON,0.7853573889218675,0.4503867838723733,0.46875756035944655,0.06687816574766758
6433,HON,0.7863390614727357,0.4715607606805216,0.47598956514765745,0.07354395877718264
6434,HON,0.7871361448057828,0.4857443711214394,0.4852756216501073,0.07070500326737372
6435,HON,0.7879766924598721,0.4954887723265748,0.4951093422098954,0.07125526318903565
6436,HON,0.7896212110906324,0.5055493848872005,0.5054592335872707,0.10055249514715014
6437,HON,0.7918027130452274,0.5118794739538151,0.5153013848286615,0.10784809582893776
6438,HON,0.7938835289942605,0.514172299486684,0.5237409650785635,0.0
6439,HON,0.7959213816684176,0.5147649722593667,0.5306388983119819,0.0
6440,HON,0.7982622147471532,0.5191798686815937,0.5372468219173211,0.0
6441,HON,0.7995543356871457,0.5133382529062085,0.5410914757218853,0.0
6442,HON,0.8020294965801602,0.517593482999893,0.5452173708365304,0.0
6443,HON,0.8043704104899754,0.5191883183229071,0.5489116852712713,0.0
6444,HON,0.8060579660981504,0.5110497997706214,0.5498585862366738,0.0
6445,HON,0.8078076104623566,0.5039887921625725,0.5488734813883382,0.0
6446,HON,0.8106855092323291,0.5148404077760231,0.5507635285135183,0.17034039854508734
6447,HON,0.8122641569869051,0.5170832103602505,0.552829080026747,0.33383487118307853
6448,HON,0.8137324721633119,0.5140149463133316,0.5537242871659479,0.06480598023622389
6449,HON,0.814252679351243,0.49978737133829243,0.5509291499517791,0.137176007352577
6450,HON,0.814420490384729,0.4745963685072196,0.5424760114813897,0.06280041320991966
6451,HON,0.8135814531410683,0.4425918399757357,0.5278149238316512,0.09838739438011719
6452,HON,0.8109091215684385,0.41196717793673593,0.5085280218195987,0.14499250322902427
6453,HON,0.8070663320166869,0.38555201148379276,0.48657935331336377,0.0
6454,HON,0.8034500835449387,0.3661111181195098,0.46422249153454703,0.0
6455,HON,0.7999590172381241,0.35235594746986737,0.44294228649565737,0.0
6456,HON,0.7953820649770926,0.3327888898230729,0.42108905870071156,0.0
6457,HON,0.7906247207328887,0.3157409214168808,0.3993991128455847,0.0
6458,HON,0.7860939196171195,0.30463310728088244,0.379305796489129,0.0
6459,HON,0.7824776690969406,0.30793495839263674,0.36404602573554273,0.0
6460,HON,0.7774519199111363,0.30015323290443835,0.349917713509188,0.0
6461,HON,0.7738188886460833,0.30372958556497354,0.33949769183455897,0.0
6462,HON,0.7705802007886908,0.3224178730571656,0.3357738616497008,0.09407297090832113
6463,HON,0.767362491422928,0.33779308613018616,0.3365893324621747,0.04455768612963694
6464,HON,0.7657001059078472,0.36091988163582683,0.3429493005224641,0.05063859515639785
6465,HON,0.7644541304799333,0.3849920551750542,0.35397818152156124,0.05176278209312651
6466,HON,0.763506014297735,0.42511592155303224,0.37270368006283083,0.07180048289636136
6467,HON,0.7627664027626051,0.45378221094344284,0.39475879303210765,0.08310612193198866
6468,HON,0.7627160625764158,0.48029248016375675,0.41894550124881064,0.11354003179279547
6469,HON,0.7636222187027082,0.5009398886505007,0.44339055742151084,0.0
6470,HON,0.7656610756200504,0.5164608062313448,0.4667770965516983,0.0
6471,HON,0.767708328543014,0.5159753296908632,0.4853665143809687,0.0
6472,HON,0.7701499223130983,0.5138743766629887,0.49971954267789964,0.0
6473,HON,0.7728012800030668,0.5111272946780967,0.5105239975642891,0.0
6474,HON,0.7758889370597397,0.5139607139405922,0.5198668368849242,0.0
6475,HON,0.7784396102804685,0.5096188026556308,0.5262695437336884,0.0
6476,HON,0.7817401310858578,0.5045063258466136,0.5301299724228604,0.0
6477,HON,0.7851298415502481,0.49788150934042014,0.5315833397989435,0.0
6478,HON,0.7870931835793371,0.4759884796597508,0.5273429302685291,0.08941647028092402
6479,HON,0.7870176656184391,0.44476519562361116,0.5162448334760099,0.062060378261511735
6480,HON,0.7876008021359677,0.416167298111362,0.5003085207204503,0.042613697374135985
6481,HON,0.7876930987933095,0.39630530129019315,0.482657617061188,0.03899197466393823
6482,HON,0.7861912277603404,0.37671410194327226,0.4637018723045374,0.04590671045371133
6483,HON,0.784710327537387,0.36172761606877935,0.4448386777016823,0.05773214898522954
6484,HON,0.7827637677894934,0.3552846290338236,0.4281580211578896,0.08758621505761842
6485,HON,0.7802172948760591,0.34915604668166356,0.4133009887541888,0.0
6486,HON,0.7760976250823304,0.3474137384710596,0.4009853688281883,0.0
6487,HON,0.7722548355305778,0.34744024861016576,0.39113941547311754,0.0
6488,HON,0.7683197488093776,0.3516318208850234,0.38429711439035963,0.0
6489,HON,0.7627401511390324,0.3368025480486716,0.3751634742129489,0.0
6490,HON,0.7581002751815875,0.33751700755170766,0.3680328875339038,0.0
6491,HON,0.7553239009423134,0.34951796696246457,0.36529020218843816,0.0
6492,HON,0.7524711743138655,0.3581934343083615,0.3652371210950134,0.0
6493,HON,0.750902179277189,0.38085180229922416,0.3707866417802597,0.06133918933192616
6494,HON,0.7486535594641777,0.3970335367744013,0.37921983922348024,0.028883715242791506
6495,HON,0.7465979177051003,0.40676539644243215,0.38836817733969,0.027213870319229644
6496,HON,0.7442035612197269,0.40984405343560815,0.396446646837464,0.03204546360987163
6497,HON,0.7417116185576229,0.4095609906089213,0.40283956377507535,0.03197073695384347
6498,HON,0.7411201085672112,0.4161277067834904,0.4095745339941216,0.036090564324311056
6499,HON,0.7411201085672112,0.4148824645461087,0.41465518986222394,0.057245658731908365
6500,HON,0.7415270359972022,0.41492667084032286,0.41873062447568166,0.0
6501,HON,0.742064017272607,0.41905791606316517,0.4230105453166505,0.0
6502,HON,0.7426429514344095,0.41850190993952674,0.426297262123639,0.0
6503,HON,0.7445727381190452,0.43393519589124774,0.4327355026606269,0.0
6504,HON,0.746208855111,0.44702798387356213,0.4411173375771689,0.0
6505,HON,0.748021175557307,0.45724441991705533,0.4503441769901479,0.0
6506,HON,0.7493636351471644,0.46151718566028355,0.4587801483127037,0.0
6507,HON,0.7514108855095896,0.47329464404432237,0.46843555029816775,0.04825501205487785
6508,HON,0.753754815221606,0.4887686709468572,0.47997879366540264,0.02883353223918315
6509,HON,0.7571948709932621,0.4941847370239281,0.4905500496450839,0.033648251768786525
6510,HON,0.760391599306856,0.5060885141948888,0.5019448542772623,0.019570933127751024
6511,HON,0.7629749985648422,0.5176784957344558,0.5139210544498036,0.043626123036453024
6512,HON,0.7656179607612974,0.5248203209638744,0.5252645856419814,0.07021895129356005
6513,HON,0.7669688112356994,0.5290908437770221,0.5353933568426177,0.05855940155562928
6514,HON,0.7688377666959538,0.5353066807489547,0.545030415028174,0.0
6515,HON,0.7705997454197506,0.5343890623589357,0.5525135973939985,0.0
6516,HON,0.7717576127191403,0.5205222727258485,0.5550778805966508,0.0
6517,HON,0.7744341435748496,0.5236693724460808,0.5579059975275789,0.0
6518,HON,0.7752773698594368,0.5099327379808962,0.5567783501052801,0.0
6519,HON,0.7768212029967416,0.5000004153307326,0.5534249786235302,0.0
6520,HON,0.7804793992338115,0.5172842132471998,0.5550078467431682,0.04984289871053786
6521,HON,0.7838355502568857,0.5301821986560733,0.5594573073075212,0.049520982412281644
6522,HON,0.7876951174808653,0.5411844275202515,0.565732177450677,0.06324504777027491
6523,HON,0.7895661684857984,0.5407484405852301,0.5706444739072756,0.03599611509044555
6524,HON,0.7908876526566715,0.5336886895908602,0.5728319955786257,0.04229484903243225
6525,HON,0.7914498137552171,0.5181447160485748,0.5707458286138039,0.06508538342225294
6526,HON,0.7926748127399312,0.5093830537189988,0.5669145553161452,0.10924313950129928
6527,HON,0.7930943318738701,0.5008729806677195,0.5617492880795151,0.0
6528,HON,0.7928647760158789,0.4924585187213936,0.5555404220918759,0.0
6529,HON,0.7931682527142652,0.4854229633604518,0.5488369851837445,0.0
6530,HON,0.7913223743629647,0.4622413309698727,0.5377531107449198,0.0
6531,HON,0.7892499487863684,0.44416207324718865,0.5244241299073841,0.0
6532,HON,0.7872362645226589,0.4295915494662591,0.5101650040549521,0.0
6533,HON,0.7849708588436979,0.41495800328951815,0.49514620854051355,0.0
6534,HON,0.7825942858510282,0.406348362695195,0.48100635069877223,0.0
6535,HON,0.7815119278067049,0.41059722788616476,0.4707430656663782,0.0
6536,HON,0.7811511433282536,0.41072615648897925,0.46256425665256035,0.12102891373738905
6537,HON,0.779951326215111,0.4161629337585053,0.4573629821586016,0.05991346609403988
6538,HON,0.7794814648465533,0.41408169338190964,0.4526883215925811,0.04011265536460691
6539,HON,0.7794479013083757,0.419535390130004,0.45029454150975257,0.042787475198858366
6540,HON,0.7771615325010148,0.42313707400483186,0.44926839718221556,0.04245284879488475
6541,HON,0.7741913334889481,0.4182977398759778,0.4472531553424251,0.05909519825354382
6542,HON,0.771498031106304,0.41995429859277666,0.44604979327572064,0.10560892582513787
6543,HON,0.7694843437699483,0.42161849083581443,0.44549781894818546,0.0
6544,HON,0.7684481322619194,0.429126618400453,0.44690921234549674,0.0
6545,HON,0.7681796341986549,0.43527088162352545,0.44955470420198307,0.0
6546,HON,0.7663756995158151,0.4262796113423488,0.4494520917288194,0.0
6547,HON,0.7642781064066626,0.41506232594883974,0.44660162505307704,0.0
6548,HON,0.761953973241722,0.4028244591983243,0.4413010000252692,0.0
6549,HON,0.7595780714788467,0.3932023384958514,0.4346858029354154,0.0
6550,HON,0.7592172854640733,0.3928866284546607,0.4293157294139799,0.0
6551,HON,0.7617343971950561,0.4275619734543478,0.4335773932273398,0.0
6552,HON,0.7638152059745811,0.44935053692417437,0.4423640459079547,0.1112855220062332
6553,HON,0.7666847194931945,0.47230970240873915,0.4550595891108562,0.056882325020193726
6554,HON,0.7693234859913232,0.48976941776671234,0.46952500462902685,0.07321459172729898
6555,HON,0.7707414584210026,0.49904871515626426,0.4833874268254098,0.03313809442206053
6556,HON,0.7724782588579808,0.5058830287147458,0.4961640431088274,0.05955758313395268
6557,HON,0.773149478410756,0.5028816717278816,0.5056446144323181,0.06730570740723046
6558,HON,0.7743073539038696,0.49895889365518853,0.5122609471166466,0.07779855709620542
6559,HON,0.7749953664921025,0.49644342863035,0.5169332075599554,0.0
6560,HON,0.7757127417991092,0.49327242218380746,0.5198884254708935,0.0
6561,HON,0.7770971583722264,0.49021956699888325,0.5214991685676282,0.0
6562,HON,0.7780536577573542,0.487393340049523,0.5220902626647397,0.0
6563,HON,0.7803106679428016,0.5001636062276965,0.5257147834666926,0.0
6564,HON,0.7811497051864627,0.4987014761096953,0.5282535528261393,0.0
6565,HON,0.7817957638640824,0.4947416919464683,0.5293073109988555,0.0
6566,HON,0.7834402768616573,0.48896945127959107,0.528725753928963,0.0
6567,HON,0.7831675918058982,0.4568767930659221,0.5203401813816868,0.178424683200615
6568,HON,0.7837045751297333,0.43738650764649034,0.5088216066280714,0.09612543384192748
6569,HON,0.7846191247011092,0.4261555314757358,0.49683499130436065,0.07743456596522953
6570,HON,0.785332303797682,0.4218213079366458,0.48617603173951557,0.06202882213697199
6571,HON,0.7838053420483115,0.426514673888279,0.4788071661612861,0.08071837517514745
6572,HON,0.7831173381659093,0.43475099982269677,0.47494476271280883,0.09331715789764332
6573,HON,0.7810113464905974,0.4304820195388974,0.4708012743965915,0.16047275457355623
6574,HON,0.7795094754576288,0.43423335757940706,0.46841229747219754,0.0
6575,HON,0.7775880806817526,0.4284418417541711,0.46507179530031334,0.0
6576,HON,0.7764050432892682,0.43300891993871443,0.4635265283709966,0.0
6577,HON,0.7748444381129196,0.42459458650986154,0.46021369434675535,0.0
6578,HON,0.784384287988591,0.5486561080375497,0.4881812649704282,0.0
6579,HON,0.7751380975634468,0.42358317175814947,0.47968787091416654,0.0
6580,HON,0.7692144946232009,0.3645322783057861,0.4583196548935029,0.0
6581,HON,0.7624686351841667,0.3094376263538906,0.42762796430257155,0.0
6582,HON,0.7553217998463873,0.26315402937927995,0.391652023669434,0.0
6583,HON,0.7430299016662163,0.18355902920156592,0.3432275752082831,0.7672702944230247
6584,HON,0.7299409155440282,0.10390837370388528,0.28483058499654706,0.47774175607203384
6585,HON,0.7188320614137411,0.06661642228116826,0.22890950324028086,0.20918796011130547
6586,HON,0.7076980361661449,0.039310348575251564,0.17743361894719173,0.1365067545446298
6587,HON,0.6979861826313081,0.012296947556824034,0.1295861229566302,0.15078874971566616
6588,HON,0.6884001795619428,0.0033415517070959355,0.08909797385772034,0.17439601796770668
6589,HON,0.6783653012972652,0.0,0.05588277431470223,0.3149783336525469
6590,HON,0.6691358941775332,0.016233212476358394,0.03331690011958277,0.0
6591,HON,0.6586646233425522,0.026969861637713477,0.017913958552624898,0.0
6592,HON,0.6480675798824675,0.043006114234521275,0.009549281906385376,0.0
6593,HON,0.6383850921390515,0.060132921353632574,0.007084361256149696,0.0
6594,HON,0.6289375327754287,0.08764735690372621,0.011902866410725244,0.0
6595,HON,0.6198507594265807,0.1086919265966858,0.020951377772550794,0.0
6596,HON,0.6099165584616344,0.1279021112912399,0.03293117595089595,0.0
6597,HON,0.6016016993769546,0.15359625556629858,0.04885621628799397,0.0
6598,HON,0.5798800365512653,0.14884901089903507,0.060424649453987345,0.28073336433430385
6599,HON,0.5769350209470927,0.14956631991668762,0.06985642469733966,0.1507153378981605
6600,HON,0.5699877935937949,0.14484027458131343,0.07623547769020411,0.11437867963039013
6601,HON,0.5636942542985217,0.14254543304991585,0.08077236328813642,0.09483974090668634
6602,HON,0.5567536497062653,0.13187547537541816,0.08176857314296643,0.1656034736280646
6603,HON,0.5528227622681441,0.11728788843080618,0.07896538873068054,0.17805674755407164
6604,HON,0.5504650696618878,0.10793717065366293,0.07441512518148197,0.2501703811585393
6605,HON,0.546490131744259,0.10654345329366322,0.07043095102777658,0.0
6606,HON,0.5426892940546901,0.10896760386971677,0.06784188140464198,0.0
6607,HON,0.539799896889726,0.11523684646275534,0.06731784720357215,0.0
6608,HON,0.5364311654290739,0.12551333250061375,0.06943481139694824,0.0
6609,HON,0.5335448711655872,0.14155509407920275,0.07508741895144888,0.0
6610,HON,0.5295510538857604,0.15825803653056225,0.08373171772612292,0.0
6611,HON,0.5260354878348217,0.17340253625595076,0.09438475266679242,0.0
6612,HON,0.5221171839069245,0.18645856247834408,0.1061293504656236,0.0
6613,HON,0.5189456231258864,0.20845060843268992,0.12095256891680128,0.0
6614,HON,0.51446515912366,0.22260055326029063,0.13630328782433204,0.18878057054349726
6615,HON,0.5110083205586999,0.24374728367130136,0.15380278300439498,0.1443830755738503
6616,HON,0.5081707011071863,0.268824598092922,0.17399135004809207,0.09709118273669613
6617,HON,0.5049571920487188,0.2930622706108944,0.19612395465394195,0.11530607906825283
6618,HON,0.5045702178707567,0.31902620793420744,0.2202378238707,0.09820769978204359
6619,HON,0.5039493257014787,0.33909808361202254,0.2444825698776138,0.10162781391879294
6620,HON,0.5041926408689554,0.35760068301320447,0.2684447268338558,0.1335117715301521
6621,HON,0.5046968231829685,0.37416670568560306,0.29170287393070077,0.0
6622,HON,0.5062993889273293,0.3886295494314685,0.31387875783154423,0.0
6623,HON,0.5088458674739487,0.40197466916374003,0.3349129818052088,0.0
6624,HON,0.5118244527615912,0.4163766514896238,0.35529470687674813,0.0
6625,HON,0.5142807342924085,0.4238980748863085,0.37345634114618786,0.0
6626,HON,0.516839797885575,0.43090649329991676,0.3897152954005165,0.0
6627,HON,0.5187726879837959,0.4296901182716701,0.40242226279709026,0.0
6628,HON,0.5191334739985702,0.4119182190766998,0.4082018101606327,0.0
6629,HON,0.5209290172847587,0.4196959541727177,0.4147449588637136,0.13537906137184116
6630,HON,0.5227832844721725,0.427449317063967,0.42189297368548656,0.046137026334900764
6631,HON,0.5247927802070635,0.4343508901972525,0.42931466343644453,0.047362455837861125
6632,HON,0.5264205150203045,0.4334582756595535,0.43503172189536654,0.0388111843670959
6633,HON,0.5269700879996564,0.42895100634595745,0.43849299442060097,0.05131617527498752
6634,HON,0.5278007394798498,0.42315208501560725,0.4398308641623295,0.0763949669734477
6635,HON,0.5276581046847504,0.41486860953298943,0.4388568346404921,0.13754503869788912
6636,HON,0.5266445431878601,0.40463375417535374,0.43555169373756153,0.0
6637,HON,0.525872625338939,0.40251647829682896,0.4323850466409854,0.0
6638,HON,0.5246476365963781,0.4012241820542112,0.429532795935059,0.0
6639,HON,0.5234058609636527,0.3988061186059608,0.4266542279468565,0.0
6640,HON,0.5221892615693133,0.3993058301044081,0.4244747001561892,0.0
6641,HON,0.5205195774544276,0.3959311618258546,0.4218982246355887,0.0
6642,HON,0.518749208870303,0.3933316985857208,0.4191955081248757,0.0
6643,HON,0.5156112095790113,0.3770744468736613,0.4130211166993729,0.0
6644,HON,0.5128738526199981,0.3733075803091991,0.4071519574589796,0.10929529476269137
6645,HON,0.5098449286824893,0.36363534295958316,0.40006956443097474,0.09529094965965404
6646,HON,0.5071222466815173,0.36148294675838694,0.39387244809317645,0.058308705677341255
6647,HON,0.5048652395687157,0.35938999711152475,0.3883982242556843,0.05175335908371533
6648,HON,0.5039171274833789,0.3572184244482911,0.3834829106038108,0.057594090940368124
6649,HON,0.5008893803693484,0.3532371622316561,0.3785681016783586,0.10093073036211968
6650,HON,0.4978017294579682,0.3518262594337296,0.3742880499331581,0.11710916096209364
6651,HON,0.49486090238261315,0.3541467738586106,0.3714367012905494,0.0
6652,HON,0.49236056883596513,0.3557906392347256,0.3695613211209397,0.0
6653,HON,0.49011614062441833,0.3571834405911534,0.36840475423394586,0.0
6654,HON,0.4881947458485425,0.3606468588370074,0.3683342571139909,0.0
6655,HON,0.4866257497876503,0.36450185558882325,0.3692292556606267,0.0
6656,HON,0.485795102916426,0.37308682751781,0.372063987810023,0.0
6657,HON,0.48425127438808957,0.3776360567827348,0.3754545033028751,0.0
6658,HON,0.4827997399565569,0.3829423047666612,0.37947647436068405,0.0
6659,HON,0.48191875085071256,0.3926526877444303,0.38509053101587054,0.0
6660,HON,0.4802742429742137,0.39369143028069054,0.3898381334291823,0.09840799351696952
6661,HON,0.4795107247156669,0.40122633472720104,0.3954957966358421,0.06149390199807245
6662,HON,0.47873042417592426,0.40691535707609905,0.4014259528943843,0.05260493616678113
6663,HON,0.4792254510286069,0.4120859445634635,0.4074461561508805,0.1032100029408555
6664,HON,0.4799407246456431,0.4273140904026621,0.4160205581699885,0.06192560731295655
6665,HON,0.4813697739647149,0.44035343773185465,0.42609813335408864,0.06271078505063662
6666,HON,0.4811809982665065,0.43597972665517937,0.43308078084489754,0.13998340673784618
6667,HON,0.48134041227015567,0.4354170094555127,0.43852802270771213,0.0
6668,HON,0.4815837330708175,0.43457066062043903,0.4426769410280331,0.0
6669,HON,0.4821472242154621,0.43453421114010454,0.44598708011286214,0.0
6670,HON,0.4824408862265277,0.4320950757185681,0.4480332234869395,0.0
6671,HON,0.482541570695767,0.4304120707066853,0.44925477995176777,0.0
6672,HON,0.4823150306399788,0.4241786561410692,0.448693645825775,0.0
6673,HON,0.4824912284611478,0.42338537092329714,0.44804895922240606,0.0
6674,HON,0.48253318032333103,0.42279329795190473,0.4473870889345344,0.0
6675,HON,0.4822982498951056,0.4194868100591631,0.4460415660355054,0.0
6676,HON,0.4810900403610954,0.41031914304270783,0.4427026078195229,0.13527606568757947
6677,HON,0.4799237744955449,0.40103155882062785,0.4377393063110712,0.09517809268647369
6678,HON,0.47780101641437556,0.38391381425284343,0.42954408103536085,0.10361913686110352
6679,HON,0.47508253267226763,0.3689962477350076,0.41930631101134724,0.1063857762521755
6680,HON,0.47252765299895083,0.3529448299733191,0.4071546756888192,0.1289882887332802
6681,HON,0.4693015537728593,0.33961294072399223,0.39414311580280503,0.17970949957684113
6682,HON,0.46688512241425384,0.33923492496520596,0.383640575267383,0.23986182800246664
6683,HON,0.4643428446870379,0.3389344928913683,0.3751643975246372,0.0
6684,HON,0.46117128749075365,0.34326465318137633,0.36945211984431536,0.0
6685,HON,0.45839138769727983,0.3533573465338531,0.36737313002792804,0.0
6686,HON,0.4564364293832268,0.3574265614066735,0.36671420250746867,0.0
6687,HON,0.45375151020351145,0.3557374618310417,0.36577019814514045,0.0
6688,HON,0.4514105962936976,0.3589866863582344,0.3658168889772582,0.0
6689,HON,0.4494531224042366,0.36755697819364763,0.3679693519725148,0.0
6690,HON,0.44790090350346423,0.3774189923606432,0.3721252240882286,0.0
6691,HON,0.4470618662598027,0.3944346123498401,0.3796493019529362,0.0
6692,HON,0.44806032518872874,0.4250011288841893,0.39321224608216243,0.13481762532273808
6693,HON,0.4484840369483467,0.44623030590037843,0.4093018688991081,0.08331386641854202
6694,HON,0.4490042436241697,0.4637736202150356,0.42650317996332343,0.05970353020994903
6695,HON,0.45017889218054163,0.4819516704852884,0.4447504916673844,0.12622537471802192
6696,HON,0.45264146444225606,0.5041426106165227,0.46482496745078933,0.10430504429033563
6697,HON,0.4559892276534323,0.5288275029008773,0.48697667091970526,0.08731163294617182
6698,HON,0.46041094470958743,0.549576302341048,0.5098187461355254,0.16201856639649656
6699,HON,0.46495013927043916,0.5638282788207216,0.5316097314177276,0.0
6700,HON,0.4703409597062529,0.5784860448187572,0.55265999182135,0.0
6701,HON,0.47564786566343953,0.5856509677753808,0.5712684716158741,0.0
6702,HON,0.48055623353885624,0.593812622874083,0.5881695160317759,0.0
6703,HON,0.4858925104085401,0.6023643755217134,0.6038008865040574,0.0
6704,HON,0.48979403359156315,0.5936529231754798,0.6141560347591276,0.0
6705,HON,0.49369555677458754,0.5906744012717036,0.621705067258009,0.0
6706,HON,0.49789074299289204,0.5852725900494269,0.6264111500066858,0.0
6707,HON,0.5029501375721672,0.5837913636601203,0.6298104560477458,0.0
6708,HON,0.5097169749907238,0.6048058555701545,0.6377161850542266,0.19733074631549374
6709,HON,0.5160568298178294,0.6194416769524276,0.6476528246026223,0.12269700554292093
6710,HON,0.5216364233913131,0.6221905088773525,0.6562805358699975,0.06442555362371688
6711,HON,0.5261957499297791,0.6187725944671251,0.6623391786407468,0.05737780000341858
6712,HON,0.5300175584293627,0.6220475589011532,0.6679943396751196,0.05056496419913843
6713,HON,0.5342588983534688,0.6246125344055375,0.6731514931753577,0.06438873814508717
6714,HON,0.5385212090875897,0.6257481653468517,0.6775574846969259,0.11909500541056052
6715,HON,0.5420367787232827,0.6203903937407715,0.6797600034473261,0.0
6716,HON,0.5452916538541861,0.6194795770913211,0.6812972329046816,0.0
6717,HON,0.5478264687589021,0.6162311555012745,0.6817253203099416,0.0
6718,HON,0.5499324553131375,0.6090252199944204,0.6802893970455154,0.0
6719,HON,0.5522901499678246,0.6036758980379757,0.6778204693034854,0.0
6720,HON,0.5546730157398216,0.6028202250964119,0.67563415079146,0.0
6721,HON,0.5566950954970444,0.5932848556640031,0.6715318087461188,0.0
6722,HON,0.5580177538079516,0.580000158810803,0.664971330357648,0.0
6723,HON,0.5585043954092748,0.5620154368910268,0.6552843973807484,0.0
6724,HON,0.559679380420401,0.5411171298875521,0.6423772407495093,0.06901784630326575
6725,HON,0.5609882841536962,0.53077363671074,0.6294987868231153,0.06740103320011097
6726,HON,0.5631530017786646,0.5304095896789361,0.619106178475769,0.05398529747564152
6727,HON,0.5644283358284903,0.5229779640939376,0.6089579992906426,0.07022925086198623
6728,HON,0.5646338958563257,0.5273666499691084,0.6019225643134166,0.0465143849908553
6729,HON,0.5645029115112346,0.5258772876537333,0.5959266482629857,0.06402211733706631
6730,HON,0.5655768781589052,0.531314854526588,0.592471883010365,0.12448606249252185
6731,HON,0.5666329761810891,0.5308277093396838,0.5895878455187912,0.0
6732,HON,0.5673084026985595,0.5328972336695934,0.5877913650275951,0.0
6733,HON,0.5677866493184767,0.5332008350048314,0.5864291081088204,0.0
6734,HON,0.5680131842531879,0.5306283804315326,0.5847044320997484,0.0
6735,HON,0.5692969112359898,0.5359573809282339,0.5846398651760967,0.0
6736,HON,0.5701155598746301,0.5388790986447586,0.5853092787187829,0.0
6737,HON,0.5709620645497591,0.5398814726706501,0.5860921910536979,0.0
6738,HON,0.571373192799153,0.5317249350950598,0.5847055233235426,0.0
6739,HON,0.571348020657628,0.5213497432847027,0.5810356374346796,0.07421343072488362
6740,HON,0.5719269517467849,0.5246419535868104,0.5789122317457507,0.08507465433990942
6741,HON,0.5730176950424672,0.5253026865032367,0.5773765731722258,0.06156709467582437
6742,HON,0.5734276430065353,0.5127264046750454,0.5730442752735002,0.09334060585129439
6743,HON,0.5748120600917601,0.5075926206826094,0.5683114416455299,0.11349225932647834
6744,HON,0.5771945899211111,0.5091919101684309,0.5649198723539683,0.10920676230217706
6745,HON,0.5791075938124424,0.5112834459169748,0.5627227987440864,0.2134787164896967
6746,HON,0.5778658171555011,0.48355882402057004,0.5541228251156269,0.0
6747,HON,0.5796110171828546,0.49056464999316535,0.5489718532485969,0.0
6748,HON,0.5792418428440742,0.4816182648477165,0.5426431472506957,0.0
6749,HON,0.5807521150037416,0.49243888601425573,0.540250664163051,0.0
6750,HON,0.5812723232158881,0.4961883243684265,0.5392620225872823,0.0
6751,HON,0.5823524158596527,0.5014030475552689,0.5397580800728351,0.0
6752,HON,0.583149501241131,0.5049268209763121,0.5410245778426892,0.0
6753,HON,0.5839633673674824,0.5068870808210549,0.5425215595662833,0.0
6754,HON,0.5842150785405802,0.49926141278840946,0.541837163615303,0.0
6755,HON,0.5864804739773883,0.5248133512416845,0.5475957528775999,0.22444490804676792
6756,HON,0.5885025552709338,0.5408275202590254,0.5561548507644839,0.1441111231394487
6757,HON,0.5899708699352328,0.5455135164401156,0.5641586123206828,0.10474222809906344
6758,HON,0.5920726592548187,0.547673668377987,0.571094737562735,0.06443388093435931
6759,HON,0.5939185386303345,0.542171847678135,0.5752858126067626,0.06708196571865348
6760,HON,0.5926767670944701,0.5125139404118986,0.571319231575484,0.14449111147244822
6761,HON,0.5910490455960296,0.482930966253806,0.5608450188454661,0.18598653868320675
6762,HON,0.5909777330635038,0.4655567189568015,0.5481777608471283,0.0
6763,HON,0.5903400591251367,0.45050058645852853,0.5343281671705069,0.0
6764,HON,0.5891570196842202,0.4385241819450324,0.5202927682720814,0.0
6765,HON,0.5875880154296054,0.4262183458555665,0.5060274229322292,0.0
6766,HON,0.5887039349636742,0.419949336623763,0.49306798275543595,0.0
6767,HON,0.5871684968077742,0.41312093935982197,0.48101521220316057,0.0
6768,HON,0.5873950368635632,0.41506485900849655,0.4718527465805319,0.0
6769,HON,0.5871517191355475,0.429617174174298,0.4681142214587071,0.12769667902468784
6770,HON,0.5878565109323306,0.44822361188146675,0.4697153883491552,0.08590168777055542
6771,HON,0.5884438370028935,0.4642352656760851,0.4749479275926551,0.08129515100701291
6772,HON,0.5881837400663272,0.4666156014664631,0.4797214153908941,0.06062983394904299
6773,HON,0.5882676478875557,0.47218663229689106,0.48491511153491296,0.05043019325058324
6774,HON,0.5890982978314261,0.476620310244052,0.490164280666478,0.09381416685914441
6775,HON,0.5869335930091495,0.4764394611760936,0.49431898321720114,0.1186646149341989
6776,HON,0.5849786346950969,0.475325462529617,0.4973678152916209,0.0
6777,HON,0.5836026141276007,0.47418801611003325,0.49952616417772727,0.0
6778,HON,0.5823063005619282,0.47354150733455075,0.501093287764416,0.0
6779,HON,0.5813078498267257,0.4702096584000727,0.5015247009714822,0.0
6780,HON,0.5823650377779539,0.46739287975062493,0.50117466295572,0.0
6781,HON,0.583984374025035,0.46600443834616545,0.5005519713113855,0.0
6782,HON,0.5846136519577811,0.4591991193631112,0.4983742952032928,0.0
6783,HON,0.5848234112686961,0.447532476992054,0.49375287829399195,0.0
6784,HON,0.5863252889590642,0.45353295110644953,0.49153663538560655,0.09932640822492855
6785,HON,0.5880243429622318,0.457473380729069,0.4907361217582459,0.07210048521924274
6786,HON,0.5896273235138247,0.46244006843283114,0.49132146753625583,0.051848465736842084
6787,HON,0.5899251755900319,0.4484889455247591,0.48834666838732,0.05584141118988942
6788,HON,0.5900384404968495,0.44226541739717057,0.48443088969973674,0.05085357125482491
6789,HON,0.5893420380482874,0.44052932071142487,0.4808698057236446,0.06127059858900295
6790,HON,0.5881422081324525,0.4402936139964394,0.47796276716224073,0.07390882646717352
6791,HON,0.5867661870528482,0.43954869961224335,0.47545329471951603,0.0
6792,HON,0.586255628281112,0.43932156297541614,0.473389660442401,0.0
6793,HON,0.585383025450843,0.43887728508835416,0.471629107192286,0.0
6794,HON,0.5859283965865756,0.45575421677363703,0.47438581710092864,0.0
6795,HON,0.5865996202362123,0.46704914772509265,0.47937872430724066,0.0
6796,HON,0.5866751335881419,0.4679851156774677,0.48360404284619174,0.0
6797,HON,0.5862556149663116,0.46268053568244644,0.48567515066615075,0.0
6798,HON,0.5868932832714941,0.47140823860672676,0.4894859956160586,0.0
6799,HON,0.5888524352354425,0.49108006898858125,0.49738959279000117,0.088179426371015
6800,HON,0.590152939890471,0.498255607173819,0.5054833617925137,0.04956108498721758
6801,HON,0.5909584207654617,0.4984874055403742,0.5120155838118517,0.08222583754118183
6802,HON,0.5925609865098234,0.5020118978869121,0.5181111906363839,0.03318214151256394
6803,HON,0.5941103529707483,0.4973210996946348,0.5218300077340782,0.03504395286040929
6804,HON,0.5936279091161816,0.4841805818877647,0.5215620394145154,0.06066489630964272
6805,HON,0.5937411745351069,0.47982327626286203,0.5202723008957341,0.08236236160776701
6806,HON,0.5939589048022578,0.4792701470951102,0.5191040002349812,0.0
6807,HON,0.5953391272133723,0.47455640622635076,0.5170060291928023,0.0
6808,HON,0.596283049233568,0.47011106706910055,0.5142305622073496,0.0
6809,HON,0.5960397268965836,0.4554041369408179,0.5083805829500246,0.0
6810,HON,0.5972227755554376,0.46171243948155305,0.5052574608648935,0.0
6811,HON,0.5979443475849862,0.4603906293941688,0.502432746281048,0.0
6812,HON,0.5984632921201909,0.45707664263345993,0.49935509725760835,0.0
6813,HON,0.5997050672408086,0.4625635978499699,0.4982471344525661,0.0
6814,HON,0.599629553888879,0.46823231144764516,0.4987597777912705,0.0
6815,HON,0.5990841807047147,0.4650446107538026,0.4983831819517191,0.09619665426189566
6816,HON,0.5980521654071196,0.4488990109702209,0.4940972422680061,0.055013282060474684
6817,HON,0.5983591739688716,0.4462713662705402,0.4900199993665397,0.0884395452587142
6818,HON,0.59709641677187,0.4387109756970849,0.484892333905324,0.0620202756865758
6819,HON,0.5951330726943498,0.43770522760135383,0.48054198732998926,0.052709465829319055
6820,HON,0.5945709192774196,0.4458665841210101,0.4790758969620088,0.05579539184160228
6821,HON,0.5945373506181655,0.4537216304639852,0.4798416155555759,0.16719793447633707
6822,HON,0.5940005299807023,0.45777476730340033,0.481454486775153,0.0
6823,HON,0.5940873700486407,0.46138100769179086,0.48363478801704657,0.0
6824,HON,0.5949714600075322,0.4645831137791209,0.4861692947088285,0.0
6825,HON,0.5956175197093665,0.47043697820264435,0.4896416080544476,0.0
6826,HON,0.5961628939177457,0.47679977720067246,0.49398976953763535,0.0
6827,HON,0.59850380782756,0.4987762620510615,0.5028919985242855,0.0
6828,HON,0.6000560267283332,0.5056347528293006,0.5117064270714122,0.0
6829,HON,0.6021200583477389,0.5054346932488504,0.5187085960845971,0.0
6830,HON,0.6039575488871409,0.5198583479577792,0.5278700258365648,0.12875512403529202
6831,HON,0.6061138689701648,0.5280042638142387,0.5372095458426632,0.08671973647129773
6832,HON,0.6089917605706296,0.5398746313791818,0.5476107163521584,0.05753908686217731
6833,HON,0.60974689511414,0.5311995681591116,0.5537906853132836,0.05636077240627283
6834,HON,0.6100153813989269,0.5192328139727972,0.5557813181833579,0.0673716684731087
6835,HON,0.609138589015624,0.4880967865784767,0.5496895898666426,0.10580111138917511
6836,HON,0.610170601240573,0.4723753316526208,0.5409362212865341,0.15830392843070953
6837,HON,0.6102998920455254,0.4591320685827153,0.5306651473457249,0.0
6838,HON,0.6111766921104436,0.4519520612753373,0.5206762939700318,0.0
6839,HON,0.6116507450804649,0.44632840751464004,0.511297318256315,0.0
6840,HON,0.6110802012910987,0.438414514700768,0.5018410237472019,0.0
6841,HON,0.6103166794477985,0.4314767305554626,0.49256377352787517,0.0
6842,HON,0.6096285011005476,0.42508495934870827,0.48356451233203845,0.0
6843,HON,0.6094941712378374,0.42743316125314473,0.47694462927709497,0.0
6844,HON,0.6089580264391383,0.42528249219187036,0.4711179471682818,0.0
6845,HON,0.606659062343077,0.40653397181260126,0.4618295491147829,0.2388884092163168
6846,HON,0.6033490542715421,0.38238764911468215,0.4484396244348893,0.1331414253463175
6847,HON,0.5983903456978283,0.3620305885844317,0.43270365169023794,0.1393761704802097
6848,HON,0.5940860805409858,0.3450230587781263,0.4159174899439343,0.23947526547685466
6849,HON,0.5907467158959689,0.3393709328465756,0.4010936407271938,0.1247976792223519
6850,HON,0.5862704593705459,0.3379645544504905,0.38888747335143703,0.27869361150641486
6851,HON,0.5805734021192728,0.32133719810878514,0.3750189810391642,0.16689289193911946
6852,HON,0.5755559655474718,0.3241942992010763,0.3646293071723013,0.0
6853,HON,0.5719313236306416,0.3273940596660157,0.35710725488778905,0.0
6854,HON,0.5685667899167459,0.33013093646887876,0.3517650622172961,0.0
6855,HON,0.5659280152248933,0.3212565448289624,0.3453011472571351,0.0
6856,HON,0.5621020084664461,0.31083132902916744,0.33755711788369885,0.0
6857,HON,0.5586032231603797,0.3074499612217714,0.3305273876826319,0.0
6858,HON,0.5545590636459337,0.3032725823518737,0.3238726447903958,0.0
6859,HON,0.5510644714776554,0.3081978773685763,0.3197643916234,0.1265661370351005
6860,HON,0.5473949428094542,0.3080532372309319,0.31644209254001526,0.0784285838882317
6861,HON,0.5443744112928135,0.31636656828655224,0.3158359468126286,0.14603582759661982
6862,HON,0.541202850511775,0.3214485971422405,0.31660525259959876,0.11770061915746023
6863,HON,0.5386437889670392,0.34121396133100773,0.32209870217533987,0.1557239961098311
6864,HON,0.536982748472087,0.36431654969741534,0.33219507903075246,0.14079729178326728
6865,HON,0.5364038107255302,0.37885082125036473,0.3438591748070715,0.1405463767652255
6866,HON,0.5368610921686181,0.3933560820171361,0.3567702859856876,0.0
6867,HON,0.5374651974477311,0.4048937250439527,0.36994661448063704,0.0
6868,HON,0.5383763959912087,0.4160197740685739,0.38323353723925885,0.0
6869,HON,0.5382589271923424,0.41943005034564684,0.39470471663164003,0.0
6870,HON,0.5371807581889456,0.41284513507021314,0.402256532018541,0.0
6871,HON,0.5367360684498044,0.39880207866419565,0.4048322197737837,0.0
6872,HON,0.5355194644464962,0.3936683581154095,0.4056257903266016,0.0
6873,HON,0.5343615930502441,0.3905106606431867,0.40548134092147126,0.0
6874,HON,0.5338749514489209,0.3954888824701764,0.4065943846481465,0.0
6875,HON,0.5349489170723762,0.4060897594602817,0.4101010694439378,0.12380059334279725
6876,HON,0.5370611938454006,0.422240779862822,0.41689241807755983,0.08028491674223336
6877,HON,0.5376820783330634,0.4207664815272187,0.4219616466397578,0.05390070953069469
6878,HON,0.5386553635841409,0.42096125649308064,0.42606509909439627,0.07452373261619118
6879,HON,0.5395950812001797,0.4275736971397744,0.4309797823256709,0.06631914023585574
6880,HON,0.5422284029693203,0.44742806520997647,0.4398114996233206,0.2107460437604557
6881,HON,0.5448126392161194,0.46924107106657786,0.4522602273649165,0.18519982696725043
6882,HON,0.5473381413195382,0.48246270598525115,0.46548225090232026,0.0
6883,HON,0.5486554277436553,0.4924755451969869,0.47853099440940755,0.0
6884,HON,0.5499087800419131,0.5054570623550242,0.4921737705520091,0.0
6885,HON,0.5514945645292944,0.5143863936037943,0.5052917111436767,0.0
6886,HON,0.5538186976942345,0.5316913965290238,0.5200568622249434,0.0
6887,HON,0.5552870128706413,0.5337206394116989,0.5323697913080155,0.0
6888,HON,0.5555840320548975,0.5220709923677297,0.5393450529236199,0.0
6889,HON,0.5571614220729804,0.521576983003556,0.5448033428778672,0.0
6890,HON,0.562115939045229,0.5507249684623632,0.5563635694485232,0.19068029306874107
6891,HON,0.5668690804215988,0.5607239544765816,0.5680794564739965,0.22413504443496787
6892,HON,0.5715131546379086,0.571290919550226,0.5800600465970013,0.11678790208309867
6893,HON,0.5764970414984392,0.5824305736459967,0.5923937363297869,0.08439948475861099
6894,HON,0.5816067726791507,0.5979122075450326,0.606081487268157,0.07530869121411751
6895,HON,0.5861711373330967,0.6079830271978357,0.6195171220138527,0.13844614136530203
6896,HON,0.5898901658187623,0.6114165368348093,0.6311130048869271,0.1374751331164434
6897,HON,0.5950633369209242,0.6150269594596252,0.6412807476091732,0.0
6898,HON,0.5996360878504459,0.6098879302273137,0.6481466519758495,0.0
6899,HON,0.6039948924765568,0.6076371859904864,0.6530839016911746,0.0
6900,HON,0.6058365751295312,0.5887145733419151,0.6523636838906468,0.0
6901,HON,0.6063987259859225,0.563398096540755,0.645539514527235,0.0
6902,HON,0.6086221746816238,0.5582772607895726,0.6388163792965058,0.0
6903,HON,0.6092824969923853,0.5345613809142675,0.6275848962701971,0.0
6904,HON,0.6117460781472226,0.5419725915880156,0.6204287640460951,0.0
6905,HON,0.6173592347467758,0.5833852372791921,0.6249243170747593,0.17596900312011182
6906,HON,0.6216802801363839,0.6100664330674156,0.6351055612641318,0.16739165401865055
6907,HON,0.6256657096043114,0.6145777526388885,0.6443639304433624,0.07654485856501153
6908,HON,0.6305321261296521,0.6143745468909957,0.6517204755019435,0.06445842458677913
6909,HON,0.6336323702813034,0.6009004979682269,0.6542803755386837,0.05285541290531541
6910,HON,0.633485536203124,0.5805577320214491,0.6513077904076674,0.0804058818863024
6911,HON,0.6341441835120443,0.5609718491775577,0.6440960125631772,0.13213623129587415
6912,HON,0.6349538513795308,0.5501437340207146,0.6356542590930634,0.0
6913,HON,0.6352055569194439,0.5381604216229412,0.6259434275243878,0.0
6914,HON,0.6358851827199943,0.5410931374374865,0.6188985436332726,0.0
6915,HON,0.6367997333155846,0.5447591656879289,0.6141673961679968,0.0
6916,HON,0.6364053893958173,0.5284092217321612,0.6063473839407925,0.0
6917,HON,0.6361909314763383,0.5195940293302223,0.5979158234468144,0.0
6918,HON,0.6367027441949711,0.5144001292783739,0.5898887433635923,0.0
6919,HON,0.6363839100423805,0.5033669232788796,0.5807441325845947,0.0
6920,HON,0.6372313376584775,0.4925501499273955,0.5707589118745517,0.0
6921,HON,0.6351589172029586,0.44013462559340777,0.54983481444439,0.20711752771789174
6922,HON,0.6309931034334735,0.3904194406928415,0.520826047533177,0.09897052526484135
6923,HON,0.6278911878647366,0.3462652016252373,0.48672196200953366,0.08315542837658202
6924,HON,0.6223535451292204,0.31099140208335585,0.4507332750113289,0.0698247188765669
6925,HON,0.6148819194986346,0.29871206288915886,0.41891183850886227,0.07743807220128951
6926,HON,0.6072802441194969,0.2850323668423973,0.3900786004910775,0.10331891539846838
6927,HON,0.6007860912445921,0.2747294540481161,0.36446929651536764,0.19044515611296917
6928,HON,0.5944765306601538,0.26897654218407496,0.3425620599902586,0.0
6929,HON,0.5891360570679289,0.2665561742446943,0.3244389346084351,0.0
6930,HON,0.5849240906168585,0.27203562448224683,0.3112927385208888,0.0
6931,HON,0.5808967133836092,0.27838067890396445,0.30234171317415826,0.0
6932,HON,0.5761393722120514,0.2824527978154947,0.2961858739334048,0.0
6933,HON,0.5716085710962817,0.2878743356304204,0.2925992142275312,0.0
6934,HON,0.5662219519919791,0.2971701336852498,0.29202404853629305,0.0
6935,HON,0.5602480068171132,0.30165238735165256,0.29267011647350666,0.0
6936,HON,0.5556333019769779,0.30479399601391655,0.2939623060231292,0.0
6937,HON,0.5493405226495205,0.2939444425652292,0.2923184355921723,0.0
6938,HON,0.5419402080151383,0.27662456662423784,0.28672887004460124,0.19123690804326168
6939,HON,0.535550943501522,0.2707627062694947,0.280810536253695,0.10474639175438466
6940,HON,0.5295224557847411,0.2709167843117184,0.2761138950040968,0.07372474907402497
6941,HON,0.5276555927965183,0.2788599213005907,0.27431691327632085,0.05555981660632288
6942,HON,0.5263592689886933,0.28502240786698163,0.27440020247371516,0.04564746812502712
6943,HON,0.5254908623688581,0.290910903712847,0.27592008870653584,0.06549298336422474
6944,HON,0.5241811213394842,0.2902536231404881,0.27697378373850534,0.12862692727934927
6945,HON,0.5217101581932253,0.2915930216779533,0.2781472974319408,0.0
6946,HON,0.5197300246650016,0.29447156952899495,0.27979652133537314,0.0
6947,HON,0.5176911662113359,0.29633927699201745,0.281576842445102,0.0
6948,HON,0.5159795302342673,0.3037469605676246,0.28482928305752253,0.0
6949,HON,0.5138064237731852,0.30578154977155947,0.2879333632140895,0.0
6950,HON,0.5107607185786964,0.30398034029452436,0.2899720967628182,0.0
6951,HON,0.508956788504825,0.3189489749994814,0.2952972768092106,0.0
6952,HON,0.5076626554937089,0.3353467174489508,0.3036043115593178,0.07676706627531228
6953,HON,0.5052713947403058,0.3368418298390977,0.31061892652121625,0.05995619834602079
6954,HON,0.5023221731956529,0.33590191989796503,0.31599865285134654,0.08563170759393754
6955,HON,0.4995780195433426,0.33434958092553435,0.31991932348483465,0.06863654313174375
6956,HON,0.4973445084435886,0.33843219204870434,0.3240634304599401,0.06271714010349533
6957,HON,0.496807525119753,0.3480087189684735,0.32974216076259955,0.0803486864105741
6958,HON,0.4974452016186586,0.3599738456373127,0.3372380856393984,0.09318479748637937
6959,HON,0.49796120542664823,0.37466667734199716,0.3468609517808666,0.0
6960,HON,0.4987792718602946,0.39331456866143155,0.3591614622511274,0.0
6961,HON,0.4990267914319291,0.4076019894386782,0.3725279432336256,0.0
6962,HON,0.49881703724209014,0.41185776882762887,0.3842714356542736,0.0
6963,HON,0.49978612321008864,0.4287542278516629,0.39783620136084175,0.0
6964,HON,0.5011713745187452,0.4400743425491013,0.4114817684432349,0.0
6965,HON,0.5021278769765178,0.4440177152361753,0.4233714291438598,0.0
6966,HON,0.5026061282054042,0.44154103521212645,0.4322719239678093,0.0
6967,HON,0.5047540635491767,0.4572916189681823,0.4432794946208789,0.0
6968,HON,0.507334103073434,0.4788543495587166,0.45740713821195156,0.09760944825431081
6969,HON,0.5112104510422864,0.5053205941142231,0.47524100583245404,0.06053100192010252
6970,HON,0.5151497288528439,0.5211315890489598,0.49341018393595304,0.05851535446512588
6971,HON,0.517943725434773,0.5338741085506639,0.5110903241853039,0.054786253275591466
6972,HON,0.5205948301435415,0.5443878543948336,0.5278291826156548,0.0639136431589609
6973,HON,0.5241652705821807,0.5497677212080364,0.5425479968267245,0.07689394819273254
6974,HON,0.5273074737655219,0.5443783028828001,0.5529929634576326,0.21173677458715165
6975,HON,0.5306809053505779,0.5396998206366249,0.5601943079217554,0.0
6976,HON,0.533719892204247,0.5350360767174843,0.5648043920067372,0.0
6977,HON,0.5363125167750518,0.5302384895778526,0.5673084358702826,0.0
6978,HON,0.5372941883017037,0.5098054467736467,0.5642688858693693,0.0
6979,HON,0.5385359634223228,0.5004849844045954,0.5595369967509111,0.0
6980,HON,0.5393330488038006,0.4936239463006945,0.5540582114295685,0.0
6981,HON,0.5404237972205594,0.49025703418069244,0.5488442440702437,0.0
6982,HON,0.541204101857164,0.4760661726387168,0.5411708279710546,0.0
6983,HON,0.543536625394542,0.4961432195088188,0.5399870219527224,0.14692027564274784
6984,HON,0.5448581064927693,0.4972253118444563,0.5393070327670364,0.10021107541081034
6985,HON,0.5470689696298159,0.5030187154854945,0.5401928279554933,0.0765433245867353
6986,HON,0.5495273538748191,0.5042476161499282,0.5412047513850665,0.07629635408426098
6987,HON,0.5512893264533232,0.5139473559921437,0.5444081432586224,0.08198653693008871
6988,HON,0.552392662477168,0.5223312053153761,0.5490399538950685,0.08354483971899271
6989,HON,0.5522164718255063,0.522838158738583,0.5528705162792982,0.16737850563342566
6990,HON,0.552413647626198,0.5225284666416746,0.555858535539309,0.0
6991,HON,0.5538400083798827,0.5371677842644625,0.5618618701473101,0.0
6992,HON,0.5537164214304129,0.5307921580069976,0.5650910613158087,0.0
6993,HON,0.5538461398452874,0.5260914852087311,0.5665143088793501,0.0
6994,HON,0.554911714072091,0.5241464357565921,0.5671728772804658,0.0
6995,HON,0.5544838050778238,0.5047272125259781,0.5629071531212055,0.0
6996,HON,0.5552808904593012,0.5034063080367385,0.5591685803756956,0.0
6997,HON,0.5565226594346266,0.5068494033098474,0.5570274629486425,0.08895342798125391
6998,HON,0.557613410924032,0.4913525411744754,0.5514900115931102,0.07228675400992879
6999,HON,0.558431469676063,0.4828834303448204,0.5449699112063104,0.0615318131754709
7000,HON,0.5592117784095296,0.4764433603830314,0.5381644499561892,0.0441812040326974
7001,HON,0.5605794106530197,0.48055087122441315,0.5337337965653433,0.08954444789711301
7002,HON,0.5625930964530528,0.47997031925656797,0.5300459961804916,0.14730574246959108
7003,HON,0.5616030386508246,0.47512796002657937,0.5259006829131951,0.15925148872591707
7004,HON,0.5623439950012403,0.4774059797546197,0.5231466375486371,0.0
7005,HON,0.5623169780019945,0.47527608371896324,0.5204177522834872,0.0
7006,HON,0.562240368780571,0.4700266846841302,0.5169391154784329,0.0
7007,HON,0.5616614387156296,0.46909769530361745,0.5139269355413291,0.0
7008,HON,0.5618711959781142,0.4789965148503414,0.5139601767169875,0.0
7009,HON,0.5615020165182574,0.47433466571765454,0.5128362457961605,0.0
7010,HON,0.561057326779117,0.46963470180385475,0.5107771706378099,0.0
7011,HON,0.5597484307274367,0.4712124212422983,0.5095192847291246,0.09499270045480264
7012,HON,0.5595973999267159,0.4690540555700843,0.5079803008475907,0.07010653259988718
7013,HON,0.559253390047846,0.4660778745239168,0.5060146053505507,0.08215746593801238
7014,HON,0.5581123055417598,0.4567373905979564,0.5021368586030083,0.08079858032501931
7015,HON,0.5582381616404164,0.44728180198289036,0.49670106352406723,0.10109377033890839
7016,HON,0.5572984424880549,0.44181464694382055,0.49100315764390845,0.21963566701100826
7017,HON,0.5553434969766942,0.43069968308174417,0.4837017087464784,0.32133535876903063
7018,HON,0.5549155849097804,0.42273156396052985,0.4758940528762506,0.0
7019,HON,0.5543072854686653,0.4188088250160079,0.4686798134622649,0.0
7020,HON,0.5537786879082973,0.41760390099844125,0.46261105198325697,0.0
7021,HON,0.5528893068936926,0.422215011288647,0.4588940445382488,0.0
7022,HON,0.5523942785046869,0.42735952691626367,0.4571900824115929,0.0
7023,HON,0.5519160211305083,0.42780059599748027,0.4559357666195222,0.0
7024,HON,0.5496270436260762,0.41333418135870337,0.4513620664818337,0.0
7025,HON,0.5476445664267544,0.40244189370493444,0.44501493768717504,0.0
7026,HON,0.5455900159282021,0.39030466977036843,0.43694182116854496,0.0
7027,HON,0.5433665672325008,0.38288946015656866,0.4286532868358799,0.0
7028,HON,0.5432155359196718,0.4132083537990958,0.4295050289666464,0.12741661841939755
7029,HON,0.5438615992062608,0.43472554493953935,0.4354967708038941,0.07195168932644767
7030,HON,0.5441804369436056,0.4471160997659725,0.4433480987064622,0.05200098700545088
7031,HON,0.5436476401001573,0.4522644847556927,0.45089975979941554,0.05233166889385703
7032,HON,0.5437357482286802,0.46046570757831956,0.45896511439429144,0.06188944925358808
7033,HON,0.5438280428375908,0.4657534177601389,0.4667223816856957,0.0864372653287162
7034,HON,0.5451453246527382,0.4773844099579214,0.47579867323568464,0.14942307077030692
7035,HON,0.5466388104343469,0.48620889749598967,0.4852375511866036,0.0
7036,HON,0.5482329786367641,0.49581133211322,0.4951584921756953,0.0
7037,HON,0.5501543688036712,0.49975914890203393,0.5040695487864415,0.0
7038,HON,0.5519079566429226,0.500820027565631,0.5114602142630646,0.0
7039,HON,0.5527050420244004,0.4917647026788482,0.5151379322910834,0.0
7040,HON,0.5538796941655257,0.490174230342998,0.5176875851365155,0.0
7041,HON,0.5547774640162428,0.4903803766048684,0.5197781834035807,0.0
7042,HON,0.5557004049842704,0.49159470394173166,0.5217503526628954,0.0
7043,HON,0.5556081108874671,0.47621296635285476,0.5195319428881704,0.0
7044,HON,0.5577057004118662,0.4747072795513084,0.5173856181883547,0.3490076694531017
7045,HON,0.5597529497500755,0.47267440873848643,0.5151668548532401,0.07102450902833872
7046,HON,0.5625553290228265,0.4756121393751153,0.5141168631850067,0.06603951791007293
7047,HON,0.5654080607723508,0.4796313631522718,0.5142687966005406,0.0855666230870743
7048,HON,0.5650892353255905,0.4802826673441591,0.5145510823428409,0.05429055915261287
7049,HON,0.5645690235286898,0.47540897389147563,0.5135741048289245,0.07285191543484558
7050,HON,0.5645354548694357,0.47241691331957264,0.5120540954288711,0.1513326545844694
7051,HON,0.5647997577464814,0.46874927781475023,0.5099329315979005,0.0
7052,HON,0.5647116537148196,0.4656860610328139,0.5074800121045397,0.0
7053,HON,0.5649046363777237,0.4654144919857705,0.5054506544635052,0.0
7054,HON,0.564174674487846,0.4617741303325128,0.5029287431063549,0.0
7055,HON,0.5643508723090149,0.46953284558259467,0.5028260308185611,0.0
7056,HON,0.5645438508750562,0.4786888523207908,0.5050035231796973,0.0
7057,HON,0.5652066902975492,0.48804110745860885,0.5090536125018288,0.0
7058,HON,0.566003775679027,0.49505807899904486,0.514025441672392,0.0
7059,HON,0.5680929784157427,0.5060223303446856,0.5207088340159806,0.0
7060,HON,0.5688900689182979,0.504666833216385,0.525721017161581,0.0888153699363925
7061,HON,0.5700731114318596,0.5094582421046321,0.530913262317234,0.052410778344960156
7062,HON,0.5708785846252358,0.5095804553155943,0.5350972201246814,0.047754058577809295
7063,HON,0.5725734429300773,0.5036607099246311,0.5369834192454515,0.08024240363000619
7064,HON,0.5729929615519072,0.4941665136754776,0.5361492526668787,0.051446344288713995
7065,HON,0.5739662478272005,0.49220488577877686,0.5349977982671036,0.08188858146016324
7066,HON,0.5748808081528369,0.4942810582660537,0.5345890249853437,0.11238231647374333
7067,HON,0.575585594316435,0.4949306149055247,0.5344223140815589,0.0
7068,HON,0.5760428655173686,0.4898390864476787,0.533032378529622,0.0
7069,HON,0.5774860136733269,0.4920213468394348,0.532459002354343,0.0
7070,HON,0.5788872094549946,0.49387178832948475,0.5324569822349156,0.0
7071,HON,0.5802044979275425,0.4927609014008443,0.5321812041314902,0.0
7072,HON,0.5809512410744002,0.48467689214033977,0.5299654837198184,0.0
7073,HON,0.5816644227315124,0.4798581572014423,0.5270036648021984,0.0
7074,HON,0.5835774276470596,0.48668609816370784,0.5263193154656967,0.0
7075,HON,0.5833676683361442,0.4772474675979524,0.5234424234875699,0.0
7076,HON,0.583019467367917,0.4712039063913795,0.5196493855811773,0.12103746018778523
7077,HON,0.5824321377126012,0.4659037577921736,0.5153069018938576,0.06575397881093893
7078,HON,0.5814756378153656,0.45732543075445686,0.5097158215618529,0.06157366886843682
7079,HON,0.580670163597774,0.4582879786945487,0.5054805098942103,0.04749240571183385
7080,HON,0.5806282091750523,0.4586738200840761,0.5021874845179537,0.06430042482432662
7081,HON,0.5803332095386935,0.4623598026435556,0.5004627485002685,0.08085687149951636
7082,HON,0.5806268776950518,0.4691173945553221,0.5007507036474734,0.14223747824490093
7083,HON,0.5814323503763199,0.4749127501101855,0.5024113360259899,0.0
7084,HON,0.5826321772195096,0.47959039550555765,0.5048942642383095,0.0
7085,HON,0.5833201862229882,0.48284268950365167,0.5076832586620632,0.0
7086,HON,0.5840434317180545,0.4895274295598911,0.5115642186449055,0.0
7087,HON,0.5844042177328292,0.489553484315429,0.5146754168302473,0.0
7088,HON,0.5852222790453978,0.4894449070622655,0.5171375789900043,0.0
7089,HON,0.5878232965491783,0.5166304126628422,0.5258165719277927,0.21162567073200128
7090,HON,0.589350345356856,0.5250833749837271,0.5348459201994603,0.08938228447933928
7091,HON,0.5908270483451616,0.5281940579613752,0.5428371016937057,0.0949865645416977
7092,HON,0.5924379937076982,0.5246020147956348,0.5483435464349755,0.08969696916572181
7093,HON,0.5945691529155663,0.5290024576679955,0.553834712174061,0.08891069572927299
7094,HON,0.5954081927197654,0.5272058694773657,0.5577842547019632,0.13410388714477994
7095,HON,0.5973212017321736,0.5232548425637032,0.5599687926601189,0.18873323635668765
7096,HON,0.5984161458472594,0.5113075948901833,0.5587678948493783,0.0
7097,HON,0.6000606624295886,0.5074271984825449,0.5568495118348464,0.0
7098,HON,0.5997250449715854,0.47606040483941814,0.547573618715239,0.0
7099,HON,0.6010423319078102,0.47851128372470475,0.5407577703485401,0.0
7100,HON,0.6032238261807903,0.49005744795063483,0.5381546342016993,0.0
7101,HON,0.605096215835232,0.4984725082610329,0.5381489251561827,0.0
7102,HON,0.6063044269055653,0.5006655655541785,0.538685594813814,0.0
7103,HON,0.6076720576127328,0.5044113407566125,0.5400393713845294,0.0
7104,HON,0.6084271911320278,0.49990037091383455,0.5400091051248728,0.0
7105,HON,0.6105331776862628,0.5117045339749922,0.5428981076414224,0.13197538271662293
7106,HON,0.6114082971161547,0.510197759267301,0.5448374442841749,0.07104050623036234
7107,HON,0.6126752474509449,0.5082062794670668,0.5458974251429679,0.04924267492502133
7108,HON,0.6136149727485991,0.5024329399997502,0.5453205750428213,0.04229265763489476
7109,HON,0.6127927198345655,0.5041856955407947,0.5452916673209453,0.06621986992740776
7110,HON,0.6134723379534996,0.5106236563114614,0.5468574015450339,0.07491577363564685
7111,HON,0.6140596614635241,0.5112284501115824,0.5482592493740606,0.12434208767430924
7112,HON,0.6150413411838995,0.5105321996300665,0.5492088960808194,0.0
7113,HON,0.6155951011557468,0.5122989087289914,0.5504046294811795,0.0
7114,HON,0.6161824246657712,0.5090263088197823,0.5505535529380194,0.0
7115,HON,0.616341837645205,0.4990632890198692,0.5482138622380401,0.0
7116,HON,0.6180954254844564,0.5015426762583322,0.5469540115432171,0.0
7117,HON,0.6195637406608632,0.5057013268970862,0.5469724676736689,0.0
7118,HON,0.6229870126149994,0.5037823261125834,0.5465136316249136,0.0
7119,HON,0.6226178418609729,0.48411930160171224,0.5412938148221202,0.07965927274528203
7120,HON,0.6210152853345501,0.46368326289321343,0.5320744369121335,0.04977781420367462
7121,HON,0.6187079370113442,0.439002982447157,0.5186079499233595,0.0746808558196287
7122,HON,0.61609853528042,0.4123706655157673,0.5012620216527777,0.05762652362392287
7123,HON,0.6130444402256021,0.38927735716434636,0.48168595210837417,0.14531178985023552
7124,HON,0.6109216749749238,0.3760695477208769,0.46276546719519485,0.06405959023495726
7125,HON,0.607280256410081,0.36450344634553455,0.44477461631734944,0.08967045325551827
7126,HON,0.6026445720541007,0.3346006604213908,0.42300205957287085,0.0
7127,HON,0.5991793441409192,0.3262107488771315,0.403513420910201,0.0
7128,HON,0.5967033416501222,0.32920226224249827,0.388660802320819,0.0
