,Ticker,MA20,MACD,Signal_Line,Volume
0,MMM,0.20046886372606898,0.30525641735372605,0.29361356537043165,0.0
1,MMM,0.20028166827656202,0.30369438616977007,0.29402036175990365,0.0
2,MMM,0.20009446919646878,0.3045853070406148,0.2945471066125955,0.0
3,MMM,0.1996947840027723,0.30227971865070447,0.29444754400572837,0.0
4,MMM,0.19836417408462048,0.28609463410068553,0.29071079830475205,0.05647461521522621
5,MMM,0.19701080189578746,0.2713984414472191,0.28440072822192763,0.041056303645677444
6,MMM,0.19562226629099477,0.26259297907988544,0.2773630367159301,0.028352251561366316
7,MMM,0.1941145817194665,0.2516475608633197,0.26925971503025564,0.027657392631897745
8,MMM,0.1926574896914166,0.2411899407624015,0.26041410946842386,0.03179856293491409
9,MMM,0.19112450653988433,0.23560166862147597,0.25207492877035104,0.03717312259684781
10,MMM,0.1897736593147923,0.23159700622626156,0.24449871199811063,0.061413604003615396
11,MMM,0.18835198200734715,0.23117381076163632,0.23834211558413373,0.0
12,MMM,0.18687723185054872,0.22978564719576763,0.23310317639733413,0.0
13,MMM,0.1854100262036309,0.22936014987633455,0.22881588193684127,0.0
14,MMM,0.18411483874855716,0.23243291369251876,0.2260803517361361,0.0
15,MMM,0.183022026224269,0.23865569239585568,0.22529799355204322,0.0
16,MMM,0.18203039813988497,0.24505445889569383,0.22611793824764792,0.0
17,MMM,0.18085663261779406,0.2488529444459752,0.22763217959469983,0.0
18,MMM,0.179288233862829,0.2505708852574269,0.2292317494402663,0.0
19,MMM,0.17780508853512722,0.2534415020350877,0.23116003461481616,0.0
20,MMM,0.1763834114537075,0.25601999427609695,0.233285285146079,0.0
21,MMM,0.17521621879431848,0.2599061750795998,0.23586358631461896,0.03722448430191473
22,MMM,0.17381478584639276,0.26213697801316627,0.23843028761454446,0.024260081505712662
23,MMM,0.17274215356431188,0.2661762827425473,0.2413963484658306,0.022664562607852202
24,MMM,0.1728888760952758,0.2732166937262165,0.24536001096435933,0.015862383690828513
25,MMM,0.17322278965215143,0.27960306411429536,0.24997397124658383,0.02416892923832953
26,MMM,0.17279502205668495,0.27607599207657463,0.2528681810354287,0.031570800339341475
27,MMM,0.17264324442624934,0.2731510122151335,0.2545226359751574,0.04477807906042321
28,MMM,0.17266864134201843,0.27132477778352354,0.2554335537086247,0.0
29,MMM,0.1724865053824871,0.26911871263034864,0.25566381714758063,0.0
30,MMM,0.17233978875624878,0.2679002629685922,0.255572713494182,0.0
31,MMM,0.172066587137921,0.26739541272442774,0.2553857572956205,0.0
32,MMM,0.17201599431287118,0.26878795856875726,0.25555084458872085,0.0
33,MMM,0.17203116774317273,0.2710589758008007,0.2561960613972762,0.0
34,MMM,0.17183385142928453,0.27265980089779845,0.257073948768153,0.0
35,MMM,0.17141897828294117,0.27408738550590717,0.2580988280894941,0.0
36,MMM,0.17092316121526063,0.2751409898056913,0.2591567983699615,0.0
37,MMM,0.1709206313017142,0.2816271439815931,0.2614687514916775,0.0
38,MMM,0.1697165085797674,0.26749423657382754,0.2601249174049773,0.08147725709603282
39,MMM,0.16879646433064632,0.26191019911635777,0.2577881107335589,0.04255901725576181
40,MMM,0.16811851326586558,0.2613107487107008,0.2557832167712747,0.03149299030798722
41,MMM,0.16744921347930042,0.26277339028078694,0.25450979231074544,0.030651248709315775
42,MMM,0.16656888291004623,0.2599846910115172,0.25286093308869717,0.029995944196392992
43,MMM,0.1656886077391424,0.2601166754589116,0.2515716682147586,0.02786838887777036
44,MMM,0.16458060841597022,0.26083253146905266,0.250702007331978,0.04322140614179727
45,MMM,0.16371217488414347,0.2659104961242682,0.25115366850924614,0.0
46,MMM,0.16325177372776278,0.2674851556059159,0.25187079913182514,0.0
47,MMM,0.1629785686776919,0.27139442703260475,0.25332782180781277,0.0
48,MMM,0.16255854009881654,0.27279419172726793,0.2548097233335762,0.0
49,MMM,0.16217908937270997,0.273692654728426,0.25619825647494987,0.0
50,MMM,0.1619767144419244,0.27744557798475006,0.2581570735650229,0.0
51,MMM,0.16174904037567384,0.2803566937108677,0.26038190746215495,0.0
52,MMM,0.16137970990885075,0.2822049812565677,0.2625794038025342,0.0
53,MMM,0.16106097105688222,0.2854204747383406,0.26506395667857546,0.0
54,MMM,0.16093954609841088,0.29048493221924054,0.26819593685363824,0.0
55,MMM,0.16075741228449436,0.2935346923139781,0.27139062856283774,0.03610845939089741
56,MMM,0.1606764615794447,0.2971182367390573,0.2747561005673996,0.01759545749996015
57,MMM,0.16016799724653508,0.2990802178120453,0.2778917969784059,0.015161030752673318
58,MMM,0.1609876112237798,0.3006377913738852,0.2807522951444167,0.02184194881658499
59,MMM,0.1615744921145772,0.3035635455135738,0.28370178152036685,0.021129378954334723
60,MMM,0.16209560593042283,0.3081942498905892,0.2871076999511619,0.02661929582511989
61,MMM,0.16267737632339796,0.3141079023764097,0.2911686521564201,0.045036540606150775
62,MMM,0.1635577069083114,0.31859032691337147,0.29543023872671254,0.0
63,MMM,0.16432166391204683,0.32204827932691893,0.2996208485172544,0.0
64,MMM,0.1650552727318233,0.3242200881929004,0.30346406672906295,0.0
65,MMM,0.16539500726430734,0.3239527735612963,0.3064782403062151,0.0
66,MMM,0.16618932508578022,0.3273300668326085,0.30965269439149623,0.0
67,MMM,0.16680150244405767,0.3293043779068947,0.31263836248858734,0.0
68,MMM,0.1675604038962708,0.3306752398398833,0.3153366496369411,0.0
69,MMM,0.16844579134424387,0.33274233248640467,0.3179623486150418,0.0
70,MMM,0.1691035023055758,0.3334062959589114,0.3202129334521082,0.0
71,MMM,0.16973592018242023,0.33288944026035255,0.3218966153573017,0.0
72,MMM,0.16969038643902312,0.3215327701409056,0.32067746810807857,0.047988008517777944
73,MMM,0.16942224430476172,0.31069685928715896,0.31725372552905007,0.02994718009480072
74,MMM,0.1690565555437855,0.3030369182901422,0.31278393194182885,0.023581870853058885
75,MMM,0.168758004600565,0.2969568148597254,0.3078342692413513,0.023901848371981543
76,MMM,0.16856939168366036,0.29495707234067176,0.3034226878981149,0.025811441144504094
77,MMM,0.16845064993616443,0.29359174659142395,0.29958492107947554,0.01869778595629296
78,MMM,0.16836464399720974,0.2930840301991289,0.29639998672913515,0.03310114300456529
79,MMM,0.16814709582314724,0.2925528864185922,0.29373202482539856,0.0
80,MMM,0.1678485970415362,0.293416110974502,0.2917927049315192,0.0
81,MMM,0.16746914621792852,0.29536186349359134,0.29068090090605436,0.0
82,MMM,0.16708969549182173,0.2969491659948505,0.29015011611590935,0.0
83,MMM,0.16650787588590665,0.2954241910751914,0.2893809130623807,0.0
84,MMM,0.1660778329398478,0.29621637464126643,0.2889445482044759,0.0
85,MMM,0.165592133105962,0.29437285257813206,0.28817890387857115,0.0
86,MMM,0.1648484075044414,0.2930765913116956,0.2872734921169751,0.0
87,MMM,0.16423623014616417,0.29370460250191893,0.2866910647758118,0.0
88,MMM,0.16343179509089634,0.2916130326386493,0.28575252290176284,0.0
89,MMM,0.16201770401139193,0.28249136493981025,0.2829406058879939,0.07133845651582266
90,MMM,0.1606365032959174,0.2754431555503062,0.27909849637317674,0.04822143861184071
91,MMM,0.15917612416464544,0.26838591890467345,0.27443019310674266,0.03467068586767926
92,MMM,0.1585234669658382,0.26445961005933477,0.26980838263117585,0.02396100288747241
93,MMM,0.15796188003851563,0.2614282577840656,0.265425986014548,0.021641461057496182
94,MMM,0.1573143379540598,0.25918667108996385,0.2614135717149811,0.04776048206797574
95,MMM,0.15674774209255737,0.2590359324097785,0.258169580164941,0.0680791725924496
96,MMM,0.15602567763012787,0.2598388565168201,0.2557558113853344,0.0
97,MMM,0.15536022314351805,0.2618979415140383,0.25429005625522333,0.0
98,MMM,0.15449507175535726,0.26151215816681883,0.2530302825980017,0.0
99,MMM,0.15381206165856076,0.26410163848922874,0.2526075688722743,0.0
100,MMM,0.15297726885093077,0.26551296947660397,0.25258829473464517,0.0
101,MMM,0.15206659073886097,0.26709569431072705,0.25293049950945157,0.0
102,MMM,0.1511913193144876,0.269238806032762,0.25368850945466737,0.0
103,MMM,0.15048301008222653,0.2709082629656577,0.2546721390194551,0.0
104,MMM,0.14969374845726002,0.2732980025926647,0.25599901552623483,0.0
105,MMM,0.14933959686661824,0.2793343312961226,0.258424453457896,0.0
106,MMM,0.14854781096691894,0.27797915712481386,0.260058595855729,0.06588679525984595
107,MMM,0.14781420639730403,0.27958443758848905,0.26172863040898403,0.03688903923502939
108,MMM,0.14716155148829535,0.27960399584961093,0.2630690773322395,0.019126272456724814
109,MMM,0.14658726910567887,0.2734200372196356,0.26274414047166317,0.06307784132066883
110,MMM,0.1462432361168018,0.272146100419693,0.2621963390000336,0.026554355738253668
111,MMM,0.14632347601078832,0.27585888448448476,0.2625970187614882,0.0280619103366317
112,MMM,0.14638924770226902,0.2800737488128072,0.2638699308951624,0.04333912480835295
113,MMM,0.14643478222715234,0.2829467363635232,0.26553742558746773,0.0
114,MMM,0.14659298579736446,0.28673453408000643,0.26772729196580436,0.0
115,MMM,0.14668911331777656,0.2900853687578237,0.2702363218489817,0.0
116,MMM,0.14676499862221615,0.2929816438747684,0.27289797267548666,0.0
117,MMM,0.14681559084216822,0.2959330058539724,0.27569416739103936,0.0
118,MMM,0.1470432624880278,0.2984496640464017,0.2784997738623864,0.0
119,MMM,0.1472203382833488,0.3021518206021381,0.28158077864280445,0.0
120,MMM,0.14736199770941005,0.3034830334579745,0.2843463762432423,0.0
121,MMM,0.14746748439406798,0.30404095958833127,0.2866849203443654,0.0
122,MMM,0.14738147883034491,0.30215800470990606,0.28813029315648525,0.0
123,MMM,0.1471133306510155,0.2976326699161375,0.2882640708267096,0.06764596317660929
124,MMM,0.14688060212850562,0.29538268940901236,0.28786269933528086,0.04322648327586136
125,MMM,0.14658463063441118,0.296606789115864,0.287818193200838,0.02881155508483832
126,MMM,0.14666785742278887,0.29683337466745074,0.28783378635929807,0.02501681062703196
127,MMM,0.14649583631182117,0.2957279843261703,0.28759649276418825,0.026038731448535867
128,MMM,0.14658690658330564,0.2972896787672421,0.28775953005725813,0.03751671469281273
129,MMM,0.14709794713244184,0.29825788431002914,0.2881087304662186,0.058625548965120684
130,MMM,0.14738131769560048,0.29897291566536877,0.28854965547514466,0.0
131,MMM,0.14745614619303993,0.3008866640806246,0.2893348158948536,0.0
132,MMM,0.1474865053192813,0.30275608412718846,0.29038534844078456,0.0
133,MMM,0.14757756949990197,0.3044212903177462,0.29160203561101566,0.0
134,MMM,0.14767369532290875,0.3070921640492548,0.293178881769034,0.0
135,MMM,0.14789124610438686,0.31111274852330423,0.29534882857747385,0.0
136,MMM,0.14796713745980372,0.31222120584705076,0.2973352471451483,0.0
137,MMM,0.14802784993903928,0.3133304869852321,0.29917502926493805,0.0
138,MMM,0.14798737495288217,0.3127249671596459,0.30051003492177686,0.0
139,MMM,0.1479165422143629,0.3133740620750158,0.3017247054817499,0.0
140,MMM,0.14735339197513864,0.3049812351360536,0.3008000433965525,0.04718204300332553
141,MMM,0.1467217300612289,0.29690099708690204,0.29823454611808115,0.04134782559926417
142,MMM,0.14619049671883522,0.28980120224811956,0.2945779164177692,0.02972850911138937
143,MMM,0.14593246966891282,0.2853272839951338,0.29064170988611565,0.03335004064659074
144,MMM,0.14546700811254643,0.2802224011501823,0.2863392724863269,0.027961312238431662
145,MMM,0.14498889726617814,0.2791974219915118,0.28266572372772863,0.03313621065147305
146,MMM,0.14477159723683863,0.28167678738398916,0.2802871089370403,0.045209635455870555
147,MMM,0.14452368883743172,0.28206122355628316,0.27847108225714207,0.0
148,MMM,0.14424542205042834,0.2845016690037338,0.27756969098565304,0.0
149,MMM,0.14398233660963378,0.28652623775628105,0.2773060387549843,0.0
150,MMM,0.1437293210510786,0.2883499520841466,0.2775071937595274,0.0
151,MMM,0.14354212802196264,0.29221657649316146,0.2785417996478148,0.0
152,MMM,0.1433346944742795,0.2954186496545924,0.2800930077779816,0.0
153,MMM,0.1431424434333639,0.2984337425294606,0.28201524863065963,0.0
154,MMM,0.1428995935164208,0.30149003349099673,0.2842436245618751,0.0
155,MMM,0.14248473005164097,0.303359326567182,0.28644870082745977,0.0
156,MMM,0.14218622929784863,0.3045734091575303,0.2884870894842642,0.0
157,MMM,0.141548751335681,0.3008922984070281,0.28928603620457405,0.07100738014569014
158,MMM,0.1411591798524443,0.30030301861106734,0.2897920430525414,0.037899152768012166
159,MMM,0.1406538036014502,0.2994118104301972,0.28999547587075586,0.022510713638421862
160,MMM,0.14093868961824518,0.3015353260656599,0.290638040423209,0.025285308368002486
161,MMM,0.14120430624216862,0.30145168564072805,0.29113319311964236,0.02311973358034181
162,MMM,0.14159387667505285,0.3023790051900938,0.2917388474696952,0.023997605481887917
163,MMM,0.14197332767593518,0.30390272081581904,0.2925676616277912,0.04424226430733428
164,MMM,0.1424691428240259,0.3049879258947716,0.29347592012163687,0.0
165,MMM,0.1427828220456766,0.3058652819240845,0.2944007696183874,0.0
166,MMM,0.14289412647688415,0.3065697948970745,0.29529983721981773,0.0
167,MMM,0.14309144279077235,0.3065386201432916,0.29601204721941754,0.0
168,MMM,0.14319263328165355,0.30696787713375795,0.29667880784541945,0.0
169,MMM,0.14336971270756105,0.30827119671653563,0.29750670750671,0.0
170,MMM,0.14344054302568932,0.30772726586724786,0.29804612351423837,0.0
171,MMM,0.14331405945032039,0.30663075160768116,0.2982298937905947,0.0
172,MMM,0.14318757587495146,0.30578006170837585,0.2981846926469036,0.0
173,MMM,0.1429852033645569,0.3043913406529912,0.297834743708967,0.0
174,MMM,0.14209475981166908,0.29386081697274874,0.2951753634403198,0.09442642849004262
175,MMM,0.14105759197191126,0.28302507534116006,0.29059947268229075,0.06628292978972991
176,MMM,0.13992429799537054,0.27311017300630847,0.28469844148224716,0.05136985209600034
177,MMM,0.1390287928946432,0.2645479254913536,0.2780429366168434,0.03548928518084929
178,MMM,0.1379707859661543,0.2581706620606806,0.27127756020077376,0.042009860266644
179,MMM,0.13705954311739155,0.2553724690764634,0.2652329942649614,0.03732614505608167
180,MMM,0.1357845870157819,0.25118151401620487,0.2594503756028379,0.06815296814570666
181,MMM,0.13486125983973563,0.25186990679184385,0.2549798262431198,0.0
182,MMM,0.13378867861041077,0.2517830746477319,0.25138376662592726,0.0
183,MMM,0.13266044380031938,0.252274432117024,0.24861794345237448,0.0
184,MMM,0.13154232850998016,0.25328724650090595,0.2466341350644935,0.0
185,MMM,0.1304596326143892,0.2552153646838578,0.24548275568303177,0.0
186,MMM,0.1294275289387503,0.25806065445361337,0.24520455871996866,0.0
187,MMM,0.12843589782887777,0.2608517779351634,0.24561266856525532,0.0
188,MMM,0.12741390896664329,0.26356865576661825,0.24655304770504333,0.0
189,MMM,0.126361561746949,0.26671461079229264,0.24801619428095084,0.0
190,MMM,0.12547111447188297,0.27045702414848055,0.250032327357519,0.0
191,MMM,0.12453002849779649,0.2724024856770524,0.25208481995774257,0.06713175576151403
192,MMM,0.12372058285378496,0.27625148729144844,0.25459651396963895,0.04724780960038823
193,MMM,0.12317578865556822,0.28275405047864527,0.25807515376940976,0.033058636765889216
194,MMM,0.12368172332341154,0.2940281987986544,0.2634055121957417,0.05738531137886106
195,MMM,0.12436473420169425,0.30286516322149787,0.2696665524134469,0.03852210531038705
196,MMM,0.12521470185841455,0.3105803537990233,0.2764186680129453,0.04029733113953913
197,MMM,0.1262417503421034,0.31799509514913904,0.28349575600856025,0.062227834620032604
198,MMM,0.1272744616584629,0.3236091960585238,0.29042595878479593,0.0
199,MMM,0.12820538697531147,0.3279707595379317,0.29695563669017266,0.0
200,MMM,0.1293386815870865,0.3315232676560369,0.3029820848528364,0.0
201,MMM,0.13017346834373966,0.3329947933974661,0.30813574151236667,0.0
202,MMM,0.13054279941566027,0.3257859484189813,0.3106297945729331,0.0
203,MMM,0.1309020126486884,0.3197059879523567,0.3112512414940237,0.0
204,MMM,0.13129664527646456,0.3153201800678013,0.31075740520967843,0.0
205,MMM,0.1315243138968356,0.30986847264807055,0.3091304973715999,0.0
206,MMM,0.13172668882762117,0.30593889421802206,0.30694106446074776,0.0
207,MMM,0.13172668882762117,0.2999150707735349,0.3038284070276295,0.0
208,MMM,0.13207578171272827,0.3003888106494227,0.30144532482363945,0.05228845914294435
209,MMM,0.13223262390762813,0.2985444871484994,0.29912212553224665,0.03652525667569334
210,MMM,0.13209096736375825,0.2936464305188372,0.29615682727615217,0.028496300481324118
211,MMM,0.13209607324505113,0.29070562149913126,0.2931200991075241,0.02818305311685851
212,MMM,0.13225285980966595,0.2927373304682849,0.2911497907245093,0.057423685066554736
213,MMM,0.13237266335887776,0.29708703836042294,0.29055638087704666,0.03311106112692304
214,MMM,0.132246179691917,0.3029071823685961,0.2913967417814668,0.04639189925549143
215,MMM,0.13211463621440878,0.307295840573719,0.2930606683694951,0.0
216,MMM,0.13201345319122515,0.31191966769535906,0.2954365850219086,0.0
217,MMM,0.131735187182753,0.314305857605327,0.29787648912360787,0.0
218,MMM,0.13158340447191952,0.31787310068961194,0.3006344476779115,0.0
219,MMM,0.13143162176108603,0.32069636923902906,0.3034787452656452,0.0
220,MMM,0.13124948432337868,0.3226823745841989,0.3062029305399447,0.0
221,MMM,0.13113817962419105,0.3240638396689292,0.30869442726183394,0.0
222,MMM,0.1316339966918716,0.32577030969276977,0.31107320952911555,0.0
223,MMM,0.13213487177135197,0.3267494754487814,0.31319748242892753,0.0
224,MMM,0.13248472716821746,0.3256041621193304,0.314638111840845,0.0
225,MMM,0.13310196634526905,0.3264867717475353,0.3159900451473143,0.06401144362403469
226,MMM,0.1334286966225997,0.32307953746682133,0.31630171125770407,0.044336722615503324
227,MMM,0.13386380006319087,0.31885546276906884,0.31559659469541945,0.03274881351509473
228,MMM,0.1338030880877108,0.31326808065204553,0.3137700063020512,0.03420524255417627
229,MMM,0.1337929686557091,0.3072685703365886,0.31095311814823273,0.033832958747105
230,MMM,0.13415724050858935,0.30449412597195297,0.30807270893398153,0.024205531832745035
231,MMM,0.13445068095398782,0.3020570093391954,0.3052177036514129,0.04285833201977249
232,MMM,0.13449115662413003,0.30065231946101245,0.3026163031721138,0.0
233,MMM,0.1343191397145731,0.29911005900211585,0.3001867018187585,0.0
234,MMM,0.13398016360825582,0.29784779674543393,0.29795780667060345,0.0
235,MMM,0.13370696198992804,0.297707705291447,0.2961430362322914,0.0
236,MMM,0.13341857846993066,0.2986704743250019,0.2949087620514373,0.0
237,MMM,0.13323138241532617,0.2998199922343296,0.2941810816591907,0.0
238,MMM,0.1328519316892196,0.29977012422724714,0.29358766943576403,0.0
239,MMM,0.13241682649567688,0.29915137591687424,0.2929731305799704,0.0
240,MMM,0.1320424374119562,0.2995746387591686,0.2925771377158197,0.0
241,MMM,0.13173381639888038,0.3009574623739017,0.2925727988931622,0.0
242,MMM,0.1312987117217983,0.3010774640898377,0.2925964427844727,0.05773905774295415
243,MMM,0.1313833558002988,0.3087006268434681,0.29433784720526956,0.06305186528592235
244,MMM,0.13174686833827476,0.3170471304909711,0.2976169023105412,0.05258281484577615
245,MMM,0.13213390891315835,0.32580815396074897,0.30221974065757795,0.036483458874328537
246,MMM,0.13320102425375469,0.33853282924817996,0.308777211279841,0.11048894572130431
247,MMM,0.13431407867639855,0.347443842189584,0.3160366728636764,0.06053986465305169
248,MMM,0.13567757519149226,0.35548644397179213,0.3236615056503692,0.06485117798365754
249,MMM,0.13714478720700463,0.36120225850730653,0.3310528869294065,0.0
250,MMM,0.1384349161855234,0.36440057757920885,0.33768866711807155,0.0
251,MMM,0.13979082368207707,0.3669228281483436,0.3435672055916026,0.0
252,MMM,0.14126309298344908,0.3703672093987988,0.349048310436909,0.0
253,MMM,0.14264429507871146,0.37049700784236245,0.35346252287905594,0.0
254,MMM,0.14389901057311683,0.367880340564197,0.3564026446128101,0.0
255,MMM,0.14509807523067253,0.36506666739466,0.358118979376522,0.0
256,MMM,0.1461605360535756,0.36116818329832273,0.3586111664573548,0.0
257,MMM,0.14725841627122715,0.3583150994779725,0.35836024847769943,0.0
258,MMM,0.14828040815895038,0.3533521944443513,0.3570381224705689,0.0
259,MMM,0.15001576167733055,0.35871229966303825,0.35719156252935647,0.056751496131046734
260,MMM,0.15163980846879554,0.36151232552261126,0.3579469935261094,0.05062079771221978
261,MMM,0.15317279322614108,0.36271891928372413,0.35882397383182796,0.03784176934579947
262,MMM,0.15455399413070858,0.3597759404718517,0.35886057823795364,0.029364372333397684
263,MMM,0.15510176840267142,0.3521347546666925,0.35716330006224795,0.03444197868902495
264,MMM,0.1555469864785055,0.3465263158284427,0.35453822451341654,0.034477754773243975
265,MMM,0.155509043225029,0.33694786706854524,0.3502738687409109,0.07468133604192533
266,MMM,0.15554698889682794,0.3362875549882599,0.34671318351748476,0.0
267,MMM,0.15527378704656591,0.33018427623955904,0.34248557093639476,0.0
268,MMM,0.15490192122622592,0.32521647055356384,0.3379809819227729,0.0
269,MMM,0.1545376463508119,0.32119498222999565,0.33346863660082066,0.0
270,MMM,0.1539861784462817,0.31448106180223706,0.32834171859514966,0.0
271,MMM,0.15344988639244406,0.31002826648895043,0.3232340542463091,0.0
272,MMM,0.15254932551416944,0.3033258423990372,0.31763347867047725,0.0
273,MMM,0.15186631541737294,0.29945331990528506,0.312278003625304,0.0
274,MMM,0.15132067157834972,0.29652064551786717,0.3073309720836562,0.0
275,MMM,0.1507236670452765,0.2935210360782469,0.3026955710564646,0.0
276,MMM,0.14953472328223882,0.28163028034658677,0.29630047831723133,0.055365438531551146
277,MMM,0.14800376235072443,0.2684170748248573,0.28819881848799084,0.04774690368617644
278,MMM,0.14620222979694097,0.25240243168260235,0.27809890704302603,0.05393888193242807
279,MMM,0.1437029147537292,0.24004344319118254,0.26722640658573715,0.039641082043534656
280,MMM,0.1411656564570407,0.22975811090653964,0.25620438724517014,0.043364746624443805
281,MMM,0.13876752650078594,0.22425000052335703,0.24614218844850344,0.08208238063274079
282,MMM,0.13629856513704963,0.21658772106222612,0.23636110150025896,0.10711418651619459
283,MMM,0.13415846232615003,0.21169308546118162,0.22743026611611294,0.0
284,MMM,0.13208413111513906,0.21079942211863878,0.2200836703933643,0.0
285,MMM,0.1302374706263867,0.20979316867074307,0.21397902613840158,0.0
286,MMM,0.12796076626974706,0.21100512809467398,0.20936915863937766,0.0
287,MMM,0.1258560790915304,0.21031360022890447,0.20552501068188758,0.0
288,MMM,0.12395376986958839,0.2139132429574273,0.20326304844011606,0.0
289,MMM,0.12185920234555792,0.21505921310241866,0.20171241596517686,0.0
290,MMM,0.12000748231807912,0.21715701721060882,0.20094591864316574,0.0
291,MMM,0.11819623727675777,0.22130937676102436,0.20127096586291815,0.0
292,MMM,0.11644570168918333,0.22324829456264705,0.2019691111919542,0.0
293,MMM,0.11450291230023035,0.2242453419443835,0.20275291497820513,0.07007578508137288
294,MMM,0.11206683222110336,0.21876653664366735,0.20214199630355145,0.0763396697147182
295,MMM,0.11002285473152318,0.2203958742732201,0.20202141782805721,0.03597173098982271
296,MMM,0.10888955682834744,0.22629122395920304,0.2032570369049865,0.03245788192593406
297,MMM,0.10802744769983674,0.23161198926465437,0.20544778399347854,0.03261480079037989
298,MMM,0.10765852238552531,0.237754522641058,0.20858831583349932,0.028183761554169774
299,MMM,0.1074257939156068,0.24491506067579805,0.21271869839251267,0.0439595978201384
300,MMM,0.10728666183172209,0.2512368967850212,0.21745145290073636,0.0
301,MMM,0.10699827658122796,0.2563112856296887,0.22238423841967647,0.0
302,MMM,0.10700333639266157,0.2608687900824509,0.22736025629933398,0.0
303,MMM,0.10700333639266157,0.26496939075862025,0.23226762052050526,0.0
304,MMM,0.10690215134765979,0.26903548484689066,0.23711226488982845,0.0
305,MMM,0.10687179117490653,0.2722878127076506,0.24172285908937657,0.0
306,MMM,0.1067706067350025,0.2750876963335119,0.246043981260365,0.0
307,MMM,0.10699827475027557,0.27972212711768873,0.2505480503263319,0.0
308,MMM,0.1070185092178656,0.2836681448679259,0.25504292676084284,0.0
309,MMM,0.10720064726067036,0.2866597215556336,0.2593147886644295,0.0
310,MMM,0.10740808168143134,0.28975771893752444,0.26343228519727613,0.06417178660215164
311,MMM,0.10726641799339043,0.2887579456094179,0.266500378960189,0.03352230898611404
312,MMM,0.10745867184351943,0.290777909648817,0.2694112743005516,0.02917569186283001
313,MMM,0.10764586748596039,0.29099486906848654,0.27178901356928997,0.027805101811297098
314,MMM,0.10819404801249266,0.2894265478842586,0.27333683547148735,0.03241691063476573
315,MMM,0.10847231392641798,0.28936471438691586,0.2745611214250818,0.035859679821757175
316,MMM,0.10857805552769317,0.2906245302602985,0.2758252114816704,0.04942826157158552
317,MMM,0.10872477353756071,0.2921799375311255,0.27718793508055234,0.0
318,MMM,0.1087956004239462,0.29357164557246035,0.27859257690609907,0.0
319,MMM,0.10876018250737363,0.2948192393110144,0.2799981900116738,0.0
320,MMM,0.10877536077845684,0.2966800992877841,0.28154315051845824,0.0
321,MMM,0.10901315449889304,0.30099911324901946,0.2837550203454711,0.0
322,MMM,0.10916493660462878,0.3031969167406147,0.2860211201937931,0.0
323,MMM,0.10940273032506498,0.30622499708343903,0.28851820900017355,0.0
324,MMM,0.10937743179469805,0.30513078224152423,0.2902686370797935,0.0
325,MMM,0.10946344280430076,0.30555759873351707,0.2917654207277575,0.0
326,MMM,0.10955956862730754,0.30591263125066526,0.29304306890526416,0.0
327,MMM,0.10873489360893329,0.2948060910328975,0.29155561269601915,0.07236262072214558
328,MMM,0.10782421265160425,0.28498900518428266,0.28814743122794106,0.043112188722976806
329,MMM,0.10709566212519905,0.2798476111367036,0.28425916400187223,0.02315916992400239
330,MMM,0.10610206039554815,0.27277272229958643,0.2795499459711421,0.031960677006309224
331,MMM,0.10553035403622413,0.2701699544026376,0.2751944639568426,0.02943592450183574
332,MMM,0.10485746258994288,0.2696651843852748,0.27159602319718185,0.03799089539982136
333,MMM,0.10442235932958133,0.2716242645955148,0.26915993393329346,0.0551948232124208
334,MMM,0.10410867982724559,0.27341841139919293,0.2676164583907669,0.0
335,MMM,0.10372416759614078,0.27513691377912675,0.26676998161369786,0.0
336,MMM,0.10326933309705377,0.27692468425130295,0.2664967552986767,0.0
337,MMM,0.10283422790351116,0.2793385564656589,0.26682359997268396,0.0
338,MMM,0.10236371239168607,0.2810310273647488,0.2674674974338935,0.0
339,MMM,0.10175659244011093,0.2806582225915905,0.26789837841928926,0.0
340,MMM,0.10094709332206597,0.27844947591213143,0.2677440065563719,0.0
341,MMM,0.10014265221582108,0.27986182259883663,0.2679396354110089,0.0
342,MMM,0.09932809690126965,0.2798752008444807,0.2680991613719445,0.0
343,MMM,0.09846294634127739,0.28071724411289717,0.26841704575874553,0.0
344,MMM,0.0969299677108415,0.26842858684203913,0.2658946736353715,0.11608005105471557
345,MMM,0.09505801073688147,0.2555427697022613,0.2609651652362056,0.07144259680057903
346,MMM,0.09317087461491902,0.24581552711134852,0.25482364252081946,0.03553970230283452
347,MMM,0.09212359188375618,0.23978432842734235,0.24854764677418162,0.03435200715049393
348,MMM,0.09129385847450966,0.23775410818317833,0.24306811240936382,0.04314997204624443
349,MMM,0.09023645631134536,0.23592031533425434,0.23827013083942133,0.042633167027674515
350,MMM,0.08923667766562782,0.23278066092626476,0.23372232597344894,0.08804943003266487
351,MMM,0.08811856215310443,0.2319851638995504,0.2299043358038112,0.0
352,MMM,0.08687902191404395,0.23155467607129077,0.2267526729282182,0.0
353,MMM,0.08557371241364387,0.23304385152526563,0.22456782879231002,0.0
354,MMM,0.0842886373515832,0.23520559553738407,0.22330840966211513,0.0
355,MMM,0.08308451407713013,0.23883215399238938,0.22312031221656936,0.0
356,MMM,0.081971458613884,0.2438611777226098,0.22410616571253322,0.0
357,MMM,0.08078757283250948,0.24815481547542068,0.22586501605781162,0.0
358,MMM,0.07966945754217036,0.252637836254133,0.2282850558637346,0.0
359,MMM,0.07853110294345944,0.2544787642213404,0.23063705399993645,0.0
360,MMM,0.07749393823053241,0.25578349075353174,0.23281346157619282,0.0
361,MMM,0.07639100388694309,0.2592444441986538,0.2353366062686379,0.09272216446490254
362,MMM,0.07560680440427758,0.26576190410035605,0.23882777259522078,0.04166910191992415
363,MMM,0.0749237916513148,0.2733412527597545,0.24333329496455272,0.035930287407113536
364,MMM,0.07499968277479718,0.27752031501543817,0.2478819915386287,0.025736346789509697
365,MMM,0.07535130533767531,0.28146776477987484,0.2524128935499385,0.034380108497174225
366,MMM,0.07572063690655617,0.28489267599823126,0.2568114898805771,0.037101334282639335
367,MMM,0.07610008790743883,0.28886862676022496,0.2612287516309465,0.05508159131550315
368,MMM,0.07634293383717772,0.2921204393508492,0.26549732330763237,0.0
369,MMM,0.07665661117439815,0.29484191792114417,0.26952711147101654,0.0
370,MMM,0.07719289722600908,0.29785720168967533,0.2734322594835852,0.0
371,MMM,0.07769883152748469,0.30069819524973734,0.27719831368705583,0.0
372,MMM,0.07835148629230992,0.3044807363943779,0.28106583992731116,0.0
373,MMM,0.07908002999216102,0.309550145255351,0.2853053175812498,0.0
374,MMM,0.0798237580140726,0.313867243163443,0.28967236818480935,0.0
375,MMM,0.08060289695936462,0.31880421318389435,0.29428154015343727,0.0
376,MMM,0.08093175183493273,0.3173594801016007,0.29764243352568687,0.0
377,MMM,0.0819183243279078,0.3253679729556246,0.30214070467112586,0.0
378,MMM,0.08330964457672574,0.3378043014878268,0.3085493682330329,0.16259037741407395
379,MMM,0.08669434698606882,0.3740753366303222,0.3218719092555361,0.19771481737962027
380,MMM,0.09122499164853404,0.41776102841224616,0.34240092862175625,0.6626883188723568
381,MMM,0.09557096915267971,0.4498782834783934,0.3660811882358648,0.13866491446505014
382,MMM,0.09944643000098752,0.46978966002210143,0.38952446466115664,0.10606310169204348
383,MMM,0.10341806700207268,0.48694507453802766,0.41215543201472565,0.1250129732582626
384,MMM,0.10767803395073439,0.5004116935299141,0.43330305149522996,0.16737622567034405
385,MMM,0.11176851485535111,0.5066155333054145,0.45162293371670803,0.0
386,MMM,0.11585646590196741,0.5092054651521277,0.4668640467179703,0.0
387,MMM,0.11989888467656673,0.5093046785630431,0.47907935485358843,0.0
388,MMM,0.12399695735930027,0.507821461017053,0.4885164614147145,0.0
389,MMM,0.12814562226198567,0.5051153499013664,0.49545468818988286,0.0
390,MMM,0.1320716777662958,0.49822449556535686,0.49944824881712213,0.0
391,MMM,0.13614445131356456,0.49316782758007593,0.5015005195176809,0.0
392,MMM,0.1402728793282697,0.48938375567406045,0.5022873073179512,0.0
393,MMM,0.14398137800012423,0.4802728644717172,0.5008580890434651,0.0
394,MMM,0.14710374877033283,0.46295759070735887,0.49580224726506583,0.0
395,MMM,0.14977002722353427,0.4425730231427613,0.4871515853821927,0.16704137096788477
396,MMM,0.15236547245307475,0.41884249528185413,0.4748690320245508,0.15935695145256215
397,MMM,0.1544296889041592,0.4004605606783334,0.460889505170043,0.07426713636060404
398,MMM,0.15581594952472733,0.381444249497862,0.4454090591610021,0.05576806707012172
399,MMM,0.15500139526348322,0.36037074844584127,0.42826304614727617,0.0598030898493331
400,MMM,0.15294477305463428,0.3411092077004306,0.41019400044275794,0.08600877635755776
401,MMM,0.15075913732082413,0.3228944824339888,0.391623061443159,0.001605200874447788
402,MMM,0.14891753585817824,0.30985338191210615,0.3738196125359544,0.0
403,MMM,0.14694939820059427,0.30116234237483636,0.35761307234451206,0.0
404,MMM,0.1448194140422785,0.29412775008086167,0.34305834113403183,0.0
405,MMM,0.142841210439431,0.2888412276407234,0.3302200416744053,0.0
406,MMM,0.14084783098589093,0.28468842706233716,0.3190110573770083,0.0
407,MMM,0.13898092905674253,0.2839142350088015,0.30986893762064793,0.0
408,MMM,0.1370330807858664,0.28313077830672334,0.30237821610641147,0.0
409,MMM,0.1349891091123745,0.28212690319452066,0.2961588086143412,0.0
410,MMM,0.132833827293815,0.27748207143663534,0.2901337611428131,0.0
411,MMM,0.13064313152638696,0.27618247364310183,0.2850200729608027,0.0
412,MMM,0.12859409440944325,0.27988765374634,0.28176632520324596,0.06087908805226378
413,MMM,0.12711676864062982,0.2873977625586041,0.2808602712376986,0.04601878893822368
414,MMM,0.12603331024303077,0.2910661632307738,0.28096432036870006,0.03167989968527673
415,MMM,0.12468185363608453,0.2851590176595355,0.2797128124806873,0.059171872204993425
416,MMM,0.12378635315188646,0.2812371611291278,0.2778254443292573,0.08997519879046137
417,MMM,0.1229667391746414,0.2810534506878683,0.27627403957397323,0.06700813345069778
418,MMM,0.12243044621079346,0.2818016484134296,0.275201974548105,0.10240910011340901
419,MMM,0.12236467648558491,0.28423392232326644,0.27489390620266574,0.0
420,MMM,0.12240009107175631,0.2857368874119784,0.27498705352339786,0.0
421,MMM,0.1226176426834712,0.28708690989454333,0.275366615279293,0.0
422,MMM,0.12276436375191868,0.2887459056595259,0.27604512254276614,0.0
423,MMM,0.12275424954361214,0.28951758398270194,0.2767622926828461,0.0
424,MMM,0.12279978314666673,0.2908438080179456,0.2776356953236482,0.0
425,MMM,0.12275424954361214,0.29081260732403685,0.27832736749345255,0.0
426,MMM,0.12285037536661891,0.2928276804829501,0.27933602044198863,0.0
427,MMM,0.12279472452976925,0.2945721439300293,0.2805371124824133,0.0
428,MMM,0.12290097000696198,0.29800958667261995,0.28227469239290387,0.0
429,MMM,0.12354183484404191,0.3079662851799534,0.2859145189557343,0.06368119376409864
430,MMM,0.12468018779409773,0.31889414497246255,0.2912955812787695,0.05814274893749163
431,MMM,0.12562628525511976,0.3265101398535845,0.2973213008306005,0.03192501899497541
432,MMM,0.12637000810888233,0.3336655602000128,0.30375867719343236,0.026337337775235278
433,MMM,0.12683546504871956,0.3391940908494161,0.3101577756626495,0.027323600585405367
434,MMM,0.12778915226692633,0.3478640437142902,0.3172360708713686,0.04071058623777872
435,MMM,0.12944416875127285,0.35549087353791525,0.3246220249377231,0.05782147261683165
436,MMM,0.13087090065147922,0.35803053596617473,0.33110463680447866,0.0
437,MMM,0.13228751490277224,0.3618860780009723,0.3371619040682057,0.0
438,MMM,0.1336080052057389,0.363471167444691,0.34236587625870374,0.0
439,MMM,0.13486778234253016,0.3647399946906428,0.3468157514666289,0.0
440,MMM,0.13617815169927372,0.3651543024358068,0.3504692664073385,0.0
441,MMM,0.1375441718928665,0.36556069299929905,0.35348390421001696,0.0
442,MMM,0.13888489597648368,0.36521592635006195,0.35581771281393265,0.0
443,MMM,0.14036222086926475,0.3655451509470779,0.35775914953584154,0.0
444,MMM,0.14171812382906257,0.363881527981862,0.35893639551705914,0.0
445,MMM,0.14310944315812035,0.3611937685839722,0.35927088048484024,0.0
446,MMM,0.14421491065701986,0.35614251783157047,0.3583971147069594,0.10279189240726408
447,MMM,0.14505729138999612,0.3477793654070971,0.35580840864693225,0.039965664404980554
448,MMM,0.1457037201153384,0.339823992530764,0.3519398900588818,0.025923846531225262
449,MMM,0.14610507654726446,0.3367920011551461,0.3481599825445516,0.03743429981893523
450,MMM,0.14661607093110862,0.3388193863285183,0.3455941537030788,0.03395114970520152
451,MMM,0.14703599504346787,0.3379023625315008,0.3433342848104312,0.04025777672299334
452,MMM,0.1472990818093911,0.33594752056324995,0.3410846840030894,0.03947778724328741
453,MMM,0.14755204918615417,0.3341642976186622,0.33888207578572715,0.0
454,MMM,0.14757481791111227,0.3337944589816003,0.33703642244060084,0.0
455,MMM,0.14738762428960328,0.3314267597150144,0.33502490703215704,0.0
456,MMM,0.147514107864972,0.33100026803256,0.3333193269133696,0.0
457,MMM,0.14736738982201314,0.32884213973604026,0.3314672236276724,0.0
458,MMM,0.14721055091467306,0.32594413317225684,0.3293307228506336,0.0
459,MMM,0.14707900509182048,0.3244983390297229,0.32729483827482175,0.0
460,MMM,0.14695252151645155,0.3233184776007188,0.3253995354014285,0.0
461,MMM,0.1467400293518708,0.32169406099072484,0.32351624856588945,0.0
462,MMM,0.14675520777304674,0.32358964640011206,0.32243793549383043,0.040846724274427364
463,MMM,0.14640358644961426,0.3207810739559218,0.3209406749456599,0.03831217172048134
464,MMM,0.14579646596798757,0.31343043985581476,0.3180819563243289,0.08989313813523951
465,MMM,0.1449009644334367,0.30264206567301866,0.3133572977809316,0.16230995431169706
466,MMM,0.14435202679611625,0.29698275346811986,0.3082988228626173,0.047194558729157926
467,MMM,0.1440492701947964,0.2924197866498444,0.3032210192164037,0.03983377699219952
468,MMM,0.14397454705320123,0.2914094912065023,0.2989304953148776,0.06551108733910356
469,MMM,0.14359509536242454,0.28991139635820884,0.295159574650193,0.0
470,MMM,0.1428867863133474,0.2888625883038465,0.29190585502915484,0.0
471,MMM,0.14227668306044428,0.28754180905733817,0.2890044430790877,0.0
472,MMM,0.14184664125633017,0.2884794083861696,0.28689516847622937,0.0
473,MMM,0.14162403185795447,0.2925386778309585,0.2861249597261885,0.0
474,MMM,0.14130529361108368,0.29581398959057525,0.28624886474977834,0.0
475,MMM,0.14100173182000297,0.2969570824582943,0.28660627595286015,0.0
476,MMM,0.14062228109389618,0.2985635347825618,0.2872551903377004,0.0
477,MMM,0.1404249647800082,0.30103301670418475,0.2883323128452595,0.0
478,MMM,0.14027824431665836,0.3028179199526659,0.28959731809532563,0.0
479,MMM,0.14062734192850046,0.3125599943742189,0.292810589612992,0.11342683525113217
480,MMM,0.14056156909507522,0.3142107490442392,0.2957542025718994,0.03629820251743199
481,MMM,0.14082212783483672,0.319683099127977,0.29934559605618694,0.04116681986623523
482,MMM,0.14083831800273328,0.3235858666892557,0.3031005594427078,0.03590679090295649
483,MMM,0.14096480166969427,0.32396385619218104,0.30618993864945654,0.03820885794592144
484,MMM,0.1416326380165036,0.3269952349941999,0.3093463962448733,0.043465817014184685
485,MMM,0.1426748610316657,0.32966478465111004,0.3124747595621867,0.05033789507925347
486,MMM,0.14348941603155452,0.3309099806096224,0.31525880807155054,0.0
487,MMM,0.14434616984585302,0.33198739484586853,0.3177294936690326,0.0
488,MMM,0.1451860241097307,0.33469799495925523,0.3203185149307938,0.0
489,MMM,0.14608659103898236,0.3365102323509926,0.3227992154618399,0.0
490,MMM,0.14665829704168898,0.33271168044354865,0.3239254753023971,0.0
491,MMM,0.14757196433647102,0.3337408063450305,0.32505901898955913,0.0
492,MMM,0.14829039080252704,0.3331360286794763,0.3258292015948289,0.0
493,MMM,0.14875585011784542,0.3317762718960111,0.3261381042688812,0.0
494,MMM,0.14917071358262546,0.3296183795786551,0.3258976405380524,0.0
495,MMM,0.15003080189513374,0.33263449114824983,0.326386774080776,0.0
496,MMM,0.15122227894791496,0.34015108609716393,0.32847649072839014,0.06503513553881676
497,MMM,0.15225944366379673,0.3445190153316646,0.33113521810303054,0.05084867838067761
498,MMM,0.15340791421785616,0.3489244931049669,0.33425763832739663,0.04013191102735808
499,MMM,0.15416681621962125,0.35449368182500945,0.33801395876722,0.04240611286941316
500,MMM,0.1552495169627892,0.35713539728675286,0.34161592309337063,0.039337044364115524
501,MMM,0.1561121339095115,0.3596744542646367,0.34507120636361677,0.039958461958982665
502,MMM,0.1569155577188599,0.35995713427886267,0.3478993058522361,0.05430266449176412
503,MMM,0.15788442097685218,0.35950528416553656,0.3500596877949424,0.0
504,MMM,0.15880016037084954,0.36070410424182153,0.3520588723569486,0.0
505,MMM,0.1596400144087018,0.36044330078134257,0.35359929024385306,0.0
506,MMM,0.1605203408193865,0.35963412163148034,0.3546487867367464,0.0
507,MMM,0.16127418365470225,0.3569237901565155,0.35487597184739433,0.0
508,MMM,0.1620583781914029,0.3568267484958641,0.35503579291844234,0.0
509,MMM,0.16282739687741143,0.35596501666658764,0.354968937434741,0.0
510,MMM,0.16394045597124407,0.3548841592991184,0.354671228266172,0.0
511,MMM,0.16471453327414975,0.35282948707530176,0.3539687981245485,0.0
512,MMM,0.16558474245103927,0.3509978046497198,0.35299297679319436,0.0
513,MMM,0.1661210333570231,0.34358697173281727,0.3505378073408744,0.055750828428880864
514,MMM,0.1670620714353208,0.34247633515727915,0.3483227182459527,0.03130135801528926
515,MMM,0.1677855540940425,0.3429828978172856,0.3466651071742331,0.039795757523161474
516,MMM,0.16794492129847916,0.3401606107253459,0.3447013093374778,0.023027282511221353
517,MMM,0.16748957917411444,0.32743303975485194,0.3402544168302973,0.03750644235179934
518,MMM,0.16731250296367506,0.32271122328929575,0.33562998629162205,0.04313037194729935
519,MMM,0.16684198169130804,0.3171341019154129,0.3306702651800838,0.05832576190956916
520,MMM,0.16643217857392223,0.31235720083262064,0.3256231251308101,0.0
521,MMM,0.16606790676004257,0.31026051019792383,0.3211116560279988,0.0
522,MMM,0.16587564947226108,0.30999142881192715,0.31744168054703004,0.0
523,MMM,0.16548102289546174,0.3067153985196884,0.3137654657828232,0.0
524,MMM,0.16499026747016754,0.3048964690130331,0.31041349833512955,0.0
525,MMM,0.16445903403322726,0.30231499585052185,0.30714862843218477,0.0
526,MMM,0.16385190924087034,0.29923953014901583,0.303841816638504,0.0
527,MMM,0.16331055857013532,0.2964043574560279,0.30055574666230617,0.0
528,MMM,0.16270343982875546,0.29593679245299465,0.2978212421802689,0.0
529,MMM,0.16211149693806814,0.2957007375456133,0.29558030088335746,0.0
530,MMM,0.16190912204037367,0.3014974584694513,0.295097344072671,0.04624678767956672
531,MMM,0.16206596368572201,0.31069606386945336,0.2967894465723701,0.04405334769099618
532,MMM,0.1622429871421589,0.3184565281944171,0.29989664181262105,0.026898065907103797
533,MMM,0.16278939492147915,0.32433700340866467,0.30371111890563124,0.028755352391477737
534,MMM,0.16303730253940008,0.32949116295167913,0.3079273070550939,0.030902035517504603
535,MMM,0.16333074760132793,0.3357203766441005,0.3127077775670407,0.04226997483276452
536,MMM,0.16383162716969957,0.340499830097983,0.3176120938568367,0.05102921182216571
537,MMM,0.16489409347836914,0.34194195066500155,0.3218614007812708,0.0
538,MMM,0.16564287696996094,0.3435662359398148,0.3256278611818436,0.0
539,MMM,0.1664726105233909,0.34390802126287834,0.32871825749592465,0.0
540,MMM,0.16734281364930337,0.3440555212905939,0.33122390286889053,0.0
541,MMM,0.1683698617335332,0.34775087955959316,0.33406340266589307,0.0
542,MMM,0.16929572779824964,0.3501118768455449,0.336868480891942,0.0
543,MMM,0.1702822972657363,0.34932751783799637,0.3389353138834883,0.0
544,MMM,0.17127898759760396,0.3491232442760607,0.34054262370921373,0.0
545,MMM,0.172280736546369,0.34737682956160754,0.3414338609902013,0.0
546,MMM,0.17342920595848388,0.3465890679110906,0.34196885238259217,0.0
547,MMM,0.17451185811803738,0.3440435469679669,0.34182167312397593,0.16559840223771732
548,MMM,0.175311232223768,0.3391147727970828,0.3405902501218766,0.028764916295179854
549,MMM,0.176550769305861,0.3413323784472927,0.34010619009734055,0.024472612699093024
550,MMM,0.1772034218881391,0.3399435009751787,0.3394051187116358,0.02698355067599679
551,MMM,0.17760816685249625,0.3394465655076596,0.33873197670806104,0.026840328266235464
552,MMM,0.1780585000426813,0.33995026622311353,0.33830727663965077,0.04088285457730202
553,MMM,0.17865044526600848,0.34197252877222983,0.33842445627398454,0.09827843829717647
554,MMM,0.1792120327369735,0.3434586682220046,0.33885400014665745,0.0
555,MMM,0.17966231570079838,0.34502616866119656,0.3395518193064063,0.0
556,MMM,0.1800215281612041,0.34471458629081614,0.34003967113911965,0.0
557,MMM,0.1805780552877294,0.34500730539272806,0.34049609385656776,0.0
558,MMM,0.18097268186452853,0.34332701615082617,0.34048156281098585,0.0
559,MMM,0.18131671864176657,0.34034218587359766,0.3397955016015698,0.0
560,MMM,0.18169616936787314,0.3384422167265855,0.33881734571162836,0.0
561,MMM,0.18177205467231294,0.3361552863062391,0.33751807836621445,0.0
562,MMM,0.1818732391122171,0.3343316545901457,0.3360666063673218,0.0
563,MMM,0.18210090712749016,0.3322994236145135,0.3344462366665128,0.0
564,MMM,0.18066405367891747,0.3069543485489991,0.32742310255604284,0.08229550219054721
565,MMM,0.17970277683411773,0.292950461141625,0.3186403513566173,0.03966209901710227
566,MMM,0.17883257256035145,0.28451218770900805,0.3097074830159274,0.029953910249257764
567,MMM,0.1781951452913677,0.28008636349619886,0.3015611526454747,0.022524646238876796
568,MMM,0.17767909580805208,0.27618941222693544,0.2941635539684283,0.021030906168068488
569,MMM,0.17663687279288998,0.2722329530577972,0.28735149455757736,0.02864519038957558
570,MMM,0.17577678570416833,0.2694595237490763,0.2812751776943355,0.05548174032348429
571,MMM,0.17481045528386874,0.2671263880596097,0.2758869412734395,0.0
572,MMM,0.17385929874798967,0.2672376735160745,0.2716014976065314,0.0
573,MMM,0.17272094689319606,0.26704186635130484,0.26812889912756366,0.0
574,MMM,0.171658486070293,0.2687546367069217,0.265737828823616,0.0
575,MMM,0.1704442425365562,0.26912996723894467,0.26390978027106804,0.0
576,MMM,0.169351423961291,0.2705260910663957,0.2627628021430138,0.0
577,MMM,0.1681422420699401,0.2712994488070976,0.26201996344212297,0.0
578,MMM,0.16696847352236066,0.27135391230673883,0.2614379987640946,0.0
579,MMM,0.16590095408255978,0.2721031832231089,0.2611417282925178,0.0
580,MMM,0.16473730276877552,0.2724997331707816,0.2609943142321594,0.0
581,MMM,0.16342440497666133,0.2705796064598268,0.260442521365535,0.06254049162007216
582,MMM,0.1623290548518992,0.2729740633368921,0.26054212581191677,0.03278565225528066
583,MMM,0.16098327352230912,0.2712812394380308,0.2602393078850677,0.031775420649412675
584,MMM,0.16103892578178858,0.2674048200847893,0.2591211584454381,0.034066034622512134
585,MMM,0.16101363181831396,0.26948731395805253,0.25869718813242665,0.02343982917214968
586,MMM,0.16065947478090603,0.2691074174398434,0.25827217248545536,0.02377834413405051
587,MMM,0.16010800728558516,0.2682834176847935,0.25774597336613164,0.03650730959714122
588,MMM,0.1597083163215962,0.2695638824621339,0.2576143410808912,0.0
589,MMM,0.15923273596846288,0.26862880790785015,0.25729775078013073,0.0
590,MMM,0.1589291738928562,0.27078080077465494,0.2575307314011259,0.0
591,MMM,0.15852948264818223,0.2708848851610868,0.2577406342522491,0.0
592,MMM,0.15815003192207566,0.2731590240015461,0.2584224088492563,0.0
593,MMM,0.1577705811959691,0.274590280308733,0.25929122758909556,0.0
594,MMM,0.15724947104380083,0.27541887140123283,0.2601735066169023,0.0
595,MMM,0.15669294452237348,0.2745072704916045,0.26067334934646824,0.0
596,MMM,0.15606558526242642,0.27379732947793595,0.2609128090348914,0.0
597,MMM,0.1554179854839124,0.2725871749956468,0.26083093671569646,0.0
598,MMM,0.15446682830688974,0.266630931707719,0.25941959780861723,0.056787862579691824
599,MMM,0.1533537677963368,0.2603556283334884,0.2568725925112293,0.038913280779092126
600,MMM,0.15241399663487987,0.25791823709148054,0.2542842483129057,0.02504101556850028
601,MMM,0.15153114082415464,0.2547768073041159,0.25150375218894816,0.028416719356691694
602,MMM,0.15061793133395374,0.2559503220203275,0.2495445164330618,0.0232239919379834
603,MMM,0.14985902933218886,0.2557529254089192,0.2479325251400034,0.027941594066601374
604,MMM,0.14941886635582646,0.25788925089615233,0.2471256448494079,0.04970750394511028
605,MMM,0.15070899895518153,0.29011068248873284,0.25376072391185556,0.0
606,MMM,0.15294523189479525,0.3269533088457989,0.2673935510453075,0.0
607,MMM,0.15492343504559214,0.3508572557811824,0.2837010214550547,0.0
608,MMM,0.15690164227902592,0.3705705153073978,0.3012013010493813,0.0
609,MMM,0.1585509873757187,0.3781137304803112,0.31690594950249823,0.0
610,MMM,0.15942119655260867,0.37425936125061987,0.3285987554954728,0.0
611,MMM,0.16081251588166645,0.37610384158892274,0.3383697692561934,0.0
612,MMM,0.16199134304614327,0.37543303439226483,0.3460350082386769,0.0
613,MMM,0.16322582104746997,0.3742058275205498,0.35188990628751826,0.0
614,MMM,0.16426298273490847,0.3689289998422273,0.3553815008121618,0.0
615,MMM,0.16438693470612087,0.3488051826345547,0.35362770573542684,0.22359167090253143
616,MMM,0.16396554125518947,0.3242161193854799,0.3466686557329865,0.10859293133058107
617,MMM,0.16354561719158078,0.30374417954782434,0.33647568509679865,0.0921778484640784
618,MMM,0.16353043804357825,0.28826441751206916,0.32482358389603583,0.057364058259523024
619,MMM,0.16367473228018437,0.2766147288124694,0.31286960124225993,0.05170529716288568
620,MMM,0.1635014508567456,0.2651342186801448,0.30071234011526404,0.0654436677216479
621,MMM,0.16386572270962563,0.26269158342781795,0.2904346063445756,0.1493506286495591
622,MMM,0.16399726618713384,0.2609168428533718,0.281811408387775,0.0
623,MMM,0.16412881058351592,0.2583529745362303,0.2743335319747633,0.0
624,MMM,0.16426541570341002,0.25867965083827826,0.2684250448839537,0.0
625,MMM,0.16235298622218441,0.2594904475700867,0.2638814585281488,0.0
626,MMM,0.15951975231862803,0.2585982902612128,0.2600450023234302,0.0
627,MMM,0.157151980755879,0.26052809838573754,0.25741188653870734,0.0
628,MMM,0.15456159616416798,0.26079701667529576,0.255366157257245,0.0
629,MMM,0.15256315809373078,0.26301907800004853,0.2542316589897382,0.0
630,MMM,0.1511515982461058,0.2648952050331642,0.25374798006090293,0.0
631,MMM,0.14938588680783904,0.26729335561860884,0.2539029102682143,0.0
632,MMM,0.1475012789439727,0.26655651309386497,0.25386036141648216,0.07693865346139518
633,MMM,0.1454775392222467,0.26448239119966244,0.25335766478426164,0.06745208749909232
634,MMM,0.14392432278791056,0.26667766899886003,0.2534515407731771,0.046176888531521625
635,MMM,0.1434765702375469,0.2697497311118064,0.2542207883788674,0.04261474765758155
636,MMM,0.14336167405887257,0.269105728455744,0.2546906710487447,0.043085622323804265
637,MMM,0.14365005478827042,0.27392341001274334,0.25615515488372775,0.04126470228807541
638,MMM,0.14374618477575574,0.2757840596310604,0.2577471644425616,0.062249087739370636
639,MMM,0.14399651853266948,0.280118875257217,0.2600002439713697,0.0
640,MMM,0.14426466712711727,0.281382590902207,0.26208825005977854,0.0
641,MMM,0.14398134446506528,0.2806698249304278,0.26359760212276745,0.0
642,MMM,0.14384474063041286,0.2821924720113845,0.26514913300852,0.0
643,MMM,0.1440977077811505,0.2876702167098958,0.26762807977274367,0.0
644,MMM,0.1440977077811505,0.29026149859348277,0.2701967494553535,0.0
645,MMM,0.14399651729026908,0.2910059171935907,0.27241989006871437,0.0
646,MMM,0.14398640005647412,0.2910352913387691,0.27420503978500477,0.0
647,MMM,0.1439805765960649,0.29338027599640987,0.2761630198181629,0.0
648,MMM,0.1438849530041615,0.29228603331695147,0.27748215458918174,0.0
649,MMM,0.1433486642904751,0.28663292721484657,0.27726011662037703,0.08270403437337835
650,MMM,0.14296162852121386,0.2842539868843981,0.27654495354199204,0.06523042809095626
651,MMM,0.14237869087908694,0.28023112271136824,0.27506383808860313,0.03399660776600788
652,MMM,0.1420270683162086,0.2777009977236723,0.2733072521415594,0.0560423503824676
653,MMM,0.14170327419133466,0.2745020972152761,0.27117917684019166,0.06185578695873176
654,MMM,0.14097472586904525,0.2697791284989734,0.2684095397097168,0.07199317066431939
655,MMM,0.13981107428639383,0.2610286406083846,0.26421661630595167,0.17781292413994235
656,MMM,0.13895098233945835,0.2556633727620581,0.2596499701985665,0.0
657,MMM,0.13771144444278782,0.2513827607315236,0.255029428987072,0.0
658,MMM,0.13667427628541273,0.24933329597060608,0.25086990986172597,0.0
659,MMM,0.13541956139610534,0.24772267298751297,0.2471783667591901,0.0
660,MMM,0.13443298587764185,0.24862119002868321,0.24442815640851798,0.0
661,MMM,0.13355772110934327,0.24962447493505535,0.24245468504889128,0.0
662,MMM,0.13255091112328965,0.25092047983536636,0.24116874633493607,0.0
663,MMM,0.13141761756186732,0.2547261799278444,0.24099991111392022,0.0
664,MMM,0.13029444123423994,0.25653093287557555,0.2412726353135872,0.0
665,MMM,0.1291965640420769,0.2574137248157123,0.2416902856444906,0.0
666,MMM,0.12838959779777093,0.2621912688925453,0.24310391435676978,0.07685257832807614
667,MMM,0.12710528398763632,0.26159994253340546,0.24410120436778243,0.05871079758824325
668,MMM,0.12612579539695223,0.2630278905760963,0.24522168792097732,0.04562371706430663
669,MMM,0.125655274124585,0.2671320762164771,0.247045434720423,0.040294615463179265
670,MMM,0.12493937509229736,0.2690293223702787,0.24893312380932603,0.030965086438207442
671,MMM,0.12436372160050924,0.2705824798976495,0.25079421829399473,0.048611669497464094
672,MMM,0.12387802579666907,0.27384735240768443,0.2530208071080436,0.07654889486731264
673,MMM,0.1235390468081603,0.2773795360576814,0.25560019158893843,0.0
674,MMM,0.12334173227736034,0.27997041335907696,0.2582491200276452,0.0
675,MMM,0.12355422540070182,0.28283077967670334,0.2610145759372807,0.0
676,MMM,0.12379201428035636,0.28668403385805963,0.2640976014841174,0.0
677,MMM,0.12411075192212961,0.2904569333950402,0.26741652623268286,0.0
678,MMM,0.12437889855414619,0.2935316048500897,0.2707664024391556,0.0
679,MMM,0.12470775706030057,0.2963203394540676,0.2740764310420013,0.0
680,MMM,0.12493036645867617,0.29855706894801765,0.2772298534234319,0.0
681,MMM,0.12516739836108892,0.300250787586522,0.2801352949831414,0.0
682,MMM,0.12541024827803193,0.30159592838399685,0.2827635890906215,0.0
683,MMM,0.12572898674797361,0.30597311512874653,0.2858552702109292,0.06600203439581219
684,MMM,0.12579728413297608,0.3039768637968199,0.2878775527743943,0.03888647823414916
685,MMM,0.12627286118879988,0.3073007471941437,0.2902464258376897,0.034854761495723696
686,MMM,0.12645530180616693,0.30913280755733347,0.2925554869031529,0.0358672364864107
687,MMM,0.12684487223905094,0.30872977941381424,0.29431166965994493,0.044470853413103376
688,MMM,0.1271661411224536,0.30876869622263453,0.2957254093004987,0.0670207672494154
689,MMM,0.12745452185185147,0.31078208980910565,0.2973113367183789,0.05845505171887555
690,MMM,0.12786432629732047,0.31232062526139626,0.29892771793991996,0.0
691,MMM,0.128380382320596,0.31465418772269554,0.3007481022785487,0.0
692,MMM,0.12870923785296706,0.315288915836173,0.30234782953781597,0.0
693,MMM,0.12906338944360884,0.3166583372892746,0.30393703853273746,0.0
694,MMM,0.12941754708522812,0.31710720966232636,0.3053098305425102,0.0
695,MMM,0.129857713316059,0.31912473140397,0.30686393263175055,0.0
696,MMM,0.13019668905600845,0.3204232963162797,0.30840063112358335,0.0
697,MMM,0.1305457820297531,0.3219582125604572,0.30997681142727196,0.0
698,MMM,0.1309151155220647,0.32321667171673957,0.31152211040735633,0.0
699,MMM,0.13134516088851456,0.32513256198898255,0.31319125396660413,0.0
700,MMM,0.131896630673634,0.32813391524449353,0.3152047386312389,0.0833131723881835
701,MMM,0.1320845827798105,0.3247702347478271,0.31605548700953906,0.06687435687175337
702,MMM,0.1324741522051831,0.3248238964487199,0.3167482108246832,0.06008233222285785
703,MMM,0.1327068806751015,0.32562945867545173,0.31748441043271675,0.0574285260548484
704,MMM,0.13335194829990749,0.32664473888462187,0.3183027774348711,0.061788013122620465
705,MMM,0.13384270381974872,0.32981169024496465,0.31967305852077266,0.05856297033595868
706,MMM,0.13431039054318838,0.3309266942558296,0.3210212237650154,0.10078512565021262
707,MMM,0.13500858245006242,0.3330865211713726,0.32258777896199625,0.0
708,MMM,0.1357270069595966,0.33515186966563004,0.32430769827963024,0.0
709,MMM,0.13613671536205363,0.33393477429986296,0.3254086253386923,0.0
710,MMM,0.1366122949366555,0.3336423537477404,0.3262232931933869,0.0
711,MMM,0.13701704479822663,0.3332619627181108,0.32678907634341026,0.0
712,MMM,0.13762922820748114,0.3345937238189735,0.3275426205180623,0.0
713,MMM,0.13804410135382472,0.33340198713335867,0.3278761773752217,0.0
714,MMM,0.13853485375363062,0.33276379507712,0.3279988203785035,0.0
715,MMM,0.13880805779234895,0.3305677898112757,0.32760073711194304,0.0
716,MMM,0.1392381007384078,0.3307297988880535,0.32731887720794733,0.0
717,MMM,0.13976427519208268,0.33266350399205624,0.3275303190045573,0.05810378488537189
718,MMM,0.14044728423852648,0.3364073895657221,0.32854542091211797,0.04082381813469637
719,MMM,0.14112017362103435,0.33997214721280994,0.3301629761149418,0.038286667977275694
720,MMM,0.1395686756181176,0.2688870621495296,0.277494276193055,0.0
721,MMM,0.13842526060967097,0.268615036261659,0.27319858710194067,0.0
722,MMM,0.1369099864085952,0.26336505250908293,0.2685757774252969,0.0
723,MMM,0.1354883056965892,0.26115989006071055,0.2643792629065396,0.0
724,MMM,0.1340413294797047,0.25958863493337825,0.2606670188405624,0.0
725,MMM,0.1328119100952756,0.25964241261958443,0.257709374907709,0.0
726,MMM,0.13159260794464123,0.2588218055797017,0.2551578397595527,0.0
727,MMM,0.13021140584937863,0.2573995143802975,0.25279523828686284,0.0
728,MMM,0.12783872215922054,0.2420499540779792,0.24743685210803493,0.12149074101952395
729,MMM,0.1253798811921557,0.22773073125918986,0.2399146477416476,0.0731656344144677
730,MMM,0.12301716801436968,0.21867811948289262,0.23185140424295297,0.06756791699948461
731,MMM,0.12130700708875575,0.2161129367397981,0.22482119439572917,0.046349156871044926
732,MMM,0.11942240137434534,0.2161055690996901,0.21919536176518023,0.0435411475149495
733,MMM,0.11769716286437149,0.21621439858013575,0.214719286191272,0.05031215519027741
734,MMM,0.11610346773735936,0.21711633349648773,0.21134222214839818,0.08719965947779905
735,MMM,0.11455632332120558,0.21907363894485649,0.20908283324218696,0.0
736,MMM,0.11320801034757222,0.2219835062180872,0.2079328202485179,0.0
737,MMM,0.11205448176309907,0.22508826902653062,0.2077143455433581,0.0
738,MMM,0.11080482428049365,0.22816229009702993,0.20823415522941707,0.0
739,MMM,0.10956528403168309,0.23184351149960397,0.20948179218575147,0.0
740,MMM,0.1084016327178986,0.2366988314781397,0.21157698402742953,0.0
741,MMM,0.10709632500354116,0.2402717788082641,0.21406046167476483,0.0
742,MMM,0.10623623366554424,0.2448721523187308,0.21708671972139432,0.0
743,MMM,0.10531543589928871,0.249706925853866,0.2206001658702454,0.0
744,MMM,0.10443510948860413,0.2543740312284279,0.22446547709514764,0.0
745,MMM,0.10383051708188962,0.26340969339145265,0.2295993762361952,0.07190036537654329
746,MMM,0.10399241670299175,0.2807994288647433,0.2376357876795276,0.07998150978617591
747,MMM,0.10411434334892411,0.29280911262723486,0.24677856109693475,0.03586711841352549
748,MMM,0.1055308099200335,0.30652283581249573,0.2571914597776824,0.042599280109618866
749,MMM,0.10694742883660646,0.314241487392103,0.26726584417723587,0.03499538630201037
750,MMM,0.10793399959228911,0.3151761838173893,0.27553655072942973,0.05641935710494732
751,MMM,0.1084374044021319,0.3122658869969355,0.28149552078167916,0.08838463895377978
752,MMM,0.10888515773398166,0.31007801482309605,0.28576833686450187,0.0
753,MMM,0.10948215785793713,0.30959151001642715,0.2890766616923935,0.0
754,MMM,0.11004880473703593,0.3085187250140659,0.2914809207617813,0.0
755,MMM,0.11065086244112743,0.30840543410780563,0.29337872940671406,0.0
756,MMM,0.11115173752060759,0.3071943935653271,0.29462333604327945,0.0
757,MMM,0.11153118824671426,0.30432264103186923,0.29497013542509637,0.0
758,MMM,0.1120927770156257,0.3044765028209174,0.29528234072200304,0.0
759,MMM,0.11271001904177758,0.305814554435371,0.29583444398515324,0.0
760,MMM,0.11321595334325318,0.3063623012097733,0.2963998925433192,0.0
761,MMM,0.1136662313619996,0.3049520573508905,0.29653360018867087,0.0
762,MMM,0.11427841517071313,0.30728031421605273,0.29716664684206573,0.08128220068966373
763,MMM,0.11455667541184755,0.3047373847883997,0.297098497357304,0.04911017321882625
764,MMM,0.11506767203673951,0.3064027750122004,0.29742028048615365,0.059492085869686503
765,MMM,0.11520174527770144,0.30697817306612146,0.29780772087292046,0.03077227341665737
766,MMM,0.11464015835037888,0.3070632966371267,0.29813690725166087,0.03530851559359077
767,MMM,0.11414889962885533,0.3062450552095725,0.2982153708739585,0.06210657376692059
768,MMM,0.11331411112013734,0.30472837387064183,0.29793544052377124,0.07549922691778409
769,MMM,0.11269686720955496,0.30371818270419965,0.2974832388209198,0.0
770,MMM,0.11240848868427289,0.30274629929830865,0.2969018758537499,0.0
771,MMM,0.11240297680339095,0.3026231217975591,0.29640895294713315,0.0
772,MMM,0.11238779490172146,0.30258727640595706,0.2960065151878171,0.0
773,MMM,0.11240803299989766,0.30439050284203245,0.29609201243438993,0.0
774,MMM,0.11250416124329532,0.30628144871117524,0.29658767830218463,0.0
775,MMM,0.11340472454196071,0.32028707635839476,0.30014884812280906,0.0
776,MMM,0.11426481164427382,0.32941016939412965,0.3050591895553819,0.0
777,MMM,0.1153424543688466,0.3375653110078989,0.310830155122798,0.0
778,MMM,0.11636950124288092,0.3452392672943708,0.31718089392098636,0.0
779,MMM,0.11805173147695414,0.3615919880479166,0.32595645875990154,0.20379013961528314
780,MMM,0.11985792091416192,0.37508163665231,0.336024959877429,0.08959583061027743
781,MMM,0.12188671929769501,0.38628540112040505,0.3466113037971636,0.07109723361133595
782,MMM,0.1237283174260988,0.3948302247009927,0.3570111218187896,0.03561739426130356
783,MMM,0.1258330069369551,0.400009958128831,0.3665013612501306,0.04745443714950802
784,MMM,0.12783144702832439,0.4050853776724087,0.37524036759880797,0.07450658817181258
785,MMM,0.13006515006414188,0.4106504987677067,0.38348903783922905,0.13524434298047844
786,MMM,0.1322609065609912,0.412908221467761,0.39059811704390723,0.0
787,MMM,0.13457808448706765,0.4143627257050778,0.3966140324485182,0.0
788,MMM,0.1369458571548292,0.41413493531348594,0.40137529446695364,0.0
789,MMM,0.139384465086684,0.41392430294034854,0.4051367107110342,0.0
790,MMM,0.14186859694002973,0.4129891022221664,0.4079345307264071,0.0
791,MMM,0.14434813005074165,0.41157104243352044,0.40985236949160847,0.0
792,MMM,0.1467310835151603,0.4078658528512589,0.4105494355738883,0.0
793,MMM,0.14906850337652466,0.40492818150630105,0.41044330784825633,0.0
794,MMM,0.15149699044399823,0.4032916194592609,0.40998861681257365,0.0
795,MMM,0.1535814431546243,0.4083936979973857,0.4107777025122391,0.0
796,MMM,0.15550399220435307,0.4071678528427893,0.41113198562118314,0.11362354467789422
797,MMM,0.15715339000038875,0.4023316638888871,0.4103226525762949,0.04642602231931749
798,MMM,0.1583853385685836,0.3929805559959265,0.40756225953999714,0.0406540293257625
799,MMM,0.15889572818710263,0.3848918175165176,0.40352625678863885,0.03071359119270735
800,MMM,0.15942442696042014,0.37923457001093624,0.39901917303243134,0.032582448819831994
801,MMM,0.15969763315834484,0.3716512194281456,0.39370001246607644,0.03595968755553115
802,MMM,0.15984435568930877,0.36379271136085084,0.3876690173299844,0.05515715796203839
803,MMM,0.1600214321715694,0.3569187091630474,0.3812910082477268,0.0
804,MMM,0.16009226523361497,0.3514867122160502,0.3749612158448962,0.0
805,MMM,0.15997843251122013,0.34672809758319095,0.3688221506715488,0.0
806,MMM,0.15990759977270086,0.34225510856174163,0.3629002057256821,0.0
807,MMM,0.15977605758043456,0.33835305687516093,0.357280962925137,0.0
808,MMM,0.15982664980038663,0.33745994012450065,0.35258376477426345,0.0
809,MMM,0.15982664980038663,0.3368615067187699,0.3486907874243091,0.0
810,MMM,0.15965463504235422,0.3339835656699274,0.3449261212928909,0.0
811,MMM,0.159654635042354,0.33446087999029217,0.34202223979272234,0.0
812,MMM,0.15958886092073232,0.3321569364522047,0.33917854776553574,0.0
813,MMM,0.1598215884747316,0.33554790407274027,0.3376697991505616,0.05330329559133558
814,MMM,0.15961415204485685,0.3332193544250786,0.33593665356589253,0.022951243573145267
815,MMM,0.15897920339409266,0.3323219753867003,0.33434737010385845,0.02624689394516341
816,MMM,0.15871106152869796,0.3326301499394322,0.3331455768169675,0.025393463130856046
817,MMM,0.15867053301887046,0.3331759589936011,0.3323074702981435,0.026429198479929677
818,MMM,0.15908287217375805,0.33545649155870017,0.332152282091204,0.04276422793025907
819,MMM,0.1595514683534498,0.3379596235403877,0.3325937259139248,0.055596034876368834
820,MMM,0.15992332986601387,0.33972015788803367,0.33334468194890715,0.0
821,MMM,0.16045455858301438,0.34073080913363357,0.334173808156634,0.0
822,MMM,0.16104144505501083,0.34077231047707107,0.3348464865456305,0.0
823,MMM,0.1616080918357219,0.34005394484702556,0.33522231118009266,0.0
824,MMM,0.16219497005853456,0.3399329806632079,0.3354956384641027,0.0
825,MMM,0.16277678966444986,0.3393930745903604,0.33559230598688305,0.0
826,MMM,0.1632574248304608,0.3368282854465988,0.3350901138924509,0.0
827,MMM,0.16386454357184044,0.3363339582174765,0.334576664665569,0.0
828,MMM,0.16429964513479667,0.33561656919262606,0.3340038078758438,0.0
829,MMM,0.16471450920467445,0.3348806832017685,0.33337924555979126,0.0
830,MMM,0.1647807888157089,0.32681673951745854,0.3310575098846448,0.05068432092446346
831,MMM,0.16470995725813475,0.3213062526024912,0.3279550010318334,0.026654245399142438
832,MMM,0.16472513815229295,0.3157195543720279,0.3242106533334132,0.02182022340570611
833,MMM,0.16473520680247344,0.316651075597268,0.3214256567559148,0.030309073487973393
834,MMM,0.16510959808735515,0.31794214201984616,0.31948938199550175,0.02302078850253473
835,MMM,0.16529426387179558,0.31727846390643655,0.31779040101080913,0.03247878082661646
836,MMM,0.16528920415579496,0.315164893604507,0.3159536451198388,0.03939690731691766
837,MMM,0.16522343085850055,0.313123928108169,0.31402307469952845,0.0
838,MMM,0.16492492644103063,0.31020071145544104,0.31181810387719516,0.0
839,MMM,0.16458088975154372,0.30824836696732855,0.30961298584343255,0.0
840,MMM,0.1643279226008061,0.30818936656835616,0.3078355600000974,0.0
841,MMM,0.16402436323011615,0.30739345859887385,0.30623378019412745,0.0
842,MMM,0.16388269775307762,0.3087684934591084,0.3052630519124768,0.0
843,MMM,0.16363984783613494,0.3079789887871424,0.3043080770109018,0.0
844,MMM,0.1632047462731785,0.30535457011029354,0.30295109740486204,0.0
845,MMM,0.16277470332711985,0.3033213474794686,0.30140609754920267,0.0
846,MMM,0.1624660853395321,0.3017744832622631,0.2998205764540194,0.0
847,MMM,0.16144410220179384,0.29203837664492066,0.2963522407135556,0.0573502437319533
848,MMM,0.1607357983734572,0.28917518362177175,0.29293062025516997,0.02991813416503874
849,MMM,0.1601893907802754,0.28965640907155005,0.29030205903142625,0.024936166846432635
850,MMM,0.16018382324606284,0.29097560762345276,0.28849728914032263,0.01877783937246623
851,MMM,0.1598903274023138,0.2890117359729731,0.28660972723524897,0.029605949456540027
852,MMM,0.15977902288335533,0.28923778484268897,0.28515075451142347,0.038312762084907394
853,MMM,0.15929843757733697,0.2896215015747591,0.2840702789241292,0.0415767689236889
854,MMM,0.15872167424386152,0.28938401919077933,0.28315223819799284,0.0
855,MMM,0.1581752643579264,0.2882923750583194,0.28217114351543404,0.0
856,MMM,0.1577907550636728,0.28854294364298677,0.281442884913989,0.0
857,MMM,0.15740118710377105,0.28858358359321074,0.2808694608198192,0.0
858,MMM,0.15710268634997893,0.28890351566334366,0.28048301169331274,0.0
859,MMM,0.15690031141919314,0.29114142541835897,0.280679518576774,0.0
860,MMM,0.15661193031958676,0.29330179829690467,0.28132487044802573,0.0
861,MMM,0.15623247959347997,0.293081739805637,0.2817914286988446,0.0
862,MMM,0.1556051227539239,0.2914433903166014,0.28179448256343687,0.0
863,MMM,0.15596433649661678,0.30292703496462103,0.2843917089175796,0.04944219417204046
864,MMM,0.1566726452709184,0.3150842603243117,0.28921647197815553,0.045261941744019166
865,MMM,0.15694079106885717,0.3180802515138382,0.29375324065994407,0.02800688837212323
866,MMM,0.15720893686679638,0.3203054618962315,0.2978854523073524,0.021652441835820834
867,MMM,0.15812467621499748,0.32278983252424565,0.30175257679786816,0.02277684992168816
868,MMM,0.15877226908127473,0.325226818407861,0.3053969247580678,0.027720325479715376
869,MMM,0.15939456798407736,0.32907963071780405,0.3091829641024415,0.04738595487608546
870,MMM,0.15992580242852883,0.3312585594327418,0.31270413472051467,0.0
871,MMM,0.16054815801787803,0.33084258908028524,0.3154270807667035,0.0
872,MMM,0.16117551507961858,0.33187786350153986,0.31783936270519425,0.0
873,MMM,0.16180793317864706,0.3324837209038372,0.31990608457201797,0.0
874,MMM,0.1625010665602158,0.33282027727350244,0.32163550855260287,0.0
875,MMM,0.16334092161532965,0.3338303773697929,0.3232472845820453,0.0
876,MMM,0.1641200611657192,0.3343202015582709,0.32464738347382344,0.0
877,MMM,0.16487896261793256,0.3337304673938543,0.3256342093922859,0.0
878,MMM,0.16548608741028947,0.330821053024994,0.3257662743316184,0.0
879,MMM,0.16589083727186082,0.32708977452586036,0.32502882644031533,0.0
880,MMM,0.1665789079674862,0.3283096387262438,0.3247145021534603,0.04169094540368824
881,MMM,0.16720120600311983,0.3259913041404288,0.3239392041723269,0.02417093647737812
882,MMM,0.16811588346776385,0.3266123976285683,0.3234593047683665,0.019422517325719993
883,MMM,0.16846498078917072,0.3311892610436553,0.324109548957859,0.02068353573977681
884,MMM,0.1685307524806514,0.3334671701743669,0.32514444854029273,0.022368199665971807
885,MMM,0.1689985869330255,0.33439690534792194,0.32618244622073883,0.02625315180807961
886,MMM,0.16944380962538874,0.3344864283458497,0.3270330725055292,0.04168858394598402
887,MMM,0.1698586738229042,0.33469169305230756,0.32775995405461744,0.0
888,MMM,0.17014200023431658,0.3332826099993727,0.3280230703822445,0.0
889,MMM,0.17021789163552925,0.3309948909010534,0.32771664260540556,0.0
890,MMM,0.17042026051533798,0.330191798343326,0.3272900378612881,0.0
891,MMM,0.17072887850292529,0.3290064014781309,0.3266809080955319,0.0
892,MMM,0.1708604237206801,0.32686864336041216,0.3257105678295114,0.0
893,MMM,0.17137647888653706,0.3306721798197618,0.32579372248381017,0.0
894,MMM,0.17184699439836204,0.33286829648250676,0.32635646904708615,0.0
895,MMM,0.17192794074009,0.3296341494210696,0.3260758956303277,0.0
896,MMM,0.17176097854797767,0.3232188486051438,0.3244018696479258,0.0
897,MMM,0.17194564401480106,0.3224910442881096,0.32289819806976217,0.0629114766254061
898,MMM,0.17251987542650316,0.3253021130847953,0.3223304349602861,0.03778037144548959
899,MMM,0.17357570691347846,0.33316291006870397,0.3236524083471367,0.05466136991703609
900,MMM,0.17418035220862849,0.336793404246472,0.32553031421020834,0.03289203592485605
901,MMM,0.17482086793564555,0.3367919558504437,0.32703231162880325,0.025846626864297062
902,MMM,0.1752873912937274,0.33655913443648694,0.32818130247537264,0.0287215835463073
903,MMM,0.1755960108871284,0.3380429951097024,0.3294357804176036,0.052408539267204256
904,MMM,0.1759805231182332,0.3389300538903783,0.3306397978551508,0.0
905,MMM,0.17632218317210224,0.33808077448233154,0.33141111314751465,0.0
906,MMM,0.1767471668601197,0.3379537876652408,0.33199947211566644,0.0
907,MMM,0.177207571189127,0.33846822332347754,0.33258639843520876,0.0
908,MMM,0.17778433822912176,0.3389610827372589,0.3331673033824318,0.0
909,MMM,0.1782750936544164,0.33684015752340163,0.33315279436021594,0.0
910,MMM,0.1788012684744591,0.3366194281885664,0.3330913123160166,0.0
911,MMM,0.17945897943579103,0.33774183629475907,0.333295740046176,0.0
912,MMM,0.18001044673522326,0.3357579599420376,0.33301101608200046,0.0
913,MMM,0.17993961449750517,0.33047455974476325,0.3315894279048078,0.050712540344028965
914,MMM,0.18003068471639838,0.32792267506130796,0.32987554707360844,0.024031256254173138
915,MMM,0.18046831760873516,0.3260962445645665,0.3280917518884991,0.021120877706599508
916,MMM,0.1811664575430929,0.32463620972978985,0.3263348140351587,0.03600986853174596
917,MMM,0.18162422796181588,0.3242572231597608,0.324843629962975,0.01984167606822015
918,MMM,0.1818847848697387,0.32443560181390896,0.3236909881971126,0.0254963046138751
919,MMM,0.1817295171432296,0.32415880431259536,0.3227063310933284,0.05814570075962191
920,MMM,0.18155997505969057,0.3213074224957523,0.32127432234163883,0.0
921,MMM,0.1819465063937329,0.32454116008064104,0.32085939348452364,0.0
922,MMM,0.18224500599967142,0.32569445810304226,0.32078804348551165,0.0
923,MMM,0.1825080929975289,0.32786992609459187,0.3212225206622273,0.0
924,MMM,0.18261433605433064,0.3271196554503453,0.3214005752395606,0.0
925,MMM,0.1828015315038376,0.32630674725714476,0.3213593384899993,0.0
926,MMM,0.1829280150792063,0.32545402797223544,0.3211336731763974,0.0
927,MMM,0.18311520810832227,0.32643068718494517,0.32117382164631053,0.0
928,MMM,0.18317085894517193,0.32549799208239416,0.3209951935979301,0.0
929,MMM,0.1835705501898457,0.3274479965756634,0.3212929038023335,0.0
930,MMM,0.1835553698511483,0.32445290110036157,0.32085431612335025,0.10093389748557888
931,MMM,0.183641331279375,0.3250203320848791,0.3206316596672257,0.03774010859163253
932,MMM,0.18393477164293182,0.3257826874086111,0.3206257922562626,0.03125991443258009
933,MMM,0.18452418239172919,0.32709554776655503,0.3209177452707898,0.03061854252011224
934,MMM,0.1849390467880878,0.3271960194553032,0.3211740097307862,0.03627553252347142
935,MMM,0.18510347832505447,0.32379130771174797,0.32060971074307637,0.040579643408079374
936,MMM,0.18519459937836036,0.32004823222207857,0.3193125061249068,0.07383864986017219
937,MMM,0.18534648131428733,0.31882194576052914,0.317997657264211,0.0
938,MMM,0.18540719525603944,0.31706435188661825,0.3165486416126531,0.0
939,MMM,0.18553873456611414,0.3163911672035982,0.3152373198611415,0.0
940,MMM,0.18566521814148307,0.31324376443389956,0.313477092071316,0.0
941,MMM,0.1854173120280338,0.3108589734039519,0.3115300551431758,0.0
942,MMM,0.18505304078320584,0.3060634253601795,0.3088888490725017,0.0
943,MMM,0.1847950150155706,0.30535653698389936,0.30661615947844,0.0
944,MMM,0.18599408027822384,0.3239263904850488,0.3089939531261411,0.0
945,MMM,0.18728927378427507,0.3396933802659708,0.3144588131896307,0.0
946,MMM,0.18847821818254706,0.3501232971952945,0.321187389792416,0.0
947,MMM,0.1909142963323338,0.3779079807500324,0.33284833038226735,0.330920986215581
948,MMM,0.19386136360238315,0.404869463272319,0.3482691560351348,0.18912218123125224
949,MMM,0.19613300832870495,0.4178858092871834,0.36354692086821905,0.11021879495994083
950,MMM,0.19881719228364192,0.4285670385420895,0.3781826064830232,0.08783146748656478
951,MMM,0.20119513415771473,0.43418176947657505,0.3911598297117309,0.05804699182758525
952,MMM,0.2037349269289328,0.440022944011232,0.4028614490229889,0.08082325138484736
953,MMM,0.20619629871866807,0.4428655077258282,0.4128650350491779,0.10934434717206586
954,MMM,0.2085337146356696,0.4410312854699278,0.4204534527655244,0.0
955,MMM,0.21113421457674542,0.4386632653625482,0.42598912171077974,0.0
956,MMM,0.21387637646561553,0.4364962897072526,0.4299280185741875,0.0
957,MMM,0.21653759016525953,0.4339932696846025,0.43251356697431,0.0
958,MMM,0.2194214193142563,0.4331804554042881,0.4343983465030362,0.0
959,MMM,0.2219460322047364,0.4266677602455578,0.4344345961693683,0.0
960,MMM,0.22485515443822068,0.42331510834699293,0.4337060485123917,0.0
961,MMM,0.22769850618066956,0.4185527064714565,0.43204712339051654,0.0
962,MMM,0.2306582230544969,0.4123698662112937,0.4293229415947299,0.0
963,MMM,0.23329919926106224,0.4047004216107288,0.42541064925039473,0.0
964,MMM,0.23563155747324482,0.4121671064151464,0.4239679477575865,0.13792719507824985
965,MMM,0.23771853966959466,0.41463881849098017,0.42337228147680994,0.07187049293658483
966,MMM,0.2401925621291201,0.41946174277329296,0.42398551076959534,0.04891960358209519
967,MMM,0.24124237471828325,0.4212226385668512,0.42487397685102524,0.05619785237229089
968,MMM,0.24218594250448855,0.42574680412422894,0.42660700610120517,0.0669800321040175
969,MMM,0.24374421961949544,0.42994126519164955,0.4289411876135524,0.09836829176282227
970,MMM,0.2452845892177442,0.43331133390460763,0.4315700156242117,0.0987016115177738
971,MMM,0.24700476718738962,0.4357750427172318,0.4342297645714241,0.0
972,MMM,0.2484163284088936,0.43461327854004095,0.4360950576752096,0.0
973,MMM,0.2489020268629909,0.418482578041061,0.43394248487365616,0.0
974,MMM,0.2501567453828848,0.41331430952997555,0.43105263216998,0.0
975,MMM,0.2511787342451195,0.405244442122879,0.4269173256918424,0.0
976,MMM,0.25221590198353505,0.3992131631049506,0.4222462847831776,0.0
977,MMM,0.25316200009545065,0.39277479927641845,0.4170546736115956,0.0
978,MMM,0.2532480050540762,0.3767626006558607,0.4092833534438778,0.0
979,MMM,0.2534604972186565,0.36083539951053784,0.3994674716566486,0.0
980,MMM,0.25371346678978535,0.3514492480670286,0.3894939213721948,0.0
981,MMM,0.25416375002247693,0.3456660480969454,0.38020834004058074,0.1737761302674528
982,MMM,0.25521609704332815,0.34832413842184407,0.373380482926561,0.07927342669356367
983,MMM,0.2569767490861661,0.3586759415623458,0.3702572356111086,0.07410100781111173
984,MMM,0.2572983226604959,0.3597280956856803,0.3679963769079842,0.052293300131238014
985,MMM,0.25763476607537195,0.357989366339829,0.36579481591090224,0.0635909860797972
986,MMM,0.2571642494195341,0.34835072946642703,0.36185567199381286,0.062201740512400905
987,MMM,0.2569264612336146,0.34299727261234836,0.3574947182247532,0.0870153477039842
988,MMM,0.25640534910926527,0.3386930533282353,0.35303339671446893,0.0
989,MMM,0.2558639941765506,0.33666653834300764,0.3490064389593347,0.0
990,MMM,0.25520122210967955,0.334448868840001,0.3452837799502457,0.0
991,MMM,0.2543461948344594,0.3308480603851578,0.3414920332174351,0.0
992,MMM,0.25363282335471427,0.3282035120300574,0.3378610877513802,0.0
993,MMM,0.2539515646270738,0.3272267838271441,0.33473563506908205,0.0
994,MMM,0.25368341920525284,0.3263832422698839,0.3320446707598134,0.0
995,MMM,0.2536530644783792,0.32617198577543766,0.32984416491859947,0.0
996,MMM,0.25364294724458425,0.32749498679190225,0.3283826985181865,0.0
997,MMM,0.25371377635251724,0.3288203236186156,0.32751299145767393,0.0
998,MMM,0.2541438201385626,0.3248760612278053,0.32592600125920557,0.07289784511080845
999,MMM,0.2552265231286881,0.3285455492803111,0.3254855471025471,0.044917050846316926
1000,MMM,0.255944952028726,0.3295504308319054,0.3253602414675931,0.02668482627641217
1001,MMM,0.2564863000920454,0.3295666639917586,0.32526366491808517,0.02379085985988291
1002,MMM,0.2564306432160368,0.3282158813596362,0.32488118801981863,0.029178997903615923
1003,MMM,0.25575522191175537,0.32658688361027194,0.3242071268344962,0.024688449933259304
1004,MMM,0.2556360231278687,0.32675733991195166,0.3237063932854985,0.053788929368209705
1005,MMM,0.25560060959795927,0.32592959817357453,0.32311877432590475,0.0
1006,MMM,0.2561014846375529,0.3252176374816727,0.3224878083072495,0.0
1007,MMM,0.2564606963164726,0.3250486603667812,0.3219448543222438,0.0
1008,MMM,0.2567743729209575,0.3243445768575354,0.32135140016955266,0.0
1009,MMM,0.25688062444912707,0.322266916192327,0.3204071796946915,0.0
1010,MMM,0.256936278916563,0.31943287964879596,0.31901143949183736,0.0
1011,MMM,0.257229721053458,0.3189998652965342,0.3177970057097464,0.0
1012,MMM,0.2576091723846623,0.3202308136959181,0.3171035972369098,0.0
1013,MMM,0.2578418990168332,0.3202342571791493,0.3165496485297953,0.0
1014,MMM,0.25812016469793764,0.32090472261480596,0.31625798436769864,0.0
1015,MMM,0.2580392150003994,0.31668563811399386,0.3150713311457824,0.0778520653013899
1016,MMM,0.2579633229122469,0.31505071817776953,0.3137525907556978,0.03834582249276656
1017,MMM,0.2578469607898115,0.31360820689916574,0.3123716562679212,0.025031569737683376
1018,MMM,0.2580999281237333,0.3130732098146336,0.3111460235821607,0.025363354545127163
1019,MMM,0.25762940685136604,0.3089613697008435,0.30923642791256556,0.027939350681782358
1020,MMM,0.2572600752824852,0.3055736737495078,0.30694328561908446,0.04064659073399419
1021,MMM,0.2570678199240435,0.3050128492665263,0.3049820508671843,0.10605743419355335
1022,MMM,0.25696663506606643,0.30482241892373674,0.30337003443831784,0.0
1023,MMM,0.2568426813156066,0.30403594085588986,0.30190271289433823,0.0
1024,MMM,0.25662512765577783,0.30375382110422305,0.3006651093806799,0.0
1025,MMM,0.256432872379178,0.30320384014573765,0.2995507557977557,0.0
1026,MMM,0.2561495450556872,0.30163581124113714,0.298304969460573,0.0
1027,MMM,0.2558257451664303,0.3004726234332331,0.29704551266081886,0.0
1028,MMM,0.255517127178843,0.2994918276189971,0.2958163318157428,0.0
1029,MMM,0.2552945153600765,0.2987391321268061,0.29466291206989914,0.0
1030,MMM,0.2551275567985505,0.298025678536286,0.2935789680948129,0.0
1031,MMM,0.2548239974278603,0.29749914745393496,0.2925928407520264,0.0
1032,MMM,0.2545001986406612,0.2986056839607397,0.2920539659811405,0.06598078127647415
1033,MMM,0.25416633280614076,0.298610781446315,0.2916240179651585,0.026920499755293946
1034,MMM,0.2536856966725054,0.29738125372523083,0.29100224200844876,0.03769134449004026
1035,MMM,0.2533796069371048,0.2944958062803394,0.2898528408863021,0.02404471656308723
1036,MMM,0.25291920509673926,0.2919005635500464,0.2883469127455001,0.027696120538247056
1037,MMM,0.25238929217624273,0.2889523166443245,0.28647600004394447,0.02787535517799783
1038,MMM,0.251812530717447,0.28683304972432916,0.28450041160196626,0.05549874281895471
1039,MMM,0.25145331857081743,0.2849624353669099,0.2824972667780916,0.0
1040,MMM,0.25090690613596767,0.28086484953707624,0.27996888222018856,0.0
1041,MMM,0.25030484651228635,0.27921513243687884,0.2775734132728502,0.0
1042,MMM,0.24968760751162322,0.27824345021708696,0.2754374819690315,0.0
1043,MMM,0.24867067666118814,0.2712990274716882,0.27215961210022915,0.0
1044,MMM,0.2476031535908012,0.2658250543660554,0.26830044635863115,0.0
1045,MMM,0.24676835836278044,0.26504515789938965,0.2650368925080613,0.0
1046,MMM,0.2461511223876054,0.26691542764651144,0.26284864563158755,0.0
1047,MMM,0.24552376312765878,0.268693602007645,0.2614998349508338,0.0
1048,MMM,0.2448761694001218,0.2700833525070747,0.26073480703691526,0.0
1049,MMM,0.2434252987619343,0.2597685980949573,0.2577921176636184,0.084756731482777
1050,MMM,0.2422364036253526,0.25584113586447177,0.25455053768978864,0.05478841634152346
1051,MMM,0.2410423968918458,0.25320244365802635,0.2513610488551192,0.04930581998962139
1052,MMM,0.23996526368289017,0.25486918551625504,0.24918606591216863,0.03412672408551075
1053,MMM,0.2389229898859071,0.25632171463514436,0.24777428531142254,0.020075814599594184
1054,MMM,0.23779981141473283,0.25552425177239463,0.24646467036411174,0.022491113539476786
1055,MMM,0.236841064480525,0.2558604693298646,0.24549294833718757,0.05007211301464281
1056,MMM,0.2357583686443212,0.25441585015787577,0.24438915225156202,0.0
1057,MMM,0.234714823604403,0.2533691642684409,0.24326961180687018,0.0
1058,MMM,0.23382943802342848,0.2554595999444585,0.2428463231773164,0.0
1059,MMM,0.23307053415082435,0.25909554242302135,0.24332925049633236,0.0
1060,MMM,0.23251906866668492,0.2626424650080311,0.24451703611255904,0.0
1061,MMM,0.2317146336114171,0.26348795836087924,0.2456583077863199,0.0
1062,MMM,0.23086465890211727,0.2639840520064373,0.24668341980672687,0.0
1063,MMM,0.23051556350798186,0.26568153374765663,0.24788706336829078,0.0
1064,MMM,0.230110819697388,0.2662279894580626,0.24897345244323438,0.0
1065,MMM,0.2295795886808385,0.26830945626992925,0.25031288087255127,0.0
1066,MMM,0.22838178702589773,0.2626303130890175,0.2501011946305507,0.04917263377510304
1067,MMM,0.227273794566212,0.25985672902534546,0.24930514133478354,0.03785015252064947
1068,MMM,0.2261607357959059,0.2577068560969568,0.24818252484657474,0.02848472933857341
1069,MMM,0.22603814847958814,0.2592536430558599,0.24763393540978845,0.034976730786146985
1070,MMM,0.22549674501791817,0.25849668419278815,0.2470240254619695,0.022729738840488848
1071,MMM,0.22476870451384046,0.25558065587914625,0.24587720725649406,0.02995780665446974
1072,MMM,0.22372597368046687,0.25239810168759313,0.2442406396751878,0.07402473272726522
1073,MMM,0.22292153477833754,0.2535664445862019,0.2431953781570262,0.0
1074,MMM,0.22212215842564964,0.2526518087878469,0.24215250270250352,0.0
1075,MMM,0.2212671317915733,0.25211462019616304,0.24119682206204696,0.0
1076,MMM,0.22072071887335443,0.25454438405090973,0.24098129406623997,0.0
1077,MMM,0.22027043843421712,0.2579384387350079,0.2415757742128319,0.0
1078,MMM,0.21973414395998847,0.2621973601495336,0.24301368155947217,0.0
1079,MMM,0.2191067871204324,0.2661229467158132,0.24505101209686947,0.0
1080,MMM,0.21828211154659716,0.2669293212944066,0.24686308063741136,0.0
1081,MMM,0.21772557897419276,0.26950258279297434,0.24889417595072832,0.0
1082,MMM,0.21727024294364639,0.2727646214234297,0.2512561250993396,0.0
1083,MMM,0.2166732424338229,0.2744560943850918,0.2535278806515992,0.03721822643899853
1084,MMM,0.21619766148829633,0.2766745969090619,0.25584656612337464,0.02092216104078887
1085,MMM,0.21544376834477807,0.2758744407636169,0.257520715474249,0.041148636641912685
1086,MMM,0.21513388382237708,0.2743486456506069,0.25851527440700883,0.02450283935770712
1087,MMM,0.2141017756226875,0.2641271664483856,0.2570013304813463,0.04338151297414381
1088,MMM,0.21287235696508455,0.2532061104412008,0.2533225116151876,0.060880268781115895
1089,MMM,0.2115619874679986,0.24674761340910464,0.24892012888602288,0.07703606359169451
1090,MMM,0.21043299665508575,0.24251536701891052,0.24444192681993632,0.0
1091,MMM,0.20948639059436602,0.23972752005775744,0.24022943809645086,0.0
1092,MMM,0.20869206965876708,0.2390544649952509,0.2367073671757589,0.0
1093,MMM,0.20763466745276138,0.23849129874171643,0.23376246038807194,0.0
1094,MMM,0.20692129960360273,0.24142616705699788,0.232069682191702,0.0
1095,MMM,0.2064254789053359,0.24721629727512476,0.23202376666064262,0.0
1096,MMM,0.205428789178566,0.2473298966856379,0.23201270255435252,0.0
1097,MMM,0.2044928089055431,0.24987987896174357,0.23258003170092,0.0
1098,MMM,0.20343308312431185,0.2517585401202915,0.23345838730084756,0.0
1099,MMM,0.20244145261953705,0.2549346590752148,0.23487873072587606,0.0
1100,MMM,0.20163448784070215,0.25798358529046667,0.236703924616075,0.049763824711356076
1101,MMM,0.20036459662708306,0.2556417098527063,0.23763492201089434,0.030774634874361596
1102,MMM,0.19920094558807433,0.2567654437854253,0.23863363286897848,0.037777301550474096
1103,MMM,0.19808536130743026,0.25766730123637466,0.23963638046802824,0.0284794160587389
1104,MMM,0.1969166546253076,0.2586811368446847,0.2406676594486691,0.030392196799162156
1105,MMM,0.19582641970648873,0.2582904953547682,0.2414044153599659,0.031062614641391987
1106,MMM,0.1949157354577591,0.259913322076048,0.24236050538303064,0.04554921307373829
1107,MMM,0.19465264818512562,0.2617995944617869,0.24355158947656755,0.0
1108,MMM,0.1947437143408821,0.26557357051765024,0.245357204306974,0.0
1109,MMM,0.19467794457283216,0.2681923334249757,0.24739341790848074,0.0
1110,MMM,0.19458763071337803,0.2704683589667908,0.24953666741479774,0.0
1111,MMM,0.19449150489037126,0.2723759855627924,0.2516823041787031,0.0
1112,MMM,0.19428407739366516,0.27338096501380543,0.25362589340103203,0.0
1113,MMM,0.19408676107977718,0.27388927133852,0.25529561897231573,0.0
1114,MMM,0.19344422596913757,0.2707452675807985,0.25592099706339333,0.0
1115,MMM,0.19260943679209386,0.26862534717605935,0.25594229359758486,0.0
1116,MMM,0.19214397445128695,0.26770204717389273,0.25575070686753687,0.0
1117,MMM,0.19076277533571684,0.25580737775482437,0.25290978125002883,0.06021457385429452
1118,MMM,0.1894395517313252,0.247149818064412,0.24868082461845836,0.03463325676306728
1119,MMM,0.18808364492466567,0.24164532629417879,0.24405389363152336,0.02522556348808556
1120,MMM,0.1868112186810562,0.23926623241372244,0.23981478144329108,0.03959007455712337
1121,MMM,0.1860927897907685,0.24099165893518493,0.23681335989184732,0.056755038317603076
1122,MMM,0.18547049088796586,0.2468756612142553,0.23574174050830854,0.048216361477776616
1123,MMM,0.18484565751063364,0.25158269039050296,0.2359480202771707,0.045341759014422015
1124,MMM,0.18419805887997343,0.2553139990423615,0.23695615074817894,0.0
1125,MMM,0.18372500759951338,0.2596449797087804,0.23874126047962246,0.0
1126,MMM,0.18315836080609738,0.26358205104093246,0.24105894796147082,0.0
1127,MMM,0.18267772564008644,0.26849828938488723,0.24402394501338165,0.0
1128,MMM,0.18215155687102103,0.27390353238059806,0.24761728261140806,0.0
1129,MMM,0.18180752251417398,0.28037062352931075,0.25195322220694494,0.0
1130,MMM,0.18137747956811512,0.2842643613549637,0.25630178217143296,0.0
1131,MMM,0.1809676710896464,0.28757830075607477,0.26052943026305514,0.0
1132,MMM,0.1806388125834919,0.29069639879240794,0.2646160975832914,0.0
1133,MMM,0.18018347655294575,0.290812192095264,0.2679115954782823,0.0
1134,MMM,0.1800519350446641,0.29190594081931376,0.2707951314382459,0.04187242342825803
1135,MMM,0.17974331622684026,0.29027385244289905,0.2727331821978585,0.021610525961570818
1136,MMM,0.17938410464542165,0.2887457193922822,0.273938333989663,0.027374844217587076
1137,MMM,0.18005193637570205,0.29116623304453293,0.2754493818131112,0.015841130571490475
1138,MMM,0.1806792949945053,0.2927290739832923,0.2770113512975468,0.01619877334079554
1139,MMM,0.18123582220582724,0.2936761109483804,0.27847491432037985,0.021650906888313087
1140,MMM,0.1814533761442727,0.290798446666875,0.278995543024067,0.059609568390471754
1141,MMM,0.18150902624838672,0.28917683210188067,0.2790456345853762,0.0
1142,MMM,0.18139772255966458,0.2894463316587429,0.2791466025208077,0.0
1143,MMM,0.18127124576209952,0.2890473678373245,0.27913722912617783,0.0
1144,MMM,0.18123583544381705,0.28968389531700717,0.279273556774055,0.0
1145,MMM,0.18142809072041688,0.29452997277975873,0.2804776127792622,0.0
1146,MMM,0.18169117873553575,0.2995095656118444,0.2825660198930118,0.0
1147,MMM,0.1818429553953922,0.3032043292420892,0.2850715947212313,0.0
1148,MMM,0.1818176562599274,0.30466589096743946,0.2874063012971321,0.0
1149,MMM,0.18172658542323195,0.30673018861115836,0.28974050427330406,0.0
1150,MMM,0.1817620017924917,0.30872495549401463,0.2920585935688066,0.0
1151,MMM,0.18211615906183387,0.3149365243019885,0.29531659805334975,0.05016598095838581
1152,MMM,0.18202002765171899,0.3134239326833806,0.2975812244844096,0.03174519399079858
1153,MMM,0.18186788919336117,0.3088331305414753,0.29835561239602565,0.020350097911940063
1154,MMM,0.18160986214343877,0.30448452625776745,0.29799253523186,0.016895403363542283
1155,MMM,0.18171312466853484,0.30373194149231286,0.29753202344996904,0.020357536503708376
1156,MMM,0.181627114113051,0.29996985011135985,0.2963135518668068,0.0241320904981436
1157,MMM,0.18139944535913322,0.2984392968728631,0.29499293893161116,0.04928621989067632
1158,MMM,0.1812071902754675,0.2973419018768244,0.2936884870472598,0.0
1159,MMM,0.18106047236398704,0.2968184924065031,0.29252665871991146,0.0
1160,MMM,0.18125272383272595,0.297713144891956,0.2917993469749352,0.0
1161,MMM,0.18136909017429992,0.2978578114565054,0.29125018566638966,0.0
1162,MMM,0.1812881402019857,0.29652486362787733,0.2905096708182262,0.0
1163,MMM,0.1812931927679058,0.29604824127719065,0.28980956388851725,0.0
1164,MMM,0.18124765311387403,0.29580382008518946,0.28919425023229656,0.0
1165,MMM,0.1809946859631364,0.296854637168683,0.2889394363461468,0.0
1166,MMM,0.18057855421354563,0.2964466330054347,0.2886433947866982,0.0
1167,MMM,0.18017381040295177,0.2961218913845669,0.2883331846498082,0.0
1168,MMM,0.1801232685497023,0.29969806662232706,0.28889307007512904,0.02950688630584774
1169,MMM,0.17995499607019316,0.3017529573358998,0.2898052905909371,0.017860294981489125
1170,MMM,0.17991452021686727,0.30566714068332423,0.29141949505299064,0.015612659538606587
1171,MMM,0.17960458491264486,0.30947433470687413,0.29357111193350044,0.019020479151575478
1172,MMM,0.1795843506651711,0.3103794571021133,0.29549692207993594,0.013905797909991859
1173,MMM,0.17982249432383868,0.3114984504140977,0.2972904119738675,0.022350961024730956
1174,MMM,0.18020700504072207,0.3137347683041475,0.2992305103843389,0.03404891405415649
1175,MMM,0.18048319407196933,0.31645080829254724,0.3013962910617145,0.0
1176,MMM,0.18091830200056513,0.31758683860503767,0.30338560697041167,0.0
1177,MMM,0.1812471607814956,0.3181383229938969,0.3051016701764973,0.0
1178,MMM,0.18164685202616937,0.3194841651246227,0.3067786200706093,0.0
1179,MMM,0.18211230831599945,0.3215849884357232,0.30859487084686943,0.0
1180,MMM,0.18249681765900339,0.3230689164413217,0.3103831719469201,0.0
1181,MMM,0.18278520117900077,0.32197968877356287,0.31156769673682144,0.0
1182,MMM,0.18327089496190907,0.32229239029859924,0.31258597294206153,0.0
1183,MMM,0.183680703440378,0.3217010070177345,0.31326696808571264,0.0
1184,MMM,0.18405003995817815,0.3204821023198755,0.31353634697853283,0.0
1185,MMM,0.18366046957404492,0.30938300989184175,0.3112439582044917,0.037360150047022526
1186,MMM,0.18328228482729103,0.29947968000765357,0.3071723434410357,0.03400440057643183
1187,MMM,0.18305967057454264,0.2939575008813829,0.30266728940770227,0.02024808293911749
1188,MMM,0.18262451653235967,0.2903761505226537,0.29825402330339534,0.013819132412246757
1189,MMM,0.18222862145447483,0.2875040078630546,0.29407443634168656,0.020019966124889235
1190,MMM,0.18167715395915396,0.28544384803159095,0.29026526401491626,0.02138996581199609
1191,MMM,0.18108652444664797,0.2842276904273823,0.2869431296500686,0.05617777998180497
1192,MMM,0.1807677855157921,0.28546346258936245,0.28456465066276493,0.0
1193,MMM,0.18041869290546053,0.28668128528834536,0.28293704021231186,0.0
1194,MMM,0.17995323281456543,0.2875750286174572,0.2818368973407209,0.0
1195,MMM,0.17942705799452274,0.2886488634813819,0.2811994210575083,0.0
1196,MMM,0.1786630948999235,0.2853355079041468,0.279940771828644,0.0
1197,MMM,0.17787889431224535,0.2824724046503436,0.27828692086334195,0.0
1198,MMM,0.17707445320600046,0.2812532669130523,0.27668837021264897,0.0
1199,MMM,0.17616883371082803,0.28029961278671983,0.27519404707825224,0.0
1200,MMM,0.17512155176410604,0.2777879537478088,0.2734310674539682,0.0
1201,MMM,0.17437782616258524,0.278526285395898,0.27218751324651275,0.0
1202,MMM,0.17257164175318396,0.2652189218912624,0.26818580880570897,0.06898231209143092
1203,MMM,0.17096276857727277,0.25749424038213126,0.26323901730730886,0.033115784042331495
1204,MMM,0.1693336553865501,0.2511220953305946,0.25784176810656695,0.019472816374820012
1205,MMM,0.16833792543693882,0.24604437724601264,0.25237663457626963,0.02373064268842514
1206,MMM,0.1675081920276924,0.24400950681486816,0.24754473925300874,0.024361742259879603
1207,MMM,0.16643561071652568,0.24173058638814177,0.24316429025649194,0.028380825199587456
1208,MMM,0.1652719591338745,0.23995278511775192,0.23925822854045328,0.06811919930053623
1209,MMM,0.16414802871651535,0.23964955013120287,0.2360648618029869,0.0
1210,MMM,0.16311086143605924,0.24141703436692435,0.23390953974956225,0.0
1211,MMM,0.16195530700984562,0.24196909753395912,0.23231002336358852,0.0
1212,MMM,0.160609518258354,0.24228808165272092,0.23110248620958918,0.0
1213,MMM,0.15951163804070267,0.24690733065320233,0.23118019742047485,0.0
1214,MMM,0.15835810396071315,0.25010488277395504,0.2319648682584163,0.0
1215,MMM,0.15713880181007878,0.25244831282891544,0.23312211391914273,0.0
1216,MMM,0.15619270732874968,0.25454008242817106,0.23452055558012314,0.0
1217,MMM,0.15528202921667988,0.25678096158269426,0.23614564604329236,0.0
1218,MMM,0.1542701606137289,0.2583727157725583,0.23780538272393298,0.0
1219,MMM,0.15338983488702929,0.2618069598083392,0.23990915558381964,0.07277351436268094
1220,MMM,0.15269164472335617,0.2656090704817754,0.24245127857584292,0.03858255862761524
1221,MMM,0.15158112016462244,0.26539913137193727,0.2444375402448813,0.029703477659724573
1222,MMM,0.15133827226270236,0.2641952522886214,0.24575452746595128,0.020741509526415562
1223,MMM,0.1511004840767829,0.26603906300468866,0.2472247349048696,0.02487901956999036
1224,MMM,0.15073621222390265,0.26521536973451515,0.24821478350594994,0.03252069670086648
1225,MMM,0.15049240408390951,0.26608688457260293,0.24920374524398864,0.06637490856730952
1226,MMM,0.1501736667559126,0.267388240091558,0.2502889620054943,0.0
1227,MMM,0.15003200938771521,0.2700479835198113,0.2517581168924114,0.0
1228,MMM,0.14993082430371274,0.27240903702177144,0.25346693189266223,0.0
1229,MMM,0.14972672484443939,0.2734726621946512,0.25507431497944044,0.0
1230,MMM,0.1494434029668279,0.2747663269184522,0.2566525310487725,0.0
1231,MMM,0.14928352767915398,0.2763735263449707,0.2582782581378637,0.0
1232,MMM,0.1493644776514682,0.2806511407660187,0.2605453868108279,0.0
1233,MMM,0.14918234323924962,0.2840849441315754,0.26313497369307354,0.0
1234,MMM,0.14908621741624284,0.2871886275652022,0.2659079349988532,0.0
1235,MMM,0.1489975766519709,0.28914543691459677,0.2685684542756793,0.0
1236,MMM,0.14944279750658618,0.29832816976872856,0.2727717511693507,0.0715476816684171
1237,MMM,0.15004485570763793,0.3079206602935649,0.2783018568202449,0.05978160058422464
1238,MMM,0.15083917499458166,0.31750281884858006,0.28489107491997295,0.03524156826767596
1239,MMM,0.15135522909442645,0.3224516103061157,0.2912806519945803,0.03556922052413734
1240,MMM,0.15172456066330753,0.32460221367390774,0.2968782525520636,0.03594457422622411
1241,MMM,0.1523797477201152,0.32660903555997717,0.30180978379702006,0.03886121063671394
1242,MMM,0.1529210957834346,0.3247785642866528,0.3053414052404517,0.061584691614286584
1243,MMM,0.15339161729748607,0.32440463223753563,0.3080822106983457,0.0
1244,MMM,0.1539683832714689,0.3227329466308088,0.3098971298767613,0.0
1245,MMM,0.1544844387023514,0.3213962231418129,0.311047026290033,0.0
1246,MMM,0.15496507386836234,0.31981886184345404,0.311610531251753,0.0
1247,MMM,0.15466656706359294,0.3082244064923586,0.30944151376160184,0.0
1248,MMM,0.15432252968125737,0.2983163261495065,0.3054675226368862,0.0
1249,MMM,0.1540392108291344,0.2903606450901936,0.3004907063616981,0.0
1250,MMM,0.15371035232297992,0.2837290579975011,0.29501081519589406,0.0
1251,MMM,0.15328030937692128,0.27754422904009196,0.2892294112095124,0.0
1252,MMM,0.1526833078693366,0.27326050849387146,0.28363636131115066,0.0
1253,MMM,0.15205088825224533,0.26955265879644724,0.2783241153971072,0.06680977100354278
1254,MMM,0.15166637845128128,0.27085433925318364,0.27436843945815986,0.02653097730698183
1255,MMM,0.1510214148350315,0.26777421137982044,0.2705079293961225,0.02841530248206916
1256,MMM,0.14990324991456605,0.26632975147280985,0.26709313886907377,0.022489932810624672
1257,MMM,0.14859794013348093,0.26522223112930843,0.2641110570415846,0.02243325782572324
1258,MMM,0.1471509675374325,0.26483481020103306,0.26163785200735545,0.031151405451070893
1259,MMM,0.14598731595478132,0.2667187589751409,0.2600849750241325,0.05136123277537992
1260,MMM,0.1449754444149789,0.2693242832163705,0.25943140383616203,0.0
1261,MMM,0.14385732575523824,0.27076274348529733,0.2592335737168955,0.0
1262,MMM,0.14296182207123165,0.27238095583966176,0.2594409522777055,0.0
1263,MMM,0.14191453346843463,0.2730850176031984,0.2597659411774953,0.0
1264,MMM,0.14111516066065044,0.2764705396091548,0.26079090684199757,0.0
1265,MMM,0.14045744364834145,0.28169609188754746,0.26279161737139767,0.0
1266,MMM,0.13976937251425658,0.2852683617579109,0.2651993568937065,0.0
1267,MMM,0.13977443113115395,0.28824492062234464,0.2677981159200651,0.0
1268,MMM,0.13969853977573732,0.288796011190994,0.27000164463476,0.0
1269,MMM,0.1392381379294625,0.28351673484990714,0.27057159040527284,0.0409609007544267
1270,MMM,0.13859560044038743,0.27639482287458594,0.2694183176736183,0.03617776817451645
1271,MMM,0.13805677752103795,0.2714270871399651,0.26737321634538536,0.021985997736542792
1272,MMM,0.13758119973247895,0.26909211556157026,0.26520953752479937,0.028548370623702305
1273,MMM,0.1371511561881178,0.26762487553330466,0.2631470647158818,0.02446883436676626
1274,MMM,0.1366755798162791,0.2700377001857194,0.26204227549324766,0.033291358422640714
1275,MMM,0.13637201993887893,0.2703545748355761,0.2612300434255467,0.03781945357049453
1276,MMM,0.1361039220893201,0.2720610991252288,0.2609658549227703,0.0
1277,MMM,0.13578518178163068,0.27261592588731964,0.2608798698245543,0.0
1278,MMM,0.13545126562324872,0.273224584675393,0.26094861104824174,0.0
1279,MMM,0.13502122211788814,0.27438668284905227,0.26126618554924164,0.0
1280,MMM,0.1347631963502527,0.27885643059671855,0.2625302055762467,0.0
1281,MMM,0.1344545747320791,0.2809064601897538,0.26400463538046204,0.0
1282,MMM,0.13430785668912026,0.2852573821466113,0.2661672904063899,0.0
1283,MMM,0.13416113864616142,0.28795571580603646,0.26850711554821666,0.0
1284,MMM,0.1338575768550807,0.29043911830419655,0.2709401120807948,0.0
1285,MMM,0.13330105033365292,0.2910970272799578,0.2730351669195629,0.0
1286,MMM,0.13240301513914998,0.28598618168432627,0.27355639130468407,0.03816127457318128
1287,MMM,0.13159858260561474,0.28352125045803916,0.2734164080640068,0.055504174171674435
1288,MMM,0.13088208343044094,0.28114963749827504,0.2727685444218289,0.029824030075525323
1289,MMM,0.13056339518685944,0.27948885512362387,0.2718749919565119,0.020369107646459085
1290,MMM,0.13036608472894629,0.27702398549422946,0.27060320115359027,0.01958203379364048
1291,MMM,0.13009034867302138,0.27455014692392804,0.2690267931064041,0.052905980332599516
1292,MMM,0.12981208275909584,0.2740964731878861,0.26766315696437704,0.04754700629151369
1293,MMM,0.1295388774283397,0.2741202069684348,0.26657761080956677,0.0
1294,MMM,0.12914930672363467,0.27592436176025076,0.2661168311060693,0.0
1295,MMM,0.12893681107856025,0.27828843807266823,0.2662823814521608,0.0
1296,MMM,0.1285118267493992,0.2783991041309786,0.26643982724293047,0.0
1297,MMM,0.12847135478873062,0.2832580101373055,0.26766367643192207,0.0
1298,MMM,0.12839040179092742,0.28652516876735,0.2693809855689467,0.0
1299,MMM,0.1282942735475301,0.28939650207927015,0.27140362408093294,0.0
1300,MMM,0.12783893751698372,0.28977800408867915,0.27310793705533587,0.0
1301,MMM,0.12749996782801132,0.2902033347948506,0.2745674928988651,0.0
1302,MMM,0.12706486323956656,0.29176864174165806,0.27608882600542717,0.0
1303,MMM,0.1262857235157433,0.28717599664834714,0.2762681628339481,0.034881445967781456
1304,MMM,0.12575954969346181,0.287657665115042,0.2765204675414757,0.038059731891899554
1305,MMM,0.12546104760863153,0.29011051393902637,0.2772765439809146,0.024312505866746485
1306,MMM,0.12572666423255519,0.2946720308700542,0.2789121012352175,0.019786654103711682
1307,MMM,0.1260909360854352,0.3011298132392697,0.28167971319347435,0.05220450932155911
1308,MMM,0.12647605156764352,0.3058532706781577,0.2849610900786163,0.026503938616268437
1309,MMM,0.12696675630566334,0.3110148836698074,0.2887524822033926,0.06609979874476717
1310,MMM,0.12755869874430004,0.31501735010835386,0.29268997193030755,0.0
1311,MMM,0.12834795858410986,0.32006491316280605,0.2969804842113316,0.0
1312,MMM,0.12884883513585677,0.3207654355001197,0.30057118033736974,0.0
1313,MMM,0.12960267797117253,0.3248633050881649,0.30436967005349974,0.0
1314,MMM,0.1302350988735057,0.3275043934981414,0.3080052281154137,0.0
1315,MMM,0.1306955019923175,0.32741922001410834,0.3108944292175357,0.0
1316,MMM,0.13120143629379277,0.3257173274098852,0.31282123949885227,0.0
1317,MMM,0.1315201709100775,0.32587757929740063,0.31439889738801907,0.0
1318,MMM,0.13177819970320148,0.3240894462770838,0.31525698667326896,0.0
1319,MMM,0.13202610581665075,0.32242387147437096,0.3155671136783406,0.0
1320,MMM,0.1326736981274672,0.3247230998350774,0.316334736693049,0.03280820417635603
1321,MMM,0.1330379683257834,0.3221067957177076,0.316357668942734,0.021013431381057213
1322,MMM,0.13313915345262717,0.31707572242810556,0.3152392201825454,0.017256824465174108
1323,MMM,0.13347307162603195,0.31043218874280853,0.31284332364022066,0.01902685508737689
1324,MMM,0.13354708843866003,0.3052388347130157,0.3097531437535518,0.01782747071940038
1325,MMM,0.13363815409361535,0.3032945637358111,0.30684168271590195,0.026767241150289663
1326,MMM,0.13331435535221225,0.29819002921697757,0.30335912041723306,0.046452234499834405
1327,MMM,0.13265158324929516,0.29207435839039003,0.29919120612794375,0.0
1328,MMM,0.1321178224332462,0.28893785608497796,0.29514816731882604,0.0
1329,MMM,0.13162200719740458,0.2886894122206396,0.29185759921743387,0.0
1330,MMM,0.13110594961115662,0.2884114422954675,0.289162336130567,0.0
1331,MMM,0.13064554891273583,0.2912230234024225,0.2876414155730318,0.0
1332,MMM,0.1304431770074388,0.2942761621104005,0.28711455010962966,0.0
1333,MMM,0.12986135437603497,0.29496656593850307,0.2868490577156065,0.0
1334,MMM,0.12934023817288987,0.29616701671457585,0.28690791127247933,0.0
1335,MMM,0.1290569108493993,0.29878985771214106,0.28754763731873817,0.0
1336,MMM,0.12874322819393713,0.29909169557793236,0.2881276198344057,0.0
1337,MMM,0.12800962469624344,0.2949804870995188,0.2876626590469229,0.03030860119643255
1338,MMM,0.12775918562041788,0.2972680847912772,0.2878075838234965,0.026728040952399508
1339,MMM,0.1274809240444046,0.298694272289195,0.28824577738580764,0.016381904385758286
1340,MMM,0.12682321174612587,0.29813368860405526,0.2884696657279408,0.012884113234258376
1341,MMM,0.12669141445405852,0.301275592396704,0.28935870427065874,0.013407766480170545
1342,MMM,0.12673694728153606,0.3035882247396719,0.29059248520801934,0.017849786494705318
1343,MMM,0.12686343094849695,0.30403657526094197,0.29168081685689057,0.04145763338251069
1344,MMM,0.12698672945199585,0.30442581630598275,0.2926394330121284,0.0
1345,MMM,0.12696143319872266,0.3046902305973222,0.29346607158315424,0.0
1346,MMM,0.12718890349802203,0.30499901093352055,0.29419715280232106,0.0
1347,MMM,0.12756835482922657,0.3052709057591971,0.2948434536862394,0.0
1348,MMM,0.13003225221498238,0.3374905103665555,0.30264066487243513,0.0
1349,MMM,0.13262263922708417,0.36624035393484977,0.31537459555193387,0.0
1350,MMM,0.1356886088392768,0.39475733555086545,0.33200528557794484,0.0
1351,MMM,0.13822840121103575,0.4112175193952078,0.34902909318751185,0.0
1352,MMM,0.14121341177444813,0.43011148951954453,0.3669173202662954,0.0
1353,MMM,0.14440180778183032,0.4446409879839939,0.38451091011907174,0.0
1354,MMM,0.14681005726167862,0.4435623491309594,0.39834205850340615,0.32689458275699007
1355,MMM,0.14892481726046314,0.4384251869056906,0.40824621135932726,0.10001009523168557
1356,MMM,0.15136848640688072,0.4358689381222651,0.4155919372658026,0.07298167685930848
1357,MMM,0.15423713763550273,0.43417859545740456,0.4210865771534654,0.049226593083644604
1358,MMM,0.1567238541705338,0.43118767563927307,0.4248064767303734,0.04822934949514986
1359,MMM,0.15930578662026917,0.4283454311666861,0.42714017794894354,0.05631108426920854
1360,MMM,0.16204794956540103,0.42530780366147725,0.4283207727700463,0.12233555251321089
1361,MMM,0.16456775756490583,0.42180597478902565,0.4284739940013481,0.0
1362,MMM,0.16703671668168507,0.4167957590221592,0.42746448928134784,0.0
1363,MMM,0.16965239580976355,0.412363695567233,0.425655440021485,0.0
1364,MMM,0.17234396605157443,0.40880527867855476,0.4234041596608627,0.0
1365,MMM,0.17532897964047534,0.4090812867518818,0.42166550068851033,0.0
1366,MMM,0.17817253348556106,0.40613950856818365,0.41960986495973535,0.0
1367,MMM,0.18097035041475973,0.40204279653238995,0.41703968511576545,0.0
1368,MMM,0.18188609622019292,0.4021962787624074,0.4150182212689031,0.0
1369,MMM,0.18238696948438005,0.3990148161319235,0.4126821838178204,0.0
1370,MMM,0.18267028833650256,0.39895739019069926,0.4108003781967273,0.0
1371,MMM,0.1839503038695871,0.40756715635218627,0.4112403506658376,0.15275018316056319
1372,MMM,0.18468644218099617,0.4123934821288521,0.4126828595421037,0.10812252895589919
1373,MMM,0.18522677991431546,0.41323805916769407,0.4140277027784572,0.05556214795831319
1374,MMM,0.18647643743592135,0.4121750600119257,0.4148633877324591,0.06335956322478303
1375,MMM,0.18789816223378697,0.40992572563857155,0.41502368806500256,0.057127558270444766
1376,MMM,0.18887461355746815,0.40344105093518345,0.41368668572743506,0.048013158042327954
1377,MMM,0.1896942275347131,0.3967474073458429,0.4111046237558271,0.07787461722246526
1378,MMM,0.19045814314568754,0.38944804664477906,0.4073896494602676,0.0
1379,MMM,0.19113948828125737,0.38249764299850275,0.4028471937855231,0.0
1380,MMM,0.19178708548928802,0.37627001601832855,0.3978060677784103,0.0
1381,MMM,0.19246503696918693,0.37127191331879605,0.39264382227194305,0.0
1382,MMM,0.1932138211876051,0.3667017953958097,0.3874813863296238,0.0
1383,MMM,0.19401825624287294,0.36399975583703154,0.38274089908937803,0.0
1384,MMM,0.19473668633951546,0.3610894041436771,0.378290901708887,0.0
1385,MMM,0.19491882680271133,0.35456932471616176,0.37325766133774796,0.0
1386,MMM,0.19542476110418683,0.35166231621179556,0.3685742168617436,0.0
1387,MMM,0.19594587125635465,0.34843573843756637,0.3640984009294367,0.0
1388,MMM,0.19560234160063894,0.3372294606723414,0.3579856372666274,0.06101888634835398
1389,MMM,0.1952355398800083,0.3255477203839379,0.35045588243669257,0.04252465804616532
1390,MMM,0.19463095048991863,0.31618818423666867,0.3423172475688443,0.0429168961708373
1391,MMM,0.1932193912893465,0.30664470854101045,0.3336499466686968,0.033828471977466974
1392,MMM,0.19182048137877628,0.2985836211338055,0.32489466551545626,0.03711266927961962
1393,MMM,0.19082379119109216,0.2965139382080832,0.31742278604773577,0.06713494372941474
1394,MMM,0.1899738189178426,0.2966448202069821,0.3114748558738613,0.05452192583960153
1395,MMM,0.1891491460917658,0.29701765710028805,0.3068007559760313,0.0
1396,MMM,0.18854202808312137,0.2970576019230775,0.30307050177745587,0.0
1397,MMM,0.18798044070374842,0.29735444281987566,0.3001533710087214,0.0
1398,MMM,0.18750991914094617,0.29799721967054965,0.2979649048319433,0.0
1399,MMM,0.1873277823083368,0.30253143739704763,0.29723865961022317,0.0
1400,MMM,0.18723671207673886,0.30754561929965285,0.2977906413048242,0.0
1401,MMM,0.187160820721322,0.31236050025772605,0.2993201715511493,0.0
1402,MMM,0.1870039854445682,0.3149655087578044,0.30113240961269006,0.0
1403,MMM,0.18677125639200676,0.3173640300249928,0.3031241571695774,0.0
1404,MMM,0.18614389713205992,0.31320662622637485,0.30377817036623284,0.0
1405,MMM,0.1873379020219097,0.3329074618028159,0.30875287694047865,0.1886302895914619
1406,MMM,0.1884104855741242,0.3490139885718821,0.3163719873170275,0.13258191749184856
1407,MMM,0.1894400656132189,0.3600849591665402,0.32496881324667604,0.06653383467080394
1408,MMM,0.19077016615609632,0.364345268404426,0.3328089108049461,0.03558799411288595
1409,MMM,0.19221966861014494,0.3662194373703075,0.33950446610227514,0.03914186988486123
1410,MMM,0.19359327994071118,0.36590660702634475,0.34479022485957994,0.042446375723270216
1411,MMM,0.19506049140076276,0.3642540783776294,0.34864543528185954,0.10650374969965211
1412,MMM,0.1965681760668374,0.3623110899641278,0.35129057629264077,0.0
1413,MMM,0.19785831081564842,0.3611251119818475,0.35313871182467804,0.0
1414,MMM,0.19908267464855545,0.36024961067994227,0.3544193966329735,0.0
1415,MMM,0.20044364227622813,0.36110807222829444,0.3556379178848668,0.0
1416,MMM,0.2016882375113498,0.35909522354026524,0.35615792230329785,0.0
1417,MMM,0.20297330773262856,0.35766904514778447,0.3562516741544065,0.0
1418,MMM,0.20437474792606758,0.35797739036418763,0.35639634768028505,0.0
1419,MMM,0.20541191203389708,0.35623555116558697,0.3561185097806197,0.0
1420,MMM,0.20646425864849371,0.3559427495133193,0.35583007955697066,0.0
1421,MMM,0.20747106863454734,0.3553818592435095,0.35547259959609434,0.0
1422,MMM,0.2087384336907756,0.35709754821313566,0.3555742835811171,0.10709435027147908
1423,MMM,0.209477097335248,0.35058260993910684,0.3541835499700848,0.05185761118480827
1424,MMM,0.21057699861915413,0.3443492082476601,0.35166249679089867,0.03565187154378526
1425,MMM,0.21021778186574558,0.3407171693302952,0.3488249780528158,0.03439156156703972
1426,MMM,0.2098939831243425,0.3389722312033559,0.34616068612461737,0.03375231496650567
1427,MMM,0.20956512466693833,0.3360974077988695,0.34337967277693965,0.03803965950141363
1428,MMM,0.20952970665493287,0.3339988428221776,0.3406806815190577,0.07452949431154357
1429,MMM,0.20944369504318727,0.3304964727907777,0.33773011160977423,0.0
1430,MMM,0.20951958616962418,0.32874749916486956,0.33497446690473326,0.0
1431,MMM,0.20956511684173673,0.32594898385702303,0.332137613507211,0.0
1432,MMM,0.20970677929328674,0.32495137777348004,0.3296427170248827,0.0
1433,MMM,0.20949934574560358,0.31982346486532415,0.32648812391397075,0.0
1434,MMM,0.2093172113333852,0.3167004328531287,0.32325878572336086,0.0
1435,MMM,0.20899847006102568,0.3142953080708919,0.32013186596808235,0.0
1436,MMM,0.20881633564880708,0.31225798469264066,0.31716998740995567,0.0
1437,MMM,0.20856842711496681,0.31038390671991334,0.3143770278730704,0.0
1438,MMM,0.20837111322146962,0.3116205539171892,0.3124220864664578,0.0
1439,MMM,0.20881633518700626,0.3205366173574061,0.3128727596110406,0.11268049654371147
1440,MMM,0.20902882547690682,0.325595254480986,0.3143763208639554,0.08215027254173729
1441,MMM,0.20930203103959721,0.33046138241328843,0.3166786942506427,0.053478397680103956
1442,MMM,0.20913253978662993,0.330234958070693,0.3184694313199044,0.02896068113886021
1443,MMM,0.20939562655255317,0.3288345223447163,0.31958558596767406,0.028838711848436924
1444,MMM,0.20949676085768876,0.3244861778905111,0.3194959809021236,0.04006059500469045
1445,MMM,0.20950688028969044,0.32122556156610205,0.31868754532843446,0.11227739571360006
1446,MMM,0.2094006305895184,0.31829090477321603,0.31737769743017885,0.0
1447,MMM,0.20940330847722932,0.31631360293076155,0.31588303850464095,0.0
1448,MMM,0.20939825310889093,0.3150305190067674,0.3143973925455456,0.0
1449,MMM,0.20949438498287498,0.3138639089968151,0.3129452747856894,0.0
1450,MMM,0.20950956385905584,0.3129498950821561,0.31157705485534315,0.0
1451,MMM,0.2094336749240302,0.3096529720909483,0.3097375237285048,0.0
1452,MMM,0.20933248443314856,0.30808034397211176,0.3079105561422055,0.0
1453,MMM,0.20951967746226474,0.3069141342744209,0.3061854715330155,0.0
1454,MMM,0.20960568605147634,0.30556146954523483,0.3044997629183618,0.0
1455,MMM,0.20950960725502132,0.30200581411807603,0.3023477790390634,0.03451057903533272
1456,MMM,0.20935023474416137,0.29828094324092774,0.29978453992503684,0.038079568136615054
1457,MMM,0.20895054694304904,0.2917274277942786,0.29625315114203415,0.03793162281144528
1458,MMM,0.20839907807384894,0.28728942480726394,0.2924252525666914,0.035204611454604816
1459,MMM,0.2076452357880847,0.2890754564415493,0.2897664959144904,0.02786213101485416
1460,MMM,0.20704317574928544,0.2911274689983975,0.28810315243529666,0.029745629679745013
1461,MMM,0.2062943931795218,0.2918837632634835,0.28694336588130576,0.06374046635247473
1462,MMM,0.20579351846345473,0.29250468520209383,0.28615583685664026,0.0
1463,MMM,0.20531794287310223,0.2925683050475275,0.28554018883878424,0.0
1464,MMM,0.2051034767515465,0.293601154439081,0.28528104757922673,0.0
1465,MMM,0.20481509570453138,0.2938269317713429,0.2851247500166554,0.0
1466,MMM,0.2045418940862036,0.294158137789696,0.2850745495168006,0.0
1467,MMM,0.20417241476534276,0.29360573251451183,0.2849095705592131,0.0
1468,MMM,0.20379801902554728,0.29362585704610833,0.2847821346252591,0.0
1469,MMM,0.2033224364254569,0.2922435255334047,0.2843678416021899,0.0
1470,MMM,0.20268495993171487,0.28903786909507806,0.28331207410600995,0.0
1471,MMM,0.20201712816834316,0.2837738084784265,0.2812780209719829,0.048848759850968405
1472,MMM,0.20141506918580565,0.28191735725161543,0.27923130462012696,0.036567054477058145
1473,MMM,0.200838305265846,0.28119707892068946,0.27743118127819,0.028942143695882033
1474,MMM,0.20025141993579432,0.2803387544587378,0.2757971401746973,0.03308697425833993
1475,MMM,0.19979097193013673,0.2793080161365064,0.274257007143171,0.04273317476144849
1476,MMM,0.1996366644417007,0.2822998182220929,0.2737009124036336,0.0418950934222186
1477,MMM,0.19975808839266085,0.28522559135408077,0.27391712874654406,0.062297497622307275
1478,MMM,0.1998744526734162,0.2882144375503501,0.2747654456095286,0.0
1479,MMM,0.19960631200462564,0.29018216927437473,0.27588871729379316,0.0
1480,MMM,0.19941405609663265,0.2934743597034143,0.2775312204791915,0.0
1481,MMM,0.19918638853931903,0.29465737446666124,0.2791125307508866,0.0
1482,MMM,0.1989688401782317,0.2957290890968082,0.280619737905556,0.0
1483,MMM,0.1987310512985776,0.2958129664045733,0.28184445609960573,0.0
1484,MMM,0.19832124282010866,0.29430752387689313,0.2824840688688303,0.0
1485,MMM,0.19795190932779683,0.29312883732273376,0.282729429339937,0.0
1486,MMM,0.19777483353247582,0.2951809692756138,0.28338940653748157,0.0
1487,MMM,0.19753704525791926,0.29507679735923315,0.28389385016338864,0.0
1488,MMM,0.19735237958072993,0.29620868803033945,0.28455316105956274,0.046951092439852196
1489,MMM,0.19722083697925452,0.296445321822482,0.2851340782895052,0.03658240395213561
1490,MMM,0.19716012371557823,0.29549665742562664,0.2853844569123488,0.03516942573481184
1491,MMM,0.19743332991350293,0.29681358137796804,0.28588232494209687,0.03887396250831676
1492,MMM,0.19759016725993916,0.298261729041961,0.2866078351092666,0.02739326358768004
1493,MMM,0.19778242261838086,0.3004625400136503,0.2876855267839191,0.03319642782293082
1494,MMM,0.19815175418726172,0.30426444992830043,0.28940673946536766,0.05686425573642354
1495,MMM,0.19855143966164324,0.30705640785015587,0.29141456557195655,0.0
1496,MMM,0.19863239060837756,0.30806289176749335,0.2932482462096407,0.0
1497,MMM,0.1986526286908945,0.3082512000421693,0.29475773985591075,0.0
1498,MMM,0.19871839978702788,0.3094991996997605,0.2962473261373707,0.0
1499,MMM,0.19912820221451955,0.3148947177229371,0.2986581377159703,0.0
1500,MMM,0.1993305771453049,0.3175555555284423,0.3011880157362254,0.0
1501,MMM,0.19951777017442107,0.31774733231856583,0.30325525101585343,0.0
1502,MMM,0.19975555542348933,0.3185196256394141,0.3050835425304601,0.0
1503,MMM,0.20009958735994537,0.31966391508887754,0.3068047332996017,0.0
1504,MMM,0.20059034581072832,0.3208645438061522,0.30845297359365387,0.0
1505,MMM,0.20166798907894368,0.330091322410717,0.3118563996445919,0.05650342499921777
1506,MMM,0.20246230437868373,0.33572868146891327,0.31585292815267996,0.04122727318346342
1507,MMM,0.20356523918023273,0.342487438498536,0.32057732374732817,0.02521375619956443
1508,MMM,0.20475671920088812,0.34975167022474174,0.3259982273850141,0.0286433012234122
1509,MMM,0.2059203707835393,0.35377545085199924,0.33124414236296645,0.021590453571084897
1510,MMM,0.20711437604566596,0.3555847591406363,0.33584969602240894,0.028959500410008096
1511,MMM,0.20816671849282953,0.3563047513412706,0.3396968245579364,0.06708358202434782
1512,MMM,0.20923929938887786,0.3569034074479243,0.34290979653592996,0.0
1513,MMM,0.21011456640117898,0.3548830593437263,0.3450236670070535,0.0
1514,MMM,0.21097328775215307,0.35451550149943434,0.34663171196851844,0.0
1515,MMM,0.2118232600410621,0.3533400945916492,0.3476525592448674,0.0
1516,MMM,0.21275923970898702,0.35196935287757725,0.3481595115592926,0.0
1517,MMM,0.21370534024129362,0.3499429039371622,0.3481071877870605,0.0
1518,MMM,0.21457554941818335,0.347870046953665,0.347596957030935,0.0
1519,MMM,0.21504607340137638,0.3443778300234518,0.34639968966379586,0.0
1520,MMM,0.2157240248812755,0.34277466853536726,0.3450796339275494,0.0
1521,MMM,0.21655375907200813,0.3415593655671386,0.34374898594412107,0.0
1522,MMM,0.21705969548009807,0.3362197053331838,0.3414779463328883,0.0719578668716412
1523,MMM,0.21792484324949069,0.3376301071802684,0.339979801543257,0.040671267967003356
1524,MMM,0.2188608229700073,0.33987097947732764,0.33928762129646073,0.05530840932799408
1525,MMM,0.21907331257592277,0.33910923370429513,0.33856175707592095,0.029997006852359894
1526,MMM,0.21921497539088586,0.33578163919925674,0.33722918014480624,0.03159901975890698
1527,MMM,0.2189645379149645,0.32977831007136343,0.33480663828224494,0.040475266977552576
1528,MMM,0.21844848381511972,0.3233017843505464,0.33140520348935054,0.06442399028496301
1529,MMM,0.218043734093891,0.3184901700792266,0.3275968488875537,0.0
1530,MMM,0.2176541616459844,0.3140013630616164,0.3235358982486519,0.0
1531,MMM,0.2172190577932298,0.3095945518510481,0.31929139811648477,0.0
1532,MMM,0.2168446656840204,0.3075971950754076,0.31544448589778834,0.0
1533,MMM,0.2166169976687473,0.30625186217895745,0.312062971857456,0.0
1534,MMM,0.21619338086042195,0.3041000178673459,0.3088715413303279,0.0
1535,MMM,0.21571274206382474,0.30126679038352216,0.30567821589648825,0.0
1536,MMM,0.21532316805294616,0.3005231781640151,0.3029555328876149,0.0
1537,MMM,0.21488300182211528,0.2988340281278916,0.3003957151230446,0.0
1538,MMM,0.2146856855082271,0.30116153094599074,0.29887377106803825,0.0
1539,MMM,0.2136308069319699,0.28910035109480015,0.29493093577900037,0.12129131591640205
1540,MMM,0.21214842103203724,0.2751577827302351,0.28862627896147386,0.05169372602013497
1541,MMM,0.2099981993289377,0.25527288097609707,0.2790894668760778,0.07406511365400749
1542,MMM,0.2071096647090609,0.2254855273477649,0.2647294252226312,0.14429085129959873
1543,MMM,0.2034568175151994,0.19781938815661237,0.2469900982461019,0.13412631083041252
1544,MMM,0.19962942396889893,0.17631861793693068,0.22794043698993108,0.13958682755278007
1545,MMM,0.19605246789851982,0.1624844015315196,0.20957480203105808,0.13434663483421683
1546,MMM,0.1927082402094218,0.1543332085501219,0.1930404938545695,0.0
1547,MMM,0.18956891524238206,0.1496168655242952,0.1787473675297755,0.0
1548,MMM,0.1864574138648829,0.14660893061735772,0.16663320949775565,0.0
1549,MMM,0.18337627445297522,0.14697275793359874,0.15702409155729818,0.0
1550,MMM,0.18039631948097146,0.14997404457429872,0.15001495197024037,0.0
1551,MMM,0.177573205836699,0.1555998787315116,0.14567882386260717,0.0
1552,MMM,0.17478044691930017,0.1636619666777138,0.14403158788609305,0.0
1553,MMM,0.17188144191961086,0.17028353877287739,0.14420997431496407,0.0
1554,MMM,0.1690836213598257,0.1774037142767204,0.14596152044226693,0.0
1555,MMM,0.16644770074466897,0.1856478269331845,0.14922555318903202,0.0
1556,MMM,0.1641827319716176,0.2003288278961758,0.15515402027491318,0.10581444019578846
1557,MMM,0.1620122765336638,0.21324933162401488,0.16281624224102303,0.07024049675624267
1558,MMM,0.1594168306357977,0.22177952345061042,0.17087345658644434,0.0426371815057717
1559,MMM,0.15791167592226985,0.23143702254290033,0.1795013851888558,0.03616418979271715
1560,MMM,0.15649505700569688,0.23646320188218722,0.18753941681973957,0.034037460984290994
1561,MMM,0.1557209758559297,0.24128316387849258,0.19505893509946357,0.04052438529780048
1562,MMM,0.15604442374111382,0.24707119624371482,0.20238238272959558,0.08128656938641654
1563,MMM,0.1567173187535713,0.25214502883692314,0.2093875970584414,0.0
1564,MMM,0.15741297819502975,0.2560092531289095,0.21586490808849346,0.0
1565,MMM,0.15813646246340585,0.2615469048853592,0.22229801524831927,0.0
1566,MMM,0.15872334371170704,0.26544525289128706,0.22832535095605155,0.0
1567,MMM,0.1595429606686447,0.272308853623752,0.23469808223583938,0.0
1568,MMM,0.16046376206548651,0.27845597105310455,0.2411852372171183,0.0
1569,MMM,0.1612985548731165,0.28323145402860495,0.2474540039342039,0.0
1570,MMM,0.1620473390915349,0.28687778462252234,0.25329292277382187,0.0
1571,MMM,0.16269493281907166,0.28996810384757216,0.2586623299400144,0.0
1572,MMM,0.16308450380446216,0.2907367323914751,0.2631315308903672,0.0
1573,MMM,0.1633374697157539,0.28819694895110803,0.26613301569372527,0.13898713536879181
1574,MMM,0.16341336029559383,0.2842045134844559,0.2676320940543717,0.0347598308960138
1575,MMM,0.16333493963763734,0.2802670034111015,0.2679416579105669,0.01972088750664898
1576,MMM,0.1623669873442093,0.2713090753763236,0.2661652232245435,0.04500005608462048
1577,MMM,0.16155748818243665,0.2672188259109512,0.26381986446281247,0.029994763467540878
1578,MMM,0.16086941758815332,0.26358334886488166,0.2611221243974192,0.041611836570596666
1579,MMM,0.16010545587038783,0.2621224186646864,0.2586338283278442,0.08546658566866741
1580,MMM,0.1596652930869591,0.2628260820684956,0.2568021875120809,0.0
1581,MMM,0.1591340583677321,0.26262635739344464,0.25529174613424327,0.0
1582,MMM,0.15855729413015496,0.2635721196970744,0.2542970924515347,0.0
1583,MMM,0.15794511072090067,0.2641458125338585,0.25363099808726086,0.0
1584,MMM,0.15745941088701487,0.26619837716185696,0.2535619091814694,0.0
1585,MMM,0.15682193681366408,0.2679795883046347,0.2539091110522889,0.0
1586,MMM,0.1562805885633196,0.27026817179474255,0.2547039887012559,0.0
1587,MMM,0.15546097160638195,0.27174365390190575,0.25567328290918584,0.0
1588,MMM,0.1545958246769763,0.2730095054097016,0.25673474334909097,0.0
1589,MMM,0.15364466552777212,0.27276407383327356,0.2575284552874707,0.0
1590,MMM,0.1530628901090587,0.2780011698635019,0.2593467712007356,0.051872842587000534
1591,MMM,0.1524608296610499,0.2821421396049831,0.2617370954280652,0.0259920926588774
1592,MMM,0.15204090504788947,0.2864883314185844,0.26463139719447415,0.020034843308425858
1593,MMM,0.1519017720909268,0.29090876073701155,0.26794565530386333,0.02292266993492413
1594,MMM,0.15172975559648827,0.29185739015374895,0.27081140904856366,0.021409683983826377
1595,MMM,0.15158556754005392,0.29211108993367974,0.27316133669715265,0.02513984257342215
1596,MMM,0.151727230355017,0.2904847939313291,0.27467380962169907,0.08328932166537083
1597,MMM,0.15176770799438577,0.2904395170218471,0.2758735574317003,0.0
1598,MMM,0.15167158432083494,0.2877096485576274,0.27621652912186095,0.0
1599,MMM,0.1517070003178176,0.2886081356403347,0.27669392383609115,0.0
1600,MMM,0.151656407492768,0.28959993464168626,0.27729994123438206,0.0
1601,MMM,0.15162605579138289,0.2896170333064338,0.2777886186763523,0.0
1602,MMM,0.15162605579138289,0.29086922610558996,0.2784624994543369,0.0
1603,MMM,0.151772779885319,0.29351895595575234,0.2796003229395946,0.0
1604,MMM,0.15175254541772887,0.2944201805491035,0.28071421764324644,0.0
1605,MMM,0.15158052460871918,0.2927566178081411,0.28122944361781055,0.0
1606,MMM,0.15144897999606188,0.29265623893702114,0.2816189433216648,0.0
1607,MMM,0.151094824973677,0.28874740282317335,0.28104732326779786,0.044851166176369014
1608,MMM,0.15075079202380004,0.2857491141866387,0.27991254987247083,0.030829302620214435
1609,MMM,0.15035110298324206,0.28120322795016894,0.2779775668820592,0.035399077496547846
1610,MMM,0.14961744877965977,0.278087890058061,0.2757256553102991,0.023719543837215275
1611,MMM,0.14891925875337497,0.2762028941119398,0.2734982023953125,0.018674053306365488
1612,MMM,0.14812999845560526,0.2745629273715312,0.27134568190174224,0.03524050561170906
1613,MMM,0.14734832773183704,0.27454030776971117,0.2696185545019739,0.06385027413572124
1614,MMM,0.14685757239813446,0.2764514567961632,0.2686686856506595,0.0
1615,MMM,0.14634152017887891,0.2772646606938523,0.2680925377968493,0.0
1616,MMM,0.1459266510587398,0.2777265391976289,0.2677359831237549,0.0
1617,MMM,0.1455117809378852,0.27946267501809263,0.2678430274006604,0.0
1618,MMM,0.1455573121205489,0.28499070945051114,0.26917774807858597,0.0
1619,MMM,0.14519304329611193,0.2863933874686145,0.27056246628496816,0.0
1620,MMM,0.14482371282928885,0.287731379429466,0.2719725663966881,0.0
1621,MMM,0.1445555637768816,0.28952160782072495,0.27350515697102024,0.0
1622,MMM,0.14428741472447393,0.2921640922914869,0.2753283111659653,0.0
1623,MMM,0.14395855621831943,0.2949999557241233,0.2774276111390314,0.0
1624,MMM,0.1436119891153711,0.29577100159724035,0.2792812725417344,0.04531731792718327
1625,MMM,0.143267956184995,0.2940271359125993,0.28037016704952195,0.03070379114323481
1626,MMM,0.14280755549248325,0.29214653698176024,0.28081635252435855,0.01922509946164668
1627,MMM,0.14265324800404744,0.2913278549825277,0.2809883158743002,0.01856082140944784
1628,MMM,0.14225355813916174,0.2871305056169619,0.28017747581756425,0.035267426229537234
1629,MMM,0.14188422657028088,0.28207367919368703,0.2783861901711367,0.04020570658061515
1630,MMM,0.14130240077895517,0.2754386545605698,0.2754539467799912,0.0550393212225975
1631,MMM,0.14084705704877698,0.27267708977274596,0.27248416357654753,0.0
1632,MMM,0.1402753546707476,0.26868784024013603,0.2692069474084626,0.0
1633,MMM,0.13964799590864718,0.26607713933597116,0.265995274384165,0.0
1634,MMM,0.13895486555256698,0.26509459072681435,0.263203924507237,0.0
1635,MMM,0.13819596167996284,0.2628076024711172,0.2604540889040656,0.0
1636,MMM,0.13742188498215469,0.2607832822163561,0.25779681578424396,0.0
1637,MMM,0.1364757905008256,0.2582474666770758,0.25509801789728653,0.0
1638,MMM,0.13524637353678726,0.25652440173990715,0.25254964499960414,0.0
1639,MMM,0.13416873081221437,0.2547913551308714,0.25011935668785984,0.0
1640,MMM,0.13316192082616096,0.2550692253158171,0.24823791210744645,0.0
1641,MMM,0.1323413994564373,0.2591270797388556,0.24764964764457342,0.06598479575457135
1642,MMM,0.13121316661852678,0.259389785542476,0.24723839568031306,0.028340680418615607
1643,MMM,0.12999335843276927,0.25939461146417797,0.24691048454850317,0.034725589759302525
1644,MMM,0.12889294868359835,0.260100541008478,0.24680766372800356,0.02811032021956834
1645,MMM,0.12792661217538948,0.2606740718003933,0.2468549990387002,0.03613455349852911
1646,MMM,0.1268084980367451,0.2587682054023841,0.24646222785338154,0.05670686458043686
1647,MMM,0.1254399464221797,0.25464542003810553,0.2452164482535579,0.09600010390413899
1648,MMM,0.12446855243901789,0.25408908255463625,0.24409411751512688,0.0
1649,MMM,0.12356798743319675,0.2532978915766804,0.2430174796193956,0.0
1650,MMM,0.12286979721781877,0.25329419695534244,0.24215533448582496,0.0
1651,MMM,0.12198441219023659,0.2532412291534508,0.24145365005619196,0.0
1652,MMM,0.12144812013639894,0.2567039175766251,0.24167471317033773,0.0
1653,MMM,0.12092195136733352,0.26021633396808674,0.24264521058671465,0.0
1654,MMM,0.12038060069659828,0.26387573038450174,0.24424846626951935,0.0
1655,MMM,0.119849369680049,0.2653875661120999,0.2458726771752259,0.0
1656,MMM,0.11939402759852569,0.2674206246050418,0.2476314249828957,0.0
1657,MMM,0.11900951462493514,0.2690244801150421,0.24940082188906718,0.0
1658,MMM,0.11842768708745355,0.26753460049889644,0.2504796941406995,0.061644790712859145
1659,MMM,0.1178891696405171,0.2664925392300224,0.2511073333204772,0.026496972316040972
1660,MMM,0.11723656257647841,0.2655089434754419,0.25138719659939945,0.024427036565401457
1661,MMM,0.11635714608000536,0.26514056445191253,0.25152785025781077,0.019675193300072204
1662,MMM,0.1158123540859044,0.2667635011448723,0.25200708332718297,0.02957466014195903
1663,MMM,0.11543740420098969,0.27023532752228563,0.2531749452040674,0.0318028135587817
1664,MMM,0.11477463218671013,0.2693222853925599,0.2539029285624682,0.08900357701805749
1665,MMM,0.11426363692978814,0.27074327058975645,0.25480639350604156,0.0
1666,MMM,0.11399549035036327,0.27294025430188107,0.2560255842146032,0.0
1667,MMM,0.11384876726984772,0.27364725492695124,0.25716068688211446,0.0
1668,MMM,0.11351991118408411,0.2739932148290148,0.25814694027541224,0.0
1669,MMM,0.11336813452422756,0.2762733523970836,0.2594511507467422,0.0
1670,MMM,0.11300386267430207,0.27530466873637904,0.2602756405163201,0.0
1671,MMM,0.1126041738500192,0.2737265622428736,0.2605786517827534,0.0
1672,MMM,0.1122247231239124,0.2760570372787959,0.26134764253908,0.0
1673,MMM,0.11164795910940628,0.2755745304617006,0.2618538104702332,0.0
1674,MMM,0.11104589898492412,0.27555881757454104,0.262255194414751,0.0
1675,MMM,0.10911322834398751,0.2545871429716705,0.257837653526701,0.13558663627470602
1676,MMM,0.10766483870245536,0.24621454922835195,0.25241179406835124,0.08244557282765079
1677,MMM,0.10633423524833074,0.24163107470208645,0.24703544897749355,0.03910621187352741
1678,MMM,0.10494797462776251,0.23479130826382472,0.24118889566154744,0.03904233444262809
1679,MMM,0.1036499497297515,0.2312220488793687,0.23570516214338455,0.036992825301130135
1680,MMM,0.10233446973484361,0.22840497462639825,0.23068164421484066,0.05409580079687391
1681,MMM,0.10113034504071539,0.22865242460980076,0.22671874235405381,0.08680694906158623
1682,MMM,0.09985883126998274,0.23018755384999115,0.22389529050309287,0.0
1683,MMM,0.09845845851795898,0.23212179355301826,0.22207357953728263,0.0
1684,MMM,0.09742129082533935,0.23575326241911632,0.2214367581536163,0.0
1685,MMM,0.09626270417942939,0.23934057429873254,0.22173787095787334,0.0
1686,MMM,0.09476007712569512,0.23855829637625958,0.2218020018429004,0.0
1687,MMM,0.09339911554899971,0.23939594566721384,0.22204257732919902,0.0
1688,MMM,0.09209886100566034,0.24112292849225672,0.22262525757145896,0.0
1689,MMM,0.09061140980261861,0.2421203792181309,0.22331678042578493,0.0
1690,MMM,0.08939716566378442,0.24453382649757985,0.22441532841923853,0.0
1691,MMM,0.08825375849915318,0.24699276995485292,0.2258497765983385,0.0
1692,MMM,0.0869745546411298,0.25080370237604227,0.2278584331609313,0.06322507820852734
1693,MMM,0.0857299547717515,0.25227525038768617,0.2297978615724641,0.05851633154630022
1694,MMM,0.08464725196481016,0.2564250734555776,0.2322870762489522,0.035987434683555815
1695,MMM,0.08485033308422052,0.2577501005698029,0.23457784406897403,0.041107074986318305
1696,MMM,0.08436858441284445,0.2567891770475082,0.23619333315710384,0.040321772226777866
1697,MMM,0.08374122579404109,0.2557613272612304,0.2372534769570953,0.04808730781424066
1698,MMM,0.08338707337316242,0.2555441428534911,0.23805251816353265,0.06681425777318081
1699,MMM,0.08308351217063381,0.25766732497907896,0.23917149406844676,0.0
1700,MMM,0.08283560432668768,0.2598231535439043,0.24055379434790397,0.0
1701,MMM,0.08241061894126456,0.2610175099955807,0.24192950500243665,0.0
1702,MMM,0.08203116821515777,0.2635919997069058,0.24361179152736795,0.0
1703,MMM,0.08190468463978906,0.2696615795741001,0.24632907072964327,0.0
1704,MMM,0.08160112224361049,0.2735139642272421,0.2493733584366215,0.0
1705,MMM,0.08119131376514177,0.27528932304179926,0.252209939236701,0.0
1706,MMM,0.08114072154518959,0.27793421339077373,0.25507682923168773,0.0
1707,MMM,0.08099399745125357,0.2796015264138719,0.25774707840983796,0.0
1708,MMM,0.0809282233296319,0.28270489974081603,0.26058449948228485,0.0
1709,MMM,0.08087257116765367,0.2844549665325909,0.2632498721238011,0.050173183404383696
1710,MMM,0.08060847358067935,0.2839254136506798,0.26526251528454114,0.033853149210476136
1711,MMM,0.08009747818341473,0.28001679043557826,0.26598945810165114,0.03507107102143082
1712,MMM,0.07938330111651792,0.2754893605434142,0.26554801837857805,0.027643105812787176
1713,MMM,0.07905444265911399,0.27578510690433267,0.26526169187474,0.032954732626903266
1714,MMM,0.07863451854675463,0.27741322273920743,0.2654005110656717,0.03382481171802542
1715,MMM,0.07819870895742576,0.2762909176990438,0.2652579763411498,0.05766974895933511
1716,MMM,0.0780292156835265,0.2770983213888218,0.26532638520464563,0.0
1717,MMM,0.07798367864872868,0.2790383389686953,0.26581946834872017,0.0
1718,MMM,0.07796849936629302,0.28132537093481214,0.2667307004421827,0.0
1719,MMM,0.07785719164161664,0.28371008177865714,0.2679985226948074,0.0
1720,MMM,0.07760422449087878,0.28370110592755315,0.26901075236133476,0.0
1721,MMM,0.07732595820467647,0.2825570713229502,0.26956203612048957,0.0
1722,MMM,0.07700722056290321,0.282461800152057,0.26998153616079146,0.0
1723,MMM,0.0765366965797103,0.28400353570441284,0.27066549855785904,0.0
1724,MMM,0.07618254498906829,0.2858479164567604,0.27162941493994125,0.0
1725,MMM,0.07581321149675646,0.28568733608205993,0.27236426415827636,0.0
1726,MMM,0.07500928184137767,0.28033746238209173,0.2717433145280001,0.06361731633319932
1727,MMM,0.07445528613671115,0.2793710025337053,0.27102817869709583,0.06258972801320527
1728,MMM,0.0740707777155355,0.2828936368761999,0.2712520257512983,0.059458789316056915
1729,MMM,0.07348389682473844,0.28200868889535174,0.2712311452559994,0.040907767956081614
1730,MMM,0.07316111371975864,0.28330712355482934,0.2715078282489637,0.03585554727077478
1731,MMM,0.07332554064019603,0.2879671430909543,0.27278212787079326,0.055206158209401085
1732,MMM,0.07335083460367076,0.2880264828792832,0.27381497567119584,0.08575940642399146
1733,MMM,0.0731990504273663,0.28918176972713266,0.27490229638261765,0.0
1734,MMM,0.07297643484358018,0.29029416026105165,0.27602350279992716,0.0
1735,MMM,0.07292078043464478,0.2910641719500772,0.2770944556792884,0.0
1736,MMM,0.0728701882146926,0.29325987952050586,0.2784473483862907,0.0
1737,MMM,0.07291572544833369,0.29751009806781,0.28049001932767287,0.0
1738,MMM,0.07289548492976639,0.30043407708198144,0.2827848428260003,0.0
1739,MMM,0.0728297132285356,0.30243379328875036,0.2850725468621328,0.0
1740,MMM,0.07288536406538526,0.30368660088862887,0.2871857878325482,0.0
1741,MMM,0.07307762176237598,0.30530237550679123,0.28924147244719806,0.0
1742,MMM,0.07330529219803983,0.30762834186260735,0.29141158312472293,0.0
1743,MMM,0.07344695703393478,0.30952172816464313,0.2935754911645151,0.04625552507307236
1744,MMM,0.07360885556184282,0.3116468956089276,0.2957868091281657,0.05399898103100063
1745,MMM,0.07385170483764192,0.3125968630120925,0.29777051308057145,0.03248763629300731
1746,MMM,0.07434195715580039,0.3114306987978337,0.29909397597953985,0.024261380307449988
1747,MMM,0.07453168265624155,0.30899008400217637,0.29960127796126496,0.02481502406620583
1748,MMM,0.07454686180424386,0.30846605295912083,0.2998887122795089,0.03146642390881468
1749,MMM,0.07482006338563951,0.3078948956113509,0.29998960405782227,0.05724220704198495
1750,MMM,0.07503761421586808,0.3083298328672529,0.30016859358935916,0.0
1751,MMM,0.07501484556979743,0.3085115353643453,0.3003528417443451,0.0
1752,MMM,0.07520203919130641,0.30790050542775016,0.30036217519396585,0.0
1753,MMM,0.07532852276667523,0.30741571060974726,0.3002601002952394,0.0
1754,MMM,0.0757332726282467,0.31110725233081077,0.301012561508017,0.0
1755,MMM,0.07605201390060612,0.3124022045151309,0.3019071309858793,0.0
1756,MMM,0.07610766776294453,0.31091622676304836,0.30228702293931375,0.0
1757,MMM,0.07612283998305058,0.3114883485262684,0.3027202100925284,0.0
1758,MMM,0.07603683139383899,0.309890738483947,0.3027057723477213,0.0
1759,MMM,0.07598117813659833,0.30868432477769153,0.3024216273277972,0.0
1760,MMM,0.07434701136358013,0.2842553660978253,0.2966744737476581,0.232306984778634
1761,MMM,0.072550945653445,0.2636024474436699,0.2874101272385722,0.17933157758953025
1762,MMM,0.07064235994613455,0.24731012382233497,0.2763173232456773,0.12194189751391638
1763,MMM,0.06876534380572519,0.23576587980468022,0.26483460407766146,0.07415012613135963
1764,MMM,0.06668595287487278,0.22524213305899474,0.2532705389050365,0.08113555416623128
1765,MMM,0.06477098886445787,0.21967273438913337,0.24276085506746164,0.0738398305890243
1766,MMM,0.0630204563910094,0.21686391893950896,0.23371844299866318,0.11895241013325115
1767,MMM,0.06133569025386798,0.21517637881840312,0.2261032057539869,0.0
1768,MMM,0.05966610647044657,0.21653363111399826,0.22031769346765184,0.0
1769,MMM,0.05801170376141285,0.21870622342488805,0.2161801910410031,0.0
1770,MMM,0.056352241430924765,0.22223317906745008,0.21366712123658788,0.0
1771,MMM,0.05457641638944921,0.22411580964535743,0.21208205458461424,0.0
1772,MMM,0.052952370428220874,0.22802019492286196,0.21169621539267974,0.0
1773,MMM,0.05113100815310445,0.2290960781686303,0.21163064489465822,0.0
1774,MMM,0.04905667872725017,0.23120120093189472,0.21205385083855344,0.0
1775,MMM,0.04690791986205878,0.23107470611194963,0.2123638334969884,0.0
1776,MMM,0.045035962341501534,0.2334523411107553,0.2131490573812827,0.0
1777,MMM,0.042653013645772786,0.23045688358078692,0.21310039883826554,0.10092586852938451
1778,MMM,0.04024476869677074,0.2266174334271311,0.21219393026939837,0.08902730966798496
1779,MMM,0.03787694717652801,0.22519509752783845,0.21114737195999075,0.05898472668193349
1780,MMM,0.03702697490327844,0.22375931446345562,0.20998570340825334,0.04997127877067235
1781,MMM,0.03598980698758791,0.21907114565234598,0.20799705487895737,0.08033135974505703
1782,MMM,0.03521946984300006,0.21969886829955831,0.20654797292599014,0.07882687504169449
1783,MMM,0.03449598123671138,0.22241127021282164,0.20600158727250817,0.09950049265911355
1784,MMM,0.03392933573533263,0.22550455677619802,0.20626342132820555,0.0
1785,MMM,0.03319320392104219,0.22812066633894829,0.20706401077431819,0.0
1786,MMM,0.03254054677482654,0.2328502221796547,0.2087731476121819,0.0
1787,MMM,0.03192330837926094,0.2374049208709107,0.21116961257203237,0.0
1788,MMM,0.031012624216214202,0.23910546625698698,0.21347103073004725,0.0
1789,MMM,0.030193010284765287,0.24262243499176075,0.21610684080480005,0.0
1790,MMM,0.029373393327827624,0.2469300833143457,0.21918882216693272,0.0
1791,MMM,0.028766268535470707,0.25225234919168493,0.22285699814482962,0.0
1792,MMM,0.027931475727840716,0.25519946305753194,0.22645745310039778,0.0
1793,MMM,0.02735976972513432,0.2590653982562331,0.2302113432192086,0.0
1794,MMM,0.026185998570138813,0.25420482450201426,0.2321161859224386,0.1572375431630191
1795,MMM,0.025223258207287325,0.25144676881361827,0.23301686449193693,0.10029547739524132
1796,MMM,0.02429487075977954,0.25203317037623235,0.23386990752551867,0.08565715530539847
1797,MMM,0.02342466423905598,0.24827394715856055,0.23370292786965363,0.05177637703978289
1798,MMM,0.022812480151725767,0.24740874013636252,0.23337384656831406,0.06205568435339451
1799,MMM,0.022331894845707523,0.2500054171888215,0.23369731286213435,0.08547886524872939
1800,MMM,0.021922090165349628,0.2524714375976764,0.23451329475186433,0.11894957638400609
1801,MMM,0.021831025706998575,0.2551772040785407,0.23577746086552953,0.0
1802,MMM,0.02146421946527155,0.2571514626694284,0.2372348867264583,0.0
1803,MMM,0.021013937142590255,0.25927051547561547,0.23887963731591783,0.0
1804,MMM,0.020563653677964422,0.261478862293151,0.24069442408804603,0.0
1805,MMM,0.02022467430742858,0.26462040784298835,0.24285610042811984,0.0
1806,MMM,0.019754158795603494,0.2674208917531813,0.2452182239485835,0.0
1807,MMM,0.019253285531416364,0.2696260123032793,0.24760618007528554,0.0
1808,MMM,0.018964908062396257,0.2722280090086375,0.2501044783120127,0.0
1809,MMM,0.01868411246774493,0.2761847247800374,0.2529971553510904,0.0
1810,MMM,0.018218653152426545,0.2777522178560052,0.2556654793802082,0.0
1811,MMM,0.01732820671734725,0.27435749283785377,0.2570330845951478,0.06663053636379201
1812,MMM,0.016291042276241452,0.2680761997721129,0.25670788119654075,0.09439395844660951
1813,MMM,0.015344944690536266,0.26589775226852097,0.25595548806703705,0.07331924723812763
1814,MMM,0.014990792269657716,0.2648857062027399,0.25512489701754415,0.04017335461006725
1815,MMM,0.01499589815095037,0.27027823651045835,0.25567889164308844,0.052014175830598475
1816,MMM,0.014851705477986976,0.2748511144856732,0.2571553505273899,0.06917795886222607
1817,MMM,0.015038901120427717,0.27880441721614757,0.2592297848919538,0.07766255832062574
1818,MMM,0.015119850170913551,0.28207914061477946,0.26162927146430875,0.0
1819,MMM,0.015028780036816847,0.28500706772718704,0.26421043955869167,0.0
1820,MMM,0.014952889050722229,0.2875558539327677,0.26685128420806364,0.0
1821,MMM,0.014851698559841031,0.28955643179538465,0.269415999860204,0.0
1822,MMM,0.014922531298360187,0.2931036461897287,0.2722692820786152,0.0
1823,MMM,0.014912416484956115,0.2948608433855036,0.27494895478506376,0.0
1824,MMM,0.015089498331254392,0.2991193723291752,0.2780549274989627,0.0
1825,MMM,0.015165387266280028,0.30195746416027736,0.28118098580425627,0.0
1826,MMM,0.015291870841649069,0.3048350643901891,0.28433203969031307,0.0
1827,MMM,0.014988311470959137,0.3003813525348409,0.2858465457578856,0.0
1828,MMM,0.014416603915030746,0.2934919770358561,0.2855014639691963,0.06589376156007343
1829,MMM,0.01454055772399121,0.2999498185814291,0.28668457806423436,0.07761225927152572
1830,MMM,0.014765695978764981,0.30468670206180637,0.2887013903357223,0.05360497181305048
1831,MMM,0.01548412486905304,0.31068656314569043,0.2916705368498046,0.032533684718239725
1832,MMM,0.01665789126717665,0.3180147119996917,0.2957016835972554,0.04355023912711078
1833,MMM,0.01749774410842453,0.32104362883064885,0.29961099893134807,0.06163617139223872
1834,MMM,0.01815546102323251,0.320817762983214,0.30268741575312985,0.08363928969713715
1835,MMM,0.018636050988621533,0.3235969205655607,0.3057765128753558,0.0
1836,MMM,0.01901550377850114,0.3240347094704337,0.308346711025456,0.0
1837,MMM,0.019400015185278563,0.324261796694469,0.3104541809667887,0.0
1838,MMM,0.019794647813054844,0.32424719291380477,0.31213685712725425,0.0
1839,MMM,0.01967322588007192,0.3165659653563057,0.31174738873364627,0.0
1840,MMM,0.019658047003890955,0.3119977598117091,0.3104036065924633,0.0
1841,MMM,0.01968840475625322,0.3088101506308153,0.3086083256640874,0.0
1842,MMM,0.019642871153198627,0.3069626016530838,0.3067546385816028,0.0
1843,MMM,0.019663103200397547,0.30529755357295313,0.3048954635079198,0.0
1844,MMM,0.01935448279241936,0.3019437551799327,0.30265031700314216,0.0
1845,MMM,0.019498677669498643,0.30541169585974454,0.30163779722914497,0.046035673360808896
1846,MMM,0.019544209391963774,0.30729965114563046,0.3012543737441981,0.029610790444833692
1847,MMM,0.020105794072329264,0.3095939654052421,0.30146604600274673,0.023992292202053407
1848,MMM,0.021029935503670494,0.3131918617767778,0.30244834533627035,0.02680549676509813
1849,MMM,0.021179187892634843,0.3163026665528405,0.30393708570373035,0.03723605544466544
1850,MMM,0.021434685084556704,0.31978556566168254,0.3059150553545822,0.03661959691097718
1851,MMM,0.02161176129499598,0.32348334829832637,0.3083329623711111,0.04523856331274733
1852,MMM,0.021672473231475697,0.32715926736157835,0.3110978791034317,0.0
1853,MMM,0.02194669068122912,0.3303467953049891,0.3140300493487282,0.0
1854,MMM,0.022290722522252393,0.3311607822260877,0.3165597097000113,0.0
1855,MMM,0.02249815606993555,0.3326379080917433,0.3189172014847199,0.0
1856,MMM,0.022958556768356564,0.3356542593307862,0.321484753594307,0.0
1857,MMM,0.02345943245293447,0.3383614473350571,0.3241504970837257,0.0
1858,MMM,0.02400584174056719,0.34079556228639546,0.326833091542461,0.0
1859,MMM,0.024967118123566112,0.3409150696318218,0.329006170353555,0.0
1860,MMM,0.025827210066660777,0.340700422184938,0.330696132807055,0.0
1861,MMM,0.02666200287429088,0.3402264186750949,0.33194099945802413,0.0
1862,MMM,0.027830713531799223,0.3450331606797393,0.3340229986348186,0.07463398881495559
1863,MMM,0.02921444640689086,0.351294186229499,0.3371033060067059,0.06356867030449226
1864,MMM,0.030732194721635242,0.35558716318685235,0.3405375701428962,0.037801388419057204
1865,MMM,0.03173647448332073,0.3569211888238674,0.34358641078902574,0.0318550017740451
1866,MMM,0.03276352296700957,0.3568834484882474,0.3460169557004357,0.035699572989410636
1867,MMM,0.03375009372269233,0.356511653062772,0.3478773827128256,0.04520987160164098
1868,MMM,0.0347232072957635,0.35728912171328264,0.34954139700360426,0.08446060468666704
1869,MMM,0.035661715323126786,0.35718126898281055,0.3508482386069249,0.0
1870,MMM,0.036597698340953166,0.3576396260416006,0.3519972798125568,0.0
1871,MMM,0.037457790235297383,0.35742584245230363,0.35286820737435254,0.0
1872,MMM,0.038176219121744404,0.35557736035828097,0.3531472762420114,0.0
1873,MMM,0.038984702280725814,0.355430577684807,0.3533373651039862,0.0
1874,MMM,0.04003199088352272,0.3568408315168814,0.3538080896482365,0.0
1875,MMM,0.04111975084189079,0.3590846909643801,0.35469167982917,0.0
1876,MMM,0.042086079790809805,0.3606234545398065,0.35574624280664396,0.0
1877,MMM,0.04287533294440815,0.35929726417220226,0.3562902342672457,0.0
1878,MMM,0.043613993878054313,0.35759241697520283,0.35634020923127807,0.0
1879,MMM,0.04413510133121468,0.3510942399221034,0.3549118956797808,0.03195264805011486
1880,MMM,0.044494312821041326,0.34320974869308357,0.3519877071385574,0.024035861096696382
1881,MMM,0.04475739542248591,0.33529134447673675,0.34785915580732196,0.021909840725581494
1882,MMM,0.04469162373100499,0.3295096479054517,0.34324991333827837,0.01659644281818724
1883,MMM,0.04435012060012833,0.3236169774906581,0.33823104289958555,0.02084033653133743
1884,MMM,0.043985899529069394,0.3183708029564404,0.33303054885559785,0.03310492133689205
1885,MMM,0.04396060094906551,0.3176147528893905,0.32869932056873297,0.05123879119341579
1886,MMM,0.04414273684241432,0.3194228432322113,0.3256428844157634,0.0
1887,MMM,0.04419333428310701,0.3189992922735029,0.323102032171651,0.0
1888,MMM,0.044127563971414485,0.31846087734157746,0.3209476930022047,0.0
1889,MMM,0.04407697175146219,0.3179866519542041,0.3191170682205502,0.0
1890,MMM,0.044122505354516894,0.3200112498815129,0.31811003577392294,0.0
1891,MMM,0.04434511475289249,0.3240445664736407,0.31821575658032447,0.0
1892,MMM,0.044608201557816196,0.3264963094989992,0.31885431603848685,0.0
1893,MMM,0.04468409291323283,0.32731079974955457,0.3195492014897095,0.0
1894,MMM,0.04465373455577304,0.3282398739755735,0.32031503852099713,0.0
1895,MMM,0.04429957691415387,0.3256944772839409,0.32035256384870425,0.0
1896,MMM,0.043393959293661966,0.315791898576091,0.3181450500984568,0.04934265872980732
1897,MMM,0.042513634445949355,0.30638270721863986,0.3142529882671848,0.030101501355771904
1898,MMM,0.041704139906615145,0.29998450923419406,0.30969363601800226,0.026980834999636927
1899,MMM,0.04087947082989851,0.29024365473184566,0.30384516254749744,0.02550173596659482
1900,MMM,0.040161041939610675,0.2820666857812941,0.2973187593608173,0.02854766218639104
1901,MMM,0.03956798874927603,0.2764505596232745,0.29082864681732046,0.02319258455051719
1902,MMM,0.03901651663742578,0.2737516541745072,0.2850267264629601,0.041517968626853675
1903,MMM,0.03893050465931236,0.2777208382006624,0.28128204588969297,0.0
1904,MMM,0.038596590741977965,0.2770966368287042,0.2781452602092363,0.0
1905,MMM,0.03803500587251962,0.27710061065091823,0.2756367295686014,0.0
1906,MMM,0.037286224074492114,0.2772265819816659,0.27365836886794015,0.0
1907,MMM,0.0367246328851899,0.2787051870578159,0.27240977804562855,0.0
1908,MMM,0.03606185483559243,0.2786355758576662,0.2713951764112596,0.0
1909,MMM,0.03525741372934754,0.2769095210239309,0.2701934849345232,0.0
1910,MMM,0.03432649509871055,0.2765706929667703,0.269155571967585,0.0
1911,MMM,0.0332437937572404,0.2770263138875226,0.26842819127381246,0.0
1912,MMM,0.032363467951653346,0.28017222917976053,0.2685571210049156,0.0
1913,MMM,0.03145784332142343,0.28168829508354143,0.26900282697737055,0.035030926240458976
1914,MMM,0.030466212803943904,0.28242841519807615,0.2695266253596713,0.027335171728156075
1915,MMM,0.029621306884156207,0.2824040870902569,0.2699401670156718,0.023409720586420792
1916,MMM,0.028983828833351266,0.2780053634899806,0.26927708815282947,0.027899560119466146
1917,MMM,0.02857311008021224,0.2766571257645742,0.2684419844374805,0.02727530877535394
1918,MMM,0.027981169473414336,0.27426139796719556,0.2672325755551261,0.033003496728495535
1919,MMM,0.027874920053927332,0.2750567101673641,0.26644475296367914,0.0501002143613231
1920,MMM,0.027879979812769573,0.2769364461140289,0.2662392300266012,0.0
1921,MMM,0.02777484278772624,0.2776454439565955,0.26623501305824304,0.0
1922,MMM,0.027592707005469674,0.2787617694441679,0.26648387845292587,0.0
1923,MMM,0.02701088134857732,0.2798142811076464,0.26692079070577873,0.0
1924,MMM,0.026848981403948757,0.2830259126054213,0.2679960036784369,0.0
1925,MMM,0.026702263360989797,0.28618975739590663,0.26957105959674044,0.0
1926,MMM,0.02657577978562098,0.28898392489584396,0.2714624595573239,0.0
1927,MMM,0.026413879840992416,0.29190075753605715,0.2736346515143647,0.0
1928,MMM,0.026322815055274007,0.2938441267622953,0.2758115184534602,0.0
1929,MMM,0.026515072752264723,0.29766777421288837,0.2784169830444615,0.0
1930,MMM,0.026919110557418024,0.3045394502820507,0.2820540420909915,0.05704408074060037
1931,MMM,0.027237849631570943,0.30907740598291006,0.28598906166072197,0.03193883352254513
1932,MMM,0.02733999481330418,0.31188702825245535,0.28977192461998275,0.02330581644743484
1933,MMM,0.02764355469070423,0.3157255240390566,0.29366554107814147,0.021795664245582158
1934,MMM,0.027866163728621274,0.3167127580714209,0.2970035043954642,0.025340920696937014
1935,MMM,0.02836197896446302,0.32048919764270206,0.30052717924773953,0.033721025651924676
1936,MMM,0.029161354077704926,0.3230762994500204,0.3039306868929911,0.0695686620393903
1937,MMM,0.030078005569347366,0.3284037795778738,0.3078572620816944,0.0
1938,MMM,0.030816668716859397,0.3280440811580504,0.3109172466909713,0.0
1939,MMM,0.031484505527537565,0.328785253263745,0.31353270568505653,0.0
1940,MMM,0.03209163031989437,0.32912187317589975,0.31570113372517355,0.0
1941,MMM,0.032678514593684205,0.3277309889015035,0.31712159934482187,0.0
1942,MMM,0.033229981893116656,0.3261130706006118,0.31789239562707594,0.0
1943,MMM,0.03378145584862402,0.3244838499013926,0.31814090260960665,0.0
1944,MMM,0.034272208248429914,0.3241968070662206,0.3182748495233939,0.0
1945,MMM,0.03469213033010754,0.32311387126559,0.31813731264111395,0.0
1946,MMM,0.03491979834538039,0.3193467206330734,0.31717607781606766,0.0
1947,MMM,0.035365023284700925,0.3199604456718392,0.3165457640013497,0.035345236260891484
1948,MMM,0.036076314190612524,0.323672998002579,0.3168803815269398,0.030305649374302263
1949,MMM,0.03695157946857586,0.3309422874347935,0.3187906055217267,0.03076790471990455
1950,MMM,0.03729111134148522,0.33229488165394955,0.32062440971278666,0.022312233118381646
1951,MMM,0.037589611502884535,0.3315920463679483,0.321932644142833,0.021254418139773502
1952,MMM,0.03806422763665007,0.3326161884768225,0.3232106413903177,0.0270692715906602
1953,MMM,0.03844873835353335,0.3335010488273966,0.3244329775264957,0.03766820220453884
1954,MMM,0.03887878106765763,0.33263788705075376,0.32521581099159735,0.0
1955,MMM,0.03914692783026652,0.33241405716486355,0.32579150235322757,0.0
1956,MMM,0.03945554682536523,0.33232338475315526,0.32623156758667415,0.0
1957,MMM,0.039496027862499394,0.3315238133337415,0.3264029528684692,0.0
1958,MMM,0.03976417328432069,0.3296596073828466,0.3261188350330648,0.0
1959,MMM,0.04001714043505833,0.3289815179438068,0.32573832328189445,0.0
1960,MMM,0.04010820764116774,0.3258348395392931,0.3247229071660462,0.0
1961,MMM,0.04024481208091801,0.3224186871963125,0.32313867866066776,0.0
1962,MMM,0.04054837447709614,0.3217176786879837,0.32171289970252953,0.0
1963,MMM,0.04073556750621232,0.31915407524886247,0.3199930183388762,0.0
1964,MMM,0.04046742738697362,0.3115327504177994,0.3168950392274124,0.04430814897728219
1965,MMM,0.04012440551933272,0.3037521468752738,0.3126585921472712,0.0328058427186518
1966,MMM,0.039871488875640404,0.2962767045919015,0.3075803233071352,0.025375279906533505
1967,MMM,0.03941108703527485,0.2912118190620359,0.30237327364112915,0.02354633091461028
1968,MMM,0.03848380636407922,0.2839710336921145,0.29657154456031043,0.03582059769675223
1969,MMM,0.03714055332951749,0.2770241103016425,0.29036047143744836,0.04056889877552514
1970,MMM,0.0360883632278175,0.27211226298397784,0.2842817580456709,0.06121110900547799
1971,MMM,0.03523333571770848,0.27007233916276,0.2789578569960843,0.0
1972,MMM,0.03425688618302458,0.26897319852687557,0.2744503801847258,0.0
1973,MMM,0.033234897549769826,0.2682534144780543,0.270681760160542,0.0
1974,MMM,0.03228880064804973,0.2679871498258666,0.2676067003966644,0.0
1975,MMM,0.031059375212643348,0.2648217486885242,0.26443141538152776,0.0
1976,MMM,0.02986537219747376,0.26371505040463683,0.26164112371178605,0.0
1977,MMM,0.02877761223910602,0.26445597825295164,0.25957630649155805,0.0
1978,MMM,0.027725266229607026,0.2650812392739742,0.2580657333698849,0.0
1979,MMM,0.026460430475918284,0.26398013046547764,0.25660847418304256,0.0
1980,MMM,0.025473857982943215,0.2653146485624674,0.25574420744438237,0.0
1981,MMM,0.024259613938655167,0.2627675441546713,0.25447726388967035,0.047204594924400885
1982,MMM,0.023101024221460764,0.2642415963501039,0.2537967780394083,0.0319155731641585
1983,MMM,0.022030974826158567,0.2653327213565755,0.25349893416190133,0.03818984821140242
1984,MMM,0.021605986381269093,0.27062740401757235,0.2544570173912386,0.020676215220893707
1985,MMM,0.02104338381752313,0.27141861062646955,0.25540226081157924,0.030432813871674846
1986,MMM,0.020150357792975138,0.26619231444919816,0.25497754946261963,0.03669646235924974
1987,MMM,0.01913342874128776,0.26141933207939844,0.25355930267495275,0.05732332311412512
1988,MMM,0.018357784371210717,0.25827751392632536,0.2517147967264709,0.0
1989,MMM,0.01779366905726798,0.25793017012292807,0.2501607080094123,0.0
1990,MMM,0.017080297593182192,0.2562224421420592,0.24853156790471634,0.0
1991,MMM,0.016205032824883725,0.2545049413466951,0.24684017847672926,0.0
1992,MMM,0.015380357251048582,0.25457609637524015,0.24550314474611176,0.0
1993,MMM,0.014555681677213661,0.25493728017919615,0.24451512893280125,0.0
1994,MMM,0.013776545757410275,0.25633606663487957,0.24404077862944965,0.0
1995,MMM,0.013164368399133042,0.25705109667867765,0.2438228627721771,0.0
1996,MMM,0.012456059166871869,0.2576664654781094,0.24378757554709496,0.0
1997,MMM,0.011778107686972628,0.26026975018107323,0.24434757013148284,0.0
1998,MMM,0.010963553421887595,0.26040290125684395,0.24482565190783567,0.05767222848992455
1999,MMM,0.0102350039029937,0.2602280701486759,0.24516861342165347,0.03515053407317803
2000,MMM,0.009481161339499167,0.26196094624028426,0.24583453409709524,0.02639979833151206
2001,MMM,0.009094120764615687,0.26513162952738945,0.24708370136794755,0.024100446964906968
2002,MMM,0.008361629926391112,0.2660034665450032,0.2482800308397758,0.023916843628403378
2003,MMM,0.0077115025855843955,0.26780792887749405,0.2496448211278442,0.031357088417109
2004,MMM,0.006694573533897019,0.2682658256067464,0.2508401172676605,0.04623675148432376
2005,MMM,0.005945791831302505,0.26921827796799624,0.25201156524891005,0.0
2006,MMM,0.005700415170485251,0.2715097856372797,0.25346650051819364,0.0
2007,MMM,0.005528400874253214,0.2736397443499199,0.25511172287495004,0.0
2008,MMM,0.005331084560365018,0.2753967014337247,0.25682489343765114,0.0
2009,MMM,0.004966806659462475,0.27624916658573634,0.25838804837924706,0.0
2010,MMM,0.00473408002729192,0.27719770456780385,0.2598528989296211,0.0
2011,MMM,0.004339447399515528,0.27495309632301257,0.26051759963013377,0.0
2012,MMM,0.00395493805651137,0.2745263834705662,0.2609529424241165,0.0
2013,MMM,0.003894228602764116,0.27900835541014446,0.262313939198891,0.0
2014,MMM,0.003504657012276313,0.2785490794899267,0.2632989610746945,0.0
2015,MMM,0.0033376953853748725,0.28081270577699496,0.26459845553079875,0.06562963251585571
2016,MMM,0.003236508423737683,0.28333306457935026,0.266207537964722,0.033556077831284475
2017,MMM,0.0029734200948425826,0.284767240512551,0.2678188626772585,0.03851088838629198
2018,MMM,0.0028368169958801204,0.28555612563664057,0.2692861747337995,0.0271152019430074
2019,MMM,0.00251807797047765,0.2829431792482865,0.26986961691153905,0.05768757796500202
2020,MMM,0.0018856596356735533,0.2779168760221781,0.2692006539119688,0.05795678414328381
2021,MMM,0.0012203577633936868,0.2751288826171055,0.2680355233520073,0.0808269116442889
2022,MMM,0.001032050276060792,0.2781982377718091,0.26779695406870996,0.0
2023,MMM,0.0006728873772351429,0.27908527936058897,0.2678065298412451,0.0
2024,MMM,0.0005362896334467626,0.28195270951608037,0.2684620997251744,0.0
2025,MMM,0.00035921383812564933,0.2840446760673334,0.2694592452669428,0.0
2026,MMM,0.00017201717842341147,0.2869119036775682,0.27090482520020986,0.0
2027,MMM,0.0,0.28953952579107256,0.27265501266311065,0.0
2028,MMM,0.001568401175355838,0.31697298225025133,0.28025388053474,0.0
2029,MMM,0.0026915805284716265,0.3309535656333039,0.28949195308971293,0.0
2030,MMM,0.004189145939819783,0.3470426981562017,0.3005178259395002,0.0
2031,MMM,0.006278657267343668,0.36452645247921955,0.31328906034901677,0.0
2032,MMM,0.008422858369316555,0.3793359381103948,0.3268523204773043,0.2235339332616631
2033,MMM,0.010024142294753013,0.3866161084085853,0.3393479171368491,0.12394051724188825
2034,MMM,0.01179491454812387,0.3896030004704895,0.350019296707334,0.07812918236298085
2035,MMM,0.013411378397139684,0.39104302761203813,0.3588817812370352,0.04823218324439493
2036,MMM,0.014939301832670893,0.39036630611721057,0.36581886047134726,0.04356688740392557
2037,MMM,0.016978215035517108,0.39555328006196777,0.37254054490152744,0.061551395060656995
2038,MMM,0.018850176076454894,0.39557683814261063,0.3779232155042668,0.08622272442556066
2039,MMM,0.020995338787425433,0.3951082776692928,0.3821234785542087,0.0
2040,MMM,0.023337814426336978,0.39337112192880497,0.3850911705230776,0.0
2041,MMM,0.02557910420271481,0.39036371108514867,0.38678578554053966,0.0
2042,MMM,0.02752695005320005,0.3876539343849102,0.38752919082478887,0.0
2043,MMM,0.02956075608507991,0.3840236751588226,0.38730364098702896,0.0
2044,MMM,0.03145295109871571,0.38008381644308925,0.38623297159775977,0.0
2045,MMM,0.03339573833230347,0.3764644568608894,0.3845586248467422,0.0
2046,MMM,0.03540935588401972,0.37484025187341574,0.3828521507262027,0.0
2047,MMM,0.037473568076078934,0.3736872713344694,0.38122645007996375,0.0
2048,MMM,0.03760005165144786,0.36884471346553027,0.3788316909447641,0.0
2049,MMM,0.037640523841096285,0.35568807370627736,0.37394307929756293,0.06508578880657241
2050,MMM,0.037650643453327026,0.3497898208016248,0.36869945212662925,0.03810365500519816
2051,MMM,0.03714976868466857,0.34253823230560576,0.36286602002495777,0.031045494073036348
2052,MMM,0.03685222876134231,0.34119418120344497,0.35789557970566516,0.038225270076965814
2053,MMM,0.036511127268505805,0.3356156679843301,0.35265873627568767,0.03495524152103852
2054,MMM,0.03634922558953957,0.3317315505514289,0.34759162701642193,0.036657970598670854
2055,MMM,0.036189853768573865,0.3284848316160254,0.3428043282678591,0.07475808341731267
2056,MMM,0.03635175293762538,0.3295502755061278,0.3392152313032562,0.0
2057,MMM,0.0359419482572676,0.328429431284506,0.33609069373309414,0.0
2058,MMM,0.035441072713031985,0.322943257987221,0.33235143713999615,0.0
2059,MMM,0.03489972506778538,0.3183934555739164,0.3283319827128806,0.0
2060,MMM,0.03435331578015266,0.31425892086975543,0.32418220170127504,0.0
2061,MMM,0.033837264244882204,0.31071901446366973,0.3200625184694469,0.0
2062,MMM,0.033295913574147074,0.3081294664528308,0.31618165138941706,0.0
2063,MMM,0.032663495697302536,0.30416706601720706,0.31218163479920624,0.0
2064,MMM,0.03214744113654355,0.30257979028446674,0.3086229691452828,0.0
2065,MMM,0.03182364124728654,0.3045001488770123,0.3062099506352126,0.0
2066,MMM,0.031459371000220004,0.3074440765700277,0.30494473006974154,0.052680343048960694
2067,MMM,0.030735885087029624,0.30538171164325717,0.3034665526083548,0.06116258104965615
2068,MMM,0.030068048276351234,0.30141940519918603,0.3013887089508898,0.04356381750891008
2069,MMM,0.02994662432539119,0.29771653682554644,0.29888975358299014,0.04528992501781425
2070,MMM,0.029754368966949607,0.298849243223791,0.29714652960148413,0.03059480987018477
2071,MMM,0.02957729275651033,0.29790887908368524,0.29553947073703457,0.04073431888770619
2072,MMM,0.02897016838518074,0.2957251609003062,0.2937604023000871,0.0738544716267905
2073,MMM,0.02873197178932685,0.2954055262912918,0.292264924614432,0.0
2074,MMM,0.028433470571665787,0.29521740212886743,0.29102603493081025,0.0
2075,MMM,0.02812485102110618,0.29513445708171526,0.29001618136224805,0.0
2076,MMM,0.027553142598008895,0.29520888601864415,0.28922511607409473,0.0
2077,MMM,0.02720404962426437,0.2969605235867049,0.2889880545513854,0.0
2078,MMM,0.027274882362783637,0.3002283221743016,0.2895367797204537,0.0
2079,MMM,0.02732547458273582,0.3024997220580863,0.29048899329173555,0.0
2080,MMM,0.027052272964408042,0.2991524386181141,0.2904944297870672,0.0
2081,MMM,0.026920730772141632,0.29847440043701756,0.29034557308245784,0.0
2082,MMM,0.026738593939532262,0.2975262381579073,0.29001224601351483,0.0
2083,MMM,0.02639698700396531,0.2926371097879809,0.2886408629174602,0.046229194819670236
2084,MMM,0.02598717770412362,0.2894571458967843,0.2868252287141812,0.0566540860007474
2085,MMM,0.025167564190747505,0.28428249507073694,0.28420348477518376,0.039011989711128785
2086,MMM,0.024165814287062548,0.2792328279303036,0.28096509369641715,0.02578900729631394
2087,MMM,0.023320901729813603,0.273524193660548,0.27708448819837944,0.027877126271275997
2088,MMM,0.02257464901805073,0.2685118755016868,0.2728474470495952,0.04349663403722484
2089,MMM,0.022028241238730373,0.2672857219287314,0.2691807589912075,0.07458392591162599
2090,MMM,0.021218739824091504,0.2668557781875342,0.2661502607436331,0.0
2091,MMM,0.020631855049500603,0.2683132939614969,0.264055194657244,0.0
2092,MMM,0.02005509387139004,0.2684936682571263,0.26241989820455136,0.0
2093,MMM,0.019473268214497685,0.27026246402639986,0.2615113287260911,0.0
2094,MMM,0.018962275296124598,0.27303361052738473,0.26141062666679027,0.0
2095,MMM,0.018658715925434777,0.27855739336456964,0.26257818960790624,0.0
2096,MMM,0.01830456433479266,0.28247314716932875,0.2643970228623921,0.0
2097,MMM,0.017844163636371868,0.2858247482541913,0.26660939941974826,0.0
2098,MMM,0.01721174575952733,0.28795583139955594,0.26886082887780016,0.0
2099,MMM,0.016614740621356372,0.2899946992857206,0.2711226641869383,0.0
2100,MMM,0.016382006521488135,0.29193816931045696,0.27337126858360417,0.03627317106576719
2101,MMM,0.01629093532817505,0.29756049545119173,0.2764405430102059,0.027017437594052434
2102,MMM,0.01628081575199003,0.3027435073014459,0.28006708834041844,0.02698839166429045
2103,MMM,0.016799501273477513,0.31033662860167804,0.2846840259053194,0.03306761030516528
2104,MMM,0.017387397800698312,0.31774727550103066,0.2900520463129406,0.037472437360858486
2105,MMM,0.018313261197430153,0.32549323379713285,0.29609669817440615,0.039602236064300134
2106,MMM,0.019294772237112068,0.3309112127394689,0.30215663736683246,0.05445108210847474
2107,MMM,0.020180158190363562,0.33140818633116464,0.30711688223012057,0.0
2108,MMM,0.02124009007118599,0.33315232008953527,0.31147917330764,0.0
2109,MMM,0.022251958954822015,0.33577972714367177,0.31556268109227187,0.0
2110,MMM,0.023157584500971384,0.33603372268879605,0.318886878802336,0.0
2111,MMM,0.024058148404734636,0.33716466796303834,0.32180177934898907,0.0
2112,MMM,0.02524203418610904,0.3404504399703741,0.32487613535186993,0.0
2113,MMM,0.026334856391960648,0.3424996733622705,0.3277986540314116,0.0
2114,MMM,0.02742767496722598,0.3446672667616698,0.3306264468500134,0.0
2115,MMM,0.028297881118627077,0.3456443235287341,0.3331094516549569,0.0
2116,MMM,0.029087134272225534,0.34404870755467215,0.33473531860059014,0.0
2117,MMM,0.030093943018833058,0.3455640896481681,0.3363784198345344,0.05420572665300564
2118,MMM,0.031631980073232535,0.3533492879135186,0.33945200281178994,0.05993474111634371
2119,MMM,0.03324758526347671,0.3602078589251329,0.3434605954182264,0.06045827628937067
2120,MMM,0.03498294320545192,0.36687965850224685,0.3481749938481164,0.03536235682924713
2121,MMM,0.0363084918505403,0.3693556852724851,0.3525059824308959,0.03848668344482366
2122,MMM,0.03750755682866769,0.36940461569153193,0.35598182935434347,0.04156342668766003
2123,MMM,0.038408117028866595,0.3678475754235063,0.3584106863561295,0.07779598068091452
2124,MMM,0.039221660911359923,0.36616057491391546,0.3599725862956684,0.0
2125,MMM,0.03993502556455086,0.3647610915323769,0.3609058864263435,0.0
2126,MMM,0.040618035429413,0.3621221555553693,0.3610562465941784,0.0
2127,MMM,0.041392115152709685,0.35728368918904674,0.3600832606044061,0.0
2128,MMM,0.04222690796033968,0.35544118051193957,0.35888854835232376,0.0
2129,MMM,0.04284920860338892,0.35189510827397413,0.35713152692953903,0.0
2130,MMM,0.04356763870003155,0.34853535702442184,0.3549667582696817,0.0
2131,MMM,0.04413428548074283,0.3444714838474262,0.3523166921747081,0.0
2132,MMM,0.04450361897305444,0.3407166597763333,0.34934821922376047,0.0
2133,MMM,0.045070265148668076,0.3401340270063686,0.34684179226135997,0.0
2134,MMM,0.045354044389150916,0.3361273443400681,0.34393132198794873,0.038094091101496044
2135,MMM,0.045313571097444605,0.3276194935319519,0.3396805570543887,0.03287149124282929
2136,MMM,0.045429936986967956,0.32109314310201786,0.33480528567844386,0.02452893346533882
2137,MMM,0.045227562196524795,0.31434283888605125,0.32937980574232284,0.0168340054632324
2138,MMM,0.04468621413320528,0.3110476263069074,0.32429485308647693,0.018810545561669764
2139,MMM,0.04429497251675163,0.31190356269069414,0.3204202937943035,0.0357712432307339
2140,MMM,0.043834570676386186,0.3134108884389528,0.3176612336690848,0.07866169107528387
2141,MMM,0.04348547825219318,0.3140788120650617,0.31560490603873936,0.0
2142,MMM,0.04323251251817595,0.3147477086936771,0.31411098425876355,0.0
2143,MMM,0.04313132596574798,0.3165202737566691,0.3133163662080362,0.0
2144,MMM,0.042908716567372496,0.31625006734647854,0.31261961736425187,0.0
2145,MMM,0.04289860175396809,0.3196388516554687,0.3128279299665359,0.0
2146,MMM,0.04294920002489744,0.3221540441099032,0.313562899556907,0.0
2147,MMM,0.043136399104990675,0.32380808843651004,0.31452461428728257,0.0
2148,MMM,0.043303357666516606,0.3271376106376067,0.3160463071982137,0.0
2149,MMM,0.043581617901741976,0.32959494017444213,0.3178189066384181,0.0
2150,MMM,0.0438598805573579,0.33119287722163504,0.31959804754624194,0.0
2151,MMM,0.044343046546039155,0.33420924711961847,0.32170292317039617,0.049278545153137586
2152,MMM,0.044894511885995136,0.33711800460662916,0.3240440710396282,0.037193549205989364
2153,MMM,0.04530431702431259,0.339724203304759,0.32650587213031534,0.0246425195809121
2154,MMM,0.04609312028569157,0.3437664959985253,0.3293886879587502,0.02635315954185359
2155,MMM,0.04722737381041131,0.3465327888354429,0.33231999743684976,0.025027909478241826
2156,MMM,0.04841632397306639,0.3494243043880059,0.3353183964934412,0.027561163230450526
2157,MMM,0.04974187261815466,0.3517286726455559,0.33823779853311675,0.05383226211708226
2158,MMM,0.05092069749283323,0.3529544977468271,0.34085030108450287,0.0
2159,MMM,0.05175043250789324,0.35176670553334055,0.3426719159149907,0.0
2160,MMM,0.05249865833900824,0.3500258032494676,0.3437358427592811,0.0
2161,MMM,0.05344981143723515,0.3507010180910733,0.34473955218881425,0.0
2162,MMM,0.05441614643713166,0.3511804390329349,0.34565084713839495,0.0
2163,MMM,0.05538248446251659,0.35238941094606296,0.3466530559609555,0.0
2164,MMM,0.05645506554470325,0.35282354742891736,0.3475529181894716,0.0
2165,MMM,0.05727467947615217,0.35264567169166444,0.3482326161168266,0.0
2166,MMM,0.05808417314831771,0.3518422350990341,0.34859483419976744,0.0
2167,MMM,0.05916687146429944,0.35455572889941134,0.34949773529201644,0.0
2168,MMM,0.06080609809366089,0.36650866062970155,0.3529208770412281,0.05973578830476265
2169,MMM,0.06217212424072993,0.3712757687361158,0.3567365408317877,0.03746063007233735
2170,MMM,0.06381135087009149,0.37820614719363627,0.3613550233173962,0.027721388135682277
2171,MMM,0.06520520106466077,0.38127396420533916,0.3657429969199439,0.022781218618440978
2172,MMM,0.06659722773019716,0.38365999525133143,0.36979251068569163,0.025552625380120896
2173,MMM,0.06781906143032801,0.382835799816412,0.3728458908817606,0.03086153651787712
2174,MMM,0.0687095068150545,0.37884990976542865,0.37438796452388484,0.05679105054759252
2175,MMM,0.06947756686880302,0.3731356231140641,0.3743304536204768,0.0
2176,MMM,0.07025670352725111,0.369241729317581,0.37340460136735265,0.0
2177,MMM,0.07120280172100846,0.3684472256676891,0.37248439774613656,0.0
2178,MMM,0.07213877896854282,0.3669065336248727,0.3714001082702027,0.0
2179,MMM,0.0731809992728788,0.36494691423842807,0.3700898915162281,0.0
2180,MMM,0.07434520727656113,0.3642361653867455,0.36888112108303817,0.0
2181,MMM,0.07524070953793827,0.361624530175317,0.3673239935355569,0.0
2182,MMM,0.07608056096246585,0.3585899527157636,0.36539261451591143,0.0
2183,MMM,0.07677874630485726,0.3548883333964714,0.3630111130879439,0.0
2184,MMM,0.07752752749778691,0.3521870390054489,0.3604955418333221,0.0
2185,MMM,0.07789366899328698,0.3439606623240929,0.35662429651129846,0.04274722543478864
2186,MMM,0.07823264304174016,0.3365528495454233,0.35185347028081376,0.030180610188863484
2187,MMM,0.07840465966765753,0.331823101135032,0.3469681005034307,0.027952220626270393
2188,MMM,0.07801761909277394,0.33002273157904743,0.3426530027529281,0.02830313324111841
2189,MMM,0.07780006515432847,0.3269103770064283,0.3384976734680984,0.02242156861008732
2190,MMM,0.07726883652301064,0.3235829299359801,0.33442155779908755,0.022222615798506262
2191,MMM,0.07688432580612736,0.32138341971276724,0.33066367563316906,0.039493490937020516
2192,MMM,0.076413103102007,0.31905627206466103,0.3271315399961067,0.0
2193,MMM,0.07601594226488528,0.3163593977284527,0.3236964601062843,0.0
2194,MMM,0.07584391890105135,0.31495834321494964,0.3206318213688485,0.0
2195,MMM,0.07558083451651865,0.31066481292499054,0.31720996711212696,0.0
2196,MMM,0.07534304563686434,0.3089661180728011,0.3140886556534092,0.0
2197,MMM,0.074907944073908,0.30769109697755587,0.3113035095016674,0.0
2198,MMM,0.07445766363477047,0.3062441940604027,0.30874845809327783,0.0
2199,MMM,0.07407315429176631,0.3060118025840701,0.3066519070246783,0.0
2200,MMM,0.07347108811630698,0.3041423804875731,0.304552261496443,0.0
2201,MMM,0.07293986168910482,0.3023443902923373,0.30246628077295734,0.038245106321681314
2202,MMM,0.07247440145786699,0.3015852071325385,0.30062595520552166,0.024509687585049376
2203,MMM,0.07189511015673022,0.2986502248398621,0.2984905217640676,0.019162520832484684
2204,MMM,0.07123739456705092,0.29604286848960826,0.2961930306386864,0.018741000632280302
2205,MMM,0.0710392208181776,0.2952544499025449,0.2941768908680946,0.024742645387571295
2206,MMM,0.07092538644121882,0.2954633035972314,0.29261117052156715,0.02937476274729628
2207,MMM,0.07078372362625562,0.2967620684111016,0.291652056233479,0.04166178140104105
2208,MMM,0.07055352340852394,0.29878886865383303,0.2913427298051835,0.0
2209,MMM,0.07034608706433199,0.29936405735468885,0.29122523524192917,0.0
2210,MMM,0.07026007490303476,0.3010164464366343,0.29150460463912503,0.0
2211,MMM,0.07003240519035614,0.30090279029998956,0.2917024190207893,0.0
2212,MMM,0.06978449665651576,0.30014709878980605,0.2916899184920483,0.0
2213,MMM,0.06966307169804453,0.30074776336178216,0.2918156410407682,0.0
2214,MMM,0.06951635607547635,0.3017380792508207,0.29213998559048143,0.0
2215,MMM,0.06966813273533268,0.3038366675365329,0.292873647076774,0.0
2216,MMM,0.06970354668420164,0.3055211045210924,0.2938411826872173,0.0
2217,MMM,0.06923555302287765,0.29956951043361185,0.29327042063245234,0.05315877437983693
2218,MMM,0.06852977827400986,0.2910716954656605,0.29089368991887177,0.047393747686509405
2219,MMM,0.06748755498998138,0.28056469243792836,0.2866181988312429,0.03515478469704564
2220,MMM,0.06678430708544358,0.27589563090660585,0.28214280965254174,0.030537780666627705
2221,MMM,0.06612153045463487,0.27281831312521815,0.27786716395213706,0.02488799310926642
2222,MMM,0.0654916419778312,0.2718745442716814,0.2742333984016315,0.02898417764301726
2223,MMM,0.06522602535390754,0.2744639678020637,0.2719114783288526,0.11712251655824625
2224,MMM,0.06492246456058803,0.27590523413240603,0.27037960314445114,0.0
2225,MMM,0.0646027147082252,0.27828140530763074,0.26969100999668616,0.0
2226,MMM,0.06423591319027866,0.28047454982361764,0.2696356867478388,0.0
2227,MMM,0.06399306418925532,0.28531258504359663,0.27068460485326656,0.0
2228,MMM,0.06365914706620324,0.28891018376187017,0.27233663360814564,0.0
2229,MMM,0.06342136181713509,0.2922353438500435,0.2744095920988457,0.0
2230,MMM,0.06308238607718564,0.2946427731525062,0.2766119288113288,0.0
2231,MMM,0.06294072423073349,0.2980806291172921,0.2791505978289553,0.0
2232,MMM,0.06285471564152167,0.3009540046449716,0.28183078569363346,0.0
2233,MMM,0.06244997251491258,0.29972467259183677,0.2836971626535409,0.03604174821075302
2234,MMM,0.06218688570998898,0.3013657664486585,0.2855610770602772,0.02588263909428651
2235,MMM,0.061936447965201036,0.30416356186723037,0.28768438355680437,0.018997927230500117
2236,MMM,0.06147048293828539,0.30323824442256314,0.28917394894604836,0.020859818557397297
2237,MMM,0.061197682994930114,0.29809459823980794,0.28920337032535204,0.026281489300530324
2238,MMM,0.06112432172944826,0.29316501319364674,0.2881130446125242,0.03709188845182243
2239,MMM,0.06132163680389058,0.2893906213301552,0.28638794253300504,0.04485706982062958
2240,MMM,0.06129128239167958,0.2865642976409887,0.2843692398019716,0.0
2241,MMM,0.061245748831466384,0.2845870214816441,0.2823075028134303,0.0
2242,MMM,0.061121795388873745,0.28322346311094926,0.28035001082600425,0.0
2243,MMM,0.060803055630735625,0.282504323795547,0.2786215243415004,0.0
2244,MMM,0.06055008847999799,0.2822242430725774,0.2771754496035013,0.0
2245,MMM,0.060216170146750514,0.2819951989940086,0.27596683623140794,0.0
2246,MMM,0.06005427262251295,0.28462210267430127,0.2755935067166732,0.0
2247,MMM,0.05977600633631042,0.2880498716959695,0.27606936356051176,0.0
2248,MMM,0.060661391363892814,0.30753923997946286,0.28085376302779685,0.0
2249,MMM,0.06039476262097154,0.30624534041740503,0.2843889199389121,0.05355313781644271
2250,MMM,0.06029357699037219,0.3072951425629172,0.28745425317664336,0.03483114691868144
2251,MMM,0.060136735017656595,0.3087107169091669,0.29022637541658175,0.019902129385448344
2252,MMM,0.06003554398313271,0.31069289115543924,0.2928919547579159,0.03004128418431414
2253,MMM,0.06024803358904818,0.3132444728919307,0.2956009600681439,0.017638317957291857
2254,MMM,0.06041499036748599,0.31702746108368185,0.2986229482061924,0.021642877932118717
2255,MMM,0.06038716654601095,0.3184746461150374,0.30136753694865187,0.046171575251687115
2256,MMM,0.060655821310015345,0.32066648164680717,0.30405846344087295,0.0
2257,MMM,0.060986803410737145,0.3186784816176059,0.3057620067223434,0.0
2258,MMM,0.061421908093728605,0.3175103351166089,0.3068608931775961,0.0
2259,MMM,0.061836773357256014,0.3161093334302187,0.30742343945275385,0.0
2260,MMM,0.062231405985032406,0.314541949720997,0.3075193187869527,0.0
2261,MMM,0.06275758080507488,0.3151570642836821,0.3077350102690647,0.0
2262,MMM,0.06318256513423637,0.3139954700418203,0.30764509579845295,0.0
2263,MMM,0.06371379857117654,0.31463864470749275,0.30771849254833405,0.0
2264,MMM,0.06411854843274767,0.31320884898567375,0.3074541409121063,0.0
2265,MMM,0.064524562909543,0.3117444354177292,0.30691176850261537,0.06344918054465841
2266,MMM,0.06484582744528333,0.3118242765900775,0.3064959110616464,0.024154288200563326
2267,MMM,0.06518480680606897,0.3132057110570787,0.3064753666931017,0.020856984808152224
2268,MMM,0.06437800027742302,0.31403870367439707,0.3066471497793373,0.017499464244283353
2269,MMM,0.06466486678524397,0.314057788776206,0.3067888886164157,0.02314925180164464
2270,MMM,0.06492785198752482,0.31569779336088927,0.3072728463987503,0.02401236459253933
2271,MMM,0.06502904169101087,0.31511244406046596,0.3075277502102025,0.03875246550943432
2272,MMM,0.0650593999870156,0.3144175029942314,0.30757464807247126,0.0
2273,MMM,0.06510493546475038,0.3150512738269984,0.3077553698485931,0.0
2274,MMM,0.06499362952316223,0.3150160307742845,0.30789198393675926,0.0
2275,MMM,0.06495315586804262,0.3145311451701456,0.3078917130353167,0.0
2276,MMM,0.06495821448494044,0.3159204704609748,0.3082054208669735,0.0
2277,MMM,0.06507964246890019,0.3150606579838954,0.30826210847837243,0.0
2278,MMM,0.06522130189496167,0.31511369740269535,0.30831944307244374,0.0
2279,MMM,0.06545909319500698,0.3161034886376899,0.308588958710401,0.0
2280,MMM,0.06622810825042869,0.3241827717250712,0.31063012305299803,0.0
2281,MMM,0.0674271726730955,0.33853892199555624,0.3155068938809665,0.07663024708522324
2282,MMM,0.06885391015450093,0.351208208402867,0.32227099511123963,0.05292499006711853
2283,MMM,0.06988024823633587,0.3564043656738735,0.3288563721537413,0.03841430476618912
2284,MMM,0.07107931366651388,0.36059330248469845,0.3350711836683094,0.02567447659765897
2285,MMM,0.07225687485163801,0.3626763613793207,0.340513709787877,0.025895390965889335
2286,MMM,0.07357736378072555,0.3670466222640682,0.3458552115873677,0.04422632446783075
2287,MMM,0.07466512423989424,0.36775463380497336,0.3502883915487872,0.055731582548591424
2288,MMM,0.07581091013907615,0.3682874701367758,0.3539553323812683,0.0
2289,MMM,0.07715669256776936,0.3703797478061451,0.35736164498047296,0.0
2290,MMM,0.0783507995864724,0.37078271529519546,0.36017774745025416,0.0
2291,MMM,0.07983318392343286,0.37281883148060996,0.36289069940911073,0.0
2292,MMM,0.08124474377105761,0.37248373779010446,0.36498534498827284,0.0
2293,MMM,0.08259052949706092,0.37177523489323067,0.36650097190559455,0.0
2294,MMM,0.08405774018153545,0.37181875444537404,0.36772330688597116,0.0
2295,MMM,0.08556542585216687,0.3713405291063612,0.3685931176163784,0.0
2296,MMM,0.08670377500499815,0.3666831190221619,0.36823660259112334,0.0
2297,MMM,0.0888286993069708,0.3749440368272398,0.36981798361783536,0.0691188043467352
2298,MMM,0.09085243994461611,0.3799798811088833,0.372220961027126,0.055493547612005416
2299,MMM,0.09276481933391478,0.3825047987292828,0.37471385990987505,0.03064876917872634
2300,MMM,0.09415107997014238,0.3833313364614422,0.3768949390856291,0.03384700942044515
2301,MMM,0.09510223271381968,0.38496408375442287,0.37900872931987306,0.031171005550015972
2302,MMM,0.09595726008654082,0.3857292143172978,0.38087264633947987,0.0532064758254623
2303,MMM,0.09699513433119844,0.3838809759457466,0.38194616184362085,0.0764451088012119
2304,MMM,0.09800699913603861,0.38185707581129347,0.3823476645377993,0.0
2305,MMM,0.09921613458879874,0.38171689431057165,0.38263719202687285,0.0
2306,MMM,0.10005345738590798,0.3786875272367393,0.38218431434751443,0.0
2307,MMM,0.1004076109058899,0.3663951656778781,0.379044495569999,0.0
2308,MMM,0.10063021969916786,0.35483310456052114,0.3739201387172082,0.0
2309,MMM,0.10078200241000124,0.34656624106511624,0.3679527167314987,0.0
2310,MMM,0.10085283151793412,0.33793984586557263,0.36122960476795796,0.0
2311,MMM,0.10073140897985378,0.3304627074173369,0.35416162076471175,0.0
2312,MMM,0.10071622707818406,0.3247115341277935,0.34720772903644675,0.0
2313,MMM,0.1007061067790137,0.320378143741408,0.34066546581169155,0.07631263102400482
2314,MMM,0.1005492670142547,0.31602040701491807,0.3344470042202339,0.04319696505455853
2315,MMM,0.10028111997686995,0.31110100761253817,0.3283606736246877,0.044015092076187715
2316,MMM,0.10046326038836062,0.3102396549630433,0.3232969824851575,0.0277925860854647
2317,MMM,0.0998004837575518,0.30975413243723976,0.31913632348612636,0.023537003156678588
2318,MMM,0.09927431022570543,0.31067918975675873,0.3160168173183843,0.038919184423352696
2319,MMM,0.09872795322820649,0.31047780932169106,0.31347570953223747,0.046947196034640225
2320,MMM,0.09820684375706878,0.31035862954066723,0.3114158940739243,0.0
2321,MMM,0.09756937087825379,0.3103792657739129,0.3097727045607726,0.0
2322,MMM,0.09682564944712102,0.3091765658063577,0.308186397262816,0.0
2323,MMM,0.09640066498352617,0.3113230975412138,0.3074023703177272,0.0
2324,MMM,0.09608192976214402,0.31481063354070005,0.3075631738456861,0.0
2325,MMM,0.09561145721225661,0.3175321971611045,0.3083067667075589,0.0
2326,MMM,0.09524718536233112,0.31903043738859893,0.30924017538963183,0.0
2327,MMM,0.0954748533776042,0.31962713857891173,0.31012172976236363,0.0
2328,MMM,0.09579865024137257,0.32010298191002845,0.31093449228860887,0.0
2329,MMM,0.09579865024137257,0.31692514491686535,0.31086665516573636,0.05199681911647241
2330,MMM,0.09585683446546689,0.3134750869369501,0.3100328287173629,0.028623937270237546
2331,MMM,0.09580624216367295,0.3087405418360676,0.30829597493099925,0.02448394769607331
2332,MMM,0.09560892919584518,0.3032386859490554,0.3056633218103819,0.023490128221249695
2333,MMM,0.09547739042941283,0.30030781766065384,0.30289495590490584,0.03123677214707867
2334,MMM,0.09547486057141241,0.2991654501770994,0.30042213990026245,0.03266344681908696
2335,MMM,0.09554569197889407,0.29803079969436336,0.29818750750874295,0.059108348992749735
2336,MMM,0.09540908819594673,0.2972482261288907,0.2962229754352291,0.0
2337,MMM,0.09525730988152625,0.29675042452813527,0.294538869174548,0.0
2338,MMM,0.09484244109170914,0.29396421201118017,0.29256202640570417,0.0
2339,MMM,0.09473619583670079,0.29556175714658306,0.29134152499198596,0.0
2340,MMM,0.0945742928665837,0.29620752832358493,0.2905110388812709,0.0
2341,MMM,0.0943769765526955,0.2964705427848995,0.28990607934138773,0.0
2342,MMM,0.09419990075737461,0.29591242660649586,0.2892960027464627,0.0
2343,MMM,0.09372431815728399,0.2943470404073689,0.28845423513135143,0.0
2344,MMM,0.093243676940296,0.2950458144842553,0.2879387123128543,0.0
2345,MMM,0.0926112588403809,0.2935867183280496,0.28719660445162065,0.07958655598514407
2346,MMM,0.0920142540842368,0.2926006042451063,0.28638010106965206,0.0520333036380027
2347,MMM,0.09139448467897604,0.29121895036709977,0.2854147072029031,0.03371642080940144
2348,MMM,0.09068618167496678,0.28917301586109584,0.28418010363097607,0.03335228403140975
2349,MMM,0.09033202925408801,0.2895542404763921,0.2832785602597501,0.03003703356044653
2350,MMM,0.09008159177816688,0.2907222155756607,0.28282123500367023,0.03286806712915816
2351,MMM,0.0899196947157298,0.29116070384849607,0.2825544532765906,0.05713110045700111
2352,MMM,0.09004111874853171,0.29405801175497237,0.28299568817851906,0.0
2353,MMM,0.08991969040411318,0.2942586150192355,0.2833940033466339,0.0
2354,MMM,0.08969960930076581,0.2941950167671674,0.28369828515837137,0.0
2355,MMM,0.0894871164522002,0.29407323896716503,0.28391419434381626,0.0
2356,MMM,0.08923414930146256,0.29353706087850234,0.28396576974322146,0.0
2357,MMM,0.08892553131387493,0.2924602501357207,0.2837637196349279,0.0
2358,MMM,0.08886987745153674,0.2929709484318379,0.28371747421884874,0.0
2359,MMM,0.08856631202986986,0.29353513792146835,0.2838079591421044,0.0
2360,MMM,0.08823240095779517,0.29295034318508106,0.2837482099726333,0.0
2361,MMM,0.08774164612193891,0.28999124114539304,0.28303178767981046,0.05208454727018441
2362,MMM,0.08729642159182771,0.2876487642717216,0.281929356230953,0.026980598853866503
2363,MMM,0.08687993904067781,0.28520013288445994,0.28049413134801926,0.01969739100249193
2364,MMM,0.08619692940184098,0.28141101569544147,0.2784897826761842,0.02123906866469603
2365,MMM,0.0856859396345262,0.27910833867907786,0.2763660030881764,0.02545745863464058
2366,MMM,0.08518506468268361,0.27777430671588227,0.2743655486511628,0.03285484296601449
2367,MMM,0.08471707788484606,0.2767702852369327,0.27253832174861925,0.048596674241042255
2368,MMM,0.08426679424294536,0.2754439264906684,0.27077684325926055,0.0
2369,MMM,0.08375580215480882,0.2756570229256908,0.2694158106047585,0.0
2370,MMM,0.08319927723919474,0.27618535825641405,0.2684463643222396,0.0
2371,MMM,0.08282994094653362,0.2790275238656945,0.2683130079196475,0.0
2372,MMM,0.08239989558008387,0.2830579602095253,0.2691170187556921,0.0
2373,MMM,0.08205586424872535,0.2855303543344523,0.270318876450183,0.0
2374,MMM,0.08157522545212814,0.2853471203373284,0.2712389600264183,0.0
2375,MMM,0.08121095057671401,0.28693521116079673,0.27233386344272664,0.0
2376,MMM,0.08102881616449564,0.29048530576052084,0.27401194666836004,0.0
2377,MMM,0.08120083173710557,0.2978270950244097,0.2770133248995157,0.04958777803950601
2378,MMM,0.08136146986685988,0.30470591421154186,0.280968728879111,0.04483357331647253
2379,MMM,0.08159420433309583,0.3111806362206979,0.2855960458085398,0.03188877061921554
2380,MMM,0.08194835583214577,0.31680222477740744,0.2905681236007888,0.021356551185481288
2381,MMM,0.0823353917905002,0.31891506034858297,0.2950231909219511,0.018201407546864605
2382,MMM,0.08290709814982444,0.3229190155126364,0.29949195719047184,0.020315974848113993
2383,MMM,0.08348548001036848,0.3251384033003682,0.3035684512647469,0.04547010424064671
2384,MMM,0.08420896463536232,0.3266747382413716,0.30717678859557807,0.0
2385,MMM,0.0849071506803526,0.32765840043215644,0.31028572153671424,0.0
2386,MMM,0.08559522190987023,0.32819784708142447,0.3128947583851426,0.0
2387,MMM,0.0863187056579453,0.32860521984392144,0.3150740356464588,0.0
2388,MMM,0.08723444843788974,0.3306072962207545,0.31726983598445613,0.0
2389,MMM,0.0880085227153069,0.3307264434842149,0.31905339813675404,0.0
2390,MMM,0.08895967581353381,0.3331448194286012,0.3210266912234986,0.0
2391,MMM,0.08953138181623999,0.33126617277113085,0.3221808366868069,0.0
2392,MMM,0.09004743940248783,0.3301883436925569,0.32286061253189685,0.0
2393,MMM,0.09061914388122272,0.3289357259705306,0.32312139837024884,0.03337306485920694
2394,MMM,0.09146911617013131,0.329411319242192,0.3234374895668858,0.02578711813015056
2395,MMM,0.09222296010455044,0.329606769449219,0.3237345254133637,0.020437589919881646
2396,MMM,0.10303094096629595,0.35769378875512514,0.34628107454554163,0.0
2397,MMM,0.10362799613789353,0.35562926606635253,0.3478892983166689,0.0
2398,MMM,0.10433124372776847,0.354276123888156,0.3488701285244302,0.0
2399,MMM,0.104862476559611,0.35016428890699963,0.34872570432939515,0.0
2400,MMM,0.10549489746194396,0.3483059203354226,0.3481902578957079,0.0
2401,MMM,0.10612731594388614,0.3452728764702872,0.3470765702899351,0.0
2402,MMM,0.10692163618574979,0.3428347933742174,0.3456347239172398,0.0
2403,MMM,0.10829018769897325,0.34914536544347335,0.34590715011753964,0.12936336871387338
2404,MMM,0.10961320652594797,0.3551682139650825,0.3474859818938283,0.07260833039627032
2405,MMM,0.1110272956362256,0.3598604481148798,0.3498092795850713,0.03259590912874608
2406,MMM,0.11230984053625981,0.3611616824524334,0.3519619377276355,0.03244442161701997
2407,MMM,0.11328123676046942,0.36360408750738094,0.3542359370966032,0.038228576117751725
2408,MMM,0.11442464947911757,0.3678381651411162,0.3570118462525822,0.0449481040151275
2409,MMM,0.11542639938280252,0.3669866890392812,0.3590401785664475,0.0820646696999591
2410,MMM,0.1161422946657299,0.36564017634120033,0.36035859357046346,0.0
2411,MMM,0.1167544761028031,0.3638471231910457,0.36100817682122505,0.0
2412,MMM,0.11721993180319445,0.36016989194581184,0.36069695580907574,0.0
2413,MMM,0.11815085130690928,0.36135132594201425,0.3607149295410196,0.0
2414,MMM,0.11906658803587633,0.36321642662227566,0.3611507367557037,0.0
2415,MMM,0.11992161531109646,0.3631528693466064,0.36148502146350575,0.0
2416,MMM,0.12053379569486211,0.36180104992218876,0.3614469993030149,0.0
2417,MMM,0.12140906348864933,0.36012161326051323,0.3610371049995748,0.0
2418,MMM,0.12232480929408229,0.35961130224953647,0.3605938823951574,0.0
2419,MMM,0.12301849844017465,0.35284961903619044,0.3587114703385361,0.06026428253896848
2420,MMM,0.12360032395376985,0.3472476402445204,0.3559397473627359,0.045292050329748056
2421,MMM,0.12428333478625642,0.34277428758573114,0.35271159400934804,0.019201366811719207
2422,MMM,0.12501693821185866,0.3399765598981772,0.3494969116596401,0.026315494291471182
2423,MMM,0.1252167831443014,0.33822736859452024,0.34652992781695335,0.02289220713053961
2424,MMM,0.12508270990333947,0.3331737377733566,0.34301444920302054,0.022879927550477637
2425,MMM,0.125059941181336,0.33106720255383376,0.3397260848184586,0.04687776917813597
2426,MMM,0.1249713992964715,0.3264074259564962,0.3360424949765071,0.0
2427,MMM,0.12474372445464432,0.3225396310991217,0.33222167675000736,0.0
2428,MMM,0.12445028168251493,0.3213353995634953,0.3288929204163975,0.0
2429,MMM,0.12451099200343108,0.32193545792839245,0.3263655013458952,0.0
2430,MMM,0.12446545840037637,0.3206849094137486,0.3240609987988673,0.0
2431,MMM,0.12446039675799014,0.3200715844970692,0.3220788131253843,0.0
2432,MMM,0.12463747255331115,0.32048275100201773,0.3205859695830366,0.0
2433,MMM,0.12456663981479199,0.3216919403404121,0.31966491674031117,0.0
2434,MMM,0.12449581312724989,0.3240308340142153,0.319456558439947,0.0
2435,MMM,0.124667777056779,0.32833783073906825,0.32026305787042847,0.05186717508851039
2436,MMM,0.12516865100111008,0.33561997355890577,0.32255369167222786,0.07674855611620497
2437,MMM,0.12520406800560424,0.3341923002934609,0.32406360925648753,0.042573186001987166
2438,MMM,0.12505987546411945,0.33154647883706023,0.32467370758089065,0.027121814024579232
2439,MMM,0.12542864843296742,0.330937798319452,0.32502425202826274,0.021184637064613616
2440,MMM,0.12568667086636065,0.3287856273519942,0.32481839448188066,0.033388060115628775
2441,MMM,0.12602058903976543,0.3283361019149057,0.3245521360680633,0.06104320936270751
2442,MMM,0.12624825957677144,0.3273007465531308,0.32410518594658033,0.0
2443,MMM,0.12631909099400318,0.3247817361310779,0.3231784436531951,0.0
2444,MMM,0.1266985435578577,0.323794293843528,0.3222139326114571,0.0
2445,MMM,0.12712352985329112,0.32564670861125156,0.3218608855658758,0.0
2446,MMM,0.1278520796041196,0.328592532151232,0.3222440705474918,0.0
2447,MMM,0.12851485765371673,0.3296961927822553,0.32279999581853336,0.0
2448,MMM,0.12890948423051585,0.3283815218039109,0.322947679973914,0.0
2449,MMM,0.12910680054440404,0.32592748705770125,0.3225113266601236,0.0
2450,MMM,0.12940024268129902,0.3236452600111805,0.32164656412496256,0.0
2451,MMM,0.1295773234683808,0.3204871717825021,0.32024116927874313,0.04515921833388532
2452,MMM,0.12983029245686661,0.32001032453134615,0.3190091075332756,0.033771915065450755
2453,MMM,0.13030081405275973,0.32371263823714164,0.3188600132490335,0.037330159534178856
2454,MMM,0.1308168641713099,0.3286480318490459,0.31985591311052985,0.034825125201535655
2455,MMM,0.13105976747158055,0.33093970999793304,0.32117044840467535,0.02656994135910156
2456,MMM,0.13100917492810193,0.3323184825636386,0.32253361675516423,0.038303080108320064
2457,MMM,0.13144427818846371,0.3334105404142379,0.32387090701875526,0.06060220713644326
2458,MMM,0.13192238482751195,0.33337705069351253,0.32493317207046685,0.0
2459,MMM,0.1323524301121195,0.3340909190608935,0.32594428601102066,0.0
2460,MMM,0.13285330987933452,0.3339755310513131,0.3267271047025747,0.0
2461,MMM,0.1334857289956246,0.3369874653082325,0.3280339202998517,0.0
2462,MMM,0.1341485046248312,0.339009699873973,0.32953630614376056,0.0
2463,MMM,0.13500353190005132,0.3415660470916609,0.3313158334388316,0.0
2464,MMM,0.1356511232071973,0.3413283107495224,0.3326857376355527,0.0
2465,MMM,0.13609634805492576,0.34060702728716424,0.3336186836183253,0.0
2466,MMM,0.13633919797186844,0.3384045518385075,0.3338673807672645,0.0
2467,MMM,0.13783676316398674,0.35372325186595877,0.3375276704635306,0.09910565693096691
2468,MMM,0.13944057438875834,0.36482662049666437,0.3429647603368512,0.06155493724721334
2469,MMM,0.14117593274585194,0.3736114379677143,0.3492994028642928,0.04736210415327278
2470,MMM,0.14318196524466353,0.3835519853561622,0.3566132300997694,0.04562938456279677
2471,MMM,0.14541313380595144,0.39258189480594685,0.3645046421967918,0.0637778954570867
2472,MMM,0.14764607511445105,0.40085839715872507,0.37268788632282895,0.06635660727010176
2473,MMM,0.14954333011886334,0.4055852579057802,0.3803025379356062,0.07721907656377205
2474,MMM,0.15128374988936333,0.408095345998695,0.3869614253799933,0.0
2475,MMM,0.15310005341314903,0.4086918911295202,0.3924233275002047,0.0
2476,MMM,0.1549416582706058,0.4082267412531862,0.3966877464044776,0.0
2477,MMM,0.15657076656706903,0.4038995871168935,0.39912154079565276,0.0
2478,MMM,0.1582757655261,0.3999275007849264,0.40017106480878806,0.0
2479,MMM,0.15992005200589565,0.3959087501620825,0.4001026285045351,0.0
2480,MMM,0.16156939347200217,0.39145496339829317,0.39904152549394695,0.0
2481,MMM,0.1629303550486978,0.38619292759642526,0.3970036614647718,0.0
2482,MMM,0.16430143385918838,0.38132000788218556,0.3942723112221555,0.0
2483,MMM,0.16498444944175117,0.367923474081199,0.3890602215073618,0.07357274972267631
2484,MMM,0.1660013784895975,0.35977287488737936,0.3830488836952194,0.044733093291157704
2485,MMM,0.16695759094336649,0.35175338608981777,0.37642777241295244,0.02778396676484427
2486,MMM,0.1681617136653133,0.34733362524382605,0.3701322177353527,0.024630948438161392
2487,MMM,0.16808582254183113,0.342082757634686,0.36390931587799275,0.021716791558261
2488,MMM,0.1679821075968737,0.33679587346248396,0.3577363981658094,0.030122754475109943
2489,MMM,0.16760265659599138,0.32902387905176167,0.35104194547872225,0.06702667089367596
2490,MMM,0.16697276757554502,0.32283599089013915,0.3442882010338022,0.0
2491,MMM,0.16609750000778334,0.316330923075376,0.33741535495528985,0.0
2492,MMM,0.16520022535374346,0.31298307110255325,0.33116061526812723,0.0
2493,MMM,0.16439072664402143,0.31088839767698584,0.32568352225285,0.0
2494,MMM,0.16366217689319296,0.31031768292401685,0.32117289217071354,0.0
2495,MMM,0.16291845492225843,0.3093927517660855,0.3173553955803227,0.0
2496,MMM,0.1621899051714304,0.3090891934141945,0.31423280787746194,0.0
2497,MMM,0.16165361311759252,0.3088317488350741,0.31167656690743845,0.0
2498,MMM,0.16117803717357693,0.3100200429190489,0.30990007474202685,0.0
2499,MMM,0.1609351887221051,0.3144744458890753,0.309485374211567,0.04404295727709758
2500,MMM,0.1609301301111168,0.32106680817201627,0.3106431889034804,0.0653997446083493
2501,MMM,0.1610819120404643,0.32755637652575187,0.31303578900381623,0.04215886824778067
2502,MMM,0.1610414408095766,0.32974550938961517,0.31544451390187395,0.03454718162974823
2503,MMM,0.16175227550933435,0.3334636315549269,0.31821162092787814,0.03811994906335732
2504,MMM,0.16206089510273514,0.33322898546191004,0.3203722871656001,0.05430290063753455
2505,MMM,0.16243528638761684,0.33267639508856395,0.3219759597742779,0.07601567771769836
2506,MMM,0.16249599941935888,0.32973407200269184,0.3225940661871302,0.0
2507,MMM,0.16277426629795433,0.3290248018097412,0.3229282883972638,0.0
2508,MMM,0.16310565557802859,0.3282223054076182,0.32301433834687365,0.0
2509,MMM,0.1634952191415171,0.32491269715851706,0.3223353568306003,0.0
2510,MMM,0.16372794819407854,0.31997285013821103,0.3206759900602171,0.0
2511,MMM,0.16408210583569782,0.31625510231953513,0.31850845412172707,0.0
2512,MMM,0.16439072684877365,0.3144255682367518,0.3163610335809913,0.0
2513,MMM,0.16476512258856912,0.31446651221116195,0.314652348631077,0.0
2514,MMM,0.1651648138332431,0.3158983784159173,0.31360893754258945,0.0
2515,MMM,0.1658174153920151,0.32017969542525937,0.3137415922906473,0.03225668572953398
2516,MMM,0.16644730318483392,0.32349980457458216,0.314597910292614,0.03236460434661712
2517,MMM,0.16711007913165754,0.3263984492182945,0.31593792701981516,0.021328922130341838
2518,MMM,0.16775261674837072,0.3295631221337506,0.3177250130604667,0.02411945669942599
2519,MMM,0.16811182888525011,0.3311973153593658,0.31952393550187574,0.021100923388998796
2520,MMM,0.16826361113221489,0.3323541868759081,0.32122447398941156,0.03052195890000939
2521,MMM,0.1682686708482155,0.33230953734119173,0.3225748160080693,0.05076260324735857
2522,MMM,0.16837466205968465,0.3308020464014551,0.3233144649886877,0.0
2523,MMM,0.16838730937750523,0.33024599872066357,0.3237805425968819,0.0
2524,MMM,0.16856439021038305,0.32910549096259345,0.32389570161685316,0.0
2525,MMM,0.16882747468059844,0.3291486746076813,0.3239975863795778,0.0
2526,MMM,0.16915127456985557,0.32760178523585265,0.3237295672952969,0.0
2527,MMM,0.1694750744591127,0.3280101031295947,0.32360741336727467,0.0
2528,MMM,0.16966732913061477,0.32616985379779034,0.3230938772742394,0.0
2529,MMM,0.169955718701589,0.3234773365087913,0.3220746615148506,0.0
2530,MMM,0.17049200833503608,0.32266487913429437,0.3210757103605079,0.0
2531,MMM,0.17172648743546604,0.3323668673022141,0.32246875907799744,0.063380225979695
2532,MMM,0.1724196177487045,0.33294612868336715,0.32371408487254827,0.04036758450623986
2533,MMM,0.1727282370516705,0.329036641428605,0.32382697856290105,0.029277470689882158
2534,MMM,0.17311274570478052,0.32831789859305754,0.3237548902070994,0.028260154710901493
2535,MMM,0.17319374732608472,0.3263314714768557,0.3232483770172066,0.02310438410526434
2536,MMM,0.17336829829505285,0.3260397699218073,0.3227772551334918,0.03145922146281678
2537,MMM,0.17336323857905223,0.323451434487497,0.32181551111929524,0.056065492667969015
2538,MMM,0.1732822885210552,0.32124026156631286,0.3205464910360292,0.0
2539,MMM,0.17325193342485923,0.3194978203600739,0.31913756222260437,0.0
2540,MMM,0.17314822013446607,0.31706904738782055,0.31746162654984383,0.0
2541,MMM,0.1731735129013361,0.3162770856088643,0.31594193054055486,0.0
2542,MMM,0.17331542949392653,0.31607337244932915,0.3146801437911577,0.0
2543,MMM,0.17363922938318344,0.3193681750513729,0.3144151904623443,0.0
2544,MMM,0.17408950679683222,0.32321944241859385,0.3150734396884677,0.0
2545,MMM,0.17436777308303464,0.32472357547730246,0.31593990497473784,0.0
2546,MMM,0.1748231091135808,0.32696281951356576,0.31713904487551414,0.0
2547,MMM,0.1745080565824837,0.3190715588691688,0.3163152895150179,0.06388569600128463
2548,MMM,0.17461076022981614,0.3169437393320386,0.3151754944420113,0.05025276452901612
2549,MMM,0.1746006388256336,0.31248007382963966,0.31325507226918964,0.02787724434416121
2550,MMM,0.17463099579650954,0.3109976153999413,0.3113837661094433,0.02606966654446123
2551,MMM,0.1738218059421932,0.3080224276146486,0.3092144635748845,0.025165700535283428
2552,MMM,0.17350812663279158,0.3061977335525412,0.30706672338262136,0.03376683793138667
2553,MMM,0.17349294748478927,0.30507762523047927,0.3050954375102814,0.0571518812847983
2554,MMM,0.17334116546384992,0.30481840143332595,0.3034598359820316,0.0
2555,MMM,0.1732197420624415,0.3039040388371765,0.30194475025075557,0.0
2556,MMM,0.17318685371550235,0.30600340303820167,0.3012070428339537,0.0
2557,MMM,0.17332851634344082,0.30807097331992417,0.3010840540838394,0.0
2558,MMM,0.17332345772654323,0.3075358731028992,0.30086475468493934,0.0
2559,MMM,0.1732880413572837,0.30681854038422884,0.30052723048024443,0.0
2560,MMM,0.17334116288568446,0.3066329957996783,0.3002152864490863,0.0
2561,MMM,0.1733512837500657,0.3070882437453267,0.30006859662846724,0.0
2562,MMM,0.17321467991541328,0.30581936221752426,0.299664535051207,0.0
2563,MMM,0.17263285494841507,0.30188150264647157,0.29845150798643605,0.07845589003636055
2564,MMM,0.17185118921345288,0.2973411346402742,0.29645516893042984,0.05472170516137907
2565,MMM,0.17127442506155877,0.29556388773753994,0.29445652042876636,0.03954697795402124
2566,MMM,0.17046239993148848,0.2921219472312582,0.292079879058525,0.04179012662726575
2567,MMM,0.1703423470897003,0.2903023907479028,0.28976742865768346,0.03678076639929062
2568,MMM,0.17009545049167385,0.2914033356506904,0.2881662319912519,0.04554472630410026
2569,MMM,0.1698728414537567,0.2901157909076199,0.28659434789649046,0.0758458889087645
2570,MMM,0.1694984501260337,0.2891555582340926,0.28511987155330654,0.0
2571,MMM,0.169270471142831,0.2889809064181763,0.28390082708341846,0.0
2572,MMM,0.169083274810496,0.2901641401201623,0.2831929487011174,0.0
2573,MMM,0.16889608013272506,0.2915834135846534,0.28294733747811196,0.0
2574,MMM,0.16863805436508983,0.29243103282451316,0.2829423720346085,0.0
2575,MMM,0.1684053253125284,0.2928951919228448,0.28304327860077455,0.0
2576,MMM,0.1679170998007804,0.29246133585717304,0.2830259720448147,0.0
2577,MMM,0.16755788112187275,0.29458629006386483,0.2834922701498316,0.0
2578,MMM,0.16725938036808063,0.2951383142935722,0.28399004109253956,0.0
2579,MMM,0.16634870050985495,0.28645589714760733,0.28242642505070353,0.12376942963121706
2580,MMM,0.16542284094816617,0.28003982798227944,0.27972579135609554,0.06433909588049608
2581,MMM,0.16426804824927,0.272566656089633,0.2758766862297982,0.039339051603164116
2582,MMM,0.16327894818513844,0.2679040616225625,0.27174386708360193,0.03253002445879817
2583,MMM,0.16299562717174143,0.2720671573335627,0.2693782827297456,0.051492529823734895
2584,MMM,0.16347373340158056,0.285355528038839,0.27048838480958065,0.07415862737909484
2585,MMM,0.1641921622918685,0.3011999295237395,0.2749565831556509,0.08858477249421295
2586,MMM,0.1650547856928679,0.3136099139275473,0.28133523589893694,0.0
2587,MMM,0.16591487297452367,0.323927968228779,0.2887695707611198,0.0
2588,MMM,0.16666618769208608,0.3325635555769885,0.29666829003485823,0.0
2589,MMM,0.16760722736644684,0.3394864303347282,0.30455152141091996,0.0
2590,MMM,0.16861403735250047,0.34535866035230794,0.31218496437179655,0.0
2591,MMM,0.16956013788480706,0.3490082164397631,0.31911635302181046,0.0
2592,MMM,0.17044046429549176,0.35154107055512446,0.3252337741853251,0.0
2593,MMM,0.17140174067849068,0.3545028390474023,0.33079693657082687,0.0
2594,MMM,0.17234783515982,0.3556197763983649,0.33549984370199476,0.0
2595,MMM,0.1740882482343582,0.3671982156232593,0.34187837194777054,0.12909333602539513
2596,MMM,0.17624353033153417,0.3806962074665209,0.35003112898466293,0.07578189340497997
2597,MMM,0.17854553702935672,0.3948779432178299,0.3597577641910359,0.05903762333450816
2598,MMM,0.18059962809200902,0.4001054546786147,0.3687202530403649,0.04697376243381277
2599,MMM,0.18317483425870318,0.401515512343267,0.3762088532495512,0.05329278710455177
2600,MMM,0.1858486956543537,0.4031390679245751,0.3825665834002628,0.06642438110621306
2601,MMM,0.1888400311464069,0.40520755003535824,0.38812015073620365,0.11799070648320502
2602,MMM,0.19172132622417415,0.40489879643595633,0.39249324028391447,0.0
2603,MMM,0.19405874392633216,0.40295319343840325,0.39555209381753553,0.0
2604,MMM,0.19573844933021145,0.40033957143006904,0.39740861651744214,0.0
2605,MMM,0.19718542023476338,0.399009150625725,0.3985932198690062,0.0
2606,MMM,0.19870828175608746,0.39795896073748027,0.39930360722913294,0.0
2607,MMM,0.20027162068395965,0.39736236331661323,0.39973711313735283,0.0
2608,MMM,0.20173883136843385,0.3952030680636804,0.39959601499399755,0.0
2609,MMM,0.20319086015123888,0.39273241422012606,0.39892488067838044,0.0
2610,MMM,0.2043747459326133,0.38671447601276404,0.39702819191832706,0.0
2611,MMM,0.20560416724047315,0.3812434096432833,0.394274627854368,0.2324144311041763
2612,MMM,0.20684623542001246,0.37644818775406885,0.39098827377118794,0.07259203633811116
2613,MMM,0.20807565352215462,0.3731996340063742,0.38762516457906787,0.057964104662166914
2614,MMM,0.20933037241432517,0.36960809540074213,0.38412315226565336,0.05031109253431051
2615,MMM,0.20928989930284825,0.3583854201721181,0.3787857264143474,0.0322485387004544
2616,MMM,0.20895598112944347,0.34982569891151005,0.3725816766469286,0.03158012809727317
2617,MMM,0.20866759578351646,0.34774383953473725,0.3671480309617534,0.13516499800161644
2618,MMM,0.2086271246929714,0.3443941229660129,0.36204423027508853,0.0
2619,MMM,0.20878396065961935,0.3426062390344044,0.35755720898243265,0.0
2620,MMM,0.20893321245619068,0.34228463534197073,0.3538949240885951,0.0
2621,MMM,0.20902428346631985,0.3426712624534703,0.35105245637914656,0.0
2622,MMM,0.20920135926164085,0.3430160005393438,0.34885637739578906,0.0
2623,MMM,0.20929242404735948,0.3410289983138981,0.3466505417552259,0.0
2624,MMM,0.2093379552300232,0.3384223302368956,0.34429688438912043,0.0
2625,MMM,0.20943408105302996,0.3385433257346364,0.3424412979953232,0.0
2626,MMM,0.20939866468377022,0.33739447922351584,0.34069724163341636,0.0
2627,MMM,0.20863976039220677,0.32682387985570027,0.3369135201363941,0.05636433514043884
2628,MMM,0.20813240693567847,0.3213350316781382,0.3326463120000884,0.04267992389021819
2629,MMM,0.207593585896918,0.3166370851818242,0.3281710224893971,0.029226817422126506
2630,MMM,0.20719166597365435,0.31174459360842055,0.3234853095083752,0.029599219302082983
2631,MMM,0.2067818566767674,0.3078941987440508,0.31886672438048685,0.025372682303058856
2632,MMM,0.20649094608936913,0.3069444836927029,0.3149572637167652,0.03687309939552587
2633,MMM,0.20584334860656273,0.3022814069878096,0.31077605117673607,0.051134414762888984
2634,MMM,0.2052261092336225,0.2988340433093295,0.3066521331846584,0.0
2635,MMM,0.20503891355809034,0.29482375738020256,0.3024468559134032,0.0
2636,MMM,0.20489219084098798,0.29323136439611225,0.2987228254477482,0.0
2637,MMM,0.20459875034979347,0.29510624588324114,0.2961672393234483,0.0
2638,MMM,0.20430530216192122,0.2954562859534222,0.29420186361638223,0.0
2639,MMM,0.20387525921586258,0.29512595761777877,0.2925549238170437,0.0
2640,MMM,0.203318732694435,0.29463654734076367,0.2911267874345813,0.0
2641,MMM,0.20285327035362788,0.2967672551573726,0.2904657217334891,0.0
2642,MMM,0.20245864135643798,0.30003807509732106,0.29067592624855787,0.0
2643,MMM,0.2019830661324531,0.2996488665661258,0.29075614637112757,0.05000788136508786
2644,MMM,0.2015884379069992,0.29995010840844555,0.29088838947355045,0.036862000544316
2645,MMM,0.20105215079912608,0.30071489646199345,0.2911669913961146,0.021944318008063197
2646,MMM,0.20057404328700001,0.30135288923591536,0.2915340303878394,0.02632340517478034
2647,MMM,0.20072157371057342,0.301748013341981,0.2919169417225369,0.024790346833196666
2648,MMM,0.20076346409651413,0.303590463305383,0.2926395809839229,0.025536331321961734
2649,MMM,0.20076599395451433,0.3042626605331258,0.2933695785031549,0.032752355701651074
2650,MMM,0.20076316401620709,0.3036401349533713,0.29381291394979026,0.0
2651,MMM,0.20083905426661142,0.3043794371235266,0.29433463109307406,0.0
2652,MMM,0.20077328170205244,0.3049927209453312,0.29489057915798245,0.0
2653,MMM,0.20093518365874918,0.3049080515680538,0.2953162061677811,0.0
2654,MMM,0.2009453039180329,0.30279678298744594,0.2951796567571106,0.0
2655,MMM,0.20102625025976084,0.30082454379855855,0.29462478055191227,0.0
2656,MMM,0.2010819041220988,0.30039041764694985,0.29408278675167926,0.0
2657,MMM,0.20100601276668195,0.30116626884647024,0.2938244989217372,0.0
2658,MMM,0.20102119466835178,0.30191887297402803,0.2937879230832998,0.0
2659,MMM,0.20086435810340153,0.2993131257282594,0.2931698816250226,0.05332265954451023
2660,MMM,0.20096048337685657,0.3006948889366822,0.2929876643232943,0.028458044866515653
2661,MMM,0.2008457349729127,0.301136830793677,0.2929417493132028,0.018028430770030034
2662,MMM,0.200511821503788,0.29982767458221815,0.29260920733106915,0.021419129814643282
2663,MMM,0.20028667799134126,0.297444209428875,0.29180461863710755,0.028329699640290956
2664,MMM,0.19921409668017476,0.28380744745347297,0.2880796574807348,0.042431498539733596
2665,MMM,0.19795431972656719,0.2710968488633158,0.2822276693066441,0.06765411020568887
2666,MMM,0.19668189165111927,0.2613296044939201,0.2753391241822241,0.0
2667,MMM,0.19542636661544943,0.25427592764130075,0.2682344767800023,0.0
2668,MMM,0.19418176908461993,0.2509833185805699,0.26180677842844796,0.0
2669,MMM,0.19311930738863903,0.2508970522924688,0.25664512747560075,0.0
2670,MMM,0.19213273792115237,0.25139898563501833,0.25262922090159184,0.0
2671,MMM,0.19104497796278475,0.2521338802062454,0.24958254851075068,0.0
2672,MMM,0.19009888348145543,0.2554121125679419,0.2478859425454113,0.0
2673,MMM,0.18922867733005422,0.2590908716056475,0.2473598905977588,0.0
2674,MMM,0.18843435950858134,0.26156077574768755,0.24749713544200333,0.0
2675,MMM,0.18800937559453823,0.26905221540215474,0.24929965717430358,0.04496368963597539
2676,MMM,0.18745284696649622,0.27446981798569026,0.251965807223365,0.0277028506927041
2677,MMM,0.18651686903202247,0.2745732133885089,0.2541220899378686,0.022502094317801438
2678,MMM,0.1856921936901217,0.2767307259184601,0.2563346161648002,0.019578137388428504
2679,MMM,0.18514072157827144,0.27951055603634495,0.2587327527736989,0.020460732205383064
2680,MMM,0.18456142564494615,0.2849303091111219,0.26187588063760137,0.020030828830328674
2681,MMM,0.18431190224180605,0.29354117933017343,0.26633604936168287,0.04990031696666035
2682,MMM,0.18415505968053858,0.3000749525757352,0.2713805209899818,0.0
2683,MMM,0.1841221761002214,0.30564732392109384,0.27667520168203935,0.0
2684,MMM,0.1849063755400453,0.3101067750007733,0.2819185800815608,0.0
2685,MMM,0.1856602192971899,0.3108302147068167,0.2862767473891362,0.0
2686,MMM,0.18652536985718204,0.3127641802078772,0.29020026979293717,0.0
2687,MMM,0.1874512268454327,0.31518029460712893,0.29388502007417483,0.0
2688,MMM,0.1882202479518318,0.31631796931733125,0.2970898832253219,0.0
2689,MMM,0.1889032580486285,0.31769955746807094,0.29996595005603016,0.0
2690,MMM,0.18979876031000553,0.32169966479939466,0.3031706464963708,0.0
2691,MMM,0.19131150496981153,0.33340634135497954,0.3083795820146256,0.050322073312635156
2692,MMM,0.1926285015130269,0.34149010762325577,0.3143732952571694,0.038568271808504674
2693,MMM,0.193984403190538,0.3485222445858916,0.32075721011492153,0.021998867681030824
2694,MMM,0.1953984894156695,0.35345170083767974,0.3269781757157026,0.016982423079943017
2695,MMM,0.1961219780219583,0.3517173380158071,0.33156306079827735,0.019032168367211395
2696,MMM,0.19702254283868648,0.35155587615744305,0.3351944858016466,0.024821636147777663
2697,MMM,0.19806477047037752,0.3484827079485532,0.3374052290622281,0.05260997160937475
2698,MMM,0.1989703957845923,0.3453102654719725,0.3384569954430977,0.0
2699,MMM,0.1998153082960452,0.34224425272994735,0.3386056286169119,0.0
2700,MMM,0.20046543751744128,0.33951872432343755,0.338108689254478,0.0
2701,MMM,0.2008701812851943,0.3375351137386245,0.33726293166773075,0.0
2702,MMM,0.20117879927278137,0.33386039041428317,0.3357560046620395,0.0
2703,MMM,0.2015683696530739,0.3322342204104269,0.33418302233311126,0.0
2704,MMM,0.20198323674844043,0.3311209744763101,0.33267309334011785,0.0
2705,MMM,0.20264600632666951,0.33086645482066096,0.33140764023813807,0.0
2706,MMM,0.20312664512326672,0.32914073431287266,0.3300053431298257,0.0
2707,MMM,0.204072744464878,0.33531409548910096,0.3302784052980764,0.034813199840129316
2708,MMM,0.20507702427915486,0.3400174000662912,0.3315595887177785,0.025581080945456823
2709,MMM,0.20621031816410373,0.3458103749061785,0.33389348523517903,0.030058286679784565
2710,MMM,0.2075004503542497,0.35524138263474525,0.33789158279134823,0.06434440916033059
2711,MMM,0.20815563741105714,0.36152955501008505,0.3425109028190477,0.038176269829603114
2712,MMM,0.20879154584193493,0.36476545516591696,0.34693752562847124,0.02355518638100113
2713,MMM,0.2092924207937772,0.3657581964355511,0.350703138412846,0.047339198013541785
2714,MMM,0.20981100456843849,0.36601864700316444,0.35377447866525147,0.0
2715,MMM,0.2106306175869228,0.3648880214427844,0.3559760807294178,0.0
2716,MMM,0.2113591594549351,0.36371682291256807,0.35747272459053875,0.0
2717,MMM,0.21222430640000045,0.36171292546686545,0.35821724967145574,0.0
2718,MMM,0.21310969142758251,0.35952360573387365,0.35831818269444604,0.0
2719,MMM,0.21396471870280243,0.35662164121144735,0.3577432166450749,0.0
2720,MMM,0.21488551404866718,0.3548231891453464,0.3568768751427967,0.0
2721,MMM,0.21578102236102148,0.35302148185379695,0.3557766977447652,0.0
2722,MMM,0.21667653067337578,0.3493127925271374,0.35405856011283,0.0
2723,MMM,0.21762515827101492,0.3482612171955327,0.35244644163874495,0.037435126329131714
2724,MMM,0.21866738434564326,0.34878514809575345,0.35127513149887074,0.02576787224986112
2725,MMM,0.21980573831296057,0.35101866867576464,0.35084275781700025,0.030557734984228417
2726,MMM,0.22104780624490594,0.35253027359502254,0.3508384130787417,0.03230497753958541
2727,MMM,0.22168528429571088,0.35212640473443785,0.3507436812286,0.030536954156431224
2728,MMM,0.2222696399450368,0.35070766802487324,0.3503473255479394,0.02874933067433196
2729,MMM,0.2227856940448818,0.35058287918796593,0.35000204438158267,0.04773238072129545
2730,MMM,0.22300324752536738,0.3509550733775485,0.3498099184678521,0.0
2731,MMM,0.22313731930085834,0.34897313203156277,0.3492083888123941,0.0
2732,MMM,0.2233194532063667,0.34657599139921125,0.3481855199412769,0.0
2733,MMM,0.22369890594749609,0.34625006319885987,0.34729357984186354,0.0
2734,MMM,0.2239113981120766,0.3432565255098494,0.3459036239089313,0.0
2735,MMM,0.22424025298764483,0.3415386282416798,0.34440349223346894,0.0
2736,MMM,0.2245084020400523,0.33928508966359217,0.3426941893027018,0.0
2737,MMM,0.22487267388997778,0.33811820770963563,0.34106308451848755,0.0
2738,MMM,0.22516611602687253,0.3358170938772198,0.33923825324930645,0.0
2739,MMM,0.2257783002574998,0.33776189889490993,0.33821782603122386,0.05083580843618958
2740,MMM,0.22632273861660068,0.33898436437580637,0.3376777060544536,0.032249129064880463
2741,MMM,0.22678566829994407,0.3385372443521044,0.33714458121074004,0.018805232281835255
2742,MMM,0.22735231393575606,0.3375725939832304,0.33650011406945185,0.016967782042176815
2743,MMM,0.22787848285107315,0.338212396623703,0.3361291067579137,0.01750005460870941
2744,MMM,0.22870310114596837,0.34454324937329195,0.33726278672179316,0.06837848735646027
2745,MMM,0.22918373723380792,0.3463411533708518,0.33857597551702573,0.07412072598294202
2746,MMM,0.2296416090388982,0.3472316553174922,0.33982773963644114,0.0
2747,MMM,0.23030438127624842,0.34939988724018795,0.34131907308426956,0.0
2748,MMM,0.23105316325361902,0.3512859932387017,0.3429383143216451,0.0
2749,MMM,0.23139720077334247,0.3478211955288744,0.34345082005050065,0.0
2750,MMM,0.23173111789639456,0.3454599526423026,0.3433272907505285,0.0
2751,MMM,0.2322117554827965,0.3435460331496594,0.34279600824224615,0.0
2752,MMM,0.23271769220466276,0.34163423907581375,0.341939003415642,0.0
2753,MMM,0.23317303428618597,0.34100452593739994,0.34111111292308477,0.0
2754,MMM,0.23374474270928336,0.33953556333037704,0.34011688155185665,0.0
2755,MMM,0.2340280682632767,0.33483459081443673,0.3382592897099283,0.04274876038229639
2756,MMM,0.23426585571646075,0.32965391888058815,0.3356026191625192,0.030188993363713487
2757,MMM,0.23433162727055357,0.32378632294535364,0.3321514719571626,0.024911725759193894
2758,MMM,0.23458459277263644,0.32070487520125557,0.32869428665102707,0.0201177304738442
2759,MMM,0.23458965248863728,0.3185828863219355,0.32544906508593413,0.027672505961204793
2760,MMM,0.2346371611906115,0.31745884348843606,0.3225989050940538,0.028130628755824685
2761,MMM,0.23478135386357524,0.3168333862344534,0.32017745210628445,0.05102626000003543
2762,MMM,0.23502420189992868,0.31741998816916084,0.3183728351690644,0.0
2763,MMM,0.23493060506184427,0.31458157364186357,0.31628778857039813,0.0
2764,MMM,0.23464227305049445,0.315607037454488,0.31485145964006195,0.0
2765,MMM,0.234490493679812,0.3155762490708868,0.3136954397163997,0.0
2766,MMM,0.23434883122826222,0.3155326543202232,0.3127607733394931,0.0
2767,MMM,0.23397443972415055,0.3139247293607772,0.3116497220667811,0.0
2768,MMM,0.23334202184730635,0.3094808470344874,0.3097567650354408,0.0
2769,MMM,0.23284114011175117,0.3034578555170797,0.30688147628374984,0.0
2770,MMM,0.23229978944101592,0.2990057072481125,0.303575261540786,0.0
2771,MMM,0.23246422094489105,0.3063108168332245,0.302580913451949,0.060646130249741866
2772,MMM,0.2324464657405052,0.3093802780451436,0.3024789941096755,0.0366709586160441
2773,MMM,0.23269300978490737,0.31688835233486534,0.3040939431664629,0.02532781460667856
2774,MMM,0.23311293407454148,0.3246070747808231,0.30712998387943174,0.022652401100675436
2775,MMM,0.2336087493103831,0.32838507911179443,0.31041247421300056,0.026449625089071234
2776,MMM,0.23401349889126966,0.32858840239429055,0.3130844083272796,0.03275448101358488
2777,MMM,0.23458520525059368,0.3293942809583067,0.31540404765251134,0.06168588007691268
2778,MMM,0.2349747748591502,0.3288121978643258,0.3171282347129158,0.0
2779,MMM,0.23523280173179772,0.3266311261889612,0.31801476100672565,0.0
2780,MMM,0.23560213105372174,0.3269977799569297,0.31880682917693015,0.0
2781,MMM,0.23594110317874417,0.3269873204355496,0.3194381203352776,0.0
2782,MMM,0.23604735228652296,0.3245345752494382,0.31938894400600115,0.0
2783,MMM,0.23627502030179626,0.3210105678687256,0.31855333697924176,0.0
2784,MMM,0.2362649030680013,0.3179460764412018,0.3171924151750854,0.0
2785,MMM,0.23631549528795337,0.3155726214208808,0.31556738445991883,0.0
2786,MMM,0.2362750172763075,0.31236100194095584,0.3135416794328992,0.0
2787,MMM,0.23550094073922878,0.29757230024196246,0.30857953903737406,0.06624231271721721
2788,MMM,0.23482804481085173,0.2844685410611486,0.30164897099614163,0.04974375232087015
2789,MMM,0.23450931265484476,0.2771283144938174,0.2944459580111088,0.029244528354908202
2790,MMM,0.23451113106654753,0.27663485769586116,0.28857204874974274,0.01990602579066032
2791,MMM,0.2338736530157428,0.27794152970298386,0.28416816999711225,0.020448334552435873
2792,MMM,0.23304144053031695,0.2737850807176351,0.2797058978906809,0.022444002458277473
2793,MMM,0.23179820460082512,0.2700229088361821,0.2752859998584216,0.05182325197521178
2794,MMM,0.23039474238325686,0.26710113168140115,0.27108989220782853,0.0
2795,MMM,0.2291602631424845,0.2656706522700713,0.26740978256837616,0.0
2796,MMM,0.22809780039615046,0.2650250905206683,0.26431982715770097,0.0
2797,MMM,0.22707075149734335,0.2664084722510652,0.2621604444066706,0.0
2798,MMM,0.22619042508665865,0.2691436466750678,0.26105096367013636,0.0
2799,MMM,0.2254770572375,0.27268467750498787,0.26096349157228144,0.0
2800,MMM,0.22442977831626654,0.27326306673908035,0.2610242036488458,0.0
2801,MMM,0.22356463380725144,0.2766960566700545,0.2618484734546201,0.0
2802,MMM,0.22266912912548342,0.27707002588396606,0.26259238939365015,0.0
2803,MMM,0.22229979962037572,0.2840011825985012,0.2647536494488505,0.04889787817121631
2804,MMM,0.22219861439898536,0.2934736113973464,0.2686229971199785,0.03316950720510264
2805,MMM,0.2218242251778768,0.2972035857601396,0.27256128042393934,0.02401508026889919
2806,MMM,0.22147513257050022,0.29935335803984814,0.27619765817666275,0.020406182532415437
2807,MMM,0.22207719260929948,0.30283176248586785,0.2798927221456213,0.020282560221599192
2808,MMM,0.22278550206758618,0.30553466439211996,0.2834595066586268,0.025769289124483653
2809,MMM,0.22298281252549934,0.30286098407138096,0.28570880368522367,0.0623186326687601
2810,MMM,0.22294051912763924,0.3022242465762721,0.2873643674889515,0.0
2811,MMM,0.22269514283909886,0.3001553041937759,0.2882213313160141,0.0
2812,MMM,0.22290763161477778,0.29980099845241986,0.2888268453369209,0.0
2813,MMM,0.22295822296756107,0.29635216830240696,0.28853197723748475,0.0
2814,MMM,0.223026018115551,0.29362758381707105,0.2876804501398583,0.0
2815,MMM,0.22306649310170812,0.29164952457040383,0.28655227671579653,0.0
2816,MMM,0.22310696808786523,0.290278891755703,0.28534003707621575,0.0
2817,MMM,0.22296025004490616,0.2880671833688946,0.2838704995016781,0.0
2818,MMM,0.22292483367564686,0.2893675618534329,0.2829886960476227,0.0
2819,MMM,0.22318488161750394,0.2958775636103973,0.2837542186542906,0.03723558315312459
2820,MMM,0.22355421162341282,0.30011690306714967,0.28532453533397084,0.026154442876042953
2821,MMM,0.22357444933956194,0.30100381570511175,0.28678119073984715,0.01511262086973668
2822,MMM,0.2237667044563192,0.30162313830405685,0.2880864539047916,0.011558981243531821
2823,MMM,0.22365539993736072,0.30402468511554037,0.2896733051802978,0.012991205341145036
2824,MMM,0.22321017724499725,0.30483381464781695,0.29112561280600735,0.01587041264702288
2825,MMM,0.2231241666895134,0.3069032444811113,0.2927550562642842,0.034323905803813635
2826,MMM,0.2229875655139819,0.30690118326375876,0.29405814528919644,0.0
2827,MMM,0.22274977595418344,0.3071269593318442,0.2951516316685543,0.0
2828,MMM,0.22261823055028995,0.30878724321633605,0.2964015696874304,0.0
2829,MMM,0.2226840014115341,0.3081469871230541,0.297256851241254,0.0
2830,MMM,0.22271941778079363,0.30859896737164966,0.2980432035371754,0.0
2831,MMM,0.22281554360380063,0.30819873254993924,0.29858185044247193,0.0
2832,MMM,0.22294202717916956,0.3095043850255429,0.2993077862552524,0.0
2833,MMM,0.22327594430222142,0.31028091627703835,0.30006399577664816,0.0
2834,MMM,0.22366551226212317,0.31152241446831813,0.30094948572146274,0.0
2835,MMM,0.223827412933578,0.30911626784832624,0.3011141975854998,0.036480979343739096
2836,MMM,0.22398931360503282,0.30721118773796924,0.30081550530822904,0.021251466317643217
2837,MMM,0.2241916843225893,0.30497999606882265,0.300072403284695,0.019935662084848357
2838,MMM,0.22444460513076026,0.3068120778438059,0.2998918891187896,0.02147297105029964
2839,MMM,0.2244855860604491,0.3104385123373173,0.3005668876349956,0.018651737531060548
2840,MMM,0.2245361786039275,0.31239335803020757,0.30154859298278397,0.023340057584146118
2841,MMM,0.22481443990132388,0.3146820313621474,0.30285109371350843,0.041347117161952905
2842,MMM,0.22490550605708037,0.3135044696151096,0.30362701870924924,0.0
2843,MMM,0.22488020577967105,0.3126599949065786,0.304056945692514,0.0
2844,MMM,0.2249307966257441,0.3119380625666442,0.3042377632875959,0.0
2845,MMM,0.22502186896100174,0.31331935372738656,0.30469452656717183,0.0
2846,MMM,0.22518376890563063,0.3137414648272247,0.30515531516971767,0.0
2847,MMM,0.22520906199011792,0.31222263033393904,0.30518075828842367,0.0
2848,MMM,0.22509776031641882,0.31045917348352736,0.30480265145340263,0.0
2849,MMM,0.2251180008349858,0.30904232147600136,0.3041800216420864,0.0
2850,MMM,0.2251180008349858,0.3085794720404222,0.30357733479649396,0.0
2851,MMM,0.22492574355311357,0.3046493846726459,0.30220716368276873,0.03098090820482576
2852,MMM,0.22469048614702314,0.3026007047102229,0.30064811796453156,0.020358126868134433
2853,MMM,0.22478155404302647,0.3056030361299655,0.3000792722279652,0.02737330927007933
2854,MMM,0.224710724101016,0.30627263022235546,0.29977549355821725,0.01707782597119376
2855,MMM,0.22509017048536917,0.3100671939243544,0.30038987005300966,0.034393568806088314
2856,MMM,0.2255055426999395,0.31353509114720074,0.30166495885936373,0.0381363611944017
2857,MMM,0.22601147736778282,0.3167666429282845,0.30341521415608214,0.04709537750558042
2858,MMM,0.22637579858576373,0.3206720816420161,0.30569787055194786,0.0
2859,MMM,0.22634291513603877,0.31995264062944556,0.3073614346041901,0.0
2860,MMM,0.22646433720640946,0.3206521493413352,0.30885034311379345,0.0
2861,MMM,0.22657564062035584,0.32171511154785926,0.31028165120770235,0.0
2862,MMM,0.22688931722484074,0.32245844107857546,0.3115946564697755,0.0
2863,MMM,0.22718781797863286,0.32279482825311884,0.3127210689361303,0.0
2864,MMM,0.22750150063409502,0.3231047348255855,0.3136922237499169,0.0
2865,MMM,0.2277747046728138,0.32457486197759094,0.3148013297125185,0.0
2866,MMM,0.2280833226604011,0.32545652331329894,0.3158878299884066,0.0
2867,MMM,0.22803779208578967,0.3189819247040963,0.3152940643461616,0.04215839595623983
2868,MMM,0.22808838380494056,0.314665288711255,0.31384368772387006,0.02440472079009652
2869,MMM,0.2282199263635747,0.3123847147428036,0.31216808006263586,0.01768106034173835
2870,MMM,0.22828569645515118,0.3102446123660816,0.3103440277839379,0.015051695260967644
2871,MMM,0.22878657140699366,0.3113484125163678,0.30913419477175863,0.020915194740561402
2872,MMM,0.22899147605543724,0.3088363442996125,0.3075987147895994,0.027662587838847043
2873,MMM,0.22876380730151946,0.3050746534646833,0.3055203591514715,0.047694243179372195
2874,MMM,0.22851423195245402,0.3001302590925626,0.3027404655881763,0.0
2875,MMM,0.22823091066428125,0.2991025882481311,0.3002843436997755,0.0
2876,MMM,0.2279167221627889,0.2984656499845038,0.2981755270069187,0.0
2877,MMM,0.22769411298068842,0.29999298713458034,0.2968335826310662,0.0
2878,MMM,0.2271881786792127,0.29860843145788174,0.29544718029421246,0.0
2879,MMM,0.22698074271113877,0.29836381359658337,0.2942827858739276,0.0
2880,MMM,0.22657094028364733,0.2967201044412661,0.29297986655995223,0.0
2881,MMM,0.2262218473099027,0.29710831201422083,0.2920252484270573,0.0
2882,MMM,0.22586769571926069,0.29752938354601843,0.2913566970043615,0.0
2883,MMM,0.22510373510650727,0.2919005882207306,0.2895500032144043,0.049471003956032024
2884,MMM,0.2242917090546086,0.2871856415493996,0.28703928391166983,0.031013142102488445
2885,MMM,0.22339620404931426,0.2839066930145659,0.284289814699476,0.026975994011343263
2886,MMM,0.22269295572374892,0.2843443424729825,0.28218912827346093,0.016868955037254947
2887,MMM,0.22272584387775418,0.288762374700478,0.28150685419499427,0.02169778182374198
2888,MMM,0.22280173500123635,0.2939535020156333,0.2821339944484345,0.028199937539443724
2889,MMM,0.2229383381001988,0.30024646897648904,0.28405763199299133,0.05956139465330554
2890,MMM,0.22301422743468358,0.3040734228396911,0.28646126016776785,0.0
2891,MMM,0.222902923053113,0.307183362057106,0.2890868680312021,0.0
2892,MMM,0.22303952491853885,0.3099181671152788,0.2918052963263014,0.0
2893,MMM,0.2234189756933962,0.3138085881691641,0.29485909781033287,0.0
2894,MMM,0.2239164567797931,0.3164870602631278,0.29790735230495563,0.0
2895,MMM,0.22418460583220012,0.3178894705359484,0.3006628370663957,0.0
2896,MMM,0.2244274557491428,0.3185721406519647,0.3030214773837993,0.0
2897,MMM,0.22444769021673294,0.3176466620737831,0.30469927342087255,0.0
2898,MMM,0.2249030286676703,0.3205061408981363,0.3066876228759419,0.0
2899,MMM,0.22504216299851199,0.318710015440582,0.30787245948530795,0.04721404075521779
2900,MMM,0.22508769545371266,0.3142491827133685,0.3078123827371976,0.019999185297092045
2901,MMM,0.22497133259263258,0.30986144370876906,0.30677289117187806,0.018032327175242006
2902,MMM,0.22491568170703236,0.30728374878501097,0.30535885568556465,0.01664768645036895
2903,MMM,0.22526477902843944,0.3051170690711558,0.30373805587307107,0.017907051844032802
2904,MMM,0.2255455748003654,0.30196452480688585,0.30172908388969466,0.022708839939806442
2905,MMM,0.22582889581376242,0.29977821261316767,0.2996278988288272,0.05790247061608661
2906,MMM,0.2257226504671621,0.2951904648995475,0.29691032770927,0.0
2907,MMM,0.22543173351707857,0.2928452920915079,0.2942063680400351,0.0
2908,MMM,0.22508769989296717,0.2919138193173081,0.29183272967114876,0.0
2909,MMM,0.2244906957292161,0.28973136818285267,0.28944068392628713,0.0
2910,MMM,0.22394428946707223,0.2877782736235892,0.2870857364724143,0.0
2911,MMM,0.22322585997552746,0.2840281445013667,0.28435441928002136,0.0
2912,MMM,0.22269462653858718,0.28439139542757147,0.2822514437732387,0.0
2913,MMM,0.22196607678775893,0.2838273072932714,0.2804416050134048,0.0
2914,MMM,0.22132354167711954,0.28461611064169035,0.27917196781445397,0.0
2915,MMM,0.2206632926086034,0.2846420020848324,0.27816210834806754,0.05207533758513793
2916,MMM,0.22000051995318026,0.2845881635599589,0.2773420557082483,0.03366529525010494
2917,MMM,0.21930486432549245,0.28299174893540135,0.27632529623925345,0.03760149102439445
2918,MMM,0.2184852504554986,0.28390659502845356,0.27571860242112217,0.031105002807182848
2919,MMM,0.21768283766604468,0.28125569158772157,0.2746342633254644,0.02901050789641938
2920,MMM,0.2172350851156808,0.2817417840087242,0.2738766269068331,0.038224325493884125
2921,MMM,0.2169618789177561,0.28415445703983255,0.2738156725368841,0.058613977822369975
2922,MMM,0.21645594466503137,0.28379213506013595,0.2736850406936051,0.0
2923,MMM,0.2161321470227313,0.28629408770165254,0.2741458631298222,0.0
2924,MMM,0.21604613527655214,0.29049336515907714,0.27546336747686584,0.0
2925,MMM,0.21557561853207696,0.28857123706430515,0.2760830571141211,0.0
2926,MMM,0.21529229362897717,0.2870573905248625,0.27623674811211385,0.0
2927,MMM,0.21484201318983986,0.28477014564519587,0.2758428872234918,0.0
2928,MMM,0.21443220471137092,0.284568314346446,0.27548219378588157,0.0
2929,MMM,0.21407299208344077,0.28378160528498,0.2750158784408173,0.0
2930,MMM,0.21348104616726493,0.2795842255073245,0.27369440855632277,0.0
2931,MMM,0.21343551380365589,0.2821648789990203,0.2732203433850594,0.044668743568717535
2932,MMM,0.21302318068792725,0.28214193165924495,0.2728359061892113,0.037252703721480235
2933,MMM,0.21231993260020565,0.27704390180141,0.2713764327225843,0.029396015866634317
2934,MMM,0.21137636403842341,0.27084113211790495,0.2688073091045035,0.022806250070105775
2935,MMM,0.21043785596821873,0.26562032609845787,0.2655723446516663,0.03167942739373588
2936,MMM,0.2096435359544484,0.2637825224882684,0.26256911276102624,0.029716229531327396
2937,MMM,0.2090187025771162,0.2635056375019057,0.2601039637897635,0.05600433091342955
2938,MMM,0.20825474547203893,0.2636405500095725,0.25816232872537803,0.0
2939,MMM,0.2077037803969144,0.26372628186470476,0.25662839218784245,0.0
2940,MMM,0.20703847863188574,0.26488312227723976,0.2556626364641265,0.0
2941,MMM,0.20628463689567322,0.26671781378242587,0.255304589018831,0.0
2942,MMM,0.2057736439772999,0.26965500632294304,0.2556818234659458,0.0
2943,MMM,0.20507545197883403,0.27216384513409064,0.2565504948967398,0.0
2944,MMM,0.20432667078590416,0.27578926735526893,0.2580646131626333,0.0
2945,MMM,0.2040207787635231,0.28006596508996745,0.26024224764746773,0.0
2946,MMM,0.20368180060318242,0.2830215205459614,0.26265217682539416,0.0
2947,MMM,0.20330234937922942,0.2836896886916161,0.2647310958879008,0.04465504711403302
2948,MMM,0.20271546368871896,0.2827802471412112,0.26618873856255104,0.030604609919657307
2949,MMM,0.20203751224191135,0.28012694141400685,0.2667553258532451,0.030247085223237453
2950,MMM,0.20149110542726123,0.2764336880224493,0.2663740877940812,0.019848170076906774
2951,MMM,0.2009219289259374,0.27911202386705397,0.2666742798679674,0.021911729891744877
2952,MMM,0.2007929154009762,0.28564136531880935,0.2683897687915544,0.032455402395344626
2953,MMM,0.20090422453646384,0.2891536907174749,0.2705557862952362,0.05771886727958302
2954,MMM,0.20119514075381195,0.2921871382298798,0.27297402196299453,0.0
2955,MMM,0.2016454224294404,0.2962914425221183,0.27583599726403374,0.0
2956,MMM,0.20187309571420453,0.2981526487743314,0.27854612576974697,0.0
2957,MMM,0.2021007697745456,0.30038217743628703,0.2812180010117758,0.0
2958,MMM,0.20231831813563295,0.3019123880919357,0.2837012594658666,0.0
2959,MMM,0.20254599220188307,0.3028033268197899,0.2858891780051284,0.0
2960,MMM,0.20293555653119877,0.3065146678279025,0.28847810770988463,0.0
2961,MMM,0.2033453650096675,0.31017255059927634,0.2913757672082104,0.0
2962,MMM,0.20353761665568082,0.31085941898054625,0.2938490959328085,0.0
2963,MMM,0.20348196526927964,0.30750801745611206,0.2950704940503324,0.0654239495498176
2964,MMM,0.2035629159226242,0.3081382175341897,0.2961900092019218,0.03746181080118947
2965,MMM,0.2037069063546766,0.3106220521856173,0.29764685538936375,0.021325261870900288
2966,MMM,0.20405094404783397,0.31475204498789705,0.29974552354524,0.02764098050085337
2967,MMM,0.20495150886456215,0.32412249450858843,0.3035417550016509,0.03571704777642191
2968,MMM,0.20612983177700395,0.33363478019120346,0.3087280856432029,0.06620523783126087
2969,MMM,0.20720747280417107,0.3370938143651341,0.3136587351195747,0.05971642435158799
2970,MMM,0.2082598139202969,0.3371700189810587,0.31762047349034955,0.0
2971,MMM,0.20894535552374882,0.3367420531792495,0.32069316331076847,0.0
2972,MMM,0.20944116856138395,0.33740460528979194,0.3233010219178472,0.0
2973,MMM,0.2103872651552372,0.34231961136857647,0.32649787743385894,0.0
2974,MMM,0.2112271105287875,0.34429135675665756,0.3295008869467267,0.0
2975,MMM,0.21209225806329113,0.3473403129524729,0.3325922204814456,0.0
2976,MMM,0.2130687102969826,0.34942166331672403,0.335535578166699,0.0
2977,MMM,0.21396927420074574,0.3501289226936707,0.33805007288176137,0.0
2978,MMM,0.21489513421448492,0.35026971928327744,0.34009348230229325,0.0
2979,MMM,0.2162206829452562,0.3553697061794059,0.3428805757506304,0.10284502520560918
2980,MMM,0.21709342070376803,0.35515364087835005,0.34506142954313795,0.06512380827561046
2981,MMM,0.21789785580187737,0.35418072319947363,0.34658627727343283,0.06355084129882535
2982,MMM,0.21851003710451722,0.3479246771388916,0.3463925725661054,0.0422656061360117
2983,MMM,0.21919810769880055,0.3398217728427456,0.3444067196453223,0.055154914577219376
2984,MMM,0.21982040660160318,0.33539859123921906,0.3418185987207324,0.07874599511532475
2985,MMM,0.22041235182493035,0.33316839453357955,0.33924417859600475,0.09746314502479236
2986,MMM,0.22090310935979396,0.3318674258918535,0.3368906825418688,0.0
2987,MMM,0.22103465113694187,0.3315313469235765,0.3349319470825125,0.0
2988,MMM,0.2209795059688482,0.33062255493374865,0.3331596129109252,0.0
2989,MMM,0.2212780047563685,0.33112617614492573,0.33185554114374144,0.0
2990,MMM,0.221606863262523,0.3293991515748559,0.3304220544442891,0.0
2991,MMM,0.2218699476470558,0.32668447430646685,0.32866187104869404,0.0
2992,MMM,0.2190721301127594,0.28087945190729957,0.3169038651105753,0.0
2993,MMM,0.21503477293475015,0.23189404221156223,0.2964289777415762,0.0
2994,MMM,0.21124026930426965,0.19644823823956328,0.27203992251923054,0.0
2995,MMM,0.2054574386390322,0.14277080370336137,0.2404000107470613,0.8653760119584218
2996,MMM,0.1987209199283051,0.0887842259720101,0.2028895613830086,0.5685727762890755
2997,MMM,0.1921083514574078,0.05034762993299424,0.16419627309735996,0.5088090047105178
2998,MMM,0.18567286793807058,0.02582778373178124,0.12770126844375385,0.32843567005476815
2999,MMM,0.17876685879870413,0.008418830699820468,0.09457163029303689,0.22695509511066086
3000,MMM,0.1722352455607481,0.0,0.06616564556779944,0.3036740149326778
3001,MMM,0.16594142050871175,0.00012733713849710782,0.04346963021011041,0.3130053150509278
3002,MMM,0.15981961272669087,0.0012852633802911129,0.025574456778475585,0.0
3003,MMM,0.15395077168324378,0.0066430313710626465,0.01246893079007172,0.0
3004,MMM,0.14796556668847693,0.014860099223347967,0.003841194944172177,0.0
3005,MMM,0.14213213660741086,0.028407035802915648,0.0,0.0
3006,MMM,0.13635436349601293,0.04375456919512999,0.0003948910555124363,0.0
3007,MMM,0.13046022767362775,0.05804277390479348,0.003939290636296444,0.0
3008,MMM,0.12453067548198282,0.07119018021588988,0.009745528299132944,0.0
3009,MMM,0.11858594441415682,0.08544087207505793,0.01761052896161136,0.0
3010,MMM,0.11271963461529388,0.09843172642080511,0.0268378738404223,0.0
3011,MMM,0.10656797709412447,0.10570472497367792,0.035863117810960854,0.26139955333027526
3012,MMM,0.10337300179399089,0.11350863871336986,0.0448466438265252,0.10126450156417055
3013,MMM,0.1009647527233517,0.11994416738045902,0.05348760246562759,0.06759554605462406
3014,MMM,0.09829341664510483,0.12534531942511548,0.061620784963867,0.061032818948808916
3015,MMM,0.09718289208046171,0.1273203495515306,0.06857359826451906,0.12488946902033157
3016,MMM,0.09672082367305579,0.12660115376149822,0.07397334324977076,0.13213867188076528
3017,MMM,0.09570389923789746,0.12134801318930566,0.0771061675360506,0.2534995327265568
3018,MMM,0.09448965515076824,0.11913007339740406,0.07911127308705171,0.0
3019,MMM,0.0933462425207574,0.11916733666770774,0.08072377733820482,0.0
3020,MMM,0.09206875582250251,0.12119317804423346,0.08247152908099478,0.0
3021,MMM,0.09078368051787133,0.12801149883972202,0.08541036197511634,0.0
3022,MMM,0.08977687053181771,0.13702617487425153,0.08979833653757105,0.0
3023,MMM,0.08879535907613112,0.14736280803864965,0.09564432683618782,0.0
3024,MMM,0.08765194586052283,0.15550792081025508,0.10216154543260772,0.0
3025,MMM,0.08620497569461538,0.16295366665538746,0.1090577214365391,0.0
3026,MMM,0.08489460633787194,0.17398666874677807,0.11706762070705218,0.0
3027,MMM,0.08414329615115612,0.19159120753920525,0.12745336806939722,0.22199154716214772
3028,MMM,0.08363230148662715,0.2093315326151127,0.13977047545156765,0.08005011013248368
3029,MMM,0.08298976381436796,0.22368151736615632,0.15286660758321655,0.05781391595217812
3030,MMM,0.08246611985599606,0.23691456173503772,0.16633358160676803,0.06588160005289666
3031,MMM,0.08260221975327597,0.2524532828489266,0.18061820759710995,0.06757960621512053
3032,MMM,0.08264522272275332,0.26369854138858806,0.1945868271947979,0.07538528658355517
3033,MMM,0.08285771694519795,0.2735989038392667,0.2079987561116794,0.09054997759567003
3034,MMM,0.08313092310323589,0.2808520244009843,0.2203671757875251,0.0
3035,MMM,0.0836950379222865,0.2867627781300132,0.23159747400115793,0.0
3036,MMM,0.08457956048028181,0.29199869019082464,0.24176479141119353,0.0
3037,MMM,0.0859759357730252,0.29701637316395213,0.25103241429447193,0.0
3038,MMM,0.08747856040636848,0.3023982177895425,0.2596625655863373,0.0
3039,MMM,0.08901660322426441,0.3068194815182294,0.2675656918549956,0.0
3040,MMM,0.09054452941346325,0.30999355705865866,0.27460539009593865,0.0
3041,MMM,0.09192066986633973,0.31333881824394927,0.2809930261124756,0.0
3042,MMM,0.09327151662963118,0.31715031782275993,0.2869643610969374,0.0
3043,MMM,0.09456164749848939,0.3204692272393646,0.29249135220280376,0.08790242929057679
3044,MMM,0.09585177816466361,0.32114339770761197,0.29706527706054864,0.04742302976204181
3045,MMM,0.09730887001543875,0.32329142386288756,0.3012097735113101,0.049180662731297405
3046,MMM,0.09838145133044629,0.32271998328018603,0.304396250997379,0.04279386422444711
3047,MMM,0.09878366643680303,0.3197281928135244,0.3062694239259009,0.039787138202541046
3048,MMM,0.09908216659820235,0.31835386678387256,0.3074574268691812,0.05145876097856446
3049,MMM,0.0993907908081324,0.31663371214576497,0.3080191522313848,0.06181481566756343
3050,MMM,0.09961846574155164,0.3150323650612501,0.3081067006515923,0.0
3051,MMM,0.09955775313083715,0.31383845288949785,0.3079069693439199,0.0
3052,MMM,0.09956281495345243,0.31223703888083165,0.3073853373064014,0.0
3053,MMM,0.09960834902037596,0.31211143525707896,0.30693965094965664,0.0
3054,MMM,0.09967917570791829,0.31144067541690373,0.30643154053858684,0.0
3055,MMM,0.09977024291402736,0.31109085447565255,0.30594600853056453,0.0
3056,MMM,0.09980060127148727,0.31025615374647436,0.30536897838720506,0.0
3057,MMM,0.09996250424160436,0.3122345071397956,0.30535437248229147,0.0
3058,MMM,0.09992202925544724,0.3121002595517157,0.30531235388742906,0.0
3059,MMM,0.10005863231540923,0.31468044195564954,0.3058617433033864,0.10006145693675249
3060,MMM,0.10012946170786796,0.31536001595236285,0.3064548077617546,0.04406987789492576
3061,MMM,0.0998906630087647,0.31215890800310303,0.3062059540031204,0.040504194834429345
3062,MMM,0.09955674488795141,0.3094630363067882,0.30539772616721766,0.029093513134722936
3063,MMM,0.09916211935559571,0.3068828421824939,0.30416813695837797,0.038485030424430695
3064,MMM,0.09911658652811817,0.308198361067807,0.3034817132413073,0.04568121855940454
3065,MMM,0.09906599398463956,0.3109223504267302,0.3035480724141296,0.06108618789292443
3066,MMM,0.09912670381066369,0.3125718243753836,0.30397386611217386,0.0
3067,MMM,0.09936449116634627,0.31402691556086265,0.3046432857351625,0.0
3068,MMM,0.09953650765783051,0.31523915114369977,0.30545273173789717,0.0
3069,MMM,0.09969334471974067,0.3153588775012079,0.3061273412709957,0.0
3070,MMM,0.10001207994112282,0.3175826391603516,0.3071694982536525,0.0
3071,MMM,0.10017397988575161,0.3170615514707296,0.3078854816371277,0.0
3072,MMM,0.10034599403868649,0.3160985513130443,0.3082406739505331,0.0
3073,MMM,0.10043705821930704,0.3152445713259781,0.308331867025751,0.0
3074,MMM,0.1005129495747239,0.3137454149070483,0.3080660800756072,0.0
3075,MMM,0.0999614824945213,0.3035400763578766,0.30554750649973184,0.07535907440303825
3076,MMM,0.09951119984447265,0.2965505109823184,0.3019533226246896,0.0376573394990994
3077,MMM,0.09911150883173325,0.2946031811709819,0.29863796723845076,0.037663006997589545
3078,MMM,0.09871136398832125,0.29158754168214013,0.29530428507092915,0.02707293185010175
3079,MMM,0.09833191298743882,0.2924468023802762,0.29283149331380326,0.02907580220194124
3080,MMM,0.09817001592500174,0.2952149480457341,0.29147873537873586,0.04113682935339156
3081,MMM,0.09812549411741844,0.29559732743610123,0.2904829294438303,0.05526354163161378
3082,MMM,0.09803442851416788,0.2952166853517696,0.28960027683518846,0.0
3083,MMM,0.09797877218180207,0.2951309179741848,0.2888747752078378,0.0
3084,MMM,0.09763473461628269,0.2943147617784927,0.2881099595931626,0.0
3085,MMM,0.09730081639117272,0.29567493071857964,0.28780544364030397,0.0
3086,MMM,0.09703267338974253,0.297392142252203,0.28794984286220304,0.0
3087,MMM,0.09692137171604331,0.3013683732053854,0.2889638102360914,0.0
3088,MMM,0.09669876292276536,0.3030713449200965,0.2901597785656492,0.0
3089,MMM,0.09658745882867514,0.305342952909296,0.2916298336877151,0.0
3090,MMM,0.09626872360729288,0.306331434483576,0.2930292298240992,0.0
3091,MMM,0.095906979365456,0.3043413965806925,0.2936990883538023,0.06727816613917606
3092,MMM,0.09546681662398249,0.3012249596134413,0.2935308016569607,0.03957295398876773
3093,MMM,0.09500135991903425,0.2984831835348408,0.29277665516043894,0.03260346579339961
3094,MMM,0.09459155515003892,0.29651036015641896,0.29172756928619975,0.022940853159246672
3095,MMM,0.09459661486603976,0.2922010961793038,0.28991460221977405,0.03896110029760271
3096,MMM,0.09426269669263498,0.2849998705248226,0.2868370779215,0.06148893450438021
3097,MMM,0.09364039778983257,0.2787984255195297,0.2829738129553443,0.11158666933511388
3098,MMM,0.09313998175496985,0.27441343009876096,0.2788923907411976,0.0
3099,MMM,0.09252273775279574,0.27268598990039833,0.27523692977101666,0.0
3100,MMM,0.09175877814755373,0.27150580247011513,0.27204589212061314,0.0
3101,MMM,0.0913439090761653,0.27417323900577306,0.270095781771632,0.0
3102,MMM,0.09106564339506074,0.2778259696128889,0.2693610450713369,0.0
3103,MMM,0.09074690817367836,0.2805062403919939,0.26937887543982564,0.0
3104,MMM,0.09039275355754783,0.28150557412200683,0.26961894386873403,0.0
3105,MMM,0.08993741450151294,0.28295346298029567,0.2701381558768716,0.0
3106,MMM,0.08933489147727858,0.28273061125566057,0.27050317109304495,0.0
3107,MMM,0.08884413394241497,0.28698941270728073,0.2717574793891702,0.08219454987369154
3108,MMM,0.08824459890340208,0.28748587786442514,0.27287310465225073,0.038830511686558995
3109,MMM,0.0878853820096509,0.2925064385198372,0.27490002404374747,0.04976394278424129
3110,MMM,0.08773359819971416,0.2988303404553314,0.2779504748010739,0.03166856468829644
3111,MMM,0.08770576976170985,0.30291981412233504,0.2813148711245744,0.022662083077262765
3112,MMM,0.08786514158267589,0.3073220553004009,0.2850010951841845,0.03519174151011678
3113,MMM,0.08815858202807436,0.3123633439140741,0.2890891771921004,0.06574782347395224
3114,MMM,0.08844696486408699,0.3162561760688354,0.2932392464459143,0.0
3115,MMM,0.0889731377606987,0.3197971029715338,0.2973593908574957,0.0
3116,MMM,0.0897775724466443,0.32250367120920287,0.30126706814934495,0.0
3117,MMM,0.09059212881450318,0.32378546103928657,0.30468283639491284,0.0
3118,MMM,0.09138138196810153,0.32438046063609055,0.3075498939354222,0.0
3119,MMM,0.09211498791543626,0.3251710077005262,0.31002216777754216,0.0
3120,MMM,0.09291942055031344,0.326401899320421,0.3122781125744829,0.0
3121,MMM,0.09345065156686272,0.3263349637017173,0.3140677439956678,0.0
3122,MMM,0.09359737203021246,0.3216243473976222,0.3144350633285942,0.0
3123,MMM,0.09348606316359132,0.3134772321604454,0.31288803997093956,0.07299584560553385
3124,MMM,0.09357713559044123,0.3085793072457652,0.3105437122234524,0.03947920411790995
3125,MMM,0.09361761030182247,0.3043579007180523,0.3077144034603762,0.028154951770178214
3126,MMM,0.0937521405806524,0.30082569646294555,0.3046528383644385,0.04649781063352597
3127,MMM,0.09358518380221459,0.29787378609261017,0.3015365883217965,0.0608228853589032
3128,MMM,0.09376984958665513,0.2977421370666147,0.299013841574018,0.06456862956934686
3129,MMM,0.09349158828925885,0.29537962800882694,0.2964618241954255,0.07026446555194056
3130,MMM,0.09312731451294798,0.29462769803025035,0.29425030819415315,0.0
3131,MMM,0.09280351571304413,0.2938135981207808,0.292297145707838,0.0
3132,MMM,0.09240129593165758,0.2933302374528849,0.29062539811329263,0.0
3133,MMM,0.09185994736753689,0.29266733522737376,0.2891382141767967,0.0
3134,MMM,0.09121740620592034,0.2908347624413334,0.28753438862843134,0.0
3135,MMM,0.0906305219321305,0.2909941109992723,0.2862873337423063,0.0
3136,MMM,0.08992727676264634,0.28967680838703647,0.2849920391419574,0.0
3137,MMM,0.08926450113343976,0.2887722846207407,0.2837514220826625,0.0
3138,MMM,0.08856631155536443,0.28753515372887095,0.28247939291927343,0.0
3139,MMM,0.08712693082311596,0.2764642061884192,0.2789602371693585,0.1398554433666358
3140,MMM,0.0854712588734653,0.2657919475285339,0.2737334657690256,0.06488164078804205
3141,MMM,0.08391171911925677,0.2584966095392288,0.267903632881038,0.044771230833080954
3142,MMM,0.08271265592421762,0.2541707058072182,0.2622623083731054,0.040646944952649824
3143,MMM,0.08181968068149081,0.25157273402371294,0.2571622248813268,0.03842221564949828
3144,MMM,0.08087864275328571,0.2510245849624037,0.2529583012416484,0.05524559455306166
3145,MMM,0.07972005088663536,0.247683519409873,0.24884023292898474,0.07418023471708851
3146,MMM,0.07865000020904589,0.2467825385419619,0.24534219743431215,0.0
3147,MMM,0.07762801167329225,0.24721130449259682,0.24264065071214763,0.0
3148,MMM,0.0764390658036399,0.24786257359450792,0.24062657063654425,0.0
3149,MMM,0.07541707561332223,0.2491249759116768,0.23930055228885505,0.0
3150,MMM,0.0742888436942859,0.2501855446151952,0.2384793780737219,0.0
3151,MMM,0.07318084684793713,0.25159405947852365,0.2381406992281577,0.0
3152,MMM,0.0720627327677934,0.25318515110134526,0.23822927075168693,0.0
3153,MMM,0.0709997636628098,0.2554119700387296,0.2388032881330176,0.0
3154,MMM,0.0700688450321727,0.25820029951098405,0.23989253813434036,0.0
3155,MMM,0.06927199456209987,0.264313754023303,0.24214530179916935,0.0775911242250729
3156,MMM,0.0687002883898008,0.27125996702548705,0.24551704207368066,0.05827994963010717
3157,MMM,0.06823735819974719,0.2786313203911849,0.24988002609113025,0.045015759778353585
3158,MMM,0.06779219110457735,0.28425363522575015,0.25464080165967706,0.030560214514817854
3159,MMM,0.06807298225997405,0.2892173425763238,0.2595709950251917,0.047533191763943966
3160,MMM,0.06849417591786278,0.2930170423732848,0.26437370967289264,0.046952627387359946
3161,MMM,0.0689356038232255,0.2970459664688174,0.26912623564959004,0.06016144105594943
3162,MMM,0.06947695000595566,0.30261515712311543,0.2741866411283325,0.0
3163,MMM,0.07004612650137021,0.3076249235219829,0.2793669456795654,0.0
3164,MMM,0.07064312485198765,0.312805602818543,0.2846817880580572,0.0
3165,MMM,0.07123507021270281,0.3131749372575213,0.28901711480617004,0.0
3166,MMM,0.07179665535102808,0.31399035858697943,0.2926696244709895,0.0
3167,MMM,0.07226211224595547,0.31359132492229924,0.29550146867845806,0.0
3168,MMM,0.07286923703831238,0.3149106118455696,0.2980650431002484,0.0
3169,MMM,0.07362813849052574,0.318153278924071,0.3008485984427974,0.0
3170,MMM,0.07435668219037694,0.31953446053059587,0.30338752716605877,0.0
3171,MMM,0.07495874442738304,0.31855304579088506,0.30519691489028694,0.0846491670843495
3172,MMM,0.07555068965071021,0.3173605763921591,0.3063749810271499,0.05443466997743037
3173,MMM,0.07614060812612744,0.3166455411125218,0.30715586836816916,0.033359132258752006
3174,MMM,0.07681856071103899,0.3177193960635984,0.30802322079383065,0.044936769018147214
3175,MMM,0.07724607901392877,0.31814668097790993,0.3088136497608435,0.03624318055292351
3176,MMM,0.07753951945932747,0.3180624570280223,0.30942696213872944,0.05009726253919282
3177,MMM,0.07762300015681078,0.31631990110133257,0.3095238733726033,0.06587014698303116
3178,MMM,0.07778484597946689,0.31551891710164787,0.3094204162756158,0.0
3179,MMM,0.07780508337799896,0.31302164989541814,0.30877338138322075,0.0
3180,MMM,0.07789255901450709,0.31168848922960046,0.3079545195764185,0.0
3181,MMM,0.078150581340649,0.3139787950971008,0.3078169354625222,0.0
3182,MMM,0.07825176820094415,0.3156978583629971,0.30809529856316603,0.0
3183,MMM,0.07812528462557522,0.3142105191119771,0.3079819177777677,0.0
3184,MMM,0.07805445491254448,0.3150402147319276,0.308078686758532,0.0
3185,MMM,0.07830236042089622,0.31663929042956457,0.3085174205822016,0.0
3186,MMM,0.0784794422671945,0.3173423318516445,0.30902726314135076,0.0
3187,MMM,0.0781758822027695,0.30978375153130866,0.307727240584031,0.07673072711053806
3188,MMM,0.07761429056141655,0.3017612858687401,0.30487450886903933,0.061016170671994115
3189,MMM,0.07696669505079157,0.2965762591898897,0.3014207424481622,0.05954651746976892
3190,MMM,0.07644305627120518,0.29341431504693943,0.2979432732314907,0.04062333037560756
3191,MMM,0.07606360527032252,0.291281056796286,0.2946792781707651,0.042988330266390144
3192,MMM,0.07571370005630595,0.28992928544718644,0.29176264305829525,0.050292673164217545
3193,MMM,0.07535701777742698,0.28930287850930175,0.28928779538853117,0.06912211038752111
3194,MMM,0.074881440123301,0.2890179561875792,0.2872435377204225,0.0
3195,MMM,0.0744513958521138,0.28937405033792196,0.2856885927260608,0.0
3196,MMM,0.07406688352941704,0.2902282187731416,0.28463764008682024,0.0
3197,MMM,0.07381391514514268,0.29146297078051026,0.2840758759712926,0.0
3198,MMM,0.07351035577445286,0.2925376002977098,0.2838692822485577,0.0
3199,MMM,0.07340916528357133,0.29473301845379235,0.2842000722793568,0.0
3200,MMM,0.07326097080218774,0.2965970645855963,0.28488589425296484,0.0
3201,MMM,0.0728714064728726,0.2980322877116285,0.28575884721537126,0.0
3202,MMM,0.07249195332637492,0.299411099295074,0.28676875851670985,0.0
3203,MMM,0.07184106878909702,0.2938708915139453,0.2863248516762558,0.07845848763983519
3204,MMM,0.07100364451993746,0.28902739131545724,0.2848753146619115,0.05408706340336827
3205,MMM,0.07021439081087844,0.2871829844788741,0.2832989326921528,0.036548280888309546
3206,MMM,0.06958197247016507,0.28781881909813567,0.28218149692487154,0.03115837175129836
3207,MMM,0.06939477682772421,0.2870590404462119,0.28111587276816624,0.02772611105109073
3208,MMM,0.06941501569172737,0.28765766058458486,0.2803986344651722,0.03622901180669816
3209,MMM,0.06934924400024645,0.28812916639242525,0.2799313827671488,0.06649298145252083
3210,MMM,0.06930117738222397,0.28975432246392746,0.2799247930303436,0.0
3211,MMM,0.06922023162313906,0.29093222553193826,0.2801856739528099,0.0
3212,MMM,0.06909455795540254,0.2915241344061429,0.2805281232715992,0.0
3213,MMM,0.06896807309774644,0.292390508681089,0.28099784404950057,0.0
3214,MMM,0.06888712312543233,0.29390627599439556,0.2817161153914787,0.0
3215,MMM,0.06881123177001536,0.2956914829707453,0.28269410833781383,0.0
3216,MMM,0.06874040205698484,0.2976674008867512,0.28392297059715615,0.0
3217,MMM,0.06856332626166373,0.2981415255970314,0.285013191102267,0.0
3218,MMM,0.06840218631976525,0.2987773047415122,0.28602902478009506,0.0
3219,MMM,0.0687411664620371,0.30787611395730524,0.2888976102556438,0.0926684413021314
3220,MMM,0.06923597293085082,0.31727924946693115,0.29331716111999373,0.043671027688681946
3221,MMM,0.06982791215786044,0.32580682943001743,0.2987796484212211,0.04183983531193971
3222,MMM,0.07054128358501388,0.334202746291096,0.30504673497774487,0.03707630283097453
3223,MMM,0.07159438775949512,0.33873514157247775,0.31108452015266136,0.05672410322167771
3224,MMM,0.07264936624483054,0.34129943549910235,0.31649416250862084,0.06790300784771432
3225,MMM,0.07362075785251099,0.34344002463534834,0.321305552528692,0.07875874698692756
3226,MMM,0.07463768251073977,0.3472231927504284,0.3260094890891333,0.0
3227,MMM,0.07557872047203595,0.34714184006005955,0.32975425631629046,0.0
3228,MMM,0.07652481705997993,0.347661309835397,0.33286744672536045,0.0
3229,MMM,0.07753162639898081,0.34827541919425986,0.3354967599368604,0.0
3230,MMM,0.07836136058971344,0.34673570879436694,0.3372523057339129,0.0
3231,MMM,0.07924168700039802,0.34552497815724087,0.3383831721167391,0.0
3232,MMM,0.08019284009862482,0.34465972760446806,0.33909235781041536,0.0
3233,MMM,0.081083286768593,0.34289059323810767,0.3392599621740658,0.0
3234,MMM,0.08144755922361635,0.33406642261706293,0.3374001830077499,0.0
3235,MMM,0.08086573439105149,0.3134484986254826,0.3312536432375393,0.12971392711006577
3236,MMM,0.080299087659091,0.29789185007948693,0.3228213138626684,0.1041259979372667
3237,MMM,0.07985386560196206,0.28640390004207755,0.3134796942774168,0.04240268875574203
3238,MMM,0.07942811998778354,0.27808644694170376,0.3041270311476891,0.028098158712391574
3239,MMM,0.07823917444165784,0.2692383969521655,0.29464564233158175,0.04489225554042255
3240,MMM,0.07704618481595471,0.26496174116375637,0.28609420088453663,0.04507739382443389
3241,MMM,0.0760393751962688,0.2660921450229445,0.2795084677702365,0.07636611804100553
3242,MMM,0.07501232716463058,0.2690769112395852,0.2749143031769573,0.0
3243,MMM,0.07408899737525931,0.27162969939686554,0.27181578593591893,0.0
3244,MMM,0.07315807833541321,0.27329669889648495,0.26971363848315155,0.0
3245,MMM,0.07222210002186702,0.2754352064770894,0.2685151263190004,0.0
3246,MMM,0.07123046891199447,0.27917735224039963,0.2684018719396583,0.0
3247,MMM,0.07052216331031969,0.2839852526642093,0.2693976360424367,0.0
3248,MMM,0.06967725629438326,0.28705615936054196,0.2708881330674251,0.0
3249,MMM,0.06881717040226554,0.290137800118246,0.2727768418415938,0.0
3250,MMM,0.0680017528234701,0.2918475154871242,0.2746741270516014,0.0
3251,MMM,0.06711636623291573,0.29278427134903257,0.27640361959150345,0.08901585659811946
3252,MMM,0.06616521102807438,0.29324015678820214,0.27789022307237776,0.052065419462780184
3253,MMM,0.06505169947449385,0.29071629523632153,0.27850922752538587,0.049698294260063794
3254,MMM,0.06431804508388661,0.2874538962602562,0.2782672767680573,0.08209737588916262
3255,MMM,0.06463678410928908,0.28712450323078087,0.27799928826531556,0.06928764857258737
3256,MMM,0.0649605828506924,0.2878374554623665,0.2779459923571354,0.06588951093620582
3257,MMM,0.06511236048112778,0.2866937145564884,0.27764492201912583,0.09843394028699977
3258,MMM,0.06527426170804351,0.2866255360897001,0.2773886605050081,0.0
3259,MMM,0.06561829886139925,0.2868085020453404,0.2772249933078434,0.0
3260,MMM,0.06577007878163321,0.28659387233413824,0.2770455629621968,0.0
3261,MMM,0.06518319780515325,0.27985132658390366,0.27537850891196347,0.0
3262,MMM,0.06447995324076672,0.2748082629200373,0.27290536183064895,0.0
3263,MMM,0.06386776983151232,0.27233863689718546,0.27036882060556333,0.0
3264,MMM,0.06314428172307018,0.268433880154354,0.26745728956152093,0.0
3265,MMM,0.06248150972444999,0.2671509357490296,0.2648381774325185,0.0
3266,MMM,0.06167707466918182,0.2662338889736927,0.26253567671778844,0.0
3267,MMM,0.06109519882286152,0.2707956688946644,0.261724431672565,0.11287850477221084
3268,MMM,0.06041719239370802,0.2724173624623397,0.2614418648890524,0.05153668908280393
3269,MMM,0.059759479179509856,0.27482735718989826,0.2617603610519743,0.033463154470623174
3270,MMM,0.05930499890722529,0.2791592683278112,0.26299397358133836,0.05179751208623572
3271,MMM,0.059021673277299125,0.2847995764067985,0.2652553176172192,0.03604434581422766
3272,MMM,0.05881423877085512,0.2901421002490683,0.268271561116117,0.03788829006257273
3273,MMM,0.05875903893123735,0.2937097782999279,0.27149068947091304,0.06424924241485026
3274,MMM,0.05885016063159587,0.29732698296747234,0.2748833164812987,0.0
3275,MMM,0.05886027928802051,0.30108975006387084,0.27844763292832464,0.0
3276,MMM,0.05869332182559772,0.30225848282360307,0.28156316672377446,0.0
3277,MMM,0.058627549993774286,0.3027881562778064,0.2841752759564812,0.0
3278,MMM,0.05850612200981442,0.30303322070450067,0.28632033679698987,0.0
3279,MMM,0.058445406505090114,0.3041630369574607,0.288291672740355,0.0
3280,MMM,0.0583593979158783,0.30412235178899294,0.289859548490787,0.0
3281,MMM,0.05879449947883475,0.3049418106797258,0.2912990096633314,0.0
3282,MMM,0.05905252524646987,0.30294628809758223,0.29199968093301054,0.0
3283,MMM,0.05905252543556283,0.2987679509208209,0.29161610310512004,0.09623636774744683
3284,MMM,0.05924984055580118,0.29611060870791894,0.29070880193094356,0.05157636157223493
3285,MMM,0.05942185713592263,0.2951193819735974,0.2897589886711098,0.044966759530990885
3286,MMM,0.059614113135507796,0.2944083264651907,0.2888384717427103,0.03508146143532941
3287,MMM,0.05944720252236202,0.29355468384937117,0.2879091736550966,0.028848511897909462
3288,MMM,0.05937642189670156,0.2920808466184042,0.28683271476372535,0.05255187974985079
3289,MMM,0.0590576828712992,0.2882130725451863,0.28509760599396733,0.09288994603478781
3290,MMM,0.05859728565337197,0.2854010558591199,0.2830741306450635,0.0
3291,MMM,0.057995227818688266,0.28330019830357833,0.2809806517672781,0.0
3292,MMM,0.05758036378869735,0.28533402650397727,0.27976542166715723,0.0
3293,MMM,0.05694794434888084,0.28318069563629944,0.27830668239789663,0.0
3294,MMM,0.056219394598052475,0.2810289295609302,0.2766534893654711,0.0
3295,MMM,0.055409900925887046,0.27927311681612044,0.2749342008309872,0.0
3296,MMM,0.05476736581524777,0.278809926595251,0.2734541100048291,0.0
3297,MMM,0.054134947938403344,0.2784762948309198,0.2721946516850418,0.0
3298,MMM,0.0534569964585041,0.27765573916576375,0.2710016766356983,0.0
3299,MMM,0.053207675547414346,0.28451208127321687,0.271596519189527,0.10150230035498613
3300,MMM,0.05322032058134585,0.2930153174212943,0.2739937392433842,0.04685214736204512
3301,MMM,0.05304688397900248,0.29793234892767373,0.2770225415716647,0.02805293679735564
3302,MMM,0.05304182453186845,0.3016909417306133,0.28029485507185986,0.025374571469222236
3303,MMM,0.053154703287283334,0.303760926839274,0.2833804286967935,0.029796164874615453
3304,MMM,0.0532660078062418,0.30591905779068757,0.28633652738729326,0.03224027359848961
3305,MMM,0.05329130176971664,0.3073302559289802,0.28902027316477374,0.0911183804650773
3306,MMM,0.05336719482253882,0.3091027104530874,0.29156776418323305,0.0
3307,MMM,0.05347344617136551,0.3104716176481651,0.2939150679865004,0.0
3308,MMM,0.053645469211673236,0.31150875520146776,0.29602725711406147,0.0
3309,MMM,0.053888319134525076,0.3104232881181725,0.2974717420476337,0.0
3310,MMM,0.054171637986647814,0.31013022123771405,0.2985611101610235,0.0
3311,MMM,0.05446001545566814,0.30979510945582306,0.29935688457597903,0.0
3312,MMM,0.05445495683877055,0.30861652893677416,0.29972719832279987,0.0
3313,MMM,0.05469452107512074,0.30726062654085035,0.29971707682700016,0.0
3314,MMM,0.05507397180122753,0.30750618984925493,0.29976446580936145,0.0
3315,MMM,0.0552232194761616,0.30395829787781764,0.2990007141968356,0.07379330987225105
3316,MMM,0.05530922805946403,0.3008843578652513,0.29769514177204753,0.042531742419278
3317,MMM,0.05543571140880765,0.29884597932896184,0.29619010266041534,0.03524971529675554
3318,MMM,0.05551413257642879,0.29575436203802963,0.2942875059725491,0.035607712284716236
3319,MMM,0.055141153949481714,0.29401973364550765,0.2923734812172748,0.04980408756521313
3320,MMM,0.054637749139638814,0.2937752584805702,0.2907870211051642,0.0442821729425357
3321,MMM,0.05447220963566479,0.296774040195249,0.29019544178102397,0.05827215681968322
3322,MMM,0.05430524827378902,0.2990221245928503,0.29023014351449744,0.0
3323,MMM,0.05422778569854059,0.3012487251320904,0.2907610157157005,0.0
3324,MMM,0.05413166124941293,0.3032851077381035,0.29164584365867596,0.0
3325,MMM,0.05412154615532383,0.3058895224947069,0.29294218571841946,0.0
3326,MMM,0.054116484512937824,0.3086871998269508,0.29461140765519384,0.0
3327,MMM,0.05414177759742511,0.31130826441089543,0.29653902701640106,0.0
3328,MMM,0.05417718791570758,0.3134649494226962,0.2985684355790959,0.0
3329,MMM,0.05428848958940702,0.3143448567140269,0.3003907816005209,0.0
3330,MMM,0.05434414405684285,0.31473262943527397,0.30193627747916746,0.0
3331,MMM,0.05425560931614959,0.3127685489610346,0.30272888100518797,0.07338383310633821
3332,MMM,0.05439980052364224,0.3136853370592242,0.3035701163882201,0.05306714982091296
3333,MMM,0.05450427499771071,0.3133321604981331,0.30416330279746917,0.03733429208516125
3334,MMM,0.0546661777329388,0.3151344997577775,0.30504509891722653,0.04029142749527856
3335,MMM,0.055156933252779705,0.3175315207281375,0.30629215392159603,0.05658548565443963
3336,MMM,0.05567298273609533,0.319330725558558,0.3076963366784946,0.07617200621771814
3337,MMM,0.056148563724463196,0.32030794180859556,0.30904048946999985,0.08704510207105745
3338,MMM,0.05673292121153706,0.32092613102164863,0.3102554944495998,0.0
3339,MMM,0.057264153543464924,0.3210338005625758,0.311251826870047,0.0
3340,MMM,0.05774479608558136,0.32118458109947823,0.3120829623745124,0.0
3341,MMM,0.05796235025891594,0.3203308700761686,0.31255497077619804,0.0
3342,MMM,0.05818496328787781,0.3193661927507633,0.31271460414027474,0.0
3343,MMM,0.05839745545245856,0.3186957310192372,0.31269081686490685,0.0
3344,MMM,0.05863018208462922,0.3185596030214962,0.31264102828631596,0.0
3345,MMM,0.05882243736122905,0.3186956169774211,0.31263193041345766,0.0
3346,MMM,0.05893880067731416,0.3183028859411992,0.31253591269918635,0.0
3347,MMM,0.05926259836836478,0.3213501787071543,0.3131476485924307,0.062252157634386136
3348,MMM,0.05952568628214183,0.3228379907094496,0.3139732153933032,0.03915025305971123
3349,MMM,0.05987983952734777,0.3244196086968095,0.3149910428217037,0.03318851693962166
3350,MMM,0.060256760617638294,0.32557550784225214,0.3160664855870311,0.026340643816021192
3351,MMM,0.06065594266431218,0.3244154179558244,0.31666471205914387,0.04320853619730924
3352,MMM,0.06099238607918811,0.3249113221460796,0.3172553451099198,0.03461590004894121
3353,MMM,0.06136171764806908,0.32458171875875574,0.3176533761223212,0.0589962978246842
3354,MMM,0.06160456477441223,0.32442346232044855,0.3179360421492179,0.0
3355,MMM,0.061763938018007725,0.32395706186544215,0.31805678960473416,0.0
3356,MMM,0.06192078140360269,0.3234026000436976,0.3180281043251216,0.0
3357,MMM,0.062097859036671754,0.32278546292689014,0.31786571108110717,0.0
3358,MMM,0.06233058566884242,0.32294060064854496,0.3177708505802939,0.0
3359,MMM,0.06254308085891158,0.32236647410650765,0.31756523560001826,0.0
3360,MMM,0.0627454497387201,0.32181971703978324,0.3172772012972344,0.0
3361,MMM,0.06298829663017425,0.3210045846098065,0.3168625908668683,0.0
3362,MMM,0.06328679738396659,0.3208768458046873,0.316502039341621,0.0
3363,MMM,0.06318561157018321,0.3149962200303581,0.3148848432008585,0.05659752908873118
3364,MMM,0.06290228685617627,0.30815495023497846,0.3120452693544107,0.04007476375091581
3365,MMM,0.06265715874929123,0.30371515582679726,0.30877041794831367,0.04119539350445637
3366,MMM,0.06242443119529206,0.30008956628571964,0.3053313178954633,0.02450189477462543
3367,MMM,0.061958974255454935,0.2974059901062011,0.30197367125376234,0.03635983656351229
3368,MMM,0.06164529494605331,0.2968976567035848,0.2991726936286024,0.048213055436990705
3369,MMM,0.06121019168569153,0.2954341457173357,0.29660122437052466,0.06291242120848779
3370,MMM,0.060797856646532145,0.29486774929987825,0.2944160690422704,0.0
3371,MMM,0.06058839983143305,0.29567697406468385,0.29285079290320726,0.0
3372,MMM,0.06017859492209521,0.2951115704229369,0.2914708163924836,0.0
3373,MMM,0.059844675368902256,0.2954004974365489,0.2904321195950803,0.0
3374,MMM,0.059495578764571344,0.29583730619827014,0.28969986114154406,0.0
3375,MMM,0.05914647973984988,0.2961628576600971,0.2891876142554016,0.0
3376,MMM,0.05882773846749023,0.29698984330932526,0.2889646780250008,0.0
3377,MMM,0.058508997195130696,0.29775603690891256,0.288959454071013,0.0
3378,MMM,0.05815990422138617,0.29883607566174825,0.28919931471962235,0.0
3379,MMM,0.057669144033310804,0.2971882458742619,0.28901886838463525,0.053988708689987244
3380,MMM,0.057241629803307825,0.2970126866804258,0.2888348428950163,0.029236499398713832
3381,MMM,0.05679134817052078,0.2964379213923918,0.2885577515960482,0.017215144736694516
3382,MMM,0.05641386842760576,0.29784378667690803,0.28865374039868086,0.02141641413828342
3383,MMM,0.05622869482495352,0.2962412303357724,0.2883684263340377,0.026816713689193205
3384,MMM,0.05638447498620358,0.29795468073770154,0.28852733722119717,0.028446827942420577
3385,MMM,0.05663465855301897,0.30171496312020224,0.2895041193369061,0.04896329054962338
3386,MMM,0.05691797832697021,0.3050216161597235,0.29103269876199683,0.0
3387,MMM,0.05717600089184216,0.30734290085682064,0.2927800674451723,0.0
3388,MMM,0.05735307586283567,0.3094579960908195,0.2946558780604681,0.0
3389,MMM,0.05750991723340804,0.3096106590231158,0.2961910214568631,0.0
3390,MMM,0.057606043056414924,0.3092604808894477,0.29734001178551406,0.0
3391,MMM,0.057661693893264476,0.30948281155247614,0.29830944070246257,0.0
3392,MMM,0.05781347660409797,0.309706970328584,0.2991356335607566,0.0
3393,MMM,0.05796020069803387,0.3103741475808442,0.2999473396705566,0.0
3394,MMM,0.05810186375468174,0.31086260748740724,0.3007070743607359,0.0
3395,MMM,0.058420603060769016,0.31364857949718167,0.3019443655294551,0.039574607009160684
3396,MMM,0.058592620379535054,0.31405697412743366,0.3030264771428065,0.02657879682549241
3397,MMM,0.05857137131996515,0.3114726205213523,0.30330821963898996,0.02468892222480015
3398,MMM,0.05859110263462308,0.310370943906475,0.30328468464792335,0.021804047420432158
3399,MMM,0.05854961850325169,0.305986567251457,0.3022751862268657,0.037449177002471856
3400,MMM,0.058440843842293644,0.30258205231430835,0.30069832140364156,0.05321131681375597
3401,MMM,0.05832953932333507,0.29937699007376156,0.29871263072910736,0.06861876567786529
3402,MMM,0.05808471842320062,0.2967348237719965,0.29652706834577486,0.0
3403,MMM,0.0580270434827892,0.29471190358270577,0.2943215301531711,0.0
3404,MMM,0.05774983817397494,0.29290101859675494,0.2921479216598689,0.0
3405,MMM,0.057345091469370946,0.29209132998135,0.2902260819324728,0.0
3406,MMM,0.05688974938784763,0.29118682318828004,0.28848423260671996,0.0
3407,MMM,0.05653559477171699,0.2918471179891998,0.28723994984718565,0.0
3408,MMM,0.05610049320876076,0.291652949937783,0.2862006504594517,0.0
3409,MMM,0.055741276950244,0.29130970783643206,0.2852916537897686,0.0
3410,MMM,0.055670444211724734,0.2949995145228995,0.28539818554659235,0.0
3411,MMM,0.05558949506373789,0.29840155875258034,0.2862521187705118,0.06299731561295473
3412,MMM,0.05546296038006715,0.30057616864278836,0.28742662863355783,0.043392729898238884
3413,MMM,0.05516951975148454,0.3004331736931212,0.2883339261457666,0.0389933341952654
3414,MMM,0.055093628444818465,0.30358360053694095,0.28977161784785294,0.04209404623379966
3415,MMM,0.054878608980902466,0.3065022289566179,0.29158124896287185,0.03039325945512906
3416,MMM,0.05473694616593927,0.30816943471209957,0.2934056667994278,0.04234660413526666
3417,MMM,0.05480372887731444,0.3096886362715912,0.2952084717723307,0.08289354135414251
3418,MMM,0.05490415786690361,0.31231467677525204,0.2972440818947926,0.0
3419,MMM,0.0551227225563764,0.31255742169895645,0.2989274193445475,0.0
3420,MMM,0.05534533181736434,0.31276244771687145,0.3003204158928137,0.0
3421,MMM,0.05572478355689148,0.31456445552178897,0.30184198523003786,0.0
3422,MMM,0.0560283429275813,0.3145615871238856,0.30305859257188406,0.0
3423,MMM,0.056524159995261836,0.3172166728153508,0.3046318074856438,0.0
3424,MMM,0.05694915037540027,0.31777801067764216,0.306017216334225,0.0
3425,MMM,0.05728307052394088,0.3172107592402187,0.30699737029553437,0.0
3426,MMM,0.05753603767467863,0.31502533821490597,0.3072876873540883,0.0
3427,MMM,0.05764481439941005,0.3123004449874316,0.3069042386211225,0.07118885817025992
3428,MMM,0.05771564534893192,0.30866571188691183,0.3057761946767207,0.03731799802700209
3429,MMM,0.05793825910087913,0.307654051827501,0.3046451701952556,0.03357803938793378
3430,MMM,0.05781177681370653,0.30552553752313555,0.3032594028395649,0.031146092171236383
3431,MMM,0.057806717097705684,0.306025907017821,0.30226384978453597,0.0286892315757594
3432,MMM,0.05774099618804618,0.30495257409418464,0.30122488274221043,0.034889947215516665
3433,MMM,0.05785736042300538,0.3048794985356032,0.30037719734382623,0.08032144162269927
3434,MMM,0.057766293168145744,0.3049986610326618,0.29972597434912174,0.0
3435,MMM,0.057657520760053815,0.305267159203562,0.29926566437189683,0.0
3436,MMM,0.057586693690484636,0.30542738642373723,0.29893362048052946,0.0
3437,MMM,0.05746526868326263,0.305056748479106,0.29858423798891226,0.0
3438,MMM,0.0572186248036467,0.3044225851937823,0.2981614398328194,0.0
3439,MMM,0.05704660399463701,0.30329294763951287,0.29756795441479267,0.0
3440,MMM,0.05687458742131113,0.3025283852535891,0.2969204096304013,0.0
3441,MMM,0.05660643836890378,0.3022806514467321,0.2963463971896018,0.0
3442,MMM,0.05633829536747348,0.30081193504964815,0.2955553238920681,0.0
3443,MMM,0.0555287996315349,0.29455356491672763,0.29350835722745416,0.1308385713417035
3444,MMM,0.054754717743123016,0.28890791083476586,0.290595121928977,0.09824561403508772
3445,MMM,0.05431708438987204,0.2887299341826761,0.2882243190325577,0.05083533614464873
3446,MMM,0.053955343774780284,0.28828461742966366,0.2862270553105781,0.03855634644709833
3447,MMM,0.053730712697074745,0.28923413443906093,0.2848437921458997,0.040351290448080696
3448,MMM,0.05380660382055702,0.29313866029912883,0.2846194275090897,0.06205119758375648
3449,MMM,0.0536244678941169,0.29443502745161465,0.28473285602596243,0.09794842458301085
3450,MMM,0.053497983030551644,0.2950797905480139,0.2849692860791892,0.0
3451,MMM,0.053239957537692284,0.2959471430729893,0.28535441248481375,0.0
3452,MMM,0.05307805609450156,0.2966827868964054,0.28582873577471873,0.0
3453,MMM,0.0527593154204441,0.29582619290508466,0.28601464298463886,0.0
3454,MMM,0.05249117241901402,0.29617506210920075,0.28624219738228074,0.0
3455,MMM,0.05215725227047319,0.29576155752305305,0.28633080760356416,0.0
3456,MMM,0.05188910684865222,0.29645826885918786,0.2865591209682543,0.0
3457,MMM,0.051610846613426964,0.296462153908265,0.2867426495050311,0.0
3458,MMM,0.051373055313381766,0.29681155202959614,0.2869684204754788,0.0
3459,MMM,0.05214966628805817,0.31138313741617485,0.290441555178648,0.11398272239470704
3460,MMM,0.052711253071197395,0.319681427881807,0.2950951005156907,0.06675876351713149
3461,MMM,0.05338920606531783,0.32804154665503477,0.3007069447553481,0.04521105233049309
3462,MMM,0.0542391771050309,0.3355404670709008,0.30689083631703373,0.0357587275049015
3463,MMM,0.05533199728020044,0.33946590198078874,0.3127249199589958,0.0470263048677318
3464,MMM,0.05617185012144854,0.33758548449755144,0.316967297740107,0.05925145332962585
3465,MMM,0.05690292368520922,0.338210966908009,0.32050253064348433,0.08467986603450445
3466,MMM,0.05775542577657233,0.33960813516185095,0.32364641367320224,0.0
3467,MMM,0.0585542932518317,0.34063146829121427,0.3263927470077169,0.0
3468,MMM,0.059191771766505474,0.34164647536125614,0.3288191592739916,0.0
3469,MMM,0.059955735047243164,0.3419770482514219,0.3308349835789361,0.0
3470,MMM,0.06085630197649505,0.3433222858977254,0.33275160576605034,0.0
3471,MMM,0.06164556118107056,0.34255988967241063,0.33411263651990103,0.0
3472,MMM,0.06232857369825773,0.33993274272462815,0.33460784497261353,0.0
3473,MMM,0.06323419924440721,0.3392061343323639,0.33483983116734134,0.0
3474,MMM,0.06420053424430361,0.34005085576306127,0.33521628888447974,0.0
3475,MMM,0.06491389852433127,0.3358240742661449,0.3345623939936527,0.0699370494412496
3476,MMM,0.06562220720113165,0.3330026432374754,0.33340176253311443,0.039238453504964084
3477,MMM,0.06629732380857689,0.32934798462075254,0.33164747014299845,0.032688596343636966
3478,MMM,0.06700057222573397,0.32686789179869186,0.3296836476485959,0.031828199229102135
3479,MMM,0.06645669430441403,0.32063074226944377,0.32670327652121905,0.03596783458461074
3480,MMM,0.06613927098983297,0.31583424910337304,0.3232351895363483,0.038582794773385665
3481,MMM,0.06587618422390973,0.3147738788535387,0.32022112432697236,0.059891290294585946
3482,MMM,0.06576993878571757,0.317338353924586,0.31838932730592806,0.0
3483,MMM,0.06553214794954132,0.31568027960422107,0.31654924003506013,0.0
3484,MMM,0.06564851140892347,0.31487876862999215,0.3148960650619142,0.0
3485,MMM,0.06553214699373522,0.31320277447639994,0.3131948263591656,0.0
3486,MMM,0.06537024402361791,0.31241541315106147,0.3116559274199156,0.0
3487,MMM,0.06510209799669919,0.3104824392529024,0.30998804376809214,0.0
3488,MMM,0.06488960341172756,0.3103391854040928,0.3086213679689322,0.0
3489,MMM,0.06469228709783958,0.31034117291934027,0.30752847641797787,0.0
3490,MMM,0.06450002940084898,0.3118635181290269,0.3069981442033493,0.0
3491,MMM,0.06448484978897773,0.3141895943599504,0.30709946624424633,0.06270307798300813
3492,MMM,0.06439884197534307,0.31326905997278576,0.30697252482321813,0.04650572151683513
3493,MMM,0.06404974528917018,0.31033358439877523,0.3062076872396635,0.04059723626797586
3494,MMM,0.06362981618800467,0.3087402431134952,0.3052357942510762,0.03022689475986632
3495,MMM,0.06352357138504705,0.3075503010166902,0.304189406873386,0.030484529795397404
3496,MMM,0.06332625631060462,0.30609772428343157,0.30302408045892987,0.040188822158029935
3497,MMM,0.06333415057553282,0.3068249957095217,0.30225614971040377,0.06130769262558085
3498,MMM,0.0633088566637634,0.30754906394771797,0.3018054117193231,0.0
3499,MMM,0.06356182404938993,0.3081142912493379,0.3015725370810546,0.0
3500,MMM,0.06383877315339093,0.3091408610724095,0.3016181956272743,0.0
3501,MMM,0.06395008174523609,0.3102951567050282,0.3019155409656286,0.0
3502,MMM,0.06384889125435478,0.31153627950536944,0.3024338547426702,0.0
3503,MMM,0.0639753748297236,0.3122390978263362,0.3030073108537762,0.0
3504,MMM,0.06398043344662108,0.31154967633716646,0.3033102977300426,0.0
3505,MMM,0.06402090540728977,0.310517648388231,0.30331949568513306,0.0
3506,MMM,0.06427893359531589,0.31344894955161107,0.30398919526831536,0.0
3507,MMM,0.0647646333804508,0.3177492299286249,0.30549662341540085,0.10043161543188996
3508,MMM,0.06557412782435224,0.32714490015164355,0.3088255616005267,0.05260087999721348
3509,MMM,0.06636844289806687,0.33420676370465435,0.3130843732745881,0.04111321477634929
3510,MMM,0.06696038954402372,0.33802709265014746,0.3173546438218011,0.040594166372960365
3511,MMM,0.06756244958282309,0.34200341379356247,0.3216693286348458,0.03676541692421315
3512,MMM,0.06823534102910433,0.3430953256640934,0.3253677990836018,0.045356872343729066
3513,MMM,0.06904989529034844,0.3434696244051834,0.32841114999522575,0.07890905376980156
3514,MMM,0.06980373546358887,0.3432033546769136,0.33078566583302976,0.0
3515,MMM,0.07058287609358149,0.3430306241333923,0.33264624922842306,0.0
3516,MMM,0.07136706994629738,0.34204461837015254,0.33391192332710007,0.0
3517,MMM,0.07184264571983368,0.33821173393443527,0.3340584044262902,0.0
3518,MMM,0.07245482610359955,0.3370043013095225,0.3339027642521239,0.0
3519,MMM,0.07302652787062214,0.33512824295375415,0.3333543479455888,0.0
3520,MMM,0.073633646612002,0.3344525348429443,0.3327629354897743,0.0
3521,MMM,0.07416487399796479,0.33287415595080005,0.3319331634261462,0.0
3522,MMM,0.07460504022879577,0.33038447322997727,0.33070679031041894,0.0
3523,MMM,0.07497942963899729,0.3269869800860034,0.3289580123384955,0.08614149028053528
3524,MMM,0.0754701870335186,0.32461982588550814,0.3270241203888486,0.04651717458670063
3525,MMM,0.07616331867484027,0.3250857581933325,0.325582286415085,0.03666847908545466
3526,MMM,0.0766996118316221,0.3267296170221605,0.3248002568332521,0.029025030861300375
3527,MMM,0.07702847028902615,0.3268344497757721,0.32419832061918,0.029437223303573064
3528,MMM,0.07687669265859065,0.32580633772902373,0.323484464918429,0.042243172287821554
3529,MMM,0.07681598068311057,0.32604925109479205,0.3229682677698864,0.06202616613209168
3530,MMM,0.07685645191399815,0.32610068887824156,0.32256693265899994,0.0
3531,MMM,0.07686151135226871,0.32674190276336823,0.32239074984911864,0.0
3532,MMM,0.07694246196572652,0.32650528544211255,0.3221963388098845,0.0
3533,MMM,0.07703353091208265,0.32617583700782216,0.32196636956264096,0.0
3534,MMM,0.07731179719828485,0.32829456357731474,0.32226113035085446,0.0
3535,MMM,0.07737251028261838,0.32697683406795125,0.3221991918305721,0.0
3536,MMM,0.07756476797960887,0.3272016093121531,0.322200430032933,0.0
3537,MMM,0.07864746932107924,0.3375164805032511,0.32453211402374105,0.0
3538,MMM,0.08061555569013179,0.3603573583948878,0.33155846449277643,0.0
3539,MMM,0.08337391540753003,0.38862061817168647,0.34356576071318895,0.0
3540,MMM,0.08555702801239262,0.4025310644294064,0.3563147281354119,0.539268857272906
3541,MMM,0.0875655893247611,0.4090505269782096,0.36798700515330374,0.1563669917803561
3542,MMM,0.0896449784237745,0.4130736330834406,0.3782338664240116,0.1416163823766773
3543,MMM,0.09232638322813447,0.4226458060394944,0.3885942327267632,0.23643363211676938
3544,MMM,0.09467898035691158,0.42453845317386624,0.397310178248343,0.1129448617336996
3545,MMM,0.09688485495472487,0.4250561514493906,0.4043999110142761,0.14026196831041834
3546,MMM,0.09920709378749737,0.4273040781150568,0.41057962677953913,0.17442600342765588
3547,MMM,0.10174182400927356,0.42984545202905833,0.4160976347236364,0.0
3548,MMM,0.10422089986495608,0.4287379982646469,0.42026180671692115,0.0
3549,MMM,0.10664432753404596,0.42693143120836397,0.42318494202875023,0.0
3550,MMM,0.10904751909664112,0.42393137844934836,0.42484557431424763,0.0
3551,MMM,0.11111679293108634,0.4161806787171303,0.42442277325759237,0.0
3552,MMM,0.11331254731541185,0.41020076264245037,0.4227333423835672,0.0
3553,MMM,0.1155487766858947,0.40501006026347025,0.4202089341844514,0.0
3554,MMM,0.11795196824848964,0.404864897593287,0.41815660744033306,0.0
3555,MMM,0.1206435397004958,0.4051207727188623,0.4165725622273982,0.0
3556,MMM,0.12346159835845716,0.4075388049239849,0.4158516917524609,0.0
3557,MMM,0.12682100510691996,0.4265781388842813,0.41957702200281544,0.31129396665267506
3558,MMM,0.12907241161038252,0.4390259511825065,0.4253699276593427,0.15309164994459432
3559,MMM,0.13087156330556882,0.4516320794342949,0.432852665871583,0.1110618353603496
3560,MMM,0.13312044087285924,0.45913836483119186,0.44053493676327404,0.09296031747437376
3561,MMM,0.13571947294674325,0.4651190850718705,0.44803212521039937,0.08466864911040937
3562,MMM,0.1386032987068384,0.47224856771272844,0.45564081594348027,0.16174993461713982
3563,MMM,0.14126962592683823,0.48039746654073445,0.46356905036463747,0.23975395972179667
3564,MMM,0.14384989171410023,0.4792575252472401,0.4696540628303017,0.0
3565,MMM,0.1463441516637496,0.47551714925654676,0.4736769173392612,0.0
3566,MMM,0.14870686384377452,0.47192896675323276,0.47608443431373887,0.0
3567,MMM,0.1508874423774076,0.4667241574926514,0.47683439687749396,0.0
3568,MMM,0.1534322957864549,0.46445797206954753,0.47692231172427024,0.0
3569,MMM,0.15594679144314028,0.4608922723359953,0.4761869570560695,0.0
3570,MMM,0.15832468266007504,0.4541280116365719,0.47407025695337734,0.0
3571,MMM,0.160712691110805,0.4432320718664171,0.4699149082769193,0.0
3572,MMM,0.1629742196167525,0.4326288596058682,0.464194783892484,0.0
3573,MMM,0.16536729031496633,0.4254852011536706,0.4580045413186268,0.0
3574,MMM,0.16793743661556704,0.42616778191809546,0.45320657957838223,0.13338068056030308
3575,MMM,0.17010769276718873,0.42097775734552445,0.44819549983982176,0.10160419725492349
3576,MMM,0.17169632336282792,0.4104373441802531,0.4418049803552412,0.08853860599609534
3577,MMM,0.17186833985726624,0.39856150508392185,0.43400916333367323,0.06451809437447642
3578,MMM,0.1721997281726706,0.38943941607113036,0.42571133100402936,0.05886759837980387
3579,MMM,0.1721247972872615,0.379765411772866,0.4168871785856901,0.09240006163404609
3580,MMM,0.17237776462118326,0.37543292693032326,0.40884891142074553,0.1552469523912416
3581,MMM,0.17217686190525172,0.3664506213130293,0.40038870368893076,0.0
3582,MMM,0.17203520481183032,0.3638483120003326,0.393032533533022,0.0
3583,MMM,0.17148879273359796,0.3596850815046977,0.3862068959899751,0.0
3584,MMM,0.1713825412054284,0.35671545591590936,0.38007538515311234,0.0
3585,MMM,0.17133700155139664,0.3538264627893419,0.3745173949634714,0.0
3586,MMM,0.17115486350859177,0.3502932431817631,0.3692726553026381,0.0
3587,MMM,0.17105873163460794,0.3477761984603871,0.36450812553704176,0.0
3588,MMM,0.17082600258204628,0.3469724980605169,0.36051490185714086,0.0
3589,MMM,0.17037571911742044,0.3427079814559881,0.35635673542448154,0.0
3590,MMM,0.1701227519666828,0.3396304015244097,0.35233480868684763,0.0
3591,MMM,0.17093225114411448,0.34847492194895824,0.35111572808733466,0.22193959509265476
3592,MMM,0.1717948674496932,0.3551950061633419,0.35165889809227363,0.12654567738119063
3593,MMM,0.17239126739767108,0.35861058670998464,0.35286520050886555,0.09545578790331484
3594,MMM,0.1723153762741887,0.3584904497065545,0.35380309692386,0.09070536151260812
3595,MMM,0.17255842730339355,0.35810989217229966,0.3544674252996238,0.08067731329872617
3596,MMM,0.1732939604343593,0.3592605826436978,0.35525889189855997,0.08982796190260287
3597,MMM,0.17448336301687584,0.36376918652491164,0.3569108053291724,0.3753969167627485
3598,MMM,0.17557365050060403,0.36643004030654414,0.3588335684409185,0.0
3599,MMM,0.17661081731719097,0.3654725792702205,0.3601554361273406,0.0
3600,MMM,0.17754173539827645,0.366577423600021,0.36146257502450646,0.0
3601,MMM,0.17887669592615807,0.3678684610116944,0.36280000208867513,0.0
3602,MMM,0.1795698232567493,0.36390687412755496,0.36297480463958914,0.0
3603,MMM,0.18042991519984408,0.36112123182485745,0.36248521776260206,0.0
3604,MMM,0.18113316581520778,0.35691946565963456,0.3611441395277659,0.0
3605,MMM,0.18198314052450737,0.35520982960875436,0.3596849766714973,0.0
3606,MMM,0.18288876607065685,0.3533991893587559,0.35810852374649726,0.0
3607,MMM,0.1838399252198606,0.35286264806062,0.35672612738866594,0.0
3608,MMM,0.18527171865224745,0.3605858478736237,0.3573653034519822,0.12184177170725718
3609,MMM,0.18627852872989292,0.3566279720781316,0.35698234374006554,0.08952038203662739
3610,MMM,0.1873334053339688,0.3543353696559341,0.3561579517217029,0.049825694903206805
3611,MMM,0.18775332944632828,0.35433597396381133,0.35549857465320633,0.0447633199497718
3612,MMM,0.18814795959521313,0.3536901413336337,0.3548251440925168,0.04801386647963922
3613,MMM,0.18832351696754634,0.3481461311543439,0.35303370459277694,0.06970385549295725
3614,MMM,0.18864731570894944,0.343294861618744,0.3505043859329158,0.12911683252955217
3615,MMM,0.1888496886247124,0.3376039042491668,0.3471950325483422,0.0
3616,MMM,0.18890847473194028,0.3327265855825078,0.3434454968575169,0.0
3617,MMM,0.1887967145076288,0.3303191435887547,0.3399018955172771,0.0
3618,MMM,0.18860951542753557,0.32683873260708585,0.33628059929218307,0.0
3619,MMM,0.18918122385063274,0.33262612243850787,0.33469125013494083,0.0
3620,MMM,0.18973775037206053,0.3391675537830205,0.3348978378414858,0.0
3621,MMM,0.19021909350239796,0.34393021953163766,0.3361392546263733,0.0
3622,MMM,0.19064407783155923,0.3421366635972411,0.3367271256953791,0.0
3623,MMM,0.1910488216421533,0.34100153225746227,0.3369409343108793,0.0
3624,MMM,0.19147886458821217,0.33869239159056214,0.336590220060645,0.0
3625,MMM,0.19155475547976009,0.33349094096812215,0.3351343565446402,0.1488432694618061
3626,MMM,0.1914333323959687,0.32630473414604877,0.33234590866218755,0.06155174927931263
3627,MMM,0.19132202829212863,0.3220134077916118,0.32914550507900026,0.06395606744087058
3628,MMM,0.19079332490228196,0.321038520351366,0.3263649018319375,0.04914417820976711
3629,MMM,0.19076296660627734,0.3180089393849746,0.32345587123364516,0.0392939477610134
3630,MMM,0.19083081111936795,0.31832075191776726,0.32119910225637144,0.05857099929215306
3631,MMM,0.19074733042188452,0.31855791220457064,0.3194472745514887,0.09723172216977818
3632,MMM,0.19045136035041987,0.3153957557975476,0.317331308345552,0.0
3633,MMM,0.1906609199316749,0.31571415654839297,0.3157104795208709,0.0
3634,MMM,0.1908278759714679,0.31520211555491845,0.3142981184018174,0.0
3635,MMM,0.1910960189728983,0.3147116669444636,0.3130574103472819,0.0
3636,MMM,0.19134392750673856,0.3138736073430063,0.3118754804137977,0.0
3637,MMM,0.1913388664694502,0.3111439364965741,0.3103131545618342,0.0
3638,MMM,0.19136922422181235,0.30814787601478016,0.3083863199900234,0.0
3639,MMM,0.19106566485112264,0.30964148778219164,0.3071823409029281,0.0
3640,MMM,0.19061032882057605,0.3108598119690523,0.3064944436861752,0.0
3641,MMM,0.19004368506535352,0.3101457659448054,0.3057827838711878,0.0
3642,MMM,0.19029159405715346,0.31636581174670403,0.30661890448379664,0.07040733374304625
3643,MMM,0.1905850397173834,0.3224691726926627,0.30866688394908803,0.06862124520845474
3644,MMM,0.19114156885804512,0.3298921479451291,0.31198252352611594,0.04979924657691947
3645,MMM,0.19203453948424287,0.33733905766128613,0.3163176992966398,0.04410825158261944
3646,MMM,0.19333074085322077,0.34591921378338797,0.3217245663520418,0.05849472420830655
3647,MMM,0.195374718388597,0.3646992378368405,0.33029349433940236,0.16550170054472926
3648,MMM,0.1968849328181257,0.37350311602340935,0.3391379142159695,0.18943719968899603
3649,MMM,0.19848368614691725,0.3788326761374903,0.3474176891723497,0.0
3650,MMM,0.2000070028787022,0.38389665095993136,0.35518573795274555,0.0
3651,MMM,0.20141097231233895,0.3853632858488225,0.36173156999543676,0.0
3652,MMM,0.20309067516139412,0.38643792401895394,0.36721105515444746,0.0
3653,MMM,0.20474001420711008,0.3888218355625233,0.37213329925387184,0.0
3654,MMM,0.2064045412054727,0.38931718375696617,0.3761830207766408,0.0
3655,MMM,0.20809941990522018,0.3892155247277266,0.3793998276613395,0.0
3656,MMM,0.2097538266442991,0.3872407936502155,0.3815270734385376,0.0
3657,MMM,0.21163084217665618,0.3860419406786039,0.38295798361960187,0.0
3658,MMM,0.2135179785733945,0.38353980045158875,0.38353734146779156,0.0
3659,MMM,0.21535452013094658,0.38382085815880074,0.384064334050902,0.08580297531863444
3660,MMM,0.21730742702256145,0.38494661693205706,0.3847402985818167,0.09289289785691811
3661,MMM,0.21914902798440594,0.3816869987690318,0.38454454422453654,0.04031952884195886
3662,MMM,0.22049784855318033,0.3778864410291503,0.3835291869272044,0.08508946087330249
3663,MMM,0.2218739897417472,0.3758375984389999,0.3822539555155854,0.03970460525577834
3664,MMM,0.22299716821292148,0.3725636934743364,0.3804940162345726,0.06313912114809352
3665,MMM,0.22358658357824823,0.3633329406582906,0.37700033300237884,0.1323665525492231
3666,MMM,0.22371205741600986,0.35176140393302685,0.3715907435278841,0.0
3667,MMM,0.22320612270827977,0.34544699704048,0.36583630215355906,0.0
3668,MMM,0.22300880950851765,0.3393254969136372,0.3598495674460655,0.0
3669,MMM,0.2230948217283153,0.33749681375922996,0.35464698016137663,0.0
3670,MMM,0.22267995463294943,0.33009410491127,0.3488122336177948,0.0
3671,MMM,0.22254841002029213,0.3265524271591233,0.34334417771645154,0.0
3672,MMM,0.22233591785571138,0.32318886597696894,0.33820972060164184,0.0
3673,MMM,0.2220627162373836,0.3219279728276359,0.33381725020053743,0.0
3674,MMM,0.2216883241281744,0.3188492933647055,0.32960763184389164,0.0
3675,MMM,0.22128358031758055,0.31630638238861036,0.3256653545203132,0.0
3676,MMM,0.22110649971368268,0.3165812906292028,0.3225736494652412,0.06565608084214306
3677,MMM,0.22051961480465843,0.31195348812546514,0.3190546117829993,0.05834040294733536
3678,MMM,0.22006933377017357,0.3096081055114088,0.31570943145696506,0.03866225782513288
3679,MMM,0.2193509048798854,0.30693066021030313,0.3124283058973927,0.030442141629606543
3680,MMM,0.21863247598959745,0.3066147450932641,0.3097320229502601,0.03039715586034103
3681,MMM,0.2179418755373137,0.30352549869597495,0.3068769669085103,0.0373629837962676
3682,MMM,0.21703321794490193,0.2975582916928756,0.30324460372062356,0.09954654108434596
3683,MMM,0.21568743098536225,0.2883307769473353,0.29825371302011866,0.0
3684,MMM,0.21440741461820023,0.2813922152432481,0.29269319996368687,0.0
3685,MMM,0.2133904853803743,0.2741790747407789,0.28661494665773224,0.0
3686,MMM,0.21273782698496269,0.2705347132808842,0.2809288834820689,0.0
3687,MMM,0.21183726308119932,0.2677290804060908,0.27574608706048015,0.0
3688,MMM,0.21091646168435774,0.26494615593655857,0.27097103511261655,0.0
3689,MMM,0.20959091284633558,0.26065806761772786,0.26618207992640275,0.0
3690,MMM,0.2085233934065347,0.2559799100372769,0.26129386417395495,0.0
3691,MMM,0.20729564711728754,0.2530728364388425,0.256726424684594,0.0
3692,MMM,0.20636472243567372,0.255387278774708,0.2535954321726593,0.0
3693,MMM,0.20550969273622166,0.2604582134754091,0.2522364395954748,0.10429743976659353
3694,MMM,0.20464960674660326,0.2629668884719516,0.25171609239215254,0.05009773483073367
3695,MMM,0.20373386388097603,0.26462393604693246,0.25167423228560154,0.05930399576354488
3696,MMM,0.2024285540998909,0.2630777964560116,0.25129138672240586,0.051583091726691975
3697,MMM,0.20156239627527395,0.26405914577060935,0.2512068507431197,0.04949827879251584
3698,MMM,0.20057329566159088,0.26485516314147206,0.2513190858107466,0.038587281543023697
3699,MMM,0.1992831604119787,0.26074385158290253,0.2504799037733876,0.10584478492728777
3700,MMM,0.19786654194745634,0.25798003572330563,0.24918406101276885,0.0
3701,MMM,0.19672565867169034,0.25756203182497817,0.24805293686679572,0.0
3702,MMM,0.19608817892347985,0.261577853354399,0.24805543122240853,0.0
3703,MMM,0.19595157508882766,0.2679112207950278,0.24948848072622037,0.0
3704,MMM,0.195319157211983,0.26614161842281103,0.25023507038986537,0.0
3705,MMM,0.19477275094983915,0.26441064839753714,0.25044122134100427,0.0
3706,MMM,0.19401890811452316,0.26213730733203305,0.2500924700467922,0.0
3707,MMM,0.19336119110221417,0.2619081553393882,0.2497616910460377,0.0
3708,MMM,0.1927591309777319,0.26202461163355545,0.24952338169022614,0.0
3709,MMM,0.19213683033468243,0.259745229531002,0.24881769714985458,0.0
3710,MMM,0.19126662376520853,0.25302360509627786,0.24673436701301232,0.12491568120084848
3711,MMM,0.19007094755735587,0.24378657185170105,0.24298055200393015,0.09115037821696956
3712,MMM,0.18879594278644873,0.24008664446524008,0.23914148408455632,0.12901103922440282
3713,MMM,0.1874779837153615,0.23999127603037138,0.2360486808047848,0.07994431682733436
3714,MMM,0.1862106171877529,0.23942584687779117,0.23344667681720227,0.047311568958402335
3715,MMM,0.1848268864251852,0.23723990807878606,0.2308711505232532,0.05671512968240165
3716,MMM,0.18343050637261538,0.23280985158500178,0.22780973748649574,0.10577240624865324
3717,MMM,0.18190359413425283,0.22996655987910664,0.22471815198686557,0.0
3718,MMM,0.1803933785627796,0.22839890779919098,0.22189066526161955,0.0
3719,MMM,0.17925502573740704,0.2282926941654306,0.21960467641369494,0.0
3720,MMM,0.1782178640499683,0.2305173334355643,0.2182785529918444,0.0
3721,MMM,0.17728188680243395,0.23580127471881177,0.2184115855211246,0.0
3722,MMM,0.1759361010764311,0.23853563302248942,0.21913585260263124,0.0
3723,MMM,0.1743778262113358,0.24101821104368343,0.2202762163925235,0.0
3724,MMM,0.17338113587946813,0.24475582681873642,0.22203303920436487,0.0
3725,MMM,0.17247545950511078,0.2489151615957462,0.22437831861629887,0.0
3726,MMM,0.17159007447752872,0.2517302445719367,0.22689062332155016,0.0
3727,MMM,0.17135734523203316,0.26515675233399527,0.2319342493632624,0.07990570699387024
3728,MMM,0.17122074267671317,0.27734170166499295,0.238722396534985,0.053744888182025885
3729,MMM,0.17110422326284946,0.2846370172972462,0.24580132498840376,0.03259272116084538
3730,MMM,0.17139513385024774,0.29109525001391157,0.2529237356640676,0.033790216362658505
3731,MMM,0.17198707445704575,0.2961554653365645,0.2597650435433153,0.04122443943421835
3732,MMM,0.17238175538775158,0.3001737609170957,0.26614604254253404,0.04909624061837132
3733,MMM,0.17289527962959594,0.30717973066999926,0.27283387340209997,0.10292000148771836
3734,MMM,0.1733683284332328,0.3108200648502819,0.2790066886379726,0.0
3735,MMM,0.174266365498575,0.3173345433825341,0.28541691774491473,0.0
3736,MMM,0.17531365340172766,0.3209923022718059,0.2913715887732484,0.0
3737,MMM,0.1764671874817174,0.3250354050765858,0.29704888360017606,0.0
3738,MMM,0.17736774835999203,0.32407787829277346,0.3013743618027906,0.0
3739,MMM,0.17815700756456754,0.3217306313897914,0.3043043729398321,0.0
3740,MMM,0.17882483575969443,0.31935773854773364,0.30611221560443386,0.0
3741,MMM,0.1794673708703336,0.3196570812300845,0.3076261276163975,0.0
3742,MMM,0.1803587766201804,0.32117226453472514,0.30917961998613375,0.0
3743,MMM,0.18120874225301442,0.32115152142068193,0.3104177268782074,0.0
3744,MMM,0.18231673719543262,0.32579042472161934,0.31245639430714006,0.07732994700298548
3745,MMM,0.18354874083815576,0.33154706197868616,0.3153880673849927,0.04026828520977715
3746,MMM,0.1849097074095667,0.3365590513390282,0.3188658883040644,0.04789520323000185
3747,MMM,0.1856230765838538,0.3412636883245421,0.322711179788321,0.04946273885406723
3748,MMM,0.1864882233885765,0.34796893099162884,0.32730249394319155,0.03652537474857855
3749,MMM,0.18755590194573513,0.3531298360243937,0.3321416759171268,0.04390268668946654
3750,MMM,0.18850452944794127,0.35539317397168824,0.3365244333000148,0.08938743196787946
3751,MMM,0.1895518168015422,0.35787775441810615,0.3405920417883647,0.0
3752,MMM,0.19050297338026256,0.3577680194041984,0.34382133343898924,0.0
3753,MMM,0.19127705288137498,0.35829223857664383,0.34652321653534124,0.0
3754,MMM,0.1921463967685324,0.357665816562563,0.3485431800260976,0.0
3755,MMM,0.1939602921378456,0.37412529473929057,0.3538782469585602,0.0
3756,MMM,0.19596207034766988,0.38767684796365653,0.3612083373895801,0.0
3757,MMM,0.19755207956242882,0.39268608764910157,0.3682042708892716,0.0
3758,MMM,0.1996401749612995,0.399003122862271,0.3752283813651018,0.0
3759,MMM,0.2022177096979345,0.4086635047581522,0.383030478254806,0.0
3760,MMM,0.20480844161573408,0.41490072648712784,0.3906814852122906,0.0
3761,MMM,0.20696398891884793,0.41448895885349957,0.3967092499540006,0.4238261636525611
3762,MMM,0.20970015477982207,0.42286257220327145,0.4034235188801292,0.19359584477902364
3763,MMM,0.21311321017420548,0.43696139866051686,0.4119806298548041,0.15816677676963214
3764,MMM,0.21633549215590686,0.4485512579676303,0.4214451015964196,0.126783358099121
3765,MMM,0.21967178394267628,0.46002313856511967,0.4316088041098968,0.13197053609222437
3766,MMM,0.22322731008451946,0.471256854959538,0.4422780769243472,0.1651023780469446
3767,MMM,0.2266524238930543,0.4773927047105862,0.45219991914869995,0.24258770896686818
3768,MMM,0.22952410818135927,0.4755695281900481,0.45972543765918705,0.0
3769,MMM,0.23241285072971118,0.47284410137356486,0.4651300295208336,0.0
3770,MMM,0.23559938803380098,0.47192209665551776,0.46924537172825953,0.0
3771,MMM,0.23862125207354623,0.4681733863223134,0.47169060684692554,0.0
3772,MMM,0.24233125138773426,0.4719926687846209,0.4745097796920478,0.0
3773,MMM,0.24592399486670713,0.4725776514891613,0.47689729754850535,0.0
3774,MMM,0.2494390377480955,0.46955943460418825,0.4781253316004203,0.0
3775,MMM,0.2514903190019848,0.46145042896813926,0.4772754910607201,0.0
3776,MMM,0.2533963768042715,0.45263293669717664,0.47460326497618566,0.0
3777,MMM,0.25514510920065536,0.43707416584644054,0.46894990700516515,0.0
3778,MMM,0.25701855030085374,0.42859569582568635,0.4625114706399518,0.24797372169866738
3779,MMM,0.2583618670435184,0.41856953617876475,0.45509526384370985,0.15830763772168924
3780,MMM,0.25912077938630884,0.4007182684284539,0.4451287208978245,0.09393075851792554
3781,MMM,0.2603491270091376,0.3884646884741297,0.43438673279216694,0.06998876536497214
3782,MMM,0.26071823698461727,0.37528375633140654,0.4228148489908432,0.0673204362320817
3783,MMM,0.260639575943616,0.366485030917932,0.41156922875630597,0.07904164961989386
3784,MMM,0.26042888216755866,0.35900630876501505,0.4008828802907767,0.1303957980221611
3785,MMM,0.2601323853951698,0.3553033055270618,0.3914970906032026,0.0
3786,MMM,0.2594546142775269,0.35026201527930256,0.3828493557236861,0.0
3787,MMM,0.2588313643697093,0.34582346654398666,0.37492825695674903,0.0
3788,MMM,0.25843502536637675,0.34053528856099236,0.3673964893742992,0.0
3789,MMM,0.25809011966882034,0.33738659953075545,0.36065961428313364,0.0
3790,MMM,0.25732769654790544,0.3315670632492447,0.353955162746495,0.0
3791,MMM,0.2568194144672957,0.3292996246387677,0.3480792631494033,0.0
3792,MMM,0.2557060346716744,0.3270075747350361,0.3428606440670342,0.0
3793,MMM,0.25455634901315216,0.3239254595184371,0.33798933044075274,0.0
3794,MMM,0.2534308672632306,0.3200823814847669,0.33322391806880297,0.0
3795,MMM,0.2535216339517552,0.3308280935578688,0.3318396321141915,0.1369274719591657
3796,MMM,0.25319851384014425,0.3322149259552011,0.33104556462235846,0.10557156427090879
3797,MMM,0.2529837061825879,0.32760823274605655,0.3293694067346324,0.08134501546459615
3798,MMM,0.2525867031376954,0.3262918346619158,0.32773103411535975,0.0524987469515057
3799,MMM,0.25242635261253965,0.3265058104678012,0.32646868485488933,0.0690217484350915
3800,MMM,0.2527808189574037,0.32525998770564624,0.3251773059617828,0.06816878991232499
3801,MMM,0.2529744500415463,0.3245227702381691,0.32397762510965056,0.1075997022201835
3802,MMM,0.2533254076395588,0.32339549302323095,0.32276316686451273,0.0
3803,MMM,0.2536461090591928,0.32418909067980506,0.3219709173736882,0.0
3804,MMM,0.2538397386660458,0.3228482666906348,0.3210341523243593,0.0
3805,MMM,0.25405757384345007,0.3247204189989206,0.3207077618623855,0.0
3806,MMM,0.2545416520154593,0.3282916221726768,0.3212535795665036,0.0
3807,MMM,0.2548684047815657,0.32854896355500623,0.3217483812197349,0.0
3808,MMM,0.2552768457391985,0.3283321169751104,0.32209522504254673,0.0
3809,MMM,0.2558093317284087,0.3311109291430029,0.3230005857175839,0.0
3810,MMM,0.2563841745576698,0.33062677770822735,0.32361547797464235,0.0
3811,MMM,0.25689850761542954,0.3316647514394013,0.3243419268035404,0.0
3812,MMM,0.25704978093621556,0.32662275491856974,0.32378382315149495,0.10466783440750141
3813,MMM,0.25726156605977546,0.3222759862425648,0.32235516750055293,0.06567804239879235
3814,MMM,0.2572797204685151,0.3146274548164367,0.31948402150175076,0.0763793422041492
3815,MMM,0.25610945801605256,0.3050635798540263,0.31502610238702977,0.0661596616975693
3816,MMM,0.2548290682595771,0.28922044701949823,0.30787993707054084,0.07456338122959923
3817,MMM,0.25339274599638806,0.26932267659879755,0.2976670104505276,0.08615140840289302
3818,MMM,0.25182554513044186,0.2547751476998923,0.28620958690370285,0.10356467944097213
3819,MMM,0.2501887556266742,0.2444195575918548,0.27470375400743846,0.0
3820,MMM,0.2486336556070614,0.2370235654638707,0.26382792864891524,0.0
3821,MMM,0.24720108602812663,0.23426638765738197,0.2545042711305373,0.0
3822,MMM,0.24582146323790033,0.2333598609941701,0.24684051117288558,0.0
3823,MMM,0.2444176365390731,0.23499827925644587,0.24107971148246257,0.0
3824,MMM,0.2429775039773454,0.23480450246500756,0.23642728695704118,0.0
3825,MMM,0.2413255872153639,0.23547961826458091,0.23285789291179407,0.0
3826,MMM,0.23948003918457839,0.23629652794869,0.23018696224262586,0.0
3827,MMM,0.2379430909884488,0.23996010895219733,0.22887802098403576,0.0
3828,MMM,0.23635773497511825,0.24271316983599953,0.22845293497077096,0.0
3829,MMM,0.23396759918548327,0.23701809156615786,0.22682603656677008,0.08947952881834428
3830,MMM,0.23231568076155118,0.24176957363872997,0.22659813745926838,0.04791964431724059
3831,MMM,0.2304761850005439,0.24517731162233417,0.22718581252207865,0.041055831354136596
3832,MMM,0.22916917633671408,0.2507695383456889,0.22891954237734533,0.06271181537651377
3833,MMM,0.2279408287138851,0.25676990824035273,0.231662337926628,0.03848231474807084
3834,MMM,0.22708763871978466,0.2634643516026502,0.23536921518005138,0.0384067481015356
3835,MMM,0.2263215857142924,0.2669959931514721,0.23913270792214775,0.05683934235764395
3836,MMM,0.2261279553687945,0.2702230402179261,0.24287266850610306,0.0
3837,MMM,0.2264599722708145,0.2731746586098304,0.24653156896526604,0.0
3838,MMM,0.22679277416745913,0.27649666221854136,0.2502093115980834,0.0
3839,MMM,0.22715583279646623,0.28033663048000246,0.2540191645076746,0.0
3840,MMM,0.2275188914254731,0.2836532031954939,0.25781644196508996,0.0
3841,MMM,0.22769285701853903,0.28599064368345656,0.2613824195506955,0.0
3842,MMM,0.22788043731019259,0.28868540266573384,0.26484409502523,0.0
3843,MMM,0.227959100013144,0.2909210441423996,0.2681185890614133,0.0
3844,MMM,0.22815878225909803,0.29232877678288527,0.2710562680699894,0.0
3845,MMM,0.2284915860023542,0.29555107472296877,0.27413450457979466,0.0
3846,MMM,0.22943553696048302,0.30662206796940944,0.2790986365343247,0.07833828944269008
3847,MMM,0.23024636568266477,0.31557004809227984,0.2850917800916673,0.04748017703848409
3848,MMM,0.23082120758862001,0.318148427757926,0.290468891892234,0.05210013289103231
3849,MMM,0.23212216859920076,0.32208223277897263,0.2956594429910972,0.04166036452641852
3850,MMM,0.23276962296960213,0.32384546534706415,0.3002102945225335,0.031056474851361
3851,MMM,0.2335380950363941,0.32574751336200686,0.30428075240003105,0.04009176624638623
3852,MMM,0.23410688374926503,0.3263198949533573,0.30766645100187845,0.0690917656560218
3853,MMM,0.23466962296227534,0.32743784184420005,0.3106276152163843,0.0
3854,MMM,0.23506293721567784,0.32702247320899974,0.31290269210055,0.0
3855,MMM,0.23560147492068273,0.3263845153210508,0.314578604036858,0.0
3856,MMM,0.23618236872709386,0.3262877927080945,0.3158974786587542,0.0
3857,MMM,0.23670880373915404,0.325199500300612,0.3167066735925693,0.0
3858,MMM,0.23716262702541258,0.3237009183585808,0.3170154179350476,0.0
3859,MMM,0.23764670519742181,0.3236688583309678,0.31725516929572006,0.0
3860,MMM,0.23823364998098318,0.3249632376628818,0.3177394414532157,0.0
3861,MMM,0.2388145437873943,0.3251570241831431,0.3181706461505682,0.0
3862,MMM,0.23932887684515425,0.3247519488904283,0.3184240812499283,0.0
3863,MMM,0.2402728305732007,0.3304346301240736,0.3199108577544471,0.05590928224083445
3864,MMM,0.2412712423569534,0.3348896300414251,0.32210690704297396,0.04615138478831598
3865,MMM,0.24228478324553193,0.3402357504460162,0.3250717274040804,0.04836477909448724
3866,MMM,0.24262968875842716,0.34267724471415995,0.3279952507513403,0.046117379797375124
3867,MMM,0.24294434215548977,0.34401065269851433,0.33063535920481546,0.045813105972185575
3868,MMM,0.24350103094533337,0.3438408279385646,0.33270907326814547,0.03880099346525617
3869,MMM,0.2438277842654233,0.3419640124315093,0.3339439692697301,0.0952789147212683
3870,MMM,0.244354221124095,0.3418701888104777,0.3349106861846429,0.0
3871,MMM,0.24474753537749727,0.34016386653638975,0.3352985082115512,0.0
3872,MMM,0.24521346246466802,0.33880744225967657,0.3353022754184142,0.0
3873,MMM,0.24555231718507442,0.3364124404380661,0.3347641273114524,0.0
3874,MMM,0.24599403851703294,0.3346477485064656,0.3339348684235212,0.0
3875,MMM,0.2464539127804417,0.3331313651633314,0.332928827398696,0.0
3876,MMM,0.24673830870649716,0.32970173114147183,0.3313490527176864,0.0
3877,MMM,0.24734340642150876,0.3306561524013068,0.33030088892412685,0.0
3878,MMM,0.24797875902227107,0.3311385270736842,0.32957135270446963,0.0
3879,MMM,0.24760964941611396,0.31787530293981053,0.3259908361513419,0.0
3880,MMM,0.24724610586688,0.30895085792334115,0.32110990278257884,0.08467644192083332
3881,MMM,0.24708067161977176,0.3042198815389552,0.31613616982810094,0.03752403521169583
3882,MMM,0.24679022582453314,0.29836566214341714,0.3108343951888484,0.02815188187516272
3883,MMM,0.24639691138646969,0.2985744780561491,0.3066401584103829,0.04757097508721159
3884,MMM,0.24590678371459962,0.2976872340591999,0.30308429205336407,0.03259248501507496
3885,MMM,0.24551649310316082,0.30073272438523546,0.30092774176267356,0.044525403086071
3886,MMM,0.24533496655857467,0.3048767815500747,0.30013887064459854,0.06284063289427931
3887,MMM,0.2450626722174971,0.3066466629268439,0.29990768673192764,0.0
3888,MMM,0.24497190959151816,0.30990098403955774,0.3004580686904897,0.0
3889,MMM,0.2449719079295678,0.31242180068626246,0.30146796457845315,0.0
3890,MMM,0.2448327354551152,0.31407357269573377,0.3026491069062093,0.0
3891,MMM,0.24472381786641306,0.31449437687291626,0.30368910344200756,0.0
3892,MMM,0.24452413562045927,0.3137688624768566,0.3043571672967673,0.0
3893,MMM,0.24436075923740597,0.3126847720004551,0.30464666306286997,0.0
3894,MMM,0.24396139474549838,0.30876430099651087,0.30399241090092227,0.0
3895,MMM,0.24355597927644057,0.3057653402198568,0.30279137994592437,0.0
3896,MMM,0.24379196738529507,0.3108717548657396,0.30298437347398266,0.0
3897,MMM,0.24356202822231787,0.3119105709512197,0.303373493653579,0.06299743368583993
3898,MMM,0.2436285902635973,0.3170114355562263,0.30483735403159734,0.04481857806005069
3899,MMM,0.2444754829425495,0.3189463667688376,0.30644564909879796,0.028779085041405212
3900,MMM,0.24547437983119047,0.32414140151625725,0.3089061275713827,0.0358797522122431
3901,MMM,0.24645064649370374,0.3299684327165238,0.31219115532513275,0.034520851376346105
3902,MMM,0.2475414538621432,0.33376881604172104,0.31567789192982654,0.03317104215261039
3903,MMM,0.24816470376996036,0.3342964906420642,0.3185865117595421,0.058156799610831776
3904,MMM,0.24878795238514972,0.3332519573274807,0.3206773904314869,0.0
3905,MMM,0.2491691643149292,0.33222716247461564,0.32211853617503494,0.0
3906,MMM,0.24955037476741948,0.33282331717718827,0.32340615671548384,0.0
3907,MMM,0.2500889117337799,0.33379720483086384,0.32465630762190045,0.0
3908,MMM,0.25047012329423723,0.33381631148911217,0.325660745585902,0.0
3909,MMM,0.2509844563519972,0.33547786218150144,0.3268397311136674,0.0
3910,MMM,0.251395922798205,0.33468841140840816,0.32760453943832774,0.0
3911,MMM,0.25165006383850996,0.3306594849528055,0.3273060313062505,0.0
3912,MMM,0.25197076562746634,0.3272374893917041,0.3262940088854028,0.0
3913,MMM,0.25212204005621897,0.3214080282352027,0.32416719691305657,0.0
3914,MMM,0.25203000493013206,0.310109880999279,0.31991287808127594,0.061533447982104875
3915,MMM,0.2518867183895195,0.3005653861635897,0.31435279973052205,0.05931426810455827
3916,MMM,0.2513983440754388,0.2955530742572303,0.3087721817123469,0.031142549984680044
3917,MMM,0.2507569419748157,0.2865994078923053,0.30228456447107904,0.04215095736447152
3918,MMM,0.2498416088811839,0.2801513800841963,0.2956375086119928,0.046674683815572514
3919,MMM,0.24884949367393472,0.2723345279234257,0.2885536095887835,0.04261368500161465
3920,MMM,0.24769980709210682,0.26811470154091255,0.28193300084633416,0.06799604928126084
3921,MMM,0.24652591604769492,0.2668497106515598,0.27635068323957923,0.0
3922,MMM,0.24542300561698815,0.2668516373804344,0.27188526450758344,0.0
3923,MMM,0.24443064573369155,0.2667836038425897,0.26829755702564984,0.0
3924,MMM,0.24322650128081835,0.26294265189961,0.26455950996932204,0.0
3925,MMM,0.2423067527540006,0.26468978195117926,0.26196384453762245,0.0
3926,MMM,0.24115706709547857,0.2648626271011773,0.2599263673629825,0.0
3927,MMM,0.24007394218560774,0.2672533355547166,0.25883657738911003,0.0
3928,MMM,0.23912998975018973,0.27117735205965593,0.25885139530738804,0.0
3929,MMM,0.23798030409166748,0.27360161619657775,0.2594110234715823,0.0
3930,MMM,0.23718157510785232,0.27925047366036415,0.26113511178884175,0.0
3931,MMM,0.23644335404892636,0.2817829981295586,0.26308661820105833,0.08949924699017457
3932,MMM,0.23565067641158333,0.28326186671198406,0.2649819806095254,0.058024085687854256
3933,MMM,0.234924558784247,0.2827472426031853,0.2663819888099915,0.0266767973202178
3934,MMM,0.23450831404565808,0.28058813374899166,0.2670141346181008,0.03003597090447963
3935,MMM,0.2340343996243308,0.27769639576951144,0.2668664495320734,0.03500530442436812
3936,MMM,0.2334699042836137,0.2768314897113916,0.26655287189084614,0.04312316950130146
3937,MMM,0.23336703878002862,0.2780956610343615,0.26658765520579925,0.05303763159961013
3938,MMM,0.23336867303136466,0.28127913000288063,0.2673348015728251,0.0
3939,MMM,0.23345338578816044,0.28221116991451467,0.2681431174473021,0.0
3940,MMM,0.23344128401852138,0.2833166337136782,0.2690395548669142,0.0
3941,MMM,0.23315688809246593,0.28206611869006254,0.26947414507943246,0.0
3942,MMM,0.23279382946345883,0.28075489816793486,0.269525540834728,0.0
3943,MMM,0.23243077083445196,0.2794996038404165,0.26928301780970454,0.0
3944,MMM,0.2324368218116022,0.27998478285395345,0.2691986278588882,0.0
3945,MMM,0.23212822197694605,0.2803227899001737,0.26920749017251916,0.0
3946,MMM,0.23195274363959273,0.28116145293206557,0.26940407986121107,0.0
3947,MMM,0.23183777507374037,0.2847735199533972,0.27037751506350266,0.0
3948,MMM,0.23107837596411152,0.28002473842947634,0.2700832538112457,0.05508253589858484
3949,MMM,0.23037041256085367,0.2763059163362848,0.2690075595499013,0.05019809678316328
3950,MMM,0.22969875188125677,0.27764221912244386,0.2684489480105113,0.03950813197478672
3951,MMM,0.22919047201658116,0.2792050635382736,0.26835519079033654,0.026085252165309124
3952,MMM,0.22859747422459664,0.2787139001227291,0.26816920434134817,0.033065484993231475
3953,MMM,0.22850066099079025,0.28396837066752006,0.2692076873976131,0.033722442526547214
3954,MMM,0.22842804760303825,0.2866694115242678,0.27064878666761666,0.06380517029357052
3955,MMM,0.22861562918732004,0.2913236504112382,0.2728533131463424,0.0
3956,MMM,0.22874875031530006,0.2954186106344754,0.2755422097600256,0.0
3957,MMM,0.22857932240111323,0.29592965540398747,0.2778088000088132,0.0
3958,MMM,0.22847645578956155,0.29929383244405555,0.2803822237575567,0.0
3959,MMM,0.22837964015515966,0.30025070179791685,0.28265717186610434,0.0
3960,MMM,0.22834333429225895,0.30205548813889055,0.28488493027478157,0.0
3961,MMM,0.22845830285811108,0.303352947158117,0.2869603039404451,0.0
3962,MMM,0.22861562826401416,0.3044152312458962,0.28886063093509745,0.0
3963,MMM,0.2288576673500189,0.3059895140572578,0.2907366091011695,0.0
3964,MMM,0.22902104373307197,0.3072386365360358,0.2925196367051741,0.0
3965,MMM,0.22924493025694836,0.30875004295044617,0.2942875681425162,0.06712880393938375
3966,MMM,0.2289605361775049,0.302746337206678,0.29434534787660055,0.05687700760802636
3967,MMM,0.2284643560511952,0.29765249743065814,0.2932405947225191,0.03849849073334479
3968,MMM,0.22894843606981619,0.3002803641791241,0.29295057099195587,0.044036935559951806
3969,MMM,0.22930846994889276,0.30029494944429186,0.2927218476164426,0.03534157600144994
3970,MMM,0.2292700465763795,0.29845222625811385,0.2921224969864389,0.037783559413390296
3971,MMM,0.2293245031547968,0.2986463550996755,0.2916868808028922,0.0614866911195612
3972,MMM,0.22948788119980046,0.2984551461175242,0.2912951832915,0.0
3973,MMM,0.22931845180832422,0.29884963426607564,0.2910709617261267,0.0
3974,MMM,0.2293547571172414,0.30058395432757895,0.2912834622099725,0.0
3975,MMM,0.22914297291698738,0.30069189195753315,0.2914778516097868,0.0
3976,MMM,0.22898564751108452,0.3019150778415168,0.2919097477057838,0.0
3977,MMM,0.22906431021403595,0.3035553702918099,0.29262589633983527,0.0
3978,MMM,0.2290522082597357,0.3063892108305074,0.29383913478183205,0.0
3979,MMM,0.22900380044253477,0.3063184465738818,0.29479373602040165,0.0
3980,MMM,0.22908851412263642,0.30919694434740097,0.29620782705725873,0.0
3981,MMM,0.2291066670540869,0.31028025337150117,0.2975838786316441,0.0
3982,MMM,0.2296270521969639,0.3184450469605957,0.3005295932215153,0.05849236275060232
3983,MMM,0.22999313557590106,0.3231661706422725,0.3039529248885827,0.042555711214975894
3984,MMM,0.23024733736973024,0.3250478424125969,0.3071167627667336,0.03020174523531631
3985,MMM,0.23016262405895094,0.321892489633392,0.30893486633877676,0.029024440496874318
3986,MMM,0.2304893727625117,0.3181037010547981,0.30953325468198684,0.029097055321279274
3987,MMM,0.23087058266101845,0.31536712086234436,0.30939362225230294,0.03402695249750719
3988,MMM,0.23101883326314687,0.31623104125229323,0.30947712316462406,0.06659641329996593
3989,MMM,0.2310218570897713,0.312556719358933,0.30871369366339674,0.0
3990,MMM,0.2313446786042741,0.3123637359647559,0.30805934456115697,0.0
3991,MMM,0.2315685666054399,0.3122441522616445,0.30750884478188295,0.0
3992,MMM,0.23165933126269156,0.30970418385535714,0.30649452720762405,0.0
3993,MMM,0.23170773907989273,0.30751046812141297,0.305187392809481,0.0
3994,MMM,0.2316109234454906,0.3049932189904952,0.30357290106674417,0.0
3995,MMM,0.23161697442264084,0.30322516866231897,0.30188180842476614,0.0
3996,MMM,0.2318408605771951,0.306137306910527,0.3011869455799101,0.0
3997,MMM,0.23181665666859463,0.30542239932432313,0.30046951858848314,0.0
3998,MMM,0.2317016881027425,0.3050615490060089,0.29981404117679983,0.0
3999,MMM,0.23230073539458762,0.3129512462181712,0.3010723732637387,0.07069165325063509
4000,MMM,0.23268799590092204,0.31889187953592313,0.3034213528391826,0.03853367645313776
4001,MMM,0.23274850474911735,0.3174824111012327,0.30498206050908255,0.03479891302101874
4002,MMM,0.23270009582394935,0.32201828896918455,0.3072555294814373,0.034722165645631395
4003,MMM,0.23278783757788246,0.32584783636844505,0.3099396088200647,0.03579473973489095
4004,MMM,0.2328664386040038,0.3268666618651549,0.31231708068100905,0.046616237737392915
4005,MMM,0.23355019736001648,0.33186992070496013,0.31534956792457175,0.08256931321135223
4006,MMM,0.2339253601592579,0.32984377585532765,0.3173177408063855,0.0
4007,MMM,0.23451333527088525,0.33146850677354134,0.3192593946680744,0.0
4008,MMM,0.23489454480006966,0.3325402874138477,0.32105489161004336,0.0
4009,MMM,0.23566301889813412,0.3345098554723606,0.322936322285869,0.0
4010,MMM,0.23629232052174642,0.3364520146228868,0.32488030677772084,0.0
4011,MMM,0.23694582605395897,0.3380849322941302,0.3268044597626091,0.0
4012,MMM,0.2378837275122272,0.3407851299857649,0.3289539044584073,0.0
4013,MMM,0.2388276799476452,0.3424313034732346,0.3310454208201785,0.0
4014,MMM,0.23974137749731295,0.34208183232788414,0.3326396692684502,0.0
4015,MMM,0.24072768677278167,0.3426520588783315,0.3340439133853373,0.0
4016,MMM,0.2413811902737215,0.3420768774987277,0.33503734375373606,0.04352473538390513
4017,MMM,0.24192577821723193,0.3366263950279533,0.3346005260208035,0.02983642772847251
4018,MMM,0.24248852093880435,0.3324653967936371,0.33331087480603155,0.029634050803220322
4019,MMM,0.24263374309777896,0.330955838537762,0.3319380620801478,0.02642494785606207
4020,MMM,0.24293326812866023,0.3315851378734896,0.3309820050300607,0.030374013574839615
4021,MMM,0.2436049269616456,0.3313152015681376,0.33015616601824116,0.03623267206613971
4022,MMM,0.24396798466734682,0.33207043298215455,0.3296661428819754,0.08025449429678447
4023,MMM,0.24420397092958956,0.3309639268096216,0.32902410412379024,0.0
4024,MMM,0.24466989709345421,0.3314219137214279,0.3286139574037739,0.0
4025,MMM,0.2448332743998134,0.33150661747930926,0.3283049792383473,0.0
4026,MMM,0.24538391332047405,0.3312978976407207,0.32801063548147197,0.0
4027,MMM,0.24578224914626623,0.3321012932740997,0.32795669147998024,0.0
4028,MMM,0.24609084898092215,0.33120924700316856,0.3277119742482551,0.0
4029,MMM,0.24649021347282973,0.3329835447645237,0.3279171113474341,0.0
4030,MMM,0.24680486428463566,0.3335504810397718,0.3282093229319642,0.0
4031,MMM,0.2470469033706404,0.3330764732178973,0.32833598791343366,0.0
4032,MMM,0.2469863935991392,0.3297557823346463,0.3276869942495847,0.0
4033,MMM,0.24781235308809713,0.3397822552085793,0.3294333277976862,0.08140641336490603
4034,MMM,0.24834484018527436,0.3417343115427711,0.3312714709023362,0.041375218508633196
4035,MMM,0.24886219854694813,0.3438903085775545,0.33322914300815776,0.05465959882375792
4036,MMM,0.2494240347668475,0.3451942796099968,0.3350899190514052,0.03999506455339817
4037,MMM,0.25019250683363925,0.344204272970723,0.3363548432516978,0.034632548325756005
4038,MMM,0.25076740783116835,0.34061903930281545,0.3365566822824053,0.030884560730493327
4039,MMM,0.2511909790015938,0.33725322902183785,0.3359576329188293,0.08218593055307111
4040,MMM,0.2514905027398471,0.3345412312145404,0.3348656048287112,0.0
4041,MMM,0.25174464433413557,0.33095569855147905,0.3331818144677356,0.0
4042,MMM,0.2521077038864483,0.33071114919112654,0.33177952510626263,0.0
4043,MMM,0.2525615271727071,0.3301649878748427,0.3305342859111217,0.0
4044,MMM,0.253081911207617,0.33204508891375256,0.32996291218539037,0.0
4045,MMM,0.2533844600651227,0.33004927019025804,0.32905484862192447,0.0
4046,MMM,0.2536507030597279,0.3276958505252315,0.3277966315816233,0.0
4047,MMM,0.254013761688735,0.32827669152939426,0.3269213016931547,0.0
4048,MMM,0.25417108709463787,0.3242433411485405,0.32530968338395577,0.0
4049,MMM,0.2539714048486841,0.3184117436361662,0.3227027119813189,0.0
4050,MMM,0.2537596186171571,0.313008586243407,0.3193962661544612,0.06258854728435316
4051,MMM,0.25317267494156304,0.3026015186983188,0.31439958386630606,0.03932122259749721
4052,MMM,0.25277330823372135,0.2945906491126895,0.30859214455451095,0.05206789899336962
4053,MMM,0.2513906577389857,0.28695469303909815,0.30222081308679655,0.03850557510645747
4054,MMM,0.2505374677448853,0.2834183573938047,0.29632469632019676,0.031343982326850546
4055,MMM,0.2496570494615764,0.28154046611981254,0.2911834845832625,0.03395162199674237
4056,MMM,0.24878056446114405,0.2804520791451038,0.28682458906210573,0.06479107888508498
4057,MMM,0.2480907550973035,0.2810571716082254,0.28347419611962404,0.0
4058,MMM,0.24754610713891334,0.2815654517824455,0.28090873005023265,0.0
4059,MMM,0.24695310934692905,0.28137227591589287,0.2788127082034273,0.0
4060,MMM,0.24648113312922004,0.28355370601649593,0.27762879506835725,0.0
4061,MMM,0.2462330430660653,0.28765926758397803,0.2776093354143601,0.0
4062,MMM,0.24572476098545537,0.2901264845824719,0.27815124692086635,0.0
4063,MMM,0.24517412206479472,0.2915476162489505,0.27890588747834383,0.0
4064,MMM,0.24427857744657766,0.2903620741856234,0.2792417211456661,0.0
4065,MMM,0.24361296996006487,0.2898041207885211,0.27938431589770235,0.0
4066,MMM,0.24272952729614783,0.2858482552181314,0.2786045453565334,0.0
4067,MMM,0.24125914003333082,0.27706167157181544,0.27599535921924434,0.07206708429046166
4068,MMM,0.2401094564060815,0.27096571912254375,0.2725306013187139,0.03393367491819025
4069,MMM,0.23925627010520434,0.26846396225140423,0.26919351132268243,0.02333757805355668
4070,MMM,0.23837282799527082,0.26579612234587385,0.2659210284112047,0.02986334834630069
4071,MMM,0.23800977028956982,0.26568500167295345,0.263277933845827,0.031442100894461145
4072,MMM,0.23793716151834698,0.2704116382351901,0.26223146384986323,0.04173274320505305
4073,MMM,0.23778588708959414,0.2718796284372221,0.2617259871108151,0.055202261804189114
4074,MMM,0.23771327647175955,0.27679890843581884,0.2624331400621128,0.0
4075,MMM,0.23759830919853586,0.2810014116809094,0.2639484377030438,0.0
4076,MMM,0.23731996424963042,0.28229228115891797,0.2654523538168269,0.0
4077,MMM,0.23681773314617094,0.2814643349239901,0.266468408380505,0.0
4078,MMM,0.2366362038316674,0.28553809826967785,0.2682017379284464,0.0
4079,MMM,0.23642441963141336,0.28765039580670393,0.27006568508282813,0.0
4080,MMM,0.2360734629567065,0.2895300325947706,0.2719815555370638,0.0
4081,MMM,0.23545626328739444,0.28943506898594146,0.2734927944285184,0.0
4082,MMM,0.23495403218393496,0.2902733903513573,0.2748912081783297,0.0
4083,MMM,0.23454256573772714,0.29174481957474085,0.27634241549887373,0.0
4084,MMM,0.23448810915931007,0.2958206126415131,0.278424325877288,0.04794018899926736
4085,MMM,0.2342218672726719,0.29622349817700544,0.28018088805264685,0.03639407770022357
4086,MMM,0.23442154970328688,0.2997652073258128,0.28238640355363415,0.03391667242271982
4087,MMM,0.23493527707241602,0.30128965786033873,0.28449527268856123,0.026525427881376896
4088,MMM,0.23546776139967585,0.303270521789569,0.2866299534736172,0.03260181277300665
4089,MMM,0.23590343249312884,0.3053119274098279,0.28879896325725624,0.03963175428560296
4090,MMM,0.23636330804916583,0.30613781276676716,0.2907207837464875,0.0797100602230751
4091,MMM,0.2368231802813019,0.3083041582282279,0.2927477360354222,0.0
4092,MMM,0.23690184224560884,0.30875114256386854,0.2944702960695147,0.0
4093,MMM,0.2372467490511323,0.3103252096166761,0.2962040119154836,0.0
4094,MMM,0.23712572950812993,0.30807150627233354,0.29708174977215496,0.0
4095,MMM,0.23733751370838396,0.3111677318147871,0.2984835467120547,0.0
4096,MMM,0.23770662331454107,0.31355024853863595,0.30014332507014535,0.0
4097,MMM,0.23819675246370053,0.3149922613045083,0.30179697729104166,0.0
4098,MMM,0.23837828177820408,0.3159466131969364,0.3033355393451166,0.0
4099,MMM,0.23862637184135882,0.3162423844036235,0.3046332198770147,0.0
4100,MMM,0.23883815604161307,0.31584171338231976,0.3055808308097526,0.0
4101,MMM,0.23934946250283073,0.31804328692968553,0.30683637540440345,0.0736873984942165
4102,MMM,0.23973672393247125,0.31853970159376693,0.30795297829716045,0.06276046140522083
4103,MMM,0.24010583298464483,0.31915550570211054,0.30898540443218825,0.05367062033722797
4104,MMM,0.24020264621845144,0.3182640217611758,0.3096099103707736,0.05359658863820048
4105,MMM,0.2406564695047102,0.3197435789510427,0.31044382799441045,0.04821518074892451
4106,MMM,0.24059596065651467,0.31633450478888486,0.3103406658287095,0.04633345317731182
4107,MMM,0.2408265055081229,0.31648339069315856,0.3102917775631454,0.09410834013728335
4108,MMM,0.24115930888205672,0.31870974841466143,0.310755722899314,0.0
4109,MMM,0.2415163143179797,0.3211216990462757,0.3116718707036578,0.0
4110,MMM,0.2418491182458975,0.3217035850423986,0.31253626881173013,0.0
4111,MMM,0.24206695342330153,0.32181902131960793,0.3132538706653737,0.0
4112,MMM,0.24233319641790652,0.3212135108302967,0.3136911342188705,0.0
4113,MMM,0.2426962550469136,0.3232376691623827,0.31449831311176607,0.0
4114,MMM,0.2435252389164797,0.3280074003920018,0.3162217993242395,0.0
4115,MMM,0.24782748367021235,0.3872038415614997,0.33097630127144173,0.0
4116,MMM,0.25124628576002817,0.41974546970769333,0.3501328360342372,0.0
4117,MMM,0.25465903687269376,0.44351766917487223,0.37082950359031647,0.0
4118,MMM,0.25742433232233,0.4510281949119463,0.38908387608179035,0.6178709215411582
4119,MMM,0.2599531547428844,0.4514608352622455,0.403785131187283,0.23011826770547192
4120,MMM,0.2618350090058932,0.4401592709661916,0.41299249391704196,0.10545750586379467
4121,MMM,0.26310268945748705,0.42341624265773425,0.4165752184814462,0.13910520825400313
4122,MMM,0.26502084810610693,0.41738772796396756,0.41807922701879885,0.10896415248168542
4123,MMM,0.2677952205754519,0.42429403180539577,0.42084294552964396,0.2132797754726015
4124,MMM,0.2704758036376145,0.425760408660006,0.423385255052641,0.26182733139339587
4125,MMM,0.2730051109783962,0.4256486237535769,0.4253938443481725,0.0
4126,MMM,0.27586026343871173,0.42455401390304925,0.4267533835650683,0.0
4127,MMM,0.27825039719707334,0.41847827180239555,0.42646817257075936,0.0
4128,MMM,0.2806042273084688,0.4141342130278934,0.425258443360936,0.0
4129,MMM,0.28302461816851543,0.41128493594597854,0.42364685249912426,0.0
4130,MMM,0.2852211228740076,0.40344111861367987,0.4205852325670055,0.0
4131,MMM,0.2884462936950196,0.4110763542727606,0.419861153858558,0.0
4132,MMM,0.2917138213560826,0.4159650605024506,0.42038651694813783,0.0
4133,MMM,0.295072113674397,0.4225421868222337,0.42229293989888883,0.0
4134,MMM,0.29823677472390786,0.4269139492429297,0.42480589844240246,0.0
4135,MMM,0.29848486367909577,0.4419928421905538,0.43022341172211864,0.36913374056671444
4136,MMM,0.29935015544283505,0.4483766789974799,0.4359998801547721,0.15826395075416105
4137,MMM,0.3003909242512999,0.45389638105805963,0.44186825741887575,0.08739896650803575
4138,MMM,0.3016767568956995,0.45057429470493904,0.44581231826818496,0.09570917231497832
4139,MMM,0.3033352126942983,0.44797766541953044,0.448380846405929,0.10849540312739651
4140,MMM,0.30558617693278634,0.4430126951945499,0.44931381065306325,0.14315310097770254
4141,MMM,0.30801867233238944,0.43385808821528965,0.447991655751643,0.20305230215559764
4142,MMM,0.3100397009164624,0.4276348707674426,0.4455277667176597,0.0
4143,MMM,0.3109987819027227,0.4187322247920551,0.4415450609595847,0.0
4144,MMM,0.3122089773327459,0.41155064764809846,0.43673618538091763,0.0
4145,MMM,0.3135280903514712,0.40641914118045663,0.4317295970113477,0.0
4146,MMM,0.3148723149253696,0.4019783013636715,0.42672089777178546,0.0
4147,MMM,0.3164092631214992,0.39635829403139045,0.4214440714164909,0.0
4148,MMM,0.3179583132719288,0.3928004615275593,0.416418701424015,0.0
4149,MMM,0.3190777440447006,0.38452361266345686,0.41052821268575934,0.0
4150,MMM,0.3204936726978278,0.37707109175338255,0.404131889710722,0.0
4151,MMM,0.3210382606413382,0.3725629608112262,0.3979961980420226,0.0
4152,MMM,0.32051182544461687,0.3527041003948687,0.3886004422378576,0.16004401757160677
4153,MMM,0.3199309318228669,0.3398161323867502,0.3781717408952893,0.12001671912054593
4154,MMM,0.3191927146418254,0.327578074095608,0.3670635332647374,0.07230996021534133
4155,MMM,0.3176630276921406,0.3191939192125466,0.3562825281187441,0.05175099136946246
4156,MMM,0.3162138160794312,0.3097720510734012,0.3455288087927124,0.06713081117843234
4157,MMM,0.3148099895652656,0.3051520325094463,0.33588191851133276,0.07244161148235194
4158,MMM,0.3136149225014233,0.2986356192474406,0.32669199220674094,0.11338704468881597
4159,MMM,0.3123139603828755,0.29371822985110485,0.3182289440109618,0.0
4160,MMM,0.311091661890585,0.28984403845834045,0.3105831137742869,0.0
4161,MMM,0.31023847189648457,0.28869075853866755,0.30420586058866295,0.0
4162,MMM,0.30910088819226256,0.2862291425127371,0.2985478443764285,0.0
4163,MMM,0.30804801816814265,0.28312470862959993,0.2933199700390781,0.0
4164,MMM,0.3069648932582718,0.281588551053937,0.2887905685743157,0.0
4165,MMM,0.30582125857689957,0.28147569565342156,0.28514154719648993,0.0
4166,MMM,0.30450214555817423,0.2798229051830429,0.2818488743508346,0.0
4167,MMM,0.3033827147854027,0.2807013296376658,0.2794132201916844,0.0
4168,MMM,0.3025174250529361,0.28727177069502313,0.27894931877711293,0.0
4169,MMM,0.30183789873089184,0.2908510871362889,0.2793869609499244,0.08770123309417671
4170,MMM,0.3011057288337775,0.2929847369675424,0.2802191828550316,0.06194410547686982
4171,MMM,0.3003130487958394,0.29605993432449135,0.2815798156167337,0.045255211589562125
4172,MMM,0.3007487198892924,0.3009888919992956,0.28378204288487124,0.03627694939809395
4173,MMM,0.30096957926264367,0.30496755622071975,0.2864428225040997,0.039618648195344504
4174,MMM,0.30127817577339844,0.30762510045718366,0.28917193075951597,0.053653381695987115
4175,MMM,0.30128301851252703,0.3066938021420221,0.2911447861501869,0.09456705329632929
4176,MMM,0.3011347701263325,0.30101331417696625,0.2914395376169973,0.0
4177,MMM,0.3011952789745278,0.30247916497609206,0.2920065546400674,0.0
4178,MMM,0.30139496140514277,0.3027978895912317,0.292532185577245,0.0
4179,MMM,0.3018003768742006,0.3061987523684142,0.29372113119072524,0.0
4180,MMM,0.3020121610744546,0.3058660483823153,0.2945971116584831,0.0
4181,MMM,0.30226025113760957,0.3078361198671873,0.2957430429064822,0.0
4182,MMM,0.3026354117209167,0.3094628340447838,0.2970273515878604,0.0
4183,MMM,0.30303477621282426,0.30965091565190583,0.29809729645249095,0.0
4184,MMM,0.3034462426590323,0.31056916086926256,0.29916073414930766,0.0
4185,MMM,0.3036882817450368,0.30956975289937333,0.29978566339779605,0.0
4186,MMM,0.30406949404413885,0.30893875094013623,0.30014302895021494,0.07151485740632836
4187,MMM,0.30422681797275253,0.30700972746463645,0.29999304950821826,0.043551065637307255
4188,MMM,0.30395149758911644,0.30474984526033255,0.2993624349921859,0.036492078194948964
4189,MMM,0.30382188853188885,0.30334385123593177,0.29854025244817334,0.041745731222426294
4190,MMM,0.3038188647052642,0.30328160282269917,0.29786844109261235,0.035037538322030805
4191,MMM,0.30361313369809406,0.30155278123480905,0.29694035667787,0.04338304792165156
4192,MMM,0.30304434036869377,0.2973425678973509,0.29524657173472246,0.09303859979726886
4193,MMM,0.3025330339074761,0.29504367991779157,0.29337209928026686,0.0
4194,MMM,0.3020550080052451,0.2933830057272078,0.29149728420982407,0.0
4195,MMM,0.30175245822443353,0.29179855765395385,0.2896394186946121,0.0
4196,MMM,0.30175850920158376,0.290291887285997,0.2878126870601695,0.0
4197,MMM,0.301310736892475,0.2885091447049037,0.28594848272150675,0.0
4198,MMM,0.30091742337771743,0.28723878077392284,0.28417007457387433,0.0
4199,MMM,0.300378886411357,0.28744686777234624,0.2827943662871049,0.0
4200,MMM,0.30005818462240086,0.2880140107217787,0.28182194826187557,0.0
4201,MMM,0.2996285652447428,0.28929872613924207,0.2813343013039435,0.0
4202,MMM,0.2991928948899343,0.29051118798653897,0.2812181451674554,0.0
4203,MMM,0.29863620333017304,0.28881976580746055,0.28074303549945684,0.07649363675703376
4204,MMM,0.2979948008602278,0.28726327069655055,0.280011250408888,0.0475846715418961
4205,MMM,0.29746533851298085,0.28622859333846434,0.279192032144111,0.03853426681756381
4206,MMM,0.296878392990775,0.28499479541433953,0.2782578751159996,0.035454217533941526
4207,MMM,0.296134125386567,0.2805642453634425,0.27650944597037236,0.04923273287367559
4208,MMM,0.2953686771463997,0.2763359114598114,0.27415529081576884,0.0410130889696901
4209,MMM,0.29448354077025063,0.27196007540533235,0.27128322605255145,0.07561576485548764
4210,MMM,0.2935123589376569,0.2686695622970614,0.2682420674024701,0.0
4211,MMM,0.29260471218047823,0.26573563038938613,0.2651462048343073,0.0
4212,MMM,0.2919088507315206,0.264088499123309,0.2622973377600846,0.0
4213,MMM,0.29118273347350665,0.26373395012057077,0.25993813209391525,0.0
4214,MMM,0.29043846328404244,0.26368779007496124,0.2580403374826019,0.0
4215,MMM,0.28966998918597753,0.2633525025579418,0.25644634200962,0.0
4216,MMM,0.28897412681371404,0.26421122838674677,0.25536517875189685,0.0
4217,MMM,0.28824195857855006,0.26404766313855754,0.2544632898122509,0.0
4218,MMM,0.2874855864347856,0.263970469565341,0.2537243364113274,0.0
4219,MMM,0.2866081947480188,0.2636076466122732,0.25305119214599053,0.0
4220,MMM,0.2856642421279394,0.2630251719893762,0.25238106386614884,0.06219560072236992
4221,MMM,0.2850349427202612,0.2682983276252296,0.2530364554415205,0.04146377317254168
4222,MMM,0.2845811175873909,0.27544269628994306,0.2551750722439692,0.039866483181403053
4223,MMM,0.28412729430113215,0.2785705271769703,0.25759271371603987,0.025505042007380737
4224,MMM,0.2839114530950191,0.2843890257855347,0.2608415438903431,0.028175850670860616
4225,MMM,0.28379951149503113,0.2906856098686459,0.2648633506772955,0.03046351282182979
4226,MMM,0.2838539680734482,0.2975798134529844,0.2696385736780904,0.08621776536438178
4227,MMM,0.2842714238790678,0.304685755424264,0.27506437292962327,0.0
4228,MMM,0.28476155358221056,0.310284541993505,0.2806700843637523,0.0
4229,MMM,0.28523352795330825,0.3129554683463228,0.2857581618229201,0.0
4230,MMM,0.28572970807961773,0.31507294518707796,0.29030707759420443,0.0
4231,MMM,0.2862561430916777,0.3162899529545316,0.29422119881302816,0.0
4232,MMM,0.2867281193093869,0.3165219615790893,0.29740491922282436,0.0
4233,MMM,0.28700646425829235,0.3142087072834535,0.29942920491435837,0.0
4234,MMM,0.2874542365674009,0.31453199252693714,0.3011216812816294,0.0
4235,MMM,0.28801092646521154,0.31550054171153025,0.3026945105974255,0.0
4236,MMM,0.28860997320307313,0.31740632596340407,0.30438339492263455,0.0
4237,MMM,0.28940265157906064,0.32029033265501633,0.3063861571946332,0.03274350023526022
4238,MMM,0.2902316971254568,0.3224920617052758,0.3084858579972993,0.022629022669403597
4239,MMM,0.29112724137435175,0.3242208915637428,0.3105562558385012,0.021500482032553878
4240,MMM,0.2921619579130379,0.3266229547016007,0.3127553315213746,0.022091318750151284
4241,MMM,0.29293648224960833,0.3297022332992236,0.31521036948072384,0.028397945767943095
4242,MMM,0.2936310759996481,0.3332583573233976,0.3179779227174677,0.035336616940271064
4243,MMM,0.2946627687117098,0.3378488339600673,0.321229204990663,0.06260236181192289
4244,MMM,0.2954655535934172,0.34078810339796917,0.32449437249725627,0.0
4245,MMM,0.29602829483770043,0.3406735643548503,0.32708062586958786,0.0
4246,MMM,0.29650027327134354,0.3406469999686025,0.3291436262200341,0.0
4247,MMM,0.29700256488457466,0.3422834706984723,0.3311637947220262,0.0
4248,MMM,0.29823091324604833,0.3537930853942905,0.33538058083995304,0.0
4249,MMM,0.2995621282190737,0.3621044401643999,0.3406319992495518,0.0
4250,MMM,0.30098410784935115,0.36940912581463414,0.34648366189269475,0.0
4251,MMM,0.30239398552532837,0.3738938807372941,0.3521783433748518,0.0
4252,MMM,0.30376755733840466,0.3754983663153927,0.35709662958744914,0.0
4253,MMM,0.30536501530603544,0.3768644762440743,0.36133993749059096,0.0
4254,MMM,0.3066069765194852,0.3741543944591442,0.3641222281480698,0.13453732254383308
4255,MMM,0.30805769958385376,0.3751217579514446,0.3665666409833085,0.049833960005171596
4256,MMM,0.30960069746450514,0.37769743953068025,0.369104158560938,0.04651020828647316
4257,MMM,0.3111437584992762,0.38042014048150724,0.37174937964768007,0.04525485737090649
4258,MMM,0.31272905154314845,0.3824282373362948,0.37431929540119346,0.04730696411587909
4259,MMM,0.31425873849283326,0.38250863593109735,0.37639339444284076,0.0460377986727427
4260,MMM,0.31557785169621977,0.3798735900857525,0.3774572727329121,0.0719285847961088
4261,MMM,0.31680014760325403,0.37698282983142367,0.37765519455402885,0.0
4262,MMM,0.3179450527534613,0.37419029295626094,0.3771825452322824,0.0
4263,MMM,0.31895254100293924,0.3713294459048945,0.3761580039921762,0.0
4264,MMM,0.31982993268970605,0.36614551696663045,0.3741670379908314,0.0
4265,MMM,0.3209191085767269,0.3624767432885162,0.37174528860387707,0.0
4266,MMM,0.32211720205244987,0.3610108592362131,0.36947666573098076,0.0
4267,MMM,0.3230611544878681,0.35756870954944414,0.3668839975984429,0.0
4268,MMM,0.32351497777412686,0.35775302869238457,0.36485151086554685,0.0
4269,MMM,0.3239870750113789,0.3574135663889368,0.36314881838276336,0.0
4270,MMM,0.32449535709198885,0.3585235015014083,0.3620374594307389,0.0
4271,MMM,0.3260362974779074,0.3733899061282422,0.36450750598329706,0.16136631581308827
4272,MMM,0.32714362740434577,0.37678882338074793,0.36725154448867414,0.06777182887224455
4273,MMM,0.3281057342485034,0.3774210512458816,0.36958963013852336,0.05821843365691208
4274,MMM,0.3290965845267526,0.37455025460974367,0.37081142872044126,0.059137512995396935
4275,MMM,0.3297455485022014,0.370384320388522,0.37084755524820334,0.03806138491229251
4276,MMM,0.33038090294957545,0.3687930252762801,0.37051689589104536,0.08333891227715957
4277,MMM,0.3306652349828667,0.3632159154128513,0.36899219432556196,0.0830437300641313
4278,MMM,0.3311190595617537,0.3613975792600648,0.3673615715079311,0.0
4279,MMM,0.3313260034234744,0.35510708566244775,0.3646357067800232,0.0
4280,MMM,0.33173141944651574,0.35069713945981684,0.3614585670105199,0.0
4281,MMM,0.33213683491557355,0.34674827481478193,0.3580245907439741,0.0
4282,MMM,0.3324938425674304,0.3427629337178112,0.35437690325473525,0.0
4283,MMM,0.332887156082188,0.33985696877987526,0.35080213688297074,0.0
4284,MMM,0.3333954381627977,0.3366787029515166,0.3472241797443706,0.0
4285,MMM,0.3339279241520081,0.33527130109255715,0.34404380499549525,0.0
4286,MMM,0.3343938493925671,0.3349131878426629,0.3414185878312748,0.0
4287,MMM,0.3348355707245254,0.3322821799194215,0.33872392554405245,0.0
4288,MMM,0.3357401907005009,0.34016383545096696,0.3383490926751821,0.07835493771950487
4289,MMM,0.3362483526848734,0.34025407097132354,0.33806961551829734,0.04289280930225419
4290,MMM,0.33658115753609685,0.3393301881669437,0.3376372781485002,0.034239247545117125
4291,MMM,0.33579307906980205,0.3364198298925507,0.33663379917735164,0.023974345123501287
4292,MMM,0.3355207823281292,0.3338599017403848,0.3352525882515814,0.02822390633514162
4293,MMM,0.3354196064742305,0.33281677300142665,0.3339119196895748,0.034593466200751065
4294,MMM,0.3355224719778156,0.3321274517457081,0.3326836294755687,0.057820409960864745
4295,MMM,0.3354559132604371,0.32767489297823793,0.33069492080869445,0.0
4296,MMM,0.3349173757400934,0.3194392194750945,0.32724306489646826,0.0
4297,MMM,0.3348387146990923,0.3159482736993908,0.32369278462776013,0.0
4298,MMM,0.33439094238998357,0.3109018021389872,0.31971228654149103,0.0
4299,MMM,0.33461482854453806,0.31248606572017096,0.31688585984448664,0.0
4300,MMM,0.3348387146990923,0.3147315106968548,0.31513208729015746,0.0
4301,MMM,0.3350262949907459,0.315875579794001,0.3139875770145129,0.0
4302,MMM,0.33468138929318947,0.308440312258101,0.31139193529022113,0.0
4303,MMM,0.33437884043568333,0.3038423680760066,0.30827649490014375,0.0
4304,MMM,0.3347237461332402,0.30922319373426543,0.3069999653328862,0.0
4305,MMM,0.3356840349882,0.3238395042631263,0.3092813654611455,0.12221854228396647
4306,MMM,0.33659773087591693,0.33548405708295764,0.3137376267808441,0.0491179660292502
4307,MMM,0.3377353125488658,0.3455264938740885,0.31957177143760074,0.046148905257726545
4308,MMM,0.337998533194136,0.35039190634251927,0.3253384498849507,0.04354787766940655
4309,MMM,0.33871859633575996,0.3546874696740513,0.33092239528486356,0.04743708043538196
4310,MMM,0.3394144596313291,0.35653975644859937,0.33580808447194577,0.04398439312603277
4311,MMM,0.3402469537250359,0.35760767703518515,0.3399579374770226,0.0827641334719509
4312,MMM,0.34092466482779926,0.3556582158345728,0.34283732999749517,0.0
4313,MMM,0.3416369878965706,0.3553514410933807,0.34507152682510683,0.0
4314,MMM,0.3422118309104927,0.35297046507452107,0.3463208916105295,0.0
4315,MMM,0.3431739362773609,0.3526218729571223,0.34724161741820264,0.0
4316,MMM,0.34447489636463624,0.3522757705941306,0.34789999461533894,0.0
4317,MMM,0.34535228805140306,0.3483937711357813,0.34754954042402825,0.0
4318,MMM,0.3464717188241746,0.3462129611705696,0.34677641285110006,0.0
4319,MMM,0.347542741779745,0.3489316364556692,0.346772208199381,0.0
4320,MMM,0.3484866942151632,0.34979109062076347,0.34696304216966195,0.0
4321,MMM,0.34923701538177765,0.346616296553263,0.34639834976531525,0.0
4322,MMM,0.35234116629046497,0.3698909040094054,0.3512056023435888,0.2645761862340004
4323,MMM,0.355645000183751,0.39157510071584767,0.3599510501544469,0.15224152517107287
4324,MMM,0.3581198498381486,0.4044169012642561,0.3698490733487411,0.0896206259161718
4325,MMM,0.3598219918525458,0.41248673692843824,0.3795909090469131,0.061983423747645185
4326,MMM,0.36185512054430724,0.4228354348937039,0.38972271435233435,0.06502321017741042
4327,MMM,0.36377933146270536,0.4292733344133679,0.39928283212855925,0.10087450682431759
4328,MMM,0.36598793442927446,0.4345218480585127,0.40811685257563585,0.1499197399562776
4329,MMM,0.36811788060204953,0.43700782019777484,0.4157457859748493,0.0
4330,MMM,0.37033858718486945,0.4378323222715641,0.42203523279723726,0.0
4331,MMM,0.37218413521565497,0.4316788396384664,0.42567638205011765,0.0
4332,MMM,0.37453796532704997,0.4306652311620221,0.4283602718725291,0.0
4333,MMM,0.3765287368094381,0.42492420564948746,0.42921017214250656,0.0
4334,MMM,0.37851345731467645,0.4174042289336099,0.42819091841897783,0.0
4335,MMM,0.38035900534546196,0.4102585359437382,0.42576091266053495,0.0
4336,MMM,0.3822529611934484,0.4046385999699236,0.4225470572139154,0.0
4337,MMM,0.38438290515028917,0.39948119933663206,0.4188106340420459,0.0
4338,MMM,0.3865915118100818,0.3968700329045069,0.41523149022649875,0.0
4339,MMM,0.3887214546589557,0.3975231471578732,0.4125157493967977,0.10066150333939639
4340,MMM,0.3910692352704903,0.39939818544572836,0.41076683041111894,0.06296425520509556
4341,MMM,0.39363484847417274,0.39964132884583164,0.4094226346119689,0.06492520968268503
4342,MMM,0.3944033251574939,0.39869178252337734,0.40813272353632124,0.042873681494849956
4343,MMM,0.39469255994479324,0.3940559122469619,0.4060532980866175,0.04396207735072783
4344,MMM,0.39518873988644154,0.3892765638510071,0.40330984158494654,0.06378745936078882
4345,MMM,0.3958603987194269,0.3862810027639648,0.4004382153339515,0.09265580750341379
4346,MMM,0.396017725417958,0.38073257681488626,0.3968872215181136,0.0
4347,MMM,0.39635053100782613,0.3777630766372254,0.3933754540002493,0.0
4348,MMM,0.3965139090528298,0.3737488748556094,0.38965901230316496,0.0
4349,MMM,0.3967498971616843,0.37073281652764645,0.38600436644830693,0.0
4350,MMM,0.39687091670468644,0.366319530494057,0.38208344712680486,0.0
4351,MMM,0.39723397533369376,0.3604191202540278,0.3776134863564037,0.0
4352,MMM,0.39727028119659424,0.3556344453186405,0.3729563980416568,0.0
4353,MMM,0.39757888103125016,0.35177844818530046,0.36835944678789084,0.0
4354,MMM,0.3980145513860587,0.3484283562119823,0.36392491682192807,0.0
4355,MMM,0.3984199668551165,0.34489299277636093,0.3595784609320559,0.0
4356,MMM,0.398780000918854,0.3421824965748513,0.3554888469157576,0.06794752132543898
4357,MMM,0.39930643371498054,0.34245125803732857,0.35227788361322193,0.05105341676363403
4358,MMM,0.399965988008409,0.34668925763467695,0.35066670881803513,0.07608262504361317
4359,MMM,0.4003290457141102,0.3489417120796404,0.34988672160732875,0.04418310979184341
4360,MMM,0.4000325445098536,0.3429720110889723,0.3479138499561114,0.04784266079608281
4361,MMM,0.3997057911897637,0.33726934110225054,0.34504700765778307,0.04209676191015953
4362,MMM,0.39959082114662214,0.33547124030151143,0.3423472445263918,0.07564740838872427
4363,MMM,0.3996585936418571,0.33356510739346384,0.3397567343682122,0.0
4364,MMM,0.3997796133695206,0.3323929702539639,0.33741947636829506,0.0
4365,MMM,0.3996827964424905,0.3296841835460247,0.3349376069320351,0.0
4366,MMM,0.3998038159854931,0.32819304803999766,0.3326151823355249,0.0
4367,MMM,0.39959808276238884,0.3242196586150938,0.3298594367185631,0.0
4368,MMM,0.39959808276238884,0.32303963847343387,0.32738820915038236,0.0
4369,MMM,0.39952547103658764,0.3217594382788089,0.3251219598693223,0.0
4370,MMM,0.399446808333636,0.3191757114342607,0.3227251552696789,0.0
4371,MMM,0.3995073181051372,0.3172824983804064,0.32037993123842945,0.0
4372,MMM,0.39966464351104025,0.3175456676121034,0.31856321633321116,0.0
4373,MMM,0.3994891646197034,0.31320862225755686,0.3161298687097287,0.07733868439649111
4374,MMM,0.3992380510992466,0.308814410675936,0.3131902979350358,0.05366483476585262
4375,MMM,0.39836670965098486,0.2958365633975313,0.30790623597420447,0.06665686661719412
4376,MMM,0.39708390083320966,0.28026609758172405,0.3001607667700452,0.06531260681906334
4377,MMM,0.39591001440532714,0.27275886089503754,0.2922680961364382,0.054960330462391134
4378,MMM,0.3943367612696025,0.26585478046834304,0.2843939503395564,0.045870135175742635
4379,MMM,0.3927695604036565,0.26038743937371195,0.2768592623894247,0.07923646988049253
4380,MMM,0.39165618245464673,0.2560194855161824,0.2698445524090817,0.0
4381,MMM,0.3906517219096779,0.2541564612645458,0.2638118253744456,0.0
4382,MMM,0.3893084042437074,0.25135524139014315,0.258352695003774,0.0
4383,MMM,0.38798929122498205,0.2499759658652248,0.25367373694607576,0.0
4384,MMM,0.3867306879777579,0.25105463952222185,0.250174301861922,0.0
4385,MMM,0.38524214759882924,0.24767153876356246,0.24661032634208913,0.0
4386,MMM,0.38373545428845035,0.24632107716708737,0.24345400280706986,0.0
4387,MMM,0.38240423931542455,0.24595871541625214,0.24084706664525968,0.0
4388,MMM,0.3808672911192952,0.24548918745874324,0.2386554256759803,0.0
4389,MMM,0.3793424448774658,0.24582649610548296,0.23697832936820915,0.0
4390,MMM,0.3775572245422698,0.24156529025972565,0.23467381291469544,0.08259481695455788
4391,MMM,0.3754635870023131,0.23472914999544547,0.23128554185960956,0.06789403430843825
4392,MMM,0.3734425622961248,0.23312298815353927,0.2282120052290153,0.03720759987932951
4393,MMM,0.3716635735367011,0.23182519499589727,0.2254599334856791,0.03622133706915942
4394,MMM,0.3696576731341481,0.22741918042733678,0.2222627164749551,0.03954249118438321
4395,MMM,0.36839846401363197,0.22628610518184503,0.21944891921080006,0.06112916642314135
4396,MMM,0.36754830246268533,0.22677397977241692,0.2173081189469273,0.05870076139300029
4397,MMM,0.36651963542386,0.22984556482274898,0.21628951775585625,0.0
4398,MMM,0.36550004706669337,0.23185162507977417,0.2159279155083215,0.0
4399,MMM,0.3642172397262078,0.2299009434278977,0.21519786806002889,0.0
4400,MMM,0.36337010292519145,0.23501085973930558,0.21576843961116782,0.0
4401,MMM,0.36200258208926517,0.2331980791028742,0.21581529058176038,0.0
4402,MMM,0.36076213177349103,0.23253450661687966,0.21570283404888108,0.0
4403,MMM,0.3597516185894216,0.23640920970925838,0.21648837612355243,0.0
4404,MMM,0.3583659448220451,0.23626907777418432,0.21708514631661038,0.0
4405,MMM,0.3572525650264238,0.23608408471668135,0.21752076242377258,0.0
4406,MMM,0.3559758088477494,0.23498060425309839,0.21761991873343017,0.0
4407,MMM,0.3541847196113148,0.22741467451617273,0.21598968654143652,0.09375235038837124
4408,MMM,0.35266713295397967,0.22551485524653475,0.21425622773092737,0.04284345483623586
4409,MMM,0.3513601200429428,0.2280405482127615,0.2134401528308556,0.03531217585303232
4410,MMM,0.35017430912014214,0.22747014306993157,0.21265840719874363,0.032424231153648835
4411,MMM,0.34889150030236693,0.22226690041382297,0.2108573136588409,0.03369764722065284
4412,MMM,0.3474937214414502,0.22039972145222797,0.20899454100039402,0.042937086634208435
4413,MMM,0.3461322515826739,0.21957373692311266,0.2073176878028991,0.08600794984736128
4414,MMM,0.3450249222102191,0.21939586418005913,0.20593601406599865,0.0
4415,MMM,0.34384558827788303,0.2206132166283043,0.20510574156051276,0.0
4416,MMM,0.3427564123908622,0.22432653804170194,0.2052805659113151,0.0
4417,MMM,0.34154016598368875,0.22809363287179696,0.20627161810236094,0.0
4418,MMM,0.34029669017933983,0.23026612164120347,0.20755534386193408,0.0
4419,MMM,0.33923776917806947,0.23116451747110173,0.20878532121269489,0.0
4420,MMM,0.33788840127359365,0.23424206695758726,0.21046468980559868,0.0
4421,MMM,0.33698680567822636,0.2373980523986109,0.21252129436329878,0.0
4422,MMM,0.3361094139914593,0.24093370405892778,0.21496547505227992,0.0
4423,MMM,0.335002085172988,0.2446379778826509,0.21775781761341767,0.0
4424,MMM,0.3342184856633208,0.24900772005606794,0.2209790553609114,0.04923214250924954
4425,MMM,0.33367389864311625,0.25570843776825813,0.22507010409163175,0.03506091675330265
4426,MMM,0.3332079745105241,0.26092719067774484,0.22952214472477456,0.02484572301636077
4427,MMM,0.3333749820707832,0.267280668459304,0.23451937527627886,0.02360217938931523
4428,MMM,0.33324065030418604,0.27142251388118865,0.23945302907828614,0.024487962174170496
4429,MMM,0.3328594404056793,0.2745459382415649,0.24410570447468025,0.02604416280125559
4430,MMM,0.3326234526661471,0.27603892146759124,0.24816519134028073,0.06059417818024889
4431,MMM,0.3329744104488208,0.28048765955145627,0.2524179940270854,0.0
4432,MMM,0.3332104000349647,0.2838367435584757,0.2565769773847757,0.0
4433,MMM,0.3334705940836926,0.2867288330195935,0.2605576452223641,0.0
4434,MMM,0.333597664603845,0.2867506656754747,0.2637471126832285,0.0
4435,MMM,0.3339002134613509,0.28992470554168354,0.26701587581717934,0.0
4436,MMM,0.3339607232328521,0.2908393777012363,0.26983756078031623,0.0
4437,MMM,0.33388811150705067,0.28970783196649424,0.27183923069536337,0.0
4438,MMM,0.3339365193242514,0.28911109433841997,0.2733057309670448,0.0
4439,MMM,0.33422091525030706,0.2906225175129871,0.27482044432556424,0.0
4440,MMM,0.3344387504277113,0.29252878224793555,0.27646294445235176,0.0
4441,MMM,0.3343540378555767,0.289675634661782,0.2771322625012784,0.10315638340391141
4442,MMM,0.3343298333929927,0.28879294385886695,0.2774682688216786,0.05452275234979801
4443,MMM,0.33390021253804525,0.28255763390011823,0.2763281764057091,0.05378633176473505
4444,MMM,0.3330349226209173,0.2723326134658286,0.27310571124310107,0.04264875264852241
4445,MMM,0.33186103157650537,0.2628170737142359,0.2683776583644738,0.049553182684139094
4446,MMM,0.3308384149608463,0.25746339147106434,0.2633855264984633,0.051268545560489036
4447,MMM,0.3300300052999645,0.25870761629173555,0.259672959428027,0.09280139137087934
4448,MMM,0.3292494309095497,0.259351501770012,0.2568483947094836,0.0
4449,MMM,0.32845675308754574,0.25969480939999534,0.25466631490064606,0.0
4450,MMM,0.3277487898689493,0.26041852281735167,0.25308417748788653,0.0
4451,MMM,0.326847194273582,0.26160911710785834,0.2520874879107191,0.0
4452,MMM,0.32566725372930905,0.2585476037027949,0.25059837296435117,0.0
4453,MMM,0.3244873131850363,0.256705340659923,0.24899081304919765,0.0
4454,MMM,0.32358571758966925,0.25743313157530506,0.24786921288115082,0.0
4455,MMM,0.3223755221596458,0.2569785908659346,0.2468692271457534,0.0
4456,MMM,0.3212258365011238,0.2563112603004591,0.24591845209243213,0.0
4457,MMM,0.3202879350428558,0.25743280451175077,0.24541125021419732,0.0
4458,MMM,0.31884780063451634,0.2516198695692938,0.243692028851363,0.08618612183114516
4459,MMM,0.3171837811795897,0.24619563755565937,0.24109102114711156,0.06859196313292232
4460,MMM,0.31557422144231984,0.24397119033668946,0.23850759072208066,0.05069506555701769
4461,MMM,0.3142248515065711,0.24224248675076035,0.23605023771485795,0.04843066376443515
4462,MMM,0.31282102499240527,0.2419844485246856,0.23402605036403676,0.04221436250382999
4463,MMM,0.31187707403427645,0.24350139248826902,0.2327494610726748,0.05868671071966014
4464,MMM,0.3115412446177839,0.24869388858173946,0.23290145843766635,0.11872181378843347
4465,MMM,0.3114867863774162,0.2556443307928799,0.2345935412818681,0.0
4466,MMM,0.31110557518628124,0.2584916655019971,0.23659057616295678,0.0
4467,MMM,0.31060334260553235,0.2643785472882993,0.23951837256358177,0.0
4468,MMM,0.3099861429362205,0.26691288651979733,0.24243325549652803,0.0
4469,MMM,0.3091450571123542,0.2653749917101246,0.2444176673118465,0.0
4470,MMM,0.3084855006029916,0.26721644110794285,0.24642128087525203,0.0
4471,MMM,0.3076504657562753,0.26663748615766825,0.24789335414490865,0.0
4472,MMM,0.30725715224151795,0.2685960407218038,0.24951355733227634,0.0
4473,MMM,0.30685778774961037,0.2704838224628169,0.251236273003145,0.0
4474,MMM,0.306531034983504,0.27503953098524514,0.2536438292054798,0.0
4475,MMM,0.30616797727780276,0.27685217301306303,0.2559794491184012,0.12064711025468912
4476,MMM,0.3057686114932672,0.27720334443256955,0.2579272938747881,0.05593655707731826
4477,MMM,0.3052694056937213,0.2774238008917486,0.2595353828487925,0.05073509226510433
4478,MMM,0.30558103064762987,0.28254206820478134,0.2619783504856768,0.0396519447489741
4479,MMM,0.30595619289288756,0.2862595288237922,0.264772702223259,0.04091685956824288
4480,MMM,0.3064100161791463,0.2918918659033021,0.2682808365410706,0.04238698506200893
4481,MMM,0.30706957508910415,0.29878321626711024,0.2726444768680183,0.07964393940735677
4482,MMM,0.30768677512773834,0.30401459945088216,0.2773174446477393,0.0
4483,MMM,0.30826161795699947,0.3085056568529536,0.2820705943138833,0.0
4484,MMM,0.3086065219926055,0.31192278279883484,0.28664522964963113,0.0
4485,MMM,0.30868518469555717,0.3128657614746032,0.2905180083640456,0.0
4486,MMM,0.30927818045626854,0.3178806057887479,0.2947493588825424,0.0
4487,MMM,0.3095081175879728,0.31947619390455856,0.29849496990095903,0.0
4488,MMM,0.30975015667397754,0.31819760465391567,0.30120255548951036,0.0
4489,MMM,0.3102765916860377,0.31724953701640285,0.3031544036398079,0.0
4490,MMM,0.31073041497229625,0.31789940122733706,0.3048627220204817,0.0
4491,MMM,0.31142022636740974,0.31926253169360025,0.30653738243460454,0.0
4492,MMM,0.31204952762169946,0.32125749414201754,0.3083278818694218,0.0749566820102381
4493,MMM,0.3129027153998658,0.32584983300804055,0.31079794188051507,0.06444134699908907
4494,MMM,0.31368934390667036,0.3309195736885647,0.3139195215273049,0.05805903526187681
4495,MMM,0.31489893457136864,0.3386874025295962,0.3181719625321067,0.06195414167211278
4496,MMM,0.31637537447328623,0.346904485994945,0.3234306038086165,0.06818260443989471
4497,MMM,0.3176733070407134,0.3498812561533637,0.32831013198120085,0.08751255262360903
4498,MMM,0.3191346185764501,0.3587240499082243,0.334211825160764,0.2351648208922886
4499,MMM,0.32055659728342145,0.36391585325935993,0.34010629197412234,0.0
4500,MMM,0.3218878120717861,0.36849016863743655,0.3458554533965802,0.0
4501,MMM,0.3230738021159194,0.37155457540722525,0.3511471995884838,0.0
4502,MMM,0.3243687112260445,0.374552165714529,0.3560579161034816,0.0
4503,MMM,0.3257059771762201,0.37710906717382053,0.36056423316890845,0.0
4504,MMM,0.3270553450806961,0.3784061131284495,0.36446236042609237,0.0
4505,MMM,0.3284833756881236,0.37808149806379776,0.3675075139384778,0.0
4506,MMM,0.32950599082649323,0.375427512595271,0.3693439563086265,0.0
4507,MMM,0.3306617274621655,0.37230693865225406,0.37010800191510207,0.0
4508,MMM,0.33195663657229013,0.3687678212362373,0.3699195582537381,0.0
4509,MMM,0.3331486785168798,0.3639671160760457,0.36868406152189,0.07310104854625712
4510,MMM,0.33383243948882657,0.3536283911524845,0.3653595808449842,0.06126920086500196
4511,MMM,0.33432861739920194,0.3432301308716673,0.3603504607193789,0.04036746643335465
4512,MMM,0.33481269741782294,0.33556016330697686,0.3546100995449966,0.03211204644515013
4513,MMM,0.33515457910409396,0.33033646200642997,0.34883749084480115,0.036716180531080035
4514,MMM,0.3355236890795734,0.3280628786323023,0.34370567707875377,0.03890489760424212
4515,MMM,0.33576633385420873,0.328259362787521,0.33964462258051803,0.08859964967774958
4516,MMM,0.3358147414867485,0.32782101971864913,0.33629673331366033,0.0
4517,MMM,0.3359720691085857,0.32582778969410975,0.3331680422459398,0.0
4518,MMM,0.3358328982960834,0.3267121190015714,0.3308649077382766,0.0
4519,MMM,0.3355969101872289,0.32461672541673325,0.3285489361432407,0.0
4520,MMM,0.33524595351252207,0.3222472006013484,0.32616075364357283,0.0
4521,MMM,0.3346469067746607,0.3167679253832392,0.3230121397601495,0.0
4522,MMM,0.333884483653746,0.3113053874770471,0.3192589626436958,0.0
4523,MMM,0.33319467225863275,0.3090172819447574,0.3157394127950279,0.0
4524,MMM,0.3326077274750714,0.30879961858740773,0.3128745908616313,0.0
4525,MMM,0.33193001803425837,0.3067533298837968,0.3101203648037789,0.0
4526,MMM,0.3308468927550652,0.29763080451879076,0.3058557066492822,0.07642149422416965
4527,MMM,0.32950357601240055,0.28652144015083736,0.2999337672444803,0.0632778567882168
4528,MMM,0.32825707656608816,0.279117652513358,0.29352329524726634,0.037554616088965556
4529,MMM,0.3273105819003712,0.2767007382633112,0.2878488045612671,0.031512708479817506
4530,MMM,0.3269808047536571,0.2782486585110542,0.28365897183816663,0.03986565667120657
4531,MMM,0.32646042496595373,0.2752332099418783,0.2796257509403479,0.046491434697724564
4532,MMM,0.32610946718328004,0.2766015662509025,0.27670836073531035,0.05871811810712635
4533,MMM,0.3260640833773649,0.28360257259766797,0.275956358726621,0.0
4534,MMM,0.32530770938698894,0.2810353123213701,0.27477467264304933,0.0
4535,MMM,0.32482362936836773,0.285522150354312,0.27484314583235375,0.0
4536,MMM,0.32459369223666323,0.2926511379741515,0.27650875250686163,0.0
4537,MMM,0.3240491042931528,0.29238319513557326,0.27778069490786694,0.0
4538,MMM,0.32341980266954073,0.2937607529730626,0.2791095144703172,0.0
4539,MMM,0.32292967352038127,0.2944638365078629,0.2803314351360571,0.0
4540,MMM,0.3224153404626213,0.29427629421754237,0.281266595610277,0.0
4541,MMM,0.32204623085646444,0.29295038140216606,0.28171512778250063,0.0
4542,MMM,0.32196151717636257,0.2951749328954869,0.2825766013431869,0.0
4543,MMM,0.3212172475408819,0.289441923656159,0.28197037991823887,0.054777907854739655
4544,MMM,0.3206605569044265,0.2894932125155578,0.2814969917361417,0.03774105317471422
4545,MMM,0.32020673232553953,0.2893829108540225,0.28109335801372454,0.028378227596112807
4546,MMM,0.3204124679492386,0.29162657503800204,0.28127741746061796,0.03179112434314578
4547,MMM,0.3209570568160549,0.29444925630404306,0.2820624630629956,0.03209232827331984
4548,MMM,0.3215924066468996,0.29919866148743757,0.2837636498777653,0.0371343946904985
4549,MMM,0.3219943124458,0.3026586167866198,0.28590639242527366,0.06076739110285388
4550,MMM,0.32229383415278035,0.30701690493066136,0.2886053620703108,0.0
4551,MMM,0.3223845967787595,0.30282066733070734,0.2898163782582955,0.0
4552,MMM,0.3224995649752893,0.3033037205638973,0.29089433934786557,0.0
4553,MMM,0.3223543415236867,0.30549939439928087,0.2922528310004435,0.0
4554,MMM,0.3227597569927443,0.30697531271084677,0.2936731149736889,0.0
4555,MMM,0.32288077653574665,0.3101726651812597,0.29553179890958936,0.0
4556,MMM,0.32268714526694287,0.3114061250144743,0.2972974520813757,0.0
4557,MMM,0.3229957451015988,0.3136546651622689,0.29921804279048,0.0
4558,MMM,0.3228263177413955,0.3097663774746426,0.29987593855390376,0.0
4559,MMM,0.3227658079698945,0.3077552046566237,0.2999478212522326,0.0
4560,MMM,0.3229170805520356,0.3083886805902072,0.3001484642633516,0.03551738652752958
4561,MMM,0.3231409655986228,0.3086077391470503,0.3003584759785654,0.034934932984782174
4562,MMM,0.32300482045935697,0.30659593458726475,0.3000719086933169,0.026550695478812118
4563,MMM,0.32324080819888934,0.302859161792721,0.2989983135605826,0.030336112178686783
4564,MMM,0.3231681994276665,0.2998058144763536,0.29744951933572705,0.02731970418019339
4565,MMM,0.3231621517744174,0.2981195812141148,0.29582947165708345,0.02853443802324737
4566,MMM,0.3228596029169115,0.2946902341868848,0.293758556500799,0.044279221120405415
4567,MMM,0.3224982979633111,0.29217354884751245,0.2915331675428879,0.0
4568,MMM,0.3220444756003582,0.29141180333783695,0.2895807364129629,0.0
4569,MMM,0.32152409304273766,0.2896686599760096,0.28762492010686896,0.0
4570,MMM,0.3210097599849777,0.2901870031971844,0.28617738913915164,0.0
4571,MMM,0.32099765803067726,0.29052327377627357,0.28509534627638533,0.0
4572,MMM,0.3205740896301692,0.28867653233823687,0.28381243211376245,0.0
4573,MMM,0.3212094422309315,0.3047088998274729,0.28640868926440355,0.0
4574,MMM,0.321705622357241,0.3149980106574851,0.2908105677396657,0.0
4575,MMM,0.32200212023759667,0.3220868809300853,0.2959338339405442,0.0
4576,MMM,0.32212313978059903,0.3236656770243482,0.3003891832689951,0.0
4577,MMM,0.3223167703107581,0.32710759654996047,0.30473118055998594,0.1114242010450631
4578,MMM,0.3230791912157389,0.3323241723972424,0.3093834881239492,0.07068468695040762
4579,MMM,0.32394145545963027,0.33865039238569217,0.31453477319416484,0.046072394028109614
4580,MMM,0.32513192446039163,0.3502665980783831,0.32128053730135997,0.06781870380767344
4581,MMM,0.32649037049254326,0.36107114970864995,0.32911848760343027,0.07341358747341147
4582,MMM,0.32804849526208635,0.36967687601602417,0.33733335198712416,0.1004310250674639
4583,MMM,0.32951888289422593,0.3722559405529734,0.3444879951986487,0.1083167588520718
4584,MMM,0.3310860837601719,0.37477673400600264,0.35078129484826265,0.0
4585,MMM,0.33261092797072855,0.37598352470889485,0.35608861457618685,0.0
4586,MMM,0.33428704661003783,0.37614707347702947,0.3603714249682482,0.0
4587,MMM,0.33584039295424417,0.3737205076772889,0.3632493793808375,0.0
4588,MMM,0.33726842356167164,0.3702662957933323,0.36477124756677126,0.0
4589,MMM,0.3386601483061984,0.3649837747431654,0.3647951317570701,0.0
4590,MMM,0.3399611083934735,0.36054263737172715,0.3638107433315363,0.0
4591,MMM,0.34142544486380144,0.3585822109613421,0.3625802650670447,0.0
4592,MMM,0.3430410557628827,0.3563740825913839,0.36109694551414356,0.0
4593,MMM,0.3433799104832891,0.35266887761160276,0.3590730814627997,0.0
4594,MMM,0.3442966337061928,0.3554035569029174,0.35807190380846626,0.05397206041317245
4595,MMM,0.34491988509129956,0.3518188363158238,0.3564609772884845,0.03606618929799176
4596,MMM,0.34571558673992797,0.3472197956761485,0.3541330613121323,0.024763308142483273
4597,MMM,0.3463539650139267,0.3432509716821003,0.35137395417176925,0.02772079777125622
4598,MMM,0.3469651149987165,0.3420790039765243,0.3489018568704937,0.024869337593403033
4599,MMM,0.34739170999576663,0.34058816956822247,0.3465873180164114,0.028746024633546044
4600,MMM,0.347235962150221,0.3375363148961753,0.34404610608444863,0.07614520367277518
4601,MMM,0.3468698774786556,0.33391598257170274,0.34119510550360627,0.0
4602,MMM,0.3466580932784016,0.3337875226861376,0.33888527892647596,0.0
4603,MMM,0.34653707336607686,0.3312607259067875,0.336466476104694,0.0
4604,MMM,0.34640395186877426,0.3300712984051462,0.3342626771356341,0.0
4605,MMM,0.34619821864567046,0.32781814690904065,0.3319905278329747,0.0
4606,MMM,0.3457746502451624,0.3226321951966291,0.32900101832630024,0.0
4607,MMM,0.34529057207315295,0.3157388334934013,0.3250518233767054,0.0
4608,MMM,0.3449517173527463,0.3115708301755614,0.32095068755719114,0.0
4609,MMM,0.34481859585544394,0.30940848817007066,0.3171811876036464,0.0
4610,MMM,0.34472178022104205,0.3085765409109845,0.3139776052633251,0.0
4611,MMM,0.3441620668659291,0.30326238640983527,0.31021398130629624,0.048181648049524496
4612,MMM,0.3439684337505138,0.30441402221726477,0.30746329964209973,0.029688364330417525
4613,MMM,0.34392607746444637,0.3061469036421383,0.30565430698020624,0.025898815079560464
4614,MMM,0.3436507568961491,0.31026335781970255,0.30513724494098615,0.030080484382204294
4615,MMM,0.34402591452487785,0.31779418144545585,0.30642522015918083,0.0261956503129817
4616,MMM,0.3444039205521212,0.3223333268869292,0.3084812414937038,0.04144795140592336
4617,MMM,0.34486681993478285,0.32704991326886834,0.3111917933323782,0.06110661450206598
4618,MMM,0.3445824249320333,0.32193211799648097,0.3122038450054303,0.0
4619,MMM,0.34468529043561835,0.32324625477271984,0.3133104216998583,0.0
4620,MMM,0.34519357030029396,0.32852214104910726,0.3153877942556563,0.0
4621,MMM,0.34573210726665415,0.33197187413576706,0.3178291756392182,0.0
4622,MMM,0.34598624830695934,0.33324318883496573,0.32006954025329926,0.0
4623,MMM,0.3463190520502155,0.3329703671617152,0.3218001866104313,0.0
4624,MMM,0.34666395774777237,0.3337044810782389,0.32335058017191853,0.0
4625,MMM,0.34709357712543043,0.3341566010910748,0.3246930536543551,0.0
4626,MMM,0.34770472581759226,0.3336742749556426,0.3256580485922639,0.0
4627,MMM,0.349096450562119,0.3417625333395246,0.3282576243850793,0.0
4628,MMM,0.35040787816769714,0.34786070086379034,0.33171519451659437,0.12262837326853494
4629,MMM,0.35121265849798466,0.3459142545754192,0.3340414419717511,0.04934643706213409
4630,MMM,0.35187221574599237,0.34271036649035336,0.3351785064258488,0.03620398035503336
4631,MMM,0.3528675994559136,0.3400630601167896,0.3354899867221385,0.03023315262278252
4632,MMM,0.35324881397094954,0.3338975018539121,0.3343460342090662,0.04060609173436671
4633,MMM,0.35344244505509215,0.3268166101581457,0.3318309115747225,0.04367858435333547
4634,MMM,0.35366633287159677,0.3242348853383694,0.3292354606593207,0.05709201833199616
4635,MMM,0.35346060186442707,0.32007195564521,0.32621846647640673,0.0
4636,MMM,0.35340027398417617,0.31755107538325034,0.3232352664347971,0.0
4637,MMM,0.353194541684378,0.31466307789264447,0.3201961498499647,0.0
4638,MMM,0.3535818042219854,0.3124058125820401,0.3172548169190448,0.0
4639,MMM,0.35431397245714935,0.32111672071667624,0.3168700210425662,0.0
4640,MMM,0.35467703108615645,0.3268108337078671,0.3178487958255428,0.0
4641,MMM,0.3549493250579119,0.3292795673964953,0.3191896375848633,0.0
4642,MMM,0.35514900730386545,0.3287504367987789,0.32014275145693727,0.0
4643,MMM,0.3552434025474076,0.32557752979363475,0.3201883093645975,0.0
4644,MMM,0.35550359456486236,0.3265498734232222,0.32044446128531295,0.0
4645,MMM,0.3552797084103083,0.320186590749284,0.3192115693155661,0.10351981174459182
4646,MMM,0.355388624706382,0.31939370905913966,0.318046100410449,0.037196619101004864
4647,MMM,0.35502556423076337,0.32049489378062884,0.3173625431287552,0.031891132076919765
4648,MMM,0.35457337519584065,0.3200569938278709,0.3167167517592912,0.026704072156701612
4649,MMM,0.35472476965435273,0.3221388703575835,0.3166705284107472,0.027080016223214428
4650,MMM,0.35462190415076766,0.318641398457388,0.3158432795846075,0.06319874795512523
4651,MMM,0.35464005634357343,0.31780923545857526,0.3149934493988092,0.09583338499022062
4652,MMM,0.3549184001845118,0.3171268238483396,0.3141593911525101,0.0
4653,MMM,0.354627952911984,0.30620976334984795,0.31102538363373405,0.0
4654,MMM,0.3544948306760367,0.30315948839220935,0.3078289537138814,0.0
4655,MMM,0.3546219011961891,0.30267707362508106,0.3051628059032122,0.0
4656,MMM,0.35468241096769026,0.3022640271674894,0.3029365578741384,0.0
4657,MMM,0.3543859130873346,0.2959775346763012,0.2997350970458027,0.0
4658,MMM,0.35407126227552865,0.2910049371001023,0.2960503466843623,0.0
4659,MMM,0.3530304942057083,0.2872069569490778,0.29224437500196965,0.0
4660,MMM,0.3523104279248448,0.28817996927053596,0.28941945434470107,0.0
4661,MMM,0.35145724014667823,0.2854420871151795,0.28654088053002197,0.0
4662,MMM,0.35041344843489486,0.27854413738043116,0.2826793974468251,0.05302322670761435
4663,MMM,0.34973210711516356,0.27625735387178785,0.27907350154219374,0.0461755897297843
4664,MMM,0.3489273253075864,0.2766796850908937,0.27628421253435265,0.026825214936928417
4665,MMM,0.34875184641624957,0.2796624802172031,0.2747267578491537,0.022129928583615382
4666,MMM,0.3482707948407824,0.28218234936957676,0.27405017033132906,0.025145982363453136
4667,MMM,0.3478774850192481,0.2875869926421147,0.27473010476330895,0.0303258398376734
4668,MMM,0.34748417058118464,0.29089569951136557,0.27602167011385764,0.047033743459500114
4669,MMM,0.3467276780383386,0.2909308379766973,0.2770628620950193,0.0
4670,MMM,0.34631052182699795,0.2911509996652244,0.277945562244035,0.0
4671,MMM,0.3459898207766863,0.2949562353730798,0.27951153318351657,0.0
4672,MMM,0.3454331308788756,0.2947142884430435,0.28070964089372114,0.0
4673,MMM,0.3456509660562799,0.29573146908503445,0.281897963789304,0.0
4674,MMM,0.3454270799017256,0.29568702351795934,0.2828385794218426,0.0
4675,MMM,0.34490669586681566,0.2933060644509175,0.2830530830815494,0.0
4676,MMM,0.3444891784434576,0.29301760821407885,0.2831595079723549,0.0
4677,MMM,0.34459809603215974,0.2946374989179287,0.28361066977214494,0.0
4678,MMM,0.34462835091791044,0.2947235497908555,0.2839910428095138,0.0
4679,MMM,0.3445920452396709,0.2938725307617781,0.28410304950622,0.06684259526563152
4680,MMM,0.34456965728899536,0.2972821148644344,0.284963066351638,0.04452622959626748
4681,MMM,0.34509911649700253,0.3044247565289877,0.28726499314635356,0.029639836374595677
4682,MMM,0.3457072380386388,0.3062027081957223,0.28950827108370936,0.03875470889425334
4683,MMM,0.34596743024075494,0.30530678704881453,0.2911004558566973,0.03539140275900911
4684,MMM,0.3459795347803114,0.30285747596047863,0.29182077036960047,0.046768787905085936
4685,MMM,0.3458948214695321,0.30187533727331184,0.29217510314622563,0.06761620880953605
4686,MMM,0.3454016670164588,0.29505886221971944,0.2909183549216574,0.0
4687,MMM,0.34506281044944065,0.29525982765398456,0.28995836542258213,0.0
4688,MMM,0.34491655943968924,0.2972225634109995,0.2896338631550673,0.0
4689,MMM,0.3449528653025902,0.298802445452349,0.289731243083631,0.0
4690,MMM,0.34472256511225674,0.29624188756942343,0.28923057698701776,0.0
4691,MMM,0.3443110986660487,0.29515944974566166,0.2885854622166219,0.0
4692,MMM,0.34409326348864444,0.2939192466880586,0.287789140714124,0.0
4693,MMM,0.343814918539739,0.293277930147264,0.287007175037769,0.0
4694,MMM,0.3436091853166352,0.29302459034144523,0.28632435918169197,0.0
4695,MMM,0.34345791088788236,0.2913072120032873,0.28539005682237895,0.0
4696,MMM,0.3438209698862116,0.29908774742877736,0.2864006633345357,0.04481751540408379
4697,MMM,0.3440811602417162,0.3054550310213149,0.2886478660768659,0.044128796264646206
4698,MMM,0.3444079107918885,0.3101112572161596,0.29149772437496957,0.036683238196106076
4699,MMM,0.34469835972636687,0.31213429474722554,0.2942347258133137,0.03362609505221478
4700,MMM,0.34450896199949854,0.3105658576962831,0.2960699312705692,0.050189477462542854
4701,MMM,0.34406421480964267,0.30992039409248306,0.2973922501137187,0.05067711847846557
4702,MMM,0.3439855537686418,0.31089091557337917,0.2986693990597994,0.06333783781390415
4703,MMM,0.3438100765392553,0.3078922406801511,0.29901355358792253,0.0
4704,MMM,0.34382822873206087,0.30659941562748183,0.2989967573381342,0.0
4705,MMM,0.34378587207667133,0.3055952780809324,0.2987564307593533,0.0
4706,MMM,0.34425784829438055,0.30624548014499214,0.29871108569625965,0.0
4707,MMM,0.34429415415728126,0.30579369795919686,0.29857272734613904,0.0
4708,MMM,0.34414995937179405,0.3044836863148067,0.298166037402907,0.0
4709,MMM,0.3440470927602419,0.3040214631568203,0.29773624396213555,0.0
4710,MMM,0.3443072847776969,0.305114177233844,0.29763931307015074,0.0
4711,MMM,0.3443677945491981,0.30387090245313203,0.29728084460016657,0.0
4712,MMM,0.34442830432069926,0.30240541172033886,0.29666293533323085,0.0
4713,MMM,0.34508181022223416,0.310168274975739,0.2979226632097352,0.06368438173199935
4714,MMM,0.34571716060706237,0.31604125173183706,0.3002574721000295,0.04050006228344695
4715,MMM,0.3465158884829105,0.3212521217016606,0.303302739673715,0.025058962647052402
4716,MMM,0.34672767175985886,0.3255306766038739,0.3067057132404763,0.02775775458432736
4717,MMM,0.34736605003385734,0.3350953238545416,0.31158926891171135,0.03990804483699743
4718,MMM,0.3478924867078679,0.34028076877481783,0.31666778900119114,0.048571052424951404
4719,MMM,0.3483523576473757,0.3414005585205867,0.32098362680749976,0.07364630913016296
4720,MMM,0.3492236998342817,0.3448120465893989,0.325207138750665,0.0
4721,MMM,0.3498711560512948,0.34440180891541805,0.3284932531824633,0.0
4722,MMM,0.3504520480110944,0.3441896294937851,0.33107420179438496,0.0
4723,MMM,0.35126892992636005,0.3433381387282636,0.3329465623596757,0.0
4724,MMM,0.3517590590755195,0.3385422194596572,0.33336079040375743,0.0
4725,MMM,0.35233995288193065,0.33575764385024026,0.33306298494564435,0.0
4726,MMM,0.3528542859396906,0.33369519235939543,0.3323587200105863,0.0
4727,MMM,0.3535380463576536,0.3332845489320403,0.33170252125793187,0.0
4728,MMM,0.35404632843826334,0.3291256832981942,0.33023784709844123,0.0
4729,MMM,0.3547966496048778,0.3296924234944836,0.32919416537107704,0.0
4730,MMM,0.35558629990703405,0.3318742676499605,0.3288522178891968,0.16410371758382733
4731,MMM,0.35643948879316745,0.33210911063987425,0.3286317237765495,0.02896646671023556
4732,MMM,0.3575831834894192,0.3357308987692593,0.32927368846763827,0.024561639654542354
4733,MMM,0.3580711921743873,0.3375049986811276,0.33018812640005074,0.022648386622578252
4734,MMM,0.35856132446278677,0.3384054697570319,0.3311231424006322,0.02365779171824976
4735,MMM,0.35871865116131785,0.3345956481148564,0.33101030816750215,0.03472051262523843
4736,MMM,0.3592571877583559,0.33723294460222897,0.3315159502673459,0.07519294585354594
4737,MMM,0.35939938719867315,0.3395786891642068,0.3324504959112889,0.0
4738,MMM,0.35966563074726143,0.34087236102296514,0.33349044363852975,0.0
4739,MMM,0.360101302210037,0.3414155614956491,0.33444514050981405,0.0
4740,MMM,0.3604038510675429,0.34242713307561123,0.33543746734043955,0.0
4741,MMM,0.36082136849090096,0.34184614862528845,0.33610005264883636,0.0
4742,MMM,0.3612025800513583,0.34099804878145845,0.3364384887659361,0.0
4743,MMM,0.36159589356611566,0.3398617906523033,0.3364524948165774,0.0
4744,MMM,0.36222519518972796,0.33833562669817263,0.3361188557677731,0.0
4745,MMM,0.3627697831332384,0.3368755523485603,0.33552203389491464,0.0
4746,MMM,0.3632417593509476,0.3347755382387309,0.3345700683784724,0.0
4747,MMM,0.3640767927203743,0.33963582007388443,0.33490669939665807,0.05487685293254673
4748,MMM,0.3653717007225321,0.3462636276795788,0.3366735883640814,0.03346468941813092
4749,MMM,0.3663096027347834,0.34986204213582556,0.33890017812837037,0.02972591150791472
4750,MMM,0.3668874721605866,0.34892086904311564,0.34046878747392917,0.02406089254836118
4751,MMM,0.36751072206840374,0.3471786993517507,0.3413300235536209,0.029164238792964512
4752,MMM,0.36794633314697744,0.346334067371563,0.3418281638677795,0.03279474386744193
4753,MMM,0.36844463207552747,0.34540532157283965,0.34201682165848163,0.06194221631070644
4754,MMM,0.36886868363090186,0.34301167407729416,0.3416268920349051,0.0
4755,MMM,0.36966136145290585,0.34196265788915126,0.3410779182179514,0.0
4756,MMM,0.36996996221086786,0.3395954563901036,0.340103858904951,0.0
4757,MMM,0.37024225618262285,0.3374620924575277,0.3388425678878371,0.0
4758,MMM,0.3705811109030295,0.3362446048240632,0.3375584380443784,0.0
4759,MMM,0.37091391464628587,0.3347845658099226,0.3362012315200117,0.0
4760,MMM,0.37107729102933895,0.33182296030497527,0.3344462776735785,0.0
4761,MMM,0.3713858908639951,0.33037500826537736,0.33271514305530847,0.0
4762,MMM,0.3716944906986508,0.32897838555655834,0.33101466192212803,0.0
4763,MMM,0.3719244278303553,0.32639826688324947,0.3290712871239695,0.0
4764,MMM,0.3716605460981044,0.3166681828266244,0.3253180292469108,0.050176489445169614
4765,MMM,0.37120067091138953,0.3061594584345565,0.3199409274781702,0.04431712251655825
4766,MMM,0.3714002948044144,0.30697062977158146,0.3158225340238227,0.19796725720820205
4767,MMM,0.3713821426116086,0.31124187190489805,0.3134929264137947,0.07694184142929589
4768,MMM,0.3709222716721008,0.3112680264580151,0.31163515006947706,0.03965371584225227
4769,MMM,0.3702566651088939,0.30708245760623987,0.3092031801195686,0.04031657701982857
4770,MMM,0.3697302330514125,0.3025667988173007,0.3062372699187543,0.0680269843771862
4771,MMM,0.3697423346363904,0.30643279609365665,0.30473808193919577,0.0
4772,MMM,0.36919169497708526,0.30221169622581934,0.30258495428169696,0.0
4773,MMM,0.3686773632119533,0.2996716871633525,0.30028852521840405,0.0
4774,MMM,0.368041526533019,0.2947588364676142,0.2973413003563095,0.0
4775,MMM,0.36771477376691286,0.2968088437783931,0.2954467292144651,0.0
4776,MMM,0.36733961318360575,0.29667586713452676,0.2939010256058523,0.0
4777,MMM,0.36686158598874674,0.29527681482284696,0.2923483403002584,0.0
4778,MMM,0.36619597850223373,0.29237049770985724,0.2904494960998079,0.0
4779,MMM,0.3655424729700212,0.29026438111795766,0.28845453383690295,0.0
4780,MMM,0.36506444577516195,0.28987174116817693,0.28676984519200205,0.0
4781,MMM,0.36401762562022477,0.2825913607192775,0.2837770582346301,0.0495292138884412
4782,MMM,0.3630797232386509,0.27876352366192136,0.28051791096774825,0.02416515090600277
4783,MMM,0.3622930956551522,0.27706448192991456,0.2775266867217839,0.02014547760186886
4784,MMM,0.36195187874908585,0.2751046657042826,0.27469087767504907,0.02753731250763784
4785,MMM,0.3619851593080725,0.2766374903145287,0.27276857933340604,0.021781023207815952
4786,MMM,0.3612917750886826,0.27658596860079515,0.2712190990877035,0.02304841755767418
4787,MMM,0.3603236196679698,0.27650680997987426,0.2699616286302076,0.04695487077217896
4788,MMM,0.3595309394453705,0.2760881252777189,0.268861048495921,0.0
4789,MMM,0.35904685979607187,0.27647074173410024,0.26806703836781576,0.0
4790,MMM,0.3587685130005549,0.27889351471961843,0.2679792671622637,0.0
4791,MMM,0.3576309292963331,0.27589205190202665,0.2672308556245206,0.0
4792,MMM,0.3572315648044253,0.2774409714550068,0.2669821120177211,0.0
4793,MMM,0.3566264670894137,0.27669339718821034,0.26661419922734875,0.0
4794,MMM,0.3562271025975061,0.2764572597552552,0.2662665126367295,0.0
4795,MMM,0.35544047556799097,0.2767130565198771,0.26604616184056973,0.0
4796,MMM,0.35486563273872984,0.2785024391343537,0.2662742005813751,0.0
4797,MMM,0.3544326248138676,0.28089210342057164,0.2669965874053649,0.0
4798,MMM,0.35511033628595334,0.2973713953030148,0.2712980700039675,0.053309317308481353
4799,MMM,0.3563205320852989,0.31818836157851066,0.27944294705576306,0.06157500963769926
4800,MMM,0.35743391169625927,0.334020455054227,0.2895361843271136,0.05122816463374677
4801,MMM,0.35905557375715147,0.34638640957798256,0.3004049194531248,0.035928870532491004
4802,MMM,0.36013869922100605,0.3493435094306336,0.3097680781076466,0.04810312958085897
4803,MMM,0.3613519184776537,0.3540596518817701,0.31832423949407707,0.044270129508244146
4804,MMM,0.3624653006738703,0.35478760954680855,0.32533365404516285,0.0802977089727718
4805,MMM,0.36338202445075773,0.35464044190160415,0.33090793246771466,0.0
4806,MMM,0.36449298444643485,0.355226050287509,0.33549967616174886,0.0
4807,MMM,0.36556400721734406,0.35416547738358767,0.33893342970485735,0.0
4808,MMM,0.36683471241886867,0.3550148603544815,0.3418723545975281,0.0
4809,MMM,0.3680146529631414,0.3541633551730759,0.34403109293008166,0.0
4810,MMM,0.36886784074130774,0.34995241870883037,0.3448066027908883,0.0
4811,MMM,0.370229310600084,0.3483815801857337,0.3450720723622394,0.0
4812,MMM,0.3713910982129063,0.3473032893843887,0.3450408031653421,0.0
4813,MMM,0.3727707210031328,0.34688882040531405,0.344922136601898,0.0
4814,MMM,0.37419875161056027,0.3468220734445328,0.3448121215629157,0.0
4815,MMM,0.3752383071951517,0.34072409574611995,0.3433462429265072,0.05087737009178396
4816,MMM,0.37587970984975816,0.33097975165065435,0.33997175985632216,0.03681359066137936
4817,MMM,0.37666367666526135,0.32582114970696063,0.33610656314389153,0.024223951202838
4818,MMM,0.37631271888258766,0.3192670348024672,0.3315334728318597,0.024963677828686873
4819,MMM,0.3750480622576182,0.30841807818793826,0.325423628051869,0.030710639370577063
4820,MMM,0.3738983756757901,0.30123440296960863,0.3189125671859438,0.0270880451794088
4821,MMM,0.37289391586946596,0.29806681411226815,0.312987986963595,0.11161784057680967
4822,MMM,0.3720225755291715,0.2913523654002015,0.3067311616692944,0.0
4823,MMM,0.3713781486786183,0.2924724084697473,0.30197878040827203,0.0
4824,MMM,0.3708880180521694,0.2933425966030301,0.2983734984814676,0.0
4825,MMM,0.37040393988015996,0.29409565756908607,0.29565943059033745,0.0
4826,MMM,0.36972017946219715,0.2931545639698308,0.2932755317734791,0.0
4827,MMM,0.36925425422163816,0.2947928371471016,0.2917385882130549,0.0
4828,MMM,0.36869151334667727,0.2970165951730378,0.2910115018999531,0.0
4829,MMM,0.36810456856311613,0.2975486492612188,0.29055005296120934,0.0
4830,MMM,0.3678564784999614,0.30002538853521304,0.2907405246426407,0.0
4831,MMM,0.36740265521370263,0.30125262785309365,0.2911702024562942,0.0
4832,MMM,0.366304401199006,0.2934735999875314,0.28975623694783237,0.06478175112715329
4833,MMM,0.36441576876316795,0.2768569910820149,0.28487046397751603,0.04669912490281126
4834,MMM,0.3629453211161491,0.27101370012956955,0.279641526658465,0.03142568876341677
4835,MMM,0.36182710079733305,0.2664080451577827,0.2744177075035554,0.028585209363888236
4836,MMM,0.360852893106842,0.2607871633585355,0.26896858762607867,0.029607484404047774
4837,MMM,0.35961244094445655,0.2557631170481848,0.2634740849430154,0.02556277964824907
4838,MMM,0.3585293154806022,0.25241498904139414,0.2583219576010449,0.04654692895377388
4839,MMM,0.35803918836271564,0.25351712029220275,0.2544492874425987,0.0
4840,MMM,0.3571799507153661,0.25092123871874417,0.2507645997231535,0.0
4841,MMM,0.3563025575513099,0.25165577224868785,0.24798282083699533,0.0
4842,MMM,0.3555703893161457,0.2506525394770487,0.24553071258724474,0.0
4843,MMM,0.35435414290897227,0.24962741372192107,0.2433373940245213,0.0
4844,MMM,0.3529926730501962,0.2471801009115413,0.24102975738911336,0.0
4845,MMM,0.3516312031914197,0.24586004855355004,0.2388853760714133,0.0
4846,MMM,0.3505057214414984,0.247297661564053,0.2374947064063563,0.0
4847,MMM,0.3492047613542235,0.24875438038897843,0.2367113231116157,0.0
4848,MMM,0.347843291495447,0.25047510176830967,0.23647342152607623,0.0
4849,MMM,0.34755889649269744,0.2669044138770889,0.23999538023324368,0.04512143501061771
4850,MMM,0.34668755670638673,0.27359664642506315,0.2443250884691299,0.02904699241794968
4851,MMM,0.3456104835123106,0.27541727903010965,0.2482002355172207,0.026154679021813378
4852,MMM,0.34518994078503873,0.27800468290662583,0.25188498917307384,0.01916641723769666
4853,MMM,0.34574735898649545,0.28399684582918355,0.256186749359062,0.0209266478104269
4854,MMM,0.345995511280464,0.2912600827660249,0.2612693198925064,0.027222057904123638
4855,MMM,0.3463585736026942,0.2983738415783653,0.26694276342198675,0.04673171301912958
4856,MMM,0.3468785353618318,0.30386648559475127,0.2727226068718092,0.0
4857,MMM,0.34741707195886984,0.3073304933950002,0.27812919040894535,0.0
4858,MMM,0.3480161183274093,0.31093033581021473,0.28326785848301744,0.0
4859,MMM,0.34834287109351525,0.31282468153956616,0.28780682922714035,0.0
4860,MMM,0.3490205805343283,0.31530920950049085,0.29199939654513535,0.0
4861,MMM,0.3495591175006889,0.3172538244541018,0.2957928452509252,0.0
4862,MMM,0.35034574453020406,0.32008144176616954,0.2994665175831251,0.0
4863,MMM,0.3511626264454697,0.3217092057130679,0.3027732563321517,0.0
4864,MMM,0.3520037122693358,0.3208731020118963,0.30522972578634217,0.0
4865,MMM,0.35306868424775617,0.3232517442410477,0.3077323666956523,0.0
4866,MMM,0.3541215527945871,0.3265281270304493,0.3104747934509162,0.04023061995939474
4867,MMM,0.3548537197371231,0.3238296945373807,0.3120590114021185,0.026337219702350066
4868,MMM,0.35576439272152127,0.3240515003316494,0.31337650382055493,0.023804910533223055
4869,MMM,0.35274676580022923,0.3006209312402453,0.2913681115983335,0.0
4870,MMM,0.352719537695682,0.3019283489165413,0.29182495435814404,0.0
4871,MMM,0.3525017025182777,0.302040677324133,0.2922158096954903,0.0
4872,MMM,0.3522959692951737,0.30236648451662623,0.2926021116255951,0.0
4873,MMM,0.352053930209169,0.3016162070844586,0.29274162447187707,0.0
4874,MMM,0.3518179421003145,0.3024221031403461,0.2930353307350814,0.0
4875,MMM,0.3516545657172614,0.30372968104955017,0.29356574909492295,0.0
4876,MMM,0.3518602989403654,0.30470705498025846,0.29421092599746823,0.0
4877,MMM,0.35203577543110676,0.3088678040495423,0.29566720824792486,0.05107514217451291
4878,MMM,0.35183488346984215,0.30651456195629706,0.29630050798193697,0.0279376976613894
4879,MMM,0.35150207787997423,0.30363571766058406,0.29615665942483355,0.02530030362442432
4880,MMM,0.35163822394254596,0.30283949598450816,0.29586167056437573,0.022060501727111128
4881,MMM,0.35179555064107726,0.3042152796225691,0.2959365442289897,0.022820891107871978
4882,MMM,0.35194380124320546,0.3042222920193256,0.29599802764455263,0.019794328841250416
4883,MMM,0.35222214563812737,0.30342244896916615,0.2958664860958023,0.040140294202208084
4884,MMM,0.352246351024017,0.30275220542856746,0.2956098081914341,0.0
4885,MMM,0.35225845371696196,0.3040505842432949,0.29569784063876026,0.0
4886,MMM,0.35218093959170194,0.3042370142141069,0.2958103913211936,0.0
4887,MMM,0.35211437884305097,0.30449048039633786,0.29595770373747526,0.0
4888,MMM,0.3519389005056974,0.3031280516616088,0.29576770652044176,0.0
4889,MMM,0.35193448329237786,0.303437112998085,0.29568554260248925,0.0
4890,MMM,0.351849769612276,0.30372405228211397,0.29568464674249906,0.0
4891,MMM,0.3519042284066274,0.3050529270936521,0.2959841955385569,0.0
4892,MMM,0.3519042284066274,0.3055006381129857,0.29632499697592996,0.0
4893,MMM,0.35172875006927384,0.3022423533674762,0.2958614134357459,0.0
4894,MMM,0.351474606813035,0.2999250360504888,0.29496693790860257,0.039163004931314055
4895,MMM,0.3510691935599113,0.29660055340750324,0.29350017507200227,0.039343420299916936
4896,MMM,0.3507121879393271,0.2947384193744819,0.29190600690142365,0.02450189477462543
4897,MMM,0.3500223769135362,0.2919180971594463,0.28999340735871504,0.025298178312490517
4898,MMM,0.349288394936381,0.2836421540892022,0.2865933396486355,0.03884692381760337
4899,MMM,0.34856227952497854,0.2764987837876096,0.2822592075232409,0.03969563171650228
4900,MMM,0.34771514180065655,0.2708997255609417,0.2775267684077553,0.06348720001369645
4901,MMM,0.34675908630297103,0.26728277998032834,0.2729235513307228,0.0
4902,MMM,0.34590892290541264,0.2653485271031603,0.2688039241773795,0.0
4903,MMM,0.34505573475792417,0.26342649399895895,0.26507393007788943,0.0
4904,MMM,0.34420254697975783,0.2623328414895422,0.2618428188944731,0.0
4905,MMM,0.34324044161288914,0.26216630278790853,0.25922029974854827,0.0
4906,MMM,0.34222272776601104,0.2608685924094776,0.25682906069729783,0.0
4907,MMM,0.3413755909649947,0.2629495754705299,0.2553862773198986,0.0
4908,MMM,0.3397660310430637,0.2523357179562135,0.2518337998297917,0.0
4909,MMM,0.3385618865901907,0.2519078404014677,0.24889513690134235,0.0
4910,MMM,0.33747876168031987,0.2539755300601186,0.24701141071568578,0.0
4911,MMM,0.3357602836157032,0.24796930243293863,0.24414729452000944,0.12241289025302429
4912,MMM,0.3349373523852379,0.25642532657869316,0.2437666798013413,0.08189393630794353
4913,MMM,0.33500996558832874,0.27310525153479354,0.24723109514796168,0.06706941327812245
4914,MMM,0.33479818231138037,0.28257947178855614,0.25214337183985,0.03387971560964868
4915,MMM,0.3345137856466802,0.2876284816274076,0.2572140406005601,0.024528697319568398
4916,MMM,0.3345742944948755,0.29747607282746713,0.2634956849367628,0.040563231277035004
4917,MMM,0.33524595332786067,0.3127418820078646,0.27197038144836905,0.09393583565198962
4918,MMM,0.3363811146099498,0.32518117325800266,0.2815608547431958,0.0
4919,MMM,0.3373855768168692,0.331881770333705,0.29074726465340345,0.0
4920,MMM,0.3384142434863724,0.33685216744948676,0.29921947707601,0.0
4921,MMM,0.3395578781677444,0.3424468824617909,0.3072613990596493,0.0
4922,MMM,0.34064100307761525,0.3459877236302922,0.31449500628304783,0.0
4923,MMM,0.3413973752213797,0.34265490979597757,0.3195288271752025,0.0
4924,MMM,0.3423231747253477,0.3420323111802931,0.3234152048173657,0.0
4925,MMM,0.3431642605492138,0.34008694855181754,0.3260847431390669,0.0
4926,MMM,0.3443744559792372,0.3419088208513107,0.3286320343705728,0.0
4927,MMM,0.3454757338205581,0.3439165796533539,0.33112352985529725,0.0
4928,MMM,0.34834087353241117,0.3581334903196352,0.33632910375662556,0.0710842455939627
4929,MMM,0.3509639730502925,0.37241243754280484,0.34371995784165527,0.052211121403130945
4930,MMM,0.35372697002237175,0.3866764356027978,0.3528556582402501,0.0856114610988217
4931,MMM,0.357139720765715,0.3982213974282057,0.3627728567248478,0.11630391724507622
4932,MMM,0.35955405935598317,0.40410617361406653,0.37203630823800415,0.030150265457364177
4933,MMM,0.3609336814075652,0.4019474629899046,0.3789592986782054,0.04138631735984306
4934,MMM,0.3625795479310414,0.3990897739186902,0.3838519828080551,0.07160329399735163
4935,MMM,0.36446745132458824,0.39669103822461804,0.38722412455352195,0.0
4936,MMM,0.3660830611157022,0.39547611248749515,0.3896473197925983,0.0
4937,MMM,0.36707542247628844,0.3918378161445129,0.39076378589451655,0.0
4938,MMM,0.36803692274544186,0.38811322565610107,0.39081537012061074,0.0
4939,MMM,0.3693076279469667,0.3859572776449937,0.39036949095651363,0.0
4940,MMM,0.37057833314849087,0.38337254106242935,0.38942875429540924,0.0
4941,MMM,0.37167961098981195,0.3800385907124378,0.38792284327892435,0.0
4942,MMM,0.3729019083741354,0.37792653922726077,0.386240886546275,0.0
4943,MMM,0.37451751927321664,0.37555625769487244,0.3843597449527672,0.0
4944,MMM,0.37595765183494434,0.37274503653347757,0.3822196230973869,0.0
4945,MMM,0.37827517626810003,0.38157393707274206,0.3825024570174811,0.055685061831818164
4946,MMM,0.3802598986199499,0.3864944578513773,0.38384053885615044,0.06270969006457996
4947,MMM,0.38230513018931744,0.3913072741504915,0.385998482698374,0.06039947599253544
4948,MMM,0.38340640784597757,0.39336880434298777,0.38819065016904597,0.04115465835905847
4949,MMM,0.38407201440918426,0.391347526977755,0.38948766706343163,0.032624600839852434
4950,MMM,0.3845886455751788,0.39044493139893155,0.3903213348829095,0.029302265995776535
4951,MMM,0.3845765456521515,0.3823272922743082,0.38915405058010333,0.06305540747247869
4952,MMM,0.38467336091723103,0.3745817974257395,0.3864700923206295,0.0
4953,MMM,0.38565361847690527,0.37500809484308095,0.38441924960997126,0.0
4954,MMM,0.38637368531175276,0.3706752908941572,0.38179955810759103,0.0
4955,MMM,0.3870332418211153,0.3665591940953677,0.37877375356679915,0.0
4956,MMM,0.3874628611987734,0.3609774380133845,0.37509188601957755,0.0
4957,MMM,0.3882131823653878,0.35900385745806873,0.371700452217115,0.0
4958,MMM,0.3888666878976006,0.3555409908653816,0.36820485425905736,0.0
4959,MMM,0.38938707193251076,0.35201330517813295,0.3646112787986932,0.0
4960,MMM,0.3900042716018224,0.3501573880197394,0.3613170652610264,0.0
4961,MMM,0.3906335732254347,0.3479500598989132,0.35818293830962233,0.0
4962,MMM,0.3912840517917826,0.3473962560879703,0.35555050218509426,0.06286542820017368
4963,MMM,0.3915623978486551,0.3411492800439194,0.3520330198065999,0.04106433260187181
4964,MMM,0.39180746076128425,0.3352058279972088,0.3478760830929091,0.030823989340379925
4965,MMM,0.3908453529938207,0.3243438006078682,0.34209620778883904,0.03943421834864444
4966,MMM,0.3898892974961352,0.31457771520143446,0.3352656148335418,0.03673389146386173
4967,MMM,0.3886851497193611,0.3050731260631111,0.3276535340630905,0.03837534071406939
4968,MMM,0.38737511261237745,0.2953505477045397,0.31936700735580664,0.07020708212972786
4969,MMM,0.3863252680768321,0.2890211582758127,0.311307630821068,0.0
4970,MMM,0.3850908702154978,0.28320877894657176,0.3035467952764376,0.0
4971,MMM,0.38458258702692083,0.28309184556874184,0.29731170519665445,0.0
4972,MMM,0.383959336380459,0.2810632632446253,0.29186526546102215,0.0
4973,MMM,0.3827370389961353,0.2782684264006981,0.28687660720516805,0.0
4974,MMM,0.3817265258120659,0.2756134560778658,0.28228577762828466,0.0
4975,MMM,0.3809217458511005,0.27690575019921365,0.27890511387264744,0.0
4976,MMM,0.380008048301433,0.2749892227242053,0.2757675345140098,0.0
4977,MMM,0.3788825665515112,0.2737681147536126,0.27298155596521145,0.0
4978,MMM,0.3777933906644906,0.2723974084956098,0.27044305563098364,0.0
4979,MMM,0.37718526616827575,0.27849567755165316,0.26979018780244446,0.11147001332452511
4980,MMM,0.37629577104991907,0.2809019347124906,0.26981159860864923,0.05571894874987381
4981,MMM,0.3750311190414788,0.27733342942093125,0.26902240677902683,0.04376265224760593
4982,MMM,0.37382999970785824,0.27744760674028646,0.26841685221509437,0.041302485611343025
4983,MMM,0.3731825453374571,0.28062297051943436,0.26864989687353347,0.029155973690999717
4984,MMM,0.3727373180285647,0.28571066905835435,0.26998592190036413,0.03649762762055389
4985,MMM,0.3727191658357589,0.2903047785758944,0.2720928024720668,0.056083439746521135
4986,MMM,0.3727736238914652,0.2940986271909284,0.27463554478277263,0.0
4987,MMM,0.3729491042600914,0.29722223440895135,0.2773755323036669,0.0
4988,MMM,0.37309432641906604,0.29704023830318915,0.2795263994483725,0.0
4989,MMM,0.3731608871677172,0.2970153448298487,0.28124146836731084,0.0
4990,MMM,0.3733908242994217,0.2984419931298845,0.2829358813639094,0.0
4991,MMM,0.37326375377926935,0.29859892159549717,0.2843268704825661,0.0
4992,MMM,0.37356630263677526,0.30289486527942894,0.28641035036192947,0.0
4993,MMM,0.37366311827117693,0.3017958250666881,0.28782880098481034,0.0
4994,MMM,0.3736207614311262,0.2981648214669049,0.2881431192232349,0.0
4995,MMM,0.3735178948195743,0.29754997354889573,0.28825564604883425,0.0
4996,MMM,0.374346878504479,0.3075398809485307,0.2906029338484161,0.060601616772017204
4997,MMM,0.375266626477313,0.3166043952723793,0.2945289335300007,0.03723156867502741
4998,MMM,0.37633159882505596,0.324929150936431,0.29955075078524074,0.030320290412068466
4999,MMM,0.37713032762421017,0.3341289480374584,0.305646941808106,0.0418627414516707
5000,MMM,0.37815899650964746,0.3416959255105343,0.3122336886070054,0.04140532709436208
5001,MMM,0.37950836182886705,0.34617070655990745,0.31851418377041135,0.044026190927397575
5002,MMM,0.38068225287327895,0.3492343938405172,0.3242308343831255,0.08963231513180772
5003,MMM,0.3809061377352052,0.3400009702902933,0.3267178196010243,0.0
5004,MMM,0.3818021645037317,0.3445255590256294,0.3297297597794199,0.0
5005,MMM,0.38270376157638863,0.348089741535084,0.3329446556438712,0.0
5006,MMM,0.38365376498895665,0.3511264859555748,0.3362027389520599,0.0
5007,MMM,0.38439803517842086,0.34999650709073193,0.3385538815847366,0.0
5008,MMM,0.38505759168778386,0.3446408859027771,0.3392246680141194,0.0
5009,MMM,0.3856989952656962,0.33975449054644596,0.3386571932539402,0.0
5010,MMM,0.38648562229521133,0.33901028922466164,0.3380350576735782,0.0
5011,MMM,0.38707256707877247,0.3340821144635011,0.33642380505351516,0.0
5012,MMM,0.3874598296163798,0.3310676576885927,0.33445367233868356,0.0
5013,MMM,0.38897862358843094,0.34047789670902956,0.335003853722248,0.05418931452196126
5014,MMM,0.3904308566271695,0.3436658420741662,0.33616433000693247,0.049909408578821625
5015,MMM,0.39115092069209934,0.3371610139499106,0.3356229146712958,0.044806652698644346
5016,MMM,0.3912537861956844,0.33305330338051664,0.3342616259716862,0.03347118342681754
5017,MMM,0.39115697296187757,0.32785999715553793,0.3319991431609109,0.026896294813825626
5018,MMM,0.3907636585238141,0.3205470829564559,0.32853676971769724,0.03817957587038903
5019,MMM,0.390361267989348,0.31741227071280725,0.3250585454628066,0.06119056432345123
5020,MMM,0.38991349438761125,0.3148417871127782,0.3216951532571886,0.0
5021,MMM,0.38953833417362627,0.3127427048754447,0.31853014203549124,0.0
5022,MMM,0.3893265503426948,0.31342758491746087,0.31615288490950905,0.0
5023,MMM,0.38971381288030216,0.31150440796213097,0.3138165283733911,0.0
5024,MMM,0.3892599895940434,0.30977341801903063,0.3115563178641935,0.0
5025,MMM,0.3885943821075304,0.30573347396614786,0.3088353051873518,0.0
5026,MMM,0.38786826484951664,0.3024098138924388,0.3059074984943713,0.0
5027,MMM,0.3874325944947079,0.301101938216232,0.3032697325088607,0.0
5028,MMM,0.387323676906006,0.30094556137326944,0.30112418564079424,0.0
5029,MMM,0.38752941012911,0.30523492999725865,0.3003769510652076,0.0
5030,MMM,0.38696061956962735,0.3007393875483825,0.2987633745450513,0.05913031054939904
5031,MMM,0.38681236896749893,0.29946208375836425,0.29718390055858956,0.040172291954100346
5032,MMM,0.3869757462738579,0.3042626212008608,0.2970050252755788,0.027295026947184227
5033,MMM,0.38613466081931413,0.30540274476531326,0.297119541305408,0.029683051050583015
5034,MMM,0.3854932587186912,0.3054329663423374,0.2972179828360654,0.021045901424490324
5035,MMM,0.385541667643859,0.3069839420231236,0.29764718627568865,0.027942538649683064
5036,MMM,0.3853480365597166,0.30598985145200724,0.29776592960956544,0.07134093604641209
5037,MMM,0.38513625051285083,0.3032787423815054,0.2972483364916487,0.0
5038,MMM,0.38517255692973484,0.3018210696732687,0.2965048940256111,0.0
5039,MMM,0.3850938962580561,0.30180476964880343,0.29590645698595364,0.0
5040,MMM,0.3850817943037559,0.30282939117369917,0.2956592253839695,0.0
5041,MMM,0.3850212845322547,0.30297552175298736,0.29549445899080085,0.0
5042,MMM,0.38472478665189924,0.3020775314502313,0.2951597407639196,0.0
5043,MMM,0.3846037671088969,0.3016113584095336,0.2947866322017411,0.0
5044,MMM,0.3844524926801438,0.30069191306240595,0.2942803923719465,0.0
5045,MMM,0.38462797101749713,0.30217270660621587,0.29420999274084003,0.0
5046,MMM,0.3847792454462502,0.30286081009744104,0.29430915324076823,0.0
5047,MMM,0.3845795619076682,0.2995552972313165,0.2936415855357033,0.06268418632137432
5048,MMM,0.3845674595840456,0.30059634783172745,0.29334276162790934,0.05773079264098936
5049,MMM,0.3844161860785986,0.30379134004890956,0.29382562594871264,0.025618037758527962
5050,MMM,0.38494098388474396,0.3083478778233379,0.29524148844436615,0.016439287807970982
5051,MMM,0.38532522222640453,0.3120191268486459,0.2972037143430529,0.02338953012304966
5052,MMM,0.38546439211560113,0.31696751428999465,0.2998916063674786,0.028469852155036782
5053,MMM,0.3859726765968059,0.32347999531515387,0.3035134455591853,0.04834612357862385
5054,MMM,0.386547519426067,0.3284872779659271,0.3075423358662813,0.0
5055,MMM,0.3870194967517431,0.3321696879096706,0.31159750587588614,0.0
5056,MMM,0.3875822387346708,0.33388667939955685,0.3152296041478435,0.0
5057,MMM,0.388314406969835,0.3354609630495106,0.3184909995252434,0.0
5058,MMM,0.3887319243931928,0.3323897132795988,0.32040615256531657,0.0
5059,MMM,0.3892946652681539,0.33288592925811245,0.3220503973204774,0.0
5060,MMM,0.3897908453944632,0.3329839006262435,0.32338793021383333,0.0
5061,MMM,0.39032333138367337,0.3325916509062086,0.32436932586817885,0.0
5062,MMM,0.39065008414977975,0.32792382377879364,0.32409972500239825,0.0
5063,MMM,0.3910615505959876,0.32544915741684394,0.3233248818615271,0.0
5064,MMM,0.39168480050380494,0.32578350750451074,0.322780555316211,0.03873298348337446
5065,MMM,0.3922384641743959,0.32694241012877423,0.32260695355266394,0.031288251925030805
5066,MMM,0.3928919709992367,0.32855706295684517,0.32283291050642154,0.02773260505977735
5067,MMM,0.39372095653075334,0.3282524488317449,0.32294484708198085,0.019609072484353868
5068,MMM,0.39430487822633475,0.3277315443230128,0.3229166955303576,0.023005084808801625
5069,MMM,0.39465583600900844,0.32598455586743275,0.322499434069973,0.03061759793703055
5070,MMM,0.39487530580707086,0.3244921751733673,0.32182841449809707,0.04870234947330638
5071,MMM,0.3952504667597003,0.32551851300012624,0.32152350467677804,0.0
5072,MMM,0.39479664513539214,0.3161102189161523,0.31915372873179104,0.0
5073,MMM,0.39453040066349776,0.3141292002027503,0.316810287524479,0.0
5074,MMM,0.39429441255464326,0.31303133886946505,0.31468746765135075,0.0
5075,MMM,0.39399186369713735,0.3111326596205112,0.3125601962889438,0.0
5076,MMM,0.3936711619081812,0.3084511067008141,0.31025246976462506,0.0
5077,MMM,0.3933081032791743,0.3062492878094341,0.3079087772600811,0.0
5078,MMM,0.39319313471332196,0.3041827864691198,0.30556688760543366,0.0
5079,MMM,0.3928784839015158,0.3028656666161882,0.3033957664855871,0.0
5080,MMM,0.392678801655562,0.30356739570171076,0.3018174285613352,0.0
5081,MMM,0.3923157411799434,0.3015926697736782,0.30010855965492167,0.049981551111685736
5082,MMM,0.3922310256532304,0.30011133633735987,0.2984067503058221,0.032082174005191665
5083,MMM,0.3923641478891775,0.303637812620542,0.2978421266499505,0.04020499814330388
5084,MMM,0.39234599569637174,0.3067088550126414,0.29808434412911256,0.05165771379014552
5085,MMM,0.3916537055944018,0.3003645100221908,0.2968445836643531,0.04430224533302162
5086,MMM,0.39067949790391054,0.29227809242613684,0.2940256113846835,0.04752669775525734
5087,MMM,0.38969923794364125,0.28469779639773213,0.2900576301904207,0.061073790239977235
5088,MMM,0.38917582638888315,0.2856580475151545,0.2871002184698696,0.0
5089,MMM,0.3887280520485019,0.2866577886558544,0.284960185283898,0.0
5090,MMM,0.38783250872291264,0.28121330591403254,0.28201795237431027,0.0
5091,MMM,0.38676753674449227,0.277157200703743,0.27874767008799095,0.0
5092,MMM,0.38639237616118494,0.2744121686861381,0.2755111914252282,0.0
5093,MMM,0.38565415694887095,0.272814157980123,0.272560930495802,0.0
5094,MMM,0.38501275337095864,0.2739039176151444,0.2704469580428933,0.0
5095,MMM,0.38431689099869515,0.2733681797693723,0.2686347276065576,0.0
5096,MMM,0.3836694364436326,0.27289318126493384,0.26707761512197176,0.0
5097,MMM,0.3828828094141177,0.2707888324784492,0.26535643767566697,0.0
5098,MMM,0.3826407719900635,0.27717186055181514,0.2654217707903701,0.07892558397373114
5099,MMM,0.3825742127187015,0.28535035565314953,0.2673220065333221,0.04885879604621137
5100,MMM,0.38271640975842347,0.296746034211445,0.2714171020404154,0.04360337192545587
5101,MMM,0.3827073336620206,0.3010138939884613,0.27565752134030147,0.046970810611682484
5102,MMM,0.3823200714937356,0.2988960211010764,0.2785713134876703,0.055720011405840715
5103,MMM,0.3817815348966975,0.29972401392033027,0.2810894360588603,0.0772152982314453
5104,MMM,0.38096465390473755,0.29665240893170386,0.28240989059063415,0.1160678895475388
5105,MMM,0.38071601779850917,0.2939252590789831,0.28285004194120683,0.0
5106,MMM,0.3807160168752035,0.2923845216114315,0.2828540261787724,0.0
5107,MMM,0.38078862989363316,0.29099396459118737,0.2825430107009871,0.0
5108,MMM,0.38043162224177607,0.2904452755070336,0.2821702194518137,0.0
5109,MMM,0.37971155596091233,0.2848955553201604,0.28061800119834507,0.0
5110,MMM,0.3795058227378083,0.2818661185458021,0.2786917111757929,0.0
5111,MMM,0.37965709716656115,0.28491884702438197,0.2778404574471244,0.0
5112,MMM,0.38343290690823384,0.3406932966040074,0.28976195242354486,0.0
5113,MMM,0.3874083988958603,0.3871105204557866,0.3097873374102197,0.0
5114,MMM,0.3914807065178887,0.4259332477331024,0.33457982235471695,0.0
5115,MMM,0.4021637077843858,0.5499630569819483,0.3824389262861577,1.0
5116,MMM,0.4141143876558657,0.6624801888030445,0.4461499820522037,0.552158874151425
5117,MMM,0.42622535933024985,0.7468082723399926,0.5161731518748934,0.4052796290622238
5118,MMM,0.4375618653903153,0.8041514309627594,0.5851486428437309,0.27976897859279554
5119,MMM,0.4506380273810391,0.8717071186807961,0.6555935594827963,0.5210956691456069
5120,MMM,0.4632422739075781,0.9160356561152869,0.7219657333265854,0.4410557132812514
5121,MMM,0.47715649752622125,0.958217260511671,0.784594603364529,0.5268042569998034
5122,MMM,0.4914004992148844,0.9831400801617418,0.840329127157035,0.0
5123,MMM,0.5055416317067394,0.995850848251129,0.8877888037391768,0.0
5124,MMM,0.5200821288751631,1.0,0.9266940652644768,0.0
5125,MMM,0.534955430710149,0.9997847584603337,0.9577696396512967,0.0
5126,MMM,0.5496593051849319,0.9896888030665569,0.9803488707809696,0.0
5127,MMM,0.5640969366651094,0.9697529813022754,0.9939076634386876,0.0
5128,MMM,0.5786555876882895,0.9487102768754976,0.9999999999999998,0.0
5129,MMM,0.5934502268203241,0.9230556436498185,0.9990770847839145,0.0
5130,MMM,0.6077123799631481,0.8892100724645258,0.9906911873726494,0.0
5131,MMM,0.6217748508600187,0.8582758289177528,0.9769927323129128,0.0
5132,MMM,0.6311266371534905,0.8119562167628467,0.9555678350794083,0.444289611534304
5133,MMM,0.6401281895360669,0.7678896759856917,0.9284708761311837,0.20675660278333213
5134,MMM,0.6490110262083717,0.7297440176186387,0.8981741189070391,0.10595506500207513
5135,MMM,0.6517611942151325,0.7002685276028491,0.8672765881856623,0.10759982029306871
5136,MMM,0.6530621552257134,0.6695986424173157,0.8356285594870045,0.08305896146632355
5137,MMM,0.6541483645310717,0.638519551774781,0.8032876705180465,0.09970157078262841
5138,MMM,0.6556943893775877,0.613406589085042,0.7717405678708675,0.16922383017813067
5139,MMM,0.6552163603361167,0.588915368090572,0.7409689797274939,0.0
5140,MMM,0.6548804709047444,0.5664300284979904,0.7112710414793306,0.0
5141,MMM,0.6535674086785084,0.545949581191759,0.6828850379442171,0.0
5142,MMM,0.6522967034769838,0.5270962242540534,0.6559162308646234,0.0
5143,MMM,0.650953386549658,0.5096439614895266,0.6303977647363128,0.0
5144,MMM,0.649295418810526,0.49109759870312597,0.60579235434767,0.0
5145,MMM,0.6474014629625398,0.47544718155067045,0.5825717410224984,0.0
5146,MMM,0.6456466795890059,0.4612700272202662,0.560791855979001,0.0
5147,MMM,0.6444045349996299,0.45166006665064357,0.5411965323698501,0.0
5148,MMM,0.6432185434782072,0.4454333129040098,0.5241133093264183,0.0
5149,MMM,0.6414637591813674,0.4287987436826235,0.5066880721106841,0.1651107612217946
5150,MMM,0.6408768123665334,0.42474186139201187,0.4918312107945114,0.11567151887188443
5151,MMM,0.6409070678062676,0.43147102653010305,0.4814662081033416,0.09726537294206342
5152,MMM,0.6418600948607991,0.43302670205352506,0.47352571811694644,0.11948279353362037
5153,MMM,0.6432843772158405,0.4376835198755739,0.46822555591300596,0.05855517752553474
5154,MMM,0.6446670230940468,0.4408651937645726,0.46470434025829666,0.0472527686615671
5155,MMM,0.6454596996234225,0.43842762978284233,0.46133658874276706,0.1167098518244327
5156,MMM,0.6463490713216409,0.43334020072409585,0.45749285912057064,0.0
5157,MMM,0.6473051258960205,0.4259725287263103,0.452753115447285,0.0
5158,MMM,0.6481704134125532,0.42053086952614704,0.4477317521403007,0.0
5159,MMM,0.6488723267619667,0.41125897520706245,0.4416196335721373,0.0
5160,MMM,0.6499312477632369,0.407946326900902,0.43598143032652237,0.0
5161,MMM,0.6510083216959577,0.40455893538693233,0.4307054707612734,0.0
5162,MMM,0.6519583251085261,0.39884942236828314,0.4251946119166239,0.0
5163,MMM,0.6531806224928496,0.3971410609690453,0.42039991258600967,0.0
5164,MMM,0.6544997355115749,0.3936284647538417,0.41577046556444175,0.0
5165,MMM,0.655528401627095,0.38661724867265373,0.4104826908545628,0.0
5166,MMM,0.6567960793087713,0.38371849591846285,0.4055974843329632,0.16267267421506623
5167,MMM,0.6576993713936747,0.37849656237271795,0.40050939878746605,0.07279771930414926
5168,MMM,0.6588188012431404,0.3797042679342126,0.3967118170758851,0.05485796127091293
5169,MMM,0.6606038422723424,0.37938344837928795,0.39360126102644805,0.07295699962629933
5170,MMM,0.6616264588880012,0.3775144676192659,0.39069051123558507,0.05779478814477389
5171,MMM,0.6619080717855952,0.3756527930474978,0.3879412573190172,0.07829495669381753
5172,MMM,0.6625192217703852,0.3759360214095675,0.38580585095994735,0.09502824598596468
5173,MMM,0.6630759105602289,0.37944957542649477,0.384891429849551,0.0
5174,MMM,0.6634843517025228,0.3802298358540718,0.38433619645719697,0.0
5175,MMM,0.6638171569230686,0.3754950327416255,0.3828221588167283,0.0
5176,MMM,0.6643800188175724,0.3726914046736744,0.38097743581878574,0.0
5177,MMM,0.6645615481320759,0.3622240966094441,0.3771365201664803,0.0
5178,MMM,0.6645615481320757,0.35242408151442384,0.3718494283606358,0.0
5179,MMM,0.6648277911266809,0.34440963776680633,0.36580885383605755,0.0
5180,MMM,0.6646462618121776,0.33629167224697576,0.3591421019074816,0.0
5181,MMM,0.6642832031831702,0.3272996643671003,0.35177691409311573,0.0
5182,MMM,0.664482885429124,0.32631418395315676,0.345662089929118,0.0
5183,MMM,0.6646281075880986,0.328336678001012,0.34122722259520555,0.1095140179081145
5184,MMM,0.6633876570876638,0.3082544695456133,0.33314165972397014,0.1180051113752008
5185,MMM,0.6629066055121964,0.3003466776948433,0.324886406842403,0.07361667283597492
5186,MMM,0.6618809650699129,0.2897595745620114,0.31588999902669385,0.05162536181959762
5187,MMM,0.6612970433743315,0.286048494085856,0.30785433676919505,0.046360728013795635
5188,MMM,0.6603349402233969,0.2839594733211338,0.30095378294282665,0.05871268675440663
5189,MMM,0.6598145558191646,0.2886105897629873,0.29648428141336464,0.10270664378414152
5190,MMM,0.6591913057266865,0.2901662009192874,0.29326017781228314,0.0
5191,MMM,0.65844376703455,0.2901643004876811,0.2906804655200007,0.0
5192,MMM,0.6575845277252499,0.2912443138654869,0.28886072976436755,0.0
5193,MMM,0.6563803832723765,0.2913002318973511,0.2874175761009097,0.0
5194,MMM,0.6540568080467322,0.2739952814444197,0.28235291861187284,0.0
5195,MMM,0.6522778207645978,0.26427083563500825,0.27610390857046174,0.0
5196,MMM,0.6503294061222606,0.2563462012026447,0.26931409229260383,0.0
5197,MMM,0.6492099753494889,0.2553232173381053,0.26365109127759906,0.0
5198,MMM,0.6480723916452671,0.2538752107874481,0.25879350660744277,0.0
5199,MMM,0.6474793958845557,0.26149645940585703,0.2566294956712529,0.0
5200,MMM,0.6465293908100367,0.26134939230103554,0.25486505642155444,0.10123439297844167
5201,MMM,0.6461300255794846,0.2675140235619054,0.25484643231145676,0.06759790751232829
5202,MMM,0.6455370287108062,0.27625128175790914,0.256805757411345,0.045903077510716594
5203,MMM,0.6443140085626715,0.277242604313614,0.25859721146303827,0.03235633924465233
5204,MMM,0.6446679901719696,0.2800112548454411,0.2606559642519456,0.03134752451340688
5205,MMM,0.6441869385965024,0.27810925975171513,0.2618732017885196,0.04449541257322733
5206,MMM,0.6441990431360591,0.27969739351032175,0.26320583807449444,0.08342144522392228
5207,MMM,0.6437240416144361,0.2785120936108397,0.2640041230426689,0.0
5208,MMM,0.643112891629646,0.27649556608206477,0.2641871071828379,0.0
5209,MMM,0.6421507847854881,0.27615293696956056,0.2642560758431765,0.0
5210,MMM,0.641315749938772,0.2757974993564273,0.2642309379789779,0.0
5211,MMM,0.6386835748784714,0.24816427919460846,0.25796697224261694,0.0
5212,MMM,0.6364810191958292,0.2343611361204147,0.24983691486423276,0.0
5213,MMM,0.6341695459244849,0.22181089645742544,0.24049708356275712,0.0
5214,MMM,0.6329714524487617,0.21171347092941634,0.23074365795808222,0.0
5215,MMM,0.6303755832513618,0.18789186210259332,0.21755831345240567,0.0
5216,MMM,0.6278765296883637,0.17120957426081584,0.20324059682123025,0.0
5217,MMM,0.6262125100487759,0.1765145676971162,0.1929851116155767,0.18250277914053567
5218,MMM,0.6252685585366635,0.19145934044494464,0.18815756480900672,0.11441297998841705
5219,MMM,0.6242883015309728,0.21210396325002223,0.18896027652279385,0.04883293808435009
5220,MMM,0.6241914882971662,0.23565082869773488,0.19492297036319306,0.07034168521886876
5221,MMM,0.6240039094828018,0.25934375796260034,0.20504665370808356,0.07103276581601056
5222,MMM,0.6231265196426468,0.271813019973768,0.21596308850328366,0.07889760069993607
5223,MMM,0.6227641867320295,0.28331575602302655,0.2272953333933883,0.12210306700222981
5224,MMM,0.6226280404847968,0.2975604559882262,0.23957978594119142,0.0
5225,MMM,0.6227430068347151,0.3081242427265599,0.25179428504140977,0.0
5226,MMM,0.6226098845987678,0.3155066484593078,0.2632339734534955,0.0
5227,MMM,0.6228156178218718,0.3234114571874143,0.27417185271721317,0.0
5228,MMM,0.622870076616223,0.3257915160134528,0.28345994156084275,0.0
5229,MMM,0.6229487393191744,0.32868590782712087,0.2915444140145184,0.0
5230,MMM,0.6230153000678256,0.33009084178848247,0.2983294433824399,0.0
5231,MMM,0.6250363264359642,0.33181807252486917,0.3041477427467267,0.0
5232,MMM,0.6265430197463433,0.3325385042579881,0.30896516716055183,0.0
5233,MMM,0.6281767835768746,0.3321077441105605,0.3127217744199384,0.0
5234,MMM,0.629701629634043,0.32865488408150184,0.31494687034125207,0.11418049447743599
5235,MMM,0.6319828489429427,0.3197745817762855,0.3147204012042792,0.05058301438895216
5236,MMM,0.634409290226156,0.3154205623404232,0.31355541482226507,0.051912515076431534
5237,MMM,0.636254840103553,0.32024075992372447,0.3137125719236552,0.03498287057617797
5238,MMM,0.6378522977018615,0.32953743236748445,0.31593892426059866,0.04631066511046604
5239,MMM,0.6388567575081856,0.3355059458656046,0.3190686196933058,0.054935299010726336
5240,MMM,0.6389535707419922,0.3328664248850552,0.3209759639184777,0.07791558851363359
5241,MMM,0.6386933779858925,0.32971096568659775,0.3217888485222093,0.0
5242,MMM,0.6388749065617514,0.32680703030828867,0.32178299841331903,0.0
5243,MMM,0.6388628029455006,0.32280507905365446,0.3208740587073295,0.0
5244,MMM,0.6381911444818376,0.31480085248244627,0.3183383144814709,0.0
5245,MMM,0.6381306347103364,0.3166796969751488,0.31673425280866807,0.0
5246,MMM,0.6382819091390894,0.32025923067455103,0.3162598158653874,0.0
5247,MMM,0.6382819091390894,0.32291680081071295,0.3164807567229543,0.0
5248,MMM,0.638523948225094,0.3247332043236669,0.3170679342852353,0.0
5249,MMM,0.6386147128823456,0.32498442641630804,0.31759444114284774,0.0
5250,MMM,0.6385360501793942,0.3218814286730865,0.3173145097639113,0.0
5251,MMM,0.6387720392115548,0.3247747016890075,0.31774431324194624,0.05674500212236011
5252,MMM,0.639225863236458,0.3296765756924936,0.31919575740083883,0.035762505837228266
5253,MMM,0.6393408329102772,0.3275959855570294,0.3198867936477276,0.040258957451845455
5254,MMM,0.6392319151369141,0.31962576327386505,0.3186387136122273,0.03256391137685382
5255,MMM,0.6388567528916564,0.303413120245073,0.31397692700106594,0.03435306980646083
5256,MMM,0.6384936951859552,0.29367797224578984,0.3080477954520575,0.04418865921744834
5257,MMM,0.6371019685948167,0.27947730842128504,0.3000957837492519,0.0851626660621335
5258,MMM,0.6351475024213458,0.2661014899741758,0.2907118455974826,0.0
5259,MMM,0.6333201084299775,0.2568890377208736,0.2811230983664994,0.0
5260,MMM,0.6320796597761542,0.2518403704564487,0.2723113305808087,0.0
5261,MMM,0.6302401627225189,0.23895481794411877,0.26235036544560003,0.0
5262,MMM,0.6288544889551422,0.23610270807258554,0.25373714576140566,0.0
5263,MMM,0.627341744667613,0.2313155875666792,0.2457648977275179,0.0
5264,MMM,0.6262949256206429,0.23055676468119973,0.23921563971742935,0.0
5265,MMM,0.62458855006431,0.2294208710400861,0.2337195728240992,0.0
5266,MMM,0.6226522373762728,0.22826813064596327,0.22906225222147464,0.0
5267,MMM,0.6211394930887437,0.23446454615554457,0.2267365048288127,0.0
5268,MMM,0.6207764340904145,0.256885058552307,0.22994192663979962,0.05012075904334987
5269,MMM,0.620594905883878,0.2767086648133922,0.23698550071638821,0.04727213261474176
5270,MMM,0.6209156061955448,0.29683948767403484,0.24716901363419053,0.03720948904549289
5271,MMM,0.6210608283545194,0.3156534782783912,0.25956693321264346,0.029624604972403417
5272,MMM,0.6206856661092617,0.3255179364497066,0.2717141893741491,0.029598983156312562
5273,MMM,0.6205464916035361,0.3308260444745723,0.2826313861585059,0.03561763040707398
5274,MMM,0.6209942626200167,0.33719673475638046,0.29280463087598335,0.05908579707167438
5275,MMM,0.6222891724687862,0.3444159119722503,0.3025744335344248,0.0
5276,MMM,0.6232815323520831,0.3481445032724406,0.31123276831876734,0.0
5277,MMM,0.6246793089970657,0.34980417235742944,0.3185344461448055,0.0
5278,MMM,0.626307021850447,0.3514177837559603,0.3247403914543519,0.0
5279,MMM,0.6278439700465765,0.35164874935957857,0.3297573354612626,0.0
5280,MMM,0.6293143574940547,0.3519448957609437,0.33383780633242316,0.0
5281,MMM,0.6314140465651452,0.35131474206649593,0.3369597968523796,0.0
5282,MMM,0.6330538613728267,0.35005458071603296,0.33917264991246826,0.0
5283,MMM,0.6347481349748592,0.346013019673112,0.3400297227245874,0.0
5284,MMM,0.636303236102439,0.3424947009607734,0.33992040039219185,0.0
5285,MMM,0.6372713917078132,0.3293323068940481,0.336858837974525,0.056170931754462715
5286,MMM,0.6383121577463602,0.3186810214629424,0.3320028802392077,0.049120091341184
5287,MMM,0.6390080210419296,0.311358200338092,0.3264634883401093,0.039256872875057046
5288,MMM,0.6388083376880087,0.30920577734421506,0.3215456247700017,0.03012157374625783
5289,MMM,0.6382825057793229,0.30440825867508864,0.3165273121137306,0.03305202468431739
5290,MMM,0.6375624426376989,0.30209114858891584,0.3119891001184902,0.04420459905695187
5291,MMM,0.6366729482579871,0.3007785682462102,0.308061946849754,0.07105472737265987
5292,MMM,0.6361041573291819,0.29973675876584915,0.30468482250603013,0.0
5293,MMM,0.6354688056517257,0.2958198800075747,0.30109808594094534,0.0
5294,MMM,0.6348031998271633,0.29491923400678105,0.2980251915091285,0.0
5295,MMM,0.6341738982035512,0.2974545346841209,0.2961397390193097,0.0
5296,MMM,0.6330242125450289,0.29043374185447934,0.29304499602368883,0.0
5297,MMM,0.6321044640182112,0.287693903628171,0.28995012235494005,0.0
5298,MMM,0.6313359899201465,0.2887820368843986,0.28772009222267186,0.0
5299,MMM,0.6305856687535323,0.2895807351697295,0.28611653773308643,0.0
5300,MMM,0.6298232456326176,0.29085192457853376,0.2851209253386984,0.0
5301,MMM,0.6291939440090053,0.29362989523333854,0.2849521308961545,0.0
5302,MMM,0.6280019022490773,0.28746263848809284,0.2834235748119738,0.04383928155010807
5303,MMM,0.6268159122049437,0.280378341130375,0.2805999997954836,0.034862908524803275
5304,MMM,0.6256783277620772,0.27593241170728816,0.27733656121801714,0.021690933596399724
5305,MMM,0.6250626397290857,0.27043878519423586,0.27348449973008504,0.02307191406183123
5306,MMM,0.6246148687126054,0.2689240979644578,0.2700605998700113,0.026289164038069062
5307,MMM,0.6242254875574185,0.2701810377830974,0.2676054914176335,0.04857742836075281
5308,MMM,0.6236748510373531,0.27286023272479354,0.2662467812939577,0.05829978587482267
5309,MMM,0.623365646991356,0.27579527925031394,0.2658230006962343,0.0
5310,MMM,0.6229602298603476,0.27845462099012064,0.2660848669323835,0.0
5311,MMM,0.6225245606135059,0.28086764881815923,0.26683959485428604,0.0
5312,MMM,0.6220344314643469,0.28217474878253795,0.26773872254721565,0.0
5313,MMM,0.6217681884697415,0.28357447810601,0.26877430009424647,0.0
5314,MMM,0.6213627730006839,0.28494228415924866,0.26991182431221816,0.0
5315,MMM,0.620745573331372,0.28626949156995785,0.27112173241362325,0.0
5316,MMM,0.620539840108268,0.2844506981055218,0.2716786939977953,0.0
5317,MMM,0.6201525775706604,0.2831983392841666,0.27184128692723153,0.0
5318,MMM,0.6197108562387021,0.2847062049476619,0.27231207057567564,0.0
5319,MMM,0.6194325099971685,0.2882708922838969,0.2734941552841399,0.047744188009816585
5320,MMM,0.6193140914067161,0.29406433789879877,0.27574887920636837,0.03608626168847768
5321,MMM,0.6190557136852359,0.29830073645491306,0.2785098924282316,0.0340928371674551
5322,MMM,0.6199210036023637,0.3096656800869722,0.28328666521800255,0.04753342790971439
5323,MMM,0.6210948900302464,0.32058014713047256,0.289574258368261,0.036043047012490344
5324,MMM,0.6224140032336329,0.3319027973144888,0.29716273869818977,0.04117083434433241
5325,MMM,0.6239675945715042,0.34155678338964973,0.3054148863055427,0.06149684538768937
5326,MMM,0.6252867083288742,0.34766827891037616,0.31339752541187554,0.0
5327,MMM,0.6265534802475221,0.3532368531726203,0.32104188211765666,0.0
5328,MMM,0.6279996628630942,0.3609729461988489,0.3289053739137433,0.0
5329,MMM,0.6290646348415143,0.36128750762510065,0.33526724397731733,0.0
5330,MMM,0.6302143205000368,0.362159119520283,0.3405536848158558,0.0
5331,MMM,0.631376108112859,0.36239469648572237,0.34483606720474913,0.0
5332,MMM,0.6322777037082263,0.35725930692531516,0.34710160780624066,0.0
5333,MMM,0.6333305737323467,0.3549694572056368,0.3483966380246239,0.0
5334,MMM,0.634443953527968,0.35351839741793833,0.34910478844797654,0.0
5335,MMM,0.6356117921179403,0.3526525007246434,0.34947565537559844,0.0
5336,MMM,0.6376207176397461,0.36066670499409986,0.3515831958863871,0.10495321657105715
5337,MMM,0.639363397397029,0.3623536916220351,0.35365041082028276,0.04809557291620545
5338,MMM,0.6407793238342223,0.3604809807359458,0.3548810349766406,0.03446358602701862
5339,MMM,0.6422255070037777,0.3609762890177241,0.3559774515265029,0.02722217597700885
5340,MMM,0.6434270510580844,0.3599565604061535,0.3566241723133201,0.025152122153484124
5341,MMM,0.644968237782001,0.363074132321764,0.3578459789102724,0.03442875452588128
5342,MMM,0.6458335276991287,0.3629338511023863,0.358791726989668,0.05782253527279855
5343,MMM,0.6464204741446404,0.3601541692890513,0.35892024333593825,0.0
5344,MMM,0.6468985624032548,0.3587038623210158,0.3586953527647273,0.0
5345,MMM,0.6474855060788491,0.35963801714924215,0.3587265169639187,0.0
5346,MMM,0.6480240430452096,0.35800333993023264,0.35838208535381105,0.0
5347,MMM,0.6484173565599671,0.3552601217966479,0.35748669708760267,0.0
5348,MMM,0.6486654466231214,0.3543359944046985,0.35656157556464024,0.0
5349,MMM,0.6492402894523828,0.35272253675658294,0.3554569100381806,0.0
5350,MMM,0.6497546225101427,0.35129575091651677,0.35425078867775134,0.0
5351,MMM,0.6502205477507015,0.34914602959917684,0.35280015199503895,0.0
5352,MMM,0.6512129080033207,0.3499961960351235,0.3518317417346491,0.0
5353,MMM,0.6522287466308114,0.35282221734114444,0.3516955662688681,0.07649564399608234
5354,MMM,0.6533754075394034,0.35731812939905494,0.3526024982708218,0.045589121708939716
5355,MMM,0.654379867899711,0.3589873987452564,0.3537052230949082,0.0289877198295736
5356,MMM,0.6546340078320487,0.3579361074256393,0.3543498587594785,0.025077618162915788
5357,MMM,0.655124140120448,0.3560049250108297,0.35442920758475993,0.021940067384195593
5358,MMM,0.6561165046202742,0.358719051412958,0.3551059562102082,0.0358202434780966
5359,MMM,0.6569091857661791,0.3599061200325109,0.35591557882175145,0.06804823749652424
5360,MMM,0.6570672367353565,0.35015393203057243,0.3543597243825435,0.0
5361,MMM,0.6575936699008051,0.3519321327720604,0.35351683361236685,0.0
5362,MMM,0.6582592762793511,0.35290600220307433,0.3530625713527873,0.0
5363,MMM,0.6591366679661177,0.3542125920879397,0.35299439164567753,0.0
5364,MMM,0.6597417051713579,0.35204608893652384,0.3524503163516566,0.0
5365,MMM,0.6604436185207714,0.35391259568584754,0.3524368020534551,0.0
5366,MMM,0.6612907553217877,0.35519871575341155,0.35271659546441064,0.0
5367,MMM,0.6620773823513026,0.35389038510534665,0.3526448067590278,0.0
5368,MMM,0.6627308878835154,0.352158081275992,0.352195953635669,0.0
5369,MMM,0.663069742603922,0.34533192695587644,0.3502944696155347,0.0
5370,MMM,0.6632089152630358,0.33698336732848005,0.34688688627251224,0.1781025569273657
5371,MMM,0.6636007151101999,0.33327043708517784,0.3433218656296173,0.0288844060550137
5372,MMM,0.6639062898256032,0.3318150411514466,0.3401409955914541,0.0241915992322901
5373,MMM,0.6639796280084391,0.3296435530190517,0.33710564165280377,0.02032187849237456
5374,MMM,0.6639523997192307,0.3290165784652862,0.33453569066663,0.017219513433447332
5375,MMM,0.6639463520659816,0.32730465422789934,0.33209291258283924,0.029601226541131575
5376,MMM,0.664133930880346,0.3267986998326751,0.3300243673518637,0.06589836640259666
5377,MMM,0.6643517645804604,0.3260923419367477,0.32820992629407963,0.0
5378,MMM,0.6641883861661346,0.32452864240752144,0.32640504821964045,0.0
5379,MMM,0.6640431612372426,0.32301941479691815,0.32462012871686974,0.0
5380,MMM,0.6646051759949454,0.3219242429848982,0.322944733917294,0.0
5381,MMM,0.6644296976575919,0.32001487207268603,0.3211729867823688,0.0
5382,MMM,0.6644296976575919,0.32103114703934194,0.31998522116026645,0.0
5383,MMM,0.6643086781145897,0.32096331087509916,0.31901968076373693,0.0
5384,MMM,0.6643207800688897,0.3200468729549051,0.3180401750086548,0.0
5385,MMM,0.664018231211384,0.3186531094432921,0.31694164301501704,0.0
5386,MMM,0.6635462549936748,0.31530744985998194,0.31530684997642694,0.0
5387,MMM,0.6633011883878221,0.314145233565493,0.31373640733355057,0.03667143090758494
5388,MMM,0.6633919532297352,0.3178946117422056,0.3133272427688912,0.03257748975865312
5389,MMM,0.6639425904884451,0.32248306708792945,0.314036694080813,0.022552275294016245
5390,MMM,0.6647322431911966,0.32683551014553164,0.31558771001273944,0.02908146970043138
5391,MMM,0.664878979571748,0.3237812681763253,0.31613840248861574,0.025890195758940037
5392,MMM,0.6649183124005131,0.3213784259712389,0.3160360230255179,0.0217804328433899
5393,MMM,0.6650151256343197,0.31942469125572254,0.31551266395075417,0.03509078919326111
5394,MMM,0.6649183081533065,0.31625135004718363,0.3143769453906548,0.0
5395,MMM,0.664869898858816,0.3133982456816273,0.3128236982559681,0.0
5396,MMM,0.6649122571761561,0.31348489709547744,0.3116006798407883,0.0
5397,MMM,0.6648820022904058,0.312331996547206,0.3103617618331045,0.0
5398,MMM,0.6647730847017039,0.30942417233461267,0.30871359093477196,0.0
5399,MMM,0.6647186259073523,0.307830889485128,0.3070350444982039,0.0
5400,MMM,0.664524994638549,0.3048064206686436,0.3050088144625084,0.0
5401,MMM,0.6649001552218563,0.3099037782411705,0.30453960223788823,0.0
5402,MMM,0.6651179903992601,0.31422271667386137,0.3051401168137492,0.0
5403,MMM,0.6651421943078606,0.31398659275096924,0.3055671751687787,0.0
5404,MMM,0.6653418756305087,0.31558559785508317,0.3062701245409234,0.035671825861385974
5405,MMM,0.6655839150858358,0.316833296285042,0.3071144073392895,0.03729119548205912
5406,MMM,0.6661587568071299,0.32044783908319296,0.30860655644268176,0.09197606190325226
5407,MMM,0.6663735685272318,0.3194118232885654,0.30956618310707196,0.032711856702023596
5408,MMM,0.6666670412883349,0.3243511164465642,0.3114499408481677,0.020622255912352137
5409,MMM,0.6665278713991385,0.32346734228929247,0.3127572541333151,0.027789043898908357
5410,MMM,0.6665127430329574,0.3253363262683421,0.3142254104401007,0.039163477222854896
5411,MMM,0.6670996885551632,0.32916367074893543,0.3162647418864883,0.0
5412,MMM,0.6676745295378126,0.33191391953048077,0.3185176386295374,0.0
5413,MMM,0.6681223033242107,0.3320180520768232,0.3203434852602609,0.0
5414,MMM,0.6684914129303676,0.3291623819509051,0.3211589105326687,0.0
5415,MMM,0.669084408691079,0.32968718846729267,0.32192983323956037,0.0
5416,MMM,0.6695079770915873,0.3297554679173865,0.32256199946643443,0.0
5417,MMM,0.670010208195047,0.3295538361517514,0.32302217280666223,0.0
5418,MMM,0.67070001959016,0.32993993647022835,0.32347755265311673,0.0
5419,MMM,0.671359576099523,0.33025084184853193,0.32391210705583734,0.0
5420,MMM,0.6720856933575368,0.32943675314770016,0.3240758034253607,0.0
5421,MMM,0.6731506620120562,0.34094366254615466,0.32680680056271,0.08399551559181968
5422,MMM,0.6742071044911309,0.3498058340191875,0.33099404740021204,0.05545458355988568
5423,MMM,0.6756109352525033,0.35780709908292696,0.3361517681648054,0.03990627374371926
5424,MMM,0.6770147617666693,0.3653604578376294,0.3419846615439225,0.03808039464681153
5425,MMM,0.6784851447822795,0.3716799439221336,0.3480788937091436,0.02885441554217003
5426,MMM,0.6795803701691612,0.3731533422264284,0.3532872006850646,0.03734763432119013
5427,MMM,0.6807784610596281,0.3713444044207035,0.35704510830106895,0.0648915589103998
5428,MMM,0.6815802149780348,0.36928665302949143,0.3595864758348178,0.0
5429,MMM,0.6827662055761521,0.36803136733196845,0.36133593218254473,0.0
5430,MMM,0.6839642996058586,0.36927854009330124,0.3630173017840901,0.0
5431,MMM,0.6849203539955768,0.36857614452276694,0.3642036878982927,0.0
5432,MMM,0.6857432868879927,0.3653803210992793,0.3644306855276609,0.0
5433,MMM,0.6867295961634614,0.3628351761347985,0.3640371962127607,0.0
5434,MMM,0.6878792818219839,0.3599433785007651,0.36306898954910016,0.0
5435,MMM,0.6887627244859007,0.35619312826343463,0.3614470376223514,0.0
5436,MMM,0.6896461671498177,0.352609942282027,0.35933983843577566,0.0
5437,MMM,0.6905659156766353,0.34981829471791875,0.3570232932518707,0.0
5438,MMM,0.6912799900719231,0.34493458792151654,0.3540665606937623,0.05068821732967544
5439,MMM,0.6918971904798796,0.3395282771586515,0.3504795934237912,0.021903582862665295
5440,MMM,0.6927987897684702,0.33829081107290043,0.34733040835323464,0.03055183133996785
5441,MMM,0.6926233154936625,0.333604144851003,0.3437520861259494,0.04569373428523694
5442,MMM,0.6923898022137802,0.3290133902910569,0.33985212586225577,0.02396584387576607
5443,MMM,0.6920267398915501,0.3248158551826394,0.335783704945145,0.020707386462589492
5444,MMM,0.6914155945232892,0.31955748394629624,0.3313408146164855,0.037225665030766845
5445,MMM,0.6908105008708234,0.316449816658119,0.32708431038299096,0.0
5446,MMM,0.6903264252840702,0.31293754610218855,0.3228854930233559,0.0
5447,MMM,0.6900480829204214,0.3109192005313981,0.31907038450617375,0.0
5448,MMM,0.6898968084916686,0.3112453924797578,0.3160920022900447,0.0
5449,MMM,0.6895458518169615,0.3095973291707347,0.31333690889798266,0.0
5450,MMM,0.689255404913756,0.3120881331359908,0.31169564299958596,0.0
5451,MMM,0.6891888441651048,0.3162879925750452,0.311331608180412,0.0
5452,MMM,0.6889226011704994,0.31460686525756887,0.31066052173843334,0.0
5453,MMM,0.6883901151812895,0.3099310917543267,0.3090671396747787,0.0
5454,MMM,0.6882569936839866,0.3118168505128838,0.3082185300424742,0.0
5455,MMM,0.6884687741910176,0.3174051499516494,0.3088023447533127,0.04643641273321609
5456,MMM,0.6886684534823926,0.32140344094860407,0.3101728290885047,0.029383972432342764
5457,MMM,0.6885171827468628,0.3197718256041001,0.3109005454320745,0.03630753027536368
5458,MMM,0.6889043895167979,0.32401900284025564,0.31244238808422053,0.0357002814267219
5459,MMM,0.6894187262677809,0.3278651837148723,0.314544924778298,0.020677395949745818
5460,MMM,0.6899814627108738,0.3347179730029206,0.3177753739506883,0.03905366943960838
5461,MMM,0.6909314613222517,0.34207740375813234,0.32202263111679275,0.04843715777312177
5462,MMM,0.6916878371592396,0.34399460385473835,0.3258536371858026,0.0
5463,MMM,0.6924986677280329,0.3455220112788173,0.32926356689818326,0.0
5464,MMM,0.6936423001934711,0.3493829631890683,0.33286391082509237,0.0
5465,MMM,0.6947677819433924,0.35281457127686305,0.3365195738772076,0.0
5466,MMM,0.6955967658129587,0.3496725563298919,0.338734151334049,0.0
5467,MMM,0.6959658754191158,0.3407962597734031,0.3385001725431739,0.0
5468,MMM,0.6964862594540258,0.3376225538576793,0.3375958758028898,0.0
5469,MMM,0.6971458159633883,0.33496834126371783,0.3362727066508477,0.0
5470,MMM,0.6974967726380952,0.33186593855797564,0.33451316891569133,0.0
5471,MMM,0.6975693843638966,0.3273852071866146,0.33209309650017355,0.0
5472,MMM,0.6990881751967077,0.339938725212695,0.33299356472801395,0.06255277120013414
5473,MMM,0.7004496469020958,0.34382469656796233,0.3345919927280067,0.04734333056452418
5474,MMM,0.7015660484930688,0.3484459777721501,0.3369149352480262,0.05900090266720744
5475,MMM,0.7024767235087401,0.3527496409762668,0.3397457221102001,0.03467139430499053
5476,MMM,0.7034751402783443,0.3566226017804601,0.342885465222743,0.06219878869027062
5477,MMM,0.704491700007696,0.3547569237852679,0.3449757010366373,0.03620067431424744
5478,MMM,0.7057503043628872,0.3619639010345329,0.3482763399326505,0.09769291485941357
5479,MMM,0.7069241894981415,0.36645688480548466,0.3519320617638941,0.0
5480,MMM,0.7076805623805509,0.36726712159130487,0.3550397160233146,0.0
5481,MMM,0.7082675112266577,0.3670422226006277,0.35747502245116886,0.0
5482,MMM,0.709175157799175,0.36742559952556025,0.3595098934042051,0.0
5483,MMM,0.710264333686196,0.37014061770290185,0.36175126123264095,0.0
5484,MMM,0.7108936353098083,0.36792207526534604,0.36304306544676035,0.0
5485,MMM,0.7110025528985102,0.35876442214350457,0.36200729422875316,0.0
5486,MMM,0.711940454356778,0.35782185874725764,0.36096570064288297,0.0
5487,MMM,0.7132777203069542,0.35641986638226747,0.35981563903667546,0.0
5488,MMM,0.7142095707880718,0.3529915484935562,0.35812094527700555,0.0
5489,MMM,0.7150899861168021,0.34921005053670723,0.3559107431049555,0.07612690237556742
5490,MMM,0.7164998608382005,0.35280980203162143,0.3549559620678112,0.03318462053440969
5491,MMM,0.717737282341498,0.35081783750224066,0.35374204352841626,0.05510851193333133
5492,MMM,0.7181608581284531,0.35314508687154245,0.3532967615856081,0.0332379894785252
5493,MMM,0.7184997113715701,0.3476287676462096,0.3516940978808396,0.02560540395981035
5494,MMM,0.7188718497902034,0.3453272972827394,0.3498919389153546,0.027729180946106224
5495,MMM,0.71902615266211,0.3410550746429265,0.347484883039484,0.048515912387557716
5496,MMM,0.7190745578940547,0.3367926929370183,0.34459613324038557,0.0
5497,MMM,0.7194799741017572,0.33400334471872406,0.34165486711441223,0.0
5498,MMM,0.7191350639723326,0.3297435260522221,0.3383393282459829,0.0
5499,MMM,0.7188271902549346,0.32616169568919134,0.3348775658143804,0.0
5500,MMM,0.7184641316259275,0.3202971870160813,0.33078304268299735,0.0
5501,MMM,0.7181131749512208,0.3155551461043607,0.32643593783667973,0.0
5502,MMM,0.7176956575278628,0.31201220624950166,0.3221577101151322,0.0
5503,MMM,0.7171752734929526,0.3107772803966379,0.3184560906608261,0.0
5504,MMM,0.716849912451591,0.308994356592749,0.31509193511813355,0.0
5505,MMM,0.7169588300402931,0.3072044012704871,0.31199616190024143,0.0
5506,MMM,0.7169346246544035,0.3106738220789746,0.3103034751977553,0.06934585850499655
5507,MMM,0.7169951359031939,0.31450548247385174,0.30981510743776036,0.035544779436898606
5508,MMM,0.716976983341066,0.31450416298341655,0.30942411508472417,0.03216033825520156
5509,MMM,0.7172401993698068,0.31796354407881483,0.309892984553955,0.024614064015576177
5510,MMM,0.717006695322983,0.3203238598671849,0.3108014045302179,0.04772163608874122
5511,MMM,0.7172699205847819,0.3249997473910434,0.3125846791847919,0.038771947535494185
5512,MMM,0.7169552671877195,0.3243891410327263,0.3138733295435777,0.062207526083776256
5513,MMM,0.7169613177955472,0.3215916928279741,0.3142721533140561,0.0
5514,MMM,0.7169189613248188,0.3210087632887391,0.31445949667239065,0.0
5515,MMM,0.71667692002288,0.31543809387384136,0.31335065252879407,0.0
5516,MMM,0.7166224612285292,0.3131952631510601,0.31195679911354895,0.0
5517,MMM,0.7166466651371297,0.3134081831821384,0.3108898266590408,0.0
5518,MMM,0.7167979395658826,0.31359471245075266,0.3100783958568099,0.0
5519,MMM,0.7172268328262827,0.31774295544352826,0.3103665661369185,0.0
5520,MMM,0.7177835227240932,0.31990077825546104,0.31108467252600014,0.0
5521,MMM,0.7182070911246015,0.3195005716987776,0.31156872909244004,0.0
5522,MMM,0.7186367105022597,0.3194029366005151,0.31193391323811553,0.0
5523,MMM,0.7192962644263663,0.32414776326032557,0.3132981763486879,0.07793282715487444
5524,MMM,0.7198727439740362,0.32568182154658026,0.31473621448775946,0.031551436386166816
5525,MMM,0.7210466316945472,0.3350424285349578,0.3180017179644781,0.03082469777769119
5526,MMM,0.7217455188167412,0.3399800519327296,0.3217297998652973,0.025025075728996753
5527,MMM,0.7223445596454454,0.34316697453436795,0.32543236546558557,0.025265590196172198
5528,MMM,0.7232491777748089,0.3468054474703084,0.32921654793716454,0.033798009173082455
5529,MMM,0.7239873977257678,0.35031348406440416,0.3330365512037717,0.06580567918770579
5530,MMM,0.7247110338763296,0.3521298531732435,0.33650297091951403,0.0
5531,MMM,0.7252737703194223,0.3536626421634455,0.339622447539337,0.0
5532,MMM,0.7260603969796153,0.35353906853957345,0.34209010679644075,0.0
5533,MMM,0.7271495728666362,0.3552182511164468,0.34444365336552085,0.0
5534,MMM,0.727960403804752,0.35368638400898045,0.3459803580772752,0.0
5535,MMM,0.7291161404404243,0.352046903971593,0.34683927365792366,0.0
5536,MMM,0.7301266536244932,0.3503417953428061,0.3471411288462573,0.0
5537,MMM,0.7310161472655607,0.3487817893365288,0.3470301223375117,0.0
5538,MMM,0.7320448133810802,0.3492126863379968,0.3470386803249998,0.0
5539,MMM,0.7325228405759394,0.3450889060225351,0.34611373924954447,0.0
5540,MMM,0.7333548536273036,0.3456340888894122,0.3454969730099192,0.10687910340173887
5541,MMM,0.7342503986148434,0.3446068326332896,0.34477144665862347,0.03194107690736415
5542,MMM,0.7350309787297542,0.3420495109147621,0.34361318676461666,0.020441486325093617
5543,MMM,0.7356421333310732,0.34212992471453213,0.3427047487238814,0.02315456508147915
5544,MMM,0.7367131496388419,0.346533824510028,0.3429730800644752,0.021160786341800932
5545,MMM,0.7374029606646326,0.3523270227218022,0.34449674539051245,0.033079063375030776
5546,MMM,0.7385980323450041,0.3616662424321606,0.34782591806122265,0.10145766880437626
5547,MMM,0.7396993146181932,0.3666821395096329,0.3516226216215578,0.0
5548,MMM,0.7407370597846947,0.3705558431608829,0.35553526594239926,0.0
5549,MMM,0.741814136302672,0.37455305873492406,0.35956857096875244,0.0
5550,MMM,0.7428246494867412,0.37550242264410705,0.3630097282090301,0.0
5551,MMM,0.7432603198415495,0.36767782412090816,0.36399464933846104,0.0
5552,MMM,0.743702041173508,0.3601517916089808,0.36308204396703103,0.0
5553,MMM,0.7441498134826166,0.3560445130400344,0.36142390085130993,0.0
5554,MMM,0.744700452403277,0.3514749392387495,0.35906486976843305,0.0
5555,MMM,0.7453237030497393,0.34854322880248734,0.35651521120589813,0.0
5556,MMM,0.7458924949018502,0.3450687136842434,0.35369040140090696,0.0
5557,MMM,0.7448577778091803,0.3187181410112443,0.34547651831600645,0.09485172702257377
5558,MMM,0.7435991716073775,0.2967926342665329,0.33395124096714207,0.06571452692032265
5559,MMM,0.7426552206492485,0.2803549269006237,0.32101684216480536,0.03976210675087625
5560,MMM,0.7412574371718028,0.2653491602839071,0.30727869991479917,0.02952046468764704
5561,MMM,0.7400169850094169,0.2553552908918577,0.29403002454496,0.034565837145611615
5562,MMM,0.7388703222542139,0.24816239007798913,0.2818058146406597,0.033132196173375865
5563,MMM,0.7374362343911565,0.2414749466360738,0.27051538756799864,0.080105604388533
5564,MMM,0.7356118684736197,0.2360124658613726,0.2602487728092826,0.0
5565,MMM,0.7340446676076735,0.23909822881174603,0.2527327235852172,0.0
5566,MMM,0.7315093067044853,0.23343937336530043,0.245441239329079,0.0
5567,MMM,0.7292704451589427,0.2325046333687512,0.2393968430464865,0.0
5568,MMM,0.7266927288929927,0.2282867366435579,0.23360827251163457,0.0
5569,MMM,0.7240060950383413,0.22597187325741075,0.228454361865917,0.0
5570,MMM,0.7213860219323407,0.22464310182546293,0.2240309912243953,0.0
5571,MMM,0.7191411094096476,0.22224261148363333,0.21994989268189083,0.0
5572,MMM,0.7169869615442066,0.22195178969840626,0.21661930130419593,0.0
5573,MMM,0.7147057431586123,0.22322861154821272,0.21424333207573,0.0
5574,MMM,0.7136498457993055,0.24232121626316294,0.21665662009963288,0.08508745363425389
5575,MMM,0.7126302557801882,0.25970345715860116,0.22251484921430204,0.030617479864145338
5576,MMM,0.7117982434674688,0.2759017009517933,0.23086150151411264,0.02890861099648202
5577,MMM,0.7124093888357292,0.28687041560784443,0.24001725577438848,0.019805073473804644
5578,MMM,0.7131718178658015,0.29676035885737045,0.24957653815406822,0.01909557350656987
5579,MMM,0.713595384419698,0.3002910317002371,0.25802173611352464,0.07028441986954127
5580,MMM,0.7143245282742541,0.3051743708990631,0.2658813078316811,0.06776852283145864
5581,MMM,0.714984086260906,0.30929102593486785,0.27309914268136065,0.0
5582,MMM,0.7152473022896466,0.306738999507905,0.27829676824405003,0.0
5583,MMM,0.7160755629965332,0.31128840719937284,0.2834828286575921,0.0
5584,MMM,0.7167714253687971,0.3118967287498292,0.2877691300902679,0.0
5585,MMM,0.7169711076147507,0.311613366898134,0.29113414429961826,0.0
5586,MMM,0.717836397347217,0.3122284282640665,0.29396513166179616,0.0
5587,MMM,0.718604871445282,0.31389455241240294,0.2966063901018819,0.0
5588,MMM,0.7195669768121506,0.3136202828711929,0.2986574243672749,0.0
5589,MMM,0.7204625214303675,0.3124487010328477,0.30003352737911115,0.0
5590,MMM,0.7209284466709263,0.30474349139167006,0.29939338160253387,0.0
5591,MMM,0.7219087079238242,0.3039607422917729,0.2987043991581489,0.04746529985494746
5592,MMM,0.7223093406686327,0.29552433546578055,0.2962469675899958,0.025986543233272468
5593,MMM,0.7230112558646582,0.2939895635529317,0.2939342334375902,0.040654147398647714
5594,MMM,0.7225423088287475,0.2929395685184854,0.29184679482266906,0.03474424527516591
5595,MMM,0.7221096661784481,0.29449497014911713,0.2905282942099148,0.0416100654773185
5596,MMM,0.7213623701310865,0.2932924168130712,0.289201771164352,0.04106622176803519
5597,MMM,0.720841985726854,0.2937502734566614,0.28824400757972035,0.051718049034488504
5598,MMM,0.7206120456405711,0.2995769235539499,0.28879435557569555,0.0
5599,MMM,0.7203155481295376,0.29891806286197253,0.28908576131503616,0.0
5600,MMM,0.7200553590666614,0.3010659569827471,0.2898042126372607,0.0
5601,MMM,0.7194260574430493,0.29768500062513514,0.2896150307799848,0.0
5602,MMM,0.7188330616823377,0.2899223084258295,0.2877096686550364,0.0
5603,MMM,0.7179987529528802,0.2870497623038107,0.2855363137125922,0.0
5604,MMM,0.7169337809744594,0.2787440589260307,0.2819209172019302,0.0
5605,MMM,0.7159414207218404,0.27291712019612113,0.2777119759118283,0.0
5606,MMM,0.7152576603038772,0.27414569092128505,0.2746224241859631,0.0
5607,MMM,0.7146223077031149,0.2774348344930879,0.2728939801916028,0.0
5608,MMM,0.7139721305037927,0.2786307262940772,0.2717814423464456,0.05160469906468564
5609,MMM,0.7129253158886908,0.2732056706308917,0.2696655953488642,0.04004559974826861
5610,MMM,0.7119208566363502,0.2632349732468167,0.26571999200463353,0.04183841843731717
5611,MMM,0.7105382061416146,0.2556161753348827,0.2608420062779133,0.03427419711913968
5612,MMM,0.7091739571322615,0.24264409656639158,0.2540085157772773,0.04686324621325498
5613,MMM,0.7077459261555117,0.23722502884172222,0.24731725965804982,0.05398953520018372
5614,MMM,0.706118211824841,0.23085667682038402,0.24052529581357426,0.08187339162591677
5615,MMM,0.704272661947444,0.2257651537311351,0.23394127126286512,0.0
5616,MMM,0.7022334859717556,0.21730478371916886,0.2267623914156116,0.0
5617,MMM,0.7001156476624382,0.21179119571146976,0.21977346651869584,0.0
5618,MMM,0.6977255116881422,0.2098888001355102,0.21375247141577605,0.0
5619,MMM,0.69604939101756,0.21464479244087292,0.21001031405735043,0.0
5620,MMM,0.6942098939639245,0.21960476234396642,0.20813731658753426,0.0
5621,MMM,0.6927274045621459,0.22457947508311216,0.207762978241422,0.0
5622,MMM,0.6918016050581781,0.23234248014951217,0.2092175948974444,0.0
5623,MMM,0.6905551037652544,0.2375972479100072,0.2115686275949975,0.0
5624,MMM,0.6898592413929909,0.24428023623434902,0.21495950624759086,0.0
5625,MMM,0.6893418869092018,0.2532014556017666,0.21968800044542403,0.0790493243574326
5626,MMM,0.6884886987617129,0.26129522981084863,0.2252996219727022,0.04175753851094743
5627,MMM,0.6878140140708302,0.2727216042166326,0.23237076197768194,0.044785753797961944
5628,MMM,0.6869695954822057,0.27786279137879605,0.239189349286544,0.03609110267677135
5629,MMM,0.6862374231844959,0.2771800462266998,0.2444899496706286,0.046140049791335694
5630,MMM,0.6858320088234051,0.27566103704160094,0.24838720274213266,0.043439250615012144
5631,MMM,0.6852904437832135,0.2725300125864216,0.25079753556755124,0.07696214996555224
5632,MMM,0.6852738017494391,0.27056251744844895,0.252281237091735,0.0
5633,MMM,0.6853403610208004,0.27466461224813027,0.25439508583272863,0.0
5634,MMM,0.6852495959942264,0.273027050025357,0.2557161499759578,0.0
5635,MMM,0.6852193411084762,0.2720468655167563,0.2565515240126382,0.0
5636,MMM,0.6855279409431321,0.2712387115272276,0.25703721706512833,0.0
5637,MMM,0.6857760310062868,0.27022036982107234,0.25719567243181846,0.0
5638,MMM,0.6858667956635385,0.26887186656543965,0.25701773610229783,0.0
5639,MMM,0.6857639290519866,0.2705562148379316,0.25725597341518375,0.0
5640,MMM,0.6855823997374833,0.2713213764371701,0.2576194551105157,0.0
5641,MMM,0.6854250743315797,0.27277437452476644,0.2582385521860703,0.0
5642,MMM,0.6858244351302645,0.2853750392501117,0.2615810090241582,0.04758561612497779
5643,MMM,0.6864416392314441,0.2970033681995297,0.26688244985225695,0.02487901956999036
5644,MMM,0.6866534271249216,0.3020703822309912,0.2722685180535322,0.026771845992812904
5645,MMM,0.6868874112907819,0.3093917488824953,0.27823166968033597,0.04198199506573413
5646,MMM,0.6870507902590914,0.3145585562354636,0.2841696552886962,0.023172630232916477
5647,MMM,0.6868359831555186,0.31755068360283906,0.28959612896001086,0.029929587234904236
5648,MMM,0.6872353498633603,0.32456026141285166,0.29552115481464647,0.05429333673383243
5649,MMM,0.687913058934851,0.3288822130920621,0.301237740711068,0.0
5650,MMM,0.6885726113816679,0.3304293757558736,0.30616059807426865,0.0
5651,MMM,0.6895044637093979,0.3330610844868209,0.3106935308714568,0.0
5652,MMM,0.6903213456246635,0.33323636026643577,0.31435948149206666,0.0
5653,MMM,0.6905996905735692,0.33042254528693366,0.31665644732263765,0.0
5654,MMM,0.691011157019777,0.32467910276040246,0.31719626226351616,0.0
5655,MMM,0.6916041527804881,0.32254977704045235,0.3171469831025508,0.0
5656,MMM,0.6922213524498002,0.3206199461791913,0.3166715054572546,0.0
5657,MMM,0.692693328667509,0.3160349735278378,0.31525512730846345,0.0
5658,MMM,0.6935949242628763,0.31765667825290866,0.3144884565631625,0.0
5659,MMM,0.6929535216082701,0.2985332501473389,0.3095540918708531,0.07724528874428896
5660,MMM,0.6928052700828358,0.289893545978033,0.30365441851801617,0.05279440145607482
5661,MMM,0.6927871141968067,0.2856701185990127,0.2979803766498478,0.03317127829838081
5662,MMM,0.6926539919608594,0.2919941626407502,0.2948700905090129,0.03749628808367117
5663,MMM,0.6923877474889648,0.2966814832989482,0.2934409836401305,0.03621200931122773
5664,MMM,0.6927508005781369,0.3055226532322353,0.2942954018764347,0.0266444453496699
5665,MMM,0.6930039156409928,0.3141528989344158,0.29692898087954606,0.06715714143183446
5666,MMM,0.6933488191226154,0.3216340760319362,0.30072625106615924,0.0
5667,MMM,0.6935606014762576,0.32441084317902136,0.30439149075021343,0.0
5668,MMM,0.6935969095550927,0.32860577330332214,0.3082715465952578,0.0
5669,MMM,0.6937481839838453,0.33235873272953786,0.31222359002102373,0.0
5670,MMM,0.6938692035268479,0.3329777612917177,0.31552509716289645,0.0
5671,MMM,0.6940144269784505,0.3352074371940236,0.3186701085834992,0.0
5672,MMM,0.6941899053158038,0.3354859941213401,0.32124905896161676,0.0
5673,MMM,0.6945771678534114,0.3358265285180058,0.32338916460505845,0.0
5674,MMM,0.6950854499340211,0.3342637544579002,0.32474813300567973,0.0
5675,MMM,0.6956118849460815,0.33556628883597384,0.3261296214659874,0.0
5676,MMM,0.697294054747202,0.3530889304484671,0.3311941351290063,0.1072948380305679
5677,MMM,0.6982985169541214,0.35345749157247935,0.33532902417060445,0.07070027257125551
5678,MMM,0.6989399205320337,0.35322101469489525,0.33858350234645884,0.03592804402229453
5679,MMM,0.7012513936187168,0.35667481643120225,0.34196748755649875,0.02558544964220964
5680,MMM,0.7030515630140999,0.35757926441269783,0.34487903997961616,0.03303821015674766
5681,MMM,0.7046399445160054,0.3569629799044525,0.3470690295486814,0.04220798656802858
5682,MMM,0.7062192499215083,0.3651678669795242,0.3506749538451282,0.09851056958950191
5683,MMM,0.7077985520031096,0.3704948455992212,0.3547633490366722,0.0
5684,MMM,0.7086214867421372,0.36792796456822224,0.3574540664055378,0.0
5685,MMM,0.7098679884043837,0.3731072212488925,0.3607769175914162,0.0
5686,MMM,0.7110600309029562,0.3764158792983072,0.3641828053140132,0.0
5687,MMM,0.712324685127331,0.37636182234402765,0.36689530107023405,0.0
5688,MMM,0.7134622688315528,0.3758873956163693,0.3689580987353333,0.0
5689,MMM,0.7145695976500239,0.37500048112495377,0.3704079343864841,0.0
5690,MMM,0.7159189655545,0.37504012692774436,0.3715767610621249,0.0
5691,MMM,0.717074702190172,0.3735030937152795,0.3721645225535212,0.0
5692,MMM,0.7185450896376506,0.37499843705699504,0.372972611574311,0.0
5693,MMM,0.719815794839175,0.37292003153913333,0.3731494573352909,0.04184951728852704
5694,MMM,0.7211772621126948,0.37036749279978914,0.37271417586763994,0.023625203601931436
5695,MMM,0.7223632503102162,0.36791532193857657,0.3718118712089641,0.028291562098367702
5696,MMM,0.7226022664929026,0.3682704184602861,0.3711702632032891,0.022271261827213323
5697,MMM,0.7235401697977821,0.365242528763491,0.36997281094838896,0.026754135060031208
5698,MMM,0.724517405931427,0.3627862753082106,0.36845984717867386,0.026268147064501448
5699,MMM,0.725697344629088,0.36735810512457123,0.36828250251036837,0.0890506880992568
5700,MMM,0.7266231430250887,0.36529788341970904,0.3676751100377367,0.0
5701,MMM,0.7279331825326678,0.36789354469512126,0.3677756978749448,0.0
5702,MMM,0.7287561194876291,0.37136250859410547,0.3686399967756978,0.0
5703,MMM,0.7291433820252367,0.3665331269392875,0.3682402145053495,0.0
5704,MMM,0.7301780991179068,0.36552842482646175,0.36769337154372783,0.0
5705,MMM,0.7307468909700174,0.3651410065487961,0.36716835820111027,0.0
5706,MMM,0.7312672750049274,0.36347073425854876,0.3663709416845909,0.0
5707,MMM,0.732078105943043,0.3639134793088755,0.3658330487879596,0.0
5708,MMM,0.7328768349268584,0.36379305678288903,0.3653755244372173,0.0
5709,MMM,0.73348193264187,0.36048788967860984,0.36426268697812353,0.0
5710,MMM,0.7348252477225841,0.36960071718623605,0.36543150304279326,0.06161987733407956
5711,MMM,0.7358660161617265,0.3708070821899151,0.3666391397140322,0.030327256712295934
5712,MMM,0.7372032854358033,0.37882127374278807,0.369416093146343,0.03473172954933351
5713,MMM,0.7384860896370493,0.3810096677827821,0.372132133769269,0.037327443857819
5714,MMM,0.7397204941461857,0.3809996340899197,0.3743026991077404,0.02516936079472498
5715,MMM,0.7408883375373485,0.3794442921697084,0.3756877145911839,0.0439147301237581
5716,MMM,0.7420894568709688,0.38085757971263856,0.37711506591377764,0.0680781099364827
5717,MMM,0.7435053836774845,0.38165862154651936,0.37843794612384657,0.0
5718,MMM,0.7446762444321311,0.3784290792808796,0.3787665200996876,0.0
5719,MMM,0.7453600059580614,0.37508899903296083,0.37827467251362873,0.0
5720,MMM,0.7465338955251837,0.3739139985104142,0.3776156975766055,0.0
5721,MMM,0.7473991852576505,0.3725892350706761,0.3767891811266403,0.0
5722,MMM,0.748064792744163,0.3700111506494783,0.3755454377238406,0.0
5723,MMM,0.7492568352427362,0.368162850643277,0.37413281096341866,0.0
5724,MMM,0.7500555642265514,0.3637197695516129,0.3719987745846246,0.0
5725,MMM,0.7504904479543304,0.3553348773257433,0.3683969398339787,0.0
5726,MMM,0.7513799415953974,0.3541628993475192,0.3652506581233239,0.0
5727,MMM,0.7518458705291797,0.3489040362583231,0.3615453680233749,0.05268199606935366
5728,MMM,0.752299697508662,0.3443105000150004,0.3575432049271704,0.03784188741868468
5729,MMM,0.752517531578099,0.3342694626733992,0.3520726550613811,0.035606177337208486
5730,MMM,0.7516159418918891,0.32202299940340545,0.3449290694679376,0.09397066715312696
5731,MMM,0.7512014514343954,0.31416486498004126,0.3374386187367698,0.024421487139796527
5732,MMM,0.7502423674935563,0.30775362315586446,0.32999760805102596,0.02873657880272914
5733,MMM,0.7497885442072978,0.3068434773659174,0.32383914780085477,0.0484134251231943
5734,MMM,0.7493710241986831,0.30578224246454977,0.3186725886071771,0.0
5735,MMM,0.7487840779378327,0.3017812499582116,0.313635298267023,0.0
5736,MMM,0.7481789791148541,0.3018978494146951,0.30963181218788716,0.0
5737,MMM,0.7473106638938123,0.29873111099423627,0.305713483955164,0.0
5738,MMM,0.7467297700874012,0.29754382977409866,0.30231054961970355,0.0
5739,MMM,0.7462396409382415,0.29805375280306123,0.29970342164664826,0.0
5740,MMM,0.7456042883374792,0.2986479559917177,0.2977519822601103,0.0
5741,MMM,0.7449386808509666,0.2991243295010017,0.2962984695751783,0.0
5742,MMM,0.7441641557757519,0.29720079278831035,0.29470102730304065,0.0
5743,MMM,0.743329120929036,0.2958096147427583,0.2931087302939174,0.0
5744,MMM,0.7419616012010766,0.2847572898741988,0.28933756814730077,0.04783144387198774
5745,MMM,0.7412362727860258,0.28149134820906524,0.28558268362309436,0.045851243514108825
5746,MMM,0.740377034400032,0.28321194231651553,0.282967552296305,0.0260839533635718
5747,MMM,0.7399353064202712,0.28713738574432546,0.2817624195521514,0.02096266004041635
5748,MMM,0.7396448528692638,0.29265704466331977,0.2820455061267662,0.03630032782936579
5749,MMM,0.7398929451483527,0.29900871097074516,0.2837071641203882,0.05943234098976958
5750,MMM,0.7401289328878848,0.29983023853606894,0.2852221185141918,0.04931774535102774
5751,MMM,0.74024087411855,0.3006482774378691,0.28661892174828724,0.0
5752,MMM,0.7403649198887721,0.3013657699204857,0.2878984851205499,0.0
5753,MMM,0.7405948599750554,0.30766317727664033,0.29034506448826763,0.0
5754,MMM,0.740522248249254,0.30781226124892436,0.29233601420383254,0.0
5755,MMM,0.7411273459642658,0.3146534075967046,0.2954745630165594,0.0
5756,MMM,0.7415025065475727,0.31975316668441794,0.2991377165042748,0.0
5757,MMM,0.7419835592310069,0.32183666773668684,0.3025390161099502,0.0
5758,MMM,0.7423284649285635,0.32250725284436865,0.3054115776385397,0.0
5759,MMM,0.7427217784433215,0.32489664408514435,0.3082495209968611,0.0
5760,MMM,0.7430993594174886,0.3264272467322464,0.3108657225162897,0.0
5761,MMM,0.7433383696910167,0.32529296889991194,0.3127023883461304,0.058511726703776974
5762,MMM,0.743731680251196,0.3240672055213473,0.3138947540368917,0.035265064771833006
5763,MMM,0.744351902454504,0.32623697598737905,0.31533891638286554,0.0249744224612411
5764,MMM,0.7457920379708103,0.32962572416858527,0.31725994977371424,0.019506349074220025
5765,MMM,0.7469296153965528,0.33273531729802197,0.31949940360980755,0.02778491134792596
5766,MMM,0.7474681519935906,0.33010116307584814,0.32069576720186477,0.03292686742599339
5767,MMM,0.7477465010050417,0.3262730550623635,0.32078787915072066,0.06007229602761489
5768,MMM,0.7478856764340729,0.32323545707672346,0.32017520922613685,0.0
5769,MMM,0.7481095614806603,0.3237738156226919,0.31980671791995524,0.0
5770,MMM,0.7483576478505918,0.32011267528417586,0.3186846730779449,0.0
5771,MMM,0.7486480947537977,0.3178073811913119,0.3172661452131112,0.0
5772,MMM,0.7488598789540515,0.31473119018512313,0.3154362431639311,0.0
5773,MMM,0.7485452281422453,0.310200628437521,0.31294861989042966,0.0
5774,MMM,0.7487207064795987,0.3090094726972746,0.3106893740563915,0.0
5775,MMM,0.7484363105535432,0.3080575255571008,0.30866688047683155,0.0
5776,MMM,0.7481640165817882,0.30730384096273994,0.3068785870511356,0.0
5777,MMM,0.7477767540441806,0.30326083212450666,0.30453441553849914,0.0
5778,MMM,0.7474499983234957,0.30022854028134316,0.3019739177924517,0.12432673364941445
5779,MMM,0.7475952247296769,0.30687728632475897,0.3014278348865033,0.04118370428882045
5780,MMM,0.7479377115136632,0.3148368779364204,0.30278947554476837,0.031703986553859836
5781,MMM,0.7483222499297213,0.31948698868393666,0.30492950236167005,0.03213117425255436
5782,MMM,0.7485582376692537,0.32068555578046654,0.3069123456610727,0.058754602628656644
5783,MMM,0.748706492887911,0.3235094654823328,0.30913669591628273,0.050578999910854974
5784,MMM,0.7488940717022756,0.32801722635429614,0.31193472579002796,0.1114595048377413
5785,MMM,0.7489908913992231,0.33069377837390546,0.31477792914663366,0.0
5786,MMM,0.7481921624154078,0.3146389226887404,0.3134248220380428,0.0
5787,MMM,0.7486641375251499,0.31906661944298187,0.3133427951585728,0.0
5788,MMM,0.7492113878986064,0.3236808826960612,0.3143197880361184,0.0
5789,MMM,0.7492295408300562,0.322466855955812,0.3148270673134095,0.0
5790,MMM,0.749562344573313,0.3220519878368371,0.31513914934178733,0.0
5791,MMM,0.7500827286082232,0.32501285774329164,0.31605783737950666,0.0
5792,MMM,0.750566806780232,0.3254491962178617,0.3168913805304854,0.0
5793,MMM,0.7511537515637936,0.32505373531453696,0.31746885880903347,0.0
5794,MMM,0.7515894219186019,0.32471944480770837,0.3178553069270603,0.0
5795,MMM,0.7527875128090684,0.33541640659996885,0.3205814940102768,0.05165251858319622
5796,MMM,0.7538282816175335,0.34117546181336933,0.32406372916010845,0.03508429518457449
5797,MMM,0.7551231907276583,0.34556789625401485,0.3278420084025586,0.02325717041872778
5798,MMM,0.7565028127792401,0.3499020545295351,0.3318439551468064,0.023761223565694867
5799,MMM,0.7574376876409661,0.3552481078150078,0.3362534783066106,0.03372267867231764
5800,MMM,0.7580597280181338,0.35705808580896975,0.3401900698345876,0.025650625874846286
5801,MMM,0.758761338892554,0.3575733361065824,0.34345576627357044,0.05099685985161781
5802,MMM,0.7590759930282616,0.34943591541087915,0.3442296351277864,0.0
5803,MMM,0.7596266286250206,0.34807081520401895,0.3445402794294673,0.0
5804,MMM,0.7600804493260234,0.34759998086546495,0.3446824076480685,0.0
5805,MMM,0.7606613431324343,0.34801223740941495,0.34488926151880306,0.0
5806,MMM,0.7627731341578248,0.35238783374245275,0.34604343108874347,0.0
5807,MMM,0.7637291885475432,0.3554800513447023,0.3476654677864084,0.0
5808,MMM,0.7644284394670109,0.3548751898852288,0.3488264258664523,0.0
5809,MMM,0.7654450036282301,0.3538599038802689,0.34952578370517406,0.0
5810,MMM,0.7664252619265493,0.3527117199910705,0.34982583245180743,0.0
5811,MMM,0.7673087045904659,0.35333193931523366,0.35020601290861814,0.0
5812,MMM,0.7690211289080153,0.3637423151472165,0.3528624304236454,0.08058722368730994
5813,MMM,0.770987694635191,0.37444376910286753,0.357405608049808,0.06993256267161156
5814,MMM,0.7724883351218086,0.3754228437790077,0.36126137665680147,0.027627520191939283
5815,MMM,0.7731599939547937,0.37444037389196266,0.3641239978725361,0.02676074714160304
5816,MMM,0.7740162031589892,0.37330471114913544,0.36615748653241303,0.02143329856086864
5817,MMM,0.7750781526034134,0.37493978158067004,0.36815372927798606,0.03544701508794364
5818,MMM,0.7760584171802118,0.37558358344689124,0.3698961935197149,0.05467235069536074
5819,MMM,0.7769267305546421,0.3761074671873126,0.3714085388965145,0.0
5820,MMM,0.7779202995992662,0.3757345624380881,0.3725341556243221,0.0
5821,MMM,0.778840052557952,0.37324657847344844,0.37287247738365487,0.0
5822,MMM,0.7804012046626818,0.37196326781231015,0.37285316474013697,0.0
5823,MMM,0.7814964315268531,0.3688935253776888,0.3721440919529405,0.0
5824,MMM,0.7824645878708718,0.364990408521102,0.37069490619918266,0.0
5825,MMM,0.7831543992659846,0.35844231258264403,0.3680559846676391,0.0
5826,MMM,0.7837110891637957,0.35529779447645565,0.3652343288570112,0.0
5827,MMM,0.7842314731987057,0.3519337537893021,0.36221688346837466,0.0
5828,MMM,0.785078609999722,0.35109240308013406,0.3596128200264169,0.0
5829,MMM,0.7856171488126942,0.3454191844495059,0.3562476789672656,0.13680621110605365
5830,MMM,0.7857986755419415,0.3354936057121328,0.35131283514319894,0.034618143433760226
5831,MMM,0.7859741520326828,0.3293446325673771,0.3459755708189151,0.02192566249219981
5832,MMM,0.7857684210255129,0.3291466067831453,0.34166101450659414,0.03307327780365542
5833,MMM,0.7854053679363409,0.3296287719333103,0.3383183169294031,0.044974552341414835
5834,MMM,0.7853055308759096,0.32696367064631005,0.335041966756674,0.02720245780517856
5835,MMM,0.7851663609867137,0.32310275562237917,0.3315484947961229,0.04130449285039162
5836,MMM,0.784716474159503,0.31575018030401136,0.3270923684175346,0.0
5837,MMM,0.7844411517445942,0.3157247679398473,0.3235217252720274,0.0
5838,MMM,0.7839752239187789,0.31295328096537944,0.320038980300577,0.0
5839,MMM,0.7833950562296257,0.309843416279155,0.31655009584047494,0.0
5840,MMM,0.7831469661664712,0.31223804206103595,0.3143000651769084,0.0
5841,MMM,0.7829291309890667,0.313084682310388,0.31269134297346823,0.0
5842,MMM,0.783304291572374,0.32377696488527175,0.3138203365084418,0.0
5843,MMM,0.7837823187672333,0.33214420297737113,0.31661414794986803,0.0
5844,MMM,0.7838758063642024,0.33199345714520395,0.31881513537659867,0.0
5845,MMM,0.7843840884448126,0.3348310326131397,0.3212170887774831,0.0
5846,MMM,0.7855291147327457,0.3486266026087288,0.3262558251149262,0.14070332475533823
5847,MMM,0.7868663773590203,0.3614237570397091,0.3331783911312697,0.04406078628276449
5848,MMM,0.7883458442268025,0.37521705779347964,0.34183310481526896,0.030041166111428926
5849,MMM,0.7900098629430845,0.38343538246625875,0.3506138446917656,0.033016012454327934
5850,MMM,0.7920308963283478,0.38918450427651896,0.3589374775772841,0.04134062315326628
5851,MMM,0.793534564519474,0.3871337397733975,0.3651330040467135,0.06431630781365029
5852,MMM,0.7949867953422785,0.3887353056553037,0.37045130653010716,0.058455642083301604
5853,MMM,0.7965418927766348,0.3914535953808644,0.37532015880446296,0.0
5854,MMM,0.7979487427481029,0.38766656120656473,0.37835954252538573,0.0
5855,MMM,0.7998669021353677,0.3897169306058337,0.3812543400655445,0.0
5856,MMM,0.8018507149940335,0.3871972840542218,0.383000852165021,0.0
5857,MMM,0.8033816122130129,0.3835165641580911,0.3835663859548433,0.0
5858,MMM,0.8050758858150453,0.3794993857311921,0.3831111127169732,0.0
5859,MMM,0.8068359940484715,0.37561855919883347,0.38187000320577535,0.0
5860,MMM,0.8083487383360002,0.37303986939910894,0.3802944485658777,0.0
5861,MMM,0.8099340943493312,0.37035967659268576,0.3784284027435272,0.0
5862,MMM,0.8109204036248001,0.36887012932676577,0.3765989959084311,0.0
5863,MMM,0.810865947046383,0.3519496435906835,0.3713122074845119,0.07341370554629667
5864,MMM,0.8116787181085929,0.3444511393755283,0.3653884546179157,0.03950033916436277
5865,MMM,0.8117755355896066,0.3309133068770768,0.3575905157018351,0.027391020202861025
5866,MMM,0.8107606008785324,0.3156553617417925,0.34790456044413104,0.024398817145835954
5867,MMM,0.8095564623348168,0.3032968850195204,0.33736334057328526,0.024469070512536686
5868,MMM,0.8081435551077187,0.29498883097349105,0.3270531209754078,0.027631180451380834
5869,MMM,0.806769980709386,0.2873811239740428,0.31708594828936226,0.0572406720944772
5870,MMM,0.805686851367647,0.2860756919562174,0.3088172416654495,0.0
5871,MMM,0.8046975180808926,0.2810454154136741,0.3010656618351102,0.0
5872,MMM,0.8034328675497415,0.277492833609146,0.29406167548268414,0.0
5873,MMM,0.8021137545310164,0.27664373668620057,0.28826662897643224,0.0
5874,MMM,0.800891457146693,0.27278683269821125,0.28275910626140927,0.0
5875,MMM,0.7990096032530065,0.26644024843798614,0.2769190476678144,0.0
5876,MMM,0.7975331648283783,0.26467915602043735,0.2718490737176258,0.0
5877,MMM,0.7959236049064471,0.26104097733282944,0.26697103105291464,0.0
5878,MMM,0.7944653194132691,0.26066648206087495,0.2629839779614578,0.0
5879,MMM,0.7928981163313886,0.25940002431688836,0.2595081734328261,0.0
5880,MMM,0.7917302803266728,0.2660380514380831,0.2582274231101599,0.040561696329527254
5881,MMM,0.7903582242124625,0.26880994553072024,0.2578291452973275,0.024577933712701516
5882,MMM,0.7885852834756102,0.26688303721770823,0.25707512909399477,0.022177275810585116
5883,MMM,0.7875082102815343,0.26096486325669105,0.255134677022221,0.02173485670969833
5884,MMM,0.7857336349240238,0.2529166203392156,0.251763777204258,0.03141152001719141
5885,MMM,0.7846535332867941,0.2501535408021411,0.24844272659467675,0.035691307887445844
5886,MMM,0.7842632519084136,0.25435192964459313,0.24673453171836912,0.08152177057375748
5887,MMM,0.7839183436256008,0.2585995849207697,0.24632775340999358,0.0
5888,MMM,0.783472992815319,0.2623416144806689,0.24684785985856733,0.0
5889,MMM,0.7829828644048042,0.2638916673125168,0.2476141867104863,0.0
5890,MMM,0.7820449629465365,0.2634764785638943,0.2481334343507967,0.0
5891,MMM,0.7816758533403796,0.2677244380262067,0.2495086787879969,0.0
5892,MMM,0.7810344497624668,0.2676084195178363,0.2505826594127151,0.0
5893,MMM,0.7802841285958526,0.2679706232365906,0.251523685538196,0.0
5894,MMM,0.779896866058245,0.27047427078376923,0.2528422173212891,0.0
5895,MMM,0.7794914505891872,0.2688717442070207,0.2535349443664168,0.0
5896,MMM,0.7788621489655752,0.2675236391980846,0.25378451536535157,0.0
5897,MMM,0.7783599156461818,0.26603601872588145,0.25364803735534325,0.057959735965414094
5898,MMM,0.7777941503906127,0.26635983844179323,0.25361202352792744,0.03086944740118628
5899,MMM,0.7775400111969195,0.2701356799625825,0.25443638153210385,0.03488557851876385
5900,MMM,0.7766989257423758,0.2720130157148174,0.255520060736358,0.029244056063367357
5901,MMM,0.7766913546344913,0.28318386516258254,0.25891110982255733,0.037797964305386074
5902,MMM,0.7768486859495518,0.2900865699432528,0.2631836475478545,0.027041524462635542
5903,MMM,0.7774235269322014,0.29693123390757376,0.26814826159029026,0.06302033982557093
5904,MMM,0.7780437535673776,0.29913662689184545,0.2726182716923468,0.0
5905,MMM,0.7786579281174364,0.30379173804333176,0.27724612392896525,0.0
5906,MMM,0.7783251221582463,0.29933353932867224,0.27994105485012305,0.0
5907,MMM,0.7783251221582459,0.3011563532989797,0.2825088729361227,0.0
5908,MMM,0.7785526388990907,0.3058428854270198,0.28562207127662764,0.0
5909,MMM,0.7787644230993445,0.3074069756926212,0.28846604346595656,0.0
5910,MMM,0.7790427680482499,0.30748087676783553,0.2907579195112908,0.0
5911,MMM,0.7789217485052475,0.30576659493186564,0.29220407034227086,0.0
5912,MMM,0.7790911758654511,0.3047959262303679,0.29314166387030977,0.0
5913,MMM,0.7792121954084528,0.3033563845803559,0.2935664675185129,0.0
5914,MMM,0.7794996186696952,0.3064801607068919,0.2946121422750741,0.049988753557683625
5915,MMM,0.7798687286451749,0.306148499486584,0.29537374167510827,0.027757990730097784
5916,MMM,0.7802075833655813,0.3049285509831441,0.2957073681202779,0.021358204205874243
5917,MMM,0.7803044012159168,0.2995733117104806,0.2947642278952029,0.017558854905544645
5918,MMM,0.7802229564078098,0.2938762118623743,0.292722429336682,0.025296997583638407
5919,MMM,0.7799506642826661,0.28982853620739346,0.2901743992286964,0.029532508121938594
5920,MMM,0.7795270884957115,0.28313816062290337,0.2866242534617473,0.06880343167033579
5921,MMM,0.7788433325096165,0.2836623800395155,0.2839025866792111,0.0
5922,MMM,0.7779296334826591,0.27885346603771793,0.2806386566242391,0.0
5923,MMM,0.7770340877564752,0.27691601268094523,0.2775897359251963,0.0
5924,MMM,0.7762716646355605,0.27441692488799774,0.27458591878106614,0.0
5925,MMM,0.775103826045588,0.26973539377604644,0.27112505119705144,0.0
5926,MMM,0.7744926773534264,0.2664963899078541,0.26762448904423963,0.0
5927,MMM,0.7735124190551077,0.26424739332993963,0.26431586801779294,0.0
5928,MMM,0.7722659177621836,0.26226840428843823,0.2612218093591798,0.0
5929,MMM,0.7712251496923637,0.2621173185695902,0.2587124239068924,0.0
5930,MMM,0.7701420247824926,0.2607437286550625,0.25639454647418336,0.0
5931,MMM,0.7693372470374613,0.2625010829161542,0.2549373269493792,0.04517940879725646
5932,MMM,0.7682632015478945,0.26080317856458984,0.2533879018935119,0.026909637049854506
5933,MMM,0.7672647921647371,0.2604020010171104,0.25205771390407716,0.021406968307466516
5934,MMM,0.7655493360801335,0.25433617381302837,0.24962296146199525,0.027480165231195567
5935,MMM,0.7642749431950859,0.253853054146426,0.2475659963582069,0.028404557849514928
5936,MMM,0.7631676132686473,0.2555550568494064,0.24630499975288672,0.024061600985672445
5937,MMM,0.7624596500500509,0.2588957456231503,0.246051046734621,0.04418240135453214
5938,MMM,0.7618361549122024,0.2617112901115494,0.24648406977655632,0.0
5939,MMM,0.7609708614865123,0.26116134865161333,0.24670622636298917,0.0
5940,MMM,0.7607106739009253,0.26639265345795304,0.2480659894405506,0.0
5941,MMM,0.7597122626711559,0.2656455224678937,0.24898498215812068,0.0
5942,MMM,0.7593734079507499,0.26969723957208236,0.25063568077771187,0.0
5943,MMM,0.7585141691954331,0.2671913678944609,0.2513900262379919,0.0
5944,MMM,0.7580603459091744,0.27029026178144694,0.252693712185716,0.0
5945,MMM,0.7579574792976225,0.27517723957082935,0.25484089645105495,0.0
5946,MMM,0.7577638480288189,0.2780447433950693,0.25720656977502576,0.0
5947,MMM,0.7575460128514142,0.2800942633534225,0.2595622070624718,0.0
5948,MMM,0.7572434639939087,0.2800628396311329,0.26143961655528475,0.052509137365404294
5949,MMM,0.7568622531720959,0.28008376701553184,0.2629462727899999,0.02595608042888795
5950,MMM,0.7565718051609234,0.27996834430791845,0.2641255174767,0.019282010592318533
5951,MMM,0.7563963216530574,0.2841746498937793,0.26601934766264845,0.02383065042219912
5952,MMM,0.7565990242170733,0.28968249729650125,0.2687789357139541,0.02541259093826028
5953,MMM,0.7568743447853707,0.2956603721619719,0.27233733496292395,0.02471359945780931
5954,MMM,0.7575702126974693,0.3003445016006426,0.2762424553348952,0.062011997385866324
5955,MMM,0.7580337742750787,0.3043600299852241,0.2802738790674149,0.0
5956,MMM,0.7583968340120528,0.3075403788711918,0.28421763277123663,0.0
5957,MMM,0.7585057504927877,0.30772797678931635,0.2874150243620288,0.0
5958,MMM,0.7589293188932962,0.3121210040267651,0.29096556270246,0.0
5959,MMM,0.7590382364819983,0.30762818289796107,0.2927908194101266,0.0
5960,MMM,0.7586751778529914,0.30233430610294487,0.29305484853410757,0.0
5961,MMM,0.75861466808149,0.2973585986585526,0.29214178744524505,0.0
5962,MMM,0.7583786799726355,0.2951681267750369,0.29091639119860774,0.0
5963,MMM,0.75861466808149,0.29438787895986634,0.2897597735551671,0.0
5964,MMM,0.7586449229672407,0.2955183024519409,0.28908990391989303,0.0
5965,MMM,0.7584936441066197,0.2959191235072039,0.28864457560532975,0.037411275606319024
5966,MMM,0.7586237371607687,0.29915281217608763,0.2890189800451152,0.02643203222917475
5967,MMM,0.7588355257928907,0.3024441441681727,0.29006219546708206,0.019132176100985377
5968,MMM,0.7591804359223151,0.3050789361747434,0.29149211139184283,0.016258400147827253
5969,MMM,0.7591350554403009,0.3011925179546173,0.29175788974272443,0.020259417936097774
5970,MMM,0.7591471599798576,0.2986164154173523,0.2913884299965538,0.0295878843051027
5971,MMM,0.7591290077870518,0.30023957330017714,0.29145962232114586,0.045455935494421354
5972,MMM,0.7588385630997805,0.29955601666246273,0.29136212335884054,0.0
5973,MMM,0.7585148328676703,0.3000834856041673,0.2914033082654247,0.0
5974,MMM,0.7583090963206656,0.30217356630867337,0.2919085197094171,0.0
5975,MMM,0.7579641906231087,0.3020993945578665,0.29229592941032273,0.0
5976,MMM,0.7571957165250438,0.29590318875096877,0.2912057954649125,0.0
5977,MMM,0.7567963520331364,0.2942783334008024,0.28996654463636423,0.0
5978,MMM,0.7561065406380232,0.2931544693502502,0.28872120163056336,0.0
5979,MMM,0.7560399798893718,0.29367555459864825,0.2878426688769669,0.0
5980,MMM,0.7560460308665222,0.29353149392512573,0.287107291490568,0.0
5981,MMM,0.7561670504095244,0.2943732108226233,0.28670917945446456,0.0
5982,MMM,0.7557011292315114,0.28818578553030205,0.2849926121178167,0.09206945755545441
5983,MMM,0.7554530413842901,0.28754117808002433,0.28347370617773954,0.024849147130031897
5984,MMM,0.7552533580303693,0.28956420734421856,0.2827156943576006,0.02044361163702742
5985,MMM,0.7549508091728634,0.2892269709786126,0.2820330847660977,0.020235212994629454
5986,MMM,0.7547057453369284,0.29279985977333256,0.28229430804053957,0.016573772824226667
5987,MMM,0.7546270796793981,0.29886427308586866,0.283873569235214,0.025436441661072964
5988,MMM,0.7543850350535586,0.30132175601157146,0.2856922579613457,0.04812898754272025
5989,MMM,0.7545393323856302,0.3031389648316124,0.2875578157813843,0.0
5990,MMM,0.7546906053370936,0.3049650780412384,0.2894628808650561,0.0
5991,MMM,0.7545937919186261,0.30633463322451054,0.2912963903364592,0.0
5992,MMM,0.7545937919186259,0.30679960999228995,0.2928682615907897,0.0
5993,MMM,0.7545272311699747,0.3071703861869474,0.294209537211018,0.0
5994,MMM,0.7543154469697209,0.3069318643524203,0.2952286625821829,0.0
5995,MMM,0.7538979295463626,0.3019685401317079,0.29492247653842313,0.0
5996,MMM,0.7541399686323675,0.3015946760291683,0.2945930513594111,0.0
5997,MMM,0.7543093959925704,0.3034040865703696,0.29473835599772774,0.0
5998,MMM,0.7543396508783213,0.3028303591247383,0.29472496330645703,0.0
5999,MMM,0.7542972929303038,0.3026096427342849,0.29466437725185735,0.04616732462781951
6000,MMM,0.7545181499030595,0.30563424637918063,0.2952993317597293,0.03274208336063769
6001,MMM,0.7548570031461768,0.3105472679300682,0.2969174155830078,0.024909246228604458
6002,MMM,0.7555252088153219,0.3121847518150721,0.29858187979041073,0.029878933967148583
6003,MMM,0.7559245755231638,0.3134633204359778,0.3002023497211294,0.026893461064580557
6004,MMM,0.7560879544914734,0.31324446080843393,0.30144927330839205,0.028966702856005985
6005,MMM,0.7565841390496508,0.31575088929346323,0.3030131514268353,0.05558198420302869
6006,MMM,0.7568077248712817,0.3172604781564566,0.3046053525914778,0.0
6007,MMM,0.7565455345540777,0.31432116197729193,0.3052149612737476,0.0
6008,MMM,0.7565636885934948,0.3136506123530182,0.30555113439315634,0.0
6009,MMM,0.7565965453994199,0.3130917312804332,0.3056937910942441,0.0
6010,MMM,0.7567659727596232,0.3149412698644215,0.30622582835574524,0.0
6011,MMM,0.7569596040284268,0.31656966865992714,0.30701940249522724,0.0
6012,MMM,0.7568688393711751,0.31295919901479874,0.3068384592901052,0.0
6013,MMM,0.7570685216171291,0.3143169172243371,0.3070004875108499,0.0
6014,MMM,0.7573408155888841,0.3158327361922548,0.30747261647870394,0.0
6015,MMM,0.7577583330122422,0.3142675362357741,0.3074966553962137,0.0
6016,MMM,0.7570382707939238,0.29976949801418284,0.30423998692960924,0.06269563939123982
6017,MMM,0.7563242536435986,0.29062221825004403,0.29956778147575297,0.036310600170379174
6018,MMM,0.7559430446683975,0.28647988037548633,0.29489403647987755,0.03787801772155934
6019,MMM,0.7553323794191733,0.28029190848654884,0.2897568392693481,0.02920839805203354
6020,MMM,0.7546032447976758,0.2771620661428218,0.2849398789727559,0.03194544560411697
6021,MMM,0.7536229894539355,0.27390301278849816,0.28034991237464035,0.03570795616426064
6022,MMM,0.752821661548843,0.2721737425769222,0.27628720239723253,0.07135994578093112
6023,MMM,0.7520168771560096,0.27121992754084356,0.27282151544315364,0.0
6024,MMM,0.7512423506035053,0.27017622279324505,0.26981313590665157,0.0
6025,MMM,0.7502741942594868,0.2696937992949081,0.2672974264298053,0.0
6026,MMM,0.749366850235827,0.27027643735699247,0.26541650864575,0.0
6027,MMM,0.7491752157894827,0.2776193871159763,0.2655709482884536,0.0
6028,MMM,0.7482010084683139,0.2739714988947581,0.26487024258348724,0.0
6029,MMM,0.747236301181271,0.2716711440952164,0.26378990208473546,0.0
6030,MMM,0.746098717477049,0.27009858477407866,0.2625703025460675,0.0
6031,MMM,0.7449611337728272,0.2695568804825548,0.2614722222947781,0.0
6032,MMM,0.7441834016797229,0.27004770506383974,0.2607046622054083,0.0
6033,MMM,0.743354422242025,0.2743577982627484,0.26106449986749247,0.05245860217053385
6034,MMM,0.7424286234767019,0.2772253352925323,0.2620003034118076,0.042333616117893415
6035,MMM,0.741690401679131,0.2799039842018154,0.2633541995069064,0.03650246860884756
6036,MMM,0.7418537714143825,0.2823156217699059,0.2649822371802257,0.02680549676509813
6037,MMM,0.7421200158862766,0.28812094853785053,0.2675964080764831,0.0222250953290957
6038,MMM,0.7422772825699284,0.294127432995974,0.271044938072794,0.028394167435616333
6039,MMM,0.7430876311730734,0.3053603055033711,0.2763418821932887,0.06889848034293089
6040,MMM,0.7438016420449192,0.3141838695793737,0.28257316309522923,0.0
6041,MMM,0.7441344443108859,0.3142898407138639,0.2875821324906642,0.0
6042,MMM,0.7448968641078997,0.32102339062787133,0.2931107851294237,0.0
6043,MMM,0.7451691580796549,0.3189712190264913,0.2970700094610078,0.0
6044,MMM,0.7460344478121217,0.3252001945095024,0.30164485509412053,0.0
6045,MMM,0.7467605650701354,0.3277521556762105,0.30588135917180487,0.0
6046,MMM,0.7474503764652485,0.3295192581585335,0.30966984751153354,0.0
6047,MMM,0.7475471920996508,0.3284376849830872,0.3124562516615455,0.0
6048,MMM,0.7483156661977153,0.327438733798714,0.3144596572854156,0.0
6049,MMM,0.7491688539758818,0.32784407098165386,0.3161539696183559,0.0
6050,MMM,0.74997363282888,0.32704283388953337,0.3173283762132009,0.03851868119671592
6051,MMM,0.7511384448223106,0.33172492009071874,0.3193258407827983,0.0342472765013115
6052,MMM,0.7525273263462215,0.33887883124714446,0.32254027215129777,0.027075411380691188
6053,MMM,0.7536891128510768,0.34430177780919724,0.3263371574062794,0.01946077294052846
6054,MMM,0.7550324305170473,0.34990049709138726,0.3306397224393432,0.01664414426381261
6055,MMM,0.7563273392578498,0.3531823795817581,0.33482333117678786,0.024113907273821057
6056,MMM,0.7577130181957392,0.35655980766781364,0.33893336385232525,0.04435703115175967
6057,MMM,0.7589292649722352,0.3597963957125355,0.34295271221173373,0.0
6058,MMM,0.7599398342932997,0.3599638142778091,0.34620601990776034,0.0
6059,MMM,0.7604602183282094,0.35869869776130703,0.34852280706574373,0.0
6060,MMM,0.7609920992197046,0.35729078028626565,0.35005811124826797,0.0
6061,MMM,0.7621720397639777,0.358372534481149,0.3515307820182475,0.0
6062,MMM,0.7627831884561393,0.35704500884368773,0.35240895800237915,0.0
6063,MMM,0.7640236387719133,0.35747533604197856,0.35320873323447405,0.0
6064,MMM,0.7647195011441765,0.3572414639864747,0.3537957089344678,0.0
6065,MMM,0.7656029438080936,0.3571096866990459,0.3542355137995268,0.0
6066,MMM,0.7663230100889573,0.35404887677299474,0.3538957533613158,0.0
6067,MMM,0.7676451508121915,0.3577154512146438,0.3544524246688517,0.0529308937113791
6068,MMM,0.7687645856475092,0.35713668521553654,0.35476698682821334,0.03772900974042267
6069,MMM,0.7700110880483999,0.3593921866588241,0.35552827766467987,0.024044126198661173
6070,MMM,0.7710639613964214,0.35684758464513155,0.35556234559773053,0.02093101650717972
6071,MMM,0.7715873742438073,0.35207646149148475,0.3545115423342645,0.025985244431535142
6072,MMM,0.7717568008653659,0.346412155478466,0.3523910232655748,0.03231713904676218
6073,MMM,0.771914122947368,0.3415293620245104,0.34959131797363974,0.04728972547463824
6074,MMM,0.7719383253786791,0.3371374195077025,0.34635917377000053,0.0
6075,MMM,0.7719988381047589,0.33326864223901925,0.34289929007371683,0.0
6076,MMM,0.7717810003420984,0.32719749694475303,0.338759579418785,0.0
6077,MMM,0.7716357768904956,0.32442854519887,0.33482215328656095,0.0
6078,MMM,0.7718112552278487,0.32498669552496534,0.33179832905963097,0.0
6079,MMM,0.7715934200504446,0.3186708956156204,0.3279521851246916,0.0
6080,MMM,0.7714124958336566,0.31430217057316767,0.3238881361036591,0.0
6081,MMM,0.7712672723820535,0.31407651673739867,0.3205859093463691,0.0
6082,MMM,0.7713035782449544,0.31488581044989,0.31812699164312963,0.0
6083,MMM,0.7709949784102985,0.3124236770475078,0.3156035269131716,0.0
6084,MMM,0.7710252292335029,0.3153954906499886,0.31425625032356624,0.029604768727687917
6085,MMM,0.7711886067245233,0.32020022886415356,0.3142640821420627,0.022390397368391535
6086,MMM,0.7717816604688412,0.32771519286049755,0.31596838888892753,0.023922038835352676
6087,MMM,0.7719238588011916,0.3333702984499862,0.31860963186557306,0.01817307005441389
6088,MMM,0.772371625201143,0.3390983565438188,0.3220169077858858,0.020971869725462833
6089,MMM,0.7724139772400034,0.34056818164030694,0.3250748423828503,0.021099152295720628
6090,MMM,0.7725470994759507,0.3389507928551915,0.32715573349352556,0.050685737799086
6091,MMM,0.7731158891121275,0.34148525312008676,0.32939311954257466,0.0
6092,MMM,0.7737935985529403,0.34325923113188384,0.33158386701746373,0.0
6093,MMM,0.7741143003418964,0.33901594072619684,0.3323776736676232,0.0
6094,MMM,0.7741627081590976,0.33116916040179095,0.33123970224314525,0.0
6095,MMM,0.7744410531080028,0.3280263180707202,0.3296191851674018,0.0
6096,MMM,0.7750279978915642,0.32709945153516246,0.32811334167449135,0.0
6097,MMM,0.7754636682463725,0.3261484149817084,0.3266937757191652,0.0
6098,MMM,0.7758509307839796,0.32740289979301723,0.32584157967018734,0.0
6099,MMM,0.7764862833847423,0.3252354627413801,0.3246700802835454,0.0
6100,MMM,0.7774241848430103,0.3284693095873883,0.32446358360652966,0.0
6101,MMM,0.7772850131072022,0.31827767449807215,0.32199553861005614,0.03446736435934538
6102,MMM,0.77712768622401,0.3109653199762363,0.31836884187997744,0.023504533113245477
6103,MMM,0.777339471532231,0.30758602035966615,0.3147039159292525,0.019138788182557213
6104,MMM,0.7771004645826032,0.3032978800039165,0.3108030497827642,0.02191468171387516
6105,MMM,0.776525623599954,0.29763817803249204,0.3064035207124062,0.01986942319624481
6106,MMM,0.775687501957155,0.2933590010618574,0.30191699738903527,0.026104261899828146
6107,MMM,0.7750339953169756,0.29286670363580786,0.298216541822508,0.06528178979602318
6108,MMM,0.7742655230655224,0.2925576918250894,0.2951863547041887,0.0
6109,MMM,0.7735696643864822,0.2908905613986912,0.29238550908595146,0.0
6110,MMM,0.7732731635515477,0.29322543008352303,0.2906724071000791,0.0
6111,MMM,0.7726922697451368,0.2952159128218457,0.289751684403435,0.0
6112,MMM,0.7717725212183193,0.29213247482237653,0.28831838899675216,0.0
6113,MMM,0.7711311176404068,0.2887392184348716,0.2864050305070204,0.0
6114,MMM,0.7709798432116535,0.2893035019658678,0.2850018462204407,0.0
6115,MMM,0.7705078669939447,0.2885347516734532,0.28370559606413215,0.0
6116,MMM,0.7699753810047345,0.2890325271126111,0.2827810706296199,0.0
6117,MMM,0.7691403461580184,0.28520423422084773,0.2811764295831077,0.0
6118,MMM,0.7678635925646005,0.2782073262511936,0.2783117326380498,0.05619749815363526
6119,MMM,0.7670406611494738,0.2767765997746267,0.27569669573747874,0.0318174545965479
6120,MMM,0.7661209129919782,0.2797231462795553,0.27427045219241725,0.016569994491899907
6121,MMM,0.7659272772913066,0.280487235738848,0.27330210694635193,0.01976398410975111
6122,MMM,0.7657033940913309,0.28174647045593526,0.27281196072822744,0.025424634372551835
6123,MMM,0.7651164485691249,0.2801030398164411,0.2720485029079343,0.04751441817519537
6124,MMM,0.7648138997116194,0.2816497234700162,0.2717872170631581,0.06347680959979786
6125,MMM,0.7645839596253361,0.281870661797771,0.2716281104366923,0.0
6126,MMM,0.7644054591233089,0.2831312335495759,0.2717856572235005,0.0
6127,MMM,0.7640484499941627,0.28448360903394476,0.27221727022402836,0.0
6128,MMM,0.763697493319456,0.28580395403457365,0.2728608987577981,0.0
6129,MMM,0.7633949444619501,0.2861987092741545,0.2734649983790228,0.0
6130,MMM,0.7629350701985413,0.287900319083184,0.2743327647774857,0.0
6131,MMM,0.7623904822550305,0.28821571667284573,0.2750982434579972,0.0
6132,MMM,0.7622392078262781,0.28965507624841874,0.27603585643606265,0.0
6133,MMM,0.7624207371407814,0.2947035186200672,0.27792666600384364,0.0
6134,MMM,0.7622513097805779,0.2966781011484089,0.2798854798232491,0.0
6135,MMM,0.7618761484586263,0.29391971099035535,0.2808292597107031,0.08704982498646589
6136,MMM,0.7610320345609285,0.28593503580574736,0.2797801088869205,0.05686307500757143
6137,MMM,0.7609594257897059,0.28678579019902634,0.2791330201653859,0.044356676933104036
6138,MMM,0.7611258239681107,0.2869342013035885,0.2786488833719375,0.06601242480971078
6139,MMM,0.7609200929609408,0.2855567890747752,0.2779503411964947,0.045390523116014284
6140,MMM,0.7603746777353979,0.2834743999823881,0.2769209818931777,0.13511918572215442
6141,MMM,0.7601992034605902,0.2856690887513435,0.2765933946510755,0.11006022307510203
6142,MMM,0.7599329589886958,0.2866618578832007,0.2765556456898294,0.0
6143,MMM,0.7600771534048609,0.29075965200168225,0.2774513622834308,0.0
6144,MMM,0.7600741253310292,0.2945286759706344,0.2790195641666709,0.0
6145,MMM,0.7602253997597823,0.2986019256234605,0.2811944954989553,0.0
6146,MMM,0.7601709409654311,0.2996794971831372,0.28317792290273935,0.0
6147,MMM,0.7600983292396297,0.3004342778518422,0.28493521105094327,0.0
6148,MMM,0.7598804940622259,0.2989795726159782,0.28601234411207543,0.0
6149,MMM,0.7631238178146884,0.347697618498721,0.29788212107442513,0.0
6150,MMM,0.7674381645227211,0.4022309433868859,0.31970000266999477,0.0
6151,MMM,0.7706330804579824,0.4262550095015183,0.342582658140258,0.0
6152,MMM,0.769068902495355,0.37505594986512253,0.3493201153319109,0.7337535547318004
6153,MMM,0.7675319517139689,0.3382886553424237,0.3464023387823383,0.1924315280579549
6154,MMM,0.7671688886530943,0.32418258783830867,0.34088078556047313,0.14218443102742892
6155,MMM,0.7658074834257269,0.2939030751966568,0.329621745365025,0.09043473845970379
6156,MMM,0.7654081259509435,0.27843423649372767,0.3171192566950374,0.06761349313317618
6157,MMM,0.7639921902806919,0.2586310776748391,0.30264264932652585,0.06183748566152401
6158,MMM,0.7621315166536429,0.23641058637541376,0.28604053940983015,0.12242658670770881
6159,MMM,0.76004797999832,0.21482226250390063,0.2678808686440615,0.0
6160,MMM,0.7583726862404476,0.20368508071160973,0.25083663367300135,0.0
6161,MMM,0.7562185380056838,0.19268769384367207,0.23471633465523717,0.0
6162,MMM,0.7541188489345934,0.1852013168079974,0.2201285135065352,0.0
6163,MMM,0.7523166864099742,0.18816589846931542,0.2091281176909766,0.0
6164,MMM,0.7504771893563391,0.19166991609758005,0.2011195502237316,0.0
6165,MMM,0.7485832335083527,0.1959108161122726,0.19567094745965286,0.0
6166,MMM,0.7466287678888648,0.19740455873879859,0.1916495833869727,0.0
6167,MMM,0.7444504161148233,0.19637476817588778,0.18819980613075127,0.0
6168,MMM,0.7421873506606795,0.19346813077384942,0.18478321599898895,0.0
6169,MMM,0.7351198049174756,0.17194639761590136,0.17718700754460417,0.18504264497431622
6170,MMM,0.7260766210439162,0.14454162923070546,0.16491780508439124,0.11310331554565319
6171,MMM,0.7176264316384398,0.11598318523011075,0.14864952901393036,0.10139910465331145
6172,MMM,0.7140291259073566,0.0981357920088918,0.1316022061166546,0.09177462956108176
6173,MMM,0.7103092882583062,0.08886147896839613,0.11586877335483325,0.07207818314167153
6174,MMM,0.7063580009179249,0.09575113577117861,0.10483877735003341,0.11253715606106494
6175,MMM,0.7035623877977408,0.10143561531023815,0.09729921530675037,0.16787201371534635
6176,MMM,0.7002131675132834,0.10823604352563224,0.09280415425978705,0.0
6177,MMM,0.6974216742871662,0.11598119498683804,0.09095815864946333,0.0
6178,MMM,0.6951525571172277,0.12461377956319561,0.09143193505484076,0.0
6179,MMM,0.6932424451602504,0.13372550488036908,0.09386979316599545,0.0
6180,MMM,0.6907796974601532,0.13947845129658407,0.0971199848268586,0.0
6181,MMM,0.6888675886807163,0.15050334701319118,0.10221126494958926,0.0
6182,MMM,0.6869978367413305,0.16137144196680256,0.10873998597544013,0.0
6183,MMM,0.6844261714525308,0.16871667683752656,0.11562265299776292,0.0
6184,MMM,0.6816427219634771,0.17277540577142145,0.12204587541690035,0.0
6185,MMM,0.6789379351773754,0.17881731309773372,0.1285496505943948,0.0
6186,MMM,0.6767656299486153,0.18970877651883655,0.1362136478786728,0.12791178066308553
6187,MMM,0.6739277231425003,0.18638973246342938,0.14159489216553064,0.08415007299856128
6188,MMM,0.671259240003365,0.18428251028598078,0.14542375088024234,0.04570825725011793
6189,MMM,0.6698917224913397,0.18252899179801746,0.14809062214154195,0.04793416728212158
6190,MMM,0.6692896486029527,0.18169238559001674,0.1500350840617806,0.05259001729177404
6191,MMM,0.6693047769691338,0.1825576901117903,0.15178617320510462,0.050788579282105055
6192,MMM,0.6692442681209385,0.1858975975180747,0.15394171223211917,0.09377313121616843
6193,MMM,0.6690249222305193,0.18989860215044174,0.15657018917887583,0.0
6194,MMM,0.6680265146939734,0.19463761016008177,0.15974377177907037,0.0
6195,MMM,0.6670825600426213,0.1983070137798006,0.16311175678335876,0.0
6196,MMM,0.6662898820359564,0.2046383836407667,0.16723674744363573,0.0
6197,MMM,0.6653963342401985,0.20944139528097713,0.17162200293457103,0.0
6198,MMM,0.6644886876676812,0.21449750166761197,0.17627265823270888,0.0
6199,MMM,0.6635628881637134,0.21951719261578825,0.18112740513783054,0.0
6200,MMM,0.6628851787229002,0.22471678289034708,0.18618607442343332,0.0
6201,MMM,0.6618020538130294,0.22840425896570926,0.19106621233199705,0.0
6202,MMM,0.66079154062896,0.23369844122007136,0.19616656792096937,0.0
6203,MMM,0.6599202001040043,0.23788894423403367,0.2011937161636442,0.07105732497613453
6204,MMM,0.6592182845386569,0.24116694843989556,0.20595611515223883,0.04811481879649489
6205,MMM,0.6582380255016933,0.24174474693023956,0.20989659061664767,0.03155970148813161
6206,MMM,0.6565619114789132,0.237455547894581,0.21207980638858537,0.037017620607024515
6207,MMM,0.6557752826027863,0.23471466077114667,0.213207062730668,0.05028606108264571
6208,MMM,0.6547677989698377,0.2292779004357637,0.21288040635740668,0.06714675101793587
6209,MMM,0.6537572868937354,0.22435868581791815,0.2115075616893481,0.07665114598590564
6210,MMM,0.6527467738943271,0.220565128173702,0.20955211384777578,0.0
6211,MMM,0.6516999537393899,0.21813945092798454,0.20743966244639894,0.0
6212,MMM,0.6505382864074658,0.21681488879068894,0.20545041031017997,0.0
6213,MMM,0.6494975183376461,0.21857819657400177,0.20425743624878187,0.0
6214,MMM,0.64867458544523,0.22442480305646845,0.20462412510198952,0.0
6215,MMM,0.6481844562960708,0.233492491990924,0.20696636294460155,0.0
6216,MMM,0.6475127978324078,0.24099596959952468,0.21053559910768124,0.0
6217,MMM,0.6467564256886431,0.24506334063127067,0.21431002956188677,0.0
6218,MMM,0.6458911359561768,0.24754333594582012,0.21788994047528237,0.0
6219,MMM,0.6451529167438623,0.2520275563201097,0.22176709978993503,0.0
6220,MMM,0.6469863620817029,0.2940686584895627,0.23436821106871197,0.16698410561855728
6221,MMM,0.6492131209343011,0.331585644105739,0.25292623860645846,0.06962663582602906
6222,MMM,0.6512099478257076,0.35884394492520777,0.2739318013012788,0.07709545425295582
6223,MMM,0.6534125077555566,0.38182716380426446,0.29592941734592115,0.05729333260128145
6224,MMM,0.6557723943839373,0.40049066788451243,0.3177446162913055,0.0385143124999631
6225,MMM,0.6585013817547387,0.4167080810311463,0.338861175860829,0.0371270741716154
6226,MMM,0.6614542523255158,0.42595437150583354,0.35784366613053215,0.10350528877971084
6227,MMM,0.6644555373612957,0.432378533556282,0.3744812278327091,0.0
6228,MMM,0.667822904298724,0.4372267154455617,0.3888867465863808,0.0
6229,MMM,0.671150941731288,0.437420202760359,0.400454880953799,0.0
6230,MMM,0.6745757947982538,0.4366209885710217,0.4095288022605794,0.0
6231,MMM,0.6781579732711225,0.4363812966260208,0.4167337797890472,0.0
6232,MMM,0.6817763365873493,0.4348118123698552,0.42214312949747956,0.0
6233,MMM,0.6852677504029663,0.4320412643041022,0.42584459095999994,0.0
6234,MMM,0.6884082075438767,0.42676747865161047,0.4276141235755627,0.0
6235,MMM,0.6911674531243299,0.41923838789659795,0.4273285163686976,0.0
6236,MMM,0.6938359340475311,0.41029375620927167,0.42507894920417194,0.0
6237,MMM,0.696504415340055,0.3995451178225205,0.42085059031533617,0.06976371844575939
6238,MMM,0.6991607898770877,0.38847949260287656,0.4149675733883639,0.035362238756361915
6239,MMM,0.7016719417011628,0.3786198729113229,0.4080333326251936,0.026769248389338255
6240,MMM,0.7014843628867984,0.3684893717485379,0.4001969058566604,0.028135351671233138
6241,MMM,0.7011757663760434,0.362512201322072,0.39257719480519915,0.02969686557815274
6242,MMM,0.7010123874077341,0.3574664334578776,0.3853413110961799,0.02805104763119226
6243,MMM,0.7005222505028055,0.3503744001665293,0.37795012600940375,0.06007158759030362
6244,MMM,0.6999292514181932,0.3443279118180861,0.37067094559440433,0.0
6245,MMM,0.6990034559767713,0.33695581985888534,0.363181842575905,0.0
6246,MMM,0.6982652408270027,0.3313740507728391,0.3559293333081885,0.0
6247,MMM,0.6974967667289378,0.3268158422136123,0.34909737733335827,0.0
6248,MMM,0.6967524965394731,0.3246167755130068,0.3431349231387935,0.0
6249,MMM,0.6959961243957087,0.32039512877906035,0.3374110589423324,0.0
6250,MMM,0.6952337012747942,0.31738183825983934,0.33215110048731417,0.0
6251,MMM,0.6944954820624798,0.31712050103781936,0.3278840833546804,0.0
6252,MMM,0.6937935687130665,0.31742442440851804,0.3245391425568297,0.0
6253,MMM,0.6928738201862488,0.314271781112243,0.3211508354084224,0.0
6254,MMM,0.6918391001390001,0.3083583410639881,0.31710402023033674,0.04229878461675608
6255,MMM,0.6908285825230629,0.30203164603847427,0.31243702173197496,0.03792217698062837
6256,MMM,0.689818066753737,0.29536477867499616,0.30719701304530317,0.025714621378630818
6257,MMM,0.688849906716495,0.28833024279134084,0.30141551978481507,0.02528814211724756
6258,MMM,0.6879483170302851,0.2824160662211009,0.29545398929647454,0.02748488814660402
6259,MMM,0.686943857223961,0.2762958688943838,0.28930187767155535,0.028423213365378317
6260,MMM,0.6859575449939135,0.270526756147295,0.28307663034154606,0.06525073662721262
6261,MMM,0.6847715508872341,0.2661610380610868,0.27710997804029647,0.0
6262,MMM,0.6835674045877491,0.2632101994491325,0.27166990040222794,0.0
6263,MMM,0.6827989338135851,0.2652089387721704,0.2677694627977919,0.0
6264,MMM,0.6819699499440197,0.2663699005636372,0.2649114374654172,0.0
6265,MMM,0.6810320484857517,0.2639392752594786,0.26207580603443215,0.0
6266,MMM,0.6800033823702318,0.26173295102781785,0.2593087716018295,0.0
6267,MMM,0.6787750340087582,0.2576909741828872,0.25618184046738524,0.0
6268,MMM,0.6774196151271321,0.25482466954225924,0.25303264060928055,0.0
6269,MMM,0.676330439240111,0.25477158081401513,0.25050128507614483,0.0
6270,MMM,0.6749689693813348,0.2517875853075958,0.24780195289705764,0.0
6271,MMM,0.6736801101403931,0.2533592342430381,0.24599760858754505,0.048682867447246515
6272,MMM,0.6726574951866844,0.2597218720563127,0.24599180093696876,0.02712582850267642
6273,MMM,0.672186849268029,0.2700507041725868,0.24832100278182084,0.026080765395671095
6274,MMM,0.6724470460866743,0.28589814196687136,0.2537651670082228,0.03671606245819482
6275,MMM,0.672816156062154,0.2984702659657344,0.2609612286562427,0.0325940199625827
6276,MMM,0.6731368571124652,0.30594237657018136,0.26840643634223305,0.04091969331748795
6277,MMM,0.6734152061239165,0.30924510176760783,0.27510886870924156,0.06664895573388498
6278,MMM,0.6730460950404702,0.3017171984349268,0.278769849607167,0.0
6279,MMM,0.6732155236933015,0.3019932569542781,0.2817610110401681,0.0
6280,MMM,0.6734696669495404,0.3021822487316307,0.28419664376332093,0.0
6281,MMM,0.6740203058702012,0.30646247760696826,0.28711228769171926,0.0
6282,MMM,0.6747282701967647,0.3121284181639376,0.2907250486252116,0.0
6283,MMM,0.6751881444601737,0.3166903859767211,0.29464605535360044,0.0
6284,MMM,0.6757448343579842,0.3206896088360402,0.298686503861496,0.0
6285,MMM,0.6766282770219012,0.32464508345578225,0.3028126206734816,0.0
6286,MMM,0.6770071892110414,0.3193674444758318,0.30492100689124013,0.0
6287,MMM,0.6781024160752127,0.322744296816664,0.30737073145870036,0.0
6288,MMM,0.678949551768262,0.32131876382298397,0.30900840525991247,0.04497974754836413
6289,MMM,0.6791250288129871,0.3118082419863488,0.3081695973737146,0.04062935209275334
6290,MMM,0.6794638839027158,0.30315532010679047,0.30554338286226396,0.02480061917421005
6291,MMM,0.6796242344278718,0.2970880328519365,0.302071479297263,0.017980020887093395
6292,MMM,0.6793942989581179,0.2912563054753284,0.29797625034655306,0.026305103877572587
6293,MMM,0.6788060238755029,0.28642814711781206,0.29360912220478586,0.03203565328841841
6294,MMM,0.6776926416792863,0.2825298462452769,0.28923458036151123,0.04883565376070995
6295,MMM,0.6766095208319611,0.28011286587733963,0.28518881885901654,0.0
6296,MMM,0.6756958266061945,0.2785298208872061,0.2815945132313619,0.0
6297,MMM,0.6749394537237854,0.2773525500735048,0.2784530588781486,0.0
6298,MMM,0.6748910459065842,0.2770378784838254,0.27586879387693114,0.0
6299,MMM,0.6745703441176281,0.279262059268696,0.27430394593555496,0.0
6300,MMM,0.67414677571712,0.27973114107595115,0.273158058812547,0.0
6301,MMM,0.6735719328878589,0.28227304682053495,0.27281570461563703,0.0
6302,MMM,0.6727005921782421,0.2825140211980635,0.2725962705466982,0.0
6303,MMM,0.6719381690573276,0.2847569517632371,0.27292752395177095,0.0
6304,MMM,0.6709760636904589,0.2843812005243912,0.273107623924543,0.0
6305,MMM,0.6704673579971299,0.2919574210305782,0.2749635863899655,0.05290668876991078
6306,MMM,0.6699311207714094,0.28948618496350825,0.27588996900524176,0.03905862850078725
6307,MMM,0.6687088211711516,0.28536306610316464,0.27569943709089717,0.046997022792199396
6308,MMM,0.6676166196108944,0.28039122712166825,0.2744236012686736,0.01759876354074607
6309,MMM,0.6670690069174536,0.27653771648257636,0.2725322138439407,0.023424243551301783
6310,MMM,0.6662683391760362,0.2690158791306913,0.26931950954522843,0.05134080616623836
6311,MMM,0.6653092598517265,0.26190576372660906,0.26514278224868426,0.11915077258040617
6312,MMM,0.6644318663183479,0.2568532629415369,0.26065976420861003,0.0
6313,MMM,0.6634940253698514,0.2521431316967881,0.256009073573959,0.0
6314,MMM,0.6627739596429709,0.25191475004358915,0.25223691716265717,0.0
6315,MMM,0.6619268228419548,0.25086250361933826,0.24898143202855405,0.0
6316,MMM,0.6609889213836866,0.24935386010755836,0.24603615885791547,0.0
6317,MMM,0.6602386002170721,0.25131225938862667,0.24412244980611109,0.0
6318,MMM,0.6593006987588041,0.2510061760758759,0.24252232160739395,0.0
6319,MMM,0.6584838168435385,0.2553046391171017,0.24221347689343184,0.0
6320,MMM,0.6573643860707672,0.2532446499432239,0.24150093692573918,0.0
6321,MMM,0.6571283962999621,0.26703444645066277,0.2440467740216477,0.05235741370790776
6322,MMM,0.6571041923913616,0.27936062239020143,0.24886860085000043,0.028091782776590163
6323,MMM,0.6572313256963109,0.2933224905902141,0.2558808117871395,0.027095129552521476
6324,MMM,0.6573220920155134,0.30149846700742516,0.26333798067957276,0.028778612749864364
6325,MMM,0.6570139156089154,0.3097419055300019,0.2711663593147347,0.029549628690294233
6326,MMM,0.6572196466160853,0.3151108258059705,0.2786421948908118,0.04459258655775624
6327,MMM,0.6570502199945267,0.3113485266013848,0.2837727542353014,0.12012629075802203
6328,MMM,0.6570895526386307,0.3094180541367294,0.2874410024210789,0.0
6329,MMM,0.6571591394298404,0.3080593036451264,0.29006858493589394,0.0
6330,MMM,0.6575543913328776,0.3068983334145696,0.29190832428971997,0.0
6331,MMM,0.6595149088528212,0.3272448461222806,0.29797750555988856,0.0
6332,MMM,0.661312049066406,0.3405686205579692,0.3058434197775528,0.0
6333,MMM,0.663218046358921,0.3508947556966214,0.3144693897222792,0.0
6334,MMM,0.6648699631209025,0.35760355390289483,0.3228860500362482,0.0
6335,MMM,0.6670059580548937,0.36786557297917905,0.33193812953360297,0.0
6336,MMM,0.6693355842576885,0.3767214477383837,0.34118081948714535,0.0
6337,MMM,0.6719647319828022,0.38973165412115857,0.3515146884821597,0.13164146696114046
6338,MMM,0.675869122772981,0.4151677759376634,0.3655291944675645,0.06432965004967917
6339,MMM,0.679516346664957,0.43400068650314183,0.3809961835538782,0.041486443166502254
6340,MMM,0.683933556660641,0.4525589776118173,0.3975631075691772,0.041877972853862966
6341,MMM,0.6876730607240742,0.4703143429658062,0.41482855469494595,0.05876888944776722
6342,MMM,0.6916183004112064,0.486441424327806,0.4322849019192012,0.04778456893655885
6343,MMM,0.6953758966525656,0.49827550180302493,0.448923944898735,0.09530146664234365
6344,MMM,0.699339285023941,0.5054601440092575,0.4638585828197377,0.0
6345,MMM,0.7031635027674759,0.508566043242599,0.47650808562684055,0.0
6346,MMM,0.7069453653329103,0.5070242344889548,0.486279308967523,0.0
6347,MMM,0.7111749998381309,0.5022128087433806,0.49300912347086245,0.0
6348,MMM,0.715332021140261,0.49622272030505754,0.4970394865516517,0.0
6349,MMM,0.7193498699679384,0.48751800053552574,0.49829690483808853,0.0
6350,MMM,0.7237912871961238,0.4847546638168831,0.4986784506006479,0.0
6351,MMM,0.7268228267483319,0.48118797034231997,0.49817777612464054,0.0
6352,MMM,0.729957232912092,0.4755272508072347,0.496498170467395,0.0
6353,MMM,0.7329585161012604,0.4674934973832858,0.4933392217499414,0.051021182865971335
6354,MMM,0.7360082045223735,0.4591973274828314,0.4889375043530993,0.0387491594686484
6355,MMM,0.7386585291902235,0.45070160771508483,0.48349648278615076,0.02950889354489633
6356,MMM,0.7411061501860903,0.44095105663597867,0.4769404828745256,0.029451746268454055
6357,MMM,0.742836730020346,0.42815905356364536,0.46880526997243593,0.035288207057334424
6358,MMM,0.7433434402650945,0.4150327944128516,0.4593311599524139,0.06155446495567249
6359,MMM,0.7439016432765149,0.40440805247604483,0.44935116176199774,0.056547938476942436
6360,MMM,0.7441565742677505,0.39578640213453015,0.43941906095757366,0.0
6361,MMM,0.7440114128032087,0.38703931337777153,0.4294969346648492,0.0
6362,MMM,0.7435926825991639,0.3793481971348654,0.4198213899139331,0.0
6363,MMM,0.7428363082394653,0.36880093486043225,0.40969775083119264,0.0
6364,MMM,0.7422796183416549,0.362847843791408,0.4002537107718936,0.0
6365,MMM,0.7417108264895438,0.3571087689551091,0.391401707900929,0.0
6366,MMM,0.7410573209573312,0.34912351885577636,0.3825158009657383,0.0
6367,MMM,0.7406277015796732,0.3443394087567152,0.3743260833465717,0.0
6368,MMM,0.7398935365220494,0.33571338881763363,0.3658252196681232,0.0
6369,MMM,0.7402807964744005,0.3431826164158215,0.36071223566417937,0.11538755358295122
6370,MMM,0.7406559533644843,0.35455891765502917,0.3591923769778042,0.05546048720414625
6371,MMM,0.7410129624936306,0.3632884415795592,0.35994896682182725,0.030066433708864145
6372,MMM,0.7413605317438732,0.3684669599043898,0.36172434915287355,0.03170268775212251
6373,MMM,0.7420019338444961,0.374445244523776,0.3644954764114511,0.024040465939219623
6374,MMM,0.7424557571307548,0.3754426789180699,0.3669377531886342,0.03581386754229519
6375,MMM,0.7428672283781532,0.37456299865224946,0.36869280673658816,0.04550363694004672
6376,MMM,0.743112292214088,0.36921204351868875,0.3688877762150246,0.0
6377,MMM,0.743756722757865,0.3665285450716571,0.3684374027623724,0.0
6378,MMM,0.7445615640263381,0.3643717091460237,0.3675897568268347,0.0
6379,MMM,0.7453179383860367,0.3622093558857461,0.3664230462373995,0.0
6380,MMM,0.7460735239027716,0.3606871357199984,0.3651457249939797,0.0
6381,MMM,0.7470960785313698,0.361808866736846,0.3643773283732559,0.0
6382,MMM,0.7481078019108691,0.36197876306599197,0.3638009999475219,0.0
6383,MMM,0.749336150272343,0.3609582598339392,0.3631093497247382,0.0
6384,MMM,0.7505018710203131,0.36164209031806316,0.3627105442453683,0.0
6385,MMM,0.7515607901749715,0.359553780858744,0.3619196365642885,0.0427665893879633
6386,MMM,0.7526983738791932,0.35555206304347364,0.36038270354726426,0.03165593088957883
6387,MMM,0.754126402640009,0.3580658175700581,0.3597211517356601,0.024090528842549218
6388,MMM,0.7554928955484648,0.3541006087536181,0.3582959527933986,0.04169555024621149
6389,MMM,0.7555594566664383,0.34598984354159656,0.3553231282739297,0.037757819524414225
6390,MMM,0.754905959259317,0.33459088897247524,0.35036922151564187,0.0387136195301998
6391,MMM,0.7539075424897128,0.3206568539099758,0.34325763566226103,0.06868583107666532
6392,MMM,0.7529790794330591,0.3095884951678359,0.3350674195114493,0.0
6393,MMM,0.7520714358151204,0.30381337847442225,0.3272103319409497,0.0
6394,MMM,0.751139589396548,0.29605306613571036,0.31917118298606345,0.0
6395,MMM,0.7501351257123396,0.28815400967034055,0.3109550350387966,0.0
6396,MMM,0.7491488164368705,0.27855391710567545,0.30221293082854206,0.0
6397,MMM,0.7481383032528008,0.27322028422804717,0.29401408814522406,0.0
6398,MMM,0.7471519939773319,0.27040465335141217,0.2868188090221955,0.0
6399,MMM,0.7461354298161127,0.26835427584641525,0.28059929332882494,0.0
6400,MMM,0.7453367008322969,0.27117697228467447,0.27626148224722513,0.0
6401,MMM,0.7428678977231815,0.25228446981798636,0.2685223840149311,0.04776130857817222
6402,MMM,0.739781895683399,0.2289902815145753,0.2570676745432478,0.04273589043780836
6403,MMM,0.7362518127112541,0.20460347578061536,0.2423935940571442,0.037645177991922636
6404,MMM,0.7328895843032133,0.1912184344206542,0.22762991691840573,0.033482518423797826
6405,MMM,0.7301112000699956,0.18859312831670885,0.2152257750043287,0.025036764944632674
6406,MMM,0.7274487738171678,0.18781578559457549,0.20512681724630666,0.03066352828937775
6407,MMM,0.7245140554391964,0.19078279553740307,0.1977180608248657,0.07016528432836305
6408,MMM,0.722647328249741,0.20470712566830657,0.19493732325974122,0.0
6409,MMM,0.7210801273837948,0.21669788160042036,0.195422100638509,0.0
6410,MMM,0.7195250218243467,0.2226983870494275,0.197165764835731,0.0
6411,MMM,0.7185145127028232,0.231640691957951,0.20058125184598008,0.0
6412,MMM,0.7176552739475066,0.24172338131096782,0.20559187230995507,0.0
6413,MMM,0.7164934863346843,0.24886575027600302,0.2112142203817836,0.0
6414,MMM,0.7155011260820652,0.2543314132921007,0.21694709098217313,0.0
6415,MMM,0.7149504871614045,0.2637338189593513,0.22365790503509456,0.0
6416,MMM,0.7146841836570283,0.2721280158523007,0.23092326435812366,0.0
6417,MMM,0.7141592576960321,0.2771812439137341,0.23787735235088403,0.07235270259978782
6418,MMM,0.7134512959547248,0.2797799396236059,0.2440278102050759,0.03252069670086648
6419,MMM,0.7130821881951794,0.28682321292684304,0.2505396370604339,0.029489529591721676
6420,MMM,0.7121261330668165,0.2879712090443917,0.25600849364118117,0.018853051800345837
6421,MMM,0.7123742253459053,0.2851956902751015,0.2597564374478216,0.01882624925540287
6422,MMM,0.7134573554262889,0.2863729371998609,0.26302079694640534,0.025892557216644265
6423,MMM,0.715026919955184,0.2876230385692236,0.26591475080132904,0.04289847680074434
6424,MMM,0.7162855261569869,0.2888275043244356,0.2685020685606898,0.0
6425,MMM,0.7170973446630284,0.28998246255389637,0.27083289098641494,0.0
6426,MMM,0.7180594463366736,0.2932105460851578,0.27342694951134816,0.0
6427,MMM,0.7189428853073672,0.2969635482265449,0.2763502047327181,0.0
6428,MMM,0.7191304655990207,0.30011104934745925,0.27940000152134786,0.0
6429,MMM,0.7193604027307252,0.303191010116333,0.2825357705050895,0.0
6430,MMM,0.7200623160801387,0.30813094095622046,0.2861605861888741,0.0
6431,MMM,0.7206008530464989,0.312878011421736,0.2901330615283359,0.0
6432,MMM,0.7211333390357093,0.3186595099656547,0.29461739845875023,0.0
6433,MMM,0.7218534049472509,0.3243001184450865,0.29947938989235784,0.03872861478662164
6434,MMM,0.722951659146609,0.3332636199075866,0.3053943281523062,0.026153498292961264
6435,MMM,0.7234115363645961,0.3351655249264264,0.31055602310197467,0.021959431337370248
6436,MMM,0.7237565025719241,0.3351877157019314,0.3146903931713084,0.023688018376863854
6437,MMM,0.7243540384121097,0.3366589375685336,0.31833031869423517,0.028570804471892457
6438,MMM,0.7249470315875648,0.3357069362426968,0.32102714995674286,0.02975968035308516
6439,MMM,0.7251164582091234,0.3331328708327015,0.3226029928383154,0.040897495615068225
6440,MMM,0.7257034037313292,0.33232778229869236,0.3236817536207432,0.0
6441,MMM,0.7262237899821735,0.3265426098202862,0.32323757544514564,0.0
6442,MMM,0.7267502235169443,0.32497916673612304,0.32252896562141803,0.0
6443,MMM,0.7267683782950061,0.3162043323781932,0.31997936286479056,0.0
6444,MMM,0.7265747470262025,0.30612969603738044,0.3156632694195161,0.0
6445,MMM,0.726538441163302,0.30055273970499485,0.31095025527459735,0.0
6446,MMM,0.7264718804146506,0.29794334820873386,0.3065902397356778,0.0
6447,MMM,0.726120923739944,0.2929072894281399,0.3019643062495791,0.0
6448,MMM,0.725654998499385,0.28753264815522134,0.29704913410671213,0.0
6449,MMM,0.7247776023807502,0.27805794918137866,0.2909761438087836,0.05156856876181098
6450,MMM,0.7237519595378714,0.27127870965220396,0.28458595066561193,0.022543183681854973
6451,MMM,0.7225599129767526,0.26482905339573143,0.2780164661294721,0.014396863039585707
6452,MMM,0.7210774254215857,0.2581356903085982,0.2712484817797931,0.014466053750319535
6453,MMM,0.7193649977801357,0.2513275313547515,0.2642957589158462,0.013457120946188873
6454,MMM,0.717359097377583,0.24707489329664212,0.25777267714911634,0.01593133825579192
6455,MMM,0.7156345651965763,0.24372178146968249,0.25179656042271636,0.03760066451419797
6456,MMM,0.7139402915945436,0.2411116657837437,0.24642589918456426,0.0
6457,MMM,0.7121250002961204,0.23982176206974914,0.2418379104119039,0.0
6458,MMM,0.7104307266940879,0.23958091222225064,0.2381130982433297,0.0
6459,MMM,0.7086577892811372,0.23750837144422993,0.23466494821823802,0.0
6460,MMM,0.7069635156791041,0.23933705179383521,0.23231962708310055,0.0
6461,MMM,0.7055959948431783,0.2414565160041287,0.23092227303439067,0.0
6462,MMM,0.7039017212411454,0.2422743873129482,0.2299891916460569,0.0
6463,MMM,0.7025281494280691,0.2410006340495267,0.22895491602315748,0.0
6464,MMM,0.7012574442265445,0.23916519687557425,0.22771276990381253,0.0
6465,MMM,0.6998990024415999,0.23952272001191227,0.22679983703453643,0.07496258565449868
6466,MMM,0.6988340348950475,0.2465527980208223,0.22765796977260044,0.03126546385818502
6467,MMM,0.6981926302091681,0.25585273229569827,0.23044583964489207,0.016683934826128823
6468,MMM,0.697454412104821,0.26071558421759755,0.23377491969719544,0.018937001621731078
6469,MMM,0.6971397679408169,0.26576553777902157,0.23757924438477032,0.020009693783875848
6470,MMM,0.6968099907941026,0.2702846531733649,0.24164381941188906,0.023955453461867476
6471,MMM,0.6967434296761288,0.27654998979338985,0.24631116157054203,0.03748861334613244
6472,MMM,0.6968160395553187,0.28172145253778347,0.25121355151186575,0.0
6473,MMM,0.6971125389129633,0.287216519870369,0.25637709965080163,0.0
6474,MMM,0.6969068053205372,0.2848449250384133,0.25997206520837735,0.0
6475,MMM,0.6968220923790804,0.28430604949975186,0.26272627620403344,0.0
6476,MMM,0.6966405630645769,0.28202159342736977,0.26441346145760236,0.0
6477,MMM,0.6964287788643231,0.280077902139599,0.2653240235156838,0.0
6478,MMM,0.696331963229921,0.28054841730296887,0.26615878826576556,0.0
6479,MMM,0.696338014207071,0.2800716092056606,0.2667188630443341,0.0
6480,MMM,0.6958539360350617,0.27549332763808554,0.2661324387163352,0.0
6481,MMM,0.6950915084822793,0.26810792942117545,0.26399453395622097,0.045711799436674264
6482,MMM,0.694707271433247,0.26670936614682217,0.261968198229699,0.025994336043696414
6483,MMM,0.6943986697519795,0.26452741172538563,0.2598541068333607,0.0547554740065495
6484,MMM,0.6941566336205531,0.2626863725522224,0.2577468422973203,0.02462622552275294
6485,MMM,0.6937663430091146,0.2606020304408268,0.25559006381173827,0.024018268236799895
6486,MMM,0.6928163351646779,0.25728832520725775,0.2531158938144932,0.028712964225686876
6487,MMM,0.6916182442742114,0.2547315795518118,0.25055884916787663,0.039575551592242374
6488,MMM,0.6906803417079761,0.25412515884180065,0.24837618985253757,0.0
6489,MMM,0.6896274694679219,0.2532828069190908,0.2464397290403314,0.0
6490,MMM,0.6884838358945169,0.2519995736609687,0.2446006078291562,0.0
6491,MMM,0.6875277859366666,0.25667222499480796,0.24418511830149647,0.0
6492,MMM,0.6865777825240984,0.26091086456740664,0.2448104671316139,0.0
6493,MMM,0.6853312812311747,0.2615735501007479,0.24546048309395732,0.0
6494,MMM,0.6845628071331098,0.2627031678179299,0.24623573827470185,0.0
6495,MMM,0.6836309566519916,0.2627690256796546,0.24687082331143087,0.0
6496,MMM,0.6827475139880748,0.2619121581396458,0.24718527810920374,0.0
6497,MMM,0.6816855682368739,0.2587040544993672,0.24671195591296116,0.036204334573689
6498,MMM,0.6802756900069136,0.25333616498062567,0.24512039839243996,0.01390851358635172
6499,MMM,0.6791320532942686,0.25249116885947365,0.24365622154707275,0.012471802719100474
6500,MMM,0.67837568207381,0.25360563824929894,0.24273669964617411,0.011021277324279505
6501,MMM,0.6779188395774558,0.25531285080043425,0.2423868347927433,0.014807166315695015
6502,MMM,0.6770747302962874,0.25551701147262845,0.2421530739695448,0.013850894018368599
6503,MMM,0.676548298238806,0.25936691608984347,0.2428359692804173,0.029226817422126506
6504,MMM,0.6762275934952711,0.26532093815284674,0.24472762468466955,0.0
6505,MMM,0.6759250446377651,0.26957949184166047,0.24720318914809214,0.0
6506,MMM,0.6754712213515066,0.26891936464716054,0.24903448188921729,0.0
6507,MMM,0.675253384696813,0.2717623111950165,0.251141893162267,0.0
6508,MMM,0.6748056123877044,0.2718276554230985,0.2528425870149143,0.0
6509,MMM,0.6744486047358476,0.27263804918784,0.2543862543615799,0.0
6510,MMM,0.6745756752559999,0.2795127134788485,0.2571745508153552,0.0
6511,MMM,0.6743336361699954,0.2848621072168216,0.2606139085336603,0.0
6512,MMM,0.6739826794952886,0.2877158994808,0.26401022242878003,0.0
6513,MMM,0.6734138894897892,0.28380053447270914,0.2658425784937099,0.09179918872120572
6514,MMM,0.6734713745113599,0.29025443193031486,0.26876675168650505,0.019587819365015833
6515,MMM,0.6733806080074967,0.29200837411712055,0.27150240168794765,0.020608559457667625
6516,MMM,0.6736468539566802,0.2973650811923357,0.2749012947271698,0.015204009282890237
6517,MMM,0.6739705834501457,0.299462305654815,0.27809428684282606,0.018106004655613864
6518,MMM,0.6742973367702354,0.297830778813078,0.28028002940838176,0.020419760914214737
6519,MMM,0.6741702668040663,0.29276521134612477,0.28088403478005197,0.045231006648093805
6520,MMM,0.6738979719090057,0.2879889050630871,0.28028801031513384,0.0
6521,MMM,0.673640803533514,0.284910353913845,0.27911557770051554,0.0
6522,MMM,0.6735439858678391,0.2833741255993899,0.2778305136301776,0.0
6523,MMM,0.6731930280851652,0.28182414957122726,0.27645223803499946,0.0
6524,MMM,0.6724911147357517,0.27815599092030724,0.27452077994125185,0.0
6525,MMM,0.6718860170207401,0.2761462474055754,0.2725215025116118,0.0
6526,MMM,0.6718013033406387,0.2781150790070829,0.2713669472842425,0.0
6527,MMM,0.6715653152317842,0.2806993366766507,0.2710272282195404,0.0
6528,MMM,0.6715290093688835,0.28338213634279963,0.27136164411036867,0.0
6529,MMM,0.6710449304582298,0.27955924215604777,0.27076537598679734,0.03512703756902098
6530,MMM,0.670034417089499,0.275021574173313,0.26926305416669083,0.028930808698901748
6531,MMM,0.6696592576141589,0.28077808578505925,0.2693619074551638,0.03654296760847504
6532,MMM,0.6694444484793132,0.2863438156553967,0.2706985928029912,0.024040465939219623
6533,MMM,0.6697348927972624,0.2919622691175023,0.2730374569406581,0.026214187755959878
6534,MMM,0.6696047990044689,0.29963887800312905,0.2766431139622428,0.02980230466464644
6535,MMM,0.6699013002087257,0.30848626424411973,0.28152674791474447,0.05779951106018234
6536,MMM,0.6699739089799484,0.3159364813113788,0.28711706649711033,0.0
6537,MMM,0.6701977921799238,0.32167590023276454,0.2928861699341644,0.0
6538,MMM,0.6705971566718316,0.3252126405655812,0.298300595717276,0.0
6539,MMM,0.6714321929958369,0.33025948838064456,0.3037724952315695,0.0
6540,MMM,0.6725818786543589,0.3375830372851194,0.3098048049990617,0.0
6541,MMM,0.6735681879298279,0.3410285448005999,0.3154091813643914,0.0
6542,MMM,0.6745847520910477,0.34440695891007606,0.32065605093884425,0.0
6543,MMM,0.6756860299323686,0.34725158252200644,0.325496302619034,0.0
6544,MMM,0.6770111939282439,0.3495570320439623,0.32988943107434204,0.0
6545,MMM,0.6784815769438546,0.35353878910864334,0.33430363048571815,0.04806133177949417
6546,MMM,0.679001961717409,0.34541839231376165,0.33600014834792724,0.04635482436953507
6547,MMM,0.679219798741425,0.3349037708182592,0.3349815346924759,0.03208677884771491
6548,MMM,0.6796736194424271,0.3301593838120782,0.3330946273158784,0.019512606937136225
6549,MMM,0.6808233014077261,0.33016703030926914,0.3315868291764335,0.0215539690495546
6550,MMM,0.6825659811650091,0.33673119124649253,0.3318637935550851,0.025688645343884327
6551,MMM,0.6842178953417342,0.34915428797999715,0.3348924219167093,0.08206856610517106
6552,MMM,0.684118053664774,0.3335302204006294,0.3337849934011313,0.0
6553,MMM,0.6855763398965968,0.344809548453392,0.33544766756004585,0.0
6554,MMM,0.6867018186919398,0.351449049329914,0.33827803318933125,0.0
6555,MMM,0.6879241145989736,0.36031019565307915,0.34254454318297095,0.0
6556,MMM,0.688922525828743,0.3639044713676521,0.3467698946001786,0.0
6557,MMM,0.6899451409671127,0.3664303890497932,0.350720918657893,0.0
6558,MMM,0.6911795403057368,0.3700384742680124,0.3546970016483508,0.0
6559,MMM,0.6921537476269051,0.370822957021429,0.35805512559096797,0.0
6560,MMM,0.6928012021819678,0.3695633652443179,0.3604570140869502,0.0
6561,MMM,0.6936301860515337,0.3685760856658275,0.3621554444415799,0.03581835431193321
6562,MMM,0.694489423698883,0.36861029412421664,0.36352191828658437,0.024543928721760658
6563,MMM,0.6957026427708699,0.373738852019219,0.3657739190254343,0.034552258763812314
6564,MMM,0.6973031225338524,0.38319869960683234,0.3697130164599123,0.025981702244978803
6565,MMM,0.6993029752831561,0.39824645448212065,0.3762644050592002,0.039021199396175266
6566,MMM,0.7021106283114877,0.4101071648804136,0.3841854989723958,0.045475771739136854
6567,MMM,0.7052238586404791,0.4189816185726525,0.39252759845549684,0.08880120009280529
6568,MMM,0.7080738714634403,0.4246182515896625,0.4004749016569107,0.0
6569,MMM,0.7107363058413596,0.42893785981419047,0.4078087799161998,0.0
6570,MMM,0.7127210281932093,0.4278376895714753,0.41342729390745897,0.0
6571,MMM,0.7139977858491731,0.42285797089490773,0.41679691435573263,0.0
6572,MMM,0.7169022548812289,0.4165778200738369,0.418073581239323,0.0
6573,MMM,0.7183000306029059,0.4121838143851139,0.4181020685927523,0.0
6574,MMM,0.7200124571363886,0.4103801694538429,0.4177173164605218,0.0
6575,MMM,0.7215191504467677,0.4089442126312407,0.417085053589043,0.0
6576,MMM,0.723292086751752,0.4078126947179641,0.416323571522788,0.0
6577,MMM,0.7264053185580326,0.42574842125965773,0.4197670472379352,0.06703800589065624
6578,MMM,0.7285715676391291,0.42689639833841736,0.42278121860461026,0.04391130601008697
6579,MMM,0.7306150392029058,0.4233088717319782,0.4243819372682294,0.028352133488481104
6580,MMM,0.7323062851004292,0.4128716187636038,0.4233041660347681,0.01769770861855315
6581,MMM,0.7340247603951282,0.40459877413587764,0.42057266107967695,0.022319907855920383
6582,MMM,0.73540438244671,0.3935559167365536,0.41589227179527644,0.027472726639427254
6583,MMM,0.7362545439976567,0.38197391130274316,0.40953095202531675,0.03887183719638296
6584,MMM,0.7366932435342632,0.37222660891169723,0.40223944760755675,0.0
6585,MMM,0.7364602805446614,0.36252253288698666,0.3942135626713701,0.0
6586,MMM,0.7364663311524893,0.35889541294087046,0.3869732899922658,0.0
6587,MMM,0.7362273131231918,0.3526330125371717,0.3797660531638476,0.0
6588,MMM,0.7360094779457877,0.3474763680497575,0.3728350957412395,0.0
6589,MMM,0.7360699877172887,0.3482918752449019,0.367474597471236,0.0
6590,MMM,0.7360760386944387,0.3445684660745795,0.3623448771241448,0.0
6591,MMM,0.7362091601917413,0.3403418810145292,0.3572860841677634,0.0
6592,MMM,0.7362152111688915,0.33373270567368996,0.351745675697244,0.0
6593,MMM,0.7359792234293594,0.3264832345695945,0.3456752969905205,0.026130237934574634
6594,MMM,0.7362152156007595,0.33032559475353623,0.34168719329455993,0.0394975054151177
6595,MMM,0.7365994567123375,0.3363947966234415,0.339868074909865,0.03167978161239152
6596,MMM,0.7391971296209341,0.3030922042072149,0.3151560325501118,0.0
6597,MMM,0.7387070004717748,0.29665084123555696,0.30966281355535274,0.0
6598,MMM,0.7379385263737099,0.29314303975396977,0.30447563419497337,0.0
6599,MMM,0.7374543876919291,0.29188504280623817,0.300041640407722,0.0
6600,MMM,0.7368674429083679,0.2916071461884701,0.29643165333631893,0.0
6601,MMM,0.7361957844447051,0.2874074270316661,0.29259471747708415,0.0
6602,MMM,0.7355846357525433,0.28753213321985777,0.2895533467366604,0.0
6603,MMM,0.734326034721253,0.27864726141181667,0.28511267176974475,0.05238539698170284
6604,MMM,0.7331097875754347,0.2730759765018734,0.28030127389196147,0.021747726654186363
6605,MMM,0.7318995965772794,0.26724243765106526,0.2751340401799508,0.018112498664300487
6606,MMM,0.7310161561292965,0.2661397640999393,0.27075109895991684,0.01213305161142922
6607,MMM,0.7300752336143213,0.265435745078741,0.2670856695905793,0.02183203069422724
6608,MMM,0.7287621726807134,0.26283846527142996,0.263566458564937,0.01699505687866063
6609,MMM,0.7275701294434958,0.2596286465121025,0.26002581617078485,0.04241024542039556
6610,MMM,0.7260755351328381,0.25774646908149085,0.2567680154546572,0.0
6611,MMM,0.7244599227564681,0.25559768977401365,0.2536762481389242,0.0
6612,MMM,0.7228412904313573,0.25202489468521844,0.25039554451198587,0.0
6613,MMM,0.7216431991715684,0.2509189252741407,0.24752108264502598,0.0
6614,MMM,0.7206326859874987,0.250518630503181,0.24513106467420404,0.0
6615,MMM,0.7196403257348798,0.2510299556819542,0.24333458661517265,0.0
6616,MMM,0.7187387301395125,0.2516298723572834,0.242032958148912,0.0
6617,MMM,0.7178371345441452,0.25176109287590875,0.2410213052663222,0.0
6618,MMM,0.7168750291772767,0.25302886749166725,0.24049844256905759,0.0
6619,MMM,0.7155438160508629,0.250568354639546,0.2395241880147967,0.03214864903956564
6620,MMM,0.7137058358040604,0.24240356692370885,0.23689991236811503,0.024856113430259365
6621,MMM,0.7122233460329597,0.237787326200462,0.23375743065100735,0.02567459467054418
6622,MMM,0.7106773239563613,0.2372214919120224,0.23111559237121201,0.013780050287241812
6623,MMM,0.7099723799478601,0.2406765525192738,0.2297828088645148,0.02110647281460373
6624,MMM,0.7092220554573447,0.2445419614898984,0.22958998930981622,0.026456945607954335
6625,MMM,0.7086835096272481,0.24952600461675625,0.23056190154057654,0.04241673942908218
6626,MMM,0.7082417860793562,0.2585173553095177,0.23337106910218527,0.0
6627,MMM,0.7075005413784665,0.2614256897938973,0.23627555494195637,0.0
6628,MMM,0.7068107321992874,0.2624569633294833,0.2388321646964682,0.0
6629,MMM,0.7063327086976519,0.2651934654123273,0.2414957779550977,0.0
6630,MMM,0.7058486305256422,0.26781807078066966,0.24421971043059787,0.0
6631,MMM,0.7055158267823858,0.2712990905348936,0.2471854091189087,0.0
6632,MMM,0.7052314308563306,0.2726665317235941,0.2498669478070541,0.0
6633,MMM,0.7047473526843211,0.2722739071157656,0.2519234633895794,0.0
6634,MMM,0.7045113645754666,0.27581947584971506,0.25436981370762923,0.0
6635,MMM,0.7053524503993327,0.2948949349589053,0.2606370832388657,0.14201594102023238
6636,MMM,0.7069801632527142,0.3210503390245794,0.2715608348443649,0.05360851399960682
6637,MMM,0.7084929056936313,0.33873017042401615,0.28429467679169285,0.06145138732688302
6638,MMM,0.7101357496831116,0.354659550334843,0.2980810683048744,0.035500738250714786
6639,MMM,0.7120508798885774,0.36651226820429605,0.31178835859988097,0.03271882300225106
6640,MMM,0.7141399793803327,0.3707859689851243,0.3237198535322503,0.038203072374546086
6641,MMM,0.7163727914260152,0.3765549014536647,0.3345685667734378,0.06380883055301208
6642,MMM,0.7185541661033756,0.3817915117632851,0.34443077397810407,0.0
6643,MMM,0.7202998759657631,0.38176998117009825,0.35231567480352305,0.0
6644,MMM,0.722012367071563,0.3808175680740344,0.3584083932666143,0.0
6645,MMM,0.7237368999912142,0.38065017547048396,0.3632447448947604,0.0
6646,MMM,0.7251225737585907,0.3791526348990861,0.36677544989527266,0.0
6647,MMM,0.7268289493149238,0.3771612903874774,0.3691500602819208,0.0
6648,MMM,0.7284687641226053,0.37206086707498304,0.3698972840690069,0.0
6649,MMM,0.7301327828388868,0.36909846502401694,0.36982569448843444,0.0
6650,MMM,0.7318512603495206,0.3668709176389197,0.3692650980652986,0.0
6651,MMM,0.7334487186864733,0.3636506952737829,0.3680889966097204,0.032166478045232545
6652,MMM,0.7346891734341152,0.3534913519329401,0.36485256426212015,0.018245684878818846
6653,MMM,0.7362079731306623,0.3472197509484196,0.36084632078460105,0.028862326425479184
6654,MMM,0.7373969860781147,0.34047938454538823,0.35611830866257177,0.015778197723672848
6655,MMM,0.7376511260104526,0.337079069358608,0.35156758183182474,0.021900985259190646
6656,MMM,0.7370823326810523,0.3331024196578215,0.34702845775287666,0.020593918419901422
6657,MMM,0.7370097239098299,0.3342979093141917,0.34366728497359017,0.040933862063713314
6658,MMM,0.7369643378879804,0.3377610710763944,0.34176086436118225,0.0
6659,MMM,0.7367495304150851,0.337560216285726,0.34019034379111524,0.0
6660,MMM,0.737018795205042,0.33980367011529405,0.33944084622932474,0.0
6661,MMM,0.7369824882341742,0.33986355339501223,0.3388547790872547,0.0
6662,MMM,0.7369038255312228,0.34042559956194535,0.3385129223359215,0.0
6663,MMM,0.7370853548457266,0.3410204939114384,0.3383738560977875,0.0
6664,MMM,0.737260772673308,0.3409259862048889,0.3382412486486005,0.0
6665,MMM,0.7373454863534099,0.34055806008905976,0.3380520280611394,0.0
6666,MMM,0.7374180980792113,0.3391832069735869,0.33758999709412474,0.0
6667,MMM,0.7367918204668849,0.3275165313127391,0.33458423234393847,0.03976328747972836
6668,MMM,0.7367040809288858,0.32328197587657515,0.33122280292128925,0.03262542735004891
6669,MMM,0.7364620459054272,0.3192960176261625,0.32763301345845863,0.024790582978967086
6670,MMM,0.7357782899193317,0.3103703231101974,0.3227443794316735,0.019060742005432535
6671,MMM,0.7351883159539718,0.3039184715757389,0.31737564615530606,0.028374449263786045
6672,MMM,0.7350430891784683,0.2984159822431924,0.31183734631270205,0.0296620340770154
6673,MMM,0.7343835256519813,0.2888941912172724,0.305255213185382,0.10466110425304437
6674,MMM,0.7340113946197946,0.2844780984324935,0.2989916698473408,0.0
6675,MMM,0.7334547058299508,0.2808363270423619,0.2931579598843952,0.0
6676,MMM,0.7326317744148245,0.27341547945167677,0.2868142166643827,0.0
6677,MMM,0.7314941896026355,0.26798834916082037,0.2805129365950838,0.0
6678,MMM,0.7302295353782615,0.2651590885167546,0.27483262785351936,0.0
6679,MMM,0.7292492770799428,0.26501725170633983,0.270256332169025,0.0
6680,MMM,0.7279664699241177,0.2637064052151209,0.2662991037207451,0.0
6681,MMM,0.7267623254712445,0.26299986794615066,0.26297367555893897,0.0
6682,MMM,0.7254008556124685,0.26153521684486425,0.25998238825721487,0.0
6683,MMM,0.7230742589607941,0.2473184427353846,0.2543770117579353,0.08803289982873529
6684,MMM,0.721104665159787,0.24191125398246816,0.2486709309490654,0.04222132880405746
6685,MMM,0.7182728111774332,0.22589176958514462,0.24048638881615267,0.0456202929506355
6686,MMM,0.7160521014553736,0.22250399774253343,0.23317327220402856,0.02953404306944634
6687,MMM,0.7143131749363285,0.21763992788750788,0.22622371956216825,0.020638313824740875
6688,MMM,0.7125735190056699,0.21997653080692908,0.22119204381582072,0.03390580971728038
6689,MMM,0.7107945302462462,0.22174062321848037,0.21756530815674302,0.057867875260719695
6690,MMM,0.7103891103453206,0.23853132258444326,0.21845785674747253,0.0
6691,MMM,0.7090972300476717,0.24007462145939568,0.21952061122494074,0.0
6692,MMM,0.7076994532180279,0.24001410527366213,0.22035714089147618,0.0
6693,MMM,0.7069672875681201,0.2451614987678675,0.22218944227935913,0.0
6694,MMM,0.7057389392066467,0.24547602376361682,0.2237263517847276,0.0
6695,MMM,0.7042322458962675,0.241911984197067,0.22415056796590593,0.0
6696,MMM,0.7033427522552005,0.24402718931991044,0.22496788140950283,0.0
6697,MMM,0.7022693089087699,0.24371447281177727,0.22555107240556052,0.0
6698,MMM,0.7013193054962017,0.24697517077615141,0.22675439517058776,0.0
6699,MMM,0.7005084708648623,0.25384836951602296,0.22927008481091285,0.030108231510228952
6700,MMM,0.6997521005677099,0.2589578984600087,0.2324371585054637,0.018792362337347223
6701,MMM,0.6989957276853005,0.263335646072018,0.23595999002601076,0.018599195097141516
6702,MMM,0.6985903103696309,0.27098616462586167,0.24050692572130591,0.024338718047263397
6703,MMM,0.6989624395552057,0.2751811492675076,0.24509235069379237,0.017675865134789054
6704,MMM,0.6986931758732162,0.2744960119802481,0.24860588069463885,0.019109742252795228
6705,MMM,0.6993285210875315,0.27504207332884467,0.2515400898131117,0.05858280658067419
6706,MMM,0.6993890319669995,0.27566125642930867,0.25402736442779866,0.0
6707,MMM,0.699666648981581,0.27650770258334323,0.2562084425902158,0.0
6708,MMM,0.6997211081452546,0.2793819984969742,0.25860276573624047,0.0
6709,MMM,0.6996000860169957,0.27832253256740286,0.26027883296697735,0.0
6710,MMM,0.6984564513356237,0.2772922011326368,0.2613868785409621,0.0
6711,MMM,0.6981175966152173,0.276207892739178,0.26202831044306557,0.0
6712,MMM,0.6978029458034112,0.2740311139132908,0.2620496025996686,0.0
6713,MMM,0.6970810037196309,0.2711728582653815,0.2614208000819834,0.0
6714,MMM,0.6970810037196309,0.2754830051993408,0.2618916559431015,0.0
6715,MMM,0.6974864147568207,0.2806399154131519,0.2634335686339927,0.034124126482036096
6716,MMM,0.6978192177614326,0.2880839460125572,0.26634911234570013,0.023992882566479464
6717,MMM,0.6979850126887339,0.28900031126385844,0.2688886043330481,0.030431633142822736
6718,MMM,0.6976401058832102,0.2852347168981807,0.2700693442494812,0.02778101494271399
6719,MMM,0.696938199550921,0.2809429553042549,0.27004419256100265,0.04006059500469045
6720,MMM,0.6964299196862451,0.2798296012936344,0.269772503659977,0.05456596702578535
6721,MMM,0.6962544454114377,0.28396400758884677,0.27048934099446664,0.04213348257746024
6722,MMM,0.6958308788575411,0.28755842390213693,0.27187498605329247,0.0
6723,MMM,0.6955585867323977,0.2906003129725121,0.2736708311747039,0.0
6724,MMM,0.6955827865784523,0.293174644925844,0.2756891896269812,0.0
6725,MMM,0.6955283318466472,0.29491059609128456,0.2776961226805172,0.0
6726,MMM,0.695522280869497,0.29694390607745186,0.27976110503252205,0.0
6727,MMM,0.6955706886866979,0.2994526522706941,0.28197995385977886,0.0
6728,MMM,0.6954133632807948,0.3003573159492943,0.28395944591444017,0.0
6729,MMM,0.6956675043210996,0.3035367022095065,0.28626143676617977,0.0
6730,MMM,0.6956433004124993,0.30146700711484314,0.2876353721528142,0.0
6731,MMM,0.6956587303303678,0.29987285344914644,0.28837431397922025,0.03894020139692031
6732,MMM,0.6959037941663027,0.3003872024163672,0.2890816869971252,0.018541811674928816
6733,MMM,0.6960932498915506,0.29852330464484617,0.28922642898518075,0.03263558161817708
6734,MMM,0.6958844930264834,0.2974737201264479,0.2891050640406512,0.017642450508274253
6735,MMM,0.6954911832049491,0.2954802147678272,0.28855753021776875,0.018420196603161167
6736,MMM,0.6950615689978035,0.2966217005296415,0.28837742721057075,0.018989662128535326
6737,MMM,0.6951886435805017,0.3006489834370808,0.289143328229217,0.04984730224120047
6738,MMM,0.6951946956656185,0.2974170301117185,0.28902577406168956,0.0
6739,MMM,0.6953883236105214,0.2961493574742804,0.2886452941613392,0.0
6740,MMM,0.6958656206255767,0.30138298094553356,0.2895234719626648,0.0
6741,MMM,0.6957566997129738,0.30166625855596707,0.2902900221058082,0.0
6742,MMM,0.6956477821242715,0.3020417223910385,0.2909881000313808,0.0
6743,MMM,0.6955509664898698,0.30257367790914275,0.29166676021120636,0.0
6744,MMM,0.6955146606269691,0.3039305370888974,0.29251627703810845,0.0
6745,MMM,0.6955086096498191,0.30503277754255276,0.29344494688965467,0.0
6746,MMM,0.6955449155127196,0.3070740516273575,0.2946491182054344,0.0
6747,MMM,0.6953815402376333,0.3065516321040288,0.29549441212134764,0.05185524972710405
6748,MMM,0.6950910966583286,0.3031411424483226,0.29540003115207486,0.027897434807532342
6749,MMM,0.6946917332743883,0.301314147249686,0.29491170825947016,0.030685962137567902
6750,MMM,0.694770399670563,0.3023424787008811,0.2947534062503415,0.025904718723821028
6751,MMM,0.6947126099580654,0.30116879552040415,0.2943615654344696,0.02849476553381637
6752,MMM,0.6946400011868423,0.30178095499193164,0.2941864130798453,0.033450048380364715
6753,MMM,0.6946884101120103,0.30174867511200115,0.2940389974061754,0.07093039662453236
6754,MMM,0.6949153199085283,0.30470939082166804,0.2945900524407706,0.0
6755,MMM,0.6950302892130249,0.30413735984676393,0.2949016433920246,0.0
6756,MMM,0.6950121318497067,0.3043458182109778,0.295198018296203,0.0
6757,MMM,0.6940863301298046,0.2942723852495865,0.29315897888878645,0.0
6758,MMM,0.693735373455098,0.2884773185902902,0.29021832492482724,0.0
6759,MMM,0.6933783658032413,0.28521484098118216,0.2871286296664207,0.0
6760,MMM,0.6925380060966333,0.28193723442654084,0.2839162829163955,0.0
6761,MMM,0.6921114122075498,0.2818284667014942,0.28132182893976576,0.0
6762,MMM,0.6916454869669908,0.28154730302132003,0.27918273550881645,0.0
6763,MMM,0.6909012171468489,0.2777253060877684,0.27660786266638354,0.04148242868840507
6764,MMM,0.690441338451572,0.28011565656554116,0.2750880752719766,0.02610709564907322
6765,MMM,0.6899270031778781,0.28150213631210824,0.27418552694521603,0.027616185194959
6766,MMM,0.6893703095868442,0.2834144252476363,0.27389557892009947,0.015995806051117296
6767,MMM,0.6888801819149739,0.2840346428007398,0.27380376155933095,0.02106066053514174
6768,MMM,0.6883113885855738,0.28062485987382735,0.2729598512573918,0.02828849220335221
6769,MMM,0.6875368642490034,0.27604452346646763,0.2712497745643187,0.04999087886961743
6770,MMM,0.6867199786405145,0.27458377323522176,0.2695516498574264,0.0
6771,MMM,0.6861935465830329,0.2760265409684475,0.26851915021474376,0.0
6772,MMM,0.6851134449458032,0.2708732230559004,0.26652873419588685,0.0
6773,MMM,0.6842300015432414,0.2695537837027141,0.2646382678827328,0.0
6774,MMM,0.6831650295648213,0.2692166013356136,0.2630497068980328,0.0
6775,MMM,0.6823239437409552,0.2697413808629619,0.26189743450093855,0.0
6776,MMM,0.6815615206200403,0.2723522230450623,0.26156554859550374,0.0
6777,MMM,0.6814223481455877,0.2736457132588147,0.26159231003970296,0.0
6778,MMM,0.6810592895165808,0.2737152598806316,0.26162943357980545,0.0
6779,MMM,0.6809564247516402,0.2790232467076645,0.26285849688182217,0.0540874176220239
6780,MMM,0.6804602451793145,0.27677552014637796,0.26333386318544016,0.02788987814287882
6781,MMM,0.680103237158135,0.27956897826777627,0.26434535116687374,0.0229828871063819
6782,MMM,0.6799035556508259,0.28388956838912205,0.26613079911436077,0.02189035869952163
6783,MMM,0.6793498906876068,0.2784663520042731,0.2663337563444445,0.045726440474440466
6784,MMM,0.6780852386791665,0.26918976754695956,0.26440003444724847,0.056695411510571364
6785,MMM,0.6760642145269615,0.25049189803489824,0.2586281857896405,0.11522567565732651
6786,MMM,0.674025038920596,0.23675636594979244,0.25090709909372605,0.0
6787,MMM,0.6722278961217547,0.2291903105147849,0.2430206440952048,0.0
6788,MMM,0.6705336206731105,0.22149705996544053,0.23497315412312103,0.0
6789,MMM,0.6691055882190715,0.21813052262671512,0.2277744772752105,0.0
6790,MMM,0.6676109968629929,0.2173067774224007,0.22182940671206555,0.0
6791,MMM,0.6659590801010111,0.2175991877015171,0.21713942173287087,0.0
6792,MMM,0.6646823239223365,0.21770020887838493,0.21341025995730242,0.0
6793,MMM,0.6633148030864102,0.2197752052564093,0.21089578568139536,0.0
6794,MMM,0.6619775371362342,0.22310748232354288,0.20963714986217674,0.0
6795,MMM,0.6607854950069838,0.22915773507259843,0.20999732413631966,0.049022917356655094
6796,MMM,0.6597144733440414,0.23833105288899162,0.21235821765599616,0.03468745221737927
6797,MMM,0.6585526877624919,0.24382562831431298,0.21548845750886536,0.02625858316079933
6798,MMM,0.6578084155417547,0.253635985147372,0.22020934543927978,0.029633814657449898
6799,MMM,0.656951112220139,0.26515048455368784,0.22658781082314655,0.023607728814920164
6800,MMM,0.6567695810590239,0.277812173402298,0.2345515509941863,0.03308839113296247
6801,MMM,0.6560706939368302,0.2847044412806815,0.24247988332042958,0.060558992460455915
6802,MMM,0.6551811995571184,0.28938864301930395,0.24988096649073216,0.0
6803,MMM,0.6547606568298463,0.2910498754166207,0.25617719626327673,0.0
6804,MMM,0.6545730787541268,0.2905893875133138,0.26111013068404404,0.0
6805,MMM,0.6549119334745335,0.2862582108954804,0.2640778285898816,0.0
6806,MMM,0.6552568391720899,0.2834595862712846,0.2658196245805213,0.0
6807,MMM,0.6555412350981455,0.2830446545609708,0.2671193056108173,0.0
6808,MMM,0.6560979249959564,0.2843249274932207,0.26844833409697644,0.0
6809,MMM,0.6562915562647598,0.2819602534842643,0.26897724772468345,0.0
6810,MMM,0.6564367797163626,0.28048568120809547,0.26906719211866476,0.0
6811,MMM,0.6575441076115283,0.293626806196659,0.2721084463378302,0.1207950555798589
6812,MMM,0.6596649776879,0.31775937769766793,0.27999431720692913,0.028876731317474966
6813,MMM,0.6622910995551168,0.3449156567927476,0.29243910228064823,0.057125669104281386
6814,MMM,0.6647024154267274,0.3633291231684437,0.306555539259539,0.041823187035124915
6815,MMM,0.6668021052364626,0.37503708717299183,0.32049415811375354,0.022957265290291046
6816,MMM,0.6685614229649743,0.3819999295132458,0.3332183400165512,0.028999881336750365
6817,MMM,0.6703948636862858,0.3852100509432884,0.34412302750229246,0.13083668217554015
6818,MMM,0.6721557000682425,0.39055694540476105,0.35405493332294613,0.0
6819,MMM,0.6732860216322598,0.38778766541132326,0.36137472620211897,0.0
6820,MMM,0.6746172378979134,0.39080050468130034,0.3679113256414277,0.0
6821,MMM,0.67559144484976,0.38362134882842047,0.3715184413227204,0.0
6822,MMM,0.6767229775768315,0.3784558427969271,0.37323696360051595,0.0
6823,MMM,0.6777758476009521,0.3702339744765274,0.3727540117896878,0.0
6824,MMM,0.6792704389570305,0.3675917038979838,0.3717706169354939,0.0
6825,MMM,0.6809768145133632,0.36377270206535856,0.37012097971153957,0.0
6826,MMM,0.6826347822524952,0.35978363956872766,0.3678999225887011,0.0
6827,MMM,0.6838177519785664,0.3506155261855876,0.36405149875612325,0.033945954498252225
6828,MMM,0.6848887764114264,0.3426297436255151,0.3591683347396455,0.017760287247715143
6829,MMM,0.6865328853299066,0.340726922958685,0.3548318522898041,0.017336877881347378
6830,MMM,0.688257410863111,0.3401212435757338,0.35122581023820443,0.015297523007977595
6831,MMM,0.6888988175802628,0.33741408777799353,0.34772928207239207,0.05000020662754912
6832,MMM,0.6887142579759942,0.33654443351057084,0.3447355570872188,0.018648785708930266
6833,MMM,0.688018399296954,0.3364160882909743,0.3423115768959361,0.03557748562610214
6834,MMM,0.6876825685878332,0.3388179132904318,0.3409150963443355,0.0
6835,MMM,0.6872589990793581,0.33697657987469964,0.33938185399859955,0.0
6836,MMM,0.6870063733685972,0.3362590583819528,0.33799313278204973,0.0
6837,MMM,0.6863165652973853,0.32757571333886326,0.3349201133501087,0.0
6838,MMM,0.6849490444614585,0.3143441003225522,0.3294719529071368,0.0
6839,MMM,0.6844158323549903,0.31009608890959967,0.3241535664893172,0.0
6840,MMM,0.6836957660741267,0.31010148863245207,0.31990007744771576,0.0
6841,MMM,0.6837290464484522,0.3125095510567406,0.3170413991911977,0.0
6842,MMM,0.683511211271048,0.3119911800920742,0.3146373282400537,0.0
6843,MMM,0.6840450884974971,0.3191675748094036,0.3143356114577905,0.021023231430529754
6844,MMM,0.6843748656442117,0.326184798564892,0.3156798125867342,0.01651804242240693
6845,MMM,0.6849863186579781,0.3345274527175149,0.3186402352471359,0.014601601422542122
6846,MMM,0.702319469322956,0.3523234449177039,0.3533844039437709,0.0
6847,MMM,0.702174245502031,0.34678587730846067,0.3515737567500366,0.0
6848,MMM,0.7026038648796895,0.34306065896969967,0.34928350847388345,0.0
6849,MMM,0.7029608725315462,0.34203745220664233,0.34722011149527887,0.0
6850,MMM,0.7033783294451326,0.3416376049795057,0.3454790465597629,0.0
6851,MMM,0.7038382037085416,0.34111088792649985,0.3439671804276927,0.0
6852,MMM,0.704340434812001,0.3405793187094098,0.3426375769691915,0.0
6853,MMM,0.7050453747579566,0.33593268878611876,0.3405239664206282,0.020439833304700658
6854,MMM,0.7053176702070012,0.33183383223217716,0.3379069221569138,0.014793469861010504
6855,MMM,0.7053660795014915,0.3239164253273642,0.334024311594895,0.019680034288365865
6856,MMM,0.7053479302632646,0.31783468270530835,0.3295440249315555,0.013929058268378487
6857,MMM,0.7053207019740559,0.3168021841042729,0.3257264977089162,0.012490104016308227
6858,MMM,0.704836621955435,0.31296374059561194,0.32180516165249995,0.03029809270964874
6859,MMM,0.7044493505540914,0.3129916316008781,0.318674394910563,0.046312318130859
6860,MMM,0.7040197304377884,0.3136578205774654,0.31632031003466377,0.0
6861,MMM,0.7037958398513662,0.31357681662746223,0.31441873891226657,0.0
6862,MMM,0.7034751421249557,0.31176024585398887,0.31248701934482415,0.0
6863,MMM,0.7030092194696529,0.31427146927555316,0.3115090663778582,0.0
6864,MMM,0.7036566740247154,0.31943643832523644,0.31189375293797045,0.0
6865,MMM,0.7033843800529602,0.31688176491758585,0.3116242617713292,0.0
6866,MMM,0.7029910665382029,0.31300092600074075,0.3105317751187819,0.0
6867,MMM,0.7026159059548953,0.30635439863502967,0.3081559718264673,0.0
6868,MMM,0.7018413808796806,0.2963771380661547,0.30400092046412264,0.0
6869,MMM,0.7003891500568762,0.28107065015468363,0.2972183067819021,0.03136865955985971
6870,MMM,0.6994058640540481,0.2770371118323515,0.29088081897144474,0.018332822668104796
6871,MMM,0.6985224176969078,0.27586064131728305,0.28554499970321157,0.017500172681594622
6872,MMM,0.6979112719593248,0.2795482117667436,0.28210956809297577,0.02050548182887815
6873,MMM,0.6975119052514829,0.28200167907979146,0.279915595228703,0.01625178806625542
6874,MMM,0.6971314201480603,0.2843564723417734,0.27869249349747505,0.018967464426115598
6875,MMM,0.6967986145581921,0.2827340973363996,0.2773474288857888,0.050964271735299486
6876,MMM,0.695428125050239,0.26686909950870874,0.2726866066741738,0.0
6877,MMM,0.6947262094848916,0.26853579815243045,0.2693345472651467,0.0
6878,MMM,0.6943026399764163,0.27143523155298555,0.26730804028685357,0.0
6879,MMM,0.6936793937618222,0.27429344802225897,0.2663326620945905,0.0
6880,MMM,0.6930016843210094,0.2768211653607411,0.2661235091055027,0.0
6881,MMM,0.6923602807430971,0.2791496835367936,0.26648232629576485,0.0
6882,MMM,0.6920516809084414,0.28448321092303414,0.267974515526816,0.0
6883,MMM,0.6916160105536326,0.29104777173246393,0.27065156015486136,0.0
6884,MMM,0.6906297012781639,0.29159551331678796,0.27291696063222104,0.0
6885,MMM,0.6905238110246485,0.29862392472036126,0.2763173834703166,0.07062553243491675
6886,MMM,0.6901093168739316,0.2979434230625066,0.2788839592058135,0.01393378118378694
6887,MMM,0.6898793767876483,0.29667648346194964,0.2806509488609972,0.019115763969941007
6888,MMM,0.689758353920745,0.2926180902342628,0.28114752763825407,0.011785681183137539
6889,MMM,0.6902968905177833,0.29164315598463725,0.2813244997027482,0.010232668523953152
6890,MMM,0.6904753932357444,0.2934491321734542,0.2818741461278724,0.013218613718062024
6891,MMM,0.6904451457364407,0.29360607704243613,0.2823493256957678,0.04462257707059991
6892,MMM,0.6901183900157555,0.29379727251364113,0.2827726708617773,0.0
6893,MMM,0.6895163188972862,0.28932030335399017,0.2820997548565389,0.0
6894,MMM,0.6888802383621997,0.2856641997744949,0.2807353083345605,0.0
6895,MMM,0.6890133602288249,0.2905733765722586,0.2807530025939934,0.0
6896,MMM,0.690193240263326,0.2950537142013143,0.2817795112610154,0.0
6897,MMM,0.6905320949837326,0.30003245673403783,0.2837256883750958,0.0
6898,MMM,0.6907620321154371,0.30357405366045076,0.286082870469885,0.0
6899,MMM,0.6912763651731968,0.3107307408526127,0.28958570311680704,0.0
6900,MMM,0.691597066962153,0.3133775325488289,0.2929860242075772,0.0
6901,MMM,0.6916817799036099,0.31192948786932295,0.2953790886066491,0.06220622728203893
6902,MMM,0.692123498650312,0.3191547267855694,0.29892611667994057,0.041057720520299976
6903,MMM,0.6925228594489965,0.32618645097493926,0.30335259013423926,0.031923602120352876
6904,MMM,0.6930976985850341,0.3292675621247725,0.3075899603844788,0.03384311301523318
6905,MMM,0.6931491267202974,0.33019234943944364,0.311188816607294,0.033216382140531533
6906,MMM,0.6934970560598175,0.3287087957593017,0.3137326856870928,0.03813411780958268
6907,MMM,0.6938601183820476,0.3266835248702458,0.31531016151337854,0.062337760476164336
6908,MMM,0.6946043918954128,0.3272673537639606,0.3167040610458099,0.0
6909,MMM,0.6949946765976944,0.32435465672942765,0.3171610431426429,0.0
6910,MMM,0.6954666561393046,0.32546511412624013,0.3177775418669032,0.0
6911,MMM,0.6959023228008898,0.3241809108953632,0.3179805691150169,0.0
6912,MMM,0.6962593304527465,0.3217435422365241,0.3175922560558673,0.0
6913,MMM,0.6970762123680121,0.3216180854212548,0.31725325805388166,0.0
6914,MMM,0.6978023296260265,0.3196750485135263,0.3165430213677532,0.0
6915,MMM,0.6980080628491301,0.3179239308644302,0.31557915878916093,0.0
6916,MMM,0.6984558351582391,0.32041619379927205,0.3153712072025473,0.0
6917,MMM,0.6988128391168722,0.3222200708243053,0.31561244039090236,0.03952383566851982
6918,MMM,0.699387686008679,0.32620911344759146,0.3167067697947861,0.029234728305435664
6919,MMM,0.6997537675410048,0.330403521278371,0.31852997940102823,0.025426405465830002
6920,MMM,0.7002983599163832,0.33311742184248033,0.3206017656220875,0.019869895487785658
6921,MMM,0.7007015398773422,0.3294276916084392,0.3214254827811483,0.02456388303936137
6922,MMM,0.7005309037251337,0.326300482662857,0.32137784900886596,0.024264804421121115
6923,MMM,0.7001920504820165,0.32267833721708516,0.32052130127252326,0.04154949408720509
6924,MMM,0.6995798768169628,0.31345284188501576,0.3177515192291801,0.0
6925,MMM,0.699331790077709,0.310243660904028,0.31481056412986846,0.0
6926,MMM,0.6993802019574558,0.31008728459669777,0.31242246609178986,0.0
6927,MMM,0.6993196914473099,0.30772015936168856,0.309977124634106,0.0
6928,MMM,0.6991442131099566,0.3065699200185488,0.3077609495041754,0.0
6929,MMM,0.6993045640044346,0.30744872702684023,0.306186579957397,0.0
6930,MMM,0.6995526540675894,0.3130062957714539,0.30618284299246434,0.0
6931,MMM,0.7000639616367741,0.3191999761631791,0.3075793444972733,0.0
6932,MMM,0.7005964476259845,0.32298801781838266,0.3095524714447086,0.0
6933,MMM,0.7009716107945478,0.3254237102351945,0.3116813291055649,0.053275548463310916
6934,MMM,0.7015040945678241,0.3277459972921081,0.31390914686524546,0.03749534350058948
6935,MMM,0.7021515517081429,0.3309271024836755,0.31641018668158627,0.02272997498625927
6936,MMM,0.7023361076191883,0.33036175957041847,0.31828327665707246,0.02402074776738933
6937,MMM,0.7024026687371623,0.3279301022957343,0.3192323042938052,0.018675234035217602
6938,MMM,0.7022119414498849,0.3247706974067141,0.31927764407953335,0.036825988314326555
6939,MMM,0.7020273910786745,0.32347124960820417,0.3190202995954057,0.06040396276217346
6940,MMM,0.7016179170230579,0.3186685077074435,0.3177292219942811,0.0
6941,MMM,0.7020679255789102,0.3218312599022134,0.3174109985764422,0.0
6942,MMM,0.7025108582881299,0.3240558321609012,0.3176590723571104,0.0
6943,MMM,0.7026258290699166,0.31985314479772275,0.31690791449940836,0.0
6944,MMM,0.7033771789026462,0.3195172289000801,0.3162310864437723,0.0
6945,MMM,0.7036918297144523,0.3168134301925383,0.31507868802497546,0.0
6946,MMM,0.704000429549108,0.31688959469356903,0.31417397901546734,0.0
6947,MMM,0.704460303812517,0.3168407603122727,0.3134391774508161,0.0
6948,MMM,0.7048717702587248,0.31669454885087567,0.3128182990349855,0.0
6949,MMM,0.7062241603278749,0.33201327454854196,0.3157829340797409,0.053165268388523555
6950,MMM,0.7071257574005316,0.34200771479871683,0.32041293267344506,0.040044537092301706
6951,MMM,0.708076361331218,0.3520642003051196,0.326389241522383,0.040949801903216836
6952,MMM,0.7093531164019258,0.3632767505966656,0.33370381682518074,0.02745241810317091
6953,MMM,0.710666177335534,0.3716015036680047,0.3414364939915556,0.02536146537896378
6954,MMM,0.7114467585584117,0.37021963407177416,0.3473103958209389,0.042303625605049744
6955,MMM,0.712669049294933,0.37647818953758905,0.35342366718786766,0.0881709270315473
6956,MMM,0.7138641161741137,0.37740648315335806,0.3585240365691801,0.0
6957,MMM,0.7152255893567914,0.3780439785361406,0.36274837714004726,0.0
6958,MMM,0.7166144060572457,0.37711820366180215,0.3659186664303878,0.0
6959,MMM,0.7181816072925142,0.3795825240663582,0.369011722593405,0.0
6960,MMM,0.7197165586661838,0.3766172419293176,0.3708161481446474,0.0
6961,MMM,0.720866244324706,0.3749215675894538,0.37187654303119966,0.0
6962,MMM,0.721779941874374,0.3692814154155205,0.37145044015552864,0.0
6963,MMM,0.7228146589670434,0.36017241162557145,0.36905133580995475,0.0
6964,MMM,0.7237344074938614,0.35385068562377947,0.36570362875177215,0.0
6965,MMM,0.7249778851448219,0.350803058938049,0.3623368375898283,0.05446654965643742
6966,MMM,0.7273438131479717,0.3666474700192768,0.36322352351081055,0.061592484424710534
6967,MMM,0.7293013075799355,0.37240896784840116,0.3652347096513113,0.043331804289469845
6968,MMM,0.7314736091154719,0.3793250575614629,0.36840638140817755,0.03817804092288129
6969,MMM,0.7326384240634809,0.38472049445957224,0.3721628430365135,0.04729444839004669
6970,MMM,0.7337064211611541,0.3849228769603771,0.37521374161257937,0.03613183782216925
6971,MMM,0.7350945191603431,0.3915025421283352,0.37914116661714853,0.08987471876514654
6972,MMM,0.7361110844295295,0.39410495746197594,0.38287113454718946,0.0
6973,MMM,0.7372002588392614,0.3963950594573997,0.3863725681569177,0.0
6974,MMM,0.7387735099437127,0.39708620150799306,0.3893298818262261,0.0
6975,MMM,0.7394270195384709,0.3912040329842007,0.3903666292496454,0.0
6976,MMM,0.740201544613686,0.3842233840047726,0.38961871687548166,0.0
6977,MMM,0.7410365794604021,0.37947217689755836,0.38794682949016135,0.0
6978,MMM,0.7419502770100694,0.37545929073499257,0.3857025891693949,0.0
6979,MMM,0.7425856296108317,0.3714507784592101,0.38300145480046427,0.0
6980,MMM,0.7429759176370145,0.35992079378882197,0.3782352932978818,0.0
6981,MMM,0.7421220606467755,0.33349940654751875,0.36845232797172117,0.08748704888040339
6982,MMM,0.7418437131126139,0.31738081521653694,0.35698388454940216,0.05615133165551764
6983,MMM,0.7414443497286731,0.29888282600114063,0.3436294225603549,0.04100907449159292
6984,MMM,0.7412071487652678,0.2882764595815698,0.3305492948288527,0.03594740797546918
6985,MMM,0.7405294330459751,0.2761730912139911,0.31735037990585824,0.029792976906714747
6986,MMM,0.738399495736936,0.264522469436132,0.30415873544089667,0.035174975160416774
6987,MMM,0.7369442364709777,0.2597787510994515,0.2925335545056946,0.10313453992014732
6988,MMM,0.7349050564327437,0.25120319889746945,0.2812957235958518,0.0
6989,MMM,0.7330534589020976,0.2486663088530406,0.2717322366874094,0.0
6990,MMM,0.7315376880180262,0.2491185788294474,0.2641836396788731,0.0
6991,MMM,0.7290023293307724,0.24252188056939056,0.256654207221437,0.0
6992,MMM,0.7265516835849755,0.2377383359315683,0.24954979695308788,0.0
6993,MMM,0.7240647319762774,0.23549240416092665,0.24335878994176074,0.0
6994,MMM,0.7215717293904291,0.23437477729758166,0.2381534513113822,0.0
6995,MMM,0.7193994285935379,0.23362261770233284,0.23381922642571917,0.0
6996,MMM,0.7171908219337453,0.23192573730017274,0.2299684284473257,0.0
6997,MMM,0.7157990949732844,0.2450033360214907,0.22984273471114464,0.05554502738995755
6998,MMM,0.7150427209829082,0.2657885051745592,0.2344386859864604,0.03690993813571179
6999,MMM,0.7141956447507551,0.28113121959328935,0.24158220514794712,0.02574709142206393
7000,MMM,0.7140595014581008,0.29619491670734577,0.2507007333523164,0.023062468231014325
7001,MMM,0.7152764185546361,0.3111347786950026,0.26137128766451695,0.03903099944564781
7002,MMM,0.7166257931069138,0.32961486061893247,0.2740833921291397,0.050804046830067735
7003,MMM,0.7187194260303416,0.34897551200743043,0.28862770550811195,0.14066518721341498
7004,MMM,0.7205903908242781,0.36420128285928133,0.3037034904061818,0.0
7005,MMM,0.722736253282892,0.37549414446935614,0.31831579326663895,0.0
7006,MMM,0.7250658769004306,0.3837310412998626,0.33186680095027554,0.0
7007,MMM,0.7272381736347766,0.39090802356174026,0.34432927983427775,0.0
7008,MMM,0.7299006035808278,0.3973498890521033,0.3557548326030114,0.0
7009,MMM,0.7321757709892718,0.3992464256428866,0.3653238061382593,0.0
7010,MMM,0.7343057149461125,0.3993310901323768,0.3729981153041674,0.0
7011,MMM,0.7367382077604592,0.3951617983149677,0.37819549163454635,0.0
7012,MMM,0.7392796181635082,0.3921343879743506,0.38166933516126167,0.0
7013,MMM,0.7426439629362624,0.401546959956904,0.38657522468177435,0.08006357044139778
7014,MMM,0.7463290061740715,0.41236395453238517,0.3929440868562145,0.06396480483437622
7015,MMM,0.7496691474075472,0.4138869156503635,0.3983832967892631,0.06779449886620512
7016,MMM,0.7537414509670297,0.4226320773992179,0.404710674968431,0.038476883395351116
7017,MMM,0.7571118496715128,0.4314463993128357,0.41176421480745723,0.044524576575874525
7018,MMM,0.7598499223717752,0.43751377181386875,0.41877799789629183,0.046697589955303515
7019,MMM,0.7626817198478115,0.440739953683174,0.4251179952622921,0.10301056339067544
7020,MMM,0.7653622990320899,0.4422789395079299,0.43053773420609576,0.0
7021,MMM,0.7678189942777478,0.4416816174110738,0.43473855763732533,0.0
7022,MMM,0.7698097616975901,0.43968299127681587,0.4376476174518249,0.0
7023,MMM,0.7712983061390646,0.4343956337650948,0.43878016212384907,0.0
7024,MMM,0.7727807955408428,0.4292482336053245,0.43852311870069827,0.0
7025,MMM,0.774359313949994,0.42524313925703394,0.437412514146576,0.0
7026,MMM,0.7760414855977262,0.42244429034601294,0.4358916174905898,0.0
7027,MMM,0.7778204728798603,0.4219505732171474,0.4345633424694735,0.0
7028,MMM,0.7801258951740548,0.4297322677213623,0.4352590327514511,0.0
7029,MMM,0.7820198506527187,0.4262884462328089,0.43503743739137357,0.06987777685287351
7030,MMM,0.7837927832644798,0.42010995370606424,0.43346410179574224,0.05134753632069541
7031,MMM,0.7858803689039804,0.4154011958256726,0.4311414674347507,0.04008834213271511
7032,MMM,0.7879376974417969,0.41127772206493146,0.4283516417479857,0.03569532236554303
7033,MMM,0.7892210463934881,0.40828764524451194,0.42544415934463037,0.03390769888344376
7034,MMM,0.790134749852313,0.40390157348528266,0.4221271199770106,0.04276115803524358
7035,MMM,0.7913388883960286,0.3978597150801697,0.4181083022947042,0.09906527600422466
7036,MMM,0.7917685118362328,0.389527081782815,0.41301045065076725,0.0
7037,MMM,0.7923312504952593,0.38728652344526415,0.40842590469132944,0.0
7038,MMM,0.79280019753117,0.38382344543318825,0.40397576923649103,0.0
7039,MMM,0.7933810905989367,0.3818327277000694,0.3999658488823924,0.0
7040,MMM,0.7935565689362898,0.3740232157424036,0.39499331681642375,0.0
7041,MMM,0.7938409648623455,0.36847322140186906,0.3897612439632159,0.0
7042,MMM,0.7939982902682481,0.36156913944573726,0.38401557604506986,0.0
7043,MMM,0.7941072078569504,0.35262030404750017,0.3773970104633618,0.0
7044,MMM,0.7941253607884009,0.34420796524224373,0.37020135066729654,0.0
7045,MMM,0.7942463825473371,0.34011928440039085,0.36352096625535885,0.08565396733749776
7046,MMM,0.7947395349691377,0.34367046017778935,0.35897906351555187,0.07165016893278052
7047,MMM,0.7955745668612753,0.35405231139545246,0.3576913692031574,0.04263907067193508
7048,MMM,0.7956713832343216,0.3603261083100955,0.3580788075333709,0.05383651274094986
7049,MMM,0.796309766124849,0.36441665788251926,0.359313037021047,0.04128217707508668
7050,MMM,0.7972053173908684,0.36860943519325806,0.36124779827068737,0.0507984974044628
7051,MMM,0.7980282506526066,0.37155058711318906,0.3634601743140631,0.0683736463681666
7052,MMM,0.7986757089008925,0.37135260394300695,0.3651853399247137,0.0
7053,MMM,0.7992439574798473,0.3707339548219639,0.3664256857484752,0.0
7054,MMM,0.7999750929863503,0.37101734881259485,0.3674819966062177,0.0
7055,MMM,0.8010098141415658,0.37345106418489754,0.3688769546728585,0.0
7056,MMM,0.8020929390514364,0.3727452978979982,0.36983344992999684,0.0
7057,MMM,0.8028614131495013,0.37206712103997097,0.3704454089001312,0.0
7058,MMM,0.8036782950647674,0.3707099299537272,0.3706283123973722,0.0
7059,MMM,0.8044165142770814,0.3693674830197431,0.37047130302651804,0.0
7060,MMM,0.8055661999356036,0.36822897590976905,0.3700884445190529,0.0
7061,MMM,0.80711742834917,0.3738474150802586,0.37105167034322817,0.1221353008998925
7062,MMM,0.8090597927530021,0.3813558338344014,0.37351881336652293,0.05900420870799336
7063,MMM,0.8114015227567086,0.38931732724807955,0.3772914644892504,0.05620906929638597
7064,MMM,0.8140094935390862,0.3976315605754335,0.3821882253261734,0.06345614684488589
7065,MMM,0.816438960495536,0.40342685648002546,0.3874151082327854,0.07598427033023215
7066,MMM,0.8179335525902593,0.40032027969870737,0.3908946689926374,0.07897848062630582
7067,MMM,0.8190802153454628,0.39974906212746003,0.39354924831646065,0.13471738369378033
7068,MMM,0.8204900922827949,0.4007722842992615,0.3959041136148791,0.0
7069,MMM,0.8218787871068787,0.39997824979027613,0.3976085900394809,0.0
7070,MMM,0.8232523559653764,0.3997174730751098,0.3989132474596905,0.0
7071,MMM,0.824783254292323,0.4011170899226149,0.400273223374074,0.0
7072,MMM,0.8270765746322171,0.4105310395617894,0.4034883300926836,0.0
7073,MMM,0.8287768992114,0.4083192388673923,0.40556064874736636,0.0
7074,MMM,0.8329773060196957,0.44351016929436965,0.4151700591277137,0.0
7075,MMM,0.8375648543460568,0.478132061331629,0.43068056600080157,0.0
7076,MMM,0.8425932163578032,0.5079024947177502,0.4498157402764714,0.0
7077,MMM,0.8473613250445875,0.5257531058594016,0.46915730884209894,0.4623154447008594
7078,MMM,0.8525409637010208,0.5431833400861015,0.48856900670800035,0.1427644050395869
7079,MMM,0.8580587280355705,0.5595427175148092,0.5077948429079983,0.17980422334903112
7080,MMM,0.8635590647877367,0.5698509017157836,0.5255046943401962,0.08835275927477274
7081,MMM,0.8675626297047536,0.5602373880536984,0.537500357073728,0.10199584501516942
7082,MMM,0.8714836603127727,0.5524801022354153,0.5453440922185246,0.11999948047930507
7083,MMM,0.8750416285985614,0.5412184097264354,0.5490744481966536,0.12751883410110226
7084,MMM,0.8783696664004477,0.5293760708664519,0.5493829010804687,0.0
7085,MMM,0.8815070962061713,0.5150886250616783,0.546401348129259,0.0
7086,MMM,0.8848744664675006,0.49833995868404135,0.5402316662007657,0.0
7087,MMM,0.8895730505938884,0.5054433003789336,0.5369009539642465,0.0
7088,MMM,0.8939842129363231,0.5070689778030112,0.5346037135986996,0.0
7089,MMM,0.8983772223473074,0.5052699596684755,0.5323594247376683,0.0
7090,MMM,0.9021651340432801,0.494167417233932,0.5280553222154256,0.0
7091,MMM,0.9059648451446962,0.4861690829074735,0.5228047791168471,0.0
7092,MMM,0.9090387415369552,0.47662976331382545,0.5164488907228191,0.0
7093,MMM,0.9131292065223018,0.4736908643661153,0.5107001220335525,0.2995517362912953
7094,MMM,0.9147932256079061,0.47206063144267746,0.5057327483220664,0.09874399968356468
7095,MMM,0.9158603161669738,0.46877373330563543,0.5010161593330407,0.048479664011797846
7096,MMM,0.9166612230446036,0.4650550920215376,0.4964026437369423,0.04979287064111806
7097,MMM,0.9179652725132177,0.4645186698465036,0.49259062415865484,0.06751171430612403
7098,MMM,0.9191724395000875,0.46682324210604675,0.4900617373856325,0.07467932880287673
7099,MMM,0.919548326540429,0.46003799399591605,0.48650546939539296,0.11709193568097652
7100,MMM,0.919887182738125,0.45280500401070767,0.48202612705885306,0.0
7101,MMM,0.9212466594676647,0.4457171451505587,0.47684111830233,0.0
7102,MMM,0.9222753274297961,0.43640295153885666,0.47058852565136833,0.0
7103,MMM,0.9233403038400849,0.4257755826308208,0.4631851477797545,0.0
7104,MMM,0.9249075069219652,0.42309496215613074,0.45665674673838424,0.0
7105,MMM,0.9266743922497991,0.4201186599211984,0.4507615164834136,0.0
7106,MMM,0.9283384109660813,0.4118090178427206,0.444167729754871,0.0
7107,MMM,0.9284654814862334,0.40401985945495406,0.4371327035737398,0.0
7108,MMM,0.9287075205722382,0.396815797570909,0.4298768911243551,0.0
7109,MMM,0.9293005137476933,0.3944908995009764,0.4235469195632383,0.08320678871860811
7110,MMM,0.9302081625361445,0.3888431820879875,0.417206814128255,0.05098387183424456
7111,MMM,0.9313974865268679,0.3904406400540557,0.41249568288530597,0.03842741085644758
7112,MMM,0.9325744037984998,0.3893287645073341,0.4084755444065425,0.04718735628316004
7113,MMM,0.9329495614272281,0.38225518558854366,0.4036611253558342,0.04313993585100147
7114,MMM,0.9334759934847094,0.3806411530377639,0.39944489190522975,0.05595497644741122
7115,MMM,0.9339449405206202,0.3775675785226868,0.39537741659584735,0.11733197785661112
7116,MMM,0.9343360761415633,0.37391683214454774,0.39129853311527696,0.0
7117,MMM,0.9341454677760783,0.365959475162826,0.386237424272892,0.0
7118,MMM,0.9336341609455383,0.35888028072953126,0.3805889600794983,0.0
7119,MMM,0.9342937178242228,0.36310661100106295,0.3770251478328333,0.0
7120,MMM,0.9347898979505327,0.3632148421943472,0.3741985533802476,0.0
7121,MMM,0.9353183297850525,0.36337156663026976,0.3719726904380934,0.0
7122,MMM,0.9356329805968586,0.3575434520090027,0.36887511030464126,0.0
7123,MMM,0.935820560888512,0.348686584553918,0.3643957955379401,0.0
7124,MMM,0.9351670553562996,0.3359638891870035,0.35793759115225415,0.0
7125,MMM,0.9350914174032781,0.33456882861655657,0.35245580717761843,0.07749642977113343
7126,MMM,0.9354121184535897,0.3342726622509952,0.34800345982127434,0.03773999051874732
7127,MMM,0.9360111626061953,0.33771850693170585,0.34522018667159704,0.04315540339896415
7128,MMM,0.9365829784695916,0.33967393346733493,0.3434354059308144,0.14171426479851748
7129,MMM,0.9368582990378891,0.3408378047966373,0.34227056351305574,0.038828150228854774
7130,MMM,0.9370234876856438,0.33692330913751356,0.34045419096115137,0.04387777331068696
7131,MMM,0.9367179103849845,0.3335815995885137,0.33824601800469034,0.0997473830620904
7132,MMM,0.9364788945716207,0.3302219757696436,0.335720356911451,0.0
7133,MMM,0.9367770852482893,0.32992194017896864,0.33363203359069804,0.0
7134,MMM,0.9366621192676932,0.3281654256543637,0.3315644822551225,0.0
7135,MMM,0.9356213541524521,0.31203088516858524,0.3262647662390883,0.0
7136,MMM,0.9352946013863459,0.30934228814829806,0.3214174923443663,0.0
7137,MMM,0.9355487424266511,0.31137494479370187,0.317998961512361,0.0
7138,MMM,0.9355487424266511,0.3090258485026566,0.3147333475438168,0.0
7139,MMM,0.9350344093688909,0.309999929918652,0.31234095462454214,0.0
7140,MMM,0.9343990567681286,0.3063944112625505,0.30961235647156055,0.0
7141,MMM,0.9343355174455068,0.3126564529241922,0.3088444155748631,0.14197615045791617
7142,MMM,0.9348105202597579,0.32007021924996115,0.3099052380622062,0.05806659192653033
7143,MMM,0.9353248570107413,0.3225906692534573,0.3113234035284453,0.04478268390294645
7144,MMM,0.9358845705505152,0.3197432208687456,0.31181454161017663,0.0334029372991654
7145,MMM,0.9366833039661988,0.3297676395043971,0.3144725163899869,0.05385894658914001
7146,MMM,0.9375209454899609,0.33904242077339425,0.31869457645625754,0.05271824444511353
7147,MMM,0.938446744255284,0.3512225322272011,0.3248243777066297,0.1020165077700814
7148,MMM,0.9390911747990607,0.35574985253084457,0.33075118792164937,0.0
7149,MMM,0.9400442051774933,0.3632613237169603,0.3371898881689121,0.0
7150,MMM,0.9413045035108287,0.3685607752969255,0.34353828425762906,0.0
7151,MMM,0.9419701095200519,0.36337521304143905,0.3474452990636709,0.0
7152,MMM,0.9426538699380156,0.35849710293349457,0.34946867909547474,0.0
7153,MMM,0.9431483557907228,0.3539154651361108,0.35005214061422835,0.0
7154,MMM,0.9438563201172865,0.35165484897893856,0.35000811302671014,0.0
7155,MMM,0.9455626956736192,0.34946756310522437,0.34947866347497647,0.0
7156,MMM,0.9465611069033886,0.3469199320745246,0.34847945467689545,0.0
7157,MMM,0.9470693867680642,0.34146263578772973,0.3464469859971542,0.11574047343684783
7158,MMM,0.9479528320172375,0.3383923108553631,0.3441272567628868,0.056610753251874854
7159,MMM,0.9484490102969356,0.33279973459417084,0.3410078045907439,0.0541510589071528
7160,MMM,0.9495926442396627,0.3332638814992542,0.3386171190188769,0.03438258802776366
7161,MMM,0.9498407365187513,0.32930361582744155,0.3358097299950722,0.03457634563239542
7162,MMM,0.9502582554193988,0.33099798420022725,0.3339466692410956,0.040478691091223706
7163,MMM,0.9511901018379709,0.33643911829366313,0.33368567035594715,0.09638714682186167
7164,MMM,0.9524093755803311,0.3399281024846959,0.33426522355751703,0.0
7165,MMM,0.9528783226162418,0.34370729936419686,0.3355827933438892,0.0
7166,MMM,0.9529436086414644,0.3420234158315661,0.3362563678066316,0.0
7167,MMM,0.9526350121307099,0.3401126316731319,0.3363634767519617,0.0
7168,MMM,0.9525502984506078,0.33700279395962407,0.3357464815198957,0.0
7169,MMM,0.9523627181589545,0.33723911690158803,0.3353062836091932,0.0
7170,MMM,0.9521776792777041,0.3371724041918996,0.33493905123159884,0.0
7171,MMM,0.9524257693408589,0.3344783210841278,0.33403652464048156,0.0
7172,MMM,0.9524772026466346,0.32900382790891236,0.33207751600887503,0.0
7173,MMM,0.9536026847658785,0.3400077512753009,0.33299669709692775,0.07582770568444196
7174,MMM,0.9543802323750898,0.3450251627686965,0.33486574958050364,0.05682293022659958
7175,MMM,0.9550700441395257,0.34733173634964054,0.33688217266491066,0.021363989777249598
7176,MMM,0.9559081059521057,0.3504986390608685,0.3392108876241191,0.03443678348207565
7177,MMM,0.9564890038210627,0.34571464247892547,0.33999289317019593,0.03517532937907241
7178,MMM,0.9571304059216859,0.344008742564465,0.34023304153617034,0.052167080216947125
7179,MMM,0.9579170347978125,0.34154627914899066,0.3398687550935805,0.09283114573795259
7180,MMM,0.958376909799866,0.33958168260922117,0.33913341615518966,0.0
7181,MMM,0.9590697485301665,0.33705554848989133,0.33797435317553276,0.0
7182,MMM,0.9595326456968936,0.3364204158923487,0.336903591608375,0.0
7183,MMM,0.9599017556723732,0.3386022471510077,0.33653997734056357,0.0
7184,MMM,0.9602829672328306,0.33969007965173054,0.3364948867719311,0.0
7185,MMM,0.9602829672328301,0.3360124225283551,0.335627830475107,0.0
7186,MMM,0.9606083887839636,0.3333359046365344,0.3343294136913718,0.0
7187,MMM,0.9611771806360745,0.33430769027221807,0.33351025977763643,0.0
7188,MMM,0.9616552078309337,0.33219425738589475,0.33237739659313126,0.0
7189,MMM,0.9628835536071509,0.34424555471443113,0.33419415308830686,0.08581124042059923
7190,MMM,0.9643176362996957,0.35636632006980984,0.33838630195306774,0.05095317288408962
7191,MMM,0.965963076255874,0.3660949173311533,0.3439382431350547,0.03894799420734425
7192,MMM,0.9681444575810367,0.3778354956345236,0.35103263470523066,0.03623349857633619
7193,MMM,0.9692699397002809,0.38631940297362743,0.3586251265373012,0.03437928198697774
7194,MMM,0.9707373035057958,0.39383747756359994,0.3663978641482162,0.041787410950905886
7195,MMM,0.9722803045256871,0.3986538044102187,0.3737043258328776,0.11438440635019592
7196,MMM,0.9728581713662336,0.3890792271388298,0.3773860746281169,0.0
7197,MMM,0.9747339724361581,0.39286577861944805,0.3811870626959734,0.0
7198,MMM,0.9757928923294614,0.3853838236756226,0.38253727040812086,0.0
7199,MMM,0.977596083520196,0.3888154765659639,0.38439283461177187,0.0
7200,MMM,0.9793206120079794,0.3897790147225113,0.3860950019314287,0.0
7201,MMM,0.9811419561301644,0.3903916706373377,0.3875951682589146,0.0
7202,MMM,0.9827696689835457,0.38877445140986217,0.3884298830663494,0.0
7203,MMM,0.9840766800479708,0.3848973400653548,0.3882216034554812,0.0
7204,MMM,0.9849056639175371,0.37371551926696417,0.3855283950159606,0.0
7205,MMM,0.9862792383158698,0.3680062013191589,0.3820837811490641,0.08825251539522833
7206,MMM,0.9878464377045264,0.3662066665848804,0.378921476758823,0.044109904603012395
7207,MMM,0.9893803641053045,0.3670040634038506,0.3765718087904429,0.03678064832640541
7208,MMM,0.9906208125744667,0.3600868890644809,0.3731291064948818,0.03082729538116584
7209,MMM,0.9906026603816607,0.349639426267012,0.3680142915354008,0.03724136872449995
7210,MMM,0.9901548847486512,0.33778474913513284,0.36124381977883824,0.033941231582843776
7211,MMM,0.9892779196291823,0.32266053356121394,0.35241005506911915,0.0682285347922419
7212,MMM,0.9884126258341699,0.3155953017195377,0.3437466210947925,0.0
7213,MMM,0.9863823407323464,0.29300712074458657,0.33171196869012637,0.0
7214,MMM,0.9850390249129877,0.2872968724372676,0.32079398943202636,0.0
7215,MMM,0.9813176717497323,0.24816511209794467,0.3032176016034633,0.0
7216,MMM,0.9784737124891776,0.2187122718623496,0.28250148422240906,0.0
7217,MMM,0.9748975849934587,0.1981522688258348,0.26128296139132934,0.0
7218,MMM,0.9721201864815552,0.18550224879891375,0.241449811887401,0.0
7219,MMM,0.9688042510032915,0.1792822134787051,0.22417784618804654,0.0
7220,MMM,0.9653854489134757,0.17356646953036334,0.20906877452838196,0.0
7221,MMM,0.9629590078149237,0.18593138807355164,0.19977542842492263,0.0785828183879627
7222,MMM,0.9610347959732197,0.20320100498889412,0.19624290232221336,0.04737509217064602
7223,MMM,0.958668863907524,0.20977231541399086,0.1949016997905048,0.04234754871834835
7224,MMM,0.9568611304213812,0.2169405050475982,0.19544842376671545,0.03794531926612979
7225,MMM,0.9547674882648953,0.2232108440144595,0.19730261538832528,0.027934509693488693
7226,MMM,0.9521201857617194,0.2243453802847369,0.19904232246657827,0.039392302474394424
7227,MMM,0.9493942176010133,0.22790707790150244,0.20123887037778085,0.06769236582049734
7228,MMM,0.9471916637649824,0.2324000124630292,0.20401130830207592,0.0
7229,MMM,0.945315862695058,0.23712863390166283,0.2072977127899634,0.0
7230,MMM,0.9429922896853475,0.23189391583645774,0.20874402733004033,0.0
7231,MMM,0.9411467409159173,0.23015800687674998,0.20950884220697064,0.0
7232,MMM,0.9389320832789747,0.22923512699122395,0.20991216507843513,0.0
7233,MMM,0.9380276437243471,0.23161609680436485,0.21077281465006217,0.0
7234,MMM,0.9362970642594137,0.2340791649286449,0.21201787607951839,0.0
7235,MMM,0.9368053463400232,0.23471904516849368,0.21315850915851808,0.0
7236,MMM,0.9375254126208874,0.2396786216788512,0.215191655149712,0.0
7237,MMM,0.9388717528208543,0.2550053352815501,0.22028131462462017,0.08216278826756969
7238,MMM,0.9406567925574281,0.2762433424388557,0.22915186933557213,0.04244177088074698
7239,MMM,0.9422845068880985,0.2932375044663718,0.24008822356309978,0.03442674728683269
7240,MMM,0.9441935927642167,0.3085282355261453,0.25229231920306877,0.02227468594088445
7241,MMM,0.9453372270762663,0.3246122324530285,0.265689850108894,0.02969426797467809
7242,MMM,0.9457728981697191,0.33285552351237485,0.2782704850347625,0.03744445408706341
7243,MMM,0.9466260881638198,0.33698699456588677,0.2892685181991654,0.04937453840881438
7244,MMM,0.9479020617780105,0.346980541303049,0.30032503339513983,0.0
7245,MMM,0.9487734039649165,0.34806151289211307,0.30941449614243133,0.0
7246,MMM,0.9505251655430982,0.3565908064677995,0.3186133001488003,0.0
7247,MMM,0.951632493622925,0.3550089610708187,0.3256149179819247,0.0
7248,MMM,0.9527458734185466,0.35411215533805357,0.3310135747952123,0.0
7249,MMM,0.9538834571227686,0.35358519200406263,0.3352134304138435,0.0
7250,MMM,0.9558137188336557,0.354505078895215,0.33878116765773947,0.0
7251,MMM,0.957701623704492,0.35557406207395154,0.34187689920593767,0.0
7252,MMM,0.959565324666728,0.3550653252654815,0.34423853298125606,0.0
7253,MMM,0.9611900075996658,0.3528392193799277,0.3456248409564023,0.04995226903615333
7254,MMM,0.9629932032222686,0.3529234964383916,0.34675293013237507,0.029206626958755373
7255,MMM,0.9654075408892313,0.35928822750866574,0.34909354225140443,0.033264792023468166
7256,MMM,0.9676827108829309,0.3652770340757555,0.3523192308237047,0.027182857706233483
7257,MMM,0.9691409985920434,0.3680252503487923,0.3555207540126724,0.03437491329022493
7258,MMM,0.9697945052322228,0.36634385878847864,0.3577020542703011,0.03391974231773531
7259,MMM,0.9702543761717306,0.3615209420303649,0.35835733385912544,0.05047568613629508
7260,MMM,0.9706870184527074,0.35854192057775514,0.3582084336883477,0.0
7261,MMM,0.9708745983750391,0.3561560203989346,0.35755020823806605,0.0
7262,MMM,0.9711831985790169,0.3513400277665254,0.3559354317991764,0.0
7263,MMM,0.9719214155753972,0.3513158595472674,0.35463814972579333,0.0
7264,MMM,0.9721748304984443,0.3507960948027366,0.35348288079007273,0.0
7265,MMM,0.9725983988989524,0.34608653908730463,0.35149451948244775,0.0
7266,MMM,0.9726407557390033,0.3445232792583679,0.34955060456047443,0.0
7267,MMM,0.9730643241395114,0.34075000666500965,0.3471428840179648,0.0
7268,MMM,0.973427382768518,0.33741331801350366,0.3444627671643106,0.0
7269,MMM,0.9740022211659112,0.3382640687375749,0.3425109047898041,0.08469072873994389
7270,MMM,0.9747071574186437,0.34234170111681006,0.34187077501343865,0.02542782234045254
7271,MMM,0.9749945784639518,0.3399137567300867,0.3408100657931047,0.019105845847583257
7272,MMM,0.9751186227568844,0.3344530119090477,0.3387276175631062,0.016175040690868066
7273,MMM,0.9750595681153864,0.3259027133970112,0.33512967900688045,0.01898765488948673
7274,MMM,0.9750656157686355,0.32229175843552527,0.33143541598568943,0.029481382562642093
7275,MMM,0.974593640289571,0.3191154646973741,0.32776230713056165,0.03815572514757635
7276,MMM,0.9744302613212614,0.322602654729967,0.3256117669576504,0.0
7277,MMM,0.9737495263918736,0.31630669029189007,0.32246873218350747,0.0
7278,MMM,0.9736224532864648,0.31623059870458614,0.31993711111386175,0.0
7279,MMM,0.9740944313507856,0.32200248679738946,0.31921599939057455,0.0
7280,MMM,0.973918953013432,0.31830027067007094,0.31780257694812647,0.0
7281,MMM,0.9735316904758244,0.3127072913267177,0.31540807913113794,0.0
7282,MMM,0.9735861492701754,0.3123375423428696,0.31340893436387396,0.0
7283,MMM,0.9734953846129237,0.3141162959515774,0.31221153625418874,0.0
7284,MMM,0.9732654474812192,0.31339647308155594,0.3110909704195118,0.0
7285,MMM,0.9726240435339846,0.30293533147551094,0.3078307738379106,0.04444322435796393
7286,MMM,0.9712746723056078,0.2869978103670791,0.3016214590756031,0.031845201724572565
7287,MMM,0.9700463246827786,0.27438916847479666,0.2938050256099027,0.02937488082018149
7288,MMM,0.9687695681347817,0.2641780562059191,0.285244630222588,0.018186766509098402
7289,MMM,0.966866542468872,0.2513131684057352,0.27548943229451983,0.026680929871200194
7290,MMM,0.9645853307310803,0.24010177368470023,0.2651520068349841,0.03260275735608834
7291,MMM,0.9628517224536712,0.23487353254639054,0.25570072090907253,0.05933351398484771
7292,MMM,0.9613056985304613,0.23116081083026388,0.24730078531755775,0.0
7293,MMM,0.9601091798451782,0.23027152443118948,0.24037989841977903,0.0
7294,MMM,0.9586932500840839,0.230541927963938,0.2349042878455232,0.0
7295,MMM,0.9569505701421395,0.22667078543250044,0.22964909661055521,0.0
7296,MMM,0.955032410385553,0.22809925810391543,0.22576771370928156,0.0
7297,MMM,0.9537375012754277,0.2303874145093469,0.22317962703879218,0.0
7298,MMM,0.9520069218104947,0.23164068527190562,0.2213923400976858,0.0
7299,MMM,0.9499919464195059,0.23525647865642027,0.2207795159853428,0.0
7300,MMM,0.9484973550634275,0.23846842571546295,0.2210150111683898,0.0
7301,MMM,0.9466215477150233,0.23362390324235738,0.22010876478511132,0.04822686996456042
7302,MMM,0.9445672417112032,0.23212979138522122,0.21904616611052102,0.031104530515642003
7303,MMM,0.9422508679017849,0.23010680734350925,0.2177389844571575,0.028036052374770422
7304,MMM,0.9402964048675535,0.232661679388801,0.21727052443230255,0.030314859059348748
7305,MMM,0.9390952855339334,0.2367100207674576,0.21781049809696812,0.03246118796671998
7306,MMM,0.9383147135441139,0.2390489609588816,0.21877097151339103,0.032693909623471476
7307,MMM,0.9378427380650498,0.2458216456265882,0.2210696700497266,0.06722314417466758
7308,MMM,0.9373042014680113,0.25014689099605575,0.22388593831623935,0.0
7309,MMM,0.9363753742595349,0.2431196093637799,0.22455110575035475,0.0
7310,MMM,0.9361545095310095,0.24693492601580008,0.22594532835443848,0.0
7311,MMM,0.9356583330979233,0.24937320381654574,0.22761164672021544,0.0
7312,MMM,0.9351561019944636,0.2514131767716359,0.22940564285103018,0.0
7313,MMM,0.9348535531369577,0.25772216949802224,0.2322663861942239,0.0
7314,MMM,0.934327118124898,0.2600432649959507,0.235079443261444,0.0
7315,MMM,0.9341455888103942,0.2624896459059594,0.23788266013319825,0.0
7316,MMM,0.9335223381639322,0.2619957827651201,0.2400136429421854,0.0
7317,MMM,0.9332379418685546,0.26735005375003995,0.2429282517814377,0.031362165551173084
7318,MMM,0.9329898477428538,0.271115539125137,0.246110767899353,0.017870213103846875
7319,MMM,0.932796217582017,0.2770467147853653,0.24999695769758978,0.021462462563515833
7320,MMM,0.9326207377673745,0.2818620623451383,0.2541939598576618,0.021983045914412507
7321,MMM,0.933262149101056,0.289732933878061,0.2593300218516589,0.025117762943887633
7322,MMM,0.9339670838764988,0.29849115359572903,0.2654178321887625,0.03087664984718417
7323,MMM,0.9346375885771845,0.3032405481068105,0.271361228379854,0.045026268265137386
7324,MMM,0.9351216641639377,0.30753993839017735,0.2770874126924408,0.0
7325,MMM,0.9358387056948709,0.3155107774546294,0.28346940854014074,0.0
7326,MMM,0.9365587712370904,0.32006913605430787,0.2896049876813001,0.0
7327,MMM,0.9365103619425996,0.3164121742283234,0.2936871433516284,0.0
7328,MMM,0.936570871714101,0.3133554216636089,0.2962621803374191,0.0
7329,MMM,0.9375753339210204,0.3136371868624806,0.29838587609166267,0.0
7330,MMM,0.9378597298470761,0.3118385145564481,0.29967841426803277,0.0
7331,MMM,0.9381199218645311,0.30878454673080485,0.3000223864834853,0.0
7332,MMM,0.9375874358753211,0.2942450572828235,0.2970122985566016,0.0
7333,MMM,0.9373000174152688,0.2906624376931237,0.29379471854877554,0.03681488946311669
7334,MMM,0.9369145712049092,0.2834238529701634,0.2895850624409827,0.019076327626280427
7335,MMM,0.9372171230169934,0.28818158218608453,0.28729236874172964,0.01686718394397678
7336,MMM,0.9376898297542826,0.2916957197932216,0.2862522496241263,0.015357385960779731
7337,MMM,0.9375415837686834,0.2907652130658322,0.2852099019793441,0.021864854956315984
7338,MMM,0.9373388812046672,0.2885430171150505,0.28387390828647374,0.026148303086011966
7339,MMM,0.9369243907471738,0.28648526372494726,0.282340154321464,0.03928757182521199
7340,MMM,0.9365068748011052,0.2848896446272994,0.2807526135453458,0.0
7341,MMM,0.9358775698535919,0.28460403846567844,0.27941804687532773,0.0
7342,MMM,0.935296679371082,0.2877387600488235,0.2790586985544678,0.0
7343,MMM,0.9340622833563592,0.2786419761033636,0.2767157589838055,0.0
7344,MMM,0.9328157820634351,0.2721964082429035,0.27338500109788977,0.0
7345,MMM,0.9313756495017076,0.2693181745242439,0.2700700444075874,0.0
7346,MMM,0.9301473011402335,0.2690020267056978,0.26734664397587615,0.0
7347,MMM,0.9295119485394718,0.2707853587678253,0.26557087585761474,0.0
7348,MMM,0.9296709682189765,0.2841350695889902,0.2671666910122401,0.0
7349,MMM,0.9291626905702348,0.28783924147062667,0.26928031811160164,0.025439039264547613
7350,MMM,0.9281219232390594,0.28122393928091244,0.26947646129549385,0.021989657995984343
7351,MMM,0.9272989866534205,0.27793269052971753,0.26888970278113794,0.025248587700701767
7352,MMM,0.9271779685877073,0.27383015762632607,0.2674933094564225,0.02265169266336417
7353,MMM,0.9269480285014242,0.27706341794463457,0.2671067651002688,0.02207679578527029
7354,MMM,0.9273546523931648,0.2846348147636408,0.2685083221678527,0.027185573382593343
7355,MMM,0.9267919067170138,0.28679708468519055,0.2701181428321493,0.04303544134758946
7356,MMM,0.9256535924932114,0.27987114513106826,0.26984105090142674,0.0
7357,MMM,0.9254989874417698,0.2852905982560793,0.27084392815857855,0.0
7358,MMM,0.9253446864164747,0.28811027970577013,0.2722833501866167,0.0
7359,MMM,0.9248091723534331,0.2844293027132711,0.2726031538271605,0.0
7360,MMM,0.9241375138897701,0.27959313684895243,0.2717662424247516,0.0
7361,MMM,0.9230906948427999,0.2713392223200402,0.26923170267894003,0.0
7362,MMM,0.9222072521788829,0.27077284282038455,0.26707609478315525,0.0
7363,MMM,0.9218683974584765,0.2669387114646989,0.2644852685393723,0.0
7364,MMM,0.9215597976238203,0.26519239899538216,0.2620180200675204,0.0
7365,MMM,0.921819989271953,0.2743989415095868,0.2621244826663944,0.04642791148548087
7366,MMM,0.9223040630120944,0.2867691208402549,0.26500475266932233,0.031200169552663165
7367,MMM,0.9226580477606325,0.2963857985104166,0.2694819020063266,0.02137567899288552
7368,MMM,0.9223598526520962,0.3060375635574088,0.27524448296762877,0.020877529490178993
7369,MMM,0.9224415375197217,0.312153720457461,0.28123652201759936,0.01680070890960281
7370,MMM,0.9229796493960734,0.3138300225719856,0.28640892156702186,0.02866290132235728
7371,MMM,0.9232640460607737,0.3129508153717337,0.290348180224147,0.031341502796261106
7372,MMM,0.9236755110296924,0.3121984000070658,0.2933295753761894,0.0
7373,MMM,0.9236422306553664,0.31111113028141035,0.29546901781386736,0.0
7374,MMM,0.9232882492307295,0.31021662480413215,0.2969784540642925,0.0
7375,MMM,0.9230280590598863,0.30682699528389723,0.2974201004078839,0.0
7376,MMM,0.9233245569402422,0.30346911032514623,0.29701468765827,0.0
7377,MMM,0.9228589342485405,0.3002629077554315,0.29596590097991077,0.0
7378,MMM,0.9227137107969379,0.30084241932805594,0.2952578149897166,0.0
7379,MMM,0.9228589342485405,0.29951137821071233,0.2943905912265742,0.0
7380,MMM,0.923082820403095,0.29749553707489024,0.29324132347539034,0.0
7381,MMM,0.9240055914639091,0.3014741437191768,0.2932208940693378,0.03731681729814998
7382,MMM,0.9245265830340614,0.30426893469811034,0.2938360466484341,0.032685998740162314
7383,MMM,0.9256036584440714,0.31082373011208575,0.2958092554181014,0.02233325009194926
7384,MMM,0.9264992004770325,0.314060372604594,0.29811915695554597,0.02263209256441909
7385,MMM,0.9267472927561211,0.31713981648336026,0.3006628929446002,0.02223336043106049
7386,MMM,0.9266595602352465,0.3193083154416047,0.3031878642260719,0.025270076965810226
7387,MMM,0.9265597139417572,0.3203841440204495,0.30545092975452803,0.047333176296396
7388,MMM,0.9263418817189315,0.3213443705380019,0.30747834985369643,0.0
7389,MMM,0.9262117846022371,0.32176032106424707,0.3091942719014755,0.0
7390,MMM,0.9262969226337023,0.32201073875064407,0.3106235925881304,0.0
7391,MMM,0.9263090275425814,0.318852454154532,0.31105341994922275,0.0
7392,MMM,0.9265994744457866,0.32032019919968846,0.3117289257014759,0.0
7393,MMM,0.9265571176057359,0.31600985135124604,0.31129538703044424,0.0
7394,MMM,0.9265268627199854,0.31271140593257923,0.3102032569114468,0.0
7395,MMM,0.9265571176057359,0.30829536511519523,0.30833172772233985,0.0
7396,MMM,0.926708392034489,0.3058874741739736,0.3062904301416928,0.0
7397,MMM,0.9274466090308693,0.311986822247871,0.3060355683251532,0.07936800307461793
7398,MMM,0.9281727285048174,0.31954637679344766,0.3075397956073141,0.035131996630199856
7399,MMM,0.9287959784126345,0.32196557498959466,0.30928980658958327,0.02397977647622101
7400,MMM,0.9294494880073927,0.3230748615052642,0.3109404638561175,0.019454869296267895
7401,MMM,0.9302482214230758,0.3313355082828662,0.314127521476334,0.029710089741296405
7402,MMM,0.9310644976497109,0.3374015799761029,0.3180478248665103,0.028604927535718524
7403,MMM,0.9316695953647227,0.34305155978322593,0.3224607069632859,0.05473304015835936
7404,MMM,0.9322867976192908,0.3453891598726756,0.3265192043230828,0.0
7405,MMM,0.9326740583102868,0.34404243538454077,0.32946170350889,0.0
7406,MMM,0.9333782688150829,0.34707452720862847,0.3325008181982276,0.0
7407,MMM,0.9337957888236974,0.34431535351760545,0.3343086617386851,0.0
7408,MMM,0.9342012042927557,0.3418211008633718,0.33519134850838067,0.0
7409,MMM,0.934848658847818,0.34283898950597846,0.3361274946276095,0.0
7410,MMM,0.9353024821340765,0.34048736482862546,0.33634505091933115,0.0
7411,MMM,0.9360285993920903,0.339064399148722,0.3361975701965177,0.0
7412,MMM,0.9359680896205891,0.33015056516746366,0.3340654631050816,0.0
7413,MMM,0.9361072595097855,0.32051641511846585,0.33018289613148566,0.0314646528155365
7414,MMM,0.9361375188274041,0.31140183905531416,0.32501736142635823,0.032571822260162975
7415,MMM,0.9363462734765373,0.3050558718223433,0.3194510326608761,0.028212335192390914
7416,MMM,0.9363583794933834,0.2982952605141065,0.31347037787738,0.020839864239796585
7417,MMM,0.9359469174790436,0.2948727480437373,0.3079125213373285,0.020183851289562536
7418,MMM,0.9352661825496553,0.29122687923393004,0.3026424349816191,0.03117454773657231
7419,MMM,0.935151212506514,0.29346854595644983,0.29893288098611176,0.05046836561741198
7420,MMM,0.9351572594211182,0.29653435147097923,0.29665797089656476,0.0
7421,MMM,0.9345430837630921,0.2975545354325277,0.2950685581664587,0.0
7422,MMM,0.9339561371329195,0.2987312943891636,0.29406292217696356,0.0
7423,MMM,0.9328367048828583,0.2931993662118444,0.29200844831907957,0.0
7424,MMM,0.9320137719904427,0.29168304509741033,0.2900222493791582,0.0
7425,MMM,0.9313965723211306,0.2909394253231254,0.2882652658583821,0.0
7426,MMM,0.9308345575634283,0.2958567261564956,0.28797076618265016,0.0
7427,MMM,0.930836977954288,0.3034177055291904,0.28944360512381406,0.0
7428,MMM,0.9306917545026849,0.30731461985877306,0.2915024023107356,0.0
7429,MMM,0.9290818307982533,0.29229990476976186,0.2897567949029338,0.07311698838576065
7430,MMM,0.9273815076963599,0.27664024022699907,0.2848219344713087,0.02914912546365746
7431,MMM,0.9254784798145166,0.26255214262814863,0.27769077452801205,0.03320740860125547
7432,MMM,0.9231216216292899,0.23794645646332324,0.2664260766066976,0.040974597209111216
7433,MMM,0.9207375351548548,0.21667044392349516,0.25260690364453875,0.05385115377871606
7434,MMM,0.9184986662228647,0.20174316909232798,0.2381786776530351,0.06809641123369045
7435,MMM,0.9162507304275307,0.19196008790563046,0.2244255638716841,0.1033337288774988
7436,MMM,0.9141268333852941,0.1856104983894409,0.21198835337337424,0.0
7437,MMM,0.9118819186466671,0.18202329942261936,0.20122804057671073,0.0
7438,MMM,0.9097247430767168,0.18081833591324203,0.1923475231940745,0.0
7439,MMM,0.9073830171355552,0.18353005834106006,0.18585583566394034,0.0
7440,MMM,0.9047931989153055,0.18458663220650395,0.1809012234504887,0.0
7441,MMM,0.9025119805297117,0.1898241740408505,0.17812098077381583,0.0
7442,MMM,0.9002247111669677,0.195444282388587,0.17716667642103723,0.0
7443,MMM,0.8984215199762331,0.20165425471077247,0.17780640525351854,0.0
7444,MMM,0.896600175854048,0.2101150430277892,0.180229943044174,0.0
7445,MMM,0.8943855148932047,0.2123623362149667,0.1826765596917852,0.08434324023876699
7446,MMM,0.8922132096644446,0.22113820770425285,0.18661680225220417,0.031754285602959856
7447,MMM,0.8899949187820912,0.23190086230393886,0.19220086848667628,0.03698337947031323
7448,MMM,0.8879133826424512,0.2411223697605402,0.198751764249394,0.03076955774029751
7449,MMM,0.8867428801304706,0.24436495512396078,0.20472515820077986,0.035663324613650765
7450,MMM,0.8859017946759269,0.248376116663595,0.21041021408777444,0.07573053169991305
7451,MMM,0.8851786984746199,0.2517482865317592,0.21572021636400582,0.06213762693573116
7452,MMM,0.8854177146573057,0.2550241436279784,0.2207084134299714,0.0
7453,MMM,0.8862346006351169,0.2638540774055318,0.2266941359521702,0.0
7454,MMM,0.8867912934875064,0.26816893467482855,0.23245767616751384,0.0
7455,MMM,0.8871362010316748,0.26960552506557695,0.23739311266317142,0.0
7456,MMM,0.8875597694321828,0.2723124836022524,0.24195311181216916,0.0
7457,MMM,0.8876686870208852,0.27022848437783836,0.24513022175153618,0.0
7458,MMM,0.8880196436955916,0.2727378461155482,0.24823891173383644,0.0
7459,MMM,0.8881225103071435,0.27368179989791025,0.25093915449539217,0.0
7460,MMM,0.8885037218676008,0.2763990603004367,0.2537133264119199,0.0
7461,MMM,0.888762459124375,0.28009923065422593,0.2567687347568553,0.06378297259115079
7462,MMM,0.8892586362961059,0.2869605617309384,0.26076341130706426,0.06065604837209962
7463,MMM,0.8894643676725982,0.2888499473209625,0.26438606806539755,0.03357567793022955
7464,MMM,0.8898395282559055,0.29541125883886665,0.2687667525226386,0.0371730045239626
7465,MMM,0.8905505199176558,0.30011258464943696,0.27333358666195273,0.03730359313500631
7466,MMM,0.8915277560513004,0.31370712119576044,0.2800588031412526,0.05610103260641762
7467,MMM,0.8918738757113749,0.31795495077417557,0.2863987933017697,0.10242539417156817
7468,MMM,0.8925394831978877,0.3257666874620616,0.2932358839010802,0.0
7469,MMM,0.8931692106058347,0.32641510572916993,0.2988520695231885,0.0
7470,MMM,0.8941010592403409,0.3318797380656548,0.30457977727691876,0.0
7471,MMM,0.8948876862698556,0.3333140107392877,0.3094860241042543,0.0
7472,MMM,0.8955714466878191,0.332636786813884,0.31325799965013335,0.0
7473,MMM,0.8958558426138747,0.3316411460668594,0.31605061039951204,0.0
7474,MMM,0.8957045681851217,0.32111017593103885,0.31590517700198945,0.0
7475,MMM,0.8956924662308214,0.3123486314434104,0.31380911829472974,0.0
7476,MMM,0.894996603858558,0.2965729350967422,0.3085676788943079,0.0
7477,MMM,0.8965517031395263,0.31267038903375566,0.30801182244225095,0.14766230446392253
7478,MMM,0.8981007536592787,0.3288522982301829,0.3112235154100803,0.0790481436285805
7479,MMM,0.8994622231487326,0.33712398134370813,0.31566189530309524,0.11875888867438981
7480,MMM,0.9005090440423142,0.3402550553010431,0.31992008003453565,0.05173906600805612
7481,MMM,0.9014483969373619,0.3419791405888646,0.32371619296081056,0.046419292164860446
7482,MMM,0.902216873620683,0.3440866171027682,0.3272292774851177,0.08266329922798045
7483,MMM,0.9032757946219534,0.3458505760891609,0.3304383198945246,0.09423255281252566
7484,MMM,0.9039898099256671,0.3466169855651284,0.33317872763066153,0.0
7485,MMM,0.9050097036016085,0.3506705660996717,0.33628697931591744,0.0
7486,MMM,0.905357635895707,0.35334854528639875,0.33937868259682247,0.0
7487,MMM,0.9060534971600036,0.3536830559075548,0.3419276294622207,0.0
7488,MMM,0.9062410774516572,0.35058389719654165,0.34326651753681064,0.0
7489,MMM,0.906788267315342,0.3476632933185907,0.34367770387908875,0.0
7490,MMM,0.9073389062360027,0.3501400091810216,0.3445662784953853,0.0
7491,MMM,0.9081194822883678,0.35238992974337885,0.3457855182712297,0.0
7492,MMM,0.908797191729181,0.35062909522002356,0.34636304128899287,0.0
7493,MMM,0.9120344685670387,0.38603394051600115,0.3548249502257777,0.16253830727169574
7494,MMM,0.9157558209916496,0.4104855548540293,0.36711943409141695,0.0871490062100434
7495,MMM,0.9193682550889137,0.4265196781247842,0.3805780063917206,0.06122834764671885
7496,MMM,0.9234587123184914,0.4358646720946766,0.3934564093628146,0.07031771642317086
7497,MMM,0.925143911670733,0.4348597319572226,0.4035320608115679,0.05125130691924819
7498,MMM,0.9260152538576389,0.4243405721916332,0.4092157285819823,0.0690342641609239
7499,MMM,0.9277458336918947,0.42317777411083335,0.4134999231289693,0.1496014154577479
7500,MMM,0.9287744979608028,0.40766526145569637,0.4134221539189934,0.0
7501,MMM,0.9305353356353874,0.4047283369297624,0.41269632670681106,0.0
7502,MMM,0.9326350250758002,0.4074274000584497,0.412725530885144,0.0
7503,MMM,0.9344926769074977,0.4053912502202276,0.41228881664076933,0.0
7504,MMM,0.9365137032756365,0.40489252279716204,0.41182675544951497,0.0
7505,MMM,0.9384678663462669,0.4063123704975618,0.4117779277306383,0.0
7506,MMM,0.9405130966230062,0.4076253883705563,0.4120355480900977,0.0
7507,MMM,0.9426248876483967,0.4072459381193228,0.4121559058172152,0.0
7508,MMM,0.9451239412113945,0.4086438722489455,0.4125680617591429,0.0
7509,MMM,0.9487030923490769,0.4243901990992295,0.4164557427721143,0.12698183861916124
7510,MMM,0.9519827208564731,0.43623466572423925,0.4222422002596471,0.09940638856960013
7511,MMM,0.9555770005449973,0.4494471913993082,0.42985679827299206,0.04629094693863575
7512,MMM,0.9590117167342636,0.4528343117475538,0.43671381238126045,0.07349989875250093
7513,MMM,0.9604034340923435,0.46121223433600145,0.4440924544932859,0.06661943751258215
7514,MMM,0.9623609255697287,0.4719112286983366,0.452412856040424,0.11899113803960047
7515,MMM,0.9646542418470769,0.4813846710499682,0.46120974592209873,0.1670907254339031
7516,MMM,0.9670685850538745,0.48673529237097335,0.4694562557608557,0.0
7517,MMM,0.9699216204108321,0.48844057967980326,0.4764387812816386,0.0
7518,MMM,0.973279910882535,0.48682767860079673,0.48166035914957056,0.0
7519,MMM,0.9763417053204937,0.4875919466357488,0.4860103113839062,0.0
7520,MMM,0.9800267504049145,0.4819752932274046,0.48822116404254307,0.0
7521,MMM,0.9829735762770213,0.4751422313795519,0.4884458838597793,0.0
7522,MMM,0.9857449238117748,0.4714185285643434,0.48778427163204335,0.0
7523,MMM,0.9888188202040338,0.4680482934466009,0.48649346144913314,0.0
7524,MMM,0.991644626533138,0.4621599653925671,0.4841303180160871,0.0
7525,MMM,0.9936535498390093,0.44675100706312953,0.47875807700670797,0.14647933222699042
7526,MMM,0.9954839667336963,0.43180611439458066,0.4710834157446037,0.05254396886654163
7527,MMM,0.9981040416863087,0.4299685983976762,0.464528491394118,0.03687404397860756
7528,MMM,0.9996772953760165,0.4146469430449847,0.45582255216704304,0.04537647244267414
7529,MMM,1.0,0.3989260052228368,0.44530558129570574,0.05557383717394911
7530,MMM,0.9995794618892568,0.37553084690972693,0.4316057590664618,0.07107786965816129
7531,MMM,0.9992103519137776,0.36257831636528287,0.41771921637653425,0.11515317890580677
7532,MMM,0.9994001710374312,0.35463459550105536,0.4048150613112412,0.0
7533,MMM,0.9988918922807224,0.3450387991351873,0.392323522152794,0.0
7534,MMM,0.9983261240705747,0.34213848250171436,0.3816749507064956,0.0
7535,MMM,0.9967952301754963,0.32831326599439176,0.3700322211646216,0.0
7536,MMM,0.9953066897965679,0.3177741207394686,0.35833666832766836,0.0
7537,MMM,0.9938786591891404,0.3098410921544022,0.34718772111528107,0.0
7538,MMM,0.9925111383532141,0.303597573760227,0.33685781113867386,0.0
7539,MMM,0.991016546997135,0.3009625168583954,0.3279984797158766,0.0
7540,MMM,0.9897639947270613,0.29835119773460944,0.3203209747981918,0.0
7541,MMM,0.9852923189199019,0.24885943790454604,0.3029960760624945,0.2020343958121909
7542,MMM,0.9803698445764142,0.20769580125422277,0.27983504068829246,0.08792403662857046
7543,MMM,0.9751508804776621,0.17365909561159973,0.2536154594252112,0.08733414449405474
7544,MMM,0.9698441724090432,0.1458152233538063,0.22634834114260885,0.056249922514669086
7545,MMM,0.9663890696268393,0.14390449635941344,0.20410290880814597,0.05936704668424772
7546,MMM,0.9630035471727048,0.14400456206325374,0.1863291732547599,0.05583690356219991
7547,MMM,0.9571643486830073,0.12132921029468166,0.1669865829379864,0.11316707490366729
7548,MMM,0.9534180680791495,0.1238248346292391,0.15207640868482802,0.0
7549,MMM,0.9489655733968236,0.11504338622086943,0.13816405990899916,0.0
7550,MMM,0.9449144405015975,0.10619346278331121,0.12503449926166124,0.0
7551,MMM,0.9407150634673838,0.10553686611842938,0.1143824896538714,0.0
7552,MMM,0.9364430735994014,0.10909340518404831,0.10666449861746127,0.0
7553,MMM,0.932376816954523,0.11431649733243446,0.10167028790824073,0.0
7554,MMM,0.9278143801833356,0.11839506148312098,0.09859649000222509,0.0
7555,MMM,0.9236634098583556,0.11860845794666397,0.09618566960724609,0.0
7556,MMM,0.9196092551677779,0.12287474114796243,0.09522099995081096,0.0
7557,MMM,0.9160512846660549,0.13602321570646717,0.09742022359937441,0.07312076671808741
7558,MMM,0.9120848713600875,0.1423005740779571,0.10059800102619976,0.04563080143741931
7559,MMM,0.9084936156828491,0.1568031976350484,0.10641715864629211,0.037413873209793676
7560,MMM,0.9050778390816083,0.17182948734866232,0.11446774524031411,0.03457445646623204
7561,MMM,0.9053138268211407,0.19103499032705748,0.12524778781330273,0.03664533679995324
7562,MMM,0.9059038007865001,0.20953289370786993,0.1380515097281597,0.0455002128263756
7563,MMM,0.906269882318826,0.21894237493578772,0.15042060358870815,0.07508349228895506
7564,MMM,0.9068386752789037,0.22758779400485551,0.1622693515844887,0.0
7565,MMM,0.905991534415342,0.23261410344029793,0.17288406812590304,0.0
7566,MMM,0.9054590528579995,0.24174268733008097,0.18343848761928233,0.0
7567,MMM,0.9059189308146318,0.23954847229368942,0.1913862300555247,0.0
7568,MMM,0.9047397163876172,0.23275827412997582,0.1962101469449189,0.0
7569,MMM,0.9044553204615615,0.22855420676400287,0.1991193517561065,0.0
7570,MMM,0.9046973595475658,0.22970037739888208,0.2017056982251633,0.0
7571,MMM,0.9045581870731134,0.22988966985067227,0.2038175469159573,0.0
7572,MMM,0.9043282499414094,0.23136364460720044,0.20584007736441706,0.0
7573,MMM,0.9046671013379148,0.24188486743959559,0.20983542127137494,0.06469390490055607
7574,MMM,0.9054718805602353,0.25547860540222644,0.21610326512106623,0.04106763864265773
7575,MMM,0.9058077116386785,0.25472252043297405,0.2209466992628285,0.03933102264696975
7576,MMM,0.906122362819807,0.25636815258940165,0.22519328486508813,0.0429388577274866
7577,MMM,0.9055354172976011,0.2527489268743571,0.22777277235520396,0.04594286807303281
7578,MMM,0.9059529361982483,0.25925745959642776,0.23130699578189812,0.05767884057149638
7579,MMM,0.9057986333263415,0.2642408123386201,0.23526038640212582,0.07811383288790338
7580,MMM,0.9055414667974615,0.26907940526940366,0.2395164016201806,0.0
7581,MMM,0.9052449729796517,0.27861935161305756,0.24507680932688722,0.0
7582,MMM,0.9044563498663218,0.28134501594791667,0.2501410121073845,0.0
7583,MMM,0.9041598508779989,0.2847802795173728,0.2549685882155628,0.0
7584,MMM,0.903736282477491,0.2861353296572945,0.25913682902412877,0.0
7585,MMM,0.9035184473000868,0.28779312635314563,0.2628460085944556,0.0
7586,MMM,0.9030767259681285,0.29037758376288103,0.26639732250013626,0.0
7587,MMM,0.9029664771644532,0.2873524443388502,0.2685548292113256,0.0
7588,MMM,0.9028394066443006,0.27912030788920456,0.2684207448153448,0.0
7589,MMM,0.9029604236020463,0.2768884734421778,0.2678091838581718,0.07706074082470368
7590,MMM,0.9009121667287652,0.2472857342727632,0.2606310576084653,0.0917812416426536
7591,MMM,0.8983193208040063,0.21521454950996943,0.2476419222882627,0.10018153706101239
7592,MMM,0.8965221816983888,0.20322414909954434,0.234541326933023,0.05739770903180825
7593,MMM,0.8951244074540012,0.20936100017261922,0.22544750087502274,0.061157149696936426
7594,MMM,0.894222808534733,0.22715093462703206,0.22219215899220873,0.0997859928955545
7595,MMM,0.8941199430311477,0.2416932687185115,0.2228737939457172,0.10356066496287494
7596,MMM,0.8931457353406567,0.24272285061929844,0.2236517407584177,0.0
7597,MMM,0.8929399987936519,0.2500216126521188,0.22592328765495925,0.0
7598,MMM,0.8919930171764354,0.25426846164967426,0.22870012058243452,0.0
7599,MMM,0.8906376019880327,0.25156002882249984,0.23030960384910376,0.0
7600,MMM,0.8892277243120557,0.24971984715057421,0.23118139279988797,0.0
7601,MMM,0.8874124311670206,0.24831525556825562,0.2315614499176819,0.0
7602,MMM,0.8859319385877014,0.24771066900735755,0.2317288864484488,0.0
7603,MMM,0.8842195120542187,0.24552613691767058,0.23136923042173446,0.0
7604,MMM,0.8850545428383889,0.28020285467101863,0.23891687229635902,0.14789738757837825
7605,MMM,0.8860105964894629,0.3098059221707382,0.2516439374677962,0.06396693014631002
7606,MMM,0.8869333712435001,0.33354698967105056,0.2671899949371484,0.0570110203327412
7607,MMM,0.8880238776068496,0.34906002307162554,0.283132083425065,0.04447604862005267
7608,MMM,0.8885321626420384,0.34612914935136546,0.2952235095790622,0.05440715899517613
7609,MMM,0.8893308960577213,0.35153726430404303,0.3061186393908778,0.06750167811088106
7610,MMM,0.8921052731435954,0.3559794133444405,0.3158384676094402,0.07353366759767137
7611,MMM,0.8956178675951723,0.3601453380476258,0.3245556403714174,0.0
7612,MMM,0.8982137356846049,0.3614796168216925,0.33183086511567805,0.0
7613,MMM,0.8994541878469906,0.3564185585924614,0.3365074751136832,0.0
7614,MMM,0.901087955740068,0.3695147770066055,0.3432079149653727,0.0
7615,MMM,0.9018170955320781,0.3655197682021722,0.34766557590696695,0.0
7616,MMM,0.9034690122940596,0.3641177876764963,0.35091492059787954,0.0
7617,MMM,0.9046489528383326,0.36122156705502334,0.3528599817441535,0.0
7618,MMM,0.9065187047777183,0.36630776512310936,0.3555652809228435,0.0
7619,MMM,0.9082916410827022,0.3615634240097436,0.35665751418325553,0.0
7620,MMM,0.9086486487345593,0.3361550746799678,0.3517901653255696,0.0
7621,MMM,0.9097317714284958,0.3259257210451657,0.34558491590264906,0.10675430036207051
7622,MMM,0.910796739344371,0.31725703595464716,0.33866198639051726,0.06295776119640893
7623,MMM,0.9120250836432988,0.3103526363234343,0.33156356136506043,0.03650719152425601
7624,MMM,0.9106242901888157,0.3021201465768731,0.32402465175067086,0.04425631498067442
7625,MMM,0.909941136198128,0.30835643848264555,0.3194026434069753,0.04814492738222378
7626,MMM,0.9098473467909458,0.32243097623678524,0.3188852444196301,0.07901614587668822
7627,MMM,0.9094177325838004,0.32558302441644443,0.31918354527049564,0.10346538014450941
7628,MMM,0.9082498910392496,0.30243257793475387,0.31419123420280454,0.0
7629,MMM,0.9080502069466836,0.3066642978919606,0.3111535622814088,0.0
7630,MMM,0.9079957451977541,0.3128212017316422,0.3101146059869642,0.0
7631,MMM,0.9078626237004515,0.3176713876189653,0.3103793631560772,0.0
7632,MMM,0.9075056160485944,0.3167496445351841,0.31038289672696345,0.0
7633,MMM,0.9080562549692555,0.3237125108776979,0.3119590158265213,0.0
7634,MMM,0.9073785455284422,0.32862730739222223,0.3143304323844908,0.0
7635,MMM,0.9075842787515462,0.3316158473207522,0.3169028402168932,0.0
7636,MMM,0.9074874631171446,0.3316444376486615,0.3189672266012358,0.0
7637,MMM,0.9078505217461512,0.3369685060083261,0.3218217338762194,0.0
7638,MMM,0.9082680406467984,0.3495684143911928,0.32695234797472716,0.09489777544780618
7639,MMM,0.9088610408393785,0.3534694875794622,0.33193830500111154,0.04867578307413383
7640,MMM,0.911959142248205,0.371584347567442,0.34002020803107147,0.050120877116235085
7641,MMM,0.9145005508046422,0.3869044573484338,0.3499473809725656,0.055902906305033036
7642,MMM,0.9171024728258039,0.3984437457806548,0.36049647556173536,0.03448767289560173
7643,MMM,0.9197830605044959,0.40759772498384556,0.37100413568325735,0.055129056615358094
7644,MMM,0.9223638018896978,0.4093773151995533,0.3798123705198687,0.07376816034770103
7645,MMM,0.9240695717573999,0.4094319442614559,0.3868713020814101,0.0
7646,MMM,0.9251587461671318,0.4084887133120353,0.39230531988241435,0.0
7647,MMM,0.9267804036114946,0.4066858874804867,0.39624517718766017,0.0
7648,MMM,0.930132644952659,0.40405304530170577,0.39880216001738567,0.0
7649,MMM,0.931790612691791,0.39840919975217,0.39957249296074737,0.0
7650,MMM,0.932934247373163,0.3882570033408147,0.3978948230144711,0.0
7651,MMM,0.9344348897063919,0.3846938799939398,0.395747582658458,0.0
7652,MMM,0.9363833043487293,0.38296903887599965,0.3936400544491715,0.0
7653,MMM,0.9372848999440966,0.37322981022613494,0.3897534075795627,0.0
7654,MMM,0.9384769424426695,0.3687447704060837,0.3856306743423339,0.0
7655,MMM,0.9388036929928416,0.35124964850585694,0.3783793830655828,0.05686118584140804
7656,MMM,0.9387855359988457,0.3299589582698783,0.36776761892492393,0.028984768007443314
7657,MMM,0.9378933806517042,0.30580975365893204,0.3538215817895814,0.04224010239280606
7658,MMM,0.9365286976886062,0.2887585889273707,0.33881196159473603,0.033210124277615334
7659,MMM,0.9355544899981154,0.27583563335351274,0.32388426313536994,0.03035724722513961
7660,MMM,0.9333761345308502,0.26403352695224036,0.30927536318156035,0.03964615917759874
7661,MMM,0.9306955560852164,0.24979096904113543,0.29437007058994286,0.07512847805822057
7662,MMM,0.9291276291020127,0.25601275525798917,0.2838516782361535,0.0
7663,MMM,0.9263683827829148,0.2451910022542932,0.2729917386059629,0.0
7664,MMM,0.9244018118852257,0.24477020967828694,0.2642087068495571,0.0
7665,MMM,0.9223928874713871,0.24435699160778446,0.2570889128871535,0.0
7666,MMM,0.9203113513317476,0.24386587221815167,0.2512821069922429,0.0
7667,MMM,0.9183992425523109,0.24677256297916206,0.24729344265980904,0.0
7668,MMM,0.9162632476183197,0.24637572952260886,0.24401284481680025,0.0
7669,MMM,0.9143571898160328,0.2476453374930087,0.2416752404062635,0.0
7670,MMM,0.9127960377113029,0.24967482470748595,0.24026372901385265,0.0
7671,MMM,0.910835521114665,0.25139108286261025,0.23952231646377534,0.0
7672,MMM,0.9097826477666437,0.26860330064976845,0.2428183676020766,0.0900579678829945
7673,MMM,0.910281857074752,0.2977159558426698,0.252033349228139,0.047256783139664284
7674,MMM,0.9100216672732309,0.31341858905890296,0.26295341800727706,0.032264596612843144
7675,MMM,0.9109837704241652,0.3302565023661054,0.2754940783596079,0.07418247810190753
7676,MMM,0.9124511342296802,0.3434977020521662,0.2885185176917961,0.036575909943448996
7677,MMM,0.914595844432152,0.35616081424614726,0.30179935863304214,0.03206564380126208
7678,MMM,0.9166987473462089,0.3667656350806928,0.3148202402941321,0.07275722030452178
7679,MMM,0.918760613747565,0.3740210122244653,0.32687633205062283,0.0
7680,MMM,0.9209752739697643,0.37914507260478586,0.33767901088416685,0.0
7681,MMM,0.9235650918206917,0.38234167826668014,0.3470434419634256,0.0
7682,MMM,0.924999899522527,0.38381465168118056,0.3548678120647389,0.0
7683,MMM,0.9268938553705135,0.3745346662964997,0.3590304520090682,0.0
7684,MMM,0.9283702937951419,0.3677382183407092,0.36082487473515734,0.0
7685,MMM,0.9300040576256736,0.36323064861197324,0.36124190643615833,0.0
7686,MMM,0.9317588409992072,0.35994791427123884,0.3608337826063885,0.0
7687,MMM,0.9331263618351331,0.3536777029365698,0.35909049994102255,0.0
7688,MMM,0.9351352862489721,0.3542584453793897,0.3578270952821054,0.0
7689,MMM,0.9389292500300619,0.3811852595350275,0.36290061125623313,0.08787456408966692
7690,MMM,0.9427776755600816,0.4025916704160598,0.3717963027762245,0.06249361668464327
7691,MMM,0.9466563500666947,0.41818927442933995,0.3824372076304631,0.029951194572897907
7692,MMM,0.9497120953741152,0.43233431787994475,0.39414607029361454,0.03804638965587068
7693,MMM,0.951856436254251,0.44384132671111665,0.4061132229331542,0.034877903781225114
7694,MMM,0.9544371776394533,0.4504710258495285,0.4171849565983324,0.047944321550249754
7695,MMM,0.9564279542923542,0.45000562709156894,0.4259371845026104,0.07251221906770831
7696,MMM,0.9584036005478014,0.44810403317934483,0.43250929278031924,0.0
7697,MMM,0.9602733499019307,0.44616143412122544,0.43732804005211506,0.0
7698,MMM,0.9620583859452809,0.4430577640234716,0.44048174908287147,0.0
7699,MMM,0.9638328349945531,0.4385485235514518,0.4419858323153407,0.0
7700,MMM,0.9657873006140405,0.43635414243194326,0.4426932682155973,0.0
7701,MMM,0.9673060958787196,0.4267897456948198,0.44109809672268446,0.0
7702,MMM,0.9686252088974454,0.41483627371997217,0.4371210165821551,0.0
7703,MMM,0.9706764901513345,0.4053973913872625,0.43180659282381617,0.0
7704,MMM,0.9723889166848174,0.3931662308320078,0.42479136583635946,0.0
7705,MMM,0.9739978715090334,0.38259680141520697,0.41679097219480543,0.0
7706,MMM,0.9753532918679486,0.37063404446391485,0.4076876163514731,0.05467211454959032
7707,MMM,0.9762790943264954,0.351154807268971,0.3960035068514736,0.0419932119898292
7708,MMM,0.9771383312351998,0.34044128573361715,0.38423544891121186,0.02674598803095163
7709,MMM,0.9761399144655956,0.33149347086439657,0.3727992019051196,0.023313609257858785
7710,MMM,0.9749387951319752,0.3223930917608933,0.36159393104348286,0.02403928521036751
7711,MMM,0.97377700862712,0.315578871314305,0.3510900093473114,0.030430452413970622
7712,MMM,0.9721674464892549,0.30678177862461165,0.340699127718477,0.06567390984780996
7713,MMM,0.9707340917310343,0.3043234448745458,0.3318309503972699,0.0
7714,MMM,0.969345390628471,0.30225500687958734,0.3242690352931097,0.0
7715,MMM,0.9680020729625005,0.29732800196009224,0.31710622338520833,0.0
7716,MMM,0.9666527050580247,0.2935822296308977,0.3105295990673711,0.0
7717,MMM,0.9651823176105461,0.29018479770479144,0.3045006339662234,0.0
7718,MMM,0.9638692555689712,0.2900209775757494,0.299640445960316,0.0
7719,MMM,0.9630221187679546,0.2963769968160676,0.29718846785508324,0.0
7720,MMM,0.9614488647089245,0.2936900960688606,0.29461976756984504,0.0
7721,MMM,0.9607166964737606,0.2976733502345124,0.2934648422657563,0.0
7722,MMM,0.9595186029980376,0.29098759708662597,0.29103022480311264,0.0
7723,MMM,0.9590163755878014,0.29726993170208954,0.2905020537465916,0.029110279484422942
7724,MMM,0.9588530025286492,0.3035466889927113,0.2914977795923136,0.018702745017471836
7725,MMM,0.9591773337959284,0.3156357162460661,0.29502593256479503,0.02233856337178377
7726,MMM,0.9593528080707361,0.3200101553960585,0.2988368799452072,0.022026614809055482
7727,MMM,0.9602786068360591,0.3248872297989731,0.30298763564016695,0.025945690014989354
7728,MMM,0.9612588714128578,0.3343526400575166,0.30844699395106795,0.03463490978346023
7729,MMM,0.9623420014932413,0.34278916122394243,0.3147207520481901,0.055225049871034895
7730,MMM,0.9632103130210596,0.34403679254541586,0.32002166666306175,0.0
7731,MMM,0.9643599994182261,0.3492007338003427,0.32542921505360783,0.0
7732,MMM,0.96592720619333,0.3555147199446703,0.3311819284907443,0.0
7733,MMM,0.967022433057501,0.35743364103411884,0.3362176884429684,0.0
7734,MMM,0.96801479331012,0.35668417022709104,0.34007694996767207,0.0
7735,MMM,0.9694065180546465,0.3580142255005499,0.3434648914023816,0.0
7736,MMM,0.9700116157696583,0.34696830359485764,0.343679366790263,0.0
7737,MMM,0.9711370975195799,0.34485784563238475,0.3433740792450208,0.0
7738,MMM,0.971687433891383,0.3366631006533705,0.34127820822171107,0.0
7739,MMM,0.9719960337260389,0.33265818588450213,0.33869658216427273,0.0
7740,MMM,0.973393810555683,0.33737836336439,0.3376978275147692,0.04565795820101791
7741,MMM,0.9743680197234632,0.34046888686179655,0.33759714204595964,0.030667542767474937
7742,MMM,0.9759049682889149,0.3408306470837618,0.33759833508644294,0.025654168061402624
7743,MMM,0.9762075171464208,0.3340033814730975,0.33605663689608084,0.02206239089327451
7744,MMM,0.9762861735708925,0.3263142202211117,0.3330858763664043,0.01933290000584461
7745,MMM,0.9757415893206056,0.31808186111822684,0.32884912786818915,0.033089689934699795
7746,MMM,0.9751607006847072,0.30597586270237653,0.32272432206010626,0.0672954047804169
7747,MMM,0.9744950909822603,0.2968611130634798,0.31576495706713725,0.0
7748,MMM,0.9734059106633712,0.28948548563604,0.30853090753066426,0.0
7749,MMM,0.972068643974551,0.28160848551072665,0.30096382285140816,0.0
7750,MMM,0.9713364757393868,0.2796265743035346,0.2944623329935313,0.0
7751,MMM,0.9700173627206616,0.27440542131216467,0.2880813971489271,0.0
7752,MMM,0.9685106694102825,0.27069041708219355,0.28213722587777074,0.0
7753,MMM,0.9671734034601067,0.2681977801636314,0.2768186658812133,0.0
7754,MMM,0.9659511060757833,0.26669124455079674,0.27222340911024484,0.0
7755,MMM,0.9642991893138018,0.26216703758814236,0.26752493795271803,0.0
7756,MMM,0.9631737075638802,0.25533011611452405,0.262221326616515,0.0
7757,MMM,0.9609953572671275,0.24215484455252417,0.25500142326546604,0.18616599040421664
7758,MMM,0.9594042535641489,0.23505475253604108,0.2476212015583995,0.025331120647464473
7759,MMM,0.957945968070971,0.23500894926834204,0.24170667473000734,0.022256384643676696
7760,MMM,0.9560399047288493,0.2373914103849667,0.23751338150875193,0.019213528318895973
7761,MMM,0.9541338413867275,0.23978984217872318,0.23470068382246162,0.02697103495016439
7762,MMM,0.9522882915093303,0.24164220688096977,0.2328690761487096,0.02849736313729102
7763,MMM,0.9510811152894023,0.2464545577787104,0.23249116322137714,0.04450651142443719
7764,MMM,0.9500161462655607,0.2509633994583471,0.23320762676264145,0.0
7765,MMM,0.9489965540305099,0.25381058399560397,0.23442413226934536,0.0
7766,MMM,0.9487114294019401,0.2618651435747214,0.2372173021145183,0.0
7767,MMM,0.9481728924355799,0.26534017082903827,0.24023703666516283,0.0
7768,MMM,0.9484572883616351,0.2802296343437024,0.24601716828349868,0.0
7769,MMM,0.948566205950337,0.2873344744157362,0.25224664544977177,0.0
7770,MMM,0.9486509196304391,0.2966710395658438,0.2593398677823562,0.0
7771,MMM,0.9491470997567482,0.30614444609089564,0.2671550061972045,0.0
7772,MMM,0.9495706681572567,0.31251803751957474,0.27484725974679075,0.0
7773,MMM,0.9501152561007669,0.3192237989217282,0.2825162607645415,0.0
7774,MMM,0.9513980603020127,0.33514491474347613,0.29224891222445026,0.04557920358658196
7775,MMM,0.9532073009926081,0.35119817093290034,0.3036623417727029,0.06489297578502234
7776,MMM,0.9554038082833569,0.36513552027249135,0.3159422947344783,0.04216937673456448
7777,MMM,0.9580117779577677,0.37300603003207694,0.3275446356254592,0.025241031036048245
7778,MMM,0.9599843931848044,0.3716063855494405,0.33651025211574065,0.03373956309490286
7779,MMM,0.9617966578866857,0.3721241691548895,0.34379974093733084,0.03343765072741753
7780,MMM,0.9635817035324166,0.37298732005808,0.3498263649815363,0.05637047493046983
7781,MMM,0.9653970003706751,0.373092826509696,0.35467150389351265,0.0
7782,MMM,0.9674603850561543,0.3752599217211451,0.3590372803301628,0.0
7783,MMM,0.9689943103489649,0.37104849368541865,0.3615783096013696,0.0
7784,MMM,0.970712787859598,0.3697681277087469,0.36332182833259,0.0
7785,MMM,0.9723102458272284,0.36495481223267423,0.36362905215490793,0.0
7786,MMM,0.9733759439229073,0.3579596377692136,0.362294238798753,0.0
7787,MMM,0.9747495157359836,0.35305362825539904,0.36011785229944765,0.0
7788,MMM,0.9753304095423949,0.3487778002444166,0.3574105997460285,0.0
7789,MMM,0.9769702243500764,0.35558126259858996,0.35678207186881616,0.0
7790,MMM,0.9783377451860025,0.35991944849206564,0.3572594829764639,0.0
7791,MMM,0.9790638650292731,0.3553702555025236,0.3566135004120968,0.047045078456480406
7792,MMM,0.9804737419666052,0.3602020155081252,0.3571884731510463,0.09754426109693252
7793,MMM,0.9814388698674705,0.3586483070481418,0.35729738364285696,0.07078091635185484
7794,MMM,0.9817293234184781,0.3577764415734237,0.3571875099511431,0.021866626049594155
7795,MMM,0.981578048989725,0.3539510268708045,0.3562352406391795,0.02382085037272658
7796,MMM,0.9812331388603006,0.3494490489737138,0.35445618221027353,0.029283728552798358
7797,MMM,0.9812512910531062,0.3483642975450946,0.3527878308041962,0.05979045605061549
7798,MMM,0.9817172188789214,0.3467816039867634,0.35109553266133614,0.0
7799,MMM,0.9822345803798351,0.3481915127602814,0.35006026963412257,0.0
7800,MMM,0.9827852163459168,0.3505132688762784,0.34975667087476175,0.0
7801,MMM,0.98293649077467,0.3461737582601294,0.34853325913056643,0.0
7802,MMM,0.983015153477621,0.34410252266716057,0.3470865243576498,0.0
7803,MMM,0.9831119691120234,0.3371911695543102,0.34436748395184036,0.0
7804,MMM,0.9832813964722267,0.33524385369738685,0.3417522464940527,0.0
7805,MMM,0.9836263021697831,0.3328692373208996,0.3391235008421191,0.0
7806,MMM,0.9841950940218935,0.33142652967080044,0.3366945177738047,0.0
7807,MMM,0.9847880897826056,0.3315272942404851,0.3347740995453463,0.0
7808,MMM,0.9849393623647467,0.3249556695052569,0.33175287559227523,0.025643423428848396
7809,MMM,0.984442693994309,0.3207504970218844,0.32838571802304123,0.027852449038266832
7810,MMM,0.9838254954329639,0.31509688069834596,0.3244145308951131,0.03089223546803206
7811,MMM,0.9833656152603978,0.3055322132129797,0.31907639980281965,0.0333893589173661
7812,MMM,0.9825305774591031,0.30151269102773004,0.3138976650760865,0.03155981956101682
7813,MMM,0.9819406127268018,0.29727923017247954,0.3087981069978809,0.03831677656300458
7814,MMM,0.9813718193974017,0.2953170104023394,0.3042750877932207,0.06053738512246225
7815,MMM,0.9809422620068042,0.2933865769538797,0.3002204819555704,0.0
7816,MMM,0.9802100956182518,0.2866313441672202,0.2954504208164666,0.0
7817,MMM,0.9797865279563884,0.2890128618941879,0.29217248698333304,0.0
7818,MMM,0.9788788813838709,0.2837386812183871,0.28835841410500684,0.0
7819,MMM,0.9779591328570532,0.28279774749945447,0.28509454742409907,0.0
7820,MMM,0.9769849255358845,0.283226000358562,0.282580219817514,0.0
7821,MMM,0.97675498840418,0.2890607925017122,0.28188715632930134,0.0
7822,MMM,0.9758473418316627,0.28569471929951196,0.2805721255423081,0.0
7823,MMM,0.9751514794593992,0.2815335762201933,0.2785798711558814,0.0
7824,MMM,0.9744374641556854,0.2821096234961146,0.277116228225177,0.0
7825,MMM,0.9727129400997707,0.2675306028054748,0.27265111591204577,0.05340046957586449
7826,MMM,0.9705103847864505,0.2502755412095949,0.26518016412404777,0.04765964782400528
7827,MMM,0.9680234317004635,0.23475087441624562,0.2556955315616619,0.031178680287554706
7828,MMM,0.965500175336832,0.21650873682370553,0.24398592913237155,0.044954243805158486
7829,MMM,0.9630258172504631,0.20511139797638744,0.2320429651261311,0.02247812552210354
7830,MMM,0.9610895064090375,0.20301403887989128,0.22201468581567385,0.03128494588424489
7831,MMM,0.9587780379388835,0.19202317587576673,0.21150862542395837,0.04652543968866542
7832,MMM,0.9565391800865637,0.18924233569231308,0.20247543325418926,0.0
7833,MMM,0.9543735327792808,0.18833008662694883,0.19504275257187204,0.0
7834,MMM,0.9518744770003487,0.18533272854873112,0.18841934093779228,0.0
7835,MMM,0.9494358726990804,0.18472926639685122,0.18298425653254125,0.0
7836,MMM,0.947178858222087,0.18290917284187375,0.178224930349845,0.0
7837,MMM,0.9443893577558833,0.18254732941432292,0.17433570918746558,0.0
7838,MMM,0.942096037415989,0.18359774761549993,0.1714616791670623,0.0
7839,MMM,0.9397361563274438,0.1877791983927869,0.17010727352698687,0.0
7840,MMM,0.9373218164445472,0.19250664473936469,0.17009193764582742,0.0
7841,MMM,0.9342781749380391,0.19353493062418659,0.17031201494991963,0.0
7842,MMM,0.9306869159368991,0.17947832625466895,0.16731192123778252,0.051801762710103325
7843,MMM,0.9271349916111364,0.1687274439488727,0.16248263408684568,0.042902137060185884
7844,MMM,0.9232381626957835,0.16037909278299872,0.15673285534203807,0.035286790182711886
7845,MMM,0.9198496117984949,0.14763296818122082,0.14925298582857874,0.024026297192994265
7846,MMM,0.9166456205054754,0.1358809777090077,0.14061367296025518,0.023828761256035738
7847,MMM,0.9138984809418684,0.13265665115437275,0.1329736709876982,0.02716018771227291
7848,MMM,0.9115022991609347,0.13035061373115045,0.12634060945945322,0.05068420285157825
7849,MMM,0.9087975090509319,0.12790477337346373,0.12048151115920658,0.0
7850,MMM,0.9056984981489211,0.1279318559185966,0.11580035194685376,0.0
7851,MMM,0.9033749214459867,0.1308081164651069,0.11270532911105788,0.0
7852,MMM,0.9006882875913353,0.13427677298590054,0.11101307001986674,0.0
