,Ticker,MA20,MACD,Signal_Line,Volume
0,SHW,0.054830054524107164,0.4345894434185977,0.36173569158156205,0.04637652659904781
1,SHW,0.0529829865859166,0.44097077698840687,0.36130207441595974,0.055302214862347335
2,SHW,0.051526505288320035,0.4526756576272418,0.36395301972719607,0.06730128337818257
3,SHW,0.04925737086593829,0.4601354913774709,0.3679843790456333,0.12847081349617057
4,SHW,0.048167155590778554,0.4665258010254695,0.3728461444260561,0.0
5,SHW,0.04739456195805314,0.4725906629902725,0.3782888814121108,0.0
6,SHW,0.046457435904651234,0.47850703147708473,0.384158363723201,0.0
7,SHW,0.0455131579610808,0.4840640337805406,0.3902772018875268,0.0
8,SHW,0.04502814087146034,0.49589050086742287,0.39820125202811507,0.0
9,SHW,0.04489937628479379,0.5066700547100682,0.4073013376699392,0.09600910784516663
10,SHW,0.04522415418363068,0.5152480157543698,0.4167783825838909,0.1126159180293935
11,SHW,0.045640497758492105,0.5269787572123088,0.4273644809986502,0.0717346305112813
12,SHW,0.04639878219675109,0.5409580553000528,0.4394137196593039,0.030878182570896293
13,SHW,0.04711700644435268,0.551301002045477,0.4517021328664186,0.05657317325605464
14,SHW,0.047122728480435416,0.5448630489127528,0.4598839831181262,0.052656799834402815
15,SHW,0.04698251563001943,0.5374090331804371,0.46452035035334344,0.14111571103291243
16,SHW,0.047154202909903686,0.5329315943689283,0.46708268824547966,0.0
17,SHW,0.04714847790478216,0.5200669599014764,0.46583768484969235,0.0
18,SHW,0.04725291820565558,0.5116650665857605,0.4626897999737999,0.07311167460153177
19,SHW,0.04626571285333547,0.4909048792765075,0.4548544194782495,0.07740840405713102
20,SHW,0.04496661435668847,0.47290323902540005,0.4439755580277982,0.05043210515421238
21,SHW,0.04388355271819022,0.4623311382672249,0.4325647559564806,0.09745497826536949
22,SHW,0.04232692068197719,0.450822613349656,0.4204885656316491,0.07009728834609812
23,SHW,0.04079032092420931,0.44052620449860336,0.4081905103191173,0.06869333471330986
24,SHW,0.039494084056876044,0.43814526983639085,0.397742264131664,0.1297127923825295
25,SHW,0.038097694180485586,0.4356127646842113,0.3887350452044357,0.0
26,SHW,0.03627208610438459,0.4264345979513309,0.3791785697496319,0.0
27,SHW,0.03497298568659479,0.43152907987427114,0.37283818157353954,0.0
28,SHW,0.03492577168462674,0.46920050730484253,0.3774142287962867,0.0
29,SHW,0.03345355203707512,0.47138314148050475,0.38163408004517674,0.0
30,SHW,0.032585099498432246,0.48597844140205343,0.3887480905741555,0.08111208859449388
31,SHW,0.031330348833556565,0.49485504667866437,0.39671276377626236,0.054928586214034354
32,SHW,0.029905345633063796,0.5034815868173377,0.4052939207538959,0.0509314841647692
33,SHW,0.028583354975150854,0.5121650888091761,0.41438285374885653,0.03745394328296419
34,SHW,0.028265733332716092,0.5254184120453016,0.4250484243241243,0.06700786586628027
35,SHW,0.028217089127363648,0.539115840369203,0.4370890485901411,0.0501179879942041
36,SHW,0.02797672711017518,0.5472688067700432,0.4488096753194748,0.10863227075139723
37,SHW,0.02820278202868942,0.553677447737932,0.4598275496227959,0.0
38,SHW,0.02862341621370401,0.5639729957342701,0.47127873163711204,0.073941212999379
39,SHW,0.029765138196777174,0.5720163036361418,0.48249971897072275,0.0624353135996688
40,SHW,0.03087681176218271,0.575042485860366,0.49225157075452536,0.05304388325398468
41,SHW,0.031818228425738004,0.5762984119144854,0.5003747183546141,0.03733181535913889
42,SHW,0.03306081476460032,0.5789188276691631,0.5075443739629127,0.04949389360380873
43,SHW,0.03434846936373104,0.5791542341254793,0.5133403904497577,0.05114313806665286
44,SHW,0.03539289856986616,0.5784694855091631,0.5178018267002913,0.10428327468433037
45,SHW,0.036526034617101244,0.5774813558256419,0.5211178971912552,0.0
46,SHW,0.03785947249086763,0.5719938169801124,0.5223652921604843,0.0
47,SHW,0.039046976176732695,0.5753357856367556,0.5242191488695582,0.0
48,SHW,0.038230030869950804,0.5689922395980422,0.5240775333468841,0.0
49,SHW,0.03857912868834723,0.5594056109383301,0.5215089258699684,0.04510660318774581
50,SHW,0.038739369450975,0.5599136049318962,0.5195841466596945,0.03954046781204719
51,SHW,0.039019790785573605,0.5593690003885285,0.5179048398730732,0.03783326433450631
52,SHW,0.03928161196625424,0.559498563443917,0.5165945779676455,0.05596253363692817
53,SHW,0.039255859922167735,0.5550039087113359,0.514395203227602,0.03931277168288139
54,SHW,0.03912709533550118,0.555337044390827,0.5127210257192921,0.03844959635686193
55,SHW,0.03856625266630376,0.5497322568467607,0.5099461927025438,0.09510815566135375
56,SHW,0.03819140193057424,0.5464460791156427,0.506884674655872,0.0
57,SHW,0.03804832814944148,0.5486430433124895,0.5049981438759061,0.06252949699855102
58,SHW,0.03778507484423366,0.5532378189217405,0.504665727298385,0.0374968950527841
59,SHW,0.03724140020442768,0.5512007364531324,0.5038780590825399,0.031633719726764646
60,SHW,0.03640585596627299,0.5405958937204739,0.5005318257663215,0.02711498654522873
61,SHW,0.03575916878388674,0.5354280640155571,0.49653126118558166,0.025831608362657833
62,SHW,0.035486615401720156,0.5411346795189645,0.49479238057766867,0.03844235148002484
63,SHW,0.035163269627410454,0.5431796258620775,0.49392502513063674,0.07965017594700889
64,SHW,0.034991581998227606,0.547424900821955,0.4943184351606032,0.0
65,SHW,0.03453947216119957,0.5449167803446722,0.49399078657902595,0.0
66,SHW,0.03435633906265645,0.5441116720760385,0.49352246441476405,0.0
67,SHW,0.03392998231761091,0.5464645630668715,0.49375042611157227,0.0
68,SHW,0.03393284377227568,0.5484552222428257,0.49444264054856724,0.05403850134547712
69,SHW,0.03390422747913502,0.5449883713997554,0.49410848669876867,0.04106861933347133
70,SHW,0.0336266660273572,0.5453629287572899,0.493937094769804,0.03862295590974953
71,SHW,0.033329076663367374,0.5444699076378742,0.49357126180084276,0.04929465949078865
72,SHW,0.03306725548268674,0.5452279605435104,0.49347274696534693,0.0479093355412958
73,SHW,0.033220339988912606,0.5498756697676384,0.4945843004330744,0.10226661146760505
74,SHW,0.03315452775416916,0.5529523060843584,0.4962615273617451,0.15956220244255848
75,SHW,0.03338344273015337,0.5555531144584778,0.4982694246157036,0.0
76,SHW,0.033789769292545735,0.5622586272636985,0.5015931497736236,0.0
77,SHW,0.03348359469131501,0.5575286831469075,0.50304070266841,0.0
78,SHW,0.031964162962938136,0.5317766905271142,0.49760317760416534,0.0
79,SHW,0.03194842269184073,0.5369678015093793,0.4945826982514826,0.2730030014489753
80,SHW,0.031916946515879285,0.5318663776136718,0.49085974461240817,0.051200062098944316
81,SHW,0.03156212456560814,0.5244954492307236,0.4859935489605448,0.044619126474849925
82,SHW,0.030669352107405512,0.5175962386454985,0.48033357545687333,0.0614546677706479
83,SHW,0.029702183399763715,0.5085112168273359,0.47347875249722116,0.06451355826950941
84,SHW,0.028549016121979465,0.5006267177151411,0.4659755263112343,0.11986493479610846
85,SHW,0.0280196470090035,0.5019089689868922,0.46030135391652766,0.18651314427654728
86,SHW,0.027424464438738916,0.5032173596547105,0.4560971193435003,0.0
87,SHW,0.026597504040630326,0.5029509002415607,0.4526654864413246,0.0
88,SHW,0.025756235670600924,0.5030925594867108,0.44995646170408865,0.07409594286897123
89,SHW,0.024886355373664237,0.4981087285299556,0.4465127895103445,0.06444680190436762
90,SHW,0.02391918666602244,0.4958388735359211,0.44317649940032233,0.04552059614986545
91,SHW,0.02305931814207507,0.4956333334674401,0.44045482465311364,0.033016973711446906
92,SHW,0.022404046944993317,0.5016718054206974,0.43982405056109264,0.10548540674808528
93,SHW,0.021466922288785995,0.5051873544761537,0.4402198292106795,0.074062305940799
94,SHW,0.020494025083036105,0.5071544743828014,0.4410402683623793,0.1402339060235976
95,SHW,0.019469624313060985,0.5083543568998794,0.44200393205783006,0.0
96,SHW,0.018327903901831588,0.5121002599331564,0.44373425890327667,0.0
97,SHW,0.01758392568900069,0.5137593708885579,0.44554344975340826,0.0
98,SHW,0.016738365311623316,0.4914338744435094,0.44127282486684793,0.10609138894638791
99,SHW,0.015035800659352727,0.4822383913317832,0.4355011895957984,0.12551956116746013
100,SHW,0.01360221344416468,0.47199133091098555,0.42825941738306933,0.06171289588077002
101,SHW,0.012265914639681297,0.46326139374748954,0.4202300992833173,0.07404936866073276
102,SHW,0.010920743649103892,0.45581376684878877,0.4118991681372527,0.06138842889670875
103,SHW,0.009833390003257891,0.45227707110261856,0.40432860923384545,0.07025564065410887
104,SHW,0.008665915976098004,0.4477414499420734,0.39711050462633646,0.15294918236389982
105,SHW,0.007046332635858077,0.443001778626109,0.390122102390981,0.0
106,SHW,0.005638496940808091,0.44459496515979047,0.38493942549798155,0.0
107,SHW,0.004508222348238222,0.4508975003047736,0.3824074812159185,0.0
108,SHW,0.003397978636918042,0.45718876145626824,0.38199323554182607,0.0
109,SHW,0.0022934566123826716,0.457663157959285,0.38178334082754545,0.0
110,SHW,0.001652489195637985,0.4696131041269907,0.38467602996934147,0.0
111,SHW,0.0009128047366480097,0.47882794281759994,0.3893502739706625,0.0
112,SHW,0.0016367506710337487,0.5223786570962317,0.40424382235574446,0.0
113,SHW,0.0005808732011491902,0.5186400163292871,0.4152011251770794,0.1502799627406334
114,SHW,0.0001316270892270932,0.5271796258847892,0.426154121300429,0.10500983233285033
115,SHW,0.0,0.5397979170632418,0.4381482987808143,0.13002173463051128
116,SHW,0.0005726346428334139,0.5665379453212538,0.4545922625678967,0.14246739805423306
117,SHW,0.0009217319372818444,0.581019333998989,0.4714563883255019,0.06255899399710205
118,SHW,0.0022050945290648105,0.587084659349375,0.48650113229502484,0.06048540674808528
119,SHW,0.003301032189606312,0.5952086873143205,0.5006176431120113,0.11494514593251914
120,SHW,0.004580101376846946,0.600989780384744,0.5133914979213916,0.0
121,SHW,0.005942155194455401,0.6050449828729952,0.5246491950384005,0.0
122,SHW,0.00780811128331349,0.6163062834471497,0.5365395826174655,0.0
123,SHW,0.009293205031765561,0.6178076675669386,0.5464364252592888,0.0
124,SHW,0.01036339064822056,0.6068454919704108,0.5515462809935963,0.0
125,SHW,0.012778458035958007,0.6227685815157101,0.5597123668894043,0.09374094390395363
126,SHW,0.015196387576957848,0.6385604646056758,0.5702898324850534,0.08863744566342371
127,SHW,0.017076362069143203,0.6427724689003448,0.5798305781089872,0.058732146553508585
128,SHW,0.01890483369570095,0.6441856954874593,0.5878251283923032,0.05315048644173049
129,SHW,0.02113104542486477,0.6468434403068108,0.5949014668194362,0.04570585800041399
130,SHW,0.02311403141173396,0.6533726496104272,0.6022347902887824,0.07164562202442558
131,SHW,0.02571223364450792,0.6688312376107449,0.6120606828316117,0.11926050507141378
132,SHW,0.026376091126726786,0.6755394551865362,0.621639496963004,0.0
133,SHW,0.029065859210174905,0.6826323067890556,0.6311191603397338,0.0
134,SHW,0.031263455694093834,0.6877213858884595,0.6400062994646213,0.0
135,SHW,0.033512559235225,0.6968603649709328,0.6494566743867012,0.0
136,SHW,0.03440212687817512,0.6912738234231008,0.6555861564554601,0.0855682053405092
137,SHW,0.03535642393000682,0.6803307437113514,0.6576870145448775,0.06286741875388117
138,SHW,0.03648097788368898,0.6688276426694441,0.6564215415047244,0.05249120264955495
139,SHW,0.03759694345644227,0.662080005725545,0.6536809669373811,0.0391280273235355
140,SHW,0.038732942704835294,0.6558572529447787,0.6498947438081496,0.0493598633823225
141,SHW,0.03995764634923793,0.6516970036789693,0.6458002475890806,0.051279238252949694
142,SHW,0.041010661316561725,0.6524779784787202,0.6427246728796728,0.11124715379838541
143,SHW,0.04238702101029901,0.651970422394867,0.640134218497763,0.0
144,SHW,0.0441325083557873,0.6465958635308436,0.6366853298569104,0.0
145,SHW,0.0448965162273236,0.6463665314448214,0.6338674827039652,0.05862295590974953
146,SHW,0.045408714691168583,0.6440834362464322,0.631028461562394,0.051307700269095424
147,SHW,0.046297911204286946,0.6417830819997544,0.6281680808645707,0.05158921548333678
148,SHW,0.04713917520808297,0.6371247988704316,0.6246867027951268,0.04107689919271372
149,SHW,0.04785453887426683,0.6325307059372919,0.6207249671392518,0.04536638377147588
150,SHW,0.04808202836239839,0.6235614078919386,0.6152583734823702,0.053213620368453736
151,SHW,0.047458228975044925,0.6098030163615682,0.6073613169326715,0.11447733388532394
152,SHW,0.04710340859661799,0.5997953710166769,0.5984805263797462,0.0
153,SHW,0.04659693112095975,0.5915526248532121,0.5892647723430255,0.0
154,SHW,0.04604467037066584,0.5847280348423376,0.5801442638574356,0.0
155,SHW,0.045312137976493805,0.5820190112172015,0.5721540254063969,0.0
156,SHW,0.04471409499946022,0.5712097014181332,0.5629933680587493,0.0
157,SHW,0.04456386600982154,0.5667034644645805,0.5545107105413231,0.0702245911819499
158,SHW,0.044334948763396165,0.559928721088701,0.5459894459275062,0.059363485820741045
159,SHW,0.04378554999171502,0.5515708667026537,0.5370318312714747,0.061569033326433445
160,SHW,0.04294428162168562,0.5393754133030421,0.5267422556355107,0.05868608983647278
161,SHW,0.04142198564425459,0.5179319946906101,0.513018534205259,0.06902556406541088
162,SHW,0.03997265815796891,0.5081890591549761,0.49954420888533624,0.05915907679569447
163,SHW,0.03834449097768311,0.49742223950642445,0.48600716456553256,0.13440229766093975
164,SHW,0.03689945637199177,0.4895171971338399,0.47315289977787445,0.0
165,SHW,0.03521119899304481,0.4841199867621945,0.46148716133729145,0.0
166,SHW,0.03357730995132502,0.4807491087032117,0.4512912256120192,0.0
167,SHW,0.03224745064238288,0.48567710869785924,0.4443966300812208,0.0
168,SHW,0.031174406714951308,0.4937144785371414,0.4409394745297519,0.0
169,SHW,0.030107084125005068,0.5008184638425288,0.4399932137099171,0.0
170,SHW,0.030185772381791987,0.5259581705382868,0.4456749545471552,0.0
171,SHW,0.029201431278525813,0.5182902693404792,0.4482564541792079,0.14598219830262885
172,SHW,0.028497570541332617,0.5198347749944582,0.4507172306955507,0.09131339267232456
173,SHW,0.027533262415109006,0.5162263677242818,0.4517616712583515,0.054014696750155244
174,SHW,0.026720611036817665,0.5169933861622171,0.4527936714889193,0.03710515421237839
175,SHW,0.02569621044149173,0.5166725572182618,0.453537101374998,0.04764696750155247
176,SHW,0.025513077517598015,0.5256880384440575,0.45644087879309014,0.07258228110122128
177,SHW,0.024969402877791813,0.529857552975483,0.4598317914512151,0.10190747257296626
178,SHW,0.023721807596071454,0.5159005148514968,0.4589698628422875,0.0
179,SHW,0.023252529205704198,0.5183385377983846,0.45890474327095543,0.0
180,SHW,0.022182344113197416,0.50268793427563,0.4548442350767641,0.0
181,SHW,0.02261442481546827,0.5096859969274854,0.45338816336833904,0.0
182,SHW,0.02286480314652861,0.5186033328007065,0.4545072026487801,0.0
183,SHW,0.022870525531910157,0.5173330096847581,0.4550770805430429,0.0
184,SHW,0.02261728487293846,0.511343979306196,0.45399908006551926,0.17937176567998342
185,SHW,0.021844693859953246,0.49657532543248323,0.4493541509613465,0.06800507141378596
186,SHW,0.02118787352329199,0.4880884173230996,0.4434645516386341,0.05916735665493686
187,SHW,0.020618443171762868,0.49071214629442034,0.43942485828549654,0.04751293728006623
188,SHW,0.019671300804488867,0.48916030223003765,0.43579564728800846,0.04403953632788242
189,SHW,0.019078978815642245,0.4960614917525269,0.4346598023150774,0.0751045332229352
190,SHW,0.01750803863285877,0.501077865503174,0.4350359135593957,0.1001671496584558
191,SHW,0.0172934311048476,0.5056725583975195,0.43651358941646623,0.0
192,SHW,0.016732528880227582,0.5098844812263048,0.4387744823845993,0.0
193,SHW,0.016434935499303416,0.5138655819486242,0.44160283117919086,0.0
194,SHW,0.015931317731816552,0.5163912555145043,0.4445123824949932,0.0
195,SHW,0.016530792833377106,0.540020069593345,0.4528918051580587,0.07401935417097909
196,SHW,0.01605149830378738,0.545466087452798,0.4609901704102578,0.07380563030428482
197,SHW,0.016074390465053323,0.5568863765797576,0.4703938124420699,0.04860122127923825
198,SHW,0.017024963993114817,0.5672788158183328,0.4805784243000929,0.04453270544400745
199,SHW,0.017335433745381046,0.5751145652371943,0.49073299589573316,0.050943386462430136
200,SHW,0.018809084993511638,0.5868400225237361,0.5018597622806303,0.062326122955909745
201,SHW,0.019109535986815418,0.5903285304368215,0.5116546475689878,0.12486389981370316
202,SHW,0.019266915993376044,0.592650545379441,0.520085267293953,0.0
203,SHW,0.01909809016815678,0.578696223959116,0.5232558001371612,0.0
204,SHW,0.019949374852057833,0.5829377187195377,0.5268785526194749,0.0
205,SHW,0.021566094991139595,0.591026332633311,0.5318484000452476,0.0
206,SHW,0.02363933538684493,0.6087097744961522,0.5403533384760564,0.0
207,SHW,0.02463512248341959,0.6084223033214555,0.5470836624714831,0.0
208,SHW,0.02584551867984919,0.6076382315670976,0.5522671062139282,0.0
209,SHW,0.02736209052540528,0.6200539191425856,0.5595937512141874,0.0
210,SHW,0.02789432126769542,0.6078420235007524,0.5623273721372288,0.0961550403643138
211,SHW,0.028124669066803998,0.5915467678861318,0.5603407488701015,0.07915804181328917
212,SHW,0.02855102581184954,0.5824228662997089,0.5564146482632147,0.041409646036017385
213,SHW,0.028765634562405662,0.5707974967611749,0.5502962930152,0.048582591595942866
214,SHW,0.028925874277137886,0.5593349066156279,0.5424658249040117,0.08419840612709584
215,SHW,0.028529564377915984,0.5601300645070922,0.5364051052362,0.07661716000827985
216,SHW,0.02875991374886855,0.5602762622301292,0.531593973475601,0.08649503208445455
217,SHW,0.028634008346425377,0.5600879300066847,0.5276968326591709,0.0
218,SHW,0.02845602757784227,0.560283554562244,0.5246292231167428,0.0
219,SHW,0.027810767629801836,0.5506513807363755,0.5197081554543784,0.0
220,SHW,0.02635714813616863,0.532434086615836,0.5111055112775339,0.10652970399503207
221,SHW,0.025417163597140524,0.5235901243505003,0.50195829164339,0.043080625129372795
222,SHW,0.024867764650809976,0.5250003356768792,0.49500169745552475,0.04822552266611467
223,SHW,0.025276953366464294,0.5307114931689163,0.4908991564502242,0.039930656178844955
224,SHW,0.0249164114759024,0.5351616050043436,0.48875688059189343,0.05033171186089836
225,SHW,0.024168139509230357,0.5360266985740518,0.4872646265627423,0.055143345063133925
226,SHW,0.02295488115953881,0.5391656812306417,0.486874775558657,0.14005588904988614
227,SHW,0.022411204773239213,0.5419725025757042,0.4872817742447747,0.0
228,SHW,0.021867528386939394,0.5443699967641321,0.4882214163357502,0.0
229,SHW,0.020665717427750696,0.5465365392578218,0.48952802209823787,0.0
230,SHW,0.020496892999726013,0.5482633105663848,0.49101556516503,0.0
231,SHW,0.02112641215272104,0.559898574916874,0.49518560862753885,0.088134961705651
232,SHW,0.021930480214914283,0.5765888028618845,0.5027963232106917,0.06388532394949285
233,SHW,0.023427019782025216,0.5994198920411605,0.5147323642076707,0.09572241771889878
234,SHW,0.025025144133422383,0.6167049446669821,0.5287082225541079,0.07363796315462637
235,SHW,0.026365734945253516,0.6341012772054518,0.5443444356488701,0.12116280273235354
236,SHW,0.028145560096017208,0.6553961138863942,0.5623074124320935,0.09596046367211757
237,SHW,0.029971170267910185,0.6716298216816144,0.5808355503155264,0.2031359966880563
238,SHW,0.03179963979867595,0.6834790754123415,0.5986928763174485,0.0
239,SHW,0.03457811227813368,0.7010066033976159,0.6174678651464675,0.0
240,SHW,0.03766848174420323,0.7087350069127896,0.6344672450234845,0.0
241,SHW,0.040311033555241904,0.7090491650051355,0.6481472106935001,0.0
242,SHW,0.042963601680152674,0.7157259426809855,0.6608012309797203,0.0
243,SHW,0.04636873098469407,0.7387842415773365,0.6768301092009987,0.19857068929828192
244,SHW,0.050387643537366245,0.767009796982263,0.6968823048917758,0.10258849099565306
245,SHW,0.05442944825130458,0.7843285132744429,0.7173597088883805,0.07157317325605464
246,SHW,0.05847268508976966,0.7975581561784142,0.7371299912886096,0.0706359966880563
247,SHW,0.062424352933872385,0.803452982402971,0.7544559925544105,0.07695404678120471
248,SHW,0.06620290399330431,0.8017487343585036,0.7678803037398134,0.09089370730697577
249,SHW,0.0699227959307065,0.7965686364727228,0.7772930326495944,0.1421418960877665
250,SHW,0.0736569942681855,0.7899827766894107,0.7831364538014484,0.0
251,SHW,0.07669156711478631,0.7780390875277251,0.7847521883460821,0.0
252,SHW,0.08055453161077564,0.7907154615329992,0.789291432662738,0.0
253,SHW,0.08384234459240014,0.7961962782174618,0.7943265678683188,0.0
254,SHW,0.0859612515969872,0.7737341532343542,0.7926017053398726,0.0
255,SHW,0.08574807182726985,0.7104947558733267,0.7750250218290138,0.0
256,SHW,0.08780402630528439,0.7141603823527047,0.7619025105812043,0.08395622024425584
257,SHW,0.0897870122921538,0.7144197058574934,0.7514709191869969,0.0713325398468226
258,SHW,0.0919359629988763,0.7166607641201502,0.7436996230446853,0.11350859035396398
259,SHW,0.0935584097149238,0.7155121753749112,0.7371884110519182,0.05839318981577313
260,SHW,0.09542980158960845,0.7135354214205023,0.7314731577656958,0.07049886151935417
261,SHW,0.0969349269179085,0.6986987531066091,0.7231010066432225,0.06342786172635065
262,SHW,0.09787062102143262,0.681974867814834,0.7121199856555356,0.10943282964189607
263,SHW,0.09671459438477537,0.6442956078856168,0.6936848050522395,0.0
264,SHW,0.0963039747671397,0.6412596299162046,0.6781590897789724,0.0
265,SHW,0.09615804215108215,0.6409331914223964,0.6656549105512566,0.0
266,SHW,0.09553996811814858,0.6323142714811262,0.6534441004283388,0.0
267,SHW,0.09558861232350102,0.6366128173282449,0.6447763903890351,0.08381339267232457
268,SHW,0.09551993583970342,0.6331593173835982,0.6369577163732092,0.041027220037259365
269,SHW,0.09524809851980032,0.6243741026948109,0.6284527192219725,0.04176930242185883
270,SHW,0.09494478554788377,0.6162821847132329,0.6195762298274454,0.038682467398054234
271,SHW,0.0948818317987663,0.6100548284416997,0.6108800957963054,0.056836576278203266
272,SHW,0.09386458606264769,0.6096031214843513,0.6038074979637877,0.046675636514179254
273,SHW,0.09279440044619292,0.6057794223647891,0.597170098774669,0.09638946387911405
274,SHW,0.09291172008744697,0.6024890882881888,0.5910174632722172,0.0
275,SHW,0.0950749798139865,0.5980736781075973,0.5849644856677547,0.0
276,SHW,0.0946185765724159,0.5955196822049582,0.5794679774234255,0.0
277,SHW,0.09420366564602944,0.5931068816308896,0.574452807433987,0.0
278,SHW,0.09400622702065609,0.5990855009027778,0.5719719077560579,0.0
279,SHW,0.09345968725854914,0.595063861154717,0.5689571707902579,0.0
280,SHW,0.09305622162687333,0.5951355025349301,0.5665637299161972,0.0
281,SHW,0.09357128433977246,0.6020424463879789,0.5664179748337836,0.07922997309045746
282,SHW,0.09380592571807256,0.5977193395917741,0.5651941421899871,0.10332384599461808
283,SHW,0.09527098998246908,0.5958855522665342,0.5637454088129669,0.11222469468019043
284,SHW,0.09514365472594033,0.5889111192269638,0.5608001392504686,0.07398985717242806
285,SHW,0.09511217854997889,0.5880564584569192,0.5582250289782494,0.054273442351480024
286,SHW,0.09544983124831363,0.5871771898896749,0.5559397436207396,0.05381598012833781
287,SHW,0.09514938200150325,0.5850009057165013,0.5535541282185472,0.10833678327468432
288,SHW,0.09515367558069476,0.583296536161105,0.5512091149483318,0.0
289,SHW,0.09541406620869242,0.5816886923667183,0.5489213054380281,0.0
290,SHW,0.09569734899795601,0.5801747971747652,0.5467033209314287,0.0
291,SHW,0.09596918893759909,0.5792785672145186,0.5446993920561543,0.0
292,SHW,0.09640198308239367,0.586646881717007,0.5449834122328217,0.16047453943282963
293,SHW,0.0972186433614648,0.5970639725459508,0.5478786403404932,0.06147329745394328
294,SHW,0.09858570315289228,0.6162892711209222,0.5551187816839268,0.0627851376526599
295,SHW,0.10004038137077953,0.6311493733110898,0.5647168451065586,0.08003829434899606
296,SHW,0.10089023462875146,0.6309480169341709,0.5723437247071996,0.090745704823018
297,SHW,0.10180876000428696,0.6313794706804635,0.5785557317688323,0.08332539846822604
298,SHW,0.10224084000796085,0.6291995910290488,0.5829670294326699,0.16248395777271785
299,SHW,0.10313075240869352,0.6278082245734119,0.586139712568458,0.0
300,SHW,0.10376599534426445,0.6243579361896091,0.587794175633557,0.0
301,SHW,0.10409220012814835,0.6218508158193777,0.5884756256262234,0.0
302,SHW,0.10478467163306604,0.6174186498245708,0.5878856249401707,0.0
303,SHW,0.10536554745395521,0.6129921173537433,0.5862799065620922,0.0
304,SHW,0.1054370838205736,0.5933723138435357,0.5799703329033962,0.11724591181949906
305,SHW,0.1052797029407666,0.5778767302048692,0.5709539649335578,0.06340923204305526
306,SHW,0.10483617659448607,0.559789256866569,0.5591083300432745,0.04019198923618298
307,SHW,0.10463015150932642,0.5493012106735147,0.5469456371676967,0.049666735665493685
308,SHW,0.10444558925529512,0.541930655629673,0.5353277457457648,0.03613123576899192
309,SHW,0.10441983563936441,0.5396034954227137,0.5254374033154247,0.042456530738977434
310,SHW,0.1044370064631448,0.5388837008975905,0.517340776518915,0.10903643138066652
311,SHW,0.10441125337116208,0.5382021298283164,0.5106889119720451,0.0
312,SHW,0.10423455802166659,0.5431190503015277,0.5066267357111235,0.0
313,SHW,0.10356383350234122,0.5420056939783104,0.5030918433062892,0.0
314,SHW,0.1023284006254912,0.5412729116015649,0.5000762500982548,0.0
315,SHW,0.10107116277947048,0.540905184537569,0.49756959374698956,0.0
316,SHW,0.10071920263316314,0.5483200179228541,0.49746334629956906,0.0
317,SHW,0.10010688207319252,0.5503342571757108,0.49789423272028827,0.05222883460981163
318,SHW,0.09965047970486851,0.5535075133692889,0.499051672170513,0.06344804388325398
319,SHW,0.09906102179042597,0.5544509967470334,0.5002192674854797,0.030261333057338025
320,SHW,0.09875198398803753,0.5594022729169649,0.5024214582510864,0.04632270751397226
321,SHW,0.09869189239218223,0.5693102652142947,0.5067208331657801,0.043271061891947835
322,SHW,0.09905358242745654,0.5838317761075286,0.5138795638759402,0.08471848478575864
323,SHW,0.09962014835528188,0.5988286973709805,0.5234475407178365,0.11904833367832746
324,SHW,0.10103799966560612,0.6120020381289853,0.5344758613607563,0.0
325,SHW,0.10244297495388688,0.6217233918511602,0.545788338544381,0.0
326,SHW,0.10428289012866232,0.6317902511277473,0.5574166314008225,0.0
327,SHW,0.10569072425186787,0.6337012491282433,0.5672087080472543,0.0
328,SHW,0.10962093066203726,0.6866809822998754,0.5886114707955353,0.0
329,SHW,0.11111174906631227,0.6800870041041222,0.6040448397407885,0.0
330,SHW,0.1127656695132302,0.6777597320795286,0.6157954769656071,0.06722210722417718
331,SHW,0.1145111570333679,0.6761092086584358,0.6247732567999804,0.04662906230594079
332,SHW,0.11609353936717448,0.6753589007461599,0.6317633127655896,0.03498913268474436
333,SHW,0.11777893721259924,0.670405691328007,0.6360867478833844,0.032511384806458286
334,SHW,0.11948436454207978,0.6656109532345384,0.6383174737957183,0.04787828606913682
335,SHW,0.12121840816470142,0.6612292006753685,0.6389798056699919,0.040862140343614156
336,SHW,0.12273784233816909,0.6597378678703473,0.6391277129207092,0.07120368453736287
337,SHW,0.12462065034112602,0.66093781393019,0.6395533673698657,0.0
338,SHW,0.12730040263465026,0.6785149800486162,0.6443957322117843,0.0
339,SHW,0.12918609951221738,0.6730757581587292,0.646876537538597,0.0
340,SHW,0.1306540264538234,0.6631285695522082,0.646313520589311,0.0
341,SHW,0.13184439264224945,0.6545041141546977,0.6436542225551717,0.0
342,SHW,0.1329763533274202,0.6523402853909587,0.6409725870751937,0.0
343,SHW,0.1336144608613441,0.6433816410283412,0.6365328021666121,0.09907110329124404
344,SHW,0.1342096439555569,0.6364005861124507,0.6311929953923796,0.11628286069136824
345,SHW,0.1348076869325907,0.6301119146545113,0.6253105034904334,0.058897226247153794
346,SHW,0.1351539229470231,0.6223887366356547,0.6186264595025012,0.037006313392672324
347,SHW,0.1353313327869381,0.6070152951616621,0.6093417981641142,0.0659785758642103
348,SHW,0.13303358678694832,0.5961253026264082,0.5991249381474923,0.06297660939764023
349,SHW,0.13302786405226796,0.5874086457855422,0.5887189511438556,0.07408248809770233
350,SHW,0.1329992477591273,0.5840061584105894,0.5795227208306029,0.0
351,SHW,0.1327102406633398,0.577255080603148,0.5704366591752146,0.0
352,SHW,0.13162002853186783,0.5572456683071979,0.5580430247912741,0.0
353,SHW,0.13138824965612828,0.5561095860932405,0.5478371453619838,0.0
354,SHW,0.1313768034881706,0.5601151302423076,0.540698336657801,0.0
355,SHW,0.13113643797799557,0.559147632930242,0.534739495521554,0.04044452494307597
356,SHW,0.13108063751624122,0.5652700800856453,0.5315404959395642,0.04473090457462223
357,SHW,0.131132145097401,0.5757068925121342,0.5316543593106242,0.05891378596563858
358,SHW,0.13051693129658704,0.5878537296659525,0.5348564823879808,0.036928689712274886
359,SHW,0.13100767042229045,0.6018165760738319,0.5409943271955281,0.0712124818878079
360,SHW,0.13196339593101336,0.6173942909808156,0.549894347439738,0.07276702546056717
361,SHW,0.13260436334775805,0.6228504620100453,0.558411791173697,0.12018112192092734
362,SHW,0.1317602628362078,0.6017005719950912,0.5598088634079714,0.0
363,SHW,0.1312623686766481,0.5855259119047006,0.5567838879611003,0.0
364,SHW,0.13252713111451286,0.6096075907375595,0.5605316763550335,0.0
365,SHW,0.13378903366955708,0.627902650329109,0.5682156143100068,0.0
366,SHW,0.134515841233257,0.6285194798039468,0.5745207462493678,0.32094131649761953
367,SHW,0.1354186298306823,0.6232102421712464,0.578205056655669,0.05572966259573587
368,SHW,0.1364101228241168,0.6218352929464162,0.5808003547455637,0.03655092113434071
369,SHW,0.13726569934071664,0.6175001372012444,0.5817662786782302,0.024955495756572136
370,SHW,0.13793814293342277,0.613441351508428,0.581499486829093,0.020234423514800245
371,SHW,0.13877082466901647,0.609118474736918,0.5801788836855477,0.0392367004760919
372,SHW,0.1401185703400547,0.601184554617838,0.5770903757074356,0.13128286069136824
373,SHW,0.14070230709166043,0.5933799991693424,0.5726206765754772,0.0
374,SHW,0.14185833477621346,0.6034430310840873,0.5716222481204374,0.0
375,SHW,0.14240487383972322,0.5942599367998316,0.5684715430052348,0.0
376,SHW,0.1424148892803485,0.5825703710620355,0.5629570623022013,0.0
377,SHW,0.14237768897251235,0.577888900940715,0.5573464656058849,0.0
378,SHW,0.1418983944429224,0.5691225643182113,0.5506127653364232,0.16768681432415647
379,SHW,0.14109432638072916,0.5602703240743643,0.5429585806829277,0.04269975160422273
380,SHW,0.14030742634792714,0.5587976226358199,0.5364580465531583,0.04461757400124198
381,SHW,0.14019153778330407,0.5652892144869351,0.5329202374432087,0.08441782239701924
382,SHW,0.14127459627811412,0.5701322353126171,0.5313303784487101,0.040269095425377766
383,SHW,0.14229327291621452,0.5733651463708098,0.5308865002943108,0.05183657627820327
384,SHW,0.1413289640913935,0.5722267314611883,0.5302398284016266,0.1049208238459946
385,SHW,0.13987820657637284,0.5612376347223781,0.5269079774998332,0.0
386,SHW,0.13940606847783443,0.5596894350272428,0.5238459738546063,0.0
387,SHW,0.13371034366627654,0.4466144122854697,0.4924357408812572,0.0
388,SHW,0.1332596635086849,0.4701129379956656,0.47332596682282957,0.0
389,SHW,0.13287050549963175,0.48825307704150817,0.46268417676408913,0.05921289588077002
390,SHW,0.13294060974172295,0.5126707308166193,0.46042456294059514,0.07521217139308631
391,SHW,0.13284046144819728,0.5283241443700496,0.46262600412038474,0.029129062305940798
392,SHW,0.1326902324585586,0.5359374440976865,0.46633706564331917,0.029096460360173874
393,SHW,0.13281470486322822,0.5466766198135837,0.47205641879689275,0.03017180707927965
394,SHW,0.13187042429991758,0.5499379894069225,0.47746719912453806,0.0759796108466156
395,SHW,0.13170445923076546,0.5519569582879146,0.48231291911161267,0.0976692196232664
396,SHW,0.13173021232274817,0.5534478183325999,0.48657133226720195,0.0
397,SHW,0.13130957848703195,0.5502934624648619,0.48917017320528056,0.0
398,SHW,0.1312108602222415,0.5496231802332568,0.49107757412873226,0.0
399,SHW,0.13134391681625557,0.5520774147043279,0.4932320702581221,0.05166787414613951
400,SHW,0.13100054312973408,0.5498105496049851,0.4943750805746077,0.036618712481887805
401,SHW,0.13024225502383935,0.5472948421890957,0.49464516906524325,0.04336524529083005
402,SHW,0.1293594987048594,0.5427397988613448,0.4936946079923695,0.03632219002276961
403,SHW,0.12861552311176827,0.5417606235435072,0.4926833740052825,0.03804388325398468
404,SHW,0.1279142929428223,0.5385567087849384,0.49105380426954964,0.04487010970813496
405,SHW,0.12779411027505927,0.5382189807600529,0.4896636500116154,0.0939484578762161
406,SHW,0.1267554022317603,0.5264887948884329,0.48554720641772664,0.0
407,SHW,0.1317629478950466,0.5294972256685755,0.4830245669823983,0.0
408,SHW,0.13135375987798947,0.5321948443649085,0.48169736608093877,0.0
409,SHW,0.13100466083704787,0.5345596731814127,0.48124128228861607,0.0
410,SHW,0.13057687476186475,0.5444804173998795,0.4834173035626818,0.05063444421444835
411,SHW,0.13017340860624116,0.5489108391999175,0.4862928345411889,0.04207927965224591
412,SHW,0.12999027568234744,0.5520037369774722,0.48938540834301314,0.028220347754088177
413,SHW,0.1294051087273571,0.5507941693227545,0.49154967446532893,0.029109397640240113
414,SHW,0.12930496043383144,0.5545686277933286,0.49424779683430925,0.03809925481266818
415,SHW,0.12904456701144462,0.5536588370004994,0.4961732802764191,0.10625543365762781
416,SHW,0.12901595036900515,0.5575769263896039,0.4987171630682011,0.11932156903332643
417,SHW,0.13015194787090523,0.5801005899818328,0.5065210011843191,0.0
418,SHW,0.13021489987352908,0.5772584647189104,0.5120361501935841,0.0
419,SHW,0.1299831227442827,0.5716671883514696,0.5150162388561548,0.0
420,SHW,0.1308243898917667,0.5848238571332482,0.5207699789504079,0.0
421,SHW,0.13184449917834207,0.597651505812502,0.5286583719825854,0.0
422,SHW,0.13361001635718517,0.6197918427397884,0.5406396411563594,0.0
423,SHW,0.1346086612407884,0.6231625911882487,0.5510879682725035,0.07462016145725522
424,SHW,0.13547013217236192,0.6196330420662993,0.5585426463631089,0.053176361001862966
425,SHW,0.13652744176677367,0.6221223250962474,0.5651439408182494,0.03772252121713931
426,SHW,0.13847609448925025,0.6298842256460718,0.5724129444137929,0.06236648726971641
427,SHW,0.13995260579485058,0.6373277925029248,0.5801345841037705,0.04726143655557855
428,SHW,0.141513529489113,0.6439981381690975,0.5880202962478766,0.06316342372179673
429,SHW,0.14308733077726243,0.6484648153913074,0.5954728656147255,0.12344649140964603
430,SHW,0.14437784508456453,0.6529393113933332,0.6025809232956449,0.0
431,SHW,0.14672423790964717,0.6734658293470493,0.6135245949390387,0.0
432,SHW,0.1482107655291196,0.6701607571938006,0.6214330414052744,0.0
433,SHW,0.14999059067988352,0.668591723801074,0.6273579397545167,0.0
434,SHW,0.15140128573380585,0.6631911854049364,0.6307146794540818,0.0
435,SHW,0.1538592770373064,0.6752786821181458,0.636495905396566,0.0
436,SHW,0.156102660812796,0.6836038291156781,0.6432531121410592,0.15735510246325812
437,SHW,0.15751622011577227,0.6911691848020297,0.6505965067492845,0.0862042020285655
438,SHW,0.16028038881489315,0.7029699752221517,0.6594936257699747,0.06184744359345891
439,SHW,0.16349666106366567,0.7166667094674786,0.6701193110258137,0.08308993997102049
440,SHW,0.16593462288311067,0.7273614980703857,0.6813589947951596,0.06826329952390808
441,SHW,0.1682810192011801,0.7347628946454252,0.6922463780255907,0.11393707306975781
442,SHW,0.16958298177223186,0.7297243877167423,0.6996658286660506,0.19902970399503206
443,SHW,0.17147440470281605,0.7226064053195088,0.7037783406398349,0.0
444,SHW,0.17394670083454966,0.721608295116336,0.7068127155114841,0.0
445,SHW,0.17606274603517336,0.7176313029923811,0.7082216332776713,0.0
446,SHW,0.17785973746883488,0.7127120339168604,0.7080888505930304,0.0
447,SHW,0.17945070556383036,0.7050618821206737,0.7060232773615988,0.0
448,SHW,0.181744161302966,0.7135048851826488,0.7065332299112961,0.0
449,SHW,0.18332368550044498,0.7039640810823478,0.7044976134197657,0.2288221900227696
450,SHW,0.18476585690497838,0.6940218894952674,0.7003227388460267,0.07182829641896087
451,SHW,0.1850806134251124,0.679722654644015,0.6933205374639276,0.05890395363278824
452,SHW,0.18603347852706653,0.6621143235750807,0.6832089531484303,0.056720658248809765
453,SHW,0.18691643569277883,0.6480006905527751,0.6715049200757324,0.08975833160836265
454,SHW,0.1882183940722466,0.6415775254903594,0.6604966008052247,0.0647671289588077
455,SHW,0.18857321759436196,0.6337354951730215,0.64968145462392,0.15954667770647898
456,SHW,0.18996960624820725,0.6482260702619026,0.6447406452186772,0.0
457,SHW,0.19050183611725058,0.6433477838576891,0.6395385772261983,0.0
458,SHW,0.19067065844948328,0.6385103743248446,0.6341379716958916,0.0
459,SHW,0.19051900414664136,0.6333503796861375,0.6284959160510077,0.0
460,SHW,0.189817945308691,0.6189822077720032,0.6203023137397059,0.0
461,SHW,0.18955898401083116,0.617026040546574,0.6132464208453252,0.0941771889877872
462,SHW,0.19042028465930572,0.6289139683683393,0.6106464273836797,0.10393655557855516
463,SHW,0.1918939352088389,0.648732531552848,0.6136423376439107,0.06412129993790106
464,SHW,0.19290688876296036,0.6602563815151973,0.6189905395507217,0.0638252949699855
465,SHW,0.19410584071257508,0.6705940006078047,0.6259167588431436,0.07352722003725937
466,SHW,0.1954006489483675,0.6793867609133566,0.6337097247893622,0.06487166218174291
467,SHW,0.19663679945932477,0.6816595222083355,0.6405261942594409,0.18734837507762367
468,SHW,0.19707746347769395,0.6818710734047267,0.6460335520570792,0.0
469,SHW,0.1985568330942713,0.6874894339018953,0.6518784055926619,0.0
470,SHW,0.20099479421511912,0.709220816943888,0.6621201024236332,0.0
471,SHW,0.20242552504047318,0.6989599053332348,0.6676854483435083,0.0
472,SHW,0.2051582135466976,0.710929179782738,0.6752032803274173,0.0
473,SHW,0.2077204502424166,0.7159458198440112,0.6825024013443443,0.17361778099772301
474,SHW,0.20974206866164913,0.7126775451839296,0.6875046318362457,0.0711110536120886
475,SHW,0.21225728102457508,0.7165940184135116,0.6925094983391531,0.07163423721796729
476,SHW,0.21368228684480806,0.7170515254478779,0.6966305676573847,0.06186245083833574
477,SHW,0.21611166430025874,0.720939805807037,0.7009232844994784,0.07315824880977023
478,SHW,0.21865263988482875,0.7243694058286365,0.7052358427398442,0.10740322914510453
479,SHW,0.22098472124500357,0.7204348128098502,0.7076781664055379,0.17148364727799625
480,SHW,0.22387765191105036,0.7175070568685482,0.7088821722347479,0.0
481,SHW,0.22645438799435924,0.7169232975764697,0.7096958652156029,0.0
482,SHW,0.22825710094015528,0.7129145913237311,0.7093201148870936,0.0
483,SHW,0.22898963193713273,0.6974295644518289,0.7050535093669925,0.0
484,SHW,0.23061207812923223,0.6989430999213183,0.7020278697176113,0.0
485,SHW,0.2318882844646133,0.6939143076305396,0.6983193901548439,0.0
486,SHW,0.23306863451381643,0.6884412577446786,0.6939508559748881,0.0
487,SHW,0.2342733048318777,0.6799314135894989,0.6882764982408646,0.0
488,SHW,0.23504160715585276,0.6627883847301419,0.6793463614500286,0.11863175326019457
489,SHW,0.23553009016147786,0.6493033219749793,0.6687484750091357,0.09680552680604429
490,SHW,0.23512662784813942,0.6382571312512321,0.6574410296304494,0.05086214034361416
491,SHW,0.20519235225173382,0.41155827272767104,0.38713519519143336,0.07567015110743117
492,SHW,0.20250401437166987,0.40493256898488783,0.3723916176089176,0.04908714551852618
493,SHW,0.20016477867623572,0.4093452468185179,0.36172692494020037,0.04856965431587663
494,SHW,0.1983620610149075,0.4124927913629223,0.35400131588420763,0.042735458497205545
495,SHW,0.19692274652415653,0.42400804377692625,0.3507701003449647,0.05076071206789484
496,SHW,0.19500556840579764,0.4363872482582226,0.3513556739164977,0.13983906023597598
497,SHW,0.1933402017909216,0.4478975333570298,0.35477213225686677,0.0
498,SHW,0.19285661560328315,0.46643936047260504,0.36225420795131114,0.0
499,SHW,0.1922385403478042,0.4774599716304294,0.3710624533271635,0.0
500,SHW,0.19164621608851617,0.47625769238449267,0.37780112340662764,0.0
501,SHW,0.19085073029452482,0.48322859149253633,0.38497743722506284,0.0
502,SHW,0.19038002414586397,0.48996780296572146,0.3924445264942595,0.06260349824052991
503,SHW,0.1895630756953941,0.49229261108173483,0.39901362478788965,0.06446801904367626
504,SHW,0.18914387363490626,0.49724923388698006,0.40553838730981845,0.0568608983647278
505,SHW,0.18890351214166623,0.5062600613584238,0.41306603892298416,0.03905557855516456
506,SHW,0.1884399575338751,0.5093595750869314,0.4198820037014231,0.05090146967501552
507,SHW,0.18732684922420262,0.5097239404607035,0.4254280963172158,0.03647588490995653
508,SHW,0.18636825981572414,0.5030829838397588,0.42816409710236375,0.08184123369902711
509,SHW,0.1863739827250539,0.4997508160110085,0.42949946717228354,0.0
510,SHW,0.1867431089796101,0.4965319706658981,0.4297433566794463,0.0
511,SHW,0.18779469007591354,0.5039161297318403,0.4318296896513698,0.06294090250465742
512,SHW,0.1885429620425858,0.5124408665642567,0.4356821007123947,0.05549472158973297
513,SHW,0.18885914719426022,0.5186595945572173,0.4403567622130715,0.046840716207824463
514,SHW,0.1893498899875996,0.5255471470954889,0.44586052255173364,0.048280376733595524
515,SHW,0.18938995454448992,0.5294851421655649,0.45127212507828307,0.05504605671703581
516,SHW,0.18918392945933027,0.5296917099917421,0.45565431298669884,0.06939764024011591
517,SHW,0.18906375185639823,0.5323578303054359,0.45984290663479976,0.1186405506106396
518,SHW,0.18853438274342205,0.5346375180140481,0.46377765225057643,0.0
519,SHW,0.1889664651921863,0.5518074462451635,0.47132298877947093,0.052664562202442554
520,SHW,0.18997083962179362,0.566282573888745,0.48106660916247423,0.04396398261229559
521,SHW,0.1906840568476802,0.5785544921890101,0.4920045734724747,0.03753156696336162
522,SHW,0.1913479076932243,0.5873507478758004,0.5030078306653238,0.02804750569240323
523,SHW,0.19230721281466745,0.5962212491486948,0.51408233784891,0.03574415234941006
524,SHW,0.19323718558070624,0.6045218681008708,0.5250678874947109,0.04277116539018836
525,SHW,0.19421007842022275,0.615808130368388,0.5367469502537559,0.09658921548333678
526,SHW,0.19574095561795968,0.6308561342862784,0.5499442759588146,0.0
527,SHW,0.19707725739148163,0.6352170325546685,0.5616190442041998,0.0
528,SHW,0.198782686467456,0.6378280266974712,0.5716275832775646,0.0
529,SHW,0.2011748625671741,0.654257110258267,0.5838422103840544,0.0
530,SHW,0.20317788467477405,0.656799419741316,0.594265045119182,0.06804026081556613
531,SHW,0.20512939885191517,0.6658172458776662,0.6049129469920024,0.045733285034154414
532,SHW,0.20680048732822454,0.6680404935621369,0.6140006838408304,0.04000827985924239
533,SHW,0.20871766544658343,0.6725829630910982,0.6224342848000269,0.027714758849099564
534,SHW,0.21040735407681077,0.6717495600349308,0.6289677154436261,0.03285551645622024
535,SHW,0.21209561058251114,0.6679429534036425,0.6332195167416143,0.044243945352929
536,SHW,0.2140156529499242,0.6652453685800699,0.6359300558086497,0.12905454357275925
537,SHW,0.2158069200770616,0.661457152465877,0.6371282540010805,0.0
538,SHW,0.21768689579179257,0.6590234334029906,0.6374634915444755,0.0
539,SHW,0.21884005922729144,0.6562153135300389,0.6370124695125048,0.0
540,SHW,0.21980241981784965,0.6499452194445258,0.6350457634172098,0.0
541,SHW,0.2212524623185026,0.654986381561221,0.6347635345282132,0.0
542,SHW,0.2221180593405585,0.6452910531563527,0.6320545963186759,0.040373628648312974
543,SHW,0.2230687717148392,0.640754681196187,0.6287255959724254,0.047268681432415645
544,SHW,0.22395439228287306,0.6367123152176146,0.625027070096345,0.03589163734216518
545,SHW,0.22480710891665234,0.6372882206322323,0.6222157495529534,0.028957772717863796
546,SHW,0.22551961112817143,0.640831899430726,0.6208742955952167,0.0882405299109915
547,SHW,0.22665846589315208,0.6447872406731696,0.6208141693641058,0.08722831711860898
548,SHW,0.228066300889604,0.6524737002408648,0.6227347145628908,0.17581815359138894
549,SHW,0.2287244354624931,0.6573764801459716,0.6255268444342938,0.0
550,SHW,0.22983467603012508,0.660100962065826,0.6284583391526353,0.0
551,SHW,0.2304899498469466,0.6599170711270437,0.6307564370154991,0.0
552,SHW,0.23189778484339896,0.6703926601738248,0.6352779097607862,0.0
553,SHW,0.23290787694285564,0.6732375873777313,0.639623727070183,0.0
554,SHW,0.2337663115957831,0.667964429353256,0.6417498264355797,0.0
555,SHW,0.2350968883641833,0.6703806779993479,0.6440695524376643,0.0
556,SHW,0.2355833304177084,0.6552631114910836,0.6420534414599219,0.12631546263713517
557,SHW,0.2362042674771503,0.6446091343121895,0.6377118696827214,0.06046625957358724
558,SHW,0.23680803021982544,0.6366369393292574,0.6321967838885578,0.040314117160008274
559,SHW,0.23766932458092427,0.6350127528271329,0.6273687306857129,0.05301645622024425
560,SHW,0.23866419793314875,0.6326443643513946,0.6228996994992263,0.036433450631339265
561,SHW,0.23936811438347894,0.6349877515747249,0.6199246598854895,0.08385065203891533
562,SHW,0.24061427230119214,0.6344988023752138,0.617419399151512,0.11067325605464706
563,SHW,0.24164010764078503,0.6327914656038112,0.6149779096563042,0.0
564,SHW,0.24234688729227316,0.6245297115504409,0.6109087281893298,0.0
565,SHW,0.24368318452491278,0.6348161016815405,0.6102879200866895,0.0
566,SHW,0.2442669212765185,0.6306014712891125,0.6087118278643667,0.0
567,SHW,0.24476553638852305,0.6268536991404637,0.6064910794819867,0.08957151728420616
568,SHW,0.24492864140020498,0.6218461170234041,0.603431945255358,0.05868194990685158
569,SHW,0.2452619998207508,0.6206351663642062,0.6006744907415749,0.06495808321258538
570,SHW,0.24553670226295443,0.6177885235349958,0.5977394486136248,0.054122852411509
571,SHW,0.24583429773967103,0.6141902852457656,0.5944698387273722,0.03900745187331815
572,SHW,0.2457827894599136,0.615370636628245,0.592156460903273,0.041899192713723866
573,SHW,0.24588579868415605,0.6147208188517311,0.5901393281470202,0.08092372179672945
574,SHW,0.24630929397453705,0.6139323479355852,0.5883236797804366,0.0
575,SHW,0.24634935433984317,0.6126344284395115,0.586538739607533,0.0
576,SHW,0.24716201025901707,0.6110692275146061,0.5847099102122155,0.0
577,SHW,0.24771140815745163,0.6061516166507546,0.5819873544974206,0.0
578,SHW,0.2481949981873759,0.6017658193470105,0.5786860251351891,0.0
579,SHW,0.24912783520246884,0.6125386968273056,0.5788040972333799,0.05321776029807493
580,SHW,0.2501651125184352,0.6222756578666702,0.5813923729073183,0.04396294762989029
581,SHW,0.25015939275279386,0.6128858598875951,0.5810580904096194,0.2274730904574622
582,SHW,0.24991903160885198,0.5986562830218497,0.5771462034024186,0.06881494514593252
583,SHW,0.25004493875778855,0.5940843596851182,0.572845738644987,0.10474694680190436
584,SHW,0.25047415695749864,0.5902239225690974,0.5684166366273188,0.08803198095632374
585,SHW,0.2500907202859306,0.5877258824358683,0.5642335601724472,0.16671237838956737
586,SHW,0.2502767148391385,0.5856799119916131,0.5603630876777781,0.0
587,SHW,0.25050205194889563,0.5849479521060452,0.5570792410532632,0.0
588,SHW,0.25239347208509066,0.6168622136922215,0.5626260035719782,0.0
589,SHW,0.2522432467630882,0.6028714385924625,0.5634801141804805,0.0
590,SHW,0.25247072751875343,0.597940920984047,0.5629006048098477,0.10212688884288966
591,SHW,0.2525909037244909,0.5907411740662661,0.5605930073504366,0.052049782653694886
592,SHW,0.2526037841127675,0.5871722089161628,0.5578328505979305,0.06990633409232043
593,SHW,0.25280122518323145,0.5868981478823688,0.5555545330348246,0.06773131856758435
594,SHW,0.2529986624114102,0.5867210621520924,0.5536865240138203,0.0904010556820534
595,SHW,0.25329911375401304,0.5883195096325275,0.5526015091192491,0.10985665493686607
596,SHW,0.2533334547029764,0.583857068983291,0.5505905826176738,0.11490167667149657
597,SHW,0.2535366179841725,0.5804330882599419,0.5481048958571964,0.0
598,SHW,0.25387999254394056,0.5803787708752962,0.5461024347498002,0.0
599,SHW,0.25336206994822086,0.5771702516071493,0.543678704016722,0.0
600,SHW,0.2526080738496739,0.571527055869231,0.5402943913627227,0.0
601,SHW,0.25279692811105314,0.5699525986000606,0.5371836932594862,0.0
602,SHW,0.25325046623032277,0.5677498047777985,0.5341309580433276,0.08906385841440695
603,SHW,0.25319323364404167,0.5625044367206987,0.5303453329191452,0.0550491616642517
604,SHW,0.2529614565147955,0.5549057661014748,0.5253706710292139,0.06656903332643345
605,SHW,0.2526681591581532,0.5486229361155963,0.5197817911450542,0.05965586835023804
606,SHW,0.2522074611148457,0.5406329361091874,0.5132642986655056,0.058807700269095424
607,SHW,0.2517424789234104,0.5356696921287945,0.5067791249879402,0.11132012005795901
608,SHW,0.24967650551178378,0.5320804721705016,0.5006717196253689,0.11930604429724694
609,SHW,0.249393221499975,0.5277065274287139,0.4946655462079102,0.0
610,SHW,0.2509684543887034,0.5691850491595921,0.50048403335562,0.0
611,SHW,0.25061649616353865,0.5592506546830709,0.5025944386792472,0.0
612,SHW,0.2500513571207603,0.5495371893018027,0.5017949626206338,0.0
613,SHW,0.2493474417183259,0.542039134781836,0.49923498964968294,0.0
614,SHW,0.24867786237467393,0.5374158188851781,0.49600289352459953,0.1937419788863589
615,SHW,0.24814563599861716,0.5389023343104405,0.49379794105209807,0.08808787000620989
616,SHW,0.24815993977895423,0.5460952018036787,0.49387620708759566,0.08981266818464086
617,SHW,0.24827439901343973,0.5542819919103511,0.49603561011674796,0.10071051542123784
618,SHW,0.24838456781242124,0.5635346851485505,0.5001329204862186,0.1353394742289381
619,SHW,0.24881378601213155,0.5743364276294353,0.5061772972367669,0.16301697371144688
620,SHW,0.24919150012366842,0.578648657034114,0.5121172413114796,0.2590990478161871
621,SHW,0.2493603259488879,0.5805198482336322,0.5173484436656257,0.0
622,SHW,0.24960784457177687,0.5825059554624712,0.5220420847896236,0.0
623,SHW,0.2502430878566466,0.5883056418319491,0.5272824059365621,0.0
624,SHW,0.25082682390965494,0.5880128387999508,0.5313996705164268,0.0
625,SHW,0.25136048520462806,0.5860523590616129,0.5341913666196944,0.0
626,SHW,0.25448519754080423,0.6340249265141918,0.5487113960600438,0.0
627,SHW,0.25422050879273206,0.602508961437851,0.5522555909861654,0.0
628,SHW,0.25431494168684954,0.5847008349341801,0.5505299523662937,0.12383926723245704
629,SHW,0.2543821851728736,0.5680308712358344,0.5448799517101625,0.08333574829227902
630,SHW,0.25237773408443465,0.5570375456408195,0.5375443547083744,0.08522924860277374
631,SHW,0.252589483825417,0.5514658665798572,0.530248865799148,0.10852256261643552
632,SHW,0.25285846126249933,0.5464298509407244,0.5231226567937718,0.09582902090664458
633,SHW,0.253030150288877,0.5406417401726582,0.5159392460699441,0.14633823225005174
634,SHW,0.2535251850895639,0.5439884242497496,0.511049665932021,0.2728239494928586
635,SHW,0.2540946117734568,0.5531661038778091,0.5094885773780404,0.0
636,SHW,0.25466404125173936,0.5662223193522885,0.5115836477265951,0.0
637,SHW,0.2545753351092366,0.5653106798392716,0.513026216060517,0.0
638,SHW,0.25435070812366556,0.564528887859534,0.5139800391667151,0.0
639,SHW,0.2576413809881106,0.6393666563464635,0.5339104511034031,0.0
640,SHW,0.26080900920618055,0.6905914693391298,0.5629744141744379,0.0
641,SHW,0.2634987765910315,0.7181666894202856,0.5932881146945059,0.0
642,SHW,0.26674795591774725,0.7501660117328492,0.6257347005732281,0.6786110536120885
643,SHW,0.26982401968233716,0.7740284096539187,0.657803576081249,0.40882374249637754
644,SHW,0.2725632928176982,0.7788814006417525,0.6847016183262924,0.16931639412129992
645,SHW,0.27554206537719383,0.7836765966099462,0.7074481915745173,0.11084506313392671
646,SHW,0.2754748253841566,0.7723805742988142,0.7227523274008182,0.11597598840819705
647,SHW,0.2786453209949682,0.7590836672766647,0.7315900492590824,0.13696905402608156
648,SHW,0.28131791860393474,0.7435803804647844,0.7346895447759509,0.2077685779341751
649,SHW,0.284904910104784,0.7456104923901258,0.7376890908566567,0.0
650,SHW,0.2874730677621753,0.7264032128021104,0.7351693838637948,0.0
651,SHW,0.2899711155886975,0.7110318367687944,0.7292167211194858,0.0
652,SHW,0.2949214314600912,0.7466632858684907,0.7335804720492951,0.0
653,SHW,0.2975425221864949,0.7228085518794808,0.7309618288645667,0.0
654,SHW,0.3008017145087456,0.722977534106914,0.72891019382853,0.22341751190229764
655,SHW,0.30376045758418546,0.7214797960229926,0.7268852870391677,0.20377044090250465
656,SHW,0.3062227396724886,0.7140983471661436,0.7233748343767676,0.08102463258124612
657,SHW,0.3094447334333963,0.7110297918853815,0.7197805577969424,0.0716927137238667
658,SHW,0.3125379669738708,0.7042635671024459,0.7151721797043249,0.09988304698820119
659,SHW,0.31219458892111596,0.7025207778200513,0.7110391162704787,0.15816135375698612
660,SHW,0.31248932259386875,0.7060801154354953,0.7086442785165279,0.19723193955702753
661,SHW,0.3131274269841047,0.7031580879312552,0.7059800223699886,0.0
662,SHW,0.3133949754403482,0.7038544846098644,0.7040269776785012,0.0
663,SHW,0.3134378972603189,0.6991245924431535,0.7012531279991499,0.0
664,SHW,0.3141810144519406,0.6967530493785351,0.6984266516821929,0.0
665,SHW,0.3150966816911491,0.7003536250446256,0.6970876454584889,0.0
666,SHW,0.31662326356320114,0.7015680934450368,0.6963274885713819,0.0
667,SHW,0.31867205741858085,0.709562224633606,0.6977668097070031,0.09235768991927136
668,SHW,0.32079811613868703,0.7128848311437286,0.6997692483410127,0.10070689298281929
669,SHW,0.3217994682406362,0.7070073321625582,0.6998658617339953,0.12036586628027322
670,SHW,0.3228553453612222,0.6831599192159611,0.6938353835758153,0.08414665700683088
671,SHW,0.32355068198844084,0.6572706795535559,0.6823802821323581,0.08214034361415855
672,SHW,0.32136738788766395,0.6263889000930852,0.6653067991594371,0.15559770233906023
673,SHW,0.3217393762954823,0.6040642846454805,0.6459302608543721,0.22652556406541088
674,SHW,0.32173365687913935,0.599058880449302,0.6291470524959033,0.0
675,SHW,0.3218280859309717,0.5969679558747284,0.6151849608840532,0.0
676,SHW,0.32138885229063585,0.5796240700406364,0.5995731937597395,0.0
677,SHW,0.32073072190933116,0.5658048954423717,0.5835444307545651,0.0
678,SHW,0.32046746703227935,0.5603483964484113,0.5693239088139277,0.0
679,SHW,0.31968629340179366,0.5506772351735966,0.5554705258174866,0.0
680,SHW,0.3188507447974056,0.5486429991569063,0.5438668134961263,0.0
681,SHW,0.3188893716409904,0.561014869691166,0.53775251128084,0.09473452701304078
682,SHW,0.31875989221460577,0.5718747414200279,0.5356424859521531,0.06203788035603394
683,SHW,0.3187284186583845,0.578616540984452,0.5356811667622667,0.07381494514593251
684,SHW,0.3183936316062985,0.5804015071767349,0.5361692746662723,0.04028462016145725
685,SHW,0.31797013491872295,0.5867699023897497,0.5381908262181183,0.06656282343200165
686,SHW,0.3173778134538239,0.5879938045243891,0.540121531707384,0.05486803974332436
687,SHW,0.3163734488045793,0.5888608467618626,0.5418881618466033,0.11474021941626991
688,SHW,0.31544633889039986,0.5895553922911922,0.5434793520697393,0.0
689,SHW,0.31510582543599774,0.595023778475951,0.5461528603168344,0.0
690,SHW,0.31561516401702194,0.5987263691810494,0.5492399697055551,0.0
691,SHW,0.3186626100912766,0.6473037371528261,0.5641512305089313,0.0
692,SHW,0.3221736191564901,0.6843609902701362,0.5855712953764547,0.0
693,SHW,0.32240253203668234,0.6474656035588094,0.5932577480623176,0.06892361829848892
694,SHW,0.32126939808523947,0.6026876596488813,0.58793844054501,0.09395932519147174
695,SHW,0.31972278603053406,0.5609364330418961,0.5729897238257567,0.07448768370937693
696,SHW,0.31863042361647986,0.5222224277609806,0.5511153689824922,0.08387807907265576
697,SHW,0.3177290664449839,0.49622164370355126,0.5269565975833218,0.09199958600703788
698,SHW,0.3169478921159006,0.4844725858637746,0.5046204268121212,0.06960360173877043
699,SHW,0.3168134054931513,0.483964711577586,0.4866214140832023,0.21328710411922996
700,SHW,0.31615484742497224,0.4791495165920903,0.4709889423251699,0.0
701,SHW,0.3149201325315283,0.47834863166143143,0.4582778432956589,0.0
702,SHW,0.31375623444945244,0.4812786657566476,0.4488594006532589,0.0
703,SHW,0.3124857461332198,0.48065964884639556,0.44116610472079887,0.0
704,SHW,0.3125093499905156,0.5042659192523761,0.44105747572862364,0.11450734837507762
705,SHW,0.3124750139317336,0.5274131983744376,0.44689902402867543,0.08303715586835023
706,SHW,0.3127039268119258,0.5478444115577099,0.45680507883158533,0.08834713309873732
707,SHW,0.31267244626973123,0.558890840226485,0.4675591198420612,0.3211322707513972
708,SHW,0.3126295275934483,0.5676682480651251,0.47841041110855287,0.05536224384185468
709,SHW,0.3125980554344212,0.5799529377481544,0.4902377831155467,0.06707306975781412
710,SHW,0.312369142554229,0.5851288283614886,0.5010253231984504,0.16823018008693852
711,SHW,0.3098853999052391,0.5888905495178278,0.5106188024712864,0.0
712,SHW,0.3069152099632442,0.5815507182430356,0.5164137177004794,0.0
713,SHW,0.30758479454637633,0.5854983097670544,0.5220607019709512,0.0
714,SHW,0.30892681468834526,0.5871814023049907,0.5270093608933186,0.0
715,SHW,0.3105363787456745,0.5874808725027371,0.5310449879548543,0.0
716,SHW,0.3123240746432596,0.5850539420622988,0.5336519072868233,0.0
717,SHW,0.31303085289755317,0.5646558737289057,0.5305131156060464,0.0
718,SHW,0.3136575121677274,0.5548776131663318,0.5254976866850296,0.06253829434899606
719,SHW,0.31401519400081934,0.5496092597553321,0.5201360196175475,0.07723607948664872
720,SHW,0.3148111050365938,0.5492806949538768,0.5157625343672674,0.0499332436348582
721,SHW,0.31572105076366763,0.5535284591972336,0.513351678106733,0.04022717863796315
722,SHW,0.3162962059456689,0.5527087470136754,0.511213049463312,0.04311374456634237
723,SHW,0.31670682573795417,0.5449721333343719,0.5075206549580477,0.057918650382943485
724,SHW,0.3160994826839616,0.541445539379727,0.5036635126251929,0.15445042434278616
725,SHW,0.3152925524685062,0.5388284129966388,0.4999075037003217,0.0
726,SHW,0.3137216166519563,0.5233152174755661,0.4929294767847694,0.05569757814117159
727,SHW,0.31239962599404336,0.5115720407301253,0.4843394078588152,0.0674456634237218
728,SHW,0.3109088018263404,0.49957992430674164,0.4743959472129367,0.06173928793210515
729,SHW,0.30905600818443113,0.4889636661361735,0.46372215624534896,0.06002225212171393
730,SHW,0.3073820554590678,0.4808925113105994,0.45311594963067414,0.08729766093976402
731,SHW,0.30534184037890366,0.4679710921876009,0.4413215670161595,0.0879000206996481
732,SHW,0.30380810487018994,0.45929899295918186,0.4296649739728623,0.2183983647277996
733,SHW,0.30174785751158084,0.45282561673466093,0.41868174670732095,0.0
734,SHW,0.30019122617396476,0.4581580649396387,0.41126090470213106,0.0
735,SHW,0.3007129552029859,0.5053021016545298,0.41739870142392754,0.0
736,SHW,0.2995054181907799,0.5051393208226139,0.4222672475830992,0.08360743117367005
737,SHW,0.2996055722477333,0.5141760542428598,0.42847656110449955,0.058271061891947834
738,SHW,0.2994034069128235,0.5218502575423627,0.43540951904557545,0.0494141999586007
739,SHW,0.29876243512984546,0.5216556225775534,0.4409060357404361,0.04977178637963154
740,SHW,0.2975777887070612,0.5144993203506931,0.44347038613203693,0.06174498033533429
741,SHW,0.29605262848057645,0.5068285208957582,0.4435572311096748,0.06368660732767542
742,SHW,0.2946362049285456,0.49942741802181,0.4417311460991782,0.11798074932726142
743,SHW,0.2935703120180362,0.494312109344041,0.4389601517812474,0.0
744,SHW,0.2920165414364877,0.4834365189690434,0.43395791404383666,0.0
745,SHW,0.28970734752204685,0.4602697295809689,0.4240226754157635,0.0
746,SHW,0.28919800963961984,0.4663695624746339,0.417636765904549,0.0
747,SHW,0.2888145757624414,0.4747841214372235,0.41468316436410185,0.0
748,SHW,0.2888746725977769,0.4880772225774482,0.41572489517691447,0.0702183812875181
749,SHW,0.2888145757624414,0.4949437178251202,0.41831691779897606,0.0557519147174498
750,SHW,0.2888346080408868,0.5021408529558566,0.42223385693197635,0.036546263713516866
751,SHW,0.2887873915938277,0.499563979966272,0.42470742282739776,0.05314686400331194
752,SHW,0.2888145670299751,0.5001583129299769,0.4268384953414876,0.055968743531359964
753,SHW,0.2889204394553755,0.5020891578091684,0.42903787887119993,0.06297816187124819
754,SHW,0.288843176686441,0.5096984800656266,0.43274627556924655,0.12204253777685778
755,SHW,0.2867276174091624,0.5163435520903626,0.43741492026712026,0.0
756,SHW,0.2862411732598453,0.5176502371328303,0.441484502525576,0.0
757,SHW,0.2855458366326269,0.5234225729955191,0.44621857160329825,0.0
758,SHW,0.28504408062702513,0.5323937203458394,0.4523035056392782,0.0
759,SHW,0.2837220927635018,0.5163163563725962,0.45305373899072926,0.0
760,SHW,0.28271629598973025,0.5032451861091024,0.4503061542787348,0.08854377975574415
761,SHW,0.28198376429415517,0.4966584057790677,0.4464210887639203,0.045292382529496994
762,SHW,0.28123692881824347,0.48992990561101046,0.44158974150337604,0.03882581246118816
763,SHW,0.28076765409551196,0.4911275938978876,0.4380314140856017,0.04557596770854895
764,SHW,0.28068180801047937,0.4930778080289051,0.43568423849780236,0.04926567998344028
765,SHW,0.28154024021831603,0.4991660529397919,0.43536581151949366,0.0495321879528048
766,SHW,0.28132276617080954,0.505734446971216,0.4367933586068051,0.10939298281929206
767,SHW,0.28158888145462946,0.5239598347165005,0.442603259252415,0.0
768,SHW,0.28270484563018816,0.5617636228555528,0.4569334375877216,0.0
769,SHW,0.28257894965880914,0.5615903696261109,0.4683532068606545,0.04118246739805423
770,SHW,0.2823915247275677,0.5612538871246116,0.4774028428115079,0.033308838749741256
771,SHW,0.2820724753268391,0.5494084382687853,0.48160871037670305,0.039569447319395566
772,SHW,0.2820109550994434,0.54744106685222,0.48446952378043073,0.024246532808942248
773,SHW,0.2818907788937055,0.5456261742467183,0.4862933465328587,0.042627820327054436
774,SHW,0.28154454532436346,0.5451804139419181,0.48763823717623267,0.04007658869799213
775,SHW,0.28073761510890827,0.5356861399728908,0.486282488397294,0.09165752432208651
776,SHW,0.28014529399330823,0.5285176633323609,0.48336190831461295,0.0
777,SHW,0.27934694814184713,0.5233116186630186,0.4796920787529402,0.0
778,SHW,0.2783511619185195,0.5196438860186497,0.47581684011444336,0.0
779,SHW,0.27849995756108514,0.5172231811162958,0.47209666136323003,0.0
780,SHW,0.27869596371263317,0.5158070786317827,0.46875782800693067,0.0
781,SHW,0.2787446094898296,0.5151941957337224,0.46592979053870043,0.0
782,SHW,0.28003511960554794,0.5383384983260044,0.46959504971291177,0.0521398261229559
783,SHW,0.2808921238804414,0.5535213242737007,0.476415862995768,0.04260712067894846
784,SHW,0.2811931756674493,0.5543449262866278,0.48208345351516435,0.054645001034982404
785,SHW,0.28126185651748026,0.5540989067511153,0.4865545157222193,0.03146812254191678
786,SHW,0.2815079461595298,0.5587076247975747,0.4913117444534825,0.03492496377561581
787,SHW,0.28101577351210505,0.5596920442699097,0.49536965569341707,0.03966363071827779
788,SHW,0.2792989021104588,0.5585282537190533,0.49831791613945464,0.0972065824880977
789,SHW,0.2790313522570207,0.5575091034405723,0.5004155010317558,0.0
790,SHW,0.2787723864182783,0.5567319862331745,0.501894534681364,0.0
791,SHW,0.27883533597581156,0.5511779582406406,0.5016552710623022,0.0
792,SHW,0.2791214814422851,0.558685302814076,0.5033866316477135,0.054277582281101217
793,SHW,0.27909572066573185,0.5577851131401044,0.5045411646892379,0.04765938729041606
794,SHW,0.27910430468042713,0.5586199956222854,0.5056786201549119,0.0457550196646657
795,SHW,0.27971522804573734,0.5622973975336881,0.5075304359969033,0.04618815980128337
796,SHW,0.2803590553453028,0.5658184321405059,0.5099136915460916,0.0554667770647899
797,SHW,0.28105582165195786,0.5696452033985139,0.5128004037407125,0.05859915131442765
798,SHW,0.281691067731217,0.5712679846866535,0.5155253981623165,0.11656282343200165
799,SHW,0.2823234492121236,0.5723453621628516,0.5179813302394608,0.0
800,SHW,0.28295010778370044,0.5729246814160616,0.5200944504066188,0.0
801,SHW,0.2837083932698554,0.5759168163703504,0.5225512883140734,0.0
802,SHW,0.28367405721107297,0.584979665436116,0.5268379239397953,0.21092786172635064
803,SHW,0.28378564940211537,0.5915836051311725,0.5319586250201926,0.03924756779134755
804,SHW,0.28450041926056824,0.5975907288712476,0.5375937227260305,0.02919374870627199
805,SHW,0.28548332823930744,0.6063981093489919,0.5443575359027659,0.04821465535085903
806,SHW,0.2861185715241772,0.6103920796567329,0.5507915170059808,0.040172324570482296
807,SHW,0.286819631410024,0.6116522098813204,0.5562614448283572,0.0524948250879735
808,SHW,0.2878955411583537,0.6177802390650592,0.562206890075217,0.09109915131442765
809,SHW,0.2889743095669586,0.6218572935492614,0.5680074562474359,0.0
810,SHW,0.28887129719902793,0.6001650558414436,0.5670921210355777,0.0
811,SHW,0.2890143699322649,0.5827635015893621,0.5619029890698739,0.0
812,SHW,0.28969539753966655,0.591633076176729,0.5600233475851066,0.08987735458497205
813,SHW,0.2907484194929635,0.5990342206299186,0.560415206039122,0.06141223349203063
814,SHW,0.29147951906401137,0.5993176633162205,0.5608012877802644,0.05346046367211757
815,SHW,0.29217485045175007,0.6013675588473152,0.5616351697921663,0.03433812875181122
816,SHW,0.29280294184645106,0.6017927732869546,0.5624111807795756,0.03212895880770027
817,SHW,0.2933652166401757,0.6014377330572578,0.5629410571204234,0.05114727799627406
818,SHW,0.2938201868839725,0.5972268315753286,0.562286467496674,0.10733595528876008
819,SHW,0.2946757618287281,0.6016326203704262,0.5628912007832408,0.0
820,SHW,0.29512501021109205,0.596174076893158,0.561976952245549,0.0
821,SHW,0.2954426316788772,0.5914781761430956,0.5600428453273477,0.0
822,SHW,0.2957545312852292,0.5942232513234087,0.5591986249335092,0.0
823,SHW,0.2961079230321162,0.596620793259895,0.5591373039896913,0.0
824,SHW,0.29603924532577297,0.5906410306148641,0.5575567180817498,0.0
825,SHW,0.29567154735345835,0.5840194026975863,0.5545963264907474,0.0
826,SHW,0.29565294719954016,0.5833213072630863,0.5520492179090176,0.1162042020285655
827,SHW,0.295581410832922,0.5801309508827219,0.5491944210520376,0.06444007451873318
828,SHW,0.29513216035476675,0.5754048113294474,0.5457001307548411,0.06532498447526391
829,SHW,0.29434382959463234,0.5645245567898601,0.5401180616541545,0.05103187745808321
830,SHW,0.29507922553926114,0.5629364163239841,0.5352456538707462,0.04612399089215483
831,SHW,0.29527237303053355,0.5506179346160824,0.528192733880072,0.06792382529496999
832,SHW,0.2943009123155438,0.5400130267544532,0.5198342824632416,0.16381856758435107
833,SHW,0.29330798510179035,0.5323055288186809,0.5111734868262067,0.0
834,SHW,0.2925425494719607,0.5261657350950948,0.5026723342087362,0.0
835,SHW,0.29166551291862186,0.521733907135501,0.4947363380117203,0.0
836,SHW,0.29084284260671844,0.519100472471775,0.48771306913956225,0.0
837,SHW,0.2900402066690524,0.5177012412039684,0.4817360847209301,0.06917253156696336
838,SHW,0.28919178640885446,0.5126899371811825,0.4756710084155704,0.07764386255433657
839,SHW,0.28784690551081815,0.5072763922039455,0.4694324371625548,0.051679258952597805
840,SHW,0.2866780005816765,0.4987996955062399,0.4622705394544536,0.030921651831918855
841,SHW,0.28522438231058866,0.4870247154060371,0.4535252284599558,0.04611674601531773
842,SHW,0.28295524876145395,0.46873163890306296,0.4418437803306378,0.10161871248188781
843,SHW,0.280477230418988,0.4518034455678325,0.4281629946229564,0.14012523287104117
844,SHW,0.27728670846780856,0.41775777156135674,0.4084986316181976,0.0
845,SHW,0.27496320728004364,0.40885317714297265,0.39048650789230965,0.0
846,SHW,0.27272697976095617,0.41014790314169736,0.3764084124767836,0.0
847,SHW,0.2706123637158211,0.4129800499724859,0.36587130196472917,0.0
848,SHW,0.2679035083325645,0.4027214627376652,0.3548141973263461,0.0
849,SHW,0.26650568493445204,0.41629310018343924,0.34944446402278356,0.15019147174498032
850,SHW,0.26513790995400743,0.43616634410268545,0.3502385871692554,0.15185520596149865
851,SHW,0.2640949128723995,0.44875068186008565,0.3540969701614083,0.054045746222314214
852,SHW,0.26330801283959726,0.4640561431323113,0.36110369170092893,0.06333419581867107
853,SHW,0.2625068023897834,0.4772216629300281,0.3700810050076123,0.04756623887393914
854,SHW,0.2617310362519325,0.48858359948403973,0.3801728602967359,0.0570906644587042
855,SHW,0.2609384164534889,0.4979474805711283,0.39064460976368964,0.13599565307389774
856,SHW,0.26010287169138624,0.5055156452588899,0.400960357987728,0.0
857,SHW,0.2593259836062227,0.5134638165077627,0.4112486320113518,0.0
858,SHW,0.25886099407951524,0.5222044767001882,0.42171789792826053,0.0
859,SHW,0.2583144534441617,0.5257886217071298,0.43101127729226374,0.0
860,SHW,0.25834449941673854,0.5359451132717259,0.44104724839985865,0.0
861,SHW,0.2584332038127479,0.5395453946925002,0.44999812475406253,0.0
862,SHW,0.2582886989549842,0.5279293979933429,0.4541837516345416,0.06549937901055682
863,SHW,0.258345922808799,0.5196844882647874,0.4554205774150231,0.06271682881391016
864,SHW,0.25970224812829934,0.5182428616641942,0.4560408104801471,0.050909232043055266
865,SHW,0.2604605332651555,0.5215040826778523,0.45737225668299514,0.033400434692610226
866,SHW,0.261027104432461,0.5271249498514625,0.45987702294950644,0.05531152970399503
867,SHW,0.2618011296657654,0.5362571414925374,0.46421976119408426,0.05562616435520596
868,SHW,0.26318799439110885,0.542065891923188,0.4691816815132298,0.11437487062719932
869,SHW,0.2635857393838963,0.5464044508162808,0.47426240391768393,0.0
870,SHW,0.26361149003078843,0.5499515177475676,0.479235452082457,0.0
871,SHW,0.2638575726868646,0.5529551155699,0.4839831682430912,0.0
872,SHW,0.26389333947297944,0.5552645532890842,0.48837283140351384,0.0
873,SHW,0.2643053896432983,0.5649058611312942,0.49435388135284525,0.0749425584765059
874,SHW,0.2644974165844529,0.5680066077510894,0.4999328805667549,0.04484734009521838
875,SHW,0.26439439967563994,0.5639575107861002,0.503359030407179,0.03728989857172428
876,SHW,0.26404530011075034,0.5552308030288449,0.5038648770613414,0.058788553094597386
877,SHW,0.2637877663965349,0.5517188569847462,0.5033700792601237,0.06808942247981783
878,SHW,0.2636046322500958,0.5525667588357339,0.5031914045556745,0.059294141999586006
879,SHW,0.2637162261876309,0.5556500808693239,0.5038381612838491,0.11384547712688883
880,SHW,0.2634644181771344,0.5576401216109852,0.5048652533533378,0.0
881,SHW,0.26363610545701865,0.563257988754058,0.5071257679491813,0.0
882,SHW,0.26428994924510496,0.5628155078733711,0.5088208519891931,0.0
883,SHW,0.2653973395356295,0.5722049823882416,0.5125817394128142,0.2234283792175533
884,SHW,0.2665147459653765,0.5841858352445557,0.5186589700464488,0.0498768370937694
885,SHW,0.26718432530902847,0.5880509859377697,0.5245106920004354,0.03390033119436969
886,SHW,0.2678324402497083,0.5929475713280077,0.5304461767447822,0.027016145725522665
887,SHW,0.26840043480907405,0.5991232442568287,0.5367762699842116,0.04502225212171393
888,SHW,0.269213086885963,0.6069039362513876,0.5438331254479534,0.06251034982405299
889,SHW,0.2696766425416499,0.6049074363929763,0.5489672688312852,0.2039955495756572
890,SHW,0.27015450547066067,0.603117107742978,0.5526160468562312,0.0
891,SHW,0.2700400472840714,0.5892165622823882,0.5519748793693834,0.0
892,SHW,0.27051791021308214,0.589985324667718,0.5516588398178062,0.0
893,SHW,0.2710444203164837,0.5990190011805672,0.5537197018393988,0.0
894,SHW,0.2718341842490415,0.6066400618263011,0.5573202877521826,0.0
895,SHW,0.2725209316220847,0.6035849427684234,0.5594182833007074,0.051909542537776854
896,SHW,0.27327921536174604,0.5966487491029635,0.5593201906981854,0.03634909956530739
897,SHW,0.2736826815173694,0.5868094636183565,0.5567216914148702,0.034584972055475054
898,SHW,0.2736941297811193,0.57428101963162,0.5514341229542252,0.0259263092527427
899,SHW,0.27350241720876345,0.5624809754493605,0.5441818559770851,0.05354998965017594
900,SHW,0.2734180015017642,0.5549272837439887,0.5364454005466179,0.0837238666942662
901,SHW,0.2728829126231467,0.543879792457664,0.52742676687785,0.08317480852825501
902,SHW,0.2725824598833497,0.5354009683980405,0.518040274379936,0.0
903,SHW,0.27153802543773464,0.5235876557533038,0.5075054698713583,0.0
904,SHW,0.2703462253782887,0.51649616429993,0.49726136255253794,0.0
905,SHW,0.2695908027439935,0.5151165436244322,0.4887127300163711,0.0
906,SHW,0.2683289001889495,0.506374563314082,0.47963483918251515,0.1069612916580418
907,SHW,0.26666354021074823,0.4945981940545404,0.4693563778977022,0.07095580625129372
908,SHW,0.2647377780776936,0.4841782661813387,0.45846487028337096,0.04877458083212585
909,SHW,0.26299801748382,0.47312546041307535,0.44692083372920166,0.05487062719933761
910,SHW,0.26112662892747274,0.46304893676394576,0.4351048181496019,0.052779445249430755
911,SHW,0.25990764644590647,0.45759822471798706,0.4242559762951375,0.07112502587456013
912,SHW,0.25779303249656293,0.44816607337395176,0.41316115228510675,0.1741461395156282
913,SHW,0.25524061493561967,0.44186802440959577,0.40267224483958436,0.0
914,SHW,0.2527454264679705,0.4404386246581997,0.3939150228488678,0.0
915,SHW,0.2509083757168986,0.445649617305613,0.38824387802163124,0.0
916,SHW,0.24897689766048803,0.445057945540972,0.38355542394498643,0.0
917,SHW,0.2484360844753466,0.4703644731136172,0.3862861361261879,0.0
918,SHW,0.24776650513169463,0.4840648846463507,0.3919796377325783,0.2163641068101842
919,SHW,0.24716130153202576,0.4951594908137512,0.39937597534510594,0.054458704202028564
920,SHW,0.24621272861206878,0.49928642134772055,0.4063500295998702,0.045305837300765886
921,SHW,0.24558606934189453,0.5046095787480867,0.41329263326194243,0.05314582902090664
922,SHW,0.24472763608616166,0.5046631062057105,0.4188604255755169,0.0411653901883668
923,SHW,0.24403516545449055,0.5032799122941768,0.42296039757262704,0.05837611260608569
924,SHW,0.2433913399014187,0.5055866794825404,0.4268311814292957,0.08770906644587041
925,SHW,0.24257010241263965,0.5080655449225875,0.43056269235749883,0.0
926,SHW,0.24232258902923087,0.5141630744557092,0.435109592557552,0.0
927,SHW,0.24217665064974514,0.5160021666923366,0.43921813866669035,0.0
928,SHW,0.2421537597110246,0.5185227672585178,0.4431505485439421,0.0
929,SHW,0.24227965987398759,0.5202608393022767,0.44674162923237576,0.0
930,SHW,0.2426773975315033,0.5252292233899278,0.45088698995473947,0.07967656799834402
931,SHW,0.24331550506542698,0.5357742419874247,0.4569040551952668,0.061118298488925686
932,SHW,0.24451731078513572,0.5495144989445747,0.46523684440820623,0.07208704202028565
933,SHW,0.2457048141217022,0.5599239327222638,0.47456912663073125,0.06007503622438418
934,SHW,0.2466777069612185,0.5658489926283292,0.48355247116616934,0.07364572552266611
935,SHW,0.24782514609019346,0.5789633750969702,0.49409798564233376,0.07592061684951355
936,SHW,0.24944472663604444,0.5927027188582922,0.5060533003572366,0.15383926723245703
937,SHW,0.2498596375624309,0.6029119125147949,0.518232317737857,0.0
938,SHW,0.25094412643527475,0.6169703330408871,0.5315761563088107,0.0
939,SHW,0.25233336651728866,0.6330648430461897,0.5463733324626859,0.0
940,SHW,0.2533978280018687,0.6328938205687278,0.5581672713278149,0.04606344442144483
941,SHW,0.2544451214570578,0.6329758544392464,0.5676234328298091,0.03757348375077624
942,SHW,0.2558014481737527,0.6337818233137417,0.575394785747676,0.03561736700476092
943,SHW,0.25709911891210613,0.6303168413234111,0.580724421330746,0.030065721382736492
944,SHW,0.25812351583979587,0.6239547622910564,0.5833586822606647,0.04911095011384806
945,SHW,0.25921658942593284,0.6196977254454201,0.5843757841778855,0.0698266404471124
946,SHW,0.26011794624812956,0.6153239102951896,0.5840692497750841,0.1306225419167874
947,SHW,0.2611881302927406,0.6112596647824063,0.5827830928954728,0.0
948,SHW,0.26233843506796406,0.6097085409218329,0.5813568955344833,0.0
949,SHW,0.2634143420219044,0.6056954761801462,0.5791881166418892,0.0
950,SHW,0.26458181727160945,0.6070574949573895,0.5778019320332788,0.0
951,SHW,0.2651970296752286,0.6025473840899034,0.5755378605252053,0.0
952,SHW,0.2659996743453614,0.6075654870946517,0.5750118334357561,0.06549368660732767
953,SHW,0.26684952673008655,0.6114454578850939,0.575584744915604,0.04470192506727386
954,SHW,0.2676879308510618,0.6114335155745773,0.5760400154502021,0.04060391223349203
955,SHW,0.2680284446547625,0.6091920520736911,0.57583015111573,0.04198406127095839
956,SHW,0.2682029979301941,0.6071610799919026,0.5751420896787732,0.04406903332643345
957,SHW,0.2682745318517217,0.6027424768941555,0.5734599535608529,0.05861157110329124
958,SHW,0.2683546483907504,0.6055178701982554,0.572825074846288,0.1911048437176568
959,SHW,0.2678567552790869,0.6010791225501827,0.5711803255098422,0.0
960,SHW,0.26820013298254297,0.60239437327961,0.5702013863736201,0.0
961,SHW,0.26828883458416297,0.5987787724502385,0.5684922120091976,0.0
962,SHW,0.2682773884162055,0.5950288171304867,0.56616443876215,0.0
963,SHW,0.26865080580486267,0.5963087948174625,0.5646300464109728,0.0
964,SHW,0.26998138047747133,0.6136314853981382,0.5678391978636954,0.08374818878079072
965,SHW,0.2712518670472108,0.6268193712229795,0.5737841834591727,0.06502018215690333
966,SHW,0.2723506645905731,0.6325199937139357,0.5800002080695572,0.06019975160422272
967,SHW,0.27338937263387164,0.6349236658418236,0.585588653185891,0.06659801283378182
968,SHW,0.27439946578122454,0.6375849759957222,0.590741020628358,0.046959739184433864
969,SHW,0.27565135079985126,0.6415006765351836,0.5958657987913134,0.05353187745808321
970,SHW,0.2767501514869015,0.6455351544475958,0.6009989266393518,0.20603446491409644
971,SHW,0.27808931226999767,0.6475971757033168,0.6056335511618375,0.0
972,SHW,0.279043604955596,0.6493781179905352,0.6097973834383273,0.0
973,SHW,0.27995927044831115,0.6494551949353567,0.613148190107947,0.0
974,SHW,0.2810094281525546,0.6487817967318619,0.6156563655579004,0.0
975,SHW,0.2811095825588066,0.6261631668516894,0.6118698513910859,0.0
976,SHW,0.28035988283384095,0.5905891209587261,0.5997294609681941,0.11780273235354999
977,SHW,0.28017245790259926,0.5715811045751952,0.5851488398092746,0.07491823638998137
978,SHW,0.27950574280800144,0.5534767800520239,0.5688474864638313,0.052127923825294964
979,SHW,0.2787789329738597,0.5320430392770811,0.5503168215413435,0.049020389153384386
980,SHW,0.27794662446388996,0.5186717747768121,0.5320676584584791,0.049212895880770026
981,SHW,0.2774229761644511,0.5108177157817838,0.5154567564577593,0.06692972469468018
982,SHW,0.2770395401914809,0.507617626001882,0.5013484319597593,0.16244514593251913
983,SHW,0.27643005034789203,0.5057003807911564,0.48957072997259504,0.0
984,SHW,0.27469028975401866,0.4984298297819454,0.4782864441667104,0.0
985,SHW,0.27336257618677595,0.50209119830639,0.4701967605409142,0.0
986,SHW,0.2721121229433776,0.5033298695372207,0.4640422605300741,0.0
987,SHW,0.270921757802848,0.5049391279727682,0.4595308217316164,0.0
988,SHW,0.269322205693157,0.5000889924337857,0.45467946018812755,0.09316497619540468
989,SHW,0.2675838772238106,0.4968477475036534,0.44996822745152526,0.04030480231836058
990,SHW,0.2658212201024379,0.49642573038267457,0.4460911547775176,0.03665338439246533
991,SHW,0.26394410304798255,0.4943540508481422,0.44245890072825256,0.03035603394742289
992,SHW,0.2621871656922514,0.4971011003992586,0.44025666830288557,0.0410442972469468
993,SHW,0.2603930315216705,0.49890954989688424,0.4389580601326059,0.04003311943696957
994,SHW,0.2586961910012744,0.5032985033390641,0.43904326673291305,0.09572293521010142
995,SHW,0.25800944188173847,0.5069665078574168,0.44005087663433406,0.0
996,SHW,0.25817826456326953,0.5108473852408297,0.44185092990230895,0.0
997,SHW,0.2578735217372672,0.513972806152857,0.4440914513192699,0.0
998,SHW,0.2576460322491354,0.515446296341411,0.4462612568734542,0.0673882219002277
999,SHW,0.25802517848519946,0.5221940628193327,0.4497253306281104,0.039796108466156076
1000,SHW,0.2587115503621775,0.5372991873945646,0.4563652947992862,0.05121713930863175
1001,SHW,0.2593439381304601,0.5504391100747321,0.4650426463103185,0.038604843717656795
1002,SHW,0.25995199724671614,0.5627381026731811,0.47513452975733034,0.06810856965431587
1003,SHW,0.26052142288271285,0.571545571378818,0.4854637941238198,0.06384237217967294
1004,SHW,0.26125109032923377,0.5752051151614951,0.49466448328539747,0.10117418753881183
1005,SHW,0.26147082715584835,0.5761238525028167,0.5022603404462798,0.0
1006,SHW,0.26294447630818674,0.6000201486797943,0.5144573149579327,0.0
1007,SHW,0.26320486868267756,0.5934607887358704,0.5225349196962209,0.0
1008,SHW,0.2650819822441466,0.614273666102034,0.534327570991606,0.0
1009,SHW,0.2664826611588462,0.6200915518709069,0.545251761482527,0.055619436969571515
1010,SHW,0.2678161000805088,0.6239871921457112,0.5549888602749444,0.05808424756779134
1011,SHW,0.2690493863424124,0.6217958734296027,0.5622173015648056,0.047859656385841436
1012,SHW,0.26999367162125476,0.6170850429858443,0.5667935227346114,0.032064272407369074
1013,SHW,0.27082206833547406,0.6093124640348804,0.5684637967005964,0.03252276961291658
1014,SHW,0.2714344150928447,0.6005172331873555,0.5675473926090562,0.049641378596563854
1015,SHW,0.2721268909639958,0.5943869675984234,0.5652441935616305,0.06477644380045539
1016,SHW,0.2728107786288676,0.5894192123427668,0.5621292992077186,0.0
1017,SHW,0.2735290037497162,0.5854189469747428,0.5586128408799821,0.0
1018,SHW,0.27439459797738275,0.5835100225762373,0.5553107629448015,0.0
1019,SHW,0.2755663640118904,0.5930951584114996,0.5551240333151466,0.15868194990685158
1020,SHW,0.2758811257715046,0.592084385412708,0.5547157717250425,0.03135582695094183
1021,SHW,0.27640763238191957,0.5963050220821975,0.555470146513161,0.027443075967708546
1022,SHW,0.2770042432344262,0.6025273371643399,0.5576672977162014,0.02962637135168702
1023,SHW,0.2776366310027085,0.6068522918233485,0.560532720528755,0.029634133719726764
1024,SHW,0.27850079590023724,0.611338782011813,0.5639741329019131,0.04747671289588077
1025,SHW,0.2793197629253372,0.6115690624422421,0.5667862419294581,0.09056768784930655
1026,SHW,0.2790078643668814,0.6113889979549844,0.5689898112655503,0.0
1027,SHW,0.27990636113160816,0.6105967342078219,0.5705497531578185,0.0
1028,SHW,0.27909084655215866,0.600670817071261,0.5692554934825498,0.0
1029,SHW,0.27857149183191177,0.5886188793803919,0.5651333588907791,0.0
1030,SHW,0.2778132080922504,0.5739850658673898,0.5580876576357608,0.17072500517491201
1031,SHW,0.27685176351648333,0.5536903264112853,0.5472532339451557,0.05753777685779341
1032,SHW,0.2760763117474312,0.5393767130439704,0.534919710662438,0.05496222314220658
1033,SHW,0.27565138118883525,0.5321364289064041,0.5231985197325264,0.03946801904367626
1034,SHW,0.27504475419710595,0.5209209467078699,0.5109490720468428,0.066461912647485
1035,SHW,0.2741147814310674,0.5071871772551575,0.4976320384491091,0.05890084868557234
1036,SHW,0.27335077548067366,0.5006510153158875,0.4853043781431401,0.10386617677499482
1037,SHW,0.2725581525385419,0.4958481542051541,0.4742121472596809,0.0
1038,SHW,0.27176839105107486,0.49438969929901805,0.46496482494958163,0.0
1039,SHW,0.2703634133177035,0.49275849204665867,0.45714918438842655,0.0
1040,SHW,0.2693561819743142,0.4922397417274647,0.4507638102718951,0.0
1041,SHW,0.2680685242314955,0.4922472818868182,0.4456574421546301,0.0
1042,SHW,0.26661777020946165,0.49301827623674377,0.44176981374663393,0.0
1043,SHW,0.2647005920911025,0.4847790272904942,0.4365494851286521,0.10595994618091492
1044,SHW,0.2630581111754675,0.48643213488518555,0.4327966140349819,0.03869385220451252
1045,SHW,0.26174756878130423,0.49265611559340966,0.4313883951306109,0.029046781204719516
1046,SHW,0.2603855205524743,0.4974734977500213,0.4314956417574775,0.028115297039950318
1047,SHW,0.2589261811185499,0.4999046014910393,0.43220409023663187,0.03599875802111364
1048,SHW,0.2577358131836309,0.49926765663119194,0.43260771551791766,0.0519183398882219
1049,SHW,0.25686592852046086,0.5022048155912497,0.43368287713541653,0.0832436348582074
1050,SHW,0.2562335431972691,0.5051576691756551,0.4352992875089803,0.0
1051,SHW,0.25601607194415177,0.507913516211531,0.4372982398224097,0.0
1052,SHW,0.25572420007536234,0.510659209859878,0.4396006252151169,0.0
1053,SHW,0.25719785027559694,0.5532273436378815,0.45234502945346294,0.0
1054,SHW,0.25745824369798376,0.5559767630719353,0.46324473062956867,0.0
1055,SHW,0.2579818860593448,0.5581696915409535,0.47252614160238027,0.0
1056,SHW,0.25776727695948964,0.5484290092665558,0.4774564993072913,0.07225419167874146
1057,SHW,0.2574582381092052,0.5386393462825867,0.47889346952125533,0.040511798799420407
1058,SHW,0.2572636612877952,0.5351276443791397,0.4791436330968702,0.03333937073069758
1059,SHW,0.25713489477998563,0.5327697364807228,0.47873985960519694,0.035568722831711856
1060,SHW,0.257064792982985,0.5324257131734935,0.47832873000285625,0.046404988615193536
1061,SHW,0.25699611527664223,0.5321413191895411,0.4779269876979171,0.059122852411509
1062,SHW,0.2568072613645618,0.5297706274247835,0.4769984153143204,0.12114262057545021
1063,SHW,0.2554995776306741,0.49576428002987605,0.4675458952502352,0.0
1064,SHW,0.2557313593008026,0.5085956755818355,0.46327023979998244,0.0
1065,SHW,0.2574396480849479,0.5535284942936501,0.47135785144175435,0.0
1066,SHW,0.25720500461085605,0.5482349014947719,0.47647215254479314,0.0
1067,SHW,0.25674716941940745,0.5376002038487911,0.4778398482815043,0.0
1068,SHW,0.2555682514947315,0.5115464396160332,0.47226114813163833,0.39347236596977847
1069,SHW,0.2536210336911713,0.47871383001418866,0.45938914207538645,0.11679465949078865
1070,SHW,0.25166952580140634,0.4538218814924408,0.44271624324360703,0.058791658041813286
1071,SHW,0.2495491847511495,0.4318933648658775,0.4237616205743839,0.05879010556820534
1072,SHW,0.2474388598401156,0.4163706744604762,0.4046222708457318,0.07120782446698405
1073,SHW,0.24357589324833429,0.409848367763623,0.3876403062219774,0.09070430552680604
1074,SHW,0.24118372134019972,0.40585720664616415,0.3730325234473658,0.18950062098944317
1075,SHW,0.23871428596453326,0.4028993126892393,0.36058872521435525,0.0
1076,SHW,0.23754108710690147,0.4174084214029016,0.3543497409759984,0.0
1077,SHW,0.2353520760348724,0.40733149409808433,0.3467776638652707,0.0
1078,SHW,0.23343776076837286,0.41071030311044543,0.3415853784151199,0.0
1079,SHW,0.23133745409235318,0.41136415643601554,0.3375990141316303,0.0
1080,SHW,0.2288923372390521,0.4077098619646757,0.33347398948335155,0.0
1081,SHW,0.22654880517003684,0.40833123687296585,0.33033311551070726,0.0636007037880356
1082,SHW,0.2242024088519674,0.4080225430020231,0.32774135405357996,0.06046315462637135
1083,SHW,0.223515658335236,0.4109689528701861,0.32642257561108845,0.03458807700269095
1084,SHW,0.22101474521176478,0.41660767536158366,0.3268117352424601,0.03279186503829434
1085,SHW,0.21661812291378868,0.41817479292293447,0.3275244310910246,0.03441057752018215
1086,SHW,0.21409431989949224,0.41875819141234555,0.3282440070440719,0.0476650796936452
1087,SHW,0.21209416658182922,0.42491529397224714,0.33039661703134926,0.15251345477126887
1088,SHW,0.21097247775044803,0.43127156619087814,0.333746665324012,0.0
1089,SHW,0.21058475099267482,0.43976020991019404,0.33860080451971014,0.0
1090,SHW,0.2101154682360742,0.44601806542040817,0.34408686981775044,0.0
1091,SHW,0.209623301177428,0.4481154759760532,0.3490129081624261,0.0
1092,SHW,0.2089022177456028,0.446548926686452,0.3525525162397324,0.15548747671289587
1093,SHW,0.208447247501806,0.4560606302427821,0.3578203280388006,0.04945715172842061
1094,SHW,0.2074929460837407,0.45389075140185126,0.361478830887364,0.04039846822604015
1095,SHW,0.20670890890279825,0.4552953300861331,0.3647653720605818,0.027991099151314425
1096,SHW,0.20542411925131865,0.46238180975939913,0.3692095851004095,0.039951873318153586
1097,SHW,0.20555002395516442,0.4748341423990891,0.3759542310255025,0.035524218588283994
1098,SHW,0.20552427330827272,0.49199255136054276,0.38574453750125215,0.14372541916787412
1099,SHW,0.20564445440419132,0.5055012804309862,0.39703662107644627,0.0
1100,SHW,0.20604219660258982,0.5165234844857836,0.40889328072763176,0.0
1101,SHW,0.2064714182952867,0.5280474452469642,0.42133011052486113,0.0
1102,SHW,0.20702368044277497,0.5374332971811111,0.4336834667435193,0.0
1103,SHW,0.20756163531693983,0.5462077122622175,0.44581344367532894,0.0
1104,SHW,0.20846299178983818,0.5623051127380398,0.4596402708214978,0.060577520182156896
1105,SHW,0.20932286031378577,0.5695573022176129,0.472559154023123,0.03631391016352722
1106,SHW,0.21050464248751588,0.5794547402054723,0.48542917973040234,0.03704305526806044
1107,SHW,0.21147469727537804,0.5867467625123766,0.497592823713655,0.04264231008072863
1108,SHW,0.21198546274144925,0.582752740548676,0.5063007951083722,0.0413951562823432
1109,SHW,0.21190677099167599,0.5693479348687654,0.5098339505552841,0.04439143034568412
1110,SHW,0.21185526690350254,0.5575321717982076,0.5096342368026431,0.08040778306768784
1111,SHW,0.21199833963673909,0.5481787960746726,0.5070788911851388,0.0
1112,SHW,0.21236031260393218,0.5409783433461175,0.5031904439568785,0.0
1113,SHW,0.21203124706398135,0.5308639864452374,0.49748921003400476,0.0
1114,SHW,0.21138026822354594,0.5058800316322851,0.48652936437541827,0.0
1115,SHW,0.2105332757216416,0.4848081995494194,0.4723645971932869,0.047290933554129576
1116,SHW,0.20994953652494508,0.47933374816306124,0.45963067396732704,0.08231215069343821
1117,SHW,0.20848733301661615,0.4637818054770354,0.4454603917366231,0.03289329331401366
1118,SHW,0.2068076561593779,0.4546768508206247,0.43179221662233247,0.03561477954874767
1119,SHW,0.2051966552619895,0.44943895918144583,0.4195161544302305,0.03786845373628648
1120,SHW,0.2034168299365764,0.44295904663376845,0.4080356777709268,0.05096098116332022
1121,SHW,0.20127359969409242,0.4341750366920535,0.39660154706318584,0.11025098323328503
1122,SHW,0.1991504003328597,0.4291296090159868,0.3861620140201485,0.0
1123,SHW,0.19696997187833132,0.42666101515150323,0.3771781344856333,0.0
1124,SHW,0.19475520946081337,0.43460980881378725,0.37202686571414034,0.0
1125,SHW,0.19399978123773942,0.4667851853587971,0.3761465669442296,0.0
1126,SHW,0.19141874773295364,0.46003586517613526,0.37771370068412324,0.0
1127,SHW,0.18876329195597852,0.4541240690906665,0.37745328603136996,0.06685624094390395
1128,SHW,0.18688475063621568,0.45718914203459593,0.3780299768674213,0.06568671082591596
1129,SHW,0.18540395134020216,0.4588821192263728,0.3789249326871389,0.04381960256675636
1130,SHW,0.18400183593474195,0.46176353432427497,0.3803788816887756,0.035246325812461184
1131,SHW,0.18234219222919568,0.45974841175528025,0.381025930277631,0.03559821983026288
1132,SHW,0.18096296985824822,0.46504136778916333,0.38289919427165864,0.06703374042641275
1133,SHW,0.17972911161978056,0.46855424798916173,0.3852975198462414,0.12484009521838128
1134,SHW,0.1792512486907698,0.4704216600427878,0.3876944594902758,0.0
1135,SHW,0.178796277923025,0.47125959074212403,0.38982662094343323,0.0
1136,SHW,0.17801796120632107,0.4764909287169125,0.3928721936904954,0.0
1137,SHW,0.17783482758382996,0.4815342017332876,0.3966003285163081,0.0
1138,SHW,0.17390605085309696,0.4117417491370071,0.3817076827717352,0.0
1139,SHW,0.17342532856521364,0.42997951845079796,0.3744646003033116,0.04506934382115504
1140,SHW,0.17339385238925198,0.4513037764761587,0.37413167599305125,0.030051231629062303
1141,SHW,0.1738302268453642,0.47377893783112196,0.37962164609662324,0.03971693231215069
1142,SHW,0.17405628123993022,0.48847067071352906,0.38777644999582167,0.043738356447940385
1143,SHW,0.17434528798641913,0.5020771689131763,0.3977851720139748,0.05421030842475678
1144,SHW,0.1743553034270442,0.5160539058539938,0.4093718535996717,0.04216000827985924
1145,SHW,0.17327653816212707,0.5297517449545693,0.42214947188162766,0.09545901469675015
1146,SHW,0.17380590727510303,0.5407042233064431,0.43517670124045804,0.0
1147,SHW,0.17464717564513266,0.5541222854236011,0.4490351016181202,0.0
1148,SHW,0.17493904454488352,0.5599537130363136,0.4616153596945698,0.0
1149,SHW,0.17532820063279408,0.5646330670017702,0.4728780363024886,0.0
1150,SHW,0.1753539526768806,0.5612152874819879,0.48101282027392467,0.08583160836265782
1151,SHW,0.17564153026788132,0.5584874603469359,0.4868219998576209,0.03426826743945353
1152,SHW,0.17565440628992457,0.5564774906178498,0.4909545526508842,0.04792693024218588
1153,SHW,0.17553479769451785,0.5505165869324149,0.49273389586519467,0.04502639205133512
1154,SHW,0.17515708375763017,0.5387476604905967,0.4911431280638613,0.044376423100807284
1155,SHW,0.17494247518172323,0.5314596969369167,0.4880039299280449,0.06437176567998344
1156,SHW,0.17472786678046526,0.5296385560217824,0.48502614313977416,0.10886772924860276
1157,SHW,0.17481084896574273,0.5346382380945697,0.4839244258806572,0.0
1158,SHW,0.17822742583543594,0.5323986219109005,0.48246944444373346,0.0
1159,SHW,0.17815588929416837,0.5308343904648039,0.48090483033887116,0.0
1160,SHW,0.1779770483776224,0.5332998940241503,0.4802846006700714,0.0604564272407369
1161,SHW,0.17717584019824995,0.5273340764883393,0.4782604593856641,0.03515162492237632
1162,SHW,0.1758996338628689,0.5094160924999139,0.4720520152390221,0.04897484992755123
1163,SHW,0.17415128488806642,0.48757680185475294,0.4614918087620316,0.07042279031256468
1164,SHW,0.1725846367126307,0.4776647476963743,0.4505049809595794,0.054665183191885736
1165,SHW,0.1710051125151517,0.47282038827099865,0.44047478758371683,0.11642103084247567
1166,SHW,0.16940555796037038,0.4694845516034669,0.4315962626665366,0.15517491202649553
1167,SHW,0.16757994988426939,0.46789552408928325,0.42408646304025654,0.0
1168,SHW,0.16598611963601195,0.46769315923968396,0.4180267939130364,0.0
1169,SHW,0.16470418794621078,0.47507679621573085,0.41507014626045796,0.0
1170,SHW,0.16343656510157722,0.47509104361033017,0.41270847716285936,0.0
1171,SHW,0.16217609292456658,0.4761798736946519,0.41109801165197185,0.0
1172,SHW,0.16091562389124414,0.4780982049736667,0.4103009597944459,0.0
1173,SHW,0.16046064928121395,0.49258547144639464,0.4133737784496928,0.07577209687435313
1174,SHW,0.1609313597961084,0.5164332314158245,0.42193989112550007,0.06169219623266404
1175,SHW,0.16147217455309382,0.5387384301759157,0.4345055602157269,0.06425636514179259
1176,SHW,0.1617897961955288,0.5554542183555814,0.4488393217556297,0.06375077623680397
1177,SHW,0.1620072683218925,0.5726342768788554,0.4647064655812832,0.062082384599461804
1178,SHW,0.16279988951753088,0.5912699626621055,0.48217312862575495,0.08051024632581245
1179,SHW,0.16349236119709798,0.6033414632965883,0.49923819634896033,0.16493583109087145
1180,SHW,0.16399454718935647,0.6117714487095363,0.5150493275987645,0.0
1181,SHW,0.1649030579975137,0.6178961942771898,0.5292668945920189,0.0
1182,SHW,0.16649402486996379,0.6223791787628613,0.5417891244336265,0.0
1183,SHW,0.16854282675921262,0.6261686695573041,0.5527774678375839,0.0
1184,SHW,0.17044855661382208,0.631830062526193,0.5630181312797851,0.06347495342579176
1185,SHW,0.1726060915098897,0.6425811873791452,0.5739642263664564,0.06478834609811633
1186,SHW,0.17450610159885782,0.6442614999168077,0.5831514619316724,0.0787114469054026
1187,SHW,0.1760927806555439,0.638201230022469,0.5889491018173372,0.0471501759470089
1188,SHW,0.17725452915363427,0.6238625506277891,0.5899148095167981,0.0621522459118195
1189,SHW,0.1781902248290026,0.6137668725994294,0.5881016835450171,0.06799472158973296
1190,SHW,0.17946643168833165,0.6054714984067218,0.5845265821497405,0.20833988822190022
1191,SHW,0.18073977901413874,0.5985056293123004,0.5798824115593044,0.0
1192,SHW,0.1818299932414027,0.5889730942213915,0.5737256144037662,0.0
1193,SHW,0.18233361135818837,0.5812259162260928,0.5668159793697207,0.0
1194,SHW,0.18243233224271882,0.5783607838506379,0.5605544573066485,0.0
1195,SHW,0.1821461867762455,0.5711585078417382,0.5537006019457064,0.061918339888221895
1196,SHW,0.18186862532446746,0.5645620395252133,0.546528038637037,0.06847598840819706
1197,SHW,0.18068006239040058,0.5447382294233769,0.5357127391268057,0.06458497205547505
1198,SHW,0.17954263678090832,0.5357462513342146,0.5247574856026553,0.05142517077209687
1199,SHW,0.17830076650430926,0.5246683704014392,0.5131560301015992,0.04368608983647278
1200,SHW,0.17714473707326306,0.5176138996215139,0.5020680836762829,0.05815048644173049
1201,SHW,0.17614608974456902,0.5158993846210094,0.4927586071491563,0.12698664872697163
1202,SHW,0.17511024315593504,0.514641905358961,0.4849889619487822,0.0
1203,SHW,0.1740257518380004,0.5141665782422927,0.47865150561591263,0.0
1204,SHW,0.17278388086280416,0.514543601405958,0.4736781032396005,0.0
1205,SHW,0.17118146625055286,0.5151158514486387,0.4698459452868431,0.0
1206,SHW,0.1698623328557205,0.5160686718375016,0.4670242540627578,0.0
1207,SHW,0.16844734142821705,0.5089384401562312,0.46294071527396086,0.07200424342786173
1208,SHW,0.16736857616329992,0.5021124093697118,0.45792560997709647,0.07456375491616642
1209,SHW,0.16627263850275842,0.4989388962942311,0.4531007296336915,0.07467760298074932
1210,SHW,0.1648090072361359,0.48985389466487034,0.44691398637298274,0.0452297660939764
1211,SHW,0.16298339863608713,0.4761823264836488,0.4384630472252482,0.05011954046781204
1212,SHW,0.16170347017413023,0.4739524937912891,0.43113119401269895,0.09555837300765886
1213,SHW,0.1600810266017707,0.4662310778215011,0.4232881122700359,0.2896889877872076
1214,SHW,0.15828975598164652,0.461243078162264,0.41573612678920746,0.0
1215,SHW,0.15669306392942595,0.4576925697057615,0.40878518672430286,0.0
1216,SHW,0.15523944443579252,0.45817693066230747,0.40334848858045314,0.0
1217,SHW,0.15539215920938143,0.4779723908820658,0.40406911799316714,0.0
1218,SHW,0.1549128646797917,0.48785360512372533,0.4071763854642117,0.0
1219,SHW,0.15486708035726005,0.5009761028091029,0.4130231167477822,0.1633429931691161
1220,SHW,0.15528199477663307,0.5225761142008478,0.4232326690382745,0.12167149658455806
1221,SHW,0.15597017427420323,0.5488450653679783,0.43812828101203555,0.08624042641275098
1222,SHW,0.15658395577584105,0.5676146160758321,0.4548520038880985,0.07959118194990684
1223,SHW,0.1572792897833195,0.5838945460744779,0.47240057701736704,0.08624818878079073
1224,SHW,0.15828366386362824,0.6029260243719694,0.49131375337675387,0.09688470296004967
1225,SHW,0.15937102012921422,0.6188038684875411,0.5105109075710903,0.1726547298695922
1226,SHW,0.1604612343564782,0.630625083953274,0.5288962654972017,0.0
1227,SHW,0.1619577747968357,0.63901631776474,0.5457537038987721,0.0
1228,SHW,0.16367750800244552,0.6474342516025401,0.5613956450572709,0.0
1229,SHW,0.16532284495861616,0.6530260732536315,0.5753413681862616,0.0
1230,SHW,0.16684370881152022,0.6465062924832328,0.5848281087856712,0.06684330366383771
1231,SHW,0.16803121511712504,0.6262401232060206,0.5872269559362483,0.0426692196232664
1232,SHW,0.16908794836873908,0.6144584204071369,0.586128519019714,0.04212688884288967
1233,SHW,0.17037417084334305,0.6023465802665379,0.5821477004961977,0.031877975574415233
1234,SHW,0.1717562551929035,0.5943285706065681,0.5769094833085541,0.07450217346305112
1235,SHW,0.1733414989813744,0.5910433175382954,0.5718774947486301,0.08160939764024011
1236,SHW,0.17463773759520063,0.5843039301518628,0.5661258206315668,0.13599824052991097
1237,SHW,0.17509557034155843,0.5798519455547955,0.5603842447426928,0.0
1238,SHW,0.17587388601036635,0.5761306665067497,0.5548378948060796,0.0
1239,SHW,0.1764290085646234,0.5730242852996513,0.5496052124790582,0.0
1240,SHW,0.17610852389567988,0.5631768403677805,0.5428969516289567,0.0
1241,SHW,0.1755018969039508,0.558491444467866,0.5363303253495983,0.04233388532394949
1242,SHW,0.1752729796575252,0.5606255311774787,0.5316236038819536,0.04817636100186296
1243,SHW,0.17533593200944808,0.5699221233322298,0.530239257988291,0.06163992962119644
1244,SHW,0.17525866714472182,0.5807732657285128,0.5319109619714187,0.04349772303870834
1245,SHW,0.17549044427396798,0.5968162448078264,0.5373572324202428,0.05048437176567998
1246,SHW,0.1753393614237424,0.6011856097382459,0.5428333249312797,0.09530635479196853
1247,SHW,0.174884390306699,0.5978576396186569,0.5463618434938067,0.1353270544400745
1248,SHW,0.17467478875250708,0.602582196573272,0.5503947058222983,0.0
1249,SHW,0.1740824676369066,0.5979625528151788,0.5524378184401968,0.0
1250,SHW,0.17183336269858107,0.5501785961625947,0.5418339427334005,0.0
1251,SHW,0.17198787915468494,0.547849283425067,0.5327542615717956,0.0
1252,SHW,0.17094344994855004,0.5264883297730311,0.5200195765411095,0.0
1253,SHW,0.17020591018336395,0.5141516309519654,0.5066721690089125,0.11694110950113848
1254,SHW,0.16921441282369587,0.5017675526134179,0.4928224486941483,0.0399989650175947
1255,SHW,0.16836313268067737,0.4989847065838532,0.4810299334800611,0.06161353756986131
1256,SHW,0.16753903234003897,0.4942440351873564,0.4703817466200976,0.035788139101635266
1257,SHW,0.16707977043819278,0.49984747129810136,0.46329834201485515,0.057489650175947
1258,SHW,0.16664196857308577,0.5053550902460937,0.4590422226443381,0.06908404057131028
1259,SHW,0.1660897059016493,0.5079444709891981,0.45630051602872135,0.11782136203684536
1260,SHW,0.16590084989377685,0.5107350310030161,0.4548218653942746,0.0
1261,SHW,0.16504098136982925,0.502822571124275,0.45161241579272177,0.0
1262,SHW,0.1644214778321087,0.5079796514580658,0.45036568092407386,0.0
1263,SHW,0.16451304211093887,0.5347902742498528,0.45623499541353957,0.06281773959842682
1264,SHW,0.1644043098027177,0.5556663224644031,0.46627719374667903,0.08876578348168081
1265,SHW,0.1640008436470941,0.5738206026333466,0.4789606034075363,0.05666683916373421
1266,SHW,0.16356532933894474,0.5794506009873509,0.4905492791066871,0.05056303042848271
1267,SHW,0.16326773997495514,0.5801793979065537,0.5000068781998913,0.05479714344856137
1268,SHW,0.16245007982845494,0.57764520367963,0.506923902893528,0.07017284206168495
1269,SHW,0.16201513924336353,0.5754516149999302,0.5118957035241958,0.14584868557234526
1270,SHW,0.16368050585823912,0.572788927369748,0.5151911798818679,0.0
1271,SHW,0.16386077750211747,0.5751741989988164,0.518438473683832,0.0
1272,SHW,0.16443306843506456,0.5652147772181323,0.5184855143697623,0.0
1273,SHW,0.16506044237030748,0.5624963558532108,0.5178269083188577,0.0
1274,SHW,0.16643250935809983,0.5723305025806693,0.5198187325475297,0.09497619540467811
1275,SHW,0.1673281460653564,0.57640508237521,0.5224557680908506,0.0753539639826123
1276,SHW,0.16784607302730947,0.5684283069958324,0.5225223950278305,0.08175274270337404
1277,SHW,0.16786753306404822,0.5604951794049562,0.5205438740954473,0.07770596149865451
1278,SHW,0.1683010432711063,0.5631350033781515,0.5196371656858472,0.07979610846615608
1279,SHW,0.16904216334761002,0.5691115570072497,0.520442506222002,0.06385634444214448
1280,SHW,0.17010948681080285,0.5805316553180957,0.5240116796094001,0.1573602773752846
1281,SHW,0.1717004556043955,0.5892965390638861,0.5291118691228032,0.0
1282,SHW,0.17276205528501243,0.5957056575094964,0.5348335159443625,0.0
1283,SHW,0.1737206439948933,0.6203902982185006,0.5457330319767996,0.0
1284,SHW,0.17268909081080164,0.5979147598543253,0.5486962386918521,0.0548830469882012
1285,SHW,0.17160746129683035,0.5805982944293409,0.5466317331091357,0.0426190229766094
1286,SHW,0.1710351703638835,0.5687796368982188,0.5419531492072578,0.03751034982405299
1287,SHW,0.16973606750100312,0.5410917433192022,0.5311188942304967,0.04286483129786793
1288,SHW,0.16825955584610397,0.5131101213545427,0.5152848730557522,0.04971537983854274
1289,SHW,0.16710352571646037,0.49827031634463176,0.49881690425589287,0.06191782239701925
1290,SHW,0.16591888278666267,0.48599387869701927,0.48249830372295105,0.0970875595114883
1291,SHW,0.16482580710473416,0.4837092311109489,0.4688582822818371,0.0
1292,SHW,0.1642420703531282,0.48155243663856195,0.45739386968997453,0.0
1293,SHW,0.16300878339262725,0.4726133734641632,0.4459328782007428,0.0
1294,SHW,0.16168679343331172,0.47678359292742745,0.43783215627924865,0.0
1295,SHW,0.16026444926890715,0.475456626401446,0.4310117177743049,0.06426516249223763
1296,SHW,0.15889095015658783,0.4653974566275466,0.4229790252863918,0.04646139515628234
1297,SHW,0.15775495230538938,0.46186530070034504,0.41564822004212776,0.04708393707306976
1298,SHW,0.15561029343136523,0.44844395128774095,0.40634611701821766,0.05148519975160422
1299,SHW,0.15351284663816656,0.4441097575040821,0.3977943664361916,0.05054077830676878
1300,SHW,0.15091750516145996,0.4386912007598841,0.38956517215450526,0.039190126267853446
1301,SHW,0.1484680999684469,0.43886510067493,0.38302635575275756,0.09408921548333678
1302,SHW,0.14561236821304124,0.4319458752511315,0.37602315947434767,0.0
1303,SHW,0.14325166811463497,0.4581806795294556,0.3771398269355434,0.0
1304,SHW,0.14181378504981357,0.4576453862634011,0.37789606227852224,0.0
1305,SHW,0.14064917090547446,0.46470708428621976,0.3803096836095735,0.0
1306,SHW,0.13910684579328625,0.4655823524368637,0.38246475323257095,0.0
1307,SHW,0.1399767304564563,0.4983601515071974,0.3925838168641702,0.06071103291244048
1308,SHW,0.14098109947193427,0.5209899231418674,0.4064749759081243,0.04733492030635479
1309,SHW,0.14170218726999284,0.5399183077268083,0.4224358167695897,0.057790830055889045
1310,SHW,0.142530579617979,0.5558188346022668,0.43927691204501085,0.06721537983854274
1311,SHW,0.14285678475116148,0.5645416660857875,0.45498386869725854,0.042533119436969566
1312,SHW,0.14356928608943376,0.5779898901279089,0.4709937759432605,0.05788035603394742
1313,SHW,0.14461657727418142,0.5870264549253458,0.4861161351466671,0.13490892154833367
1314,SHW,0.14519459111645783,0.5943767323554958,0.5000965661544046,0.0
1315,SHW,0.1459487836955038,0.5978050916569796,0.5121589779556378,0.0
1316,SHW,0.14746535361991753,0.6056725453340593,0.5238239095598708,0.0
1317,SHW,0.14881595987237417,0.6111919278993957,0.5345694720395475,0.0
1318,SHW,0.15080180574206414,0.6161550019854739,0.544437058204101,0.05351687021320637
1319,SHW,0.15250437039433495,0.6185185084139908,0.5529364653762705,0.042608673152556405
1320,SHW,0.15479925825799756,0.6284764637783814,0.5622864098929833,0.03856240943903953
1321,SHW,0.1566019755700272,0.6284668305649408,0.5697638982600604,0.035303767335955284
1322,SHW,0.15857924109265764,0.6228136739655744,0.5742980097231039,0.041839681225419166
1323,SHW,0.15912005619894187,0.6184811864604328,0.57681566774051,0.06632581246118815
1324,SHW,0.16081117642974818,0.6157010673678781,0.5781177536117749,0.11177654729869592
1325,SHW,0.16219612048747978,0.6129396407827704,0.5784521692672024,0.0
1326,SHW,0.163878655830344,0.6105170095190646,0.5780992205739255,0.0
1327,SHW,0.1620129852931449,0.5664770479054831,0.5665374030342242,0.0
1328,SHW,0.16081689933907772,0.5418427557775995,0.5509786456414099,0.0
1329,SHW,0.1584247239379566,0.4990359922369204,0.527568026253674,0.0
1330,SHW,0.1565733624205745,0.47809733407287613,0.5034767484218122,0.1592315255640654
1331,SHW,0.15452742408178222,0.45486299907497907,0.47825297802306754,0.06805992548126681
1332,SHW,0.15197071503743875,0.4340751078432183,0.4527497936160714,0.05434278617263506
1333,SHW,0.1494326061470137,0.4183090454888567,0.42830926238521705,0.09534620161457255
1334,SHW,0.1468801896339662,0.40785709332662634,0.4060798967941467,0.049429207203477536
1335,SHW,0.144319188582275,0.39928781107327493,0.38610165072162494,0.0845373628648313
1336,SHW,0.14127746279760967,0.39018398152761896,0.3677873926958062,0.1797924860277375
1337,SHW,0.13823573648899634,0.3848624740843746,0.3517730486017959,0.0
1338,SHW,0.13512819846958757,0.3825649790910528,0.3383731418503302,0.0
1339,SHW,0.13297066165237736,0.40133526743049974,0.332460638667471,0.0
1340,SHW,0.12882155238851167,0.38588286609388706,0.32377298687421874,0.0
1341,SHW,0.1256453368374093,0.3886309907831008,0.31752671161665497,0.0
1342,SHW,0.12253493701403695,0.3892179721723642,0.31268002833252273,0.1386726350652039
1343,SHW,0.11935300082404621,0.39097318980782125,0.3092522257988438,0.07831453115297039
1344,SHW,0.11591067121166887,0.3902287044116156,0.3063193071253728,0.14295694473193954
1345,SHW,0.11258280135772458,0.39397302712504273,0.3049319633261852,0.11514075760712067
1346,SHW,0.10881855634907134,0.39021632908837833,0.3028599275953021,0.09512782032705443
1347,SHW,0.1064006289038637,0.3751820402677117,0.2973517362059147,0.1353958807700269
1348,SHW,0.10393405638005682,0.3744579045239344,0.2927597183748035,0.24920099358310907
1349,SHW,0.10262923305293747,0.376056483073633,0.28949553000143846,0.0
1350,SHW,0.10074210352689561,0.3793981291403585,0.2877400374151205,0.0
1351,SHW,0.09920550132403672,0.38348200450348635,0.287381600275575,0.0
1352,SHW,0.09819970018403179,0.395768818622906,0.29024173366566747,0.0
1353,SHW,0.09721106707341787,0.4067037158480418,0.2953304722553357,0.1628456841233699
1354,SHW,0.09589479618114649,0.4106014001569249,0.30039973304214224,0.08883978472365969
1355,SHW,0.09474735006619839,0.41669692368005595,0.3060163193523676,0.06921030842475677
1356,SHW,0.09408635473724192,0.4288350790800473,0.3136183972213813,0.1085955288760091
1357,SHW,0.09312061308929653,0.43348177965443474,0.3208901665186361,0.06403177395984268
1358,SHW,0.09202753775666639,0.4358353244960997,0.3273103688480958,0.0920834195818671
1359,SHW,0.08979560416606902,0.43434598461288265,0.3320650828875429,0.13861519354170979
1360,SHW,0.08913746959317992,0.4348381682886511,0.33599491157200656,0.0
1361,SHW,0.08928626523574623,0.4660271948758097,0.3471268680784583,0.0
1362,SHW,0.08759514378239452,0.45037749912398084,0.3520242532436213,0.0
1363,SHW,0.08715876932628253,0.464381859859322,0.35952894031781335,0.19705185261850547
1364,SHW,0.08698994454895903,0.477870723693913,0.3689874405129878,0.30186296832953835
1365,SHW,0.08663798248150867,0.48802149673852924,0.3791540436655039,0.14361312357689918
1366,SHW,0.0867138108554748,0.49696322050729835,0.3895774690312824,0.19219675015524734
1367,SHW,0.0874091422432135,0.5033339304308737,0.39954786739325204,0.19086007037880354
1368,SHW,0.08750357077109783,0.505627576472005,0.40811163177037785,0.28669064375905606
1369,SHW,0.08743775836170498,0.5048178070608089,0.41475524616721293,0.2766968536534879
1370,SHW,0.08791275983605096,0.5158681184794595,0.42290032929775595,0.0
1371,SHW,0.08787269947074483,0.5139002047161623,0.4289123762486112,0.0
1372,SHW,0.08992436246535962,0.5627477286089296,0.44623277909030457,0.0
1373,SHW,0.09095305576663049,0.5794982488685014,0.46437922316721947,0.0
1374,SHW,0.09322505146902738,0.6114162144596249,0.4870711669120832,0.0
1375,SHW,0.09534825275140335,0.6341327165411724,0.511042843337664,0.0
1376,SHW,0.09614087254984693,0.6295966705792154,0.5290584181937518,0.3548644173049058
1377,SHW,0.09609938023466302,0.601829021814495,0.5363590634273094,0.24590716207824465
1378,SHW,0.09460856043319321,0.5472207134604824,0.5282133695923376,0.2563754916166425
1379,SHW,0.09358415913927032,0.5093748698601628,0.5120037855146443,0.16435520596149863
1380,SHW,0.0921992152561879,0.4731523078217631,0.4897588420381613,0.1818935003104947
1381,SHW,0.0896038741287799,0.45037965130835395,0.4661303836260899,0.20907886565928377
1382,SHW,0.08939784974221765,0.44150657410165983,0.4449550557222592,0.30471796729455597
1383,SHW,0.08873061679139105,0.4514868413525308,0.4305709266699718,0.0
1384,SHW,0.08723979698992146,0.445122547444687,0.41743360862053003,0.0
1385,SHW,0.08509084575925097,0.4266292845934196,0.4021872833760261,0.0
1386,SHW,0.08365153563473293,0.4283451766874581,0.3904296952667294,0.0
1387,SHW,0.0807271293166727,0.3994573998392654,0.37362492435731587,0.0
1388,SHW,0.07952245498167665,0.4104895683899462,0.3630066525147435,0.0
1389,SHW,0.07996311707890302,0.45126748976343867,0.3649560240557921,0.231380666528669
1390,SHW,0.07979429317482634,0.48304333672473065,0.37465391053044156,0.13501138480645827
1391,SHW,0.07995024454984634,0.5043310674880792,0.38786440605905825,0.10222262471537984
1392,SHW,0.077769816968565,0.5237148024941175,0.40339733987513016,0.13935003104947216
1393,SHW,0.0769113805691446,0.5448686885228844,0.4212415931348221,0.12327727178637962
1394,SHW,0.07485971809847758,0.5562225371481729,0.43842492891640283,0.12344597391844338
1395,SHW,0.07261347636130999,0.5594762171114401,0.4530049258882448,0.1906561788449596
1396,SHW,0.0712428414980446,0.5584537613244072,0.464407053398571,0.0
1397,SHW,0.07065910666758146,0.5503465333054459,0.47145234254612073,0.0
1398,SHW,0.0719439013838914,0.5499511081227985,0.47698729807263496,0.0
1399,SHW,0.07335173655499294,0.557065551117958,0.4832374045253023,0.0
1400,SHW,0.07529371924480954,0.5664513470078478,0.4906413677143275,0.10300351894017801
1401,SHW,0.0773210617959168,0.5800946227101381,0.5000588365712335,0.10678068722831711
1402,SHW,0.07846647324614042,0.5802334908983272,0.5076283783993274,0.09097909335541295
1403,SHW,0.07874025618056635,0.5778633934115727,0.5130769855278785,0.0549958600703788
1404,SHW,0.0799449305155624,0.5794250556201127,0.517835842156209,0.0694193748706272
1405,SHW,0.08181346041163429,0.5791909338016833,0.5215829644784782,0.08548281929207203
1406,SHW,0.08259177520719563,0.5711723372116209,0.5225269496436791,0.17204460774166838
1407,SHW,0.08494961385093713,0.5653409752722647,0.5217886168216957,0.0
1408,SHW,0.08572506806508029,0.5601775482530258,0.5198755002465633,0.0
1409,SHW,0.0853816943785588,0.5636739728275798,0.5192405067720969,0.0
1410,SHW,0.0850039804416709,0.5642572186044476,0.5188818921541783,0.0
1411,SHW,0.0847450147775779,0.5626099074114403,0.5181730932261068,0.07343976402401159
1412,SHW,0.08475073890945262,0.5687749525201037,0.5191850375439092,0.07413164976195404
1413,SHW,0.08391805455411872,0.5619082873516271,0.5182359115064408,0.04577002690954254
1414,SHW,0.08331857945255816,0.5558850682145943,0.5159339515024836,0.06610691368246739
1415,SHW,0.08258032362510859,0.5426891774163091,0.5107126688424688,0.05517801697371144
1416,SHW,0.08210532110286661,0.534355308057323,0.5044011827639023,0.09943231215069342
1417,SHW,0.08189071200301146,0.5261210103906042,0.4972430361248387,0.18888221900227695
1418,SHW,0.08138423452735344,0.5199316309053172,0.48993130286394204,0.0
1419,SHW,0.08052293667326804,0.5155905316701594,0.4829700794769296,0.0
1420,SHW,0.07976559604000255,0.5186003910233359,0.4781719820913987,0.0
1421,SHW,0.07876837891469313,0.522886660562573,0.47543129804974715,0.0
1422,SHW,0.07725526949215489,0.5057933675282933,0.4688608384886519,0.1870616849513558
1423,SHW,0.07597763103224664,0.4955874141421088,0.46099053512496296,0.0773716621817429
1424,SHW,0.07452543929690725,0.4883768213410082,0.45284752463735667,0.06623783895673772
1425,SHW,0.07355981186962524,0.4922606182800429,0.44732782934695775,0.09164562202442558
1426,SHW,0.0729488928705484,0.4957149017704333,0.4437967797797545,0.11343044918236389
1427,SHW,0.07231365045892502,0.49923461651206047,0.44187340495940436,0.12974021941626993
1428,SHW,0.07165265268487797,0.5016240275853818,0.44094667800811305,0.1935287725108673
1429,SHW,0.07062825191490285,0.5042714064323728,0.44088333972799065,0.0
1430,SHW,0.06970686351285837,0.506973623405991,0.44152475745558706,0.0
1431,SHW,0.06888562794522213,0.5096880102284131,0.4427330969154535,0.0
1432,SHW,0.06814737211777255,0.5215708759544381,0.4467431928397254,0.12228317118608983
1433,SHW,0.0681516641251203,0.5349115149336952,0.45336805695478477,0.05445922169323121
1434,SHW,0.06830761288040033,0.5481301820407131,0.4620534963427139,0.04221693231215069
1435,SHW,0.06907162075193662,0.5625367025934533,0.47269162745267485,0.04075346719105775
1436,SHW,0.06971974005884984,0.5732318497709606,0.48394135974298597,0.042987994204098524
1437,SHW,0.07058103634109103,0.5838240460438808,0.49565400532370013,0.06735354998965017
1438,SHW,0.0712220025352901,0.58722010198785,0.5058939152887454,0.11642568826329952
1439,SHW,0.07186010692552602,0.589563597911495,0.5146860564364195,0.0
1440,SHW,0.07186010692552602,0.5839145856305711,0.5202729515614742,0.0
1441,SHW,0.07214768451652653,0.586555217784976,0.5254187829881611,0.07996222314220658
1442,SHW,0.07316206967122718,0.5823146483781427,0.52844935892214,0.05881442765472986
1443,SHW,0.0740925576527971,0.5795902509634858,0.5301760504914669,0.06603342993169116
1444,SHW,0.07502118561897508,0.5772459302444235,0.5309569793257443,0.03431121920927344
1445,SHW,0.07550609075837356,0.5748527660004731,0.530968788230921,0.04328658662802732
1446,SHW,0.07634878688669655,0.5797669699438236,0.5322368549774865,0.14275357068929828
1447,SHW,0.0773016518140015,0.5857262565951824,0.5347775932423418,0.1501066031877458
1448,SHW,0.07830602414781684,0.5900949912941068,0.5379290985921198,0.0
1449,SHW,0.07820587323455097,0.570690728850433,0.5354805080177174,0.0
1450,SHW,0.0792045209125436,0.5778361770226309,0.5353517185958993,0.0
1451,SHW,0.080203168590536,0.583224177420957,0.5366286548223261,0.0
1452,SHW,0.08075256631432093,0.5871738583337915,0.5386617910221735,0.0
1453,SHW,0.08122613828387992,0.5920003317463682,0.5415244501732531,0.0
1454,SHW,0.08236213613507859,0.6114483851898762,0.5487955880431545,0.0
1455,SHW,0.08433081834161071,0.6470473328091391,0.5637300552267747,0.14179879942040985
1456,SHW,0.08650698395522949,0.6776274392051809,0.5835097666727898,0.08811788449596357
1457,SHW,0.08855578654307572,0.7000039823605877,0.6050645874143704,0.0649280687228317
1458,SHW,0.09072047769554503,0.713679422532286,0.6258109802360462,0.07737217967294556
1459,SHW,0.09289232108748147,0.7227817417421407,0.6447393688359164,0.05916062926930242
1460,SHW,0.09527877322997447,0.7252999946164242,0.6605270514179106,0.085916994411095
1461,SHW,0.09731755967859801,0.7256163864067052,0.6732382313437633,0.16114106810184226
1462,SHW,0.09966072600536457,0.7241964967988535,0.6830435149759356,0.0
1463,SHW,0.10184206997169398,0.7187549010418908,0.6894940473431552,0.0
1464,SHW,0.10411398061986588,0.7145484354089104,0.693577118644457,0.0
1465,SHW,0.10631157570659044,0.7076114223326562,0.695066876777713,0.0
1466,SHW,0.108454806822321,0.7063406397515306,0.6959332120765948,0.0
1467,SHW,0.11136347356788123,0.7216694899879992,0.7005522858130759,0.09680552680604429
1468,SHW,0.11440233807253097,0.7344931714468387,0.7075319296796225,0.0638325398468226
1469,SHW,0.11876748629033762,0.7471981111277094,0.7163696176580706,0.07684796108466156
1470,SHW,0.12224129312657261,0.7592555419890724,0.7265279017961789,0.05586628027323535
1471,SHW,0.12588392474013088,0.7698779919741918,0.737375137397166,0.08062978679362451
1472,SHW,0.12968679711631692,0.7790795206405631,0.7484096096194727,0.07463206375491616
1473,SHW,0.13302325273144988,0.7762926881926773,0.7565234274386856,0.15726143655557853
1474,SHW,0.1355728088377286,0.7715788512599298,0.761807179813862,0.0
1475,SHW,0.13709510219541943,0.7654089612001428,0.7644539573710645,0.0
1476,SHW,0.13843995776930274,0.7582856690044025,0.7647469709394473,0.0
1477,SHW,0.13667444076510904,0.6865774087025176,0.7466155539721374,0.0
1478,SHW,0.13823822469149083,0.6947970230015714,0.7342156174891724,0.06982094804388325
1479,SHW,0.13985924120415394,0.7010107711652588,0.7258871255271595,0.04864572552266611
1480,SHW,0.14154750207608746,0.7028895544478604,0.7197055235265243,0.038352308010763815
1481,SHW,0.1432386184646084,0.7030187395063119,0.7147933286377939,0.03032291451045332
1482,SHW,0.14488432063907997,0.7007807057903626,0.7102903703967858,0.03894173049058166
1483,SHW,0.14658116115947584,0.6960110488668333,0.7054664053792115,0.06833264334506313
1484,SHW,0.14806339467580854,0.6882002096918302,0.6996067312356952,0.1012637135168702
1485,SHW,0.1496371947414128,0.6806126113689109,0.6929756659526507,0.0
1486,SHW,0.15092198788587874,0.6732278511588865,0.6857794383957692,0.0
1487,SHW,0.15097492567042314,0.658945012952787,0.6763643541149201,0.0
1488,SHW,0.15165022914595006,0.6620146030805655,0.6696184661838391,0.07341544193748706
1489,SHW,0.1522239522034241,0.6658254813962552,0.6651977931142053,0.06704150279445249
1490,SHW,0.1523570087974382,0.6628276609455276,0.6608934567227013,0.041874870627199336
1491,SHW,0.15248863763315845,0.6627243730567636,0.657423533647665,0.056594907886565925
1492,SHW,0.15258592604386356,0.6640412004199627,0.6549848593259936,0.03842682674394535
1493,SHW,0.1528892395397281,0.6606023318741294,0.6521531612594051,0.04103291244048851
1494,SHW,0.15320113809818436,0.6568716654948884,0.6489323093093728,0.08094804388325398
1495,SHW,0.15348302572011674,0.6521653650812635,0.6451502561127821,0.0
1496,SHW,0.15372052645728962,0.6465713051275721,0.6406918700821214,0.0
1497,SHW,0.15738318842815024,0.6473995119408944,0.6373372805262861,0.0
1498,SHW,0.1578267139011842,0.6470453621586972,0.6345629044928116,0.0
1499,SHW,0.15810284252983764,0.6436616748716573,0.6314767780101356,0.0
1500,SHW,0.15886398615231978,0.6485961394169371,0.6302716855658457,0.05304854067480853
1501,SHW,0.15973959494736478,0.6540796098504914,0.6307120310374896,0.06330987373214655
1502,SHW,0.16052363509734602,0.654721107613832,0.6312286070006561,0.04037052370109708
1503,SHW,0.1616210048824147,0.6591418747107101,0.6327741089802312,0.050516456220244255
1504,SHW,0.16303027217804322,0.6653318612534698,0.6355958819923198,0.053776133305733796
1505,SHW,0.16454541189907257,0.6711399098927333,0.6393408503835624,0.07174912026495549
1506,SHW,0.16619932955160133,0.6771971133151656,0.643888188282206,0.11887807907265575
1507,SHW,0.16812794999563274,0.6790198270208417,0.6479928897018385,0.0
1508,SHW,0.1691065676656216,0.6750456546914073,0.6502587909085749,0.0
1509,SHW,0.17008518463701283,0.673189399394116,0.6515960901437444,0.0
1510,SHW,0.17133420977281877,0.6711990792974164,0.6521561712968762,0.0
1511,SHW,0.17253601898551407,0.6708238917083931,0.6525081436544253,0.0
1512,SHW,0.1729623773024036,0.6559727315702669,0.6489860614195003,0.038039225833160835
1513,SHW,0.17372352529111912,0.646807057323918,0.6438208948781958,0.041762057545021734
1514,SHW,0.17430583236328867,0.6350884106208139,0.6366873968546778,0.029153901883667975
1515,SHW,0.1748637836065987,0.6238737393528059,0.6281083111885973,0.057501034982405295
1516,SHW,0.17544179587703135,0.6139133094087382,0.6186939900905768,0.09322707513972261
1517,SHW,0.1754875810728096,0.600805480944827,0.6078053729676469,0.1014339681225419
1518,SHW,0.17539601330099286,0.5872540726196829,0.595623709918636,0.1245813496170565
1519,SHW,0.17535595293568673,0.5752656729012715,0.5828079258920312,0.0
1520,SHW,0.17587101652183224,0.5855936358135905,0.5752004833091877,0.0
1521,SHW,0.17525437339088046,0.5728705152591851,0.5658558998956489,0.09093148416476919
1522,SHW,0.17522862134679396,0.5722603443476862,0.5582239569721531,0.057094286897122745
1523,SHW,0.17532018999185728,0.5790401004501204,0.5538548250863399,0.16285603394742287
1524,SHW,0.17550045866669683,0.5898055902901556,0.5531167630527001,0.05828296418960877
1525,SHW,0.17553622685000603,0.5971032246391988,0.554395374192265,0.04891119850962533
1526,SHW,0.1753974504903506,0.6016007142662557,0.5565701543891621,0.052229869592216926
1527,SHW,0.17530302196246628,0.6039701086540364,0.5589168248037949,0.11321776029807493
1528,SHW,0.17542892596771442,0.6057866470712987,0.5612594106292563,0.0
1529,SHW,0.1748494831445988,0.5948279433517354,0.5603267501231574,0.06456685986338231
1530,SHW,0.1742743293597928,0.5866868201528117,0.5574955276674701,0.04845735872490167
1531,SHW,0.17365911486038144,0.5816362461696253,0.553937003160485,0.06951200579590147
1532,SHW,0.17331574117385995,0.5696992053549225,0.548032883944165,0.04527116539018836
1533,SHW,0.17313260824996624,0.5670777393767747,0.5426381820609909,0.08975522666114676
1534,SHW,0.1730238715755117,0.5629167706203182,0.5372567185637444,0.0786079486648727
1535,SHW,0.17302529933380528,0.5606993544346657,0.5323836259713869,0.08960256675636513
1536,SHW,0.17306249981629085,0.5592397604337042,0.5281113225506605,0.0
1537,SHW,0.17332861317896864,0.5580978436489433,0.5244010135491374,0.0
1538,SHW,0.1709021008458187,0.499327661518554,0.5063806225428503,0.0
1539,SHW,0.17485091002964603,0.5833273221497477,0.5134781952757709,0.11934589111985096
1540,SHW,0.17811153796941048,0.6546902686664188,0.5374336399595521,0.09170823845994618
1541,SHW,0.18193158169332513,0.7004425881814005,0.5683160212050695,0.0802851376526599
1542,SHW,0.1855227038045808,0.7395098648725473,0.6030277870906481,0.0634252742703374
1543,SHW,0.18905802982031528,0.7743285954359398,0.639714928493355,0.1374824052991099
1544,SHW,0.1924674554984378,0.8022610098664259,0.676218655838203,0.1120208031463465
1545,SHW,0.19543478695480654,0.8115438702067579,0.707799152019806,0.14880200786586628
1546,SHW,0.1984550513055383,0.8162357659541242,0.7342652312969734,0.0
1547,SHW,0.2022708016249104,0.8325839861507042,0.7596251799451899,0.0
1548,SHW,0.20563014940130908,0.8334111187343409,0.7801249830021246,0.0
1549,SHW,0.21028430366700746,0.8455698483156985,0.7996389037014966,0.0
1550,SHW,0.2143590123152006,0.84083005101821,0.8140360894454193,0.09250051749120264
1551,SHW,0.21818192028816918,0.830397268397669,0.8228818071126457,0.06874767128958807
1552,SHW,0.22224690533477198,0.8163604535352196,0.8263632901948805,0.04868039743324363
1553,SHW,0.22564917912272575,0.7957264596782432,0.8238637245712664,0.04271268888428897
1554,SHW,0.2292560458713122,0.7790325909282626,0.8175884597809218,0.06664613951562823
1555,SHW,0.23272985602588436,0.7618112810676378,0.8081575481152057,0.06700631339267232
1556,SHW,0.23584884405553597,0.7390463685322585,0.7947822985294863,0.13062409439039535
1557,SHW,0.23896782964009722,0.7191631224446876,0.7789896273290433,0.0
1558,SHW,0.24491679388808096,0.7017642319509232,0.7618993088108412,0.0
1559,SHW,0.24454194158050746,0.6865100518567901,0.7443201729201604,0.0
1560,SHW,0.24386806865766375,0.6728173670057822,0.7267499112940177,0.0
1561,SHW,0.244563400045402,0.6797325875456407,0.7144648194243678,0.09717812047195197
1562,SHW,0.24494683392258088,0.682227759563524,0.7052758061913544,0.07729145104533222
1563,SHW,0.24517289128618547,0.6858266182370559,0.6988463306808697,0.06295176981991306
1564,SHW,0.24542470069387656,0.690834373593481,0.6949853301630506,0.05157731318567584
1565,SHW,0.2461057283012782,0.6922062447540143,0.6922478916340549,0.06324725729662595
1566,SHW,0.24687545925679344,0.6938745646809812,0.6904852287746398,0.0748799420409853
1567,SHW,0.2469770367058075,0.6955805378532104,0.6895120301518594,0.1202173463051128
1568,SHW,0.24626453449428864,0.6698442671201663,0.6821419305430669,0.0
1569,SHW,0.2460670941224219,0.6735913513800668,0.6772055492793696,0.0
1570,SHW,0.24665026277467872,0.6801892759540384,0.6749462962631201,0.0
1571,SHW,0.24736276219180842,0.6831155839163054,0.6738883760989288,0.0
1572,SHW,0.24824379821486264,0.6846713091739924,0.6734404903288139,0.09674653280894224
1573,SHW,0.24935689953856222,0.6825015621399539,0.6725264688802433,0.04246222314220658
1574,SHW,0.2503784322171978,0.6796911635293308,0.6710754560273252,0.027643345063133925
1575,SHW,0.2512683404263465,0.6717867962738623,0.6678901893233071,0.04292227282136203
1576,SHW,0.25235425758143193,0.6613569705298734,0.6626707023436178,0.046703063547919685
1577,SHW,0.2539623961509092,0.6627059002777184,0.6588405989198796,0.08081504864417305
1578,SHW,0.2555505024419411,0.6621755113382434,0.6556406736447558,0.13149192713723865
1579,SHW,0.2571214410528804,0.6602373643891881,0.6525843377094315,0.0
1580,SHW,0.2600572935388985,0.6851976126120706,0.656532055779962,0.0
1581,SHW,0.2620674636943814,0.7033195852941008,0.6643316066785463,0.0
1582,SHW,0.264153466590064,0.7158774164819387,0.6737875430437288,0.0
1583,SHW,0.26412484889972854,0.6837198790736019,0.6731161448254368,0.0
1584,SHW,0.2645311737156275,0.6696345759235888,0.6689715164411245,0.0
1585,SHW,0.2649918637250659,0.657401188096238,0.6625226141054701,0.08309925481266818
1586,SHW,0.26582741232945395,0.6564748802087261,0.6571262474467284,0.06831608362657834
1587,SHW,0.2664941361565185,0.6531207453000397,0.6519500973811472,0.0592418753881184
1588,SHW,0.26862019487662425,0.6537560950283505,0.647971902287673,0.061965431587663
1589,SHW,0.26962886113893014,0.6554906158205729,0.645233589457529,0.05585386048437176
1590,SHW,0.2708355337766595,0.6647684491807844,0.6454191659954258,0.10995497826536949
1591,SHW,0.2717540582789486,0.664075765455099,0.6453902179567484,0.2519079900641689
1592,SHW,0.27117175504906466,0.6323120766413183,0.6372317842131706,0.0
1593,SHW,0.272104589619067,0.6356277890747349,0.6315542532417217,0.0
1594,SHW,0.27269691457695244,0.6306838092024644,0.6257459826693448,0.0
1595,SHW,0.27350098438563863,0.6259977832733014,0.6198991872498816,0.0
1596,SHW,0.27462124633197305,0.6250793027496577,0.6149865108585058,0.0
1597,SHW,0.27521928930900663,0.6236110270959508,0.6106803168647786,0.0
1598,SHW,0.2755998676695979,0.6168704855754169,0.6055089828053243,0.14749637756158143
1599,SHW,0.27612923817976864,0.6136268299731722,0.6005411546376945,0.0595906644587042
1600,SHW,0.2756055958184076,0.6165549392173117,0.5973168356944062,0.046902297660939764
1601,SHW,0.2752150100510604,0.6209193289218133,0.5958551824432606,0.06351635272200372
1602,SHW,0.27486019246702265,0.6243691368376146,0.5955694202290263,0.08202753053198095
1603,SHW,0.2767029713669038,0.6310726458492226,0.5970577046033372,0.1073038708341958
1604,SHW,0.277635805238309,0.6294201234580208,0.5978250901836393,0.179444731939557
1605,SHW,0.2785686398083109,0.6273858169255803,0.5979179746632701,0.0
1606,SHW,0.2790236076070174,0.6250170335535693,0.5973855924824363,0.0
1607,SHW,0.27968460293597386,0.6251057564551912,0.5969824103337427,0.0
1608,SHW,0.2804171374259381,0.6302211693368509,0.5979700176128884,0.0
1609,SHW,0.2812254948757391,0.6372849532822928,0.6005692707367047,0.0
1610,SHW,0.2816389771705854,0.6428680232430974,0.604078601966238,0.06408197060649969
1611,SHW,0.28212399583204983,0.6409935105105979,0.606405969148714,0.03676723245704823
1612,SHW,0.2840955384453505,0.6389753338666295,0.6077509700764687,0.044963258124611875
1613,SHW,0.28455337538329206,0.6345555686993365,0.6076949862225531,0.02536948871869178
1614,SHW,0.2852716015520367,0.6288897823264619,0.6061990851873812,0.035453839784723655
1615,SHW,0.28609283589712775,0.6257658231309835,0.6042022599296337,0.051340819706064994
1616,SHW,0.2866708465957164,0.6210984336141014,0.6014093938959277,0.06873421651831918
1617,SHW,0.28728605934863416,0.6174993514793309,0.5982533087604308,0.0
1618,SHW,0.28813876899643986,0.614017270589213,0.5948366145524877,0.0
1619,SHW,0.28896572799735365,0.6128322988597443,0.5917997657438747,0.0
1620,SHW,0.2898255877888345,0.6180554116039052,0.590708023645983,0.04913630718277789
1621,SHW,0.2902934296884414,0.616181645914079,0.5893547234981321,0.040664458704202024
1622,SHW,0.2906425275068376,0.6123689665589673,0.5872955848247094,0.02888066652866901
1623,SHW,0.292024595439361,0.5435233637749125,0.5126675238658094,0.06816911612502587
1624,SHW,0.2917098424122133,0.5470746816005858,0.5092227364501422,0.10401728420616849
1625,SHW,0.2911375511299674,0.547363222759735,0.5065408073098768,0.040708962947629886
1626,SHW,0.2907154837725301,0.545297059790666,0.5038660809832894,0.05181949906851583
1627,SHW,0.2900144287768647,0.5409999866178977,0.500625739042458,0.07476040157317325
1628,SHW,0.28955659777700005,0.5420572927109898,0.49830426137270994,0.0709744359345891
1629,SHW,0.28909304351850773,0.5386344731734317,0.4955704310791124,0.14028048023183604
1630,SHW,0.28858513356902415,0.5368331307485311,0.4929220093285878,0.0
1631,SHW,0.28813302408129426,0.5356788085568113,0.49050762840627804,0.0
1632,SHW,0.2874334015594546,0.5350445657180618,0.48841368220457687,0.0
1633,SHW,0.28663219774631554,0.5351176905242118,0.48675725387494695,0.0
1634,SHW,0.2858824980213497,0.5354515171912871,0.48551761046982345,0.0
1635,SHW,0.28534740739623876,0.5359857931606002,0.4846627338229634,0.0
1636,SHW,0.28480945391926915,0.5366710276889962,0.4841543338955975,0.0
1637,SHW,0.284257193168975,0.5371740554244977,0.48387644877330604,0.0
1638,SHW,0.28640328416752614,0.5761610661028642,0.49363944393620707,0.0
1639,SHW,0.2871730161709374,0.5783603875973002,0.50201312747194,0.0758134961705651
1640,SHW,0.2875564500481156,0.5807452185688033,0.5093228741557014,0.045912854481473815
1641,SHW,0.2881316052301168,0.5862920988551358,0.5165913313800976,0.0619121299937901
1642,SHW,0.288746819729528,0.586468027803022,0.5224511558565091,0.036865555785551646
1643,SHW,0.28869246012476735,0.5806779916409265,0.525656078788658,0.06806561788449596
1644,SHW,0.2883490820720125,0.5708649471582903,0.5257067127449085,0.06477075139722624
1645,SHW,0.28818312154374315,0.5640409808245851,0.5239994743890939,0.09774684330366383
1646,SHW,0.2881416332454938,0.5587584900996878,0.5212807389430376,0.0
1647,SHW,0.2882389213069001,0.554626910871204,0.518047575803763,0.0
1648,SHW,0.2881301842831472,0.551444126453056,0.5146458746220159,0.0
1649,SHW,0.2882389206083027,0.5490409708397954,0.5113090205376571,0.0
1650,SHW,0.2883161798842506,0.5472760219040184,0.508187500808364,0.0
1651,SHW,0.28839343916019855,0.5460312058230913,0.5053714643239929,0.0
1652,SHW,0.2883562402495572,0.5428667253543992,0.5023081524502692,0.0
1653,SHW,0.28855654556907506,0.5457267260639718,0.5005900026714301,0.06830262885530945
1654,SHW,0.2892390053010039,0.5579860742075194,0.5023553313995115,0.05957513972262471
1655,SHW,0.2897197275888874,0.5634801531454214,0.505174730845604,0.04128907058580004
1656,SHW,0.29037213890314817,0.5712500256101021,0.509420260190536,0.03484527013040778
1657,SHW,0.291216266282752,0.5808313854197323,0.5152706492741206,0.04131649761954047
1658,SHW,0.2902576772235723,0.5895570813063749,0.5221857746001592,0.07272924860277374
1659,SHW,0.29125632210717556,0.6079320000632933,0.5324240355280094,0.17249482508797348
1660,SHW,0.2922491763873678,0.6225345684962723,0.544354635401998,0.0
1661,SHW,0.29303893508044543,0.6330229858237153,0.5565853953190045,0.0
1662,SHW,0.2938058031841011,0.6360696927274287,0.5671503219241572,0.0
1663,SHW,0.29484736849048043,0.637582798790564,0.5759897979959732,0.0
1664,SHW,0.29613502343890996,0.6378771223596458,0.5831367606291233,0.0
1665,SHW,0.29737402981575345,0.637213205244572,0.5886842891341291,0.0
1666,SHW,0.2997146997315068,0.6584587713932681,0.5985636991399085,0.0
1667,SHW,0.3011668879738596,0.6558002756230773,0.6057863366114842,0.0
1668,SHW,0.30293526521017244,0.6590866199106981,0.612406140880256,0.11485768991927137
1669,SHW,0.3047494267690174,0.6614617410610519,0.6183102972834871,0.0613899813703167
1670,SHW,0.306781061676771,0.666607952501614,0.6243516634916477,0.053209480438832536
1671,SHW,0.30896578545698405,0.6725495480429586,0.6307065103013318,0.05663268474435934
1672,SHW,0.3114366477176975,0.6794269042302001,0.6375518074108281,0.06702442558476505
1673,SHW,0.3138273875013049,0.6869592104248821,0.6449572097175617,0.1110422272821362
1674,SHW,0.31564870060101957,0.6896214918656143,0.6515633916770888,0.11668960877665079
1675,SHW,0.3176946427820968,0.6906914053390846,0.657122362113749,0.0
1676,SHW,0.31964615521274453,0.6916136911911269,0.6618057531347201,0.0
1677,SHW,0.3213429995754258,0.6892489655370663,0.664946815444485,0.0
1678,SHW,0.3229683075714884,0.6859163136383024,0.6666061107547062,0.0
1679,SHW,0.3240127406199087,0.6818632939056373,0.6668954927779447,0.0
1680,SHW,0.3245765187252283,0.6682192946188501,0.6636325147673146,0.0
1681,SHW,0.32963270911781484,0.7479535746731578,0.6814435740842812,0.0
1682,SHW,0.3301964156867676,0.7120445363167132,0.686495444607551,0.0
1683,SHW,0.331263741071103,0.6924729983367248,0.6855243037757403,0.10249741254398674
1684,SHW,0.3323053144113519,0.6750956995811245,0.6802967396007793,0.045035706892982814
1685,SHW,0.3335557683533479,0.6644352219905495,0.6733843403886866,0.05363951562823432
1686,SHW,0.3337389038969816,0.6557053894289535,0.6656185474799483,0.040618401987166215
1687,SHW,0.33455299194068266,0.6425000650114111,0.6560237823696221,0.056852618505485404
1688,SHW,0.3351953871157207,0.6341626367558042,0.6462125988307604,0.05379269302421858
1689,SHW,0.33559885327134453,0.6228273048155005,0.6354604612954957,0.14958859449389358
1690,SHW,0.3357791228194307,0.6131062668945233,0.6243690114805935,0.0
1691,SHW,0.33547723620861336,0.5981464303022384,0.6116643574334044,0.0
1692,SHW,0.3350036693038849,0.5859840195229287,0.5983856131181222,0.0
1693,SHW,0.33480766175514254,0.5853417722472208,0.5875981261158972,0.0
1694,SHW,0.3346989264778826,0.584542768004314,0.5787634965703714,0.0
1695,SHW,0.33456729956330467,0.5836300539351762,0.5714620297750909,0.0
1696,SHW,0.3342353708221957,0.5801216883121557,0.5647222982271815,0.0
1697,SHW,0.33398070135703417,0.5771366378875653,0.5585659856958021,0.0
1698,SHW,0.33373175235611185,0.5747126279909431,0.553020101359382,0.1030107638170151
1699,SHW,0.33356578798555736,0.5743363230695308,0.5484870151555487,0.059617056510039325
1700,SHW,0.33380901302925414,0.5731687164797483,0.5445615002875679,0.06387083419581867
1701,SHW,0.32952255149639065,0.5711016728465967,0.5408916798242508,0.05227954874767129
1702,SHW,0.33020114274560286,0.5746840280318929,0.5388733316772449,0.06490012419788863
1703,SHW,0.3304543755453546,0.5789172508579767,0.5383428607701551,0.09914406955081763
1704,SHW,0.3308435291881746,0.584264891207646,0.5392881148443747,0.2208678327468433
1705,SHW,0.33101521821455204,0.5879954960221832,0.5409997958326386,0.0
1706,SHW,0.3311468426840394,0.5905922736303248,0.5430342239796498,0.0
1707,SHW,0.3313929235936226,0.5893444298949327,0.544342170357337,0.0
1708,SHW,0.33178065384438193,0.5938787457140596,0.5465498506218972,0.0
1709,SHW,0.33236152879202474,0.5970381658506755,0.5491251814739995,0.0
1710,SHW,0.332948126998295,0.5990843837273593,0.55170952085853,0.0
1711,SHW,0.3342586732347439,0.6083128141548229,0.5561405661522806,0.0
1712,SHW,0.3365707300010443,0.6354724131267873,0.5666414841041456,0.17571413785965637
1713,SHW,0.33831908194488514,0.653542866704479,0.5796703999007533,0.15771475884909955
1714,SHW,0.3401146416033187,0.6675932731106935,0.5936921046383739,0.1700553715586835
1715,SHW,0.34214627476457893,0.6821973983918905,0.6086498582981514,0.11441264748499275
1716,SHW,0.34430523811753755,0.6923274981936852,0.6232105694178658,0.13289639826122954
1717,SHW,0.3461852166266577,0.6930422299294364,0.6350421944907428,0.12612088594493892
1718,SHW,0.3476874803256438,0.6844694971371539,0.6423118572017655,0.32246118815980124
1719,SHW,0.3497162516829406,0.6887952905771647,0.6492355040482214,0.0
1720,SHW,0.35198824528954575,0.6949826537775923,0.656359121066735,0.0
1721,SHW,0.3543088874677365,0.6982850152179229,0.6629038112657031,0.0
1722,SHW,0.3558536464930233,0.6887532856964662,0.6656983090631048,0.0
1723,SHW,0.3573201451523875,0.6798111086006322,0.6656436483517132,0.0
1724,SHW,0.35867647501277067,0.6714327367054497,0.6634540618994503,0.0
1725,SHW,0.36004138888784953,0.6635915725531727,0.6596941238138282,0.0
1726,SHW,0.36110585002313056,0.6501145808715306,0.6532344634901233,0.0
1727,SHW,0.36210735915578796,0.6343072622546992,0.6440181850247775,0.0
1728,SHW,0.36437935485818485,0.6529113156485131,0.6414100085893657,0.14494721589732973
1729,SHW,0.36647679728515015,0.6628506289480414,0.641869111638228,0.0892962119643966
1730,SHW,0.36872589646004794,0.6725610266218013,0.6447234086975134,0.06787932105154212
1731,SHW,0.3707017319539434,0.6813669214897996,0.6492622008645408,0.08951925067273855
1732,SHW,0.37187635350503845,0.6909732801296596,0.6553536028741946,0.09717605050714137
1733,SHW,0.37288930216897853,0.691351518608688,0.6603235984369161,0.11001448975367419
1734,SHW,0.3739065559389667,0.6911977005443743,0.6642601992013912,0.16035862140343612
1735,SHW,0.3743100206973955,0.6818484679301425,0.6650149663254303,0.0
1736,SHW,0.3747091978147099,0.6731279601236281,0.6633852947299307,0.0
1737,SHW,0.3756763666970011,0.6709113605852451,0.6615138448176239,0.0
1738,SHW,0.3770470059265001,0.6685476119670595,0.6594112846179438,0.0
1739,SHW,0.3778081528673194,0.6654516384134412,0.6569362996753537,0.0
1740,SHW,0.3783604136176133,0.6618172661047479,0.6540254809385857,0.0
1741,SHW,0.37891267436790743,0.6578024887578493,0.6506685663151145,0.0
1742,SHW,0.3800000271405064,0.6539451640428509,0.6469951015487797,0.0
1743,SHW,0.38092427699721565,0.6465089788532475,0.6421517835053345,0.0
1744,SHW,0.38195296715479854,0.641826462097218,0.6370778488739468,0.08498240529910991
1745,SHW,0.38231351009325665,0.6235506547696714,0.6283379247942181,0.06747878286069137
1746,SHW,0.3830460421381301,0.609964105527756,0.6178662159331549,0.06524166839163734
1747,SHW,0.3841434075569652,0.6019915544260346,0.6074469292632125,0.047936245083833574
1748,SHW,0.38368557306411444,0.5952889891463249,0.5973948474889659,0.044548747671289586
1749,SHW,0.38338083617618945,0.5891896157473968,0.5877910183635281,0.05835541295797971
1750,SHW,0.382905842386414,0.5836907496845886,0.5786995925272483,0.12709428689712274
1751,SHW,0.38239507168086306,0.5808614672181442,0.5707018196551866,0.0
1752,SHW,0.38168400438826033,0.5784000314728528,0.5636731815857751,0.0
1753,SHW,0.3812490664229087,0.5762548452754236,0.5575008487877948,0.0
1754,SHW,0.3807626156369168,0.574381879506631,0.5520832809546241,0.0
1755,SHW,0.38065388035965686,0.5727435361906856,0.5473296162955424,0.0
1756,SHW,0.3805451450823969,0.5713076844639075,0.5431589360623039,0.0
1757,SHW,0.3782216438946322,0.5306534303216116,0.5294100763535324,0.0
1758,SHW,0.37679663947159403,0.5181527814217791,0.5152093383945949,0.0
1759,SHW,0.3763674212718837,0.5291985410319036,0.5066777738371478,0.0
1760,SHW,0.37650477423947915,0.549786421370049,0.5051254637451873,0.13257141378596562
1761,SHW,0.37644182188755626,0.5619284425353441,0.5069934145873125,0.05111467605050714
1762,SHW,0.376290167235416,0.5700076616666027,0.5105570145212648,0.03828762161043262
1763,SHW,0.3763874556461211,0.5779724127626669,0.5154478163220556,0.03654471123990892
1764,SHW,0.376195743073765,0.5802253829866233,0.5199374856120199,0.045832125853860484
1765,SHW,0.37662782552252927,0.5808457474121724,0.5236881079864242,0.04399140964603601
1766,SHW,0.3772831010858444,0.5871162051576935,0.5282945874958017,0.1228446491409646
1767,SHW,0.3777967346432549,0.5920640778412396,0.5332470139203614,0.0
1768,SHW,0.3783089360761387,0.595568189741976,0.5381064237137887,0.0
1769,SHW,0.3789484670021228,0.6000669768184201,0.5431461751348516,0.0
1770,SHW,0.37950072425942993,0.6009622802080163,0.5474072802296082,0.0
1771,SHW,0.3802075039109185,0.6061067651619122,0.5521337632054347,0.12357586421030842
1772,SHW,0.38145795820221284,0.6207263203184697,0.5596592913356997,0.07990478161871248
1773,SHW,0.38267979620036674,0.6308959497985359,0.5682843463223942,0.06908714551852618
1774,SHW,0.3837614257143376,0.6351805421714337,0.5762817546248273,0.06352566756365141
1775,SHW,0.38513921683400487,0.643731929442408,0.5848698516264633,0.08068878079072656
1776,SHW,0.3866400484084638,0.6519874214191452,0.5938547152635301,0.12475108673152556
1777,SHW,0.3899450306420249,0.6549124603476061,0.601791763398678,0.1622381494514593
1778,SHW,0.3923200380137548,0.6561154672323547,0.608449514489935,0.0
1779,SHW,0.39369925916215687,0.6559556371039362,0.6137347798750771,0.0
1780,SHW,0.39451190914325385,0.6547298786048403,0.6176490524857139,0.0
1781,SHW,0.3955248644438685,0.6526829597982264,0.6202562163500983,0.0
1782,SHW,0.39660649186204777,0.6500160084863611,0.6216588912860498,0.0
1783,SHW,0.3979857140583458,0.6547372314328024,0.6239902248113759,0.0
1784,SHW,0.3995494969368314,0.6573495447806361,0.626524353981797,0.0
1785,SHW,0.40110898728402145,0.6572847298013991,0.6285350569886328,0.0
1786,SHW,0.40243241006646135,0.6573182578205983,0.6301522065474536,0.05594028151521424
1787,SHW,0.40368573000400465,0.6551455967543608,0.6308894670238354,0.06846305112813082
1788,SHW,0.4049962737953625,0.6535226389202551,0.6310636055223069,0.046539018836679776
1789,SHW,0.40620380801317935,0.6512368729783506,0.6306174888744591,0.038094597391844336
1790,SHW,0.4086274618607031,0.6711105085960897,0.6353506056668193,0.08827261436555578
1791,SHW,0.41149463629107963,0.6993973242777377,0.6463818821181055,0.17450476091906436
1792,SHW,0.41407567398744916,0.7252319689346574,0.6618236393931395,0.29074001241978886
1793,SHW,0.41668532378537515,0.743582692323798,0.6788770089935673,0.0
1794,SHW,0.41939512170217785,0.7550414286868687,0.695454501560852,0.0
1795,SHW,0.4218488183785909,0.7626088295001829,0.7106546486226096,0.0
1796,SHW,0.4241823360548769,0.7662802823668424,0.7237550940797445,0.0
1797,SHW,0.4266374620614277,0.7667989803993585,0.7343682987214627,0.0
1798,SHW,0.4290925901637701,0.7648416602793943,0.7423575561116258,0.0
1799,SHW,0.43154485681144816,0.7609082114943589,0.7477415321568407,0.0
1800,SHW,0.43399998491379077,0.7555884074734904,0.7506862115980155,0.0
1801,SHW,0.4369272530358146,0.7588426357153617,0.7538754239219467,0.0
1802,SHW,0.44089609135439933,0.7804256147345412,0.7619545987352724,0.1687523287104119
1803,SHW,0.4445272790704413,0.7957529255483775,0.7723435498083551,0.09657110329124405
1804,SHW,0.4482471711824927,0.8068823765620592,0.7835051714116548,0.06734785758642102
1805,SHW,0.45200998825820293,0.8126645298241459,0.7939153863850172,0.0860872490167667
1806,SHW,0.455460901885276,0.8091279948967696,0.801337785565855,0.15326847443593458
1807,SHW,0.45886316694076346,0.8014330931003626,0.8053048965140424,0.11947836886772924
1808,SHW,0.46187914260248464,0.7859145461644284,0.8045039948994139,0.2066896087766508
1809,SHW,0.4648979769244812,0.7712916598638193,0.8001180786897577,0.0
1810,SHW,0.46665204688747064,0.7542592380093589,0.792247023642902,0.0
1811,SHW,0.4679225355530021,0.7427913267206955,0.7830130328482786,0.0
1812,SHW,0.46872087721287925,0.7273263265503226,0.7716649641684423,0.0
1813,SHW,0.47023458673052443,0.7279295081584168,0.7627409953257982,0.0
1814,SHW,0.47199581172736993,0.7307250469796791,0.7563178100755181,0.35002794452494307
1815,SHW,0.47437081979769724,0.744337726280681,0.7546657238698538,0.11618557234527012
1816,SHW,0.47628513192050903,0.7435297090875435,0.7531371065763025,0.09443645208031463
1817,SHW,0.47807353933947483,0.7382226043030496,0.750554963858626,0.04505381908507555
1818,SHW,0.47957866554102146,0.7262317521170903,0.7454181679742402,0.08170823845994618
1819,SHW,0.4812068294029701,0.7173941368138824,0.7390452525498779,0.05547350445042434
1820,SHW,0.48299238130534894,0.7119474608252385,0.7325519245294354,0.13920047609190642
1821,SHW,0.4843258191791153,0.7063511557380835,0.7259239436189853,0.0
1822,SHW,0.4845575963083615,0.6990625279001579,0.7187548048602449,0.0
1823,SHW,0.4847435891150762,0.6917602824116034,0.7111492520876277,0.0
1824,SHW,0.48484087752578087,0.6845305842963567,0.70321314884428,0.0
1825,SHW,0.48494388570212754,0.6774401150133693,0.6950482643346143,0.0
1826,SHW,0.4854432081439293,0.673466233495027,0.6874985712800766,0.0
1827,SHW,0.48633026083649056,0.6749061116938933,0.681827596597296,0.0
1828,SHW,0.4864475815256406,0.6522406740503686,0.6714857739798712,0.11110898364727799
1829,SHW,0.48655917930546133,0.6334246528320735,0.6583931806212384,0.05768784930656178
1830,SHW,0.48700842419483803,0.6215850697823333,0.6448867670815894,0.03622024425584765
1831,SHW,0.487028454377491,0.6069175428980443,0.630325008042777,0.03527892775822811
1832,SHW,0.48754731798381457,0.6006982995712643,0.6170827361732322,0.056314945145932514
1833,SHW,0.4875172762028215,0.5987599288699655,0.6059924656552328,0.060884392465328084
1834,SHW,0.4871581622452028,0.594304725730047,0.5959791883165356,0.11575864210308424
1835,SHW,0.48632833969383227,0.5941624356255301,0.5879321232861799,0.0
1836,SHW,0.48583617053939365,0.5911961854255813,0.5807347590583091,0.0
1837,SHW,0.48546990608880103,0.5885096642115089,0.574288799302158,0.0
1838,SHW,0.48538692285562757,0.5860729195101785,0.5685079355640429,0.0
1839,SHW,0.4851809019620523,0.5838011037826948,0.5633013900379832,0.0
1840,SHW,0.484714480660116,0.5796942380014625,0.5580843084111757,0.0
1841,SHW,0.48443334518439696,0.5804450162101634,0.5541029314633376,0.06855723452701304
1842,SHW,0.4843303370080503,0.5832077822929053,0.5516254260170704,0.10512782032705444
1843,SHW,0.48416723199636835,0.5838714989612125,0.5498134119234017,0.06049679155454357
1844,SHW,0.4840127109993819,0.5842880360850365,0.5484704836033374,0.04472831711860898
1845,SHW,0.48376090159169083,0.5823404360555345,0.5468973241211991,0.04462326640447112
1846,SHW,0.4831199385411795,0.5755190806285724,0.5438917197167658,0.06711188159801283
1847,SHW,0.48202056465501997,0.5664669661377747,0.5391688202190582,0.19433140136617677
1848,SHW,0.4820348708804474,0.5595985705812938,0.5336313759444216,0.0
1849,SHW,0.4820463156512105,0.5541563657100786,0.5278075699806314,0.0
1850,SHW,0.4818746318643128,0.5499521001776659,0.522071734104066,0.0
1851,SHW,0.4798744750536632,0.5046796632466493,0.5058879468173434,0.0
1852,SHW,0.47759009391919793,0.46983321251027355,0.4840160886385063,0.0
1853,SHW,0.4770106458566026,0.48183364581514,0.4695921377095892,0.0
1854,SHW,0.4765528148567384,0.4921194554337354,0.46068736535727517,0.0
1855,SHW,0.4760234457437622,0.5032275094891507,0.4564085280587005,0.0
1856,SHW,0.4753401026355095,0.5069622279638982,0.4539419895341155,0.07323173256054646
1857,SHW,0.4748436430455676,0.5143085822423358,0.45385029756686573,0.07050041399296211
1858,SHW,0.4744233829594231,0.5221366893867075,0.45578186877272964,0.048421651831918856
1859,SHW,0.4738768486114453,0.5260526825188564,0.45833008488486715,0.0527266611467605
1860,SHW,0.4734304651767334,0.5295006083929688,0.46125173613515147,0.06759107845166631
1861,SHW,0.47208629405358504,0.518377204681947,0.46074014521796025,0.12319809563237424
1862,SHW,0.47067559026719574,0.5111831671125258,0.4584883447922946,0.17092941419995858
1863,SHW,0.4685667002750782,0.4905846340916532,0.4514112345463033,0.0
1864,SHW,0.46600570079523096,0.4661574396054283,0.43949328457129616,0.0
1865,SHW,0.4647466621399421,0.47272456440106236,0.43164088818620333,0.0
1866,SHW,0.46373370439423667,0.4788573155741297,0.42692968345694915,0.0
1867,SHW,0.4628930120177066,0.48457985663066355,0.42462636956250227,0.0
1868,SHW,0.46218623271551684,0.4929595642202309,0.42492991842643013,0.0
1869,SHW,0.4619458663320948,0.5097642614650802,0.4294767550612403,0.04710618919478368
1870,SHW,0.4619530217152501,0.5285591143334168,0.4379279380230916,0.03982871041192299
1871,SHW,0.4635497123702761,0.5340653295615978,0.4460991291873285,0.03596305112813082
1872,SHW,0.4651921873478342,0.5396044098858805,0.45405474427981113,0.03773649347961085
1873,SHW,0.4651306636274517,0.5475937412777352,0.4624654536813144,0.030851273028358515
1874,SHW,0.46530950105101065,0.558904385275462,0.47209088886244704,0.05078658662802732
1875,SHW,0.4653180857643038,0.5665715933152277,0.4817549525143407,0.16870471951976815
1876,SHW,0.46568094595010634,0.5741356973889877,0.4914235120870716,0.0
1877,SHW,0.4655307167858185,0.5732209940632669,0.4989240871005472,0.0
1878,SHW,0.4653042881177327,0.5723466556294248,0.5047006126710482,0.0
1879,SHW,0.4653872668100232,0.5752015509512328,0.510053025262211,0.0
1880,SHW,0.46547024550231386,0.5772580313222825,0.514861658454908,0.0
1881,SHW,0.46603967532989476,0.5744510859609686,0.5179896537567962,0.0
1882,SHW,0.46691528290239415,0.5793969592681316,0.5217587807376449,0.0
1883,SHW,0.46905202073058927,0.5933301246125892,0.5283426267920223,0.08147433243634858
1884,SHW,0.4717847092368139,0.6069775846983044,0.5371050736401357,0.037834816808114256
1885,SHW,0.4733112932046579,0.6170983625569277,0.5467071517863686,0.03309149244462844
1886,SHW,0.47496521400087466,0.626974837297194,0.5569183643691994,0.03539432829641896
1887,SHW,0.47630151752089,0.6274453528304293,0.5652078422714456,0.040015524736079486
1888,SHW,0.4778495627480184,0.634413526686567,0.5736241043600774,0.06111260608569654
1889,SHW,0.47926312205099464,0.6457492603415107,0.5832604076217973,0.12226868143241564
1890,SHW,0.48042057871638666,0.6534707789860237,0.5929470757007161,0.0
1891,SHW,0.48204588601385234,0.6584481838630736,0.6019712167284996,0.0
1892,SHW,0.4836254089887859,0.6612189194935127,0.6099001668130829,0.0
1893,SHW,0.4850632924029059,0.662756014282215,0.6166370056301234,0.0
1894,SHW,0.48626081467308424,0.6627822581862391,0.622033198238855,0.0
1895,SHW,0.48743401283211885,0.659927043484535,0.6256188783919081,0.026049989650175947
1896,SHW,0.48870449940185856,0.6601733404957205,0.6285505037895268,0.021968019043676255
1897,SHW,0.4905730334895142,0.6647785135594719,0.6320752751368083,0.02414769198923618
1898,SHW,0.4924959271819309,0.6682974565932331,0.6357963593992154,0.020297557441523492
1899,SHW,0.4943587341686735,0.6722717887750854,0.6397911276793073,0.03324466984061271
1900,SHW,0.49636318176412564,0.6769965139542751,0.6441970328673137,0.05427913475470916
1901,SHW,0.49827177272410106,0.6731826052455444,0.6467449436021017,0.05417615400538191
1902,SHW,0.49981695824305805,0.6687805635609588,0.6476558269095127,0.0
1903,SHW,0.5006818863581699,0.6604558712071187,0.646252424007696,0.0
1904,SHW,0.5016633660067715,0.658284056441488,0.6445734592689958,0.0
1905,SHW,0.5026491392345647,0.6555139560546529,0.6425208129134578,0.0
1906,SHW,0.5035075756339853,0.6522481474220329,0.6400422611031834,0.0
1907,SHW,0.5046893490752486,0.6487481843592409,0.637163013596247,0.04291554543572759
1908,SHW,0.5053474888876175,0.6416513439699005,0.6330419819161082,0.039290519561167456
1909,SHW,0.5056937311894265,0.6355048077919752,0.6281709135953815,0.026236803974332434
1910,SHW,0.5060943386847747,0.630758234128793,0.6230583725691193,0.027908818050093147
1911,SHW,0.5064806336673193,0.6259332456298636,0.6177325698710902,0.032375284620161454
1912,SHW,0.5068712250234448,0.6214824708483214,0.6123320009738469,0.03708134961705651
1913,SHW,0.507443511764808,0.6215312931177135,0.6080240501531828,0.07404626371351687
1914,SHW,0.5087712267292448,0.6363143827040597,0.6083639154750433,0.0
1915,SHW,0.5094665581169837,0.6323863605075666,0.6076297677165261,0.0
1916,SHW,0.5100703243526452,0.6302329318868127,0.6064909161283519,0.0
1917,SHW,0.5101475794370092,0.6225288434349157,0.603606673586887,0.0
1918,SHW,0.5101704749166123,0.6157732733566676,0.5995690515942815,0.0
1919,SHW,0.5098127930835203,0.6045112328629847,0.5934545346074969,0.0
1920,SHW,0.5096597042110611,0.6022559919112096,0.5879853115928357,0.029912026495549575
1921,SHW,0.5095824480788012,0.5953764305606122,0.5818479487357423,0.034037466363071825
1922,SHW,0.509456547217241,0.5884641255496328,0.575167687740327,0.04602256261643552
1923,SHW,0.5096425452634354,0.5854682078224179,0.5690561683313078,0.02228782860691368
1924,SHW,0.5095853186152313,0.5833505038913505,0.5636245691845171,0.023101324777478782
1925,SHW,0.5095638542122589,0.5822082957516105,0.5589867489806781,0.03148105982198302
1926,SHW,0.5095896062563459,0.5820191551813517,0.5552280503769048,0.09181742910370523
1927,SHW,0.5095381032160684,0.5801496839485198,0.5517422849151761,0.0
1928,SHW,0.5093950269898451,0.573238818497846,0.5471836705343949,0.0
1929,SHW,0.5100731889509977,0.5848169044637743,0.5465021435841957,0.0
1930,SHW,0.5098728832821813,0.5765648095261093,0.5438434060335765,0.0
1931,SHW,0.5101246926898728,0.5788594052603412,0.5423041049148124,0.0
1932,SHW,0.5104451742151284,0.581927866266228,0.541858554324146,0.03642775822811012
1933,SHW,0.5102477418771307,0.5777241230877564,0.5404254565307022,0.03240426412750983
1934,SHW,0.5089815516809721,0.5678120987358066,0.5367403233090718,0.03780738977437383
1935,SHW,0.5085437494665663,0.5622622474863225,0.5323707959351016,0.020236493479610845
1936,SHW,0.5080401358906639,0.5582910500927246,0.5278580760437136,0.020657213827364934
1937,SHW,0.5079477125117664,0.5583939595288868,0.5242742571636404,0.03237269716414821
1938,SHW,0.5076901843863297,0.5551084749711933,0.5205657279609986,0.06269354170979093
1939,SHW,0.5076615698396825,0.5519391656649658,0.516787185156971,0.0
1940,SHW,0.5084599181362341,0.5735398846782542,0.5192966994125087,0.0
1941,SHW,0.5094843150639239,0.5903022003206776,0.5255974536388536,0.0
1942,SHW,0.5090751239031788,0.5726450168656559,0.5261157217995315,0.0
1943,SHW,0.5085314440238924,0.5586599145378938,0.5229484898247052,0.0
1944,SHW,0.5073038775276304,0.5342483427574747,0.5141624437340396,0.0
1945,SHW,0.5056084691317617,0.5066288028478897,0.5000597256605516,0.0
1946,SHW,0.5032048482612803,0.4720693924970252,0.47992623926834777,0.0
1947,SHW,0.5006781837923195,0.44200765057366975,0.45612007530055954,0.0
1948,SHW,0.4977165799608123,0.40568595274525165,0.4277724773803824,0.22387600910784516
1949,SHW,0.49443306038373014,0.3895456751429983,0.40096057180879263,0.11828089422479816
1950,SHW,0.49185488728571336,0.3762308261030102,0.3761008652621064,0.07980438832539846
1951,SHW,0.48876022336720526,0.3662765254631896,0.35366361728915785,0.06892206582488097
1952,SHW,0.48577715163973934,0.36445360459438925,0.3352469347517273,0.07230645829020906
1953,SHW,0.48303015341510025,0.36372505154421375,0.32032699264732223,0.07647433243634857
1954,SHW,0.48110867892316,0.3758614410301797,0.3114993955009922,0.18975419167874144
1955,SHW,0.47908849158055844,0.3877541854486467,0.30748327225836786,0.0
1956,SHW,0.4770482719595117,0.39902775403505963,0.30715774561731946,0.0
1957,SHW,0.47461689232411275,0.4048879479002302,0.30839822965455144,0.0
1958,SHW,0.47246793707650747,0.4136397985309118,0.31163212966306597,0.0
1959,SHW,0.4703504606246032,0.4221575601544502,0.31640080787179614,0.0
1960,SHW,0.4670597877601581,0.4303948502011855,0.32232547461952954,0.0
1961,SHW,0.4631911010534364,0.4264946481073493,0.3260662932507855,0.0
1962,SHW,0.4603925983913255,0.4164073681475178,0.32647540692700006,0.0
1963,SHW,0.4567828726331653,0.3935391717130163,0.3209457246748143,0.12641947836886772
1964,SHW,0.45386418538214923,0.3781855435225748,0.312589627277841,0.10564479403850134
1965,SHW,0.45137758057989696,0.3682798745424876,0.3033677221030918,0.0780702753053198
1966,SHW,0.44965069234043065,0.3647162752986722,0.29507749348736384,0.07331453115297039
1967,SHW,0.44795594167394825,0.36081980575484596,0.28744735180378067,0.07476764645001034
1968,SHW,0.44671979116299076,0.35530432825298486,0.27993062142048153,0.06791761540053819
1969,SHW,0.44482407744760377,0.35038207319639203,0.27265655545060213,0.19103342993169115
1970,SHW,0.44305283945522356,0.34884886301177526,0.2664446188451497,0.0
1971,SHW,0.44136028971963026,0.35004688679448703,0.2617819058782125,0.0
1972,SHW,0.43949748657517285,0.35366378378467445,0.25897809053115617,0.0
1973,SHW,0.4371911520196048,0.3482472586847405,0.25534776477957355,0.0
1974,SHW,0.4343726233664247,0.34640965516145805,0.25197285951656756,0.0
1975,SHW,0.4315397832483372,0.3473969913751337,0.24952581059314466,0.0
1976,SHW,0.4287069431302495,0.350586347767749,0.24838502533042034,0.0
1977,SHW,0.42635768885050207,0.3605570496662759,0.25002608052522207,0.0
1978,SHW,0.4243060220136017,0.379122041359501,0.25609376658518335,0.12593976402401158
1979,SHW,0.422154211249409,0.39367297743062335,0.2646746825504459,0.05748344028151521
1980,SHW,0.41987076728326267,0.4042690294737491,0.2742532626060499,0.06850031049472159
1981,SHW,0.41813815299077906,0.41378238705676496,0.2843526756149533,0.06242341130200786
1982,SHW,0.4168276074529278,0.4229830328074955,0.29478866363236955,0.059323121506934376
1983,SHW,0.41619951605822636,0.42911183543263554,0.30470715512808266,0.07758228110122127
1984,SHW,0.415475568377347,0.43411042680873774,0.31392218114831427,0.16396139515628233
1985,SHW,0.4147487595911019,0.4394543814914864,0.32266288879609795,0.0
1986,SHW,0.4139232302696243,0.44500795588561465,0.3310778292780303,0.0
1987,SHW,0.41326014229236496,0.450662473650264,0.33925800951410395,0.0
1988,SHW,0.41260773097810444,0.4518245176450425,0.34609977492316624,0.0
1989,SHW,0.41223574222098724,0.4567703302602702,0.3528399024454135,0.0
1990,SHW,0.4125319006829955,0.4754237599551884,0.36300949699509943,0.060163527220037254
1991,SHW,0.4128609718117253,0.491668341258636,0.37530571400070845,0.051529186503829434
1992,SHW,0.4127722695115077,0.49691393989601085,0.3864861836123759,0.036157627820327054
1993,SHW,0.4131671544468254,0.501033264962525,0.39648559556386453,0.034411095011384805
1994,SHW,0.4136364312653482,0.5064473817655178,0.4058717817890638,0.042372179672945556
1995,SHW,0.4138624826908759,0.5063170438891669,0.4133473487992009,0.04584558062512937
1996,SHW,0.41434034352409466,0.5119706995583277,0.42077580945904547,0.11509107845166631
1997,SHW,0.4142544998841524,0.5105018182495454,0.42634236998669217,0.0
1998,SHW,0.4140685091732301,0.5163467882389775,0.4322926246393168,0.0
1999,SHW,0.41428597658406185,0.5276212380776976,0.4399404260196802,0.0
2000,SHW,0.4141400455398483,0.5266900714281243,0.4458201779138344,0.0
2001,SHW,0.41402129866424864,0.5263331013033423,0.45043255269781957,0.0
2002,SHW,0.41389825541506764,0.5264300682863068,0.4541472875845398,0.0
2003,SHW,0.4140785298533354,0.5304521557420688,0.4581492073836961,0.0
2004,SHW,0.4144247690114564,0.5360402931422864,0.4627819698195958,0.0
2005,SHW,0.4146679926579586,0.5385772589926496,0.46713794421388927,0.0
2006,SHW,0.4149112149072667,0.5408019915894329,0.47119251939373613,0.04529600496791554
2007,SHW,0.41495699608611036,0.5387179090628498,0.47390240698911,0.04043055268060443
2008,SHW,0.41530609390450657,0.5390181252311073,0.4761472080460631,0.02769819913061478
2009,SHW,0.4158469074389468,0.5462168025944695,0.47978676492162214,0.03766611467605051
2010,SHW,0.416180269352479,0.5613723245405923,0.48658002329963024,0.04808993997102049
2011,SHW,0.416552254965908,0.5746869971538793,0.4954247669052703,0.06099410060028979
2012,SHW,0.4174021073506331,0.5864662659407297,0.5055174530307327,0.13612968329538397
2013,SHW,0.4188614450380639,0.6071516828319183,0.5188895244221913,0.0
2014,SHW,0.4202463908422891,0.6228138409923047,0.533598553431481,0.0
2015,SHW,0.4215054343877591,0.6268110195742493,0.5463895288998208,0.0
2016,SHW,0.42209775759915114,0.6206868725202889,0.5550538005716428,0.0
2017,SHW,0.42336252056096413,0.6225068950818247,0.5624513597574261,0.0
2018,SHW,0.42356568803374417,0.6079361853203087,0.5646375755764913,0.0688868764231008
2019,SHW,0.42345122879925867,0.5956743044230737,0.5632460509949591,0.06988149451459325
2020,SHW,0.42412939495199553,0.5917414397244151,0.5611255510582727,0.128769923411302
2021,SHW,0.42448993509606403,0.5817940137899769,0.5568814291140651,0.09494100600289794
2022,SHW,0.4249906924567821,0.5766133474043399,0.5521592659167025,0.04840509211343407
2023,SHW,0.4250765399390095,0.5674412325321884,0.5460323850406131,0.07687073069757813
2024,SHW,0.4252167515668801,0.5633825793983187,0.5400913832952989,0.18559459739184433
2025,SHW,0.4254714210320416,0.5603912801478977,0.5345724541647242,0.0
2026,SHW,0.42501072822821384,0.5434026752736714,0.5258062111300134,0.0
2027,SHW,0.42474747649485023,0.5302746341313391,0.5154308796124117,0.0
2028,SHW,0.42506509377105184,0.5339006784594333,0.5080593122292975,0.10833833574829227
2029,SHW,0.4249878376387919,0.5356858318926224,0.502619269534622,0.07890291865038294
2030,SHW,0.42443128261070906,0.536915440189779,0.4985821610817089,0.06769819913061477
2031,SHW,0.42389904750218554,0.540095696999382,0.49616699762184135,0.09561270958393707
2032,SHW,0.42346124528777973,0.5462608228120331,0.4958138709840091,0.09064220658248809
2033,SHW,0.42238247722847366,0.5498942501230117,0.4964619584248343,0.16308838749741253
2034,SHW,0.4214153013602089,0.5551318286308063,0.4983218702793547,0.22094856137445662
2035,SHW,0.42056831077944734,0.5541914221425052,0.499568944057169,0.0
2036,SHW,0.4204595755021874,0.560128154268755,0.5020871113109284,0.0
2037,SHW,0.42035084022492764,0.5720877114387385,0.5071647115847552,0.0
2038,SHW,0.4210976757008398,0.5835372529660151,0.5141592337211873,0.0
2039,SHW,0.42185882368955485,0.5922324367514442,0.5219818507692053,0.0
2040,SHW,0.4223223779480476,0.5986705575335943,0.5298888676597602,0.0
2041,SHW,0.42310355821520806,0.603266955213097,0.5373917046612118,0.0
2042,SHW,0.4236357859884594,0.6041437331106024,0.5436185334949627,0.0
2043,SHW,0.4244026519963229,0.6042035128540326,0.5486153072733162,0.0
2044,SHW,0.42450137253155495,0.5932912683290661,0.5498178961989703,0.10485975988408196
2045,SHW,0.42440694243182664,0.5806384083425322,0.5475393330389198,0.05190540260815566
2046,SHW,0.4250278759982824,0.5704829794846445,0.5431154870735686,0.04582384599461809
2047,SHW,0.42578044276669136,0.5650926535300534,0.5381958469189131,0.04636410681018422
2048,SHW,0.4258977634558416,0.5613896013619757,0.5333117138148366,0.07470089008486855
2049,SHW,0.42606086846752356,0.558055887261588,0.5285505807442645,0.10979921341337197
2050,SHW,0.42615386923711407,0.553586001866575,0.5235968529631319,0.1571501759470089
2051,SHW,0.42617104215668644,0.5505597275629298,0.5188587852380483,0.0
2052,SHW,0.4257017600986832,0.5417919933981156,0.5128227502088257,0.0
2053,SHW,0.41834495980635134,0.39288543004010157,0.4698561638199789,0.0
2054,SHW,0.41775264288233527,0.4187754707169078,0.4421138187805975,0.0
2055,SHW,0.4180259138986093,0.4532761927229023,0.42875622349875503,0.08874042641275098
2056,SHW,0.41835784229041995,0.48933011978486013,0.42730423291334274,0.053427861726350646
2057,SHW,0.4183864571863656,0.5194879905233072,0.4338666356880878,0.06976661146760504
2058,SHW,0.4187226746164856,0.5520872283491312,0.4474658329637494,0.07489494928586214
2059,SHW,0.4191136882746973,0.5788320059620613,0.465195028985754,0.12193075967708548
2060,SHW,0.4194813862470117,0.5990873111503764,0.4845661486357688,0.08617936245083833
2061,SHW,0.4201996141622495,0.6216748451850915,0.5058481346544308,0.16870161457255226
2062,SHW,0.42102657456035764,0.6386617027789331,0.5272243756883962,0.0
2063,SHW,0.421859257867796,0.6510670407496987,0.5475026077943607,0.0
2064,SHW,0.42320271013429167,0.6597414976713785,0.5659468842801972,0.0
2065,SHW,0.4247278675663875,0.6653940454301397,0.5821500287640082,0.0
2066,SHW,0.4248537736674278,0.6399914357676458,0.5886064604866995,0.0
2067,SHW,0.4252429273102476,0.6272481973021308,0.5905078239439517,0.0
2068,SHW,0.4265649221597445,0.6361582327130056,0.5943109415718651,0.0
2069,SHW,0.42785829652451657,0.6412690411855807,0.5986624093969365,0.10001138480645828
2070,SHW,0.42884549314437037,0.636203750933694,0.6008462680026596,0.054581349617056504
2071,SHW,0.4295723001841223,0.6264429375506245,0.6000934278601203,0.04725005174912026
2072,SHW,0.43072546536611434,0.6202556905463312,0.597906485964745,0.04100807286276133
2073,SHW,0.4384428117405925,0.606753889434422,0.5926988684337204,0.0439474228938108
2074,SHW,0.43955305999279504,0.6011379380152349,0.5870944241213972,0.05306510039329331
2075,SHW,0.44006955046398755,0.5967303375030638,0.5814819996713151,0.11513661767749947
2076,SHW,0.43983348080344564,0.585271327065093,0.5740571930285944,0.0
2077,SHW,0.43954304280567635,0.575998453623063,0.5657423912403001,0.0
2078,SHW,0.4388362669964736,0.568544039348127,0.5571813347692903,0.0
2079,SHW,0.4384681449755794,0.5706477256468957,0.5508712830340199,0.0
2080,SHW,0.4380947240939357,0.5715822069296446,0.5460625797955454,0.0
2081,SHW,0.4376984098284804,0.5788774837079497,0.5440840741532436,0.0929647070999793
2082,SHW,0.4376726605787835,0.5919512419445646,0.5458497038609198,0.08396243013868764
2083,SHW,0.43705744363428134,0.5897648965502562,0.5467022436438004,0.10840043469261022
2084,SHW,0.436176113501751,0.582262099484692,0.5454626686913379,0.07860691368246739
2085,SHW,0.43541925594853903,0.5786693332968524,0.5435508340530777,0.051376009107845164
2086,SHW,0.4360773943637135,0.5759567811385582,0.5413266309565079,0.11378493065617884
2087,SHW,0.4366239332525741,0.5794375079685735,0.5404387477786577,0.1728456841233699
2088,SHW,0.4361317630502397,0.5803555984907739,0.5399635814055127,0.0
2089,SHW,0.43568823687860836,0.5808359036195188,0.5397064634416466,0.0
2090,SHW,0.43564245709695926,0.5809677409314165,0.5395345350740887,0.0
2091,SHW,0.4360258944671245,0.5846883067342277,0.5403498989301001,0.0
2092,SHW,0.4363005951628349,0.5873149077866029,0.5416749117136641,0.0
2093,SHW,0.4369644495013656,0.5890544811735134,0.5431804592492335,0.0
2094,SHW,0.4373593264028137,0.5900792656671151,0.5446473637701813,0.0
2095,SHW,0.4386811467706411,0.609962142996355,0.5509132644728956,0.0
2096,SHW,0.4396268575373361,0.6096896289629975,0.5558561890897372,0.0
2097,SHW,0.4403722657789024,0.6048054358302375,0.5585595954911726,0.07576226454150278
2098,SHW,0.44146248419775036,0.6075146141239635,0.5614161918884089,0.09064996895052783
2099,SHW,0.44208628410905204,0.6075960419535411,0.5637223241976591,0.04213723866694266
2100,SHW,0.4428588747727382,0.6095687395988431,0.5660724748403727,0.04154678120471952
2101,SHW,0.443890432323063,0.6225419770972694,0.571275284333291,0.041188159801283375
2102,SHW,0.444856173272411,0.6382203316383035,0.5794530520200241,0.06941368246739806
2103,SHW,0.44657019055466485,0.6528541156815122,0.5897432522032465,0.15367574001241976
2104,SHW,0.4486218556450716,0.6647174560218235,0.6010138358894123,0.0
2105,SHW,0.4505490481561598,0.6728117106373419,0.6121033929675759,0.0
2106,SHW,0.4525749542165072,0.6802020974657674,0.622867855042854,0.0
2107,SHW,0.4543175790594347,0.6846154381737486,0.6326097638749021,0.0
2108,SHW,0.45585131875973284,0.6807926363041517,0.6394241998199481,0.0
2109,SHW,0.45852391741659515,0.6997105355529489,0.6497209767114182,0.0
2110,SHW,0.46088461751500165,0.7065528737383846,0.6597108491205534,0.0
2111,SHW,0.4618231708027496,0.6850082856300499,0.6621847747246155,0.09940850755537155
2112,SHW,0.4625757312837824,0.6628923255701581,0.6584996038319011,0.06564996895052784
2113,SHW,0.46324817138350216,0.6427464742599812,0.6503917374724558,0.040419167874146136
2114,SHW,0.4642239249790856,0.6322172784649283,0.6412087202381676,0.07573483750776236
2115,SHW,0.46435286422207067,0.6252452142098622,0.6320766302799093,0.0526692196232664
2116,SHW,0.4651582449486473,0.6175956551913385,0.62281176305104,0.08560701718070793
2117,SHW,0.4659136731717215,0.6058197981317484,0.6123838518342122,0.22130925274270336
2118,SHW,0.4664042653824063,0.5977004675445609,0.6019620103057591,0.0
2119,SHW,0.4669678260842369,0.5909025097636325,0.5918834528394207,0.0
2120,SHW,0.4673512631051031,0.5839909969274313,0.5820504390473993,0.0
2121,SHW,0.46714809668021906,0.5782955683886423,0.572725322148159,0.0
2122,SHW,0.4666401846349433,0.5736178176160659,0.5640671690897155,0.0
2123,SHW,0.4659734639515669,0.5697907004298127,0.5561604502889912,0.0
2124,SHW,0.46523520864806467,0.5666736479301233,0.5490367397528848,0.0
2125,SHW,0.46562436648246885,0.5872108498292589,0.5485977331810801,0.0
2126,SHW,0.4659076504942774,0.6031597332294237,0.5523313355210833,0.0
2127,SHW,0.4656258014013852,0.6035960361523987,0.555429962739129,0.06421186089836473
2128,SHW,0.46603641944717733,0.611745758506155,0.5599961609689001,0.08490995653073898
2129,SHW,0.46535682710799087,0.618529306800977,0.5653865132571598,0.06364883046988201
2130,SHW,0.46484176422044254,0.6201554389496235,0.5701152779717777,0.0680795901469675
2131,SHW,0.46561722472196165,0.6219076704746351,0.5743470690383147,0.04264024011591803
2132,SHW,0.4668390714525821,0.6278945965740177,0.5792658657391888,0.053723866694266195
2133,SHW,0.46794359749405245,0.6277655932305679,0.5831678629287239,0.10575760712067894
2134,SHW,0.4687362228812748,0.6267095815334012,0.586018996316462,0.0
2135,SHW,0.46957462700224983,0.6281587452287266,0.5886710609769671,0.0
2136,SHW,0.47048325761984966,0.6285103681228837,0.5908827699108475,0.0
2137,SHW,0.4721800967430507,0.6390024878426909,0.5953393653277597,0.0
2138,SHW,0.473107351476457,0.6322087745465625,0.5971646445097262,0.10817532601945766
2139,SHW,0.4738257168756492,0.6217830991189667,0.5959546572125456,0.0974415234941006
2140,SHW,0.4744395013463256,0.609538129623322,0.5918505014645408,0.05583833574829228
2141,SHW,0.47487730041704324,0.5957729662634417,0.5850416608496392,0.059782136203684534
2142,SHW,0.47524642737019707,0.5831688411230972,0.576366435963556,0.06287311115711032
2143,SHW,0.4757672110712827,0.5761250552650421,0.5676222106387279,0.05150124197888636
2144,SHW,0.47617640258132643,0.5681328994897286,0.5585798896738727,0.1081830883874974
2145,SHW,0.47547248473380166,0.5620641312117253,0.5497917077403365,0.0
2146,SHW,0.4747485367036235,0.5570447152553166,0.5414755958049995,0.0
2147,SHW,0.47491306615526185,0.5597531260819031,0.5355163809701166,0.0
2148,SHW,0.47478859357594305,0.5642707856916752,0.5319060662976053,0.0
2149,SHW,0.47461547242503865,0.5677545687414434,0.5299100766140924,0.0
2150,SHW,0.474149056362583,0.5613743902974312,0.5266792017326032,0.0
2151,SHW,0.47349378079926807,0.5536604223994757,0.5221188102454104,0.0
2152,SHW,0.4726324801507933,0.5487940984814107,0.5172241404040083,0.11520078658662802
2153,SHW,0.471888500191469,0.5434631840583003,0.5119430575538917,0.07797143448561374
2154,SHW,0.4709957221444876,0.5362484918326285,0.5058703735377705,0.0664577727178638
2155,SHW,0.4698168042198114,0.5280500838542096,0.49891246056968175,0.07193438211550403
2156,SHW,0.4681972198316753,0.512969614387042,0.4894837396624719,0.09601997516042227
2157,SHW,0.4659423935558642,0.4996932305235453,0.4785404324990464,0.15301231629062303
2158,SHW,0.4641053358188192,0.4844109321966451,0.4658717040864095,0.24061684951355825
2159,SHW,0.46263455091553474,0.47651145544761114,0.45371351748486305,0.0
2160,SHW,0.46137121623596355,0.4721448298709421,0.4428685936514238,0.0
2161,SHW,0.46040404805226975,0.47217628897911346,0.4342007118511808,0.0
2162,SHW,0.46009501164707567,0.48525276589324,0.43061553693670784,0.0
2163,SHW,0.4596343184939493,0.4963426652902777,0.43058772784054533,0.0
2164,SHW,0.4595599171796796,0.511369017063493,0.43441401054186474,0.0
2165,SHW,0.4534077896504993,0.3996553325786861,0.4088630708572356,0.0
2166,SHW,0.4497651578622921,0.3650508535936136,0.37955946425522613,0.0
2167,SHW,0.4452469209466756,0.32885663028204487,0.3468465608377246,0.0
2168,SHW,0.4428576045551287,0.34907561139086457,0.3258546976593991,0.7420994618091492
2169,SHW,0.44016783891677114,0.36116736293242824,0.3121581310407615,0.21386307182777892
2170,SHW,0.4379788253996515,0.3741289974525541,0.30452059498465145,0.1299415234941006
2171,SHW,0.43583988629126913,0.384727046612532,0.3011249249221686,0.142157420823846
2172,SHW,0.4340858131845917,0.40400574755323093,0.3033460250750189,0.16884702960049677
2173,SHW,0.4331701441988898,0.43639231756987046,0.3134177120461502,0.17230542330780377
2174,SHW,0.43305855200784804,0.47639677297157124,0.3317209515237177,0.2651179879942041
2175,SHW,0.43305843615246653,0.5081558594908109,0.3544976396846221,0.0
2176,SHW,0.43350482412806124,0.5337415366228591,0.3792719610836281,0.0
2177,SHW,0.4329325331951144,0.5312512351132803,0.3984536053684777,0.0
2178,SHW,0.433750912722215,0.552507553318924,0.41924306180119186,0.0
2179,SHW,0.43441190874976865,0.5692397239565974,0.4401600490692554,0.0
2180,SHW,0.43464082512294766,0.574276024331944,0.4581835296879758,0.0
2181,SHW,0.4359427869954018,0.6024608270423211,0.47982096976875327,0.0
2182,SHW,0.43568811648234473,0.6042675005975825,0.49759364475130446,0.13566394121299938
2183,SHW,0.43586266416899755,0.613951595537816,0.5142920627351051,0.10523959842682673
2184,SHW,0.4356637916726036,0.6188975607640029,0.5289175514036665,0.0765581660111778
2185,SHW,0.4414153172952142,0.6197823530491376,0.5408445542058042,0.07747774787828607
2186,SHW,0.4441337023704004,0.6088414241346319,0.547583979741361,0.07688936038087352
2187,SHW,0.4471067544656575,0.5936182591712865,0.5490765826492765,0.09135375698613123
2188,SHW,0.44802527896794664,0.5852228210979831,0.5481204361247684,0.20130200786586627
2189,SHW,0.44924139545396535,0.5782922868868274,0.5455804793560106,0.0
2190,SHW,0.4503974238371158,0.5726468981259497,0.5421026241992352,0.0
2191,SHW,0.45163500472610707,0.5680727246182694,0.5381488086112409,0.0
2192,SHW,0.45243335127616535,0.5643899496537803,0.5340425285319161,0.0
2193,SHW,0.4524734140865623,0.5614475328067643,0.5300038964327098,0.0
2194,SHW,0.4518667853483398,0.5591187004318126,0.526176533187025,0.0
2195,SHW,0.4512860245095853,0.5572971360321253,0.5226481058485377,0.0
2196,SHW,0.4506994263033146,0.5558937623754474,0.519465933713508,0.0
2197,SHW,0.45098557176978815,0.5498586300292878,0.5153744856356325,0.0
2198,SHW,0.4511286455509209,0.5651989281917892,0.5160302646988668,0.09335334299316911
2199,SHW,0.4507480682382261,0.566439578969147,0.5168726418381734,0.04770233906023597
2200,SHW,0.45101132241668007,0.5725408051606862,0.5191091817905304,0.04460463672117574
2201,SHW,0.4502759268213501,0.5811513012684094,0.5231037229916982,0.0491792589525978
2202,SHW,0.4506293210133274,0.5901371561670512,0.5286008016048808,0.051493997102049265
2203,SHW,0.4511043497329692,0.6080951567795003,0.5375978446210555,0.09797816187124818
2204,SHW,0.45213304303424007,0.6309160544055108,0.5506403381168777,0.17792951769819912
2205,SHW,0.45095984487520546,0.6006264695449279,0.5533166032181299,0.0
2206,SHW,0.45032173734128156,0.5764253096751544,0.5492592452174958,0.0
2207,SHW,0.44998122353758085,0.5572700800388546,0.5411073459265572,0.0
2208,SHW,0.4494489971615241,0.5422865077608222,0.5307482531450934,0.0
2209,SHW,0.45103138298831746,0.5739402351567876,0.5305680910550087,0.08848323328503414
2210,SHW,0.45302295473637555,0.6069446026614196,0.5388769977334641,0.051048954667770645
2211,SHW,0.4548485659561641,0.6288658241493698,0.5511385582584662,0.07410629269302421
2212,SHW,0.4563708636800887,0.6390441561448441,0.5635546680380552,0.057127406334092315
2213,SHW,0.4584683078535474,0.6578760424310127,0.5783107544672915,0.07517956944731939
2214,SHW,0.4601508463400996,0.6630206194427969,0.5914332460884504,0.08241720140757607
2215,SHW,0.4618104882991523,0.6654018504663375,0.6025411172264892,0.16250569240322912
2216,SHW,0.463464409095369,0.6659422703242533,0.611565825779042,0.0
2217,SHW,0.4653615535380884,0.6651513329458464,0.6185830187523462,0.0
2218,SHW,0.46598821106176924,0.6572973162534279,0.6221852124310517,0.0
2219,SHW,0.4672529778658676,0.6523694209389862,0.6238048411351569,0.0
2220,SHW,0.46826307101322007,0.6474488673928894,0.6238402982238908,0.0
2221,SHW,0.4690785873391632,0.6425901406287879,0.6226242530165768,0.0
2222,SHW,0.4697724866023747,0.6378352237567189,0.6204335936290664,0.0
2223,SHW,0.4698897810941247,0.6326890415338772,0.6173630325166873,0.07867677499482509
2224,SHW,0.4695406832757285,0.6275875571100996,0.6135999979674841,0.06253674187538812
2225,SHW,0.4712446756862929,0.6174574999185326,0.6079950730495058,0.04353239494928586
2226,SHW,0.47319904538002167,0.6139807641553571,0.6026206760026469,0.06066652866901262
2227,SHW,0.47488158212008025,0.6050740093976826,0.5960399717397457,0.06376733595528876
2228,SHW,0.4763981495994032,0.5941800202052407,0.5879852537647903,0.12591647691989236
2229,SHW,0.4755139611558963,0.5793364865267854,0.5777397725429485,0.15573794245497827
2230,SHW,0.4742463374380159,0.5680063109906863,0.5666415175129429,0.0
2231,SHW,0.473047384789804,0.5570409713456002,0.5549544847377214,0.0
2232,SHW,0.4722633423693814,0.5507594182467104,0.5439960351799902,0.0
2233,SHW,0.4711788531472385,0.5515555237287421,0.5354331730506269,0.0
2234,SHW,0.4705092696120028,0.5522684625127672,0.528765480315741,0.0
2235,SHW,0.46986258260426594,0.5529081175444025,0.5235951537555985,0.0
2236,SHW,0.4689354712928917,0.5476296624597682,0.5181069813490976,0.0
2237,SHW,0.46800835998151813,0.5436280693043101,0.5126915605080722,0.0
2238,SHW,0.46753049495671517,0.5438332643384508,0.5084117781246894,0.07954409025046574
2239,SHW,0.4665948024250348,0.5371472637654938,0.5032755423111763,0.06419271372386669
2240,SHW,0.466454593940852,0.5484348078581908,0.5020575050021938,0.08870057959014696
2241,SHW,0.4663573055301471,0.558281073398005,0.5036048880791087,0.0722096874353136
2242,SHW,0.4664345616624068,0.5695784400184792,0.5077362616157074,0.060814013661767745
2243,SHW,0.4669210037159319,0.5861570139087906,0.5152874435645907,0.06956116746015317
2244,SHW,0.4675333592057691,0.6011823202451161,0.525176651345989,0.1571920927344235
2245,SHW,0.4684275676307841,0.6128876269347249,0.5360859657344046,0.0
2246,SHW,0.4690570914993111,0.6211560491071285,0.5469311149460546,0.0
2247,SHW,0.46970950176567583,0.6218377367213619,0.5557818272743825,0.0
2248,SHW,0.4705278812927769,0.6216600949765657,0.5628168997607984,0.0
2249,SHW,0.4716352618029387,0.6208112138962862,0.5682275434144537,0.0
2250,SHW,0.47298014549536416,0.6248312391007365,0.5735856620459922,0.0
2251,SHW,0.4744223186463903,0.6272349900277142,0.5784878025611713,0.0
2252,SHW,0.4757443107014978,0.6281694338892355,0.5826488435387794,0.0
2253,SHW,0.47585877133317833,0.6090356156180702,0.5810771472818603,0.10225212171393086
2254,SHW,0.4762107288597459,0.5983371451753539,0.5770797117235521,0.0518536534878907
2255,SHW,0.4769389683733236,0.5972084794701389,0.5735926908614916,0.057316808114262055
2256,SHW,0.4780577936542485,0.5980295805367295,0.5710133735257809,0.07602152763403022
2257,SHW,0.4797832546593688,0.6106418515820341,0.5721801583701234,0.08725522666114675
2258,SHW,0.48163461617675085,0.6256753436123692,0.5769639449773589,0.10003725936659076
2259,SHW,0.4834258808587977,0.6284449378066612,0.5815003191823391,0.14659542537776857
2260,SHW,0.48408115118263284,0.6228623303084356,0.583699608261167,0.0
2261,SHW,0.48503401453809336,0.6247306401826437,0.5859375486572553,0.0
2262,SHW,0.48581519480525404,0.6255082547274163,0.5879270626157707,0.0
2263,SHW,0.4862129411952363,0.6253639401446536,0.5894817121164084,0.0
2264,SHW,0.4864933609579909,0.6244404269814655,0.5904889027079163,0.0
2265,SHW,0.4864561620473493,0.616887948274965,0.5893603240040856,0.0
2266,SHW,0.48615284785288737,0.6045791080024802,0.5853049366291687,0.0
2267,SHW,0.4863903485900607,0.6003908544194541,0.5809879365836791,0.0
2268,SHW,0.4851484793613574,0.5663800819174512,0.5688235410373156,0.09218019043676257
2269,SHW,0.4837749769307007,0.536961039158409,0.5515572570333299,0.1038263299523908
2270,SHW,0.4822984701659827,0.517445530805858,0.5327459428161606,0.06992341130200785
2271,SHW,0.48085629946004693,0.5033359098607513,0.5140831533902006,0.059953425791761536
2272,SHW,0.479499969250365,0.49450043914555547,0.4968899924017148,0.07344235148002483
2273,SHW,0.4794913852356697,0.49680497967378445,0.4837256995805637,0.10067118608983647
2274,SHW,0.4788618704489078,0.49148013794364886,0.47183047367699793,0.2394436969571517
2275,SHW,0.4779174480354096,0.48933755927510514,0.461765538448654,0.0
2276,SHW,0.47683009875579674,0.4876698639111836,0.4532864622644848,0.0
2277,SHW,0.4752763250305603,0.4900486843363297,0.44711246175888664,0.0
2278,SHW,0.47344213433695903,0.4927025745930737,0.44285297232924825,0.0
2279,SHW,0.4720114097989807,0.49554173163803356,0.44017254205298256,0.0
2280,SHW,0.47092119557171674,0.4984936856590037,0.43878424851649933,0.0
2281,SHW,0.4694904682393488,0.5015003728774587,0.43844368256830824,0.0
2282,SHW,0.46918712543034036,0.5276360406403794,0.44486506357627603,0.0
2283,SHW,0.4676934457460502,0.52412491478393,0.4491029033235134,0.08932570896294763
2284,SHW,0.4664215329898611,0.5262537818803055,0.45303841783648546,0.10901521424135789
2285,SHW,0.46529412264634495,0.5251676531800691,0.45590865155470517,0.07827106189194784
2286,SHW,0.4648248402390427,0.5324329817893214,0.46006562519104277,0.07185831090871454
2287,SHW,0.46417242613039256,0.540656643249234,0.46549743774465346,0.08676257503622438
2288,SHW,0.4649707656944777,0.5467277198566489,0.47139780415556776,0.075795901469675
2289,SHW,0.4662813168211075,0.5594136165757019,0.47936719291050955,0.11253001448975367
2290,SHW,0.46741444902605744,0.5690011493850451,0.48819825054288535,0.0
2291,SHW,0.46851324517222515,0.5764031480334127,0.49715888706599043,0.0
2292,SHW,0.4697408099219935,0.5862229316112916,0.5068424266823887,0.0
2293,SHW,0.47059924352702476,0.5945471782147782,0.5167212537582432,0.0
2294,SHW,0.47184111100923465,0.600668299877592,0.5261920492624697,0.0
2295,SHW,0.47303304994982964,0.6052277063113877,0.5349364350043672,0.0
2296,SHW,0.47528214912472744,0.6291154859249855,0.548050051129523,0.0824415234941006
2297,SHW,0.47695323480664764,0.638080616154179,0.5608370817060904,0.1212647484992755
2298,SHW,0.47863004898667527,0.644324929478304,0.5726659917014626,0.0785505071413786
2299,SHW,0.48040415157740846,0.6502393420776897,0.5836439114806232,0.05354584972055475
2300,SHW,0.482461535385561,0.6596325619692636,0.5948320267566496,0.06546418960877665
2301,SHW,0.48438729472422626,0.6631569684631183,0.6046851854564569,0.0709837507762368
2302,SHW,0.4846419889616489,0.6536726333318994,0.6101385966450799,0.22047816187124816
2303,SHW,0.4860956082806327,0.6453430488418238,0.6123679630805632,0.0
2304,SHW,0.487141466118308,0.6339741798139575,0.6112396760488448,0.0
2305,SHW,0.48836902737509,0.6248022521743745,0.6079879440590366,0.0
2306,SHW,0.4890700876102354,0.6138269874780778,0.6025755877245635,0.0
2307,SHW,0.48966241117092646,0.6046076964785173,0.5958844696494324,0.0
2308,SHW,0.49028335102475773,0.596869231492067,0.5885496094443838,0.0
2309,SHW,0.49083274962178947,0.596700822380915,0.5826385885544072,0.0
2310,SHW,0.49129630527747636,0.5940363853606823,0.5772273596440237,0.0
2311,SHW,0.49151663554016767,0.586578530915191,0.5709882803832641,0.109536327882426
2312,SHW,0.49147605751424006,0.5793028689611099,0.5641335837498466,0.056119850962533635
2313,SHW,0.49174789326229873,0.5807028593323835,0.5590083901846263,0.047652142413578964
2314,SHW,0.4923280549420672,0.5878638930855867,0.5567423101292072,0.06514748499275512
2315,SHW,0.4929847591369223,0.5949497217622394,0.5567442594537061,0.050765886979921335
2316,SHW,0.49285743104101654,0.6048958201853497,0.5592932009076619,0.054545125232871035
2317,SHW,0.49324659341630306,0.613779340757654,0.5636075899864299,0.10785344649140964
2318,SHW,0.49362144223089,0.619943853660674,0.5686379484018761,0.0
2319,SHW,0.49642566710373326,0.6757690176875754,0.5869601046730778,0.0
2320,SHW,0.49615955391570465,0.66116819247134,0.5978782850287712,0.0
2321,SHW,0.49652009685416254,0.6586952515712949,0.605979462856058,0.0
2322,SHW,0.49742145891583944,0.6556260061204393,0.6116743139025015,0.0
2323,SHW,0.4983142327712369,0.6521245476505888,0.6153334056791981,0.0
2324,SHW,0.49939586263450675,0.6483243634076722,0.6172873807775517,0.0
2325,SHW,0.5004488779511289,0.6443334416985994,0.6178284110975958,0.0
2326,SHW,0.5015419536330579,0.6380142686621987,0.6166427768458458,0.0
2327,SHW,0.5022143968764652,0.6235627980771439,0.6119929773001004,0.052004243427861724
2328,SHW,0.5026736631445445,0.6071482767244867,0.6040690714698108,0.05552939350031049
2329,SHW,0.5028310441990009,0.5938898699059443,0.5943342206256597,0.04362088594493893
2330,SHW,0.502978413305819,0.5807969654706536,0.5831930020289285,0.03830314634651211
2331,SHW,0.5038082334120988,0.5792797843205553,0.573891448657794,0.04182105154212378
2332,SHW,0.5046385687339097,0.5767522119024446,0.565802847349155,0.05931639412129994
2333,SHW,0.5052394759599972,0.5772080912964694,0.5594487255489892,0.10431225419167874
2334,SHW,0.5052802499424762,0.5722111525095007,0.5530856185442085,0.0
2335,SHW,0.5052387585005391,0.5682670577062839,0.5469849764289215,0.0
2336,SHW,0.5050370235015849,0.5665976047106132,0.5416768845728046,0.0
2337,SHW,0.5047566002458435,0.5652074184083196,0.5370743583519925,0.0
2338,SHW,0.5044847620526931,0.5640518733763703,0.5330963806611787,0.0
2339,SHW,0.5016862593905822,0.5630933327018862,0.5296684982981773,0.0
2340,SHW,0.5018150248504956,0.5651682319430789,0.5274576129449827,0.0
2341,SHW,0.5014487586534095,0.5667279440915232,0.5260883761410217,0.0
2342,SHW,0.5008306865416186,0.5627152919947057,0.5239652713801257,0.0302882425998758
2343,SHW,0.5006446881461257,0.5683720282291129,0.5237155836135708,0.04771527634030221
2344,SHW,0.5004973221829958,0.5734917792001802,0.5248270974643326,0.03899503208445456
2345,SHW,0.5004229247110112,0.5788348504464437,0.5270847691119188,0.04932984889256882
2346,SHW,0.5001696849252861,0.5769166511181074,0.5283996196738425,0.04701821569033326
2347,SHW,0.5002040209840684,0.5724921704352637,0.5283183077954565,0.0406391016352722
2348,SHW,0.500214037123291,0.5640180649364713,0.5260828812416073,0.13387031670461602
2349,SHW,0.500205451711401,0.5570917798675248,0.5225205887342391,0.0
2350,SHW,0.5004901622589579,0.5553789662958629,0.519232071109248,0.0
2351,SHW,0.5001668213748296,0.5506291470761473,0.5153847393917901,0.0
2352,SHW,0.49963459499877283,0.5416224129677333,0.5100000808090998,0.0
2353,SHW,0.49897359966981614,0.5347682621667743,0.5039368776150238,0.0
2354,SHW,0.4985644116527592,0.5296787182397596,0.4977827875852067,0.0
2355,SHW,0.4981495007263723,0.526029701566426,0.4919249340827344,0.0
2356,SHW,0.4964011519262197,0.49779590730572415,0.48000744804180906,0.0
2357,SHW,0.49467569266759237,0.47684549733877063,0.46510766703068007,0.08847495342579176
2358,SHW,0.49373141367612616,0.4773518229480234,0.4533175216885812,0.06404781618712481
2359,SHW,0.4926426298268958,0.47572735455759896,0.44346934865051757,0.052649554957565715
2360,SHW,0.4912628337328906,0.47232317965123255,0.4347189373013381,0.041876940592009936
2361,SHW,0.48946612348465424,0.4621198184394923,0.4251053364115817,0.0467962119643966
2362,SHW,0.4878865949209419,0.4545258769418512,0.4154695051257564,0.05766249223763196
2363,SHW,0.48640150798381376,0.46054158963259045,0.40930157672966416,0.07686917822397019
2364,SHW,0.48489781460539194,0.4667908126696616,0.40596777701630277,0.0
2365,SHW,0.4832610621878648,0.47151290165917936,0.4045101526320226,0.0
2366,SHW,0.48191188736133816,0.4762139200809136,0.404548071944163,0.0
2367,SHW,0.4804096236623523,0.4749914528086162,0.4042653106411923,0.0
2368,SHW,0.47914485685825414,0.4749954137471696,0.40404011606932694,0.0
2369,SHW,0.4782377757295331,0.48304282586165237,0.40592105329967193,0.0
2370,SHW,0.4760716545483288,0.4681504241043668,0.40361158021228516,0.0
2371,SHW,0.4755623198095902,0.4879600722821282,0.40683762347180874,0.04686762575036224
2372,SHW,0.4754407114793253,0.5068406125066126,0.4142541178693837,0.05812254191678741
2373,SHW,0.47540351117148916,0.5239584939169897,0.42457152325862374,0.044417822397019247
2374,SHW,0.4754635992743581,0.5397637810632824,0.43687347747876404,0.04536534878907058
2375,SHW,0.47606879414156,0.5635211575766937,0.45279974971144654,0.0681401366176775
2376,SHW,0.4778600605701,0.5805946889293508,0.4699136184887698,0.05549886151935417
2377,SHW,0.4795511813248543,0.5921493111203704,0.4865640685530646,0.08655195611674601
2378,SHW,0.48044395413235574,0.6004774971107959,0.5020174329379755,0.0
2379,SHW,0.4814840932522857,0.606592657251705,0.5159463314320893,0.0
2380,SHW,0.4833274450019778,0.6241915051363355,0.5315968446161756,0.0
2381,SHW,0.48560487963388943,0.63759242949019,0.5475494827520462,0.0
2382,SHW,0.48725021955909864,0.6335620284438838,0.5592793321047962,0.0
2383,SHW,0.4883690441414259,0.6295589691818856,0.5676379531738416,0.0
2384,SHW,0.4895622707366205,0.6275545739578621,0.573811486890484,0.0
2385,SHW,0.4910445042529532,0.6298900258585235,0.5793484668145679,0.0
2386,SHW,0.4925896880254168,0.6322040176806862,0.5843707073767745,0.05384599461809149
2387,SHW,0.49442674576246204,0.633304294913531,0.5886703014227556,0.057439453529289995
2388,SHW,0.49625664287687177,0.6331774569510404,0.592077491082975,0.05252432208652452
2389,SHW,0.4980049937728168,0.6376516338079441,0.5959491632595509,0.03419530117987994
2390,SHW,0.500794912769531,0.6395041290192409,0.5995209597026203,0.04381184019871662
2391,SHW,0.5019194623569798,0.6364133780229232,0.6015867976689191,0.05131856758435106
2392,SHW,0.5029424271601426,0.6335822115741678,0.6025143533157828,0.09537155868350237
2393,SHW,0.5038495096860582,0.6298746547961815,0.6023068231379991,0.0
2394,SHW,0.504659303801269,0.6261665575523571,0.6011910858770788,0.0
2395,SHW,0.5049239911521459,0.6225002943850823,0.599359497439776,0.0
2396,SHW,0.5052616469941689,0.6189085879805465,0.5969743234439865,0.0
2397,SHW,0.5056679746044572,0.6152406239845805,0.5941267500047214,0.0
2398,SHW,0.5060914698948378,0.61173031630856,0.5909496357454963,0.0
2399,SHW,0.506228819718745,0.602588661538245,0.586066595422202,0.0
2400,SHW,0.5058868758863091,0.5984753413582429,0.5811066648652574,0.30031308217760294
2401,SHW,0.5056136034728405,0.5965631151626689,0.5766489634946723,0.05076536948871869
2402,SHW,0.5059154900836578,0.5927682809413198,0.5721108743158748,0.053629165804181325
2403,SHW,0.5061372563131616,0.5877757224633827,0.5672017152873299,0.044025046574208235
2404,SHW,0.5063003627220382,0.5842722929879067,0.5623770941925985,0.03949958600703788
2405,SHW,0.5057838701550537,0.5720246259505058,0.555380540515612,0.06076588697992134
2406,SHW,0.5048224255792866,0.5544705736542674,0.5452873761739759,0.10002483957772718
2407,SHW,0.5035576587751884,0.5346857974998733,0.5321455931620157,0.0
2408,SHW,0.5006861921628152,0.4864531598217734,0.5092788853415139,0.0
2409,SHW,0.4994729332891754,0.48883005153564524,0.4915942855477872,0.0
2410,SHW,0.49712940122016014,0.46761442766301586,0.47201288728844304,0.0
2411,SHW,0.4963940052755311,0.48130532600721243,0.45985426403672836,0.0
2412,SHW,0.49537246770671417,0.48753646259495154,0.4517232761606217,0.0
2413,SHW,0.4952394100648039,0.5107681252249712,0.4511685495495522,0.0
2414,SHW,0.49456267254360764,0.5184020532743451,0.45267996013915274,0.06113330573380252
2415,SHW,0.49416492859871597,0.5305571829461007,0.45700224486041896,0.04421651831918857
2416,SHW,0.4934066473041454,0.5330337711679131,0.46109437324208136,0.0302287311115711
2417,SHW,0.49278284634494773,0.5378497352493359,0.4656015345021728,0.03242910370523701
2418,SHW,0.4924165832915497,0.5471365342255015,0.4715857865743377,0.034038501345477125
2419,SHW,0.4924566447047518,0.557069005688833,0.4789170801069342,0.06814789898571724
2420,SHW,0.49222629970003284,0.5628870981520583,0.4862722373259173,0.10858724901676671
2421,SHW,0.4918929437245778,0.5670542602246033,0.4932236513159984,0.0
2422,SHW,0.4916511476617196,0.5702317164342894,0.49959858852446104,0.0
2423,SHW,0.49148947198017523,0.572597551740483,0.5053044730009267,0.0
2424,SHW,0.49129202811532213,0.5743005406373237,0.510305347918059,0.0
2425,SHW,0.49154526685315125,0.5754647981433897,0.5146042359936454,0.0
2426,SHW,0.4921805073436314,0.5761937047591826,0.5182300330833483,0.0
2427,SHW,0.493038943743052,0.5750513326827535,0.5208380878814493,0.0
2428,SHW,0.4955856383946662,0.5754996479205918,0.5230393536446771,0.0
2429,SHW,0.49655853612436407,0.5828084518228283,0.5266722877533999,0.05641689091285448
2430,SHW,0.4987961957679785,0.5902579094923105,0.5314865806013098,0.09798333678327467
2431,SHW,0.4996961201163497,0.5976447850662348,0.5372299319943774,0.038070275305319805
2432,SHW,0.5011068200604536,0.6080595152738606,0.5444920204758594,0.04855878700062099
2433,SHW,0.5014809573536596,0.6119914678204031,0.5513087379132735,0.04800403643138066
2434,SHW,0.5022807377747385,0.612057973027305,0.5567791450916513,0.04925636514179259
2435,SHW,0.5031677904672995,0.6190021517474883,0.5629340049976882,0.08568981577313185
2436,SHW,0.5046528812467128,0.628621660267692,0.5703216291290679,0.0
2437,SHW,0.5057860211362335,0.6307450854913462,0.5767755773838795,0.0
2438,SHW,0.5066616231199543,0.6315955020015671,0.5821565435755571,0.0
2439,SHW,0.5076173479300798,0.63559477289041,0.5874856046687714,0.0
2440,SHW,0.50867036115091,0.6378596019599794,0.5923289186650302,0.0
2441,SHW,0.509740545195521,0.6387397278484135,0.5964289865777774,0.0
2442,SHW,0.510782114693485,0.6379396019469781,0.5995041136864829,0.0
2443,SHW,0.511709226004859,0.6340761363354481,0.6009747095073321,0.0
2444,SHW,0.5134547091587633,0.6469386594484627,0.6054455191161123,0.07499637756158145
2445,SHW,0.5152803214264479,0.6576574816998524,0.6117674578350909,0.048376112606085694
2446,SHW,0.5172890622517936,0.6686815756834315,0.6196484856474438,0.041619229973090456
2447,SHW,0.519669794628645,0.6821607167032405,0.6294055682382731,0.033659180293935
2448,SHW,0.5225212359485465,0.7024728569564151,0.6424135536673947,0.06643345063133926
2449,SHW,0.5248103996803348,0.7123955229114376,0.6553613225113223,0.06383874974125439
2450,SHW,0.5270366110601998,0.7191283463143758,0.6674439396965397,0.09100703788035602
2451,SHW,0.529175551565777,0.7226999303916568,0.6780247829859666,0.0
2452,SHW,0.5310669703047775,0.7236370258339186,0.6867294653024376,0.0
2453,SHW,0.5331379460225874,0.7224993840784619,0.6934018398057044,0.0
2454,SHW,0.5352353919425394,0.7178761110923504,0.6975556326501894,0.0
2455,SHW,0.5369665720147043,0.7124477067761055,0.6994883509621668,0.0
2456,SHW,0.5384602513496957,0.7064503637176363,0.6994984937858796,0.0
2457,SHW,0.5400941419632597,0.6983195953557131,0.6974241660616373,0.0
2458,SHW,0.5418768282193895,0.6934097899966267,0.6945072108195898,0.0
2459,SHW,0.5436309013260667,0.6916063183385828,0.6917117437738384,0.06889256882632995
2460,SHW,0.5452547733553168,0.6860231318284247,0.6880454115562861,0.05058838749741254
2461,SHW,0.5469444619855441,0.6815520027816037,0.6839672059350602,0.0484263092527427
2462,SHW,0.5489188622112247,0.6818954822788844,0.6807926129671739,0.03276133305733802
2463,SHW,0.5507187196404337,0.6748566267810012,0.6764501559344382,0.030969778513765263
2464,SHW,0.5517860453740677,0.6697818725110433,0.6716764507417239,0.04384599461809149
2465,SHW,0.5530107476212756,0.6694062518475186,0.6677612831041094,0.12453736286483129
2466,SHW,0.5543069869336992,0.6730675947868803,0.6655668874601106,0.0
2467,SHW,0.5550824390520506,0.6700749692332592,0.6630449035195105,0.0
2468,SHW,0.5553127844060681,0.6664688800491297,0.6601037294219876,0.0
2469,SHW,0.5549522379746239,0.6459751852005569,0.6525019712569778,0.0
2470,SHW,0.5553499784265283,0.6451460040695124,0.6462081959152692,0.0
2471,SHW,0.5557591664435857,0.6438702162437561,0.6408464224973327,0.0
2472,SHW,0.5562570553636657,0.64372232717605,0.6365191266043017,0.10914510453322293
2473,SHW,0.5566776881514857,0.6410649802257998,0.6323766935911214,0.06203374042641275
2474,SHW,0.5575246815266366,0.6449007338006716,0.6300451554753427,0.0733533429931691
2475,SHW,0.5581456175381827,0.6423071605627072,0.6275156623255069,0.05107845166632167
2476,SHW,0.5586759280110611,0.6374763213660224,0.6242547994554001,0.05562202442558476
2477,SHW,0.559544380549704,0.6379625588366196,0.6217706436777649,0.055486441730490575
2478,SHW,0.5600937805439306,0.6339652451253739,0.618759532185605,0.1132488097702339
2479,SHW,0.5604886598904695,0.630393237955543,0.6154357850887019,0.0
2480,SHW,0.5610137403144349,0.6267854307675724,0.6118527604531924,0.0
2481,SHW,0.5607690862898986,0.6087913145390667,0.6043777107338095,0.0
2482,SHW,0.5602683352165567,0.5941303099224083,0.5946427132260453,0.0
2483,SHW,0.5611868597188461,0.6053687425048814,0.5897330881845398,0.0
2484,SHW,0.5621769240807402,0.6168691081460129,0.5887508470756778,0.0
2485,SHW,0.5631183363780621,0.6290874581817484,0.591094402356857,0.088719726764645
2486,SHW,0.5634617137322195,0.6308419158710823,0.5934185960389989,0.05640240115918029
2487,SHW,0.5641985414520767,0.6348849346286142,0.596313443772704,0.06112036845373628
2488,SHW,0.5650913135609807,0.6403821338674611,0.6000372575907786,0.05404108880149037
2489,SHW,0.5669898918747207,0.6478927469493792,0.604939917252107,0.0580764851997516
2490,SHW,0.5683776963392209,0.6585339974855627,0.6115874684447391,0.06915027944524943
2491,SHW,0.5700316132931524,0.6715360544454826,0.6202355795811728,0.1470332229352101
2492,SHW,0.5715653571850345,0.6798009652282786,0.6292708668586267,0.0
2493,SHW,0.5733108455784188,0.687655145724945,0.6385106993338621,0.0
2494,SHW,0.5747215399337435,0.6923469225176262,0.6471042171794137,0.0
2495,SHW,0.5763039240140435,0.693395418183429,0.6542475708234144,0.0
2496,SHW,0.577976933633011,0.6926896895108112,0.6597815034145131,0.0
2497,SHW,0.5793976448261555,0.69061761104225,0.6636779514028605,0.0
2498,SHW,0.5809027692812092,0.6857426226601765,0.6655465340104616,0.0
2499,SHW,0.5823935871615358,0.6806002671183298,0.6657243465788092,0.0
2500,SHW,0.5837069948526494,0.6715608593087173,0.6635514350782434,0.0
2501,SHW,0.5860619716924276,0.6701073396683687,0.6614408322884139,0.1538868764231008
2502,SHW,0.5890293040220431,0.6802331052924024,0.6623457481843835,0.06362554336576277
2503,SHW,0.5905258479553874,0.6798236299689412,0.6629648066055567,0.04752276961291658
2504,SHW,0.5921110927917543,0.68316412276038,0.6643156160794792,0.03544762989029186
2505,SHW,0.5931884346646112,0.677844225374147,0.6640337383510024,0.04940747257296626
2506,SHW,0.594687834114543,0.6739358870623284,0.6628072375635574,0.04294814738149451
2507,SHW,0.5961285775861329,0.6718512735636017,0.6612921283931921,0.09709635686193334
2508,SHW,0.5974248182957516,0.669170397490166,0.6593934185092379,0.0
2509,SHW,0.5983819717374173,0.6630092307977892,0.6562964604768287,0.0
2510,SHW,0.5994779099219067,0.6656056922939662,0.6544838964451098,0.0
2511,SHW,0.6000988494264394,0.6625076683442213,0.6522403832920578,0.0
2512,SHW,0.6007512610899988,0.6589052391162789,0.6495229232078662,0.0
2513,SHW,0.6012405698376686,0.654363333436851,0.6461856880727994,0.0
2514,SHW,0.6011862021990386,0.6386010021185621,0.6394788718476707,0.0
2515,SHW,0.6026169295314061,0.6546158581682261,0.6382151232955409,0.0
2516,SHW,0.6037958474560825,0.6609268181415906,0.6388204794424325,0.1421910577520182
2517,SHW,0.6048774769700538,0.6627239792385738,0.6397650509592394,0.07826847443593458
2518,SHW,0.6056901325399289,0.655696179383007,0.6387207570712142,0.06938159801283378
2519,SHW,0.6065686015670932,0.6505558408429211,0.6365687850349692,0.06883926723245705
2520,SHW,0.6077389372235669,0.6478308368492317,0.6341492828718719,0.058060960463672116
2521,SHW,0.6085372855201188,0.6439855370970762,0.6312288278919244,0.07473607948664872
2522,SHW,0.6089979755295571,0.6456279321489772,0.6293131120259371,0.1318308838749741
2523,SHW,0.6097991796919948,0.6459318752236622,0.6278583848443041,0.0
2524,SHW,0.6103543029448497,0.6451837027028441,0.6265029821108344,0.0
2525,SHW,0.6132200480450885,0.684359444976355,0.6354523008793124,0.0
2526,SHW,0.61600710488854,0.7136284647651263,0.6501080997699149,0.0
2527,SHW,0.6167682476377758,0.6956429808380028,0.6572263197654,0.0
2528,SHW,0.6177153891318028,0.6840378259844196,0.659948598358512,0.0
2529,SHW,0.6190030472239201,0.677680896471325,0.6604982925847444,0.10586990271165389
2530,SHW,0.6199501918616352,0.6729912255033164,0.659736935441486,0.12168702132063754
2531,SHW,0.6214925201175114,0.6762756305021105,0.6599690473302193,0.13809356240943904
2532,SHW,0.622614214188373,0.6689122681004454,0.6582688418900419,0.10176309252742703
2533,SHW,0.6237988588646639,0.6625974425608037,0.6552913325054185,0.056816394121299935
2534,SHW,0.6258934457750418,0.6639660548039581,0.6532598522132326,0.06474332436348582
2535,SHW,0.6265315533089659,0.6633197221038998,0.6514691300758304,0.1486038087352515
2536,SHW,0.6273556536496041,0.6602825320696859,0.649258671142793,0.0
2537,SHW,0.6279021918398673,0.6490851624527739,0.6446224480258249,0.0
2538,SHW,0.6288035476141682,0.6392900550627071,0.6384047591679661,0.0
2539,SHW,0.6300826154042141,0.6398950564761213,0.6335855602691128,0.0
2540,SHW,0.6312472267541638,0.6394515515283504,0.6296166112306167,0.0
2541,SHW,0.6324461741628957,0.6381916214252183,0.6261187603148664,0.0
2542,SHW,0.6331472309050545,0.6317407446087993,0.62166828927096,0.0
2543,SHW,0.6369987488837878,0.690308040717459,0.6331080933327685,0.0
2544,SHW,0.6379001050073871,0.67435343924232,0.6381736644787268,0.06998137031670461
2545,SHW,0.6368714089117269,0.6618016588681999,0.6390113754758411,0.06542279031256468
2546,SHW,0.6358040891161703,0.6500103979655819,0.6366615816272451,0.057904678120471946
2547,SHW,0.6366854185501034,0.6404418271062088,0.6323310564302956,0.053697474642931065
2548,SHW,0.6375324126238517,0.6353578271148602,0.6275645287038849,0.05170565100393293
2549,SHW,0.6384967214486723,0.6370646181722383,0.6241884476632049,0.08901987166218174
2550,SHW,0.6393751813940716,0.6373994120207628,0.621573329802516,0.1165529910991513
2551,SHW,0.6358326963275456,0.5545909178836294,0.5982724300134492,0.0
2552,SHW,0.6334905918421749,0.5057176135046311,0.5671143420360594,0.0
2553,SHW,0.6312958536692321,0.4717550537226659,0.5334894243243061,0.0
2554,SHW,0.6316907323171741,0.5066104961243418,0.5155166214381673,0.0
2555,SHW,0.6321113630092021,0.5345202946329218,0.5082866009909749,0.0
2556,SHW,0.6326693466688251,0.5581336401074857,0.5085504044445213,0.0
2557,SHW,0.6336021808895285,0.5766483695821907,0.5135034160164205,0.0
2558,SHW,0.6343060969905603,0.5862747034533999,0.5199313095806511,0.08215379838542744
2559,SHW,0.6347676455761175,0.5977422165095302,0.528010669194368,0.05029962740633409
2560,SHW,0.6351854183064674,0.6053941197596776,0.5364339525492064,0.03754605671703581
2561,SHW,0.635295581167372,0.6045723834682816,0.5429621171861757,0.030438315048644173
2562,SHW,0.6355116168029751,0.6010136843602313,0.5472731994363211,0.042132581246118815
2563,SHW,0.6317459386218989,0.5807469803571942,0.5455313829541933,0.061200579590146964
2564,SHW,0.6312022639820924,0.570185857585162,0.5414330285252906,0.10518112192092734
2565,SHW,0.6316729764181295,0.5837971798395539,0.5416404594116878,0.0
2566,SHW,0.6321823125540627,0.5941831043442511,0.5444664338080788,0.0
2567,SHW,0.6317845689584702,0.5840707658134584,0.5441372541272887,0.0
2568,SHW,0.6310205570699994,0.5717107415746917,0.5407082767988899,0.0
2569,SHW,0.6299360636562727,0.5618864822259416,0.5354489182095513,0.0
2570,SHW,0.628857298740654,0.5541608906326045,0.5292627627100994,0.0
2571,SHW,0.6317960126813367,0.5481675953330307,0.5227788431914946,0.0
2572,SHW,0.6341466976884167,0.5475215929427641,0.5174262542714784,0.0
2573,SHW,0.6368507744423835,0.5580965552422097,0.5158526289407085,0.09003725936659077
2574,SHW,0.6363228392004274,0.560747935903387,0.5152727968965293,0.05629942040985303
2575,SHW,0.6363400107228052,0.573960409559915,0.5181928930984575,0.05741202649554957
2576,SHW,0.6362427170726204,0.5832677922044972,0.5229127649868939,0.036410163527220034
2577,SHW,0.635992343282443,0.5871563029179226,0.5276845828831912,0.046364624301386874
2578,SHW,0.6362799208734435,0.5962079577494425,0.533820335447044,0.06418495135582694
2579,SHW,0.6362103929741496,0.5998070582161292,0.5396507345018051,0.09543314013661768
2580,SHW,0.636144579167562,0.6013466954361786,0.5447093836592496,0.0
2581,SHW,0.6367125810621999,0.6087476337635993,0.5506518218343661,0.0
2582,SHW,0.6373979036459876,0.6139835371981699,0.55674678525871,0.0
2583,SHW,0.6396555952187488,0.6326238376058473,0.5663968858738344,0.0
2584,SHW,0.6415784931027495,0.6451056665588562,0.5773137964171684,0.0
2585,SHW,0.6424254836835108,0.6539079882009957,0.5883017642014023,0.0
2586,SHW,0.6431351244403654,0.6569175594258402,0.5978629459578091,0.0
2587,SHW,0.6437388913746245,0.6381453444795626,0.6007039757045463,0.0
2588,SHW,0.6459479343757999,0.6512218818197705,0.606325945503908,0.0
2589,SHW,0.6495347684966424,0.6886045998451815,0.6203979352237969,0.2229797143448561
2590,SHW,0.6525564635747068,0.7048599410008036,0.6358188241651316,0.0890100393293314
2591,SHW,0.6556983435909751,0.7183962661908676,0.6516224415956202,0.07941833988822189
2592,SHW,0.6586341936319022,0.7268967621830912,0.666442471690542,0.05568101842268681
2593,SHW,0.6610707177380413,0.7323793891760383,0.6797026991726268,0.06060287725108673
2594,SHW,0.6636445948117757,0.7318646177753835,0.6901790385662094,0.06403487890705857
2595,SHW,0.6658650776935326,0.7334173927941782,0.6989578048309055,0.11634651210929413
2596,SHW,0.6682114747101993,0.734348215532328,0.7062192189706457,0.0
2597,SHW,0.6706680300468877,0.7322055837419974,0.7114795821714623,0.0
2598,SHW,0.6727697688474341,0.7276208581677351,0.7145136386877586,0.0
2599,SHW,0.6751648050046226,0.7250383058439303,0.7162794439060076,0.0
2600,SHW,0.677599902924312,0.721127136294436,0.7166903643429743,0.0
2601,SHW,0.6796515659189271,0.7150489181448774,0.7154623552418911,0.0
2602,SHW,0.6815572947256405,0.7055275819268184,0.712041355518812,0.0
2603,SHW,0.6829257861176476,0.7005729526974243,0.7080355824454185,0.0761602152763403
2604,SHW,0.6844766983882193,0.6975259864882244,0.7040505789021672,0.05746429310701718
2605,SHW,0.685782953141268,0.6885597654090333,0.6985661590040185,0.06890809356240943
2606,SHW,0.6866013305725769,0.6672731811805013,0.6887267303856319,0.03314117160008279
2607,SHW,0.6886057827089116,0.65360990162791,0.6773557658247081,0.058174291037052364
2608,SHW,0.6887059353686706,0.6315584959648408,0.6626112163894717,0.07496636307182777
2609,SHW,0.6872337200873522,0.6094789760449343,0.645160598467318,0.12740167667149657
2610,SHW,0.6863323629158571,0.5917263094651214,0.6266533138935205,0.0
2611,SHW,0.6876314605392573,0.6249200587338559,0.6203490267999663,0.0
2612,SHW,0.6874654986137934,0.6199176022405072,0.6140243743725812,0.0
2613,SHW,0.68726376850502,0.6153084531120618,0.6077841630568874,0.0
2614,SHW,0.6841619499019542,0.5488968203222045,0.5857827316395416,0.0
2615,SHW,0.683438005015464,0.5495479952255444,0.5683483645882236,0.0
2616,SHW,0.6817383009446116,0.5319076400172174,0.5498828457557697,0.0
2617,SHW,0.679306065527483,0.502537260915994,0.5275881267966492,0.07581401366176775
2618,SHW,0.6770998864260629,0.4838617756887443,0.5049692102627612,0.05382995239080935
2619,SHW,0.6752485249086808,0.4802755001738083,0.4859555647421947,0.03792279031256468
2620,SHW,0.6737877491586455,0.4863570975887918,0.4723022592695321,0.05770492651624922
2621,SHW,0.672268313937282,0.48958347161386306,0.4622059496760479,0.05229352101014283
2622,SHW,0.6709892457979374,0.49483842469772515,0.4554747938572989,0.05021320637549161
2623,SHW,0.669666539077761,0.502969003567115,0.45217226265292715,0.09846356861933346
2624,SHW,0.6682272235391142,0.5100405226366115,0.4513413860999994,0.0
2625,SHW,0.6670354269726546,0.5162017354688097,0.45225468680017505,0.0
2626,SHW,0.6666405448317265,0.5250330408442905,0.45524718998655844,0.0
2627,SHW,0.6653228418149282,0.5177101032901159,0.4557656511446852,0.0
2628,SHW,0.665321409690401,0.5291006143713157,0.45909774318628366,0.05045021734630511
2629,SHW,0.6654058177128295,0.5361455874735923,0.46356776631099395,0.06059718484785758
2630,SHW,0.6660095811541016,0.5526709218627969,0.47137623229750447,0.0660944938936038
2631,SHW,0.6640351756889413,0.5604265911254078,0.4796093771688406,0.045444524943075965
2632,SHW,0.6636946632824354,0.569651973286463,0.4885586861339459,0.03587042020285655
2633,SHW,0.663451439286634,0.578752954988198,0.49804906508769253,0.053041295797971434
2634,SHW,0.6661154556752944,0.5829701048601699,0.5067214592767754,0.10415907679569447
2635,SHW,0.6663186189564907,0.5882295990125859,0.5150064295367441,0.0
2636,SHW,0.6674145560930842,0.5920215565522196,0.5226055970550106,0.0
2637,SHW,0.6692859463959246,0.5946205215030419,0.529350574645431,0.0
2638,SHW,0.6712059800308714,0.6009379114604071,0.5363645585456328,0.0
2639,SHW,0.6730573415482537,0.6141939875035657,0.5453708748905064,0.0
2640,SHW,0.6740917605532433,0.6152336100512114,0.5528421947623026,0.0
2641,SHW,0.6751533630282491,0.6135971069495737,0.5584001115805268,0.0
2642,SHW,0.676063303515843,0.6105264483172199,0.5620599918774843,0.0
2643,SHW,0.6746740641324263,0.5637836029541851,0.5530161784045028,0.21790364313806665
2644,SHW,0.6734765415129491,0.5310918458747798,0.5374081566574752,0.15223297453943282
2645,SHW,0.6728069604228037,0.5166591893643799,0.5212252657522211,0.09065359138894638
2646,SHW,0.6723262381349204,0.513213787840466,0.5073965212007844,0.07233647277996273
2647,SHW,0.672289037827084,0.5054797456791446,0.49435269258300085,0.08552680604429724
2648,SHW,0.6709827830740356,0.4907277086403424,0.48013935684910336,0.08461084661560753
2649,SHW,0.6697766809807457,0.47977665376382167,0.4659639181074047,0.1373028358517905
2650,SHW,0.668062673129556,0.47245517397573006,0.4527483990842487,0.0
2651,SHW,0.6666061944516992,0.46770960976752257,0.44096055603635886,0.0
2652,SHW,0.664995194776856,0.46503629354023174,0.430845595268501,0.0
2653,SHW,0.6634843470631746,0.4680558477084284,0.4235269910019047,0.0
2654,SHW,0.6619649125404083,0.4685941997214433,0.4178099896169609,0.0
2655,SHW,0.6603367448361739,0.47005062309820067,0.41360940579963423,0.0
2656,SHW,0.6586513480386453,0.47103905482757064,0.4105020946148318,0.0
2657,SHW,0.6565939649290902,0.4652108744068275,0.40652353955931986,0.12300196646657006
2658,SHW,0.6538813027632335,0.4529961359544502,0.4002122723407474,0.062219519768163936
2659,SHW,0.6510298642377212,0.45057986886601964,0.394544407332694,0.04425843510660318
2660,SHW,0.6481226280448438,0.4400637388626204,0.38731673757334983,0.050143862554336574
2661,SHW,0.6457361706628706,0.44202289614608103,0.38203637862104856,0.05942403229145104
2662,SHW,0.6429319485844174,0.43517879855836633,0.37605918994738907,0.08070482301800869
2663,SHW,0.6428217885179024,0.4425876728697685,0.3731749904116796,0.12930035189401778
2664,SHW,0.6421908416066135,0.4430503878276661,0.37098614074572506,0.0
2665,SHW,0.6409604167993748,0.44333383188166475,0.36930765634118434,0.0
2666,SHW,0.6394381208219435,0.4462832255784712,0.3687202637551342,0.0
2667,SHW,0.638330739263886,0.4528096001204784,0.3699218763784198,0.0
2668,SHW,0.6376783279496248,0.4591373756165418,0.37250382823578865,0.0
2669,SHW,0.6370345006500595,0.4652374421678205,0.3761317309570168,0.0
2670,SHW,0.6363735046225061,0.47108958784724925,0.3805328971930416,0.0
2671,SHW,0.635715370049617,0.4767393364540608,0.38550083656178963,0.0
2672,SHW,0.63565098487457,0.4942533576453473,0.3939608567414856,0.19792693024218586
2673,SHW,0.6354964638775835,0.5109124213835557,0.40499557096164085,0.04984475263920513
2674,SHW,0.6352847130887052,0.5204779096396471,0.4162732429434317,0.041073276754295174
2675,SHW,0.6352103152674218,0.5312253068012792,0.4280479901302463,0.03762264541502794
2676,SHW,0.6346695041780723,0.5292548732768136,0.43696312296811435,0.03906178844959635
2677,SHW,0.6345807997820627,0.529693380342006,0.444207539106535,0.05262471537983854
2678,SHW,0.6348068571456673,0.528092377141753,0.4495930251273517,0.10968847029600497
2679,SHW,0.6335903086470593,0.5036259064588784,0.4476350927965896,0.0
2680,SHW,0.6337763014537741,0.5039199108050013,0.4461440469487016,0.0
2681,SHW,0.6335302205441908,0.5047823214959195,0.4451720897924238,0.0
2682,SHW,0.6337619948790474,0.5061387707966511,0.44474193612567287,0.0
2683,SHW,0.6340080757886306,0.5194565702913254,0.44780875094836337,0.0
2684,SHW,0.6345832281762425,0.5304042871870708,0.45306611804173386,0.0
2685,SHW,0.6351812739476657,0.5383752984072169,0.45931353690502436,0.06939401780169736
2686,SHW,0.6358150851080082,0.5469962395841317,0.4665194564126875,0.057864313806665284
2687,SHW,0.6366019851408105,0.5599500004489989,0.4756018926671137,0.06427965224591181
2688,SHW,0.6373316525873312,0.5689217518932772,0.4851656751642279,0.053792175533015935
2689,SHW,0.6381385848985783,0.5774227391230552,0.49499396312758376,0.046882115504036426
2690,SHW,0.6388940131216525,0.5828239131412964,0.5042399352728165,0.051499689505278404
2691,SHW,0.6391086250158968,0.5757840475382789,0.5098336716237424,0.11147588490995652
2692,SHW,0.6387323461725751,0.5701400610870971,0.5128631301204777,0.0
2693,SHW,0.6382001180500247,0.5646004754242289,0.5138679053301013,0.0
2694,SHW,0.6378395779059562,0.5596740867965193,0.5134099851496179,0.0
2695,SHW,0.6373674378862753,0.556337877197179,0.5121891832739236,0.0
2696,SHW,0.6374189402279549,0.5537587474306226,0.5105519783595606,0.0
2697,SHW,0.6366864043407963,0.5374027879663266,0.5050531470302486,0.0
2698,SHW,0.6359595955545505,0.5226730242810074,0.49688151374990625,0.0
2699,SHW,0.63733781519382,0.5310428030157418,0.49248786413952966,0.0
2700,SHW,0.6377441455984978,0.536869760362297,0.4904653373067032,0.0454000206996481
2701,SHW,0.638204556169004,0.5427978751879674,0.49036561701995823,0.026746532808942246
2702,SHW,0.6389800107324461,0.5541345094357225,0.49318936504005473,0.02246274063340923
2703,SHW,0.6392446917959473,0.5642761764380135,0.49804583422460635,0.031735148002483955
2704,SHW,0.6391645742090228,0.5651714889698872,0.5021603158716622,0.045270647898985716
2705,SHW,0.6391645742090228,0.566509366345466,0.5057945566298853,0.052671807079279646
2706,SHW,0.6392232389198311,0.5708128395953023,0.50980414929557,0.07964862347340095
2707,SHW,0.6380786570539372,0.5554988884610084,0.5090896338697161,0.0
2708,SHW,0.6377810692617916,0.5597004459578743,0.5095941190559689,0.0
2709,SHW,0.637406216604919,0.5629886543007623,0.510839878915931,0.0
2710,SHW,0.6370828680362199,0.565523803239909,0.5124857859044998,0.0
2711,SHW,0.6372974743416859,0.5674400577865003,0.5142933001564893,0.0
2712,SHW,0.6375092219868761,0.5688495859053457,0.516100318095292,0.0
2713,SHW,0.6379298558225923,0.5731239496914491,0.5186406770268572,0.0
2714,SHW,0.639097328277908,0.5910667836399234,0.5252684598311785,0.10166062926930242
2715,SHW,0.6407169144125373,0.6145387623797001,0.536582299218811,0.050374663630718276
2716,SHW,0.6422592356824401,0.6307194074707743,0.54977753683392,0.04619385220451252
2717,SHW,0.6445283713273671,0.6430519803552883,0.5634923297040683,0.03299006416890913
2718,SHW,0.6467760439665164,0.649155959415053,0.5760275073021841,0.08023235354998964
2719,SHW,0.6487389994214339,0.6665828825505001,0.5905190106228226,0.10405971848478575
2720,SHW,0.6503356872820705,0.6704688905000901,0.6031074926602121,0.10175636514179258
2721,SHW,0.651898325159532,0.6726572932767243,0.6137387692075116,0.0
2722,SHW,0.6534864321491614,0.6801050715945276,0.6241513058928807,0.0
2723,SHW,0.6550158831604487,0.68456448285255,0.633623473943295,0.0
2724,SHW,0.657553992050874,0.7002702297248972,0.645223744164851,0.084404885116953
2725,SHW,0.660465518679255,0.7193107870323271,0.6593806035024694,0.08689919271372386
2726,SHW,0.6633241090949362,0.7346596890277937,0.6746372321007827,0.05780014489753674
2727,SHW,0.6670897844816233,0.7446877343075345,0.6894109050977957,0.048634858207410474
2728,SHW,0.6700428018533442,0.7499643650867148,0.7025812874150157,0.06396657006830883
2729,SHW,0.6730702198407379,0.7534485598675495,0.7140099607753215,0.06425947008900848
2730,SHW,0.6762836306348461,0.7577714534147488,0.7242600734243696,0.15473038708341957
2731,SHW,0.6785699329119692,0.7399325325607458,0.7278912819732575,0.0
2732,SHW,0.6822297334281653,0.7519949748102825,0.7338856660780406,0.0
2733,SHW,0.6857292924831362,0.7592506053513901,0.7405394761668319,0.0
2734,SHW,0.6882187590893516,0.756745591474418,0.7452209432908088,0.0
2735,SHW,0.6902303589242711,0.7525338348319215,0.7478874072709332,0.0
2736,SHW,0.6923192236239166,0.7470328837907096,0.7486116819171037,0.0
2737,SHW,0.6943851917960635,0.7405845690586567,0.7475395675205017,0.0
2738,SHW,0.6965784967965827,0.7334675028848717,0.744859062126613,0.0
2739,SHW,0.6981637451259366,0.7271368072750742,0.7410932481569705,0.0
2740,SHW,0.7000523052046619,0.7179237818598135,0.7357209687071331,0.0
2741,SHW,0.7013995085895224,0.6982345958040307,0.7263803760222862,0.06265317739598426
2742,SHW,0.7018945402465213,0.670818270578629,0.7118860677581949,0.03578348168081143
2743,SHW,0.7021277463566069,0.6427124183035291,0.6930921862455254,0.05634340716207824
2744,SHW,0.7017757842891565,0.6214107898143588,0.6726013352187482,0.039959118194990685
2745,SHW,0.7012993496423876,0.6098094311010955,0.6532373292566489,0.04580676878493065
2746,SHW,0.7004781135508031,0.5953457387443993,0.6340417021181184,0.03863175326019457
2747,SHW,0.6994565721397008,0.5795065070305498,0.6146284766593617,0.09782705444007452
2748,SHW,0.6984665126679876,0.5670431558198678,0.5959057987368298,0.0
2749,SHW,0.6977253969577175,0.5638054812983536,0.5800984273454772,0.0
2750,SHW,0.6965121429742591,0.5553650459227444,0.5652907767300973,0.0
2751,SHW,0.6962259975077856,0.5487979652633902,0.5517627039470079,0.0
2752,SHW,0.6945663538022391,0.5437734511841084,0.5396533736073252,0.0
2753,SHW,0.6928695111860514,0.5392538174922771,0.5288083465408144,0.0
2754,SHW,0.6908951116589681,0.5243525384712501,0.516315828382519,0.06154367625750362
2755,SHW,0.6891667930414684,0.5181108043372193,0.5047231889006291,0.07640343614158558
2756,SHW,0.6873955543504908,0.5128129276605008,0.49409219192343057,0.039160629269302416
2757,SHW,0.6856271711761006,0.5092513026404909,0.4846751955014167,0.04270647898985717
2758,SHW,0.6839632370350506,0.509168778622995,0.47712046241809825,0.03900124197888635
2759,SHW,0.6822263319577646,0.5094128904988225,0.47113919757254935,0.045871455185261846
2760,SHW,0.6806153333308171,0.5104077997873727,0.46660900058933336,0.12818257089629476
2761,SHW,0.677322340773937,0.46667419425225876,0.45178384794427684,0.0
2762,SHW,0.6745381453851496,0.43346649140719573,0.431418611490643,0.0
2763,SHW,0.6720157755432767,0.40888401377906797,0.4088303896300232,0.0
2764,SHW,0.6720157769404711,0.44460531488040966,0.3999087060464098,0.0
2765,SHW,0.6717324971202463,0.47390010446416075,0.40027430318223706,0.0
2766,SHW,0.6716838499458553,0.49782603414570564,0.40669465936909655,0.0
2767,SHW,0.6714434888019136,0.5092537677014537,0.4147578008062073,0.0
2768,SHW,0.6716437927242371,0.5279682889367523,0.4260014531748922,0.04071258538604843
2769,SHW,0.671566536591977,0.5439252391027943,0.43908324871703575,0.03554129579797143
2770,SHW,0.6715350647822491,0.5516864489740038,0.4515364762864591,0.033317636100186294
2771,SHW,0.6713590881147573,0.5548988884694305,0.4623218242327511,0.05595994618091492
2772,SHW,0.6713218878069209,0.5603056808809577,0.4723348833400281,0.03048592423928793
2773,SHW,0.6710944056540613,0.5598779077414082,0.4802357699170168,0.05208134961705651
2774,SHW,0.6714063031646214,0.558981044702474,0.48632677576530986,0.10314272407369074
2775,SHW,0.6719557024602505,0.5681751517168876,0.4935543633614637,0.0
2776,SHW,0.6720129298070519,0.5643324573434746,0.498352247475185,0.0
2777,SHW,0.6721388380038842,0.562728753834018,0.5017798162765061,0.0
2778,SHW,0.6726352986417221,0.5711508216918006,0.5066789205547109,0.0
2779,SHW,0.6731446396678369,0.5776152090840243,0.5122538545999585,0.0
2780,SHW,0.6742548854749486,0.5949984544811928,0.521165976391894,0.05068308838749741
2781,SHW,0.6772966100370688,0.6026511337920525,0.5302556682529835,0.04436710825915959
2782,SHW,0.6803354790826013,0.608095333398033,0.5389217831748502,0.03559666735665493
2783,SHW,0.6834716365388387,0.6137957491650314,0.5473146583004708,0.027027530531980953
2784,SHW,0.6839867022207764,0.6172906159908578,0.554924059217997,0.044264645001034976
2785,SHW,0.6844044707595422,0.6173785363279892,0.5610340979962016,0.04433554129579797
2786,SHW,0.6854403145537871,0.6294298846735091,0.5690087049279446,0.11747257296625957
2787,SHW,0.6871571873526281,0.6439855723360526,0.5791163745621442,0.0
2788,SHW,0.688605081317192,0.6581131215315905,0.5908208400822754,0.0
2789,SHW,0.6898269193153459,0.6643689471554198,0.6017866465479603,0.0
2790,SHW,0.6909457438976732,0.6610497359301982,0.6097091795910173,0.0
2791,SHW,0.6922090733377646,0.6572906264427146,0.6150844277162335,0.0
2792,SHW,0.6936770009779682,0.6602537916400104,0.6201435482930628,0.0
2793,SHW,0.6950547879060516,0.6549285634764858,0.6228269541350564,0.0
2794,SHW,0.6968374710184935,0.6573940392601272,0.6256051333098633,0.0
2795,SHW,0.6976014783660816,0.6472628643664746,0.6252328931066661,0.05531877458083212
2796,SHW,0.6991695551730575,0.6438260762244694,0.624054875165222,0.03682312150693438
2797,SHW,0.7006768278149014,0.6403906674894285,0.6222325883251258,0.028247774787828604
2798,SHW,0.7016654628466583,0.6358833282874652,0.6196203449072891,0.03673204305526806
2799,SHW,0.7026440817391919,0.6312752553755901,0.6163503364384442,0.037684744359345886
2800,SHW,0.7033308291122351,0.6334014488085036,0.6142788876032876,0.04661509004346926
2801,SHW,0.7039574883824093,0.627433791477497,0.6110932997798049,0.09264800248395777
2802,SHW,0.7046013114903906,0.6222754679519088,0.6072236863037328,0.0
2803,SHW,0.7054568832914585,0.6238390074330508,0.60452844725302,0.0
2804,SHW,0.7060091401994673,0.6177736556652467,0.6008188058830158,0.0
2805,SHW,0.7070364062663923,0.620082680280996,0.598442477215405,0.0
2806,SHW,0.7074513199871684,0.6213170864027372,0.5968575687968338,0.0
2807,SHW,0.7072596025246309,0.6150811405046558,0.593992499582304,0.0
2808,SHW,0.7068876134182154,0.6095606986714859,0.5902865557160686,0.0
2809,SHW,0.7066958959556782,0.6046637479641942,0.5860675998773865,0.0
2810,SHW,0.7068475530529092,0.60031109316131,0.5815776388309342,0.0
2811,SHW,0.7051879093473628,0.5593824330896463,0.5675030739762776,0.05677551231629062
2812,SHW,0.7030418183488116,0.5243891306654151,0.5472809822768109,0.04736493479610846
2813,SHW,0.7010430919161952,0.4938887407194308,0.5232915880932479,0.07078348168081142
2814,SHW,0.6983418755689976,0.46409513321229956,0.4964693721357691,0.04532964189608776
2815,SHW,0.6961628806361913,0.44157516908166417,0.4692438149884606,0.04857689919271372
2816,SHW,0.6936963081123844,0.42489338374660945,0.4431908517679211,0.05723763196025667
2817,SHW,0.6910387303460184,0.4096685880692127,0.41844912601456447,0.10186348582074103
2818,SHW,0.6895808167492452,0.4230942454482393,0.40209430759122267,0.0
2819,SHW,0.687008367608454,0.4121621985900945,0.38621055100729945,0.0
2820,SHW,0.6848222162445967,0.4197328512031401,0.3754425315948747,0.0
2821,SHW,0.6822669382768842,0.41291489512712687,0.36508190988362504,0.0
2822,SHW,0.67993771417979,0.4141592110761577,0.35711210512242086,0.0
2823,SHW,0.6772994529789043,0.41678908185172925,0.3514098204495314,0.0
2824,SHW,0.6749816747004691,0.42047453124325296,0.34779190529097737,0.0
2825,SHW,0.6720687138517689,0.42049641403292415,0.3449031777562087,0.0
2826,SHW,0.6684375278822201,0.40752134185234895,0.3392690368532033,0.0
2827,SHW,0.6649980593752087,0.39651081360169393,0.3319417217317775,0.0
2828,SHW,0.6610020351415171,0.37835550303381005,0.3214299547358337,0.13938315048644173
2829,SHW,0.6567599299982423,0.3611604135157763,0.3086165568262134,0.13007658869799213
2830,SHW,0.6525478645401683,0.3505619247011448,0.295651367112325,0.05358673152556406
2831,SHW,0.6500698437526118,0.34305764521383764,0.28335722888648857,0.05086214034361416
2832,SHW,0.6479609530618968,0.34426771719573535,0.2738318403925946,0.07057286276133305
2833,SHW,0.6462011601895781,0.35132562075990337,0.26801919082225606,0.0912052370109708
2834,SHW,0.6448476977219371,0.36089459069231566,0.26581986349413367,0.1669530117987994
2835,SHW,0.6449263859787242,0.39968646706610766,0.2739957273441084,0.0
2836,SHW,0.643890538342194,0.4087193916812576,0.2828499195118664,0.0
2837,SHW,0.6427259266429455,0.41119176405820584,0.290566494093933,0.0
2838,SHW,0.6404052869098456,0.4148176043658319,0.2976683993370922,0.0
2839,SHW,0.6392177832239807,0.4194814408833417,0.3045444193694772,0.0
2840,SHW,0.6373235002359261,0.42472977102388715,0.3113894309916605,0.0
2841,SHW,0.6361302736407313,0.4303762277335782,0.31831160355285937,0.0
2842,SHW,0.6346881004897051,0.4360946577472984,0.32531393857575275,0.0
2843,SHW,0.6325675622813098,0.4281032457664764,0.3288690563887676,0.0
2844,SHW,0.6311711710077244,0.4381514233140619,0.33428667700820724,0.051362036845373625
2845,SHW,0.6300981227140594,0.44957122203334354,0.34154559773122517,0.03923049058166011
2846,SHW,0.6298720653504548,0.4625208887502489,0.3506693863700009,0.053430966673566546
2847,SHW,0.6298455965455074,0.4752777827041466,0.36123569662812405,0.03541347547091699
2848,SHW,0.6299815173885757,0.4781678925481902,0.3704289560677352,0.07644483543779755
2849,SHW,0.630309150804,0.4802455981656235,0.37831570292212047,0.06961084661560753
2850,SHW,0.6307784335606004,0.48628736680350326,0.38617251045401946,0.14763558269509416
2851,SHW,0.6313364182681198,0.4920880884807154,0.3939436298889703,0.0
2852,SHW,0.6316740685213638,0.49751678252012815,0.40155091560406825,0.0
2853,SHW,0.6318271549487324,0.5023580002732079,0.40887667066896116,0.0
2854,SHW,0.6318986888702605,0.506800842100992,0.4158751696817352,0.0
2855,SHW,0.6305509437231702,0.5108809353624876,0.42251895715443544,0.0
2856,SHW,0.6303363346233146,0.5146303271175001,0.4287942765486259,0.0
2857,SHW,0.6304307626272512,0.5180778941394566,0.4346975185157978,0.0
2858,SHW,0.6301560629794367,0.5136988084032899,0.4382985462572351,0.0
2859,SHW,0.6316568917595058,0.5472844174089679,0.4497812716300055,0.06750413992962119
2860,SHW,0.6327299344643922,0.5649850005037224,0.4635009026087844,0.07487062719933761
2861,SHW,0.6334467274607138,0.5715016855694517,0.4761456524276742,0.040526806044297245
2862,SHW,0.6340361839779611,0.5736888503471739,0.4868216261254774,0.03310856965431588
2863,SHW,0.6342509923317468,0.5536989328698766,0.4902426130120847,0.04242962119643966
2864,SHW,0.6328554655723577,0.5199741944102428,0.48434186568412724,0.07966880563030428
2865,SHW,0.6315563714419439,0.4981391504371257,0.4740289043142913,0.1365214241357897
2866,SHW,0.6323919186491374,0.528147291937421,0.4734641820007171,0.0
2867,SHW,0.6311736546749251,0.5115083544839698,0.4687508607917441,0.0
2868,SHW,0.6303495567793773,0.4990177373412701,0.4617811229534388,0.0
2869,SHW,0.6293051275732426,0.4843003035467293,0.4524359223817424,0.0
2870,SHW,0.6280890093407301,0.4736252012471901,0.44222566839052513,0.0
2871,SHW,0.6270903581697509,0.47092147356147135,0.43336498992420786,0.04898571724280687
2872,SHW,0.6263578257755789,0.4753720901468405,0.42741633337297263,0.042279548747671286
2873,SHW,0.6256603486461403,0.4804164611418219,0.42394936597302224,0.04566342372179673
2874,SHW,0.6246245058997915,0.47834689233983835,0.4206457367411212,0.04049420409853032
2875,SHW,0.623480895782784,0.47544443692677185,0.41725946019115534,0.046513661767749945
2876,SHW,0.62237208454529,0.47483885307558044,0.41439533759053115,0.04506520389153384
2877,SHW,0.6216452750604473,0.4831421113280348,0.41423065938317216,0.109465431587663
2878,SHW,0.6210901528554889,0.48647751339499645,0.4149531757244336,0.0
2879,SHW,0.6187337491306633,0.4895703550344721,0.4163233234384483,0.0
2880,SHW,0.6167650711157151,0.4919696380300179,0.41803394289873025,0.0
2881,SHW,0.6157077650142901,0.5059732738415051,0.42298903174244806,0.0
2882,SHW,0.6147863797559336,0.5175534486373466,0.4299190023602912,0.0
2883,SHW,0.6149180077184075,0.5271029326112961,0.4379087804639801,0.0
2884,SHW,0.6159358238592461,0.5349525934743734,0.446311048037435,0.0
2885,SHW,0.616751334945709,0.5413810292692309,0.4546793048417934,0.0
2886,SHW,0.6150258777828739,0.541061976785525,0.46129219497162927,0.0
2887,SHW,0.6162133814687387,0.5601028997382437,0.47145924388447497,0.0
2888,SHW,0.6166540454871079,0.5597354193017237,0.47949876439582706,0.04719157524322086
2889,SHW,0.6175697144728096,0.5635409531545406,0.4869050492631512,0.04821258538604843
2890,SHW,0.6183737825350029,0.5641922065792085,0.49299687535035114,0.03334816808114262
2891,SHW,0.6189804182591987,0.5652916168918704,0.49815191578183926,0.03146553508590354
2892,SHW,0.6191006031974027,0.5616955975752842,0.5013549402635699,0.05321879528048023
2893,SHW,0.6192229275899308,0.5594956453022836,0.5033539108893438,0.04814531152970399
2894,SHW,0.6197093696434559,0.5582975446475483,0.5046462313841739,0.12749637756158144
2895,SHW,0.6202377670075456,0.5560249846023742,0.5050980426107765,0.0
2896,SHW,0.6205482323935785,0.5505365853160454,0.5040538097935204,0.0
2897,SHW,0.6204766960269603,0.5463373786366803,0.5021429281011482,0.0
2898,SHW,0.6208315164053875,0.5478788009962238,0.5010090098685277,0.0
2899,SHW,0.6212035055118026,0.5492175774789538,0.5004447610011822,0.0
2900,SHW,0.6216155549835247,0.5503823291125233,0.5002916766044897,0.0
2901,SHW,0.621472482250288,0.5513974629681642,0.5004292038705891,0.0
2902,SHW,0.6213294095170512,0.5522838064410338,0.5007662348389739,0.0
2903,SHW,0.6211863367838146,0.5530591449875368,0.5012344383295633,0.0
2904,SHW,0.6210432640505776,0.5537386780954789,0.5017830422716497,0.0
2905,SHW,0.6204394978149159,0.544911438952452,0.4999611042373262,0.05922635065203891
2906,SHW,0.6199215769656894,0.534355759098171,0.4958000465997929,0.052685779341751185
2907,SHW,0.6186882865122021,0.5308193236778814,0.4915654531775418,0.029518215690333263
2908,SHW,0.618570965823052,0.5359250734488362,0.48948545653429915,0.034456116746015314
2909,SHW,0.6181531871546249,0.5381439116375702,0.4883897452158741,0.029655868350238045
2910,SHW,0.6183334601956976,0.5500752251239464,0.49056900889586735,0.03510039329331401
2911,SHW,0.6188055984688856,0.5661435749512482,0.496427825025677,0.1070741047402194
2912,SHW,0.6216184045620348,0.6221464547125904,0.515458263794749,0.0
2913,SHW,0.6223938591254767,0.6242757432443158,0.531227965462671,0.0
2914,SHW,0.6208543979130441,0.5783772417730205,0.5320882613630188,0.0
2915,SHW,0.6187512311795542,0.5293229861817557,0.5202127849443426,0.1108585179051956
2916,SHW,0.6166738122985675,0.48801325683433083,0.5001322088168738,0.08959480438832539
2917,SHW,0.6145105532706252,0.45470547217031465,0.47553700074997235,0.08203839784723659
2918,SHW,0.6120325377225486,0.4280465932800715,0.44903299636585625,0.05856447940385013
2919,SHW,0.6090365908462858,0.39806189926600544,0.4201501514164226,0.08792279031256468
2920,SHW,0.606092156790663,0.3774617907224113,0.3917678020305545,0.09802059614986544
2921,SHW,0.6028873293126531,0.35806866854381875,0.36409498089806513,0.18267698199130614
2922,SHW,0.5996996688161382,0.3455199833222785,0.33874277079893744,0.0
2923,SHW,0.5965120083196236,0.3381255851209569,0.31656715891919757,0.0
2924,SHW,0.5924201281490526,0.31635695423367544,0.29325131554245265,0.0
2925,SHW,0.5893612324138537,0.31377810319996213,0.2739381488159482,0.0
2926,SHW,0.5864883294853689,0.31455655947767525,0.2586869926599521,0.0
2927,SHW,0.5837699510468575,0.3255659393563568,0.24930577601461712,0.0
2928,SHW,0.5806824425115045,0.336856111179037,0.24469242705101618,0.0
2929,SHW,0.5776550262706044,0.3474181371255905,0.24370688044323807,0.0
2930,SHW,0.5747907094526072,0.3713960184206723,0.24905962741595988,0.0
2931,SHW,0.5704541752575003,0.36882304767665075,0.25268283902129623,0.11524322086524529
2932,SHW,0.5641418069656923,0.37205181986937397,0.2564083573058398,0.07534102670254605
2933,SHW,0.5598610704379499,0.3772431053394323,0.2607183573217777,0.04901262678534465
2934,SHW,0.5581069945368835,0.3882442746971506,0.26698396274587266,0.08181742910370524
2935,SHW,0.5567578197103569,0.3942189653719695,0.2735266772115186,0.051822086524529076
2936,SHW,0.5554959171553127,0.399347975292636,0.28007448423835835,0.07280583730076588
2937,SHW,0.5543570550550603,0.40595116990620006,0.2870039316103319,0.12805112813082176
2938,SHW,0.5537675912025408,0.4223556966685934,0.29674899589994136,0.0
2939,SHW,0.553206749930538,0.4267604964566942,0.3056731990139895,0.0
2940,SHW,0.5526315947485372,0.43248386798458427,0.31427842409344486,0.0
2941,SHW,0.5523883693555411,0.43987749347880933,0.32305625005269467,0.0
2942,SHW,0.5521279769810503,0.44703211352880007,0.331910942947396,0.0
2943,SHW,0.5518675846065595,0.453917944469483,0.34075828746790743,0.0
2944,SHW,0.552511411906125,0.46051471464428984,0.3495257194157889,0.0
2945,SHW,0.5523912308102059,0.4628880547891969,0.35714752181347265,0.0
2946,SHW,0.5531485720163214,0.483797809971512,0.36860034345861625,0.0
2947,SHW,0.5522100148862883,0.47395952703691047,0.37524283234525746,0.0
2948,SHW,0.550922356794171,0.4600837398773143,0.3770029746121186,0.06658766300972883
2949,SHW,0.5498900842294785,0.4547487207881637,0.3770446901668014,0.05104274477333885
2950,SHW,0.5480816406897819,0.4491711232780899,0.3756495354771425,0.05594286897122749
2951,SHW,0.5469585144943934,0.4365747071131388,0.37130723374416175,0.06542900020699648
2952,SHW,0.5459083567901504,0.43267090061112223,0.3668335544344379,0.09176205754502173
2953,SHW,0.5448181432614836,0.4307637839159797,0.36276616270033823,0.053561891947836886
2954,SHW,0.5440770275512135,0.44273476551518176,0.36257824179406273,0.11189401780169736
2955,SHW,0.5436892969511551,0.45607716807821436,0.3658451441315028,0.0
2956,SHW,0.538015036193271,0.3581321659584157,0.343373117455356,0.0
2957,SHW,0.5374541935240735,0.3890493748808288,0.3333139720810269,0.0
2958,SHW,0.5364297927540986,0.41521339070615315,0.33196775001753387,0.0
2959,SHW,0.5358947007317931,0.4373552294232131,0.3365617117512455,0.0
2960,SHW,0.535322409798846,0.45609346113274996,0.345036093053517,0.0
2961,SHW,0.5346785824992806,0.4719515080733158,0.3558771407750445,0.0
2962,SHW,0.5340347551997155,0.4853722815118102,0.3679872902630138,0.0
2963,SHW,0.5380150386383618,0.5913215845042114,0.4048110096912492,0.0
2964,SHW,0.5389163968577535,0.6109836995999225,0.43930582097917925,0.0
2965,SHW,0.5387361287068617,0.5997528770609089,0.46402524611940527,0.08944680190436761
2966,SHW,0.5376969384078538,0.5908742369896114,0.48152680030365225,0.06397174498033532
2967,SHW,0.537977360964998,0.5834712836053565,0.49363200870811225,0.0451733595528876
2968,SHW,0.5376325595201827,0.557465910592847,0.49665571258982133,0.08804595321879527
2969,SHW,0.5369880161583538,0.5353863522373271,0.49341968747714393,0.07390757607120678
2970,SHW,0.5362354609168005,0.5135613704613555,0.4852410809965826,0.0882027530531981
2971,SHW,0.535820555229894,0.49440870469175124,0.4737928395759576,0.23335593044918235
2972,SHW,0.535205345620664,0.4806117324385184,0.4611005835699186,0.0
2973,SHW,0.5342839568693207,0.4641440113630887,0.4467290871265081,0.0
2974,SHW,0.5330621188711666,0.45818070725520493,0.4337045761583551,0.0
2975,SHW,0.5317115122694118,0.4546619127875686,0.4223837382498166,0.0
2976,SHW,0.5357204102547057,0.45315696669294003,0.4129416230559788,0.0
2977,SHW,0.5345786898434761,0.4531884383674524,0.40539599138589216,0.0
2978,SHW,0.5334198007042585,0.45407209323253206,0.3995858066025432,0.0
2979,SHW,0.532260911565041,0.4559645471228897,0.39542235164339556,0.0
2980,SHW,0.5301062365517941,0.43825596348798757,0.38755608790741497,0.17255071413785963
2981,SHW,0.5281003540374256,0.42880579560894067,0.3788427120202903,0.09422686814324156
2982,SHW,0.5261745919043708,0.4245288307743074,0.370776600552848,0.05166114676050507
2983,SHW,0.5194902303145634,0.4199636321717813,0.36315447855753813,0.04451718070792796
2984,SHW,0.5154841920374413,0.409781011082964,0.3544488210846074,0.05420565100393293
2985,SHW,0.5130405073086668,0.40942004318972475,0.34739184447158555,0.05830676878493065
2986,SHW,0.509994483229278,0.3989052252515947,0.33905322147274347,0.1432917615400538
2987,SHW,0.5168676973339712,0.5953164303973322,0.3826869094746661,0.0
2988,SHW,0.5151379476398401,0.5528769124057489,0.40672430486257793,0.0
2989,SHW,0.5131578245048303,0.512852245325035,0.4157031546828926,0.0
2990,SHW,0.512448180604288,0.503213484833944,0.4204175675424584,0.0
2991,SHW,0.5111977263129934,0.48266351123535445,0.4189258649017178,0.09521993376112606
2992,SHW,0.509532356205131,0.4594180938561239,0.4117789162505515,0.05313858414406955
2993,SHW,0.5083992226029865,0.44667672172151546,0.402798053411,0.057816187124818876
2994,SHW,0.5070328797470691,0.4390614401985502,0.3936629469853738,0.09103756986131235
2995,SHW,0.5058396493095891,0.4380074402480299,0.38608491272695844,0.04489960670668598
2996,SHW,0.5045319652264031,0.4362821265941909,0.37958060019608586,0.05001552473607948
2997,SHW,0.5033788021402026,0.4394941399692135,0.37519980692472876,0.12967708548954668
2998,SHW,0.5022943108222682,0.4444304854013407,0.3729594627798255,0.0
2999,SHW,0.5012098195043335,0.4496080000816234,0.3724932458951591,0.0
3000,SHW,0.5011211140604277,0.45491546201125055,0.37347961274181574,0.0
3001,SHW,0.5011239783094819,0.4651811103933716,0.3768979309398869,0.0
3002,SHW,0.5010467221772221,0.47429753051889323,0.38196747134934095,0.0
3003,SHW,0.5011039547635032,0.4824096673080409,0.3881007737655511,0.0
3004,SHW,0.5015617892563544,0.4896425264200985,0.3948598863142295,0.0
3005,SHW,0.5014902518418403,0.49118720719420117,0.4006627980154147,0.0
3006,SHW,0.502005315078687,0.49323312866040614,0.40582912616293926,0.0
3007,SHW,0.49260543650503275,0.4955899106806712,0.4105658046746532,0.0
3008,SHW,0.4934152295723473,0.5110994391497736,0.4183274280590239,0.0660360173877044
3009,SHW,0.4948001739793777,0.5287178649274279,0.4290491354202117,0.06519509418339887
3010,SHW,0.49472291784711775,0.5341494268802235,0.4390176260026031,0.050417615400538185
3011,SHW,0.49477155768623704,0.5276294732804602,0.4453225362998975,0.05506830883874974
3012,SHW,0.4947601181549539,0.5136348178881758,0.44678217131570946,0.06377147588490996
3013,SHW,0.4947644057960685,0.5078450550912843,0.4464670126933247,0.0726034982405299
3014,SHW,0.4948030294959649,0.5056814960819658,0.4456607578319071,0.12618194990685158
3015,SHW,0.49467712933300234,0.5047740782315255,0.4447833472446653,0.0
3016,SHW,0.4957415897696862,0.526752804796029,0.4497105820836941,0.0
3017,SHW,0.49556989934611395,0.5222185970787171,0.4524910744794052,0.0
3018,SHW,0.4948945960452369,0.509841309306366,0.45154541329808784,0.0
3019,SHW,0.4949718532253926,0.5161030002601392,0.4523926206234096,0.11367263506520388
3020,SHW,0.49467712479211956,0.5138927557965495,0.45250430150137966,0.09976402401159179
3021,SHW,0.493375166412652,0.49699241619851076,0.4482651528630377,0.05659128544814738
3022,SHW,0.49223558825013614,0.48778407763816845,0.44251540606952183,0.05257141378596564
3023,SHW,0.49087926153344097,0.4769516987240029,0.4351412336156687,0.06834195818671082
3024,SHW,0.48960877496370125,0.4711601375388002,0.42775856841663995,0.06223297453943283
3025,SHW,0.48838979353003054,0.46376471731458624,0.41995833069778454,0.17044762989029186
3026,SHW,0.49206390131955025,0.5592120467694661,0.43816398834357523,0.0
3027,SHW,0.490916457998992,0.5353648068382988,0.44662078990013204,0.0
3028,SHW,0.48929973471622157,0.5202912314577558,0.4495256063172786,0.0
3029,SHW,0.487371113922892,0.5074635966867361,0.44856406205637994,0.0
3030,SHW,0.48586884708021794,0.49800513700517046,0.44537233806347554,0.0
3031,SHW,0.4849073993607631,0.49129413313080456,0.4411001451487995,0.0
3032,SHW,0.4843980576360509,0.486812173024177,0.4365344769327038,0.0
3033,SHW,0.4836612351556737,0.48412769119833426,0.43219439631147527,0.0
3034,SHW,0.48301455059302767,0.48651119328634135,0.42933279131772767,0.0
3035,SHW,0.48273412908377944,0.49687704620364226,0.42969839630073603,0.1733471330987373
3036,SHW,0.48104014512786675,0.4988622049829492,0.43049931661214386,0.07913734216518319
3037,SHW,0.4807511368095343,0.5077216076197113,0.43340911172210006,0.053397847236596976
3038,SHW,0.4813749370701339,0.5246755504888659,0.44007916995195406,0.05282032705444007
3039,SHW,0.4817068668591393,0.5477779836505986,0.4513321821396851,0.07348012833781825
3040,SHW,0.4823277976312057,0.5643129015419107,0.4645694938909024,0.11308166011177809
3041,SHW,0.48313758545904006,0.5653876225928116,0.47543459947149136,0.1807803767335955
3042,SHW,0.48377927050989245,0.5660441582258312,0.4842948350017435,0.0
3043,SHW,0.4846377041149237,0.5664826347692096,0.49149532547686337,0.0
3044,SHW,0.4853358997517163,0.5652233852285169,0.49693320047678646,0.0
3045,SHW,0.4856506615113305,0.5524634349105338,0.4980154383375658,0.0
3046,SHW,0.48172760716597884,0.556008016165949,0.4997890622392771,0.0
3047,SHW,0.4814414616995053,0.5345904836479566,0.49572253035253194,0.0
3048,SHW,0.4783711208442447,0.46447572306307233,0.47451160212851545,0.0
3049,SHW,0.475764335644671,0.41864324213936455,0.4458043032134357,0.0
3050,SHW,0.47276553115602904,0.37631931829219967,0.41199851489202144,0.0
3051,SHW,0.47034903373955617,0.35715745181325215,0.3800461715248166,0.788143759056096
3052,SHW,0.46864503574021343,0.3590240857010716,0.3549623767125909,0.381550403643138
3053,SHW,0.4677093376197541,0.37848622496783235,0.3398799590548659,0.2806799834402815
3054,SHW,0.4666677656767,0.3972592000354454,0.33262213526837736,0.13892724073690746
3055,SHW,0.4650767975817047,0.410244452430374,0.3301416424578436,0.10654678120471951
3056,SHW,0.46347438995542656,0.4150351057262106,0.3293842241981787,0.11928482715793831
3057,SHW,0.46175751715658575,0.4247063352284106,0.3312552725086886,0.23858259159594286
3058,SHW,0.4596028386503521,0.43428659450077767,0.3352057948965407,0.0
3059,SHW,0.45696171704269783,0.44269129670178986,0.3405188143741909,0.0
3060,SHW,0.45458671316395427,0.4543521836483365,0.3477558013918845,0.0
3061,SHW,0.4527868585291346,0.4646266119283001,0.3561768644229799,0.0
3062,SHW,0.45099272645434607,0.47375622996199196,0.365251980930197,0.0
3063,SHW,0.4491985943795569,0.4818848756598981,0.37459397246519277,0.0
3064,SHW,0.44747886012605154,0.48913664963377873,0.3839248807590935,0.0
3065,SHW,0.4463314168054926,0.495618774547827,0.39304980092827874,0.0
3066,SHW,0.44434556726816643,0.4977363828227291,0.40089209618386773,0.0
3067,SHW,0.44329827486087336,0.4950640826686151,0.40648150629415414,0.0
3068,SHW,0.4453785492584479,0.5040638484903384,0.4132580428824415,0.15550300144897536
3069,SHW,0.4468178592083163,0.5066529387768983,0.41934238664251,0.13134444214448354
3070,SHW,0.44864775632272624,0.5092530525013759,0.4248757994488098,0.08553715586835023
3071,SHW,0.44971936969747484,0.5082616808616128,0.42904862085870477,0.06776081556613538
3072,SHW,0.4501614682854618,0.5097650890716966,0.432771928972607,0.07855568205340509
3073,SHW,0.44997261122969334,0.5143179465463813,0.43691664749122217,0.08973814945145932
3074,SHW,0.45000694728847535,0.5244275689414017,0.44282168585080056,0.3222852411509004
3075,SHW,0.4502587535524789,0.5336246624488582,0.44990126435275724,0.0
3076,SHW,0.4508567933858245,0.5411239122075583,0.4574856254013969,0.0
3077,SHW,0.4512516755267526,0.5473245490603599,0.46514121341250975,0.0
3078,SHW,0.45199279228491895,0.5598709154058055,0.47447904310695965,0.0
3079,SHW,0.4527768308630562,0.5700463410008136,0.48455542383854033,0.0
3080,SHW,0.45346357998259235,0.579653049760947,0.49507698637219305,0.0
3081,SHW,0.4541818051034412,0.5875340235798028,0.5055127013237638,0.0
3082,SHW,0.453849876362332,0.5719057790239658,0.5098585872978759,0.0
3083,SHW,0.45361952856322363,0.5615966698791895,0.5106949402415304,0.1379942040985303
3084,SHW,0.4541975451998892,0.5700304522371931,0.5135240721364004,0.09965742082384599
3085,SHW,0.455164715479375,0.5844773298511965,0.5194874934507765,0.12143448561374456
3086,SHW,0.456232037021425,0.5938711946185039,0.5266641751197225,0.07754088180500932
3087,SHW,0.45765704458815093,0.6031209532466588,0.5347745567924606,0.08269923411302008
3088,SHW,0.4586342338012488,0.6110693536659413,0.5432985962698761,0.09692092734423514
3089,SHW,0.45932413359474444,0.6057384833520326,0.5487524921720057,0.17435934589111984
3090,SHW,0.46001517803996594,0.6010277347920772,0.5519090980036011,0.0
3091,SHW,0.4608821991526797,0.5968624009100012,0.5533675626877851,0.0
3092,SHW,0.46172060327365516,0.5942840012778232,0.5538739580224069,0.0
3093,SHW,0.46192663150250235,0.5817397729265545,0.5510662625848761,0.0
3094,SHW,0.46183793025018094,0.5716569031608606,0.5462376945393376,0.0
3095,SHW,0.46170630333560303,0.563617352740179,0.5403157607420206,0.0
3096,SHW,0.46157467642102534,0.5572703123524251,0.5339526178460312,0.0
3097,SHW,0.46188085207015184,0.5613944205934878,0.529918364851936,0.0
3098,SHW,0.461815038612863,0.5645441107202027,0.5274976570594353,0.0
3099,SHW,0.461729194972921,0.5668944739467777,0.526163062845907,0.0
3100,SHW,0.4626734785052702,0.5914786824003306,0.5313918634695889,0.127339060235976
3101,SHW,0.4630769446608938,0.5998964148559912,0.5377308428280412,0.08832281101221279
3102,SHW,0.4643402754981796,0.6021372564124468,0.5433759477853425,0.06344493893603809
3103,SHW,0.4656436136073745,0.6063020158054228,0.548958704594863,0.056021010142827565
3104,SHW,0.4660585192942812,0.6073924473642612,0.5537041899772737,0.055322397019250666
3105,SHW,0.46634466476075476,0.6130262848646326,0.5589435095309195,0.08357327675429517
3106,SHW,0.4663646970391997,0.6097463785429658,0.5622949197659225,0.1389965845580625
3107,SHW,0.4663561095315174,0.6083001830261474,0.5646056502096897,0.0
3108,SHW,0.466288866045494,0.6066096704942898,0.5660212626593699,0.0
3109,SHW,0.4667578571377089,0.6047470065977377,0.5666766895266565,0.0
3110,SHW,0.46712984624412424,0.6007805356661741,0.566185143563679,0.0
3111,SHW,0.4677565048157011,0.6024106724200642,0.5662094153316752,0.0
3112,SHW,0.46865214012576306,0.6098118558012803,0.5681244143580976,0.0
3113,SHW,0.4697223241703743,0.6084800102415856,0.5693153029996189,0.0
3114,SHW,0.4706322667537597,0.6035991322682241,0.569017929695179,0.0
3115,SHW,0.47166238903586977,0.6017296037677416,0.5683012098055994,0.0902913475470917
3116,SHW,0.47274401540615285,0.600835868439214,0.567498931545823,0.07921134340716207
3117,SHW,0.473068786668315,0.5932537733674046,0.5649151924553989,0.11094700890084867
3118,SHW,0.4733678118244682,0.5863422036302067,0.5610780187906987,0.07219105775201821
3119,SHW,0.4736811379665684,0.5808539436998303,0.5566026337520685,0.069586524529083
3120,SHW,0.47289995769940796,0.576748426035154,0.5519708257930912,0.10466880563030427
3121,SHW,0.47266531632110764,0.5740363431477374,0.547570764229004,0.16030376733595528
3122,SHW,0.47262096517099894,0.5717445310619456,0.5434637390004776,0.0
3123,SHW,0.4727011410908002,0.5752517532886431,0.5410763840841392,0.0
3124,SHW,0.4725180104373481,0.5707946584202749,0.538024954719702,0.0
3125,SHW,0.47198864272156693,0.5654165711793424,0.5342063824094512,0.0
3126,SHW,0.4718055085751278,0.5611342188277041,0.5300547339595499,0.0
3127,SHW,0.47139059764874114,0.5547153795945758,0.5250894303131384,0.0
3128,SHW,0.4704033957894076,0.5380327650518543,0.5168444575177104,0.0
3129,SHW,0.47030038342147695,0.5432926755570257,0.5115956408258052,0.0
3130,SHW,0.47029466051214763,0.5475970609907649,0.5084990211587607,0.0
3131,SHW,0.46960648101457747,0.5423529301807376,0.5046786053560057,0.07751345477126888
3132,SHW,0.46807989879322687,0.527902306218239,0.4979211974053416,0.07152194162699234
3133,SHW,0.46663342961791776,0.5120223370195127,0.48844811366440644,0.06522821362036844
3134,SHW,0.4652484813686022,0.4981010640572686,0.47730414806366683,0.057778927758228106
3135,SHW,0.46364606500985706,0.4859023247526688,0.46526465009015766,0.06506986131235769
3136,SHW,0.4617732478219696,0.4727045403440411,0.4522528520654446,0.0743536534878907
3137,SHW,0.4599175986634729,0.45729389683719046,0.4378964593606063,0.2158523080107638
3138,SHW,0.45813061708165814,0.44720291632624354,0.42382685618753146,0.0
3139,SHW,0.45632933451389524,0.44051675633975956,0.41085872291347636,0.0
3140,SHW,0.4545094489978252,0.436691454427777,0.3995044848659849,0.0
3141,SHW,0.45248354014308867,0.43158058194280174,0.38911210431047705,0.0
3142,SHW,0.45062645606567586,0.4324862910273854,0.38103016891725505,0.0
3143,SHW,0.44850611815910724,0.43470054995811913,0.37513173376515013,0.0
3144,SHW,0.4467119860843183,0.4375050539659293,0.37113127161940196,0.0
3145,SHW,0.4450208663774602,0.44144244908489966,0.36893934249971405,0.0
3146,SHW,0.4434413434025264,0.4481541898582558,0.36890480165794215,0.0
3147,SHW,0.4417545190213532,0.4494415156468299,0.36920687721735945,0.08866125025874559
3148,SHW,0.4411135559708419,0.4613903834382958,0.37250886638577185,0.11114520803146345
3149,SHW,0.4400204771452254,0.48070728378525196,0.38009787750636315,0.0858093562409439
3150,SHW,0.4388701744657939,0.49556763045450214,0.38997509936639074,0.0885370523701097
3151,SHW,0.4384366598925027,0.5138494174223615,0.40255918472685265,0.07788449596356861
3152,SHW,0.4396255939564011,0.5513444891034699,0.4222296427700752,0.205
3153,SHW,0.4400247724709103,0.5597402920119915,0.4401163314966226,0.2134951355826951
3154,SHW,0.44045113340753983,0.5648507491137049,0.45573456620794595,0.0
3155,SHW,0.4415184591411738,0.5799138340275021,0.47208709200019133,0.0
3156,SHW,0.4428046816157776,0.5914814340723241,0.48813179154772446,0.0
3157,SHW,0.4439149256763961,0.5905204643532446,0.5007214288516086,0.0
3158,SHW,0.4449851097210067,0.5894127323600487,0.5105094277948234,0.0
3159,SHW,0.4460581552202827,0.5882026394055725,0.5180298994911502,0.0
3160,SHW,0.44712833926489326,0.5869261393498622,0.5237193412882178,0.0
3161,SHW,0.44837021058938853,0.5856121579476652,0.5279343594914027,0.0
3162,SHW,0.45069943468648255,0.6099802309613034,0.5375474937162976,0.0
3163,SHW,0.45220169838546864,0.6116376217276054,0.545662489897358,0.0
3164,SHW,0.45337203753492905,0.6051995925872551,0.5505055870612464,0.09170202856551438
3165,SHW,0.45490720970905274,0.6074476787241363,0.5549558417355601,0.12609087145518524
3166,SHW,0.45610615991217385,0.6040663175426102,0.5576500155782806,0.09727747878286068
3167,SHW,0.45789027270405214,0.607639278266557,0.5607204567786916,0.06315152142413578
3168,SHW,0.4593038320070286,0.6119960033092656,0.56429264857914,0.07928223970192506
3169,SHW,0.46024525303681707,0.6139902585182468,0.5676611681104221,0.07797402194162699
3170,SHW,0.4609062483657733,0.6080234371459592,0.5688277690847672,0.157368557234527
3171,SHW,0.4613011329517922,0.6032625213127057,0.5685416901963257,0.0
3172,SHW,0.46058862724728655,0.5990324149342221,0.5672294176556272,0.0
3173,SHW,0.45898621088854163,0.555990046686167,0.5551556433735704,0.0
3174,SHW,0.46051995058883954,0.5849960298271794,0.5529255992142811,0.0
3175,SHW,0.4614813993561906,0.6068442957677478,0.5567373137876955,0.0
3176,SHW,0.46420693317785733,0.6595072243394009,0.573274647289014,0.26739339681225416
3177,SHW,0.46680369979311753,0.687334158877907,0.593631512937861,0.12151469675015523
3178,SHW,0.46955785165441855,0.7108972424457021,0.6159519522530265,0.09490633409232042
3179,SHW,0.4719543216826272,0.7203149414868315,0.6362203527263007,0.0862166218174291
3180,SHW,0.47418625457462715,0.7224937267196565,0.6529931007893007,0.09079538397847237
3181,SHW,0.4766270768008407,0.7266149975279411,0.6674668338427465,0.09692817222107224
3182,SHW,0.47765719943224916,0.7247772545862042,0.6785751399160872,0.15530945973918442
3183,SHW,0.4772594572338511,0.6753863276825403,0.6748118438103067,0.0
3184,SHW,0.4795085564087489,0.6823706032708433,0.6735900106475446,0.0
3185,SHW,0.48137565383099523,0.6864410533399271,0.6736550625777213,0.0
3186,SHW,0.4841226520556339,0.7015865512297089,0.677586149650947,0.11824208238459945
3187,SHW,0.48644471972167724,0.7098711170328952,0.6828528516964929,0.06572034775408818
3188,SHW,0.48882544336606193,0.717954104692667,0.6891364177838797,0.06970813496170565
3189,SHW,0.49135640036631867,0.724733476990848,0.6958995948073186,0.05173721796729455
3190,SHW,0.49429511116331337,0.7295946780373589,0.7025551810144137,0.056117780997723035
3191,SHW,0.497311084379944,0.7335123118428016,0.7088830293346797,0.07912233492030635
3192,SHW,0.5003127538162377,0.7343047120696649,0.7141482565225041,0.16381546263713515
3193,SHW,0.505534908579379,0.7390781393730269,0.7195830023623873,0.0
3194,SHW,0.5076037403019822,0.7389556482102332,0.7238994267545017,0.0
3195,SHW,0.5097011865712331,0.736813274814043,0.7268038643367944,0.0
3196,SHW,0.5098514146876254,0.7293666081990129,0.7272201836829899,0.0
3197,SHW,0.5106025500301046,0.7215951975113167,0.7255628354041792,0.0
3198,SHW,0.5111963001265438,0.7136579207916186,0.7222040716296017,0.0
3199,SHW,0.5121477320560748,0.7056811453484979,0.7174740590959371,0.0
3200,SHW,0.5132637011218151,0.6977643270359511,0.7116624036985236,0.0
3201,SHW,0.5141736423080059,0.6900432378805154,0.7050355639112427,0.0
3202,SHW,0.5152381044911833,0.6825049533542565,0.6978033962996517,0.0
3203,SHW,0.5193671818259025,0.6918194314140579,0.6944032744059347,0.10009159594286897
3204,SHW,0.5212800635706802,0.6992761014709121,0.6935929696793125,0.08125905609604636
3205,SHW,0.5234232903201779,0.7082359537113105,0.6952395117827246,0.06594856137445664
3206,SHW,0.5247338327143409,0.7099303761743574,0.6969907187773581,0.08026650796936452
3207,SHW,0.5264006335495357,0.7148689025163631,0.6996565334170932,0.09298074932726143
3208,SHW,0.5279486815710532,0.7178441815602473,0.7025512097884168,0.1633134961705651
3209,SHW,0.5291919839721793,0.7143891503925694,0.7039820527262102,0.1691668391637342
3210,SHW,0.5305053934097861,0.712783940926093,0.7047156028830052,0.0
3211,SHW,0.5317186501876336,0.7097781467197193,0.7045326028445567,0.0
3212,SHW,0.5329490722004828,0.7057678163975087,0.7033590821460107,0.0
3213,SHW,0.5337359722332848,0.6980309218019599,0.7004387020487373,0.0
3214,SHW,0.5346115773606939,0.6903892263591239,0.6961452167175934,0.0
3215,SHW,0.5354871824881027,0.6829092019954001,0.6907946541891514,0.0
3216,SHW,0.5361825159716334,0.6682072616651823,0.6827487620315921,0.0
3217,SHW,0.536877849455164,0.655448492329224,0.6730442886379897,0.0
3218,SHW,0.5378793550948344,0.6506206209122425,0.6640442016768078,0.07250155247360794
3219,SHW,0.5387040282852837,0.6421810704638717,0.6546826052519955,0.04638325398468226
3220,SHW,0.5397656307602896,0.6394719628386707,0.6464994749355899,0.04562512937280066
3221,SHW,0.5407413871502631,0.6347392179574427,0.6387408261227142,0.04071465535085903
3222,SHW,0.5417486153499642,0.630816262801809,0.6315291648204255,0.047372179672945554
3223,SHW,0.5418015515626649,0.6240312688961286,0.6240220718261497,0.053096667356654935
3224,SHW,0.5420318965673836,0.623275989456828,0.6178229562277029,0.08937021320637549
3225,SHW,0.5420347608164378,0.6220147196870769,0.6125406289502927,0.0
3226,SHW,0.5416427429245638,0.6086059918738667,0.6048805409277433,0.0
3227,SHW,0.5409903316103029,0.5975396399776279,0.5959181706300452,0.0
3228,SHW,0.5407242184222745,0.597214701992832,0.5886650516912317,0.0
3229,SHW,0.5406526820556563,0.5965289978525476,0.5826869348736632,0.0
3230,SHW,0.5404409344104659,0.5955684564581253,0.5776584287874288,0.0
3231,SHW,0.5402291867652753,0.5944035330713763,0.5733372652320529,0.0
3232,SHW,0.5400145776654204,0.5930917568232426,0.5695443639345182,0.0
3233,SHW,0.5406584049649859,0.6063133853188629,0.5698963494594297,0.0
3234,SHW,0.5407871704248992,0.6056012710674982,0.5699955520890035,0.0
3235,SHW,0.5410246673197867,0.6067408653945754,0.5703667856327161,0.08224280687228316
3236,SHW,0.541571209352335,0.605982044063824,0.5704694241199565,0.06108880149037466
3237,SHW,0.5419675180290118,0.6017833098022471,0.5694761604662204,0.03729714344856137
3238,SHW,0.5420962869819113,0.5988007829593944,0.5679176685867033,0.060853342993169114
3239,SHW,0.5426107777182461,0.6002878969421306,0.5670517528124289,0.03683864624301387
3240,SHW,0.5429741793169793,0.602742819385916,0.5669877717863286,0.0445854895466777
3241,SHW,0.543552190015568,0.6068645861624314,0.5679922485952426,0.09861778099772303
3242,SHW,0.5440872858801586,0.6093187183088831,0.5694243792257517,0.0
3243,SHW,0.5447640223534591,0.6106724108091336,0.5709167897202205,0.0
3244,SHW,0.5451932433475586,0.611382644982443,0.5722926223829665,0.0
3245,SHW,0.5485325609413043,0.6709341734890911,0.5886455497517786,0.0
3246,SHW,0.5524441694679969,0.7163201229076677,0.6133520829052851,0.0
3247,SHW,0.5534313713273304,0.6902686708037356,0.6264450448683302,0.0
3248,SHW,0.5539893549869537,0.6683664217688392,0.6313098384569146,0.0
3249,SHW,0.5547047186531373,0.6531839436440671,0.631313156468257,0.0
3250,SHW,0.5555116509643847,0.6420930228155941,0.6284752184342035,0.18438573794245497
3251,SHW,0.5560095412816595,0.6261392210233467,0.6221188007172306,0.038992444628441314
3252,SHW,0.5564273112176199,0.6112401102880768,0.6132177253771375,0.03670306354791968
3253,SHW,0.5561611980295917,0.5996200284103731,0.6031207446114798,0.028605878700062096
3254,SHW,0.556433034476248,0.5905256351982816,0.5927139156528237,0.027017698199130614
3255,SHW,0.5565875554732342,0.5828699089431717,0.5824276776788974,0.04869385220451252
3256,SHW,0.556962405335717,0.579999257819992,0.5734634598093188,0.09780169737114468
3257,SHW,0.5572871832345541,0.5734177818409467,0.5646064463120212,0.0
3258,SHW,0.5575733287010272,0.568101421667008,0.5561592161528526,0.0
3259,SHW,0.5576505848332873,0.5638368343907868,0.5483091913921888,0.0
3260,SHW,0.5576706153652391,0.5610302254503343,0.5413103464950686,0.0
3261,SHW,0.557559021427704,0.5588125509207724,0.5351432826161008,0.0
3262,SHW,0.5574588705144379,0.5570815648844057,0.5297662935854355,0.0
3263,SHW,0.5575761901556926,0.5602002012948939,0.5262634435256361,0.0
3264,SHW,0.5606579768296118,0.6235096793448637,0.5396759059422277,0.0
3265,SHW,0.5573787473387348,0.6018467663981804,0.5448575983461458,0.04591337197267646
3266,SHW,0.5538963570117525,0.5802346213309777,0.5434676773442204,0.05529186503829434
3267,SHW,0.5530613533132824,0.5573976767402812,0.536506771531747,0.05268319188573794
3268,SHW,0.5519482467501029,0.5338392311295038,0.5249042879532938,0.02880304284827158
3269,SHW,0.5505976397990493,0.5140339178571345,0.5105497896115173,0.04839060235975988
3270,SHW,0.5491669124666818,0.4992679267890314,0.49528434421030604,0.08333833574829227
3271,SHW,0.5479135939263335,0.48569151512639114,0.47959481471588167,0.1754574622231422
3272,SHW,0.5473756428944538,0.48888916562775453,0.46786216927287005,0.0
3273,SHW,0.5458619312810169,0.4728815682771739,0.45437620757920355,0.0
3274,SHW,0.5446372304310041,0.4677059930768821,0.4422618765301463,0.0
3275,SHW,0.5422193026364974,0.44011151573584384,0.42550294948291395,0.0
3276,SHW,0.5403679411191151,0.4348359175523534,0.4107446283926044,0.1119079900641689
3277,SHW,0.5384822435429508,0.42732212690546867,0.3970135490796169,0.08113434071620781
3278,SHW,0.5363819368669316,0.41855017509906245,0.3837820245631064,0.09886928172221071
3279,SHW,0.5341886294213212,0.4113800752383592,0.37136040815329524,0.07988563444421444
3280,SHW,0.5322514207710107,0.4132732350096594,0.36190798868230106,0.17533792175533014
3281,SHW,0.5304229487951542,0.41864587811254195,0.3557220875785396,0.11758228110122126
3282,SHW,0.5286660131859164,0.42592241426947813,0.35263702382005635,0.19836472779962738
3283,SHW,0.5265599825526712,0.43045181382251557,0.35132903682790345,0.0
3284,SHW,0.5218958114491532,0.44401576801214276,0.3537566298155973,0.0
3285,SHW,0.5201674952767443,0.44547993719400986,0.3560737053420688,0.0
3286,SHW,0.5180357115515168,0.4355159086452303,0.3553753915280583,0.0
3287,SHW,0.516180947865136,0.42912093176503846,0.3531788671856429,0.0
3288,SHW,0.5146042870434644,0.42559509766656733,0.3505186155964577,0.0
3289,SHW,0.5139719059118566,0.4420346296583292,0.35260088621166974,0.0
3290,SHW,0.5142094028067445,0.47428036594304873,0.36252543939757736,0.08348219830262885
3291,SHW,0.5147902864868537,0.5048455982792108,0.3782934101202491,0.10929776443800454
3292,SHW,0.5145098656762028,0.5247899942761176,0.3960159198667444,0.04098633823225005
3293,SHW,0.5152252027956878,0.5418632093052415,0.4145666976387395,0.03539329331401366
3294,SHW,0.5154483945130441,0.5517521854145357,0.43194007175681026,0.04553767335955288
3295,SHW,0.5168648131748934,0.5594113319871046,0.4478004218655969,0.049500620989443175
3296,SHW,0.5174828884303719,0.564065603662804,0.46168074805544507,0.13738925688263298
3297,SHW,0.5185101496071158,0.5712292482499668,0.4746197524875317,0.0
3298,SHW,0.5195717482398365,0.5730191528647451,0.48542938411156267,0.0
3299,SHW,0.5238281644987204,0.6377170148160377,0.5106474229825081,0.0
3300,SHW,0.525736758602384,0.6453104881399767,0.5327666847452355,0.0
3301,SHW,0.5275366160315931,0.6502805673766495,0.5517350244864313,0.0
3302,SHW,0.5277426411167525,0.6219984866920187,0.5596661259833638,0.06405816601117781
3303,SHW,0.5284236687241541,0.6061507588969572,0.5619521074275348,0.06467656799834402
3304,SHW,0.5284723148506492,0.5888114360258335,0.5593399674082716,0.05643448561374456
3305,SHW,0.5287842162034946,0.5697987036893833,0.552380738728431,0.055418132891740836
3306,SHW,0.5295596732120271,0.5518572959796431,0.5422182254119279,0.051039122334920306
3307,SHW,0.5305697628663935,0.5426860639102635,0.531739290542842,0.050445042434278616
3308,SHW,0.5314339242709354,0.5327057967087581,0.5208000093894395,0.12786534878907058
3309,SHW,0.5308358802460054,0.5129568617740464,0.5069905125353645,0.0
3310,SHW,0.5296483783066337,0.5039836023585501,0.49364469533887356,0.0
3311,SHW,0.5285209609771442,0.5031453448106639,0.4827533481317188,0.0
3312,SHW,0.5277912882911437,0.5066415254229256,0.4749357076683246,0.0
3313,SHW,0.5270101377143694,0.5099817481215755,0.4695370888587741,0.0
3314,SHW,0.5264092339812685,0.5131617163557385,0.4660326432040244,0.0
3315,SHW,0.5258169142628628,0.5161798901435483,0.46400209748665716,0.0
3316,SHW,0.5252904024129676,0.5190369067578517,0.4631093963502435,0.0
3317,SHW,0.5248611842132578,0.5272958363626667,0.46451050191777254,0.0
3318,SHW,0.5238925776176606,0.5194107825980558,0.4636118764966639,0.04555009314841647
3319,SHW,0.5197406103921167,0.5120205020738584,0.46100018697353257,0.041133823225005174
3320,SHW,0.5173799102937107,0.5012093414452619,0.4561418947361216,0.02845114883046988
3321,SHW,0.5150821625472268,0.49468977013365373,0.450585476688727,0.0250564065410888
3322,SHW,0.5141750863086874,0.4876265800077516,0.44433132703861167,0.045006727385634444
3323,SHW,0.5130305044427934,0.4850762170832126,0.4386748116314598,0.040467294555992545
3324,SHW,0.512257908190328,0.4871441788991626,0.4346792430384736,0.1334930656178845
3325,SHW,0.5117256748282986,0.48941205947555166,0.43206363483379195,0.0
3326,SHW,0.5114795869327418,0.49491298830900016,0.43138003912015166,0.0
3327,SHW,0.5111247703966,0.5025330392377011,0.4327848002373154,0.0
3328,SHW,0.5109158821102824,0.5091510348188695,0.43560360168642154,0.0
3329,SHW,0.5113050399446866,0.5149085255484815,0.4393332440001864,0.0
3330,SHW,0.5112764253980391,0.5173507211312057,0.4429424498571566,0.0
3331,SHW,0.5108328999250049,0.516816427689277,0.44569297199043,0.0
3332,SHW,0.5097541311671014,0.5074003957441275,0.44548176765039493,0.11862761333057337
3333,SHW,0.5089557881100295,0.5063519652693805,0.445044281507457,0.0636120885944939
3334,SHW,0.5080286761000581,0.503500791564446,0.44396405363409364,0.03643189815773132
3335,SHW,0.5068268668873628,0.4962845893494455,0.44125166686284134,0.03710256675636514
3336,SHW,0.5055764091030814,0.4903547899088443,0.4375630248049041,0.041837611260608566
3337,SHW,0.5039883052571403,0.4851494206007536,0.4332789186356855,0.044506313392672324
3338,SHW,0.5030053962784011,0.4795756092022353,0.4284240762609498,0.10676412750983233
3339,SHW,0.5020668356553815,0.4753572851543726,0.42345981060664983,0.0
3340,SHW,0.5018493651008615,0.48219974098015583,0.4212408791090643,0.0
3341,SHW,0.501385809095876,0.48469404921235393,0.4201045729420187,0.0
3342,SHW,0.5007820393672275,0.48193870852493226,0.4184898336791216,0.0
3343,SHW,0.49995793902658914,0.4783211674363146,0.4162715222766452,0.0
3344,SHW,0.49950583303184626,0.4872395347272518,0.4167810339672301,0.04881649761954046
3345,SHW,0.49890778830831906,0.49188812621266714,0.4183792346194536,0.052048747671289586
3346,SHW,0.49794919750264666,0.49185072020469,0.41964821476235936,0.039735561995446075
3347,SHW,0.4968732867064207,0.4927666145337798,0.42089797655965117,0.031200579590146965
3348,SHW,0.4958603282621179,0.4955311202050989,0.42260582765068727,0.04368039743324363
3349,SHW,0.494815898008087,0.4977809188528153,0.4245483240728017,0.09500413992962119
3350,SHW,0.49401754796504194,0.5027039369180357,0.4273631982945262,0.18937590560960463
3351,SHW,0.49331935302684693,0.5063290000715112,0.4305435442056855,0.0
3352,SHW,0.4930847140936372,0.5097737606625913,0.4339700886069496,0.0
3353,SHW,0.4922091061718392,0.5056627122921757,0.43565840768261443,0.0
3354,SHW,0.4921204017758296,0.5165168403454689,0.43978900832385526,0.0
3355,SHW,0.490103074490698,0.4804380824059623,0.4338530435442187,0.0
3356,SHW,0.490331992959669,0.49802506083380116,0.43360862611922746,0.0
3357,SHW,0.4899751669083068,0.4991750906965592,0.4337076363553261,0.1629083005588905
3358,SHW,0.48972050198402783,0.5005105565651212,0.4341288823526937,0.12041968536534878
3359,SHW,0.4895931689979407,0.5040716169034042,0.43537793336528186,0.08624353135996687
3360,SHW,0.4889336029991218,0.5057944206651992,0.43681841646915565,0.09391275098323328
3361,SHW,0.4879707193128544,0.4978040399659546,0.43592431687747224,0.05756882632995239
3362,SHW,0.4872009855629502,0.4906358816003581,0.43337313766076385,0.14576278203270543
3363,SHW,0.48669164698192624,0.48878854694765095,0.4308590573012475,0.09949803353342992
3364,SHW,0.48565293719213387,0.48814570043846245,0.4286831479887233,0.0
3365,SHW,0.4846943505780448,0.4869319890683339,0.4266315663364745,0.0
3366,SHW,0.48308335509478595,0.4690123857099475,0.42040075514459807,0.0
3367,SHW,0.48267417092001397,0.48076258365575925,0.41842555184545926,0.0
3368,SHW,0.4821619740280134,0.4900450691292516,0.4192228075014578,0.0
3369,SHW,0.4807140786662547,0.4783233761529887,0.41685846702820095,0.06355516456220243
3370,SHW,0.4791860629231821,0.4708828611200206,0.4130613394652788,0.0692387704409025
3371,SHW,0.47783831777609187,0.468871652269087,0.4095085291789463,0.05027582281101221
3372,SHW,0.4761786751184418,0.4619472050689909,0.4048928003982085,0.038767853446491404
3373,SHW,0.47478357101043756,0.45566857796369936,0.39959214343779875,0.05312823432001656
3374,SHW,0.472584543799186,0.44894910707192015,0.39363063558745864,0.057140343614158554
3375,SHW,0.47257595629150395,0.4446795958587902,0.3877679275614407,0.13348944317946593
3376,SHW,0.47031826856102743,0.4415881574132826,0.3822859858838633,0.0
3377,SHW,0.4687121332193951,0.4405084890326058,0.37762390925841804,0.0
3378,SHW,0.46726137465647843,0.443943999970265,0.3747741466210064,0.0
3379,SHW,0.4657204795730254,0.44795119116264254,0.3735206531889503,0.0
3380,SHW,0.46426256911994046,0.45236061399398575,0.3736471941735824,0.0
3381,SHW,0.46329110945284646,0.45703492574096916,0.37494560570150726,0.0
3382,SHW,0.4623983380425398,0.46186350302873275,0.3772210239568683,0.0
3383,SHW,0.4612623401913416,0.4647677595614458,0.37978519302606,0.0
3384,SHW,0.4600805594148061,0.46718487326229285,0.38245559634789705,0.0
3385,SHW,0.4597057071072326,0.48511400155903006,0.38918390439045986,0.058639515628234315
3386,SHW,0.4604768663449894,0.5056559311196185,0.3998277235241891,0.04590405713102877
3387,SHW,0.4599990065596664,0.5215722290290722,0.4124192406744569,0.04762057545021734
3388,SHW,0.4596499115356594,0.5362877035110509,0.42626136287909844,0.041700476091906434
3389,SHW,0.45985593662081903,0.539651206231362,0.43819651665331943,0.030111260608569654
3390,SHW,0.4599446410168284,0.5409307667618684,0.4480723590775764,0.03968743531359967
3391,SHW,0.45982732032767837,0.5407388007892144,0.45592386693783565,0.08022614365555784
3392,SHW,0.46002189819698436,0.54080089844984,0.46222097759938024,0.0
3393,SHW,0.460312480804401,0.5410613197131493,0.4673253648891631,0.0
3394,SHW,0.461243883599175,0.5516005448327794,0.47410816756549173,0.0
3395,SHW,0.4613984045961612,0.5437910579852341,0.477534253933475,0.0871387911405506
3396,SHW,0.46142988409046004,0.5342797164813922,0.47783909041905814,0.10372283171186089
3397,SHW,0.4615987078198873,0.5299234153208411,0.47696722933156055,0.0777809977230387
3398,SHW,0.461507138126928,0.5244461707243948,0.474866915587916,0.07658559304491823
3399,SHW,0.4611437354802985,0.5149924029883001,0.4707653777038819,0.056502276961291655
3400,SHW,0.460577163265097,0.5039354422140138,0.4646522527591272,0.10166425170772096
3401,SHW,0.4600792718999267,0.4973094081806587,0.4580647014498656,0.19431225419167872
3402,SHW,0.4595470413322855,0.49212302547083625,0.45146633070282793,0.0
3403,SHW,0.4569803164980186,0.4452182591248857,0.4341744453998098,0.0
3404,SHW,0.45639944120107745,0.44945662354261595,0.42142646162578,0.0
3405,SHW,0.45507172798313356,0.45373733884550616,0.4123244459294271,0.0
3406,SHW,0.45346788543793926,0.4582951221886999,0.4062101670069741,0.0
3407,SHW,0.45190266659264133,0.4630180410809319,0.40252837180904144,0.0
3408,SHW,0.4502487433513336,0.4678165172392974,0.40081191522099274,0.0
3409,SHW,0.44900687028034536,0.4726195071969683,0.4006688855893505,0.0
3410,SHW,0.4478394006194186,0.4773127646332421,0.4017564929699412,0.0
3411,SHW,0.4459680068235914,0.4661208351756849,0.39976011623052443,0.13731836058787
3412,SHW,0.44404940426527584,0.45744937044072387,0.3959420903929577,0.08804698820120058
3413,SHW,0.4421551216265198,0.45231462139696427,0.39157256437172244,0.054366073276754294
3414,SHW,0.43955119823090993,0.44512177632244504,0.3862347212830891,0.042574518733181535
3415,SHW,0.4377627890654505,0.441315270982525,0.3809895295379069,0.07826122955909749
3416,SHW,0.43625194135176915,0.44178579335164986,0.376913885728542,0.06424963775615813
3417,SHW,0.4344835644647549,0.44103607423848773,0.3734613535816358,0.12069706064996895
3418,SHW,0.43884442451749894,0.5647774074914588,0.40239179971356454,0.0
3419,SHW,0.4374451710906515,0.5382745101721348,0.41874826848875657,0.0
3420,SHW,0.43525616246371346,0.49743937812451966,0.4213748017691932,0.0
3421,SHW,0.432998472986744,0.46615195867995163,0.41546273458199207,0.0
3422,SHW,0.43155916129038285,0.4587398211164868,0.40883469364907266,0.0
3423,SHW,0.4322516333192481,0.4540795290541732,0.40233867286620645,0.0
3424,SHW,0.43121292527594957,0.45590133536842825,0.39760845494070207,0.0
3425,SHW,0.4307350612990426,0.46968794340031017,0.39735528899873424,0.06260039329331402
3426,SHW,0.4304460543779043,0.4853748586677647,0.40117046889984914,0.030232871041192298
3427,SHW,0.4302128479185203,0.4996500386880661,0.4078787536513428,0.042120678948457876
3428,SHW,0.43015848237568277,0.515173399302361,0.41722120469885504,0.038853756986131235
3429,SHW,0.43045893441688254,0.5350975614301012,0.4297981164325567,0.09262730283585179
3430,SHW,0.4308552486823376,0.5528868524399395,0.4444158162577213,0.0899270337404264
3431,SHW,0.4319225744159716,0.5648203458075269,0.4591663671609713,0.1312378389567377
3432,SHW,0.43304283112282604,0.574225067463851,0.47337553315353154,0.0
3433,SHW,0.4342675333700339,0.5840583382206379,0.4872613506644885,0.0
3434,SHW,0.4357068447170971,0.5914812747043484,0.5002711576620403,0.0
3435,SHW,0.43712040402007335,0.5969311807862616,0.5120748262283868,0.0
3436,SHW,0.43843094641423686,0.6007731581364837,0.5225017634016043,0.0
3437,SHW,0.43986167374660434,0.6033115790462118,0.5314934502536934,0.0
3438,SHW,0.43528048482836335,0.604799767178799,0.5390679525745887,0.0
3439,SHW,0.43673124234338423,0.6054481639545672,0.5452936209833865,0.0
3440,SHW,0.43904615916715506,0.6027971833523356,0.5495951899525732,0.0
3441,SHW,0.44136107599092544,0.6002254631287581,0.5523777794367765,0.0
3442,SHW,0.44324537113294915,0.6049746608017499,0.5558202094518527,0.6079833367832747
3443,SHW,0.44485064650126827,0.6024683454298034,0.5579322391796311,0.06081763610018629
3444,SHW,0.4458321212596885,0.5915262062942513,0.5568193762954354,0.04201407576071207
3445,SHW,0.44659326924840403,0.5892599752616985,0.5553486617974269,0.09826795694473194
3446,SHW,0.4470539592578422,0.5848610536666977,0.5530454440319508,0.0900512316290623
3447,SHW,0.44761051428592524,0.58422674024321,0.5510404102776437,0.09889774373835644
3448,SHW,0.4484947027294326,0.5938071206535976,0.551890098039357,0.2946755330159387
3449,SHW,0.44912136199960684,0.6029109625521908,0.5549015125803474,0.0
3450,SHW,0.44952625504027743,0.6069135324182962,0.5583357772828449,0.0
3451,SHW,0.4499297204973036,0.6074005722601634,0.5612079290655955,0.0
3452,SHW,0.4503618001516785,0.6079373633367269,0.5636431327350837,0.0
3453,SHW,0.4506651143461404,0.6078046074770578,0.5655572944098601,0.0
3454,SHW,0.4510943325458505,0.6097242886984071,0.5675802900463679,0.0
3455,SHW,0.4514806289255897,0.6097766192733611,0.5692120893954336,0.0
3456,SHW,0.4507352168417387,0.5860930608388789,0.5644517262099835,0.12780790726557648
3457,SHW,0.4497823562806673,0.562989610193253,0.5547262094611036,0.10802266611467605
3458,SHW,0.44882091170490024,0.5446719275444108,0.542254294633703,0.07193903953632788
3459,SHW,0.4479438751515614,0.5322147760479002,0.5290862530791123,0.07926930242185883
3460,SHW,0.44738016474032327,0.5265398979485327,0.5170983773220509,0.06204874767128958
3461,SHW,0.447125496323058,0.528789833110815,0.508084327229623,0.09326692196232664
3462,SHW,0.44678352419743006,0.5363448736767951,0.5028080744728881,0.16146553508590353
3463,SHW,0.446703404165415,0.5421754323250203,0.500080387483748,0.0
3464,SHW,0.44703819855277294,0.5469396388763297,0.49911844037484876,0.0
3465,SHW,0.44704678291676725,0.5508140914308988,0.4993412025156296,0.0
3466,SHW,0.44712118492963415,0.5530107452415107,0.5000820163899008,0.0
3467,SHW,0.44772351554778234,0.5687062032404845,0.5046945680974665,0.10046832953839784
3468,SHW,0.44774926759186884,0.5794629190369565,0.5111396057417257,0.1695425377768578
3469,SHW,0.44766056319585923,0.5873105318132645,0.5183055563942757,0.08809459739184433
3470,SHW,0.4479538657919815,0.5983210115130149,0.5268583068805417,0.08549472158973297
3471,SHW,0.44895823987229,0.6189422097874593,0.5389819821707402,0.11638739391430344
3472,SHW,0.44953339435569384,0.6263419623703709,0.5505761375606945,0.11716518319188574
3473,SHW,0.4501858049713574,0.6329567865559316,0.5615456421742504,0.20384392465328088
3474,SHW,0.4507123126296688,0.6373009222520034,0.5714338603378719,0.0
3475,SHW,0.4512817421079507,0.6398165012490392,0.5799887217408497,0.0
3476,SHW,0.45298288004982346,0.6408707827867525,0.5871026321008977,0.0
3477,SHW,0.45484854464894564,0.6398901478649763,0.5925426014282561,0.0
3478,SHW,0.4571262583704905,0.6464576916082101,0.5985766477853784,0.0
3479,SHW,0.4593195640696073,0.650610906319049,0.6044676009055474,0.0
3480,SHW,0.46096776579878007,0.6454499328782874,0.6078585414915151,0.0
3481,SHW,0.4606329745551101,0.6061832061830726,0.6005143501914341,0.0
3482,SHW,0.4617060211022814,0.6091277650932706,0.5953931538095955,0.0
3483,SHW,0.4626527947848147,0.6079336449455454,0.5909903601806947,0.1134294141999586
3484,SHW,0.4631936135587347,0.5981405725315984,0.5849599361087685,0.10507503622438417
3485,SHW,0.46403916922057964,0.5962599746299678,0.5796539405243499,0.07798954667770647
3486,SHW,0.46479459604645923,0.5915861044432117,0.5742120784084359,0.06488149451459324
3487,SHW,0.4654999435734204,0.6004346436423186,0.5721248652467905,0.06949803353342993
3488,SHW,0.46635551572378664,0.6085383883642569,0.5725306154406117,0.09705547505692402
3489,SHW,0.46756876970724526,0.6212928738632588,0.5761218780923867,0.18041916787414614
3490,SHW,0.4653296779391034,0.5651391661109041,0.564612872476626,0.0
3491,SHW,0.46571310937119126,0.5871634434340018,0.5610464976948132,0.0
3492,SHW,0.4662653680256932,0.5994781629258221,0.5613474280593445,0.0
3493,SHW,0.46658299054137453,0.6054501573980939,0.563117711929395,0.0
3494,SHW,0.4669006120091601,0.6096040960044471,0.5655978404630988,0.0
3495,SHW,0.4675873611286965,0.6198371854110052,0.570202829047671,0.0
3496,SHW,0.46746718387506325,0.6106591117273584,0.5715361434339582,0.09628596563858413
3497,SHW,0.46777908208422025,0.6108445219641103,0.5726502819754483,0.1012719933761126
3498,SHW,0.46718962486837556,0.6002184709494085,0.5708200622270534,0.06765369488718691
3499,SHW,0.4663712460398721,0.5867450323991082,0.5659050865965806,0.12608828399917202
3500,SHW,0.46571024966301966,0.5717212417336206,0.5581252320615852,0.07368971227489132
3501,SHW,0.4667460920600699,0.5602780600032005,0.5489705353792466,0.10011229559097494
3502,SHW,0.4662682329733443,0.5545804824184214,0.5401875217568449,0.21786741875388116
3503,SHW,0.46590233458775265,0.5495273522113338,0.5318669096196953,0.0
3504,SHW,0.4658679932894907,0.5441587843625328,0.5238354291857996,0.0
3505,SHW,0.4655289151033035,0.5401261442049199,0.5163774102044154,0.0
3506,SHW,0.46532574902771784,0.5371861270550198,0.5096580015909148,0.0
3507,SHW,0.46449306816537095,0.5351356580410775,0.5037573112014335,0.0
3508,SHW,0.46192062321616323,0.49985574919959563,0.49000091380545663,0.0
3509,SHW,0.4587215189967817,0.46703977106160305,0.4705910095815448,0.0
3510,SHW,0.4575082650133233,0.417563220626998,0.4423912154488396,0.533930863175326
3511,SHW,0.4524377694432049,0.3675967584766291,0.4070340338276814,0.20768940178016973
3512,SHW,0.4478508579649336,0.3359028793719099,0.3706308927914279,0.15355826950941834
3513,SHW,0.4432439177012035,0.3099891997764071,0.3348714015211368,0.09710670668598634
3514,SHW,0.43925218844389824,0.30511334541772994,0.3050150109290083,0.08852618505485406
3515,SHW,0.4349170835789291,0.3047176838683378,0.2810285621258319,0.1249342786172635
3516,SHW,0.4310598395471783,0.3005784893678953,0.26077927788715677,0.24605205961498652
3517,SHW,0.4268334713566635,0.3006946013034769,0.2446095889365023,0.0
3518,SHW,0.4232051443966889,0.3057822871359345,0.23297688935773586,0.0
3519,SHW,0.41970558813610714,0.3106097182081783,0.22490712516049244,0.0
3520,SHW,0.41645211453160247,0.31810493479621343,0.2203709790792649,0.0
3521,SHW,0.41298689712419234,0.32286362346823094,0.21796085146451594,0.0
3522,SHW,0.40967475985677493,0.33569681085607583,0.21931956889644505,0.14311788449596355
3523,SHW,0.4068276082737794,0.35716825518104833,0.22590578167308417,0.18935831090871455
3524,SHW,0.40348829207722847,0.36470543409684264,0.2331051645086249,0.10217605050714137
3525,SHW,0.400437985596205,0.37874118218426256,0.24245948860754907,0.05997981784309666
3526,SHW,0.39760228821503674,0.39618650795331023,0.2544110223877914,0.06276185054854067
3527,SHW,0.39490250294446994,0.414494518978533,0.268661273756423,0.1137062719933761
3528,SHW,0.39349752765618917,0.42302650536906516,0.28224667628235756,0.2869669840612709
3529,SHW,0.39238442179160726,0.431382127193604,0.2952550294672879,0.0
3530,SHW,0.3925961666424085,0.44167008913959327,0.3082966516573884,0.0
3531,SHW,0.39343457076338373,0.4510719232681929,0.32113793512952504,0.0
3532,SHW,0.39430159117749963,0.46552575885684255,0.33511285977327265,0.0
3533,SHW,0.3940612272391686,0.4516378081659317,0.3427358353377514,0.0
3534,SHW,0.39409270324048085,0.46013036208073077,0.3510093178251634,0.0
3535,SHW,0.3940927042883766,0.46779809592352284,0.35959195399007854,0.0
3536,SHW,0.3950255413034698,0.48720004478658924,0.3714272652249324,0.10055423307803767
3537,SHW,0.395811012006134,0.5006187991636609,0.3843323084041361,0.033633823225005174
3538,SHW,0.39657215580326555,0.513352812492442,0.3979177621381903,0.04375077623680397
3539,SHW,0.39772246022919044,0.5297661672749895,0.41298989253868396,0.04398830469882012
3540,SHW,0.39893571526054483,0.5451288855491762,0.4289822765949145,0.05129528048023183
3541,SHW,0.40011176893616685,0.5527034111297771,0.44371616163410454,0.0643577934175119
3542,SHW,0.40110326192960133,0.5613481000757645,0.4577173363306985,0.12712947629890292
3543,SHW,0.40102600684523737,0.5551040738053485,0.46731906407368373,0.0
3544,SHW,0.40070266107092767,0.5336371315957567,0.46950236051300337,0.0
3545,SHW,0.40178428674261357,0.5517638648131137,0.47589159336883224,0.0
3546,SHW,0.40215054874811584,0.5558090985117149,0.4820390397293577,0.0
3547,SHW,0.4023808986430162,0.5590191767841205,0.48777915795511423,0.0
3548,SHW,0.4029760822611772,0.5615383489160946,0.49301645967692015,0.0
3549,SHW,0.40390033211788645,0.5703359876333189,0.4994595410191978,0.0
3550,SHW,0.40576027764996403,0.5985273722281299,0.5118343474226356,0.0
3551,SHW,0.40884492542924966,0.6452211214075845,0.5336933358042514,0.23565462637135168
3552,SHW,0.4107392070201097,0.6623295584992114,0.5555623175138972,0.08825139722624714
3553,SHW,0.41418768708338294,0.6800713994357281,0.5776015204677872,0.048106499689505276
3554,SHW,0.4164425105648044,0.68632440449721,0.5968343944816616,0.027577106189194782
3555,SHW,0.4183395418347562,0.6823407825637008,0.611200413543294,0.05503415441937487
3556,SHW,0.41943547512906454,0.6737819491449804,0.6205011513350828,0.06666580418132892
3557,SHW,0.42071311358897256,0.666884787263408,0.6261752492976895,0.12538190850755537
3558,SHW,0.4221381211556985,0.6648215921782751,0.6301861047840338,0.0
3559,SHW,0.42127396219624713,0.6210882589645115,0.6221938638612212,0.0
3560,SHW,0.42030393081139517,0.5861210650354689,0.6068443181815911,0.0
3561,SHW,0.421528637599486,0.5986918388289442,0.5977842921277878,0.0
3562,SHW,0.42234129142286814,0.6022979086000193,0.5914598532577414,0.0
3563,SHW,0.423900784215149,0.6069169533371057,0.5875833259861059,0.0
3564,SHW,0.4259472639668722,0.6033323312148002,0.583564015340145,0.22048644173049056
3565,SHW,0.42617761281387634,0.5975243262681996,0.5788610280323135,0.05154108880149037
3566,SHW,0.42725638192107884,0.5996511085608145,0.5756433469439606,0.031854688470296
3567,SHW,0.4285125598203001,0.6044875848116874,0.5743079141786179,0.04004709169944111
3568,SHW,0.42964283301567585,0.6051873295833434,0.5734187857013925,0.03455858000413993
3569,SHW,0.43056851709270405,0.6078769825198602,0.5733963533862096,0.029365038294348993
3570,SHW,0.430645773224964,0.6134996102986635,0.5748184677622442,0.08357068929828192
3571,SHW,0.4295498364376691,0.6183417740314604,0.5771963280390005,0.0
3572,SHW,0.42951550037888686,0.6246829771091444,0.5807227170741596,0.0
3573,SHW,0.4290543789855972,0.6256876317790857,0.5838011391701151,0.0
3574,SHW,0.4288569414081198,0.6248411427701037,0.5860470751656401,0.0
3575,SHW,0.4289371753114999,0.6216759634321112,0.5870331622823228,0.0
3576,SHW,0.42782692950438816,0.5900971903405245,0.5797341170410579,0.05297919685365349
3577,SHW,0.42696849310496776,0.5712691602426039,0.5690726698844777,0.05071931277168288
3578,SHW,0.4260013200310926,0.5587237332973425,0.5573303934716264,0.045041916787414614
3579,SHW,0.4270529039217854,0.549282701098805,0.545518547261801,0.03979559097495342
3580,SHW,0.4279771509841055,0.5393961836320236,0.5335369480978388,0.040015524736079486
3581,SHW,0.4270357341459008,0.533985432538233,0.5225658741237925,0.05070689298281929
3582,SHW,0.42648919351054704,0.5323184133509475,0.5133620601245558,0.1028446491409646
3583,SHW,0.42583105893765794,0.5313208370961273,0.5057435109719567,0.0
3584,SHW,0.42378457918593493,0.4957971711115413,0.49055039579807064,0.0
3585,SHW,0.4235771219762481,0.5038102986414728,0.4804482156228975,0.0
3586,SHW,0.423305283084501,0.5165165750674059,0.47562078673340386,0.0
3587,SHW,0.42271296266749836,0.5240334463438241,0.4736840550694408,0.0
3588,SHW,0.4229619106205249,0.5449590956689856,0.47749412025278376,0.0
3589,SHW,0.42234812300616054,0.5465334590236405,0.4809453963262298,0.08518577934175119
3590,SHW,0.42194180133394954,0.5562252885767253,0.4861886761618872,0.058179465949078864
3591,SHW,0.42178441958089596,0.5700005983834533,0.49391141474188727,0.0381975781411716
3592,SHW,0.421486825850673,0.5810234191464533,0.5029127563474328,0.030600289795073482
3593,SHW,0.42183878267864316,0.5994807882053522,0.5148411073646724,0.050989443179465944
3594,SHW,0.4224024861039082,0.6169382296988998,0.5288549657434144,0.07594131649761954
3595,SHW,0.42318652188765604,0.6327109269920437,0.5441057354836918,0.18228938108052162
3596,SHW,0.4251494815341572,0.639959886715696,0.5581629455596525,0.0
3597,SHW,0.4270466256275782,0.6496378832304027,0.5718874296972425,0.0
3598,SHW,0.4288293132809027,0.6561918208633716,0.5845456031230089,0.0
3599,SHW,0.4305905393256446,0.6601649112228397,0.595689724679829,0.0
3600,SHW,0.43236464401216934,0.6597878650832358,0.6045084533507336,0.0
3601,SHW,0.4332259359281774,0.64178303035221,0.6069520610673393,0.08602877251086731
3602,SHW,0.4339827962757785,0.6268841320982688,0.6050910604945551,0.0847557441523494
3603,SHW,0.4348297903495266,0.6162858065795097,0.6008878304732653,0.12348530324984475
3604,SHW,0.4373020913714414,0.605519276445408,0.5947677365424382,0.07070275305319809
3605,SHW,0.4383665528560219,0.6028797970114601,0.589195641304421,0.1390100393293314
3606,SHW,0.4392513148479371,0.602435075799289,0.5846240636865128,0.08433657627820326
3607,SHW,0.4400754123941859,0.597428376050348,0.5796844920624546,0.18199492858621402
3608,SHW,0.44013264148748066,0.5920186056730448,0.5743472913001827,0.0
3609,SHW,0.4409224050707392,0.5874082732630691,0.568896738256029,0.0
3610,SHW,0.44110839787745393,0.5794379713986691,0.5624949523113975,0.0
3611,SHW,0.44119138180922457,0.577003742770183,0.5567500720358536,0.0
3612,SHW,0.4412571977116042,0.5748957848118719,0.5516142803219078,0.0
3613,SHW,0.4407736139690557,0.5718967934244343,0.5467375491161433,0.0
3614,SHW,0.44045313244380013,0.5761944699313838,0.543936879556271,0.1531758435106603
3615,SHW,0.43958611202968423,0.5709411022562142,0.5403508581051796,0.06963672117574
3616,SHW,0.4394873942888413,0.57813701298361,0.5393250483870413,0.0751169530117988
3617,SHW,0.43892797675819795,0.5790538854102678,0.5387392288045948,0.05759211343407162
3618,SHW,0.4390782031280962,0.5940645781313814,0.5421150925405106,0.08728368867729248
3619,SHW,0.43908965034394987,0.6025324614473111,0.5469845669628752,0.09711705651003932
3620,SHW,0.4388235378545189,0.6006559829580647,0.550399545232515,0.16242030635479196
3621,SHW,0.44006827482526245,0.6130562515257587,0.5563074687579946,0.0
3622,SHW,0.44055328859654597,0.6067654541006201,0.5594226165958208,0.0
3623,SHW,0.4407106651101196,0.5964384773007606,0.5592698027895022,0.0
3624,SHW,0.4414317485419448,0.5976419368258957,0.5594557802572622,0.22599875802111363
3625,SHW,0.4421070476512383,0.603533858505894,0.5611135936688542,0.06060908714551852
3626,SHW,0.4422910407230949,0.599715651334988,0.5614619300658816,0.04800196646657007
3627,SHW,0.44277462726003236,0.5982253950440299,0.5613589166502057,0.029900124197888633
3628,SHW,0.4429291489556162,0.5888302249012086,0.5588702269691144,0.05821827778927758
3629,SHW,0.44330686376575046,0.5856994115186569,0.5560774153090134,0.04387445663423722
3630,SHW,0.44387057068400204,0.5827124141351633,0.5530781400352592,0.12800093148416475
3631,SHW,0.44417674633312854,0.5788770970577114,0.5496964233166506,0.0
3632,SHW,0.44448292198225525,0.5756500714623256,0.5461645482777631,0.0
3633,SHW,0.44505521291520234,0.577209388057977,0.5437384184167727,0.0
3634,SHW,0.44510672084566094,0.5743646855307069,0.5410689329587058,0.0
3635,SHW,0.4455702789464384,0.5719652059393284,0.5383187929513092,0.0
3636,SHW,0.444535860640046,0.5507427252930944,0.530683206372952,0.0
3637,SHW,0.4437217799316169,0.53421389771948,0.5203413949536051,0.0
3638,SHW,0.4436316434110805,0.5508763389013138,0.5163355089210633,0.051838128751811215
3639,SHW,0.4437289318217852,0.5649644736412583,0.5167390351278965,0.07086524529083005
3640,SHW,0.4439635644676192,0.5707289711189806,0.5185382518071985,0.059892879321051536
3641,SHW,0.4432868307887081,0.5708138572848455,0.5199993660867634,0.03509987580211136
3642,SHW,0.44322960309260795,0.5680282930870038,0.5204548223743606,0.05739080935624094
3643,SHW,0.44342132439743054,0.565981542744195,0.5202949763270474,0.08142413578969157
3644,SHW,0.44296062565552563,0.5606735128817352,0.518807613676577,0.12373007658869799
3645,SHW,0.44223668146763284,0.5565001721886891,0.5165488528809338,0.0
3646,SHW,0.4408846423920525,0.5324837347970784,0.5085907850473944,0.0
3647,SHW,0.4402951834297142,0.5315342031019212,0.5019811379384638,0.0
3648,SHW,0.4403695781073096,0.5369025111382826,0.49806834443266584,0.0
3649,SHW,0.4402207796703539,0.5413646457992336,0.49608094584461776,0.0
3650,SHW,0.44008342949714785,0.5450659650274718,0.4954390041161984,0.0
3651,SHW,0.4398802662159518,0.5455535255082243,0.49505032409958033,0.0
3652,SHW,0.43837514106230113,0.5194601348708527,0.4880563742830343,0.0
3653,SHW,0.4368013382023075,0.5023396751023996,0.4780763441928479,0.4813030428482715
3654,SHW,0.43492708504760746,0.4795670114893824,0.4642598146714713,0.13308735251500722
3655,SHW,0.4325892776344151,0.45315228554906956,0.4464412852647276,0.10982405299109914
3656,SHW,0.43113852326308266,0.4326140313408754,0.4269262303662034,0.11771889877872076
3657,SHW,0.43014774283892465,0.4273767223426211,0.40997281357196225,0.11158404057131029
3658,SHW,0.4279386994884504,0.4291824712435209,0.3968725662332073,0.10456323742496376
3659,SHW,0.4255207668037626,0.42874452242894256,0.38628020147250985,0.1223276754295177
3660,SHW,0.4233317578275262,0.4293634230239205,0.37796482169197276,0.0
3661,SHW,0.4213530615775627,0.4313300286423585,0.37181620238073565,0.0
3662,SHW,0.4195074219216146,0.43433011704990754,0.3676656857337406,0.0
3663,SHW,0.4176503340019162,0.4381057251536836,0.36531227632985586,0.0
3664,SHW,0.41597066360670354,0.4424459072860779,0.3645411506978576,0.0
3665,SHW,0.41423948353453866,0.4461253459129524,0.36486662330266995,0.0
3666,SHW,0.41366719260159157,0.45322549217698754,0.3669454817575041,0.0
3667,SHW,0.4120447439644015,0.45607620476213073,0.36933868937897385,0.08034930656178844
3668,SHW,0.4104480533093753,0.46580873881610874,0.37374593963770597,0.06029910991513144
3669,SHW,0.40900301940228156,0.47760262158388644,0.38029237399972715,0.0477245911819499
3670,SHW,0.40750933692360203,0.48677966328666633,0.3878799336610962,0.05015110743117367
3671,SHW,0.4061787587580068,0.49555802025950024,0.396198282939337,0.05736389981370316
3672,SHW,0.40621166269226205,0.5044214685153632,0.40512305738154414,0.0783626578348168
3673,SHW,0.40630609558637953,0.5161188654750231,0.41525879926869885,0.15617832746843302
3674,SHW,0.4069012785059434,0.5260106320122553,0.4259008593597282,0.0
3675,SHW,0.4079600156839991,0.5341409108448436,0.4364968240381377,0.0
3676,SHW,0.40907025695022825,0.5407984539677196,0.4466787172019908,0.0
3677,SHW,0.4097062169959589,0.5459336046615401,0.4561394399543545,0.0
3678,SHW,0.4067932571951549,0.48191798468132085,0.4473124195246968,0.0
3679,SHW,0.4040434024060324,0.43264609626896344,0.42763135020250864,0.0
3680,SHW,0.4013192975652049,0.39548706749994306,0.40236937187032085,0.0
3681,SHW,0.3985951927243774,0.368241635645439,0.37518172407972,0.0
3682,SHW,0.39587108788354963,0.34907375615249675,0.34852235309171986,0.0
3683,SHW,0.3953932249545389,0.38240210645387845,0.33573087071095853,0.0
3684,SHW,0.3959612261505794,0.43192518917202527,0.3381814733488117,0.039254295176981986
3685,SHW,0.3964694469758754,0.46990136050110043,0.34986836383984316,0.03835903539639826
3686,SHW,0.3970360181431807,0.5047948317816667,0.36815474742370596,0.038257607120678945
3687,SHW,0.39789731879165546,0.534862256224013,0.3904846845443102,0.030803663837714757
3688,SHW,0.3982435523609975,0.5544843428057501,0.41337421793438384,0.046994928586214034
3689,SHW,0.39854686585686205,0.5721379273379269,0.4362072581153293,0.06507193127716829
3690,SHW,0.3989360282321486,0.5865847065953241,0.45817378086759764,0.11259884081970606
3691,SHW,0.3992507899917628,0.5968324535701136,0.47837163890463125,0.0
3692,SHW,0.3995097544333104,0.6045516162604548,0.4965069473998347,0.0
3693,SHW,0.3995669814308134,0.61008465864037,0.5124323099265093,0.0
3694,SHW,0.40046261674087513,0.631226485611406,0.5305874176042564,0.0
3695,SHW,0.40135825205093734,0.6469718732898586,0.5491441922801872,0.0
3696,SHW,0.40165727371410354,0.6461054912058828,0.5637677153507937,0.04449389360380873
3697,SHW,0.4020457193285294,0.645975008883102,0.5754331148418219,0.07074518733181535
3698,SHW,0.4059888045551314,0.6494076880337595,0.5856446078239276,0.03537362864831298
3699,SHW,0.4100263139433844,0.653002738964118,0.5947345620512312,0.055035706892982816
3700,SHW,0.4139035825690096,0.6514745978450446,0.6016151398861024,0.050898882219002274
3701,SHW,0.41787241983969814,0.6511009991241535,0.6070239165279149,0.08850910784516662
3702,SHW,0.42167529658211755,0.6463681855754395,0.6101387756945849,0.18015214241357896
3703,SHW,0.4232262050104041,0.6415517244713921,0.6113970771763612,0.0
3704,SHW,0.42373124931363915,0.6368417555228143,0.6111974071447417,0.0
3705,SHW,0.4245106830874741,0.6356053360552948,0.6107210009483856,0.0
3706,SHW,0.42492559087017256,0.6304315675466245,0.6090147770247216,0.0
3707,SHW,0.4252374904765248,0.6255683823343127,0.6064042451154419,0.0
3708,SHW,0.4250343296404191,0.6062533944849495,0.5993688896285917,0.09527116539018836
3709,SHW,0.4247052641004678,0.5902352511233704,0.5896380588690192,0.1438159801283378
3710,SHW,0.4245335750740906,0.5813141107326365,0.5795685232060257,0.06724177188987787
3711,SHW,0.4243475822673761,0.5730211235483712,0.5693889054153252,0.046105878700062095
3712,SHW,0.4241386985219413,0.5660171661316603,0.5594513665762088,0.049699855102463254
3713,SHW,0.42370518953742864,0.5558591954718802,0.5488996890645584,0.052044607741668386
3714,SHW,0.4225033810233305,0.5496090779101729,0.5388575749472212,0.1445176981991306
3715,SHW,0.4213015700641418,0.5448236032763061,0.529598234016863,0.0
3716,SHW,0.4206963727518491,0.5412402262481869,0.521272991335853,0.0
3717,SHW,0.41980144966176525,0.5342494463728023,0.5128223275995026,0.0
3718,SHW,0.4188743376517938,0.532922016311602,0.5057218169226272,0.0
3719,SHW,0.41785280148017145,0.5321835640850274,0.4998522769422806,0.0
3720,SHW,0.4166366832476589,0.5246567054738853,0.4932288755669885,0.11983906023597599
3721,SHW,0.4152345722084321,0.5172237977783758,0.48602644766396863,0.05114520803146346
3722,SHW,0.41386679722798747,0.5091882326776865,0.47820644669572077,0.12828296418960877
3723,SHW,0.4122933094353898,0.4991393794662407,0.46937674650193195,0.047610743117367
3724,SHW,0.41082537969939414,0.4941121910804113,0.46102542929372053,0.07274166839163734
3725,SHW,0.4093259802494622,0.4936100397225,0.45421576516425644,0.06898571724280687
3726,SHW,0.4082214608446668,0.49870741650672273,0.4500735674766014,0.22160577520182156
3727,SHW,0.40713983098139694,0.5038607843191127,0.4480796832928436,0.0
3728,SHW,0.40677928664574425,0.508531062415064,0.4476807215925184,0.0
3729,SHW,0.40633289797155214,0.510662403234767,0.44790742851429205,0.0
3730,SHW,0.4056919324759505,0.5128874850382629,0.4486586791544992,0.0
3731,SHW,0.4051024710685216,0.5151606535748938,0.44984188068197933,0.0
3732,SHW,0.4045301776904837,0.5174455918478925,0.4513736573690878,0.0
3733,SHW,0.4038133818997731,0.5121628203658601,0.4512460620502122,0.0
3734,SHW,0.40301503360322144,0.5085620259542587,0.45022175494042993,0.0
3735,SHW,0.4027575068749796,0.5173830748918745,0.45166154501311206,0.1108636928172221
3736,SHW,0.4024541958242054,0.5238362259888922,0.45446614986839906,0.11195663423721795
3737,SHW,0.40244131788101956,0.5308482717697594,0.45850574994065696,0.08033326433450631
3738,SHW,0.40959033402011435,0.5628599842186003,0.5138667712510862,0.0
3739,SHW,0.4099938001757384,0.5837883247302208,0.5195851856330589,0.10764334506313392
3740,SHW,0.4101182772959395,0.5962486789127974,0.5273512470991621,0.12020544400745187
3741,SHW,0.4103886868575488,0.6064689253372335,0.5361816927015155,0.0729010556820534
3742,SHW,0.411229954179682,0.6188271993656458,0.5464112345055298,0.045352929000206994
3743,SHW,0.4140999928591127,0.632222241844224,0.5580255890789774,0.05687745808321258
3744,SHW,0.4146150515550773,0.6359748680610331,0.5682781905599802,0.07611778099772304
3745,SHW,0.41587265773654036,0.6455930673267766,0.5789436726267564,0.24438573794245497
3746,SHW,0.4180359202574693,0.6637945393862239,0.5921377960011002,0.0
3747,SHW,0.4193636380162957,0.6597731429842895,0.6016631398026168,0.0
3748,SHW,0.42101612983167325,0.6637902709510803,0.6103122765156443,0.0
3749,SHW,0.4225813458825818,0.66691845530255,0.6180327724572193,0.0
3750,SHW,0.42419521050507614,0.6681438441230431,0.6245230142263458,0.0
3751,SHW,0.42571464223345323,0.6678644741791478,0.6296436557692877,0.0
3752,SHW,0.4269450677392892,0.6605559413315193,0.6318683169276599,0.0
3753,SHW,0.42844733143827485,0.6551402733879821,0.632260991914219,0.0
3754,SHW,0.42952323524852765,0.6411428820843589,0.6289901379633334,0.05952183812875181
3755,SHW,0.4303959782226745,0.6250886686100241,0.6222616702014333,0.055894224798178425
3756,SHW,0.43136600960752625,0.6137519421037024,0.6139753481132749,0.031220761747050296
3757,SHW,0.43241329817253393,0.6082305819730113,0.605932166754951,0.024812668184640858
3758,SHW,0.4332738775192648,0.601167690920732,0.5976886830544457,0.029895984268267436
3759,SHW,0.4331737248595058,0.5943531794677422,0.5893485721451701,0.04328451666321672
3760,SHW,0.4333926216004753,0.5914837726830972,0.5819415746257046,0.1103394742289381
3761,SHW,0.4335256771465936,0.58799185219934,0.575121630406461,0.0
3762,SHW,0.433419803673297,0.5849299976657728,0.5688814767679538,0.0
3763,SHW,0.433022061824198,0.5806595630888067,0.5627956156206384,0.0
3764,SHW,0.43043817140563,0.526439371066307,0.5440401205388985,0.0
3765,SHW,0.43005759863381754,0.5369567039697407,0.5317294103116248,0.0
3766,SHW,0.42946528066190526,0.5527691773415098,0.5259307125654228,0.06820534050921134
3767,SHW,0.42980293161374683,0.5671647908176645,0.5249787404615877,0.041352204512523284
3768,SHW,0.4301563223127376,0.5869885388414977,0.5292943957424768,0.043544814738149445
3769,SHW,0.43049397186738436,0.6030540590826723,0.536861600443027,0.03741513144276547
3770,SHW,0.4311020309836404,0.6206748468385781,0.547428377804004,0.05379993790105568
3771,SHW,0.4319890836762017,0.6394889373224039,0.5607004404602385,0.064193748706272
3772,SHW,0.4334684595801548,0.659579626584345,0.5764636921973284,0.18268474435934587
3773,SHW,0.4353112363842446,0.6830754569305061,0.5950920155740662,0.0
3774,SHW,0.437431577434501,0.6970890414565547,0.6135838156029851,0.0
3775,SHW,0.4396463440436029,0.7042747596327641,0.6302176525656947,0.0
3776,SHW,0.4417552378780061,0.7080778129390645,0.6444987552797068,0.0
3777,SHW,0.443669554890999,0.7093628927340069,0.6562527704427379,0.0
3778,SHW,0.44569046039165605,0.7086605564753774,0.665476101109788,0.0
3779,SHW,0.4480883573049119,0.7133161490739002,0.6740471500593095,0.0
3780,SHW,0.45204288974736784,0.7499201942122363,0.6902789703964064,0.12984578762161042
3781,SHW,0.45628356870419284,0.7814026501257654,0.7113276729683636,0.10100134547712689
3782,SHW,0.46040406272281387,0.8010797523733284,0.7332063092614157,0.07855982198302629
3783,SHW,0.4644015106978643,0.8096444592966826,0.7529028000678616,0.05499999999999999
3784,SHW,0.47107442227742924,0.8176001793716741,0.7706976015530923,0.057572448768370935
3785,SHW,0.47537947907402955,0.8250758177017082,0.7868480936594706,0.11443852204512522
3786,SHW,0.4793254187693232,0.8278756727260679,0.8004855826288195,0.1881820534050921
3787,SHW,0.47748836557316054,0.710643934941307,0.7813703312120717,0.0
3788,SHW,0.4807060702957593,0.7291061065839798,0.770806637843084,0.0
3789,SHW,0.48407972744127337,0.7456754610714497,0.7665994050058458,0.0
3790,SHW,0.48734607794106877,0.7598706060561269,0.7668692610958001,0.0
3791,SHW,0.49033343486455894,0.7687074067601444,0.7693484160505155,0.0
3792,SHW,0.49286009549123433,0.7700845317395525,0.7716844475009113,0.0
3793,SHW,0.49494323448716115,0.768586724027202,0.7731696560675507,0.0
3794,SHW,0.497395501134839,0.7695948028949706,0.7746160107898541,0.0
3795,SHW,0.5010467165884436,0.7902904966470223,0.7810736491552324,0.08967035810391223
3796,SHW,0.5047408524648243,0.8045760344352553,0.7898985534963987,0.104051956116746
3797,SHW,0.5081459873581442,0.8070623750096925,0.7975952753340496,0.08989184433864623
3798,SHW,0.511921675740366,0.8137678719328936,0.8054700560912409,0.04992289381080521
3799,SHW,0.5155428497622763,0.8198687655562238,0.8133324337609618,0.05075243220865245
3800,SHW,0.5173741790012132,0.8197777486908155,0.8195990247736971,0.09458704202028564
3801,SHW,0.5187276414688542,0.8119391504596573,0.8226046858405054,0.18262885530945971
3802,SHW,0.5201326164078364,0.8015149061330495,0.8223393705829511,0.0
3803,SHW,0.5217808184863075,0.7914664432727,0.8195535189339401,0.0
3804,SHW,0.5232287152452608,0.7809488978050643,0.8146310973349418,0.0
3805,SHW,0.5244720190435816,0.7701836955421835,0.8079359902346248,0.0
3806,SHW,0.5250328673015576,0.7453575036590165,0.7962214520736799,0.0
3807,SHW,0.5319661719542108,0.7377770602548006,0.7849083280853106,0.0
3808,SHW,0.5335456949291442,0.7323219570435282,0.7744606748441922,0.0
3809,SHW,0.5349277775322114,0.7260772088648226,0.7645031553427808,0.0
3810,SHW,0.5364872675301022,0.726250452456204,0.7565815106684762,0.06635789691575243
3811,SHW,0.537943749351647,0.722377428737311,0.7492522410526965,0.07763092527427033
3812,SHW,0.5397958269312928,0.7224170156785701,0.7433989643167858,0.052887083419581864
3813,SHW,0.5414211314343693,0.7157756185881713,0.7370153568080983,0.06635893189815772
3814,SHW,0.5424226405670263,0.7005952694941417,0.7280204992262512,0.07186814324156489
3815,SHW,0.5421307753349116,0.6829367171537127,0.7163019273431976,0.07999327261436555
3816,SHW,0.5420563834517056,0.6728446814534221,0.7043423105738069,0.18880304284827157
3817,SHW,0.5422852959825988,0.6639374043001719,0.6924932967375941,0.0
3818,SHW,0.5421436550245908,0.6557672725799542,0.680921561992481,0.0
3819,SHW,0.5422023117015298,0.6561113454731994,0.6717522977052995,0.0
3820,SHW,0.541970534222985,0.6474350462308559,0.6621947236216799,0.0
3821,SHW,0.5419733981227401,0.6396339411709714,0.6525506553144289,0.0
3822,SHW,0.5420449344893588,0.6326074310410449,0.6430357798900372,0.0
3823,SHW,0.5430836425326573,0.6469303895491301,0.6390922573462472,0.0
3824,SHW,0.5445429847609708,0.665758908888926,0.6407597755787859,0.10002018215690332
3825,SHW,0.5461353835832985,0.6820201558516069,0.6462585999179833,0.060276340302214855
3826,SHW,0.5486248470458259,0.6977236398516331,0.6546796156066039,0.06662906230594079
3827,SHW,0.550466191026791,0.7091820907519097,0.6643511519320776,0.05261902297660939
3828,SHW,0.5521558761640317,0.7158670286302333,0.6738005187232744,0.08070327054440074
3829,SHW,0.554073050789404,0.7239747644264691,0.6834365550682087,0.06757814117160008
3830,SHW,0.5559101085264488,0.7337779164483049,0.6936561548892295,0.1556266818464086
3831,SHW,0.55784731193728,0.7394124941315061,0.7032749555684421,0.0
3832,SHW,0.5595291308685819,0.7414827683108828,0.711500232084108,0.0
3833,SHW,0.5616323017936553,0.7448342873303686,0.7189388400570355,0.0
3834,SHW,0.5641360746252986,0.7453467237451465,0.7250209709938694,0.0
3835,SHW,0.5661476748095164,0.7294051948921578,0.7258037517830965,0.0
3836,SHW,0.5669002335440565,0.6943738415893381,0.7174577910564284,0.0
3837,SHW,0.5689218523125876,0.6916418157186828,0.710081299506854,0.10937849306561788
3838,SHW,0.5713798411709978,0.6969205302669294,0.7055320838790696,0.08891068101842269
3839,SHW,0.5733599709426824,0.6975573585248606,0.7020558150149464,0.07134599461809149
3840,SHW,0.5755661503934009,0.693262189203529,0.6981747266560788,0.07300041399296212
3841,SHW,0.5779154025773567,0.6912980489749103,0.6945668028882763,0.06762782032705443
3842,SHW,0.5801676545220054,0.6862716534122333,0.6903931098777047,0.06949130614779549
3843,SHW,0.5812550038016182,0.6777207937557117,0.684864120241496,0.2549332436348582
3844,SHW,0.5820733794864339,0.6727752067164748,0.6791742711117656,0.0
3845,SHW,0.582607041480004,0.6645059431510613,0.6725044786105632,0.0
3846,SHW,0.5829275264982465,0.656829200551222,0.6652024871232944,0.0
3847,SHW,0.5832122433331799,0.6497041680252629,0.6575360397249527,0.0
3848,SHW,0.5835255764612535,0.6430925839335485,0.6497095313533745,0.0
3849,SHW,0.5836114201011953,0.6369586199437816,0.6418773016522316,0.0
3850,SHW,0.5834368703187505,0.6312687624611283,0.634154238877459,0.0
3851,SHW,0.5832651830388667,0.6259916933527891,0.6266242324737282,0.0
3852,SHW,0.5830791884856588,0.6205128310236322,0.6191969881454663,0.0
3853,SHW,0.5832894226197332,0.6274336310661848,0.6150277391292079,0.21222728213620368
3854,SHW,0.5833208944294614,0.6284236417823896,0.6119459001933467,0.15173307803767336
3855,SHW,0.5839074912385374,0.6255443996025901,0.6087430012237978,0.07474073690747257
3856,SHW,0.5856472570718909,0.6255199079102346,0.6061744092672686,0.07340095218381287
3857,SHW,0.585697329035537,0.6164351166491543,0.6017927505953151,0.07373990892154833
3858,SHW,0.5853324953122767,0.6091063203299496,0.5964103817273737,0.10842889670875594
3859,SHW,0.5850177335526625,0.6018904752149273,0.5902563736204484,0.21990840405713102
3860,SHW,0.5838216475985953,0.5745047399315555,0.5783191676754831,0.0
3861,SHW,0.5787625978471358,0.4767821001987495,0.5437408055432831,0.0
3862,SHW,0.5773773666659014,0.47432766361171597,0.515449488681213,0.0
3863,SHW,0.576146944653052,0.47337397097544376,0.49257217665454645,0.0
3864,SHW,0.5748535671445918,0.4754214985859665,0.4747947371834159,0.0
3865,SHW,0.5691077661778039,0.3838012412320251,0.4371071225924129,0.0
3866,SHW,0.5686470719767818,0.4221323095816166,0.4167743350708873,0.0
3867,SHW,0.5678201126265692,0.44623555483487454,0.4066813973690784,0.15929465949078864
3868,SHW,0.5666640877364055,0.4596779212656664,0.4020498888879207,0.06248654522873111
3869,SHW,0.5656339675500877,0.4739214497539713,0.4019927163837441,0.07525667563651417
3870,SHW,0.5643391575678018,0.48064033121295685,0.40366780969764265,0.08415597184847858
3871,SHW,0.5630557958492655,0.4870359580870216,0.406645924115567,0.05432415648933968
3872,SHW,0.5622059469575273,0.5011538694481767,0.4126442770328753,0.07956064996895053
3873,SHW,0.5605057531699462,0.5073937896946659,0.41904111975142055,0.14941057752018214
3874,SHW,0.5590006322078793,0.5132087414874826,0.42564791193467866,0.0
3875,SHW,0.5575355688167298,0.5162421335901881,0.43171025418304504,0.0
3876,SHW,0.5562851117310461,0.5264856537978589,0.43918368526277407,0.0
3877,SHW,0.5551605624928959,0.5291497732954734,0.44584476100147297,0.0
3878,SHW,0.5537913553879241,0.5270159364583361,0.4506271060336086,0.0
3879,SHW,0.5524665004809575,0.5257129898044958,0.4541192730304694,0.0
3880,SHW,0.5519027939120047,0.5193980714646402,0.45529563782760474,0.0
3881,SHW,0.5556284078854894,0.5265544370452534,0.4580696088556828,0.0
3882,SHW,0.5560576260851995,0.5382717347257047,0.4632898049586649,0.0
3883,SHW,0.5551948409173981,0.52126326623565,0.4631097746669445,0.20849772303870834
3884,SHW,0.5542276671449256,0.5080511408005246,0.4595818777823164,0.14760401573173254
3885,SHW,0.5579160780161851,0.49933831628351233,0.4545280428141536,0.0903415441937487
3886,SHW,0.5567085444969657,0.5011570296608313,0.45095078138136374,0.07040364313806664
3887,SHW,0.5560818852267915,0.5076355521957295,0.4497482431324606,0.10919530117987994
3888,SHW,0.5560961890071283,0.5196812291574414,0.4518713358949574,0.15464034361415854
3889,SHW,0.5562077811981705,0.5341368230020187,0.45727215829325035,0.20621403436141583
3890,SHW,0.556515389321123,0.544345348187378,0.46420741061260945,0.0
3891,SHW,0.5568086877256608,0.5524563230699523,0.47183298497071957,0.0
3892,SHW,0.5566970878500479,0.5588900193690312,0.47958123451640844,0.0
3893,SHW,0.5561840292382401,0.5502393233809415,0.4835642289717851,0.0
3894,SHW,0.5556546601252643,0.5435659214159801,0.48504144136862976,0.0
3895,SHW,0.5552254419255538,0.5385177315998015,0.4849302753734718,0.0
3896,SHW,0.5599754566690143,0.6481222975571603,0.5129131236860379,0.0
3897,SHW,0.5651890270681614,0.736729733021011,0.5579934252649488,0.0
3898,SHW,0.5709119363976314,0.8099838795161678,0.6128194247427503,0.0
3899,SHW,0.5743456819953134,0.8176936498250882,0.6586548408258636,0.4968898778720761
3900,SHW,0.5786078152254495,0.8320580967736715,0.699002177454341,0.2575289795073484
3901,SHW,0.5834265006892789,0.8632380246327138,0.7392658099614076,0.2376485199751604
3902,SHW,0.5885857031004977,0.8969059816084661,0.7800997100033484,0.11990840405713102
3903,SHW,0.5958695932345615,0.9364710309328383,0.8229001798156002,0.13417253156696335
3904,SHW,0.6035125449314447,0.970196153780268,0.865778190951555,0.23837404264127507
3905,SHW,0.6109036872206361,0.9878398922116975,0.9045994915584876,0.3799720554750569
3906,SHW,0.6180630464425043,1.0,0.9387709632824563,0.0
3907,SHW,0.6247245125527086,0.9987110105229051,0.9657780063270225,0.0
3908,SHW,0.6310740811523528,0.9926945388769104,0.9858427097474591,0.0
3909,SHW,0.636407833695315,0.966828832597076,0.9952697809067099,0.0
3910,SHW,0.6424598103112293,0.95520765650144,0.9998350370908314,0.0
3911,SHW,0.6485146483818085,0.9415919315676559,1.0,0.0
3912,SHW,0.6541402682526771,0.9177885840443574,0.9940354874345679,0.0
3913,SHW,0.6623812576871138,0.9348580019564645,0.9936356748442723,0.0
3914,SHW,0.6698433591618096,0.9280196003378909,0.9915643821045413,0.0
3915,SHW,0.6752386350758559,0.8761818219898104,0.9766307224890094,0.17367004760919064
3916,SHW,0.67485662913162,0.8270995165938796,0.9521128975775701,0.10918753881184019
3917,SHW,0.6741555692457735,0.7828134229640349,0.921156140046451,0.0842408404057131
3918,SHW,0.6731626441278118,0.7454531290392942,0.8868220633731105,0.05785965638584144
3919,SHW,0.6736605344450863,0.6977307448585857,0.84713220609599,0.07774218588283999
3920,SHW,0.6736791345990045,0.6602281585939512,0.8057752058939288,0.13156903332643344
3921,SHW,0.6717848530081445,0.6135997027442615,0.7607471853174399,0.2059723659697785
3922,SHW,0.6691523150658871,0.5740497513064395,0.7145952859289236,0.0
3923,SHW,0.6651634465646492,0.5321844567256915,0.6669512807693018,0.0
3924,SHW,0.6608312000106564,0.49969397457167386,0.6205146559491644,0.0
3925,SHW,0.6566992587761817,0.4749186928335177,0.5770199426535242,0.0
3926,SHW,0.6529335844373907,0.4671821535143875,0.5402426994715169,0.0
3927,SHW,0.6497087250302347,0.46743955571561174,0.5108868304481423,0.0
3928,SHW,0.6465611248990262,0.4702694392845308,0.4881269213860767,0.0
3929,SHW,0.6456483208609753,0.5030032900500658,0.47830274608606654,0.0
3930,SHW,0.6463779883074963,0.5761776796830674,0.4891847368353071,0.22541244048851167
3931,SHW,0.6468873268885202,0.6288095997791899,0.511370349426233,0.129122852411509
3932,SHW,0.6483609742943655,0.6802000936356565,0.5422809069913772,0.11492548126681845
3933,SHW,0.6473608937932489,0.7082869369570264,0.5742029193959963,0.12137393914303456
3934,SHW,0.646995196394109,0.7256393970987829,0.6041848191952267,0.10221744980335333
3935,SHW,0.6489803829625687,0.7431506885878099,0.6326553085914606,0.13333212585386048
3936,SHW,0.6503610383312899,0.7375514068681274,0.6539976192430395,0.2619141999586007
3937,SHW,0.6518461367952739,0.7304901932224044,0.669262958765676,0.0
3938,SHW,0.6533369550248993,0.723007971214099,0.6795588932623415,0.0
3939,SHW,0.6556261215510766,0.7152811668363414,0.6858166616148998,0.0
3940,SHW,0.6579181495319186,0.7089726780300835,0.6892071542205067,0.0
3941,SHW,0.6609970775455629,0.7023254115534654,0.6902170589253492,0.0
3942,SHW,0.6641933224060719,0.6954884733006577,0.6892739148170953,0.0
3943,SHW,0.667913213470227,0.6885808456306436,0.6867502267753314,0.0
3944,SHW,0.6728349154935716,0.7062808530484077,0.6892645795808292,0.0
3945,SHW,0.6748379337588859,0.6587696115689513,0.6791075434851027,0.0
3946,SHW,0.6792388510332483,0.6801763613835909,0.6764645839644579,0.0
3947,SHW,0.6840432302716504,0.7090927765668189,0.6817562515836222,0.16687538811840197
3948,SHW,0.6881866197698743,0.7181011840197329,0.6882968074625289,0.11421134340716207
3949,SHW,0.6916547038714289,0.7390373876174727,0.6988914058269481,0.10009159594286897
3950,SHW,0.6931684158341644,0.7603000345977502,0.7128128464409745,0.11438418546884702
3951,SHW,0.6944045663451219,0.7644842914290239,0.7250216654348098,0.08717812047195198
3952,SHW,0.6949997538055683,0.7632594949784348,0.7344750273310332,0.08406799834402814
3953,SHW,0.6961171515028484,0.759859342753122,0.7411668742132045,0.19235561995446077
3954,SHW,0.6984635478209178,0.7770952358268182,0.7509347865862432,0.0
3955,SHW,0.6994442558687681,0.765992227727472,0.7559054282652058,0.0
3956,SHW,0.7014873327528957,0.7594458975604529,0.7582053039071209,0.0
3957,SHW,0.7035389957475107,0.7515688223880156,0.7580277380123338,0.0
3958,SHW,0.7060942747631189,0.7535091723493372,0.7583826452444107,0.0
3959,SHW,0.7081716908497167,0.7430419472853955,0.7559857187476525,0.0
3960,SHW,0.7110331455144516,0.7503083715450939,0.7559292448285974,0.0
3961,SHW,0.7138591181413436,0.7530998365192745,0.7565990121286894,0.0
3962,SHW,0.7160023448908408,0.7391130094291657,0.7535525377214705,0.08444214448354377
3963,SHW,0.7184989658323153,0.7333355188035393,0.7496356346934534,0.059490271165390185
3964,SHW,0.7202015296113391,0.7351676673694947,0.746971359816093,0.05752225212171393
3965,SHW,0.724716904722992,0.7324341436347875,0.7441398333149415,0.08854843717656799
3966,SHW,0.726329334775869,0.7287008941757116,0.7409184570421586,0.054735561995446075
3967,SHW,0.7273308439085264,0.7248707167326626,0.7373603758809103,0.08390912854481473
3968,SHW,0.7287787392702851,0.7171744531007507,0.7325427537638628,0.14233492030635478
3969,SHW,0.7294626258872605,0.7094049151618105,0.7266987319604713,0.0
3970,SHW,0.7300721167787456,0.7069931584825109,0.7214058184847747,0.0
3971,SHW,0.7281806934988619,0.6420777661538015,0.7005454405307322,0.0
3972,SHW,0.7291306933038659,0.6462342927459723,0.6849217024367757,0.0
3973,SHW,0.7300864216069782,0.6485010797613913,0.6730032785498823,0.0
3974,SHW,0.730369705618787,0.657690371809776,0.665822089154952,0.0
3975,SHW,0.7311651900155836,0.6521213800121849,0.658650814589666,0.0
3976,SHW,0.7317560783080594,0.647023263952808,0.6516080719793151,0.0788315048644173
3977,SHW,0.7320379284488476,0.6352403007216324,0.6429560404337333,0.10609966880563029
3978,SHW,0.7319206116019825,0.6272807852500231,0.6339958342850713,0.06510712067894846
3979,SHW,0.7322325091125426,0.6192757837320139,0.6247774386259759,0.06125025874560132
3980,SHW,0.7321409404674792,0.6216284192655019,0.6180052760995092,0.053491513144276547
3981,SHW,0.7320676858308675,0.622411120152256,0.6127880104273766,0.06383098737321465
3982,SHW,0.7324740162355452,0.6181502183590611,0.607522901177536,0.15994255847650587
3983,SHW,0.7325069212176962,0.6137324407525151,0.602179338233058,0.0
3984,SHW,0.7321320724031093,0.6096518595437905,0.5968593746425752,0.0
3985,SHW,0.7341980430203465,0.6536457470651512,0.6038710619177569,0.0
3986,SHW,0.7348146861512985,0.6577726578536853,0.6105373908454688,0.0
3987,SHW,0.7350951118521305,0.6540313457089615,0.6149122339110509,0.0
3988,SHW,0.7355128817880914,0.6500215120278021,0.6173851148947997,0.0
3989,SHW,0.735352640326866,0.6340816511804418,0.6152809229290247,0.0
3990,SHW,0.7353669444565014,0.629697541605017,0.6124747168248257,0.10290778306768784
3991,SHW,0.7384973737639298,0.627861317315428,0.6097594605272942,0.046838646243013864
3992,SHW,0.7391340456803399,0.6305884417701494,0.6082857231131352,0.05369126474849927
3993,SHW,0.7393686835656537,0.6236896008676439,0.6053398108822919,0.052138273649347956
3994,SHW,0.7393572412399809,0.6209467694147497,0.6022805906174886,0.052210722417718895
3995,SHW,0.7394774261781851,0.6091405515606284,0.5968094210040885,0.09211446905402608
3996,SHW,0.7390639438833393,0.5887288089762246,0.5872046559353543,0.15665752432208652
3997,SHW,0.7390367632077122,0.5735145178069223,0.5756241791046064,0.0
3998,SHW,0.7389051334987453,0.5614334535840266,0.5632656109383598,0.0
3999,SHW,0.738029529419232,0.5357309421261968,0.5467958620771413,0.0
4000,SHW,0.7374915780380538,0.5320771239716537,0.5326842517603275,0.0
4001,SHW,0.7369707946862669,0.529525631413711,0.5207414784995559,0.0
4002,SHW,0.7366531721705853,0.5278668611044751,0.510762417763024,0.0
4003,SHW,0.7363555808854527,0.5269264204238209,0.5025383047106948,0.0
4004,SHW,0.7362497074121563,0.530481279081496,0.49686948011702814,0.10282446698406127
4005,SHW,0.7325612881577288,0.5080748597554272,0.4865957170107461,0.09996532808942248
4006,SHW,0.7315426109956809,0.5164500301355331,0.4805217444409275,0.09025253570689297
4007,SHW,0.7303923093641451,0.5149551247003376,0.47527969311890467,0.036655971848478575
4008,SHW,0.7291733268825786,0.5128852719127073,0.47055592401530544,0.04356758435106603
4009,SHW,0.7283635362603547,0.508398592382482,0.46562778611534145,0.04946025667563651
4010,SHW,0.7274593155384026,0.5124883922083987,0.46273275009070364,0.16047764438004553
4011,SHW,0.7264435012282138,0.5163442240593752,0.4614042719881291,0.0
4012,SHW,0.7250771583722959,0.5176313589989601,0.4606711488589055,0.0
4013,SHW,0.7242215848247349,0.521339901370678,0.4610344774798061,0.0
4014,SHW,0.7230855838298482,0.522337639683433,0.46158067983580703,0.0
4015,SHW,0.7223931079586969,0.5236585883381312,0.4623559613988677,0.0
4016,SHW,0.7222185634157325,0.5251006428316812,0.4633455237999737,0.0
4017,SHW,0.7220983823198135,0.5288454408786432,0.46509628660226415,0.0
4018,SHW,0.7226449201607776,0.5457658458561375,0.4708305293041114,0.0
4019,SHW,0.7212056084644161,0.5023412038270906,0.4642960597447202,0.12256002897950734
4020,SHW,0.7191153144346325,0.47186651143304226,0.45126334489731956,0.08940333264334506
4021,SHW,0.7176159114917144,0.4610749689399002,0.4380732569722291,0.0652225212171393
4022,SHW,0.7156372183854394,0.44393600240462044,0.42313157646578137,0.06457876216104326
4023,SHW,0.7139489583867522,0.4377647926143739,0.40959766971000894,0.05910422272821362
4024,SHW,0.7124795986220218,0.44271539032104373,0.40003848505188233,0.06770285655143862
4025,SHW,0.7125082149151623,0.45304534554192066,0.39503683223133834,0.16151573173256054
4026,SHW,0.7113092647120409,0.46258463403194444,0.39347870033002763,0.0
4027,SHW,0.7102533847970658,0.46554228987339863,0.3929897058364708,0.0
4028,SHW,0.70928335446011,0.4692801630853128,0.39355584954314426,0.0
4029,SHW,0.7087368155712497,0.47850358069324006,0.3963710544176874,0.0
4030,SHW,0.7057923829128214,0.4446241705186899,0.389946067158477,0.0
4031,SHW,0.7028422231534794,0.4193882734260166,0.3783426916966952,0.0
4032,SHW,0.7020267085740302,0.4426540523368563,0.3750187928352509,0.0
4033,SHW,0.7010509525333555,0.4611588657040981,0.3770991028544094,0.0
4034,SHW,0.6981980822326148,0.4360366139155873,0.37232907190512715,0.0
4035,SHW,0.6990364884493823,0.4933855890929385,0.3832011932454976,0.0
4036,SHW,0.6956013107271732,0.4516486113984923,0.38120926902562363,0.16575760712067894
4037,SHW,0.6934080046787578,0.4478045264731345,0.37863118754013886,0.09572345270130407
4038,SHW,0.6908979332935854,0.45322300260121884,0.3779564955205207,0.057424446284413164
4039,SHW,0.6904958992624886,0.4449636042477116,0.37530135537285114,0.047491202649554955
4040,SHW,0.6902584023676008,0.4460596835439246,0.37345796968077555,0.04742910370523701
4041,SHW,0.688544393817814,0.4300935821012678,0.367894043666669,0.093548437176568
4042,SHW,0.6871780422294296,0.4163652246430402,0.35992681351929545,0.19009159594286895
4043,SHW,0.6855155388157121,0.407122246286524,0.35118572961830685,0.0
4044,SHW,0.6826841318700474,0.38610424719991554,0.3388097594803341,0.0
4045,SHW,0.6803720789460321,0.38735750620174486,0.32922996646098457,0.0
4046,SHW,0.6783776450447119,0.39703123141496255,0.32404375416205744,0.0
4047,SHW,0.6766579107912063,0.4064605308694458,0.322309804427074,0.0
4048,SHW,0.6749210078097123,0.4155908722570629,0.32326109598590924,0.0
4049,SHW,0.6729265739083916,0.42438293776450914,0.32627394179445723,0.0
4050,SHW,0.6729866644563514,0.4328097778329931,0.33084248993093834,0.0
4051,SHW,0.6686744522765957,0.35141441864988543,0.31365045325482727,0.0
4052,SHW,0.667597117389712,0.39762804547904806,0.3117329988511373,0.0800584765058994
4053,SHW,0.666312327388934,0.4303813477034002,0.31858776916055653,0.04937797557441523
4054,SHW,0.6676529209951545,0.4704781481870367,0.3343411266129125,0.053056303042848266
4055,SHW,0.6653322833578463,0.503637864043576,0.35543663654632196,0.046516766714965845
4056,SHW,0.6674054058652523,0.5327113078970143,0.3797592977107037,0.052982819292072034
4057,SHW,0.6683554109097363,0.5604471406336753,0.4063210926131484,0.10707255226661146
4058,SHW,0.6685362602936069,0.5735901581304172,0.43093670134965456,0.20251086731525564
4059,SHW,0.6692587772471539,0.5810914216125902,0.4525504023382116,0.0
4060,SHW,0.6696751164557819,0.5867210978852253,0.4712832286084543,0.0
4061,SHW,0.6709770762324445,0.5908202750475685,0.48731936563138173,0.0
4062,SHW,0.6724106692110605,0.5936736289507086,0.5008790725983099,0.0
4063,SHW,0.6738499809074221,0.5955183936461759,0.512199316943844,0.0
4064,SHW,0.6760475780899386,0.5965519301624662,0.5215202204696096,0.0
4065,SHW,0.6774754439676414,0.596938110851573,0.5290758513938975,0.0
4066,SHW,0.6788861411173559,0.6031929139721259,0.5367223283006775,0.0
4067,SHW,0.6805972910068674,0.613740224660244,0.5455408735360532,0.0
4068,SHW,0.6819250098135898,0.6135408555168299,0.5525446475545904,0.08083574829227902
4069,SHW,0.6832727521662905,0.6131770810500419,0.5580544973187189,0.05677654729869592
4070,SHW,0.6843994495912313,0.6077573370111536,0.5610742792255603,0.06511902297660939
4071,SHW,0.6892024022938852,0.5887214537183931,0.5586146586933127,0.07581504864417304
4072,SHW,0.6882194583852792,0.5627313043291778,0.5499903984805634,0.06845684123369902
4073,SHW,0.6875098144847369,0.5426238150704709,0.5379410859045985,0.07160888014903746
4074,SHW,0.686083374793484,0.5253635421033757,0.5238809568294406,0.24745394328296416
4075,SHW,0.6846211693640125,0.5122282797732056,0.5092686669980976,0.0
4076,SHW,0.6830387877288033,0.5024745029659637,0.4950807103046974,0.0
4077,SHW,0.6804420165726603,0.4793843298037253,0.47781651936150377,0.0
4078,SHW,0.6782644474770052,0.46220541146104055,0.4596053240348103,0.0
4079,SHW,0.676215645937055,0.449853589268633,0.44187283488730145,0.0
4080,SHW,0.6741668443971047,0.44142444152095095,0.42552798103980977,0.0
4081,SHW,0.6721180428571545,0.43616467287095645,0.4111049727491456,0.0
4082,SHW,0.6700692413172038,0.4334479763761283,0.3988707692884853,0.0
4083,SHW,0.6697487583947537,0.46810923834645035,0.39796080455974747,0.0
4084,SHW,0.6691535782695797,0.4906864436060009,0.4030152776827359,0.058141171600082794
4085,SHW,0.6687615589805107,0.5133138785510292,0.41285416584984175,0.05868608983647278
4086,SHW,0.6682078657563912,0.5346399391796302,0.42618727972843906,0.05205288760091078
4087,SHW,0.6675983773099974,0.5566350960530038,0.4424871422498116,0.04279341751190229
4088,SHW,0.6672278150886288,0.5709430934893983,0.45919157825210577,0.059059200993583104
4089,SHW,0.6668615492408414,0.5825188208129517,0.47551988751590146,0.06847288346098115
4090,SHW,0.6664587991474813,0.5860564458053227,0.48948858691084085,0.1488056303042848
4091,SHW,0.6697122720533892,0.6490776102456695,0.5168044463786484,0.0
4092,SHW,0.6705020649777358,0.6362922024634219,0.5353825516805806,0.0
4093,SHW,0.6718594532270461,0.6373027631887451,0.5505038594412974,0.0
4094,SHW,0.6727178920715571,0.6253024771011222,0.5595274077408103,0.0
4095,SHW,0.6735763284709779,0.6151493318533956,0.5641458358184207,0.0
4096,SHW,0.6744347648703979,0.6065590820813435,0.5656404545067981,0.0
4097,SHW,0.6760801013026205,0.5992912176508838,0.564974713324457,0.0
4098,SHW,0.6777254377348434,0.5931422347778593,0.5628672507575523,0.0
4099,SHW,0.6793707741670658,0.5879399423885588,0.5598488762376609,0.0
4100,SHW,0.6810161105992885,0.5835386444510574,0.5563069218288795,0.0
4101,SHW,0.6834283210732439,0.5955022734611151,0.5565374676471402,0.05852515007244877
4102,SHW,0.685926371694155,0.6062198287437536,0.5594668708392888,0.045908714551852615
4103,SHW,0.6866989679466202,0.6141416193483155,0.5638393122605544,0.03196387911405506
4104,SHW,0.6879265257104157,0.623411622826552,0.569711486820232,0.027097909335541293
4105,SHW,0.6887263061314943,0.6253500171783635,0.5749056855476765,0.04797298695922169
4106,SHW,0.6895518385966597,0.6297167353804032,0.5801794428049256,0.0423225005174912
4107,SHW,0.6900039445914024,0.629702333201607,0.5843947599431304,0.125171289588077
4108,SHW,0.6905805277063468,0.6284800086277746,0.5874539534487595,0.0
4109,SHW,0.6934677379081549,0.6744987052040048,0.6016875579036455,0.0
4110,SHW,0.6945236153780396,0.6665115338282774,0.6110287773606021,0.0
4111,SHW,0.6926050100253345,0.6587402776658022,0.6165113887472021,0.0
4112,SHW,0.6936751940699453,0.6515194173957302,0.6190480803688192,0.0
4113,SHW,0.6941634440793889,0.6448120679846079,0.6193595559222076,0.0
4114,SHW,0.6950018502961566,0.6338422212368577,0.6167991532603372,0.0
4115,SHW,0.6962294143473278,0.632359711431471,0.6143711326175098,0.0
4116,SHW,0.6967373183587344,0.6156451666751795,0.6081478082995291,0.14218950527841026
4117,SHW,0.6968446204635714,0.593713838092634,0.5975521250467789,0.054840095218381284
4118,SHW,0.6971164597046171,0.579505725107358,0.5854366147371232,0.03371299937901055
4119,SHW,0.697565707737682,0.5717737835018097,0.5737639115044197,0.04144328296418961
4120,SHW,0.6977216584141044,0.5595750924511452,0.5613014357840757,0.0472660939764024
4121,SHW,0.6970549345870398,0.5488740749842269,0.5485907243144498,0.0409263092527427
4122,SHW,0.6963796267452798,0.5421902091009608,0.5367102919659328,0.10335593044918236
4123,SHW,0.6956757054047684,0.5366227708794228,0.5257800209376872,0.0
4124,SHW,0.6947915197556502,0.5325202010962566,0.5159850591946556,0.0
4125,SHW,0.694131950613144,0.5296120731925299,0.50740426380474,0.0
4126,SHW,0.6932964048031454,0.5276729026348477,0.500042969612251,0.0
4127,SHW,0.6925896279460464,0.5265149855027863,0.4938573700048522,0.0
4128,SHW,0.6919028788265096,0.5259823571472899,0.4887724742264356,0.0
4129,SHW,0.6888811827005497,0.5259456972447175,0.48469516831639037,0.0
4130,SHW,0.6891988041683352,0.5518774122960609,0.4880749212475019,0.0
4131,SHW,0.6890618301897917,0.5626879290743753,0.49354749930918707,0.0877778927758228
4132,SHW,0.6890332173896379,0.5733366927241449,0.5006529094711372,0.05203891533843924
4133,SHW,0.6894767428626716,0.5911788139246418,0.5109069388396946,0.04167770647898986
4134,SHW,0.690544064055423,0.6128144814213748,0.5246514617941364,0.057546056717035804
4135,SHW,0.6913166603078882,0.6310883281390771,0.5403273543834252,0.06476971641482095
4136,SHW,0.6929119247764646,0.6466954370822259,0.5568653412159384,0.07716518319188573
4137,SHW,0.6946159259194955,0.6519578145316188,0.5714435240569818,0.11743013868764231
4138,SHW,0.696166833299886,0.6552598697596284,0.583951788487266,0.0
4139,SHW,0.6975431933429224,0.6568128776205981,0.5943561544165632,0.0
4140,SHW,0.7000455340500382,0.6739527243393263,0.6070694827578342,0.0
4141,SHW,0.702557891944273,0.6851392039719146,0.6201052122725467,0.0
4142,SHW,0.7049929937062474,0.692470428141781,0.6324114596326984,0.0
4143,SHW,0.7074538447179195,0.696697606303302,0.6433391169795856,0.0
4144,SHW,0.7099146957295916,0.6984446666159929,0.652528697707659,0.0
4145,SHW,0.7115857852537968,0.6820733085631367,0.6556873510255086,0.0
4146,SHW,0.7136589049668132,0.6760725208969515,0.6566773596254007,0.04861105361208859
4147,SHW,0.7157792411268886,0.6710071231461896,0.6561720233185063,0.027984889256882632
4148,SHW,0.7174946790068133,0.6574838268422223,0.6523041849371963,0.043707824466984055
4149,SHW,0.7195191588807104,0.652092477896701,0.6478290888426466,0.023592941419995857
4150,SHW,0.7204977760267512,0.6509971385209173,0.6439684750484198,0.039493893603808734
4151,SHW,0.7221684890069953,0.6536605866952199,0.6415621429494869,0.060133512730283584
4152,SHW,0.7237308408088499,0.6546729527969306,0.6398963631802007,0.1432477747878286
4153,SHW,0.7249183444947152,0.6563703709818163,0.6389984799371177,0.0
4154,SHW,0.7257138302887061,0.6565949952480955,0.6383377038221492,0.0
4155,SHW,0.7267725650216712,0.6629799170180535,0.6394443809194216,0.0
4156,SHW,0.7273706097451984,0.6594850086725932,0.6394346111462542,0.0
4157,SHW,0.7283606706141059,0.657654767990054,0.6389580364273252,0.0
4158,SHW,0.7293392881094451,0.6551009199583985,0.6379226883639496,0.0
4159,SHW,0.7302177546915192,0.6500190892245653,0.6357928579318555,0.0
4160,SHW,0.7308730278097433,0.657472467114145,0.6359979431888642,0.0
4161,SHW,0.7317100074907623,0.6649746398264516,0.6380834582646809,0.06853239494928585
4162,SHW,0.7326242433040413,0.6712294492705855,0.6413538441122715,0.033443386462430134
4163,SHW,0.7339805689728403,0.6838987550023842,0.6472149991541398,0.044895984268267436
4164,SHW,0.7354842637484569,0.6954204627716964,0.6548548482305225,0.05229507348375077
4165,SHW,0.7377605519821495,0.7025459747434152,0.6627917044951896,0.04096253363692817
4166,SHW,0.7397764506357412,0.7093945680090409,0.6708952424460127,0.052236079486648726
4167,SHW,0.7414418193464085,0.7068461543162624,0.6767253763543545,0.1096931277168288
4168,SHW,0.7445221794845795,0.7238315604571872,0.685739763955801,0.0
4169,SHW,0.7462834041321269,0.7146026465021664,0.6905875764103732,0.0
4170,SHW,0.7482778383827458,0.7145588474282045,0.6944546086112827,0.0
4171,SHW,0.7498115787816411,0.7078978278171235,0.6958422225571766,0.0
4172,SHW,0.7513453191805364,0.7009866109972772,0.6951822217102712,0.0
4173,SHW,0.7527817694222332,0.6939581310289022,0.6928540957416542,0.0
4174,SHW,0.75421821966393,0.6869178748611804,0.6891884535705683,0.0
4175,SHW,0.7545329796770508,0.6643200330043257,0.6804682095088401,0.0
4176,SHW,0.7554829826257428,0.6510971173539302,0.6701053780320851,0.0
4177,SHW,0.756311373751184,0.6392531100957106,0.6587816408753271,0.0
4178,SHW,0.7564429982206708,0.6148103338455835,0.6434623985902849,0.07526547298695922
4179,SHW,0.7567405929987903,0.5964333060162652,0.6265003039223092,0.05140861105361209
4180,SHW,0.7565231220949715,0.5835446763442798,0.6096296088573677,0.02495032084454564
4181,SHW,0.7561525598736032,0.5728202178013319,0.5933863182136823,0.0436560753467191
4182,SHW,0.7557304935640614,0.5647915259379535,0.5783353874176425,0.039859242392879315
4183,SHW,0.7549350095165637,0.5598443720067813,0.5650275840496907,0.06619126474849928
4184,SHW,0.7541609898720383,0.5594168121962325,0.5542718352840469,0.0979041606292693
4185,SHW,0.7531237115081755,0.5533450293164204,0.544112139013924,0.0
4186,SHW,0.7523997638272961,0.5579636639015804,0.5371673007746409,0.0
4187,SHW,0.751810303817062,0.5581449257436961,0.5316578547341516,0.0
4188,SHW,0.7500934310182212,0.5559011606572426,0.5266756276604606,0.0
4189,SHW,0.7495039713572855,0.5565828074055177,0.5228644284939787,0.0
4190,SHW,0.7482134553034903,0.5517636473708329,0.5185811920625739,0.0
4191,SHW,0.7474651828128702,0.5543086228047024,0.5158064187672969,0.06806458290209066
4192,SHW,0.7468628473045409,0.5593456779811572,0.5148766842540383,0.030715172842061683
4193,SHW,0.7461818235394246,0.5616828709368074,0.5147314955109761,0.03084765058993997
4194,SHW,0.7453605825576592,0.5606195133709456,0.5143429987381509,0.03660370523701097
4195,SHW,0.7454092311292446,0.5619382242933915,0.5143699478730313,0.02868143241564893
4196,SHW,0.7452890465403392,0.5651664340905588,0.5152183121411802,0.044130614779548744
4197,SHW,0.7454564447819139,0.5730735596149676,0.5179221664216928,0.13272510867315254
4198,SHW,0.7463263294450839,0.5792295943995059,0.5216619255936832,0.0
4199,SHW,0.7471275332582232,0.5838265339684431,0.5258310952083116,0.0
4200,SHW,0.7478343129097116,0.5871495734161152,0.530017523508938,0.0
4201,SHW,0.7485782907732439,0.5898464118916407,0.534057376967088,0.0
4202,SHW,0.7492965165926897,0.59161216554905,0.5377415022996882,0.0
4203,SHW,0.750252250135282,0.5988915428673053,0.5425531873648939,0.06377147588490996
4204,SHW,0.7508510091745793,0.6002959056790202,0.5467622190224201,0.06367004760919064
4205,SHW,0.7513832365985316,0.5938325574745908,0.5484740598812046,0.04762678534464914
4206,SHW,0.751663662299364,0.5925321463844919,0.5495104729447237,0.033154626371351685
4207,SHW,0.751942656923565,0.5876527622903891,0.5490899017883252,0.04751500724487683
4208,SHW,0.7524491312555348,0.5857611671742,0.5482689719438154,0.052574001241978884
4209,SHW,0.7527152454914594,0.5814616286367675,0.5465110357626046,0.08425067273856345
4210,SHW,0.7525778956675522,0.5642030322408237,0.5406844372045069,0.0
4211,SHW,0.7528025219545258,0.5642648507874081,0.536038991245035,0.0
4212,SHW,0.7528812112592087,0.5642576579033879,0.5323207922452111,0.0
4213,SHW,0.7484430926291141,0.47019080105285826,0.5052539501005145,0.0
4214,SHW,0.7441451912156687,0.39750813940739294,0.4649850861381279,0.0
4215,SHW,0.7443397662905857,0.43647198049221325,0.44274936406231713,0.0
4216,SHW,0.7444799810621441,0.4695120560667684,0.4334229682573443,0.0
4217,SHW,0.743512806241776,0.47921332348238105,0.42844652780353415,0.0
4218,SHW,0.7440822329256687,0.5192774469165923,0.43472654744124345,0.10823225005174911
4219,SHW,0.7445915715066929,0.549894603222781,0.44759219002608264,0.04773028358517905
4220,SHW,0.7450122056917072,0.5721759999128587,0.4635913868878364,0.01834816808114262
4221,SHW,0.7455215463685234,0.591711475189674,0.48139414529429964,0.027507762368039743
4222,SHW,0.7461253112069905,0.6085801836302058,0.49995674402862417,0.03492599875802111
4223,SHW,0.7461195827088827,0.6150311693978593,0.5164590412318405,0.03509004346926102
4224,SHW,0.7465137400550805,0.6237826629712024,0.5319023003240743,0.10712481887807906
4225,SHW,0.7471919079543108,0.6286176911121593,0.5454952488151433,0.0
4226,SHW,0.7477613342889051,0.6335484501562016,0.5576324673016168,0.0
4227,SHW,0.748758548445176,0.6418344616545918,0.5694644447473656,0.0
4228,SHW,0.7491725754643044,0.6377104775477795,0.5778737971743737,0.0
4229,SHW,0.7501826700088516,0.643263085520611,0.5860234059611004,0.0
4230,SHW,0.7518594824423865,0.6466575284009344,0.5934124733551598,0.0
4231,SHW,0.7528695759390378,0.6483224180847887,0.5997501366847147,0.0
4232,SHW,0.7542030138128046,0.655227618768226,0.6065888185068244,0.0
4233,SHW,0.7595567954905231,0.64778009416959,0.6101523134992111,0.0
4234,SHW,0.7646931097574106,0.6364892489618421,0.6101113126739318,0.129929103705237
4235,SHW,0.7652625381877969,0.6274082376414984,0.6077526950205603,0.022865866280273234
4236,SHW,0.7661052323949771,0.6262203601160926,0.6055615632268695,0.04814117160008279
4237,SHW,0.7676404017747118,0.6214843088714771,0.6025956664106078,0.02764903746636307
4238,SHW,0.7678779074020663,0.6220707527992655,0.6003731482255723,0.04524270337404264
4239,SHW,0.7681554688538443,0.6214060532882697,0.5984248916897879,0.03459946180914924
4240,SHW,0.7683300133968092,0.6162566096552438,0.5955474175505887,0.08628544814738148
4241,SHW,0.7683471803783042,0.6105790201992222,0.5917913012966456,0.0
4242,SHW,0.768272784652813,0.6056058773768092,0.5875126933208197,0.0
4243,SHW,0.7685017024231864,0.6011827913793111,0.582956971817259,0.0
4244,SHW,0.7691140579130238,0.6094161485963341,0.581421111523849,0.0
4245,SHW,0.7697893612139008,0.6152966136699642,0.5816985204751495,0.0
4246,SHW,0.7702557783242527,0.6169252690591582,0.5823375767693386,0.0
4247,SHW,0.7701899648669639,0.6119262677985186,0.581568484001926,0.0
4248,SHW,0.7709405519921746,0.6144349591296904,0.5815957325999134,0.05949492858621403
4249,SHW,0.7711480078046664,0.6143390371563534,0.581592964065299,0.04960670668598634
4250,SHW,0.7708032049626565,0.6023405844770127,0.578517720898729,0.03471020492651625
4251,SHW,0.770843268122352,0.6003233859219367,0.5755408840541216,0.03264386255433657
4252,SHW,0.770233776881569,0.591603443072175,0.5709260739797051,0.0428498240529911
4253,SHW,0.7706143524477707,0.5928919099459586,0.5675642264062896,0.055544918236389976
4254,SHW,0.77102640261809,0.58971485479438,0.5640610450496485,0.12061374456634236
4255,SHW,0.7714241458643842,0.5872311799417601,0.5606223843408766,0.0
4256,SHW,0.7707130785717813,0.5689881356387574,0.553199070623141,0.0
4257,SHW,0.7712953856439513,0.5779993176039402,0.5495683520370578,0.0
4258,SHW,0.7724914715980185,0.6024074297603246,0.5529151516045172,0.0
4259,SHW,0.7731352988975839,0.6093334859624794,0.5573664839057038,0.0
4260,SHW,0.7739708475019715,0.6141906543735618,0.562171561501574,0.0
4261,SHW,0.775019570636597,0.6207372545741251,0.5676923304401708,0.0
4262,SHW,0.7756147532068618,0.6159480587460173,0.5708823428870549,0.0
4263,SHW,0.7770640758029659,0.6290235580004658,0.5767832329733384,0.08606240943903953
4264,SHW,0.7773273334744069,0.626387161774829,0.5808287146163751,0.09349927551231628
4265,SHW,0.7777222156153347,0.6262505524725829,0.584030111731211,0.03965535085903539
4266,SHW,0.7782000754006577,0.6247375390219008,0.5862037183551687,0.04580366383771475
4267,SHW,0.7785978172497572,0.6155491914747677,0.5855892958442017,0.04580573380252535
4268,SHW,0.778740889982994,0.60952482165377,0.5835548039497419,0.050365348789070584
4269,SHW,0.7790542196180814,0.6062821917468714,0.5810967122138867,0.1299989650175947
4270,SHW,0.779919807209073,0.6032071991348572,0.5783426756542586,0.0
4271,SHW,0.7803976673436943,0.6002400691796442,0.575379508881178,0.0
4272,SHW,0.7807467662099867,0.5881428812539691,0.5699106591789521,0.0
4273,SHW,0.781138783403263,0.5877027342283738,0.5654228495244865,0.0
4274,SHW,0.7817167934032545,0.5870351650876213,0.5616616248472586,0.0
4275,SHW,0.7822776385175425,0.5861970238525523,0.558437981445404,0.0
4276,SHW,0.7836196607553032,0.5852347949793144,0.5556126218968271,0.0
4277,SHW,0.7836196607553032,0.5801474628748503,0.5520493732725692,0.0
4278,SHW,0.7834279394504806,0.5895633907369255,0.551610369762193,0.1590767956944732
4279,SHW,0.7835280921102394,0.5908603913885043,0.5515913531002531,0.03588077002690954
4280,SHW,0.7835395403739893,0.5897033095666666,0.5512797894558784,0.032807389774373835
4281,SHW,0.7833120543788441,0.5869292984489367,0.5503200623644109,0.04043676257503622
4282,SHW,0.7834436788483314,0.5825688850638424,0.5484354971975876,0.034387807907265575
4283,SHW,0.7827237393696347,0.5789410839298231,0.5459986972822776,0.036723245704823014
4284,SHW,0.7824805139766386,0.5735404816071658,0.5426660619974224,0.10314168909128545
4285,SHW,0.7820799089263808,0.5686210597768581,0.5387399977485872,0.0
4286,SHW,0.7845636547190589,0.6230199856911544,0.5495317296089445,0.0
4287,SHW,0.7840886535940119,0.5971326016409283,0.5515348714373328,0.0
4288,SHW,0.7839799193646475,0.5857271889008429,0.550216245191151,0.0
4289,SHW,0.7837710324755247,0.5764911129504784,0.5467958122465423,0.0
4290,SHW,0.7835621462849991,0.5690599142678433,0.5421561967982583,0.0
4291,SHW,0.7831014520839767,0.5579179491876196,0.5355908386080963,0.0
4292,SHW,0.7833532600944735,0.5544732566110839,0.5294563018034283,0.0
4293,SHW,0.783796782773118,0.5651175534739463,0.5272748760445518,0.0716135375698613
4294,SHW,0.7840900808283573,0.5703187570053705,0.5268618610269329,0.07785448147381493
4295,SHW,0.7839899288671957,0.56622072615166,0.525481866597204,0.07718329538397847
4296,SHW,0.7841945225264251,0.5691659929631969,0.5251322090184315,0.03577571931277168
4297,SHW,0.784223138819566,0.563723408423025,0.5234585351710056,0.050593044918236386
4298,SHW,0.7841687792148053,0.571350814610325,0.5240731176005564,0.06288915338439247
4299,SHW,0.7842345870833154,0.5739122538141412,0.5252208160737243,0.08633978472365969
4300,SHW,0.7844234406460977,0.5764559984126646,0.5267904754621324,0.0
4301,SHW,0.7855880530439432,0.5966926283774512,0.5332291827309295,0.0
4302,SHW,0.7854850431211036,0.5843186927169377,0.535210951986673,0.0
4303,SHW,0.7858372898669659,0.5837053010391147,0.5366392663000557,0.0
4304,SHW,0.7863037048815258,0.582947553702904,0.5375878444731387,0.0
4305,SHW,0.7867958750838602,0.5820853425014171,0.5381258785825502,0.0
4306,SHW,0.7844351749854543,0.5811511121599189,0.5383170319910895,0.0
4307,SHW,0.78541093067683,0.5806393682850168,0.5383388875318553,0.08658559304491822
4308,SHW,0.7859460188568503,0.5802887977205021,0.5382665842803123,0.019840095218381287
4309,SHW,0.7866957161367254,0.5841659522889031,0.5392017535433012,0.02731370316704616
4310,SHW,0.7873466928813686,0.5849017578875766,0.540138342541589,0.035036224384185466
4311,SHW,0.7881936831128313,0.5839875697729566,0.5406534730507176,0.02298644173049058
4312,SHW,0.788562813558972,0.5784838817751883,0.5396559799342824,0.0518013868764231
4313,SHW,0.7881049877985875,0.570325126808735,0.5367683755646,0.11988149451459325
4314,SHW,0.7877887981060301,0.5636325627964899,0.5327442011423799,0.0
4315,SHW,0.787866058429874,0.5583406803064503,0.5281695114363351,0.0
4316,SHW,0.7876385731333264,0.5542065042225783,0.5234509197857924,0.0
4317,SHW,0.7877845055747343,0.5510264761900785,0.518861581756994,0.0
4318,SHW,0.7890402517408055,0.5832736345504421,0.5234492122478868,0.14856706685986337
4319,SHW,0.7899587849755614,0.5980901378684674,0.5309141005011715,0.07116280273235355
4320,SHW,0.7905339349180824,0.6029356328855608,0.5381270330839969,0.07300507141378595
4321,SHW,0.7901507298315296,0.605069712691739,0.5444439569380003,0.06994048851169529
4322,SHW,0.791884772406255,0.6217279155695686,0.5537639736151434,0.06252535706892982
4323,SHW,0.7936474242881477,0.6440194187255545,0.5669292582058495,0.07137083419581866
4324,SHW,0.7958364388531636,0.6692414556986123,0.5839213216967368,0.18508383357482922
4325,SHW,0.7982114462248937,0.6915550473071639,0.6032299010046303,0.0
4326,SHW,0.8004891641380221,0.70554082167779,0.6222587830770715,0.0
4327,SHW,0.8026610085778545,0.7131352410969114,0.6394269617136824,0.0
4328,SHW,0.8049787906985753,0.7206110364693763,0.655076195762671,0.0
4329,SHW,0.8070819637194409,0.7246307919739311,0.6686251176352842,0.0
4330,SHW,0.8092838572755383,0.7258970147557098,0.679788558491127,0.0
4331,SHW,0.8112754300714928,0.7194892811593068,0.6870781706507703,0.0
4332,SHW,0.8135960670102036,0.7148687051947347,0.69172644437806,0.0
4333,SHW,0.8158766421864132,0.7050280988996956,0.6929246998743175,0.0
4334,SHW,0.8178081198935252,0.6883416149380737,0.6896095833624099,0.10590612709583937
4335,SHW,0.819811133967256,0.675261903545037,0.6836075312165649,0.05729610846615607
4336,SHW,0.8216424677470755,0.6601818166897843,0.6749435969612241,0.05526547298695922
4337,SHW,0.8233307287936587,0.6442915344937868,0.6639426508248899,0.04516042227282136
4338,SHW,0.8228418503819439,0.6209820039945306,0.6491718868070304,0.060226143655557854
4339,SHW,0.8226701613555667,0.5983299023309556,0.6315536483156537,0.07501345477126889
4340,SHW,0.8226501378095881,0.5769193962463716,0.611975426115567,0.1489557027530532
4341,SHW,0.8218229475729584,0.5422675781555415,0.5874378690700319,0.0
4342,SHW,0.821133335950861,0.533634929036229,0.5655968403933557,0.0
4343,SHW,0.8199572822752388,0.5271648902230991,0.5464669193946436,0.0
4344,SHW,0.8076289892512016,0.303053920513322,0.473763967957933,0.0
4345,SHW,0.7951147034204498,0.130389539454367,0.3713790265901403,0.0
4346,SHW,0.7826977070482988,0.0,0.2560758715857026,0.0
4347,SHW,0.7810895695267179,0.1236267122073379,0.1954964628361453,0.0
4348,SHW,0.779100858534727,0.22094401693576887,0.17195771933034837,0.0
4349,SHW,0.7777702817663266,0.3145094537515024,0.17709058441319325,0.06869747464293106
4350,SHW,0.7758101814786977,0.3777287353260389,0.19738851793808881,0.06091802939350031
4351,SHW,0.774256410897149,0.43213935146154375,0.22756244210192011,0.04752483957772718
4352,SHW,0.7727069293539102,0.4785308595372685,0.26358331508731614,0.03514231008072863
4353,SHW,0.7711245410820267,0.5106771530110293,0.3006332810039427,0.03801645622024425
4354,SHW,0.769649461551654,0.5312963262869862,0.3355542099984097,0.04596667356654936
4355,SHW,0.7681958464242542,0.5496734606197049,0.36819768131143976,0.10768008693852203
4356,SHW,0.7669625566693639,0.5651772436890733,0.39828326743243925,0.0
4357,SHW,0.7658723396477107,0.5772580584180432,0.4254458591308222,0.0
4358,SHW,0.7652657091629949,0.5865193872423862,0.4495479321709445,0.0
4359,SHW,0.7648651048113346,0.5939929813397176,0.4707437179549733,0.0
4360,SHW,0.7646218769732482,0.599453952997705,0.4890990036516786,0.0
4361,SHW,0.765242812635496,0.6032758504179465,0.5047620916832242,0.0
4362,SHW,0.7649423598956986,0.6052432120690946,0.5177964402557831,0.0
4363,SHW,0.7644416053293699,0.6021645930012647,0.5274354271396655,0.0
4364,SHW,0.7746667274283339,0.599265037402662,0.5344039861790945,0.0
4365,SHW,0.7848060093803424,0.59478286715077,0.5388308657041466,0.06241461395156282
4366,SHW,0.793986702273171,0.5712588444351577,0.5363474267435527,0.04504243427861726
4367,SHW,0.7925616947064449,0.5551513423372916,0.5302352427598515,0.03800714137859656
4368,SHW,0.7915973802928455,0.547496574329577,0.5233849661909851,0.03309045746222314
4369,SHW,0.7903857854780467,0.5500391585212725,0.5185559483438547,0.027073587249016765
4370,SHW,0.7895931656796034,0.5478307119344946,0.5141271095537702,0.050708445456427234
4371,SHW,0.7885287041950231,0.543480997643984,0.5094699952664602,0.06776754295176982
4372,SHW,0.7771762300295322,0.332114308189626,0.4516093379416684,0.0
4373,SHW,0.7763177974723972,0.37864844856022084,0.41723907653691916,0.0
4374,SHW,0.7757097421984263,0.4171664810622725,0.3996080565837585,0.0
4375,SHW,0.7758442309169671,0.46605707653462464,0.3980250373400587,0.0
4376,SHW,0.7753577836239622,0.4937184157133998,0.4038432087213648,0.0
4377,SHW,0.7746080786595164,0.5107535160698061,0.41286075392002963,0.057602463258124605
4378,SHW,0.7739842783989159,0.5272298065248533,0.4242946764960772,0.0630200786586628
4379,SHW,0.7732431651337368,0.5386320529686677,0.4363621433180606,0.03647795487476713
4380,SHW,0.772782468836922,0.5535381445119479,0.44983384585777236,0.03811374456634237
4381,SHW,0.7720613791177211,0.5599567021303175,0.46225512064922086,0.03381546263713517
4382,SHW,0.7715920998541073,0.5696031956973839,0.474662788064584,0.051990271165390185
4383,SHW,0.7712830665926012,0.5762251439957757,0.48628492691712444,0.1613377147588491
4384,SHW,0.770985475307469,0.5814554118552953,0.49692220750714045,0.0
4385,SHW,0.7705705608880957,0.5811457527822489,0.5053527224938142,0.0
4386,SHW,0.7711142355279019,0.5806551412276408,0.5119714796799062,0.0
4387,SHW,0.7715377339619707,0.5800283488006358,0.5171059521548438,0.0
4388,SHW,0.7717208712520973,0.579302004891573,0.5210274998627268,0.0
4389,SHW,0.7714931547198334,0.5785059422305744,0.5239608514794797,0.0
4390,SHW,0.7714759866904428,0.5776643285549377,0.5260919797557773,0.0
4391,SHW,0.7721226764925686,0.587625416228064,0.5303481033986959,0.0
4392,SHW,0.7833792957690764,0.604005018632304,0.5379481251103613,0.0
4393,SHW,0.7837856223314685,0.603920317178678,0.5440064488518324,0.09175222521217138
4394,SHW,0.7846411993720159,0.612536303298627,0.5510598231791937,0.04933502380459532
4395,SHW,0.7849788489266629,0.6251781848459476,0.5599403451578606,0.048558269509418335
4396,SHW,0.7856412763801464,0.6292698598506564,0.568092717304519,0.0371450010349824
4397,SHW,0.7865741133952393,0.6318254634759006,0.5752691529504604,0.04998654522873111
4398,SHW,0.7874010779849319,0.6334119504885419,0.581416630489747,0.058217760298074926
4399,SHW,0.7885055952939357,0.6376159745236724,0.5874113417747346,0.11663113227075139
4400,SHW,0.7892839130585352,0.6390816586498472,0.5925824999446376,0.0
4401,SHW,0.7905744322560189,0.6444727432640132,0.5981001841698536,0.0
4402,SHW,0.7920309133789663,0.6557460154711711,0.605401627594802,0.0
4403,SHW,0.7928836230267717,0.6503100443839412,0.6098505283794533,0.0
4404,SHW,0.7937220292435394,0.6449563604068352,0.6120384703211613,0.0
4405,SHW,0.7956620951569309,0.6581663742341615,0.6171721557034935,0.07566445870420202
4406,SHW,0.7984033648834616,0.6837798324187971,0.6278391901272631,0.06879683295383977
4407,SHW,0.8008642176416272,0.6966935141871108,0.6396802533076774,0.11634081970606498
4408,SHW,0.8037657368632525,0.7142605793840587,0.6536523580995255,0.07581815359138894
4409,SHW,0.8068847207013201,0.7307074362940973,0.6690423898682553,0.04975677913475471
4410,SHW,0.8102640979617748,0.7469673621587365,0.6855188866784664,0.06578606913682467
4411,SHW,0.8130540180063845,0.7563397492552435,0.7011005279105322,0.1597619540467812
4412,SHW,0.8150808435745094,0.7547255535587216,0.7131524151610109,0.0
4413,SHW,0.817714297531559,0.7512347517631901,0.7218998652747187,0.0
4414,SHW,0.8202266526314039,0.7530261400945953,0.7293566334516496,0.0
4415,SHW,0.8221066304419264,0.7457841524383326,0.7334672393864292,0.0
4416,SHW,0.8242341212865596,0.7379860082369696,0.7347584734251916,0.0
4417,SHW,0.826669220254145,0.7362797416013029,0.7353544538299702,0.0
4418,SHW,0.8286979905635459,0.7250249169887277,0.7329486668833237,0.0
4419,SHW,0.8303976953329961,0.7113926824153547,0.7275325668601234,0.0
4420,SHW,0.8297338340084925,0.6496941151379138,0.7073975287817784,0.1894737114469054
4421,SHW,0.8286550683942768,0.59698929787637,0.6777908079988899,0.09586938522045124
4422,SHW,0.8285148581636008,0.5824860909432845,0.6503908885810129,0.09063547919685365
4423,SHW,0.829493477754732,0.5805765768467486,0.6279818907410153,0.07848737321465535
4424,SHW,0.8307496560032521,0.5844582223154441,0.6110488545368745,0.10766973711446905
4425,SHW,0.8315050842263263,0.5953499655044857,0.6002920048946808,0.04532084454564272
4426,SHW,0.8318942466016126,0.6123706206091941,0.5960458335751748,0.1629196853653488
4427,SHW,0.8326811448879217,0.6275019331602631,0.5965243089178645,0.0
4428,SHW,0.8331361119880305,0.6408049671174948,0.6003142452175615,0.0
4429,SHW,0.8330931919145526,0.6445633573497306,0.6043087883518155,0.0
4430,SHW,0.8330731624304968,0.6523321266768066,0.6094941501130854,0.0
4431,SHW,0.83311322104931,0.6573595274140931,0.614930050962465,0.0
4432,SHW,0.8333669748489783,0.6578404781096315,0.6194019521183595,0.0
4433,SHW,0.8336235901033118,0.6571538102445912,0.6228036045486065,0.0
4434,SHW,0.8302356277802656,0.5876606739507246,0.6077264333957474,0.0
4435,SHW,0.8300811067832794,0.5925969157043876,0.5969289603916469,0.06560494721589732
4436,SHW,0.8296676244884331,0.5907885188499249,0.5878278177012521,0.043592941419995854
4437,SHW,0.8290280865764759,0.5908283345872901,0.580557101104615,0.03503777685779341
4438,SHW,0.8295259768937502,0.6058663722276434,0.5785920507748851,0.02847236596977851
4439,SHW,0.8303901330588124,0.621684241326765,0.5810712628934994,0.04217501552473608
4440,SHW,0.8338725272280798,0.6376402300974584,0.5871412600042408,0.042590560960463666
4441,SHW,0.8375981380578765,0.6508884941537735,0.5953903861214773,0.11903798385427447
4442,SHW,0.8399760058363754,0.6598742008417618,0.6042910947079921,0.0
4443,SHW,0.8418788710926322,0.6657690929681945,0.6129214538015257,0.0
4444,SHW,0.8435954580953053,0.6709839304840488,0.6211613585844719,0.0
4445,SHW,0.8450710205799838,0.6770037410005841,0.6292950685732932,0.0
4446,SHW,0.8458178595488826,0.6743700264089842,0.6351274929550365,0.0
4447,SHW,0.8473687648334809,0.6898440871109238,0.6437566290763135,0.06258279859242392
4448,SHW,0.848616358019409,0.6965006380907163,0.6523648052880442,0.06027685779341751
4449,SHW,0.8506737446219512,0.7109821319804988,0.662960327932143,0.036402401159180295
4450,SHW,0.852622391755649,0.7241709047602571,0.6748146376464792,0.04657834816808114
4451,SHW,0.8538957397800537,0.7188121224089766,0.6829256009428688,0.06851997516042227
4452,SHW,0.8551318892431148,0.7096945002521309,0.6870791778662596,0.08219157524322086
4453,SHW,0.8562850568701976,0.6991991737983996,0.6877139898305773,0.0864401780169737
4454,SHW,0.8606888355992246,0.6880366887525312,0.6853629180231668,0.0
4455,SHW,0.8621739330153129,0.6778250205414919,0.6808666611888005,0.0
4456,SHW,0.863946606275908,0.6690600070378558,0.6750247716844094,0.0
4457,SHW,0.8656305751404938,0.6609429582028051,0.6682723319253419,0.0
4458,SHW,0.8665634121555872,0.6534260759751651,0.6609451658656429,0.0
4459,SHW,0.8672015196895106,0.6450017210872785,0.6529257980295139,0.0
4460,SHW,0.8678396240797466,0.641698723854051,0.6456643443379909,0.0
4461,SHW,0.8689877862569584,0.6502455531927435,0.6420441843726814,0.0802882425998758
4462,SHW,0.8696115816273768,0.6448286555684616,0.6377606875160373,0.0519716414820948
4463,SHW,0.8708548843778017,0.6522835860809301,0.6362432372891924,0.0563356447940385
4464,SHW,0.8721413926485728,0.65975817095462,0.63694365821602,0.029169944110950113
4465,SHW,0.8734271321688705,0.6676606420919772,0.6395279657478227,0.023471330987373213
4466,SHW,0.8749122243454788,0.6706863874865776,0.6423703618099348,0.029175119022976606
4467,SHW,0.8755131315715663,0.6725495496401843,0.6451214693650409,0.10942403229145103
4468,SHW,0.8763629846548886,0.6738318276343562,0.6476507708073208,0.0
4469,SHW,0.8765947617841348,0.6717176532434376,0.6491327323228735,0.0
4470,SHW,0.8766519943704165,0.6687810892265473,0.6495661925189278,0.0
4471,SHW,0.87739597188465,0.665467804152326,0.6490643663444875,0.0
4472,SHW,0.8779940148616836,0.6555754485677067,0.6461292879575669,0.0
4473,SHW,0.8789754924144932,0.652933433522731,0.6431045557372248,0.0
4474,SHW,0.8802889001056067,0.6552410505539331,0.6412757938805915,0.0
4475,SHW,0.8820000513923127,0.6640928815002931,0.6420799040044629,0.04347805837300765
4476,SHW,0.8838328127557769,0.6729078107572908,0.6449808604993028,0.03504088180500931
4477,SHW,0.8852005877362212,0.6690085893333018,0.6463029620961499,0.04050921134340716
4478,SHW,0.8861849288394872,0.656860816049041,0.6442493712325886,0.03720399503208445
4479,SHW,0.886977548637931,0.6408472681755938,0.638505129162184,0.03571879528048023
4480,SHW,0.8874411060401117,0.6249143510103922,0.6298290171600711,0.029495446077416682
4481,SHW,0.8874518295091312,0.6144940274994515,0.6202192876416689,0.0751764645001035
4482,SHW,0.8877036392661211,0.5995559216994751,0.6087055754943842,0.0
4483,SHW,0.8868695245327531,0.5778534244651461,0.5939361899701282,0.0
4484,SHW,0.8859037853298988,0.5606395616823704,0.5777118890533274,0.0
4485,SHW,0.8855260712183615,0.56235745651251,0.5651724333443993,0.0
4486,SHW,0.8849795361717865,0.5582843637886061,0.5540976734835011,0.0
4487,SHW,0.884544598206435,0.5581495278502429,0.5452033315868766,0.0819131649761954
4488,SHW,0.884238419762919,0.5618040372560843,0.5390238463398133,0.05262989029186504
4489,SHW,0.8840338268022863,0.5649031559197867,0.534874000446577,0.026994411095011384
4490,SHW,0.8834372159497796,0.559249204332952,0.5301060408901972,0.03927913475470917
4491,SHW,0.8833041618008561,0.5645376753266156,0.5276461496652778,0.09330676878493065
4492,SHW,0.8828491915570593,0.5559496580736824,0.5234786847015699,0.09742444628441316
4493,SHW,0.8817332252857089,0.541943532646969,0.516557481818047,0.12274580832125853
4494,SHW,0.8803940645026125,0.5320468095799114,0.5084857834698499,0.0
4495,SHW,0.8786571601239239,0.5246044976676247,0.500122309392545,0.0
4496,SHW,0.8767700311218296,0.5191699701291598,0.4920396458952551,0.0
4497,SHW,0.8753478885027555,0.5153704249637846,0.4846003804541411,0.0
4498,SHW,0.8743091797608589,0.5128951485541422,0.47801500347625403,0.0
4499,SHW,0.8740373447113972,0.521787604940268,0.4750242264387433,0.0
4500,SHW,0.8738856858676729,0.5291830741339192,0.4745257229103567,0.0
4501,SHW,0.8744350890055874,0.5524718866087988,0.4800916209225611,0.0
4502,SHW,0.8751561755811008,0.5681628416950013,0.4885630866602194,0.0
4503,SHW,0.8761433791869275,0.5762589297955063,0.4974138189694045,0.06274580832125853
4504,SHW,0.8768816376341171,0.5773172745021364,0.5047654667080393,0.04472624715379838
4505,SHW,0.8772092710495412,0.5847611778543487,0.5125533078952507,0.03310235975988408
4506,SHW,0.8776155976119338,0.586528711639773,0.5192362793352082,0.03798540674808528
4507,SHW,0.878064848090089,0.5915260457766583,0.5258625673083366,0.09483388532394949
4508,SHW,0.8783839062232843,0.5961579064999633,0.5323499039252232,0.06768577934175118
4509,SHW,0.8787773562396852,0.6011530228821464,0.5388191160314001,0.1010391223349203
4510,SHW,0.8810908398910327,0.6358477302428991,0.5528804497467095,0.0
4511,SHW,0.8814270573211527,0.6314284338332157,0.5629976521804366,0.0
4512,SHW,0.8825973912311333,0.6315350523563982,0.5711187211270745,0.0
4513,SHW,0.8841254069742059,0.6307963471854529,0.5774263800617502,0.0
4514,SHW,0.8856105019452034,0.6294037696635044,0.5821158420374556,0.0
4515,SHW,0.8870955969162009,0.6275147688183743,0.5853836031400113,0.0
4516,SHW,0.8885806918871983,0.6252583593963341,0.5874199033297139,0.0
4517,SHW,0.8900657868581954,0.6227398083191339,0.588403895404029,0.0
4518,SHW,0.8911188021748182,0.6112059361621176,0.5862370484931879,0.0
4519,SHW,0.891304797077324,0.5941450426357994,0.5801339567572398,0.20557493272614363
4520,SHW,0.8913505834956479,0.577513993418651,0.5709919603353504,0.04142827571931277
4521,SHW,0.8908813007390477,0.5708915526009801,0.5619822321341817,0.03581711860898364
4522,SHW,0.8905708318600278,0.5661865581909016,0.5535694124286381,0.025550093148416476
4523,SHW,0.8901661344266096,0.5563978919750167,0.5443320960052039,0.0299404885116953
4524,SHW,0.8899100286453372,0.5467098989260036,0.534460966490067,0.05930656178844959
4525,SHW,0.8897426359925409,0.5478978286397107,0.5268683139153519,0.13838697992134133
4526,SHW,0.8897483589018704,0.5487253134638911,0.5210061262093384,0.0
4527,SHW,0.8895623605063769,0.5494950903110201,0.516513530305086,0.0
4528,SHW,0.8894607757220911,0.5530205161562562,0.513822381135641,0.0
4529,SHW,0.8888512848306065,0.5472506115840589,0.5101916812281353,0.0
4530,SHW,0.8867137781960497,0.5428682993243953,0.5061647290967634,0.0
4531,SHW,0.886353234908293,0.5452423412921136,0.5035512039810043,0.0
4532,SHW,0.8857866668846754,0.5474391023361804,0.5020230155145388,0.0
4533,SHW,0.8852200988610579,0.5492963316191467,0.5012761359275499,0.0
4534,SHW,0.8845276229899071,0.5482908043813733,0.5004210979091748,0.0899363485820741
4535,SHW,0.8841556373764781,0.554185375489767,0.5012467775000672,0.05180449182363899
4536,SHW,0.8838870354354604,0.5609776898652519,0.5036469600345801,0.028205858000413992
4537,SHW,0.8837725789953645,0.5694343453094101,0.507733013827679,0.01611467605050714
4538,SHW,0.884329131229058,0.5808329350088609,0.5139212490626186,0.02210049679155454
4539,SHW,0.885553833476266,0.5957529078508486,0.5226931215931484,0.06285085903539639
4540,SHW,0.8868987119292115,0.6066180995968404,0.5324933986170904,0.09323121506934381
4541,SHW,0.8884273910463367,0.6249664616526125,0.5450329792349656,0.0
4542,SHW,0.889401717407575,0.62786938335636,0.555808136319483,0.0
4543,SHW,0.8906705724032498,0.6293632880163429,0.5648108789359986,0.0
4544,SHW,0.8920397809054159,0.6297362373894996,0.5721085923451851,0.0
4545,SHW,0.8928009288941317,0.6254219894903299,0.5768418034240352,0.16828037673359553
4546,SHW,0.8938711157331318,0.6273768978235881,0.5811290609066034,0.036572655764852
4547,SHW,0.8949327185574365,0.6279580743447343,0.5847077170791866,0.023737321465535085
4548,SHW,0.8960694586682982,0.6319785830608419,0.5886003695622539,0.021722210722417718
4549,SHW,0.8974830176219761,0.631359375619696,0.5915559009316392,0.02340302214862347
4550,SHW,0.8987263196738033,0.6265712225413259,0.592693990390882,0.0320979093355413
4551,SHW,0.8996791861729521,0.6217322558371565,0.5923651120012265,0.07432156903332643
4552,SHW,0.9005490683910318,0.6157085891304129,0.5905592354845386,0.0
4553,SHW,0.8956073361850345,0.4914646659808427,0.5572933397408723,0.0
4554,SHW,0.8967290302558957,0.5163547109812032,0.5370554296052564,0.0
4555,SHW,0.8975273726143702,0.5362872827240378,0.525970206252307,0.0
4556,SHW,0.8982223313004329,0.5521671764531858,0.5211691656211794,0.0
4557,SHW,0.8981650987141516,0.5524572764043494,0.5174026331443609,0.04115555785551645
4558,SHW,0.8980291778710834,0.5560413879850838,0.5153073652323047,0.029362968329538396
4559,SHW,0.8976900961919099,0.5609655639958593,0.5148923245582258,0.019768163941212998
4560,SHW,0.8971864861089935,0.5610301275150094,0.5145768279448281,0.028632788242599874
4561,SHW,0.8962758822473473,0.563110496882639,0.5148572521930963,0.029331918857379423
4562,SHW,0.8959096150023651,0.5651077259053304,0.5155931193319944,0.029668288139101634
4563,SHW,0.8958380772385519,0.5726362743922861,0.5181100152429574,0.0860391223349203
4564,SHW,0.8956406368666854,0.5758082133364061,0.5209359249131326,0.0
4565,SHW,0.8956291906987279,0.5781061761763961,0.5237852039498198,0.0
4566,SHW,0.896078436286702,0.5952047343632908,0.5304438880110904,0.0
4567,SHW,0.8957179184698036,0.5914526714643908,0.534809861714124,0.0
4568,SHW,0.8952965420251258,0.5912492811861754,0.5382505486188904,0.0
4569,SHW,0.8950189805733477,0.590726788734022,0.5408692780447936,0.0
4570,SHW,0.8949116760234204,0.5899602417860743,0.5427679345626009,0.0
4571,SHW,0.8948229688330218,0.5890697536741247,0.5440587891016864,0.0
4572,SHW,0.8952178502753525,0.5964041574328118,0.5469699508335546,0.09984009521838128
4573,SHW,0.9018449803267745,0.6103331108819493,0.5528663459435106,0.05803508590353964
4574,SHW,0.9024401590547537,0.6187337644263465,0.5597350266620952,0.03943800455392258
4575,SHW,0.9030925675746255,0.6257512796209309,0.56702728824423,0.029895984268267436
4576,SHW,0.903664855713183,0.6288540604440265,0.5736557777619273,0.026492962119643963
4577,SHW,0.9045833802154726,0.6253423039034016,0.5780591427869247,0.0451671496584558
4578,SHW,0.9055391050255976,0.6258781255598065,0.5817190687635604,0.06856965431587662
4579,SHW,0.9064304474550657,0.6263011710970058,0.5847553594262406,0.0
4580,SHW,0.9075063505667202,0.6258700241992605,0.587073967164922,0.0
4581,SHW,0.9093147930585208,0.6418079588240854,0.5930108567669915,0.0
4582,SHW,0.9111032032718764,0.6533556362801496,0.6007179448144577,0.0
4583,SHW,0.9115460147784389,0.6398354278694226,0.6034208367838996,0.0
4584,SHW,0.912481710453807,0.6358328339578962,0.6045580111312656,0.0
4585,SHW,0.9134088256074664,0.6316501592484016,0.6043964893175487,0.1311079486648727
4586,SHW,0.9133859339701487,0.623627725292214,0.6022125763526617,0.06669840612709584
4587,SHW,0.9135776270097233,0.604259618482756,0.5955049112612731,0.04919478368867729
4588,SHW,0.913689227933232,0.5900371199178301,0.5864961310644644,0.045866797764438
4589,SHW,0.9136391559695856,0.5752376215566767,0.5754986783342299,0.05315359138894638
4590,SHW,0.9136162681745534,0.5640179815221366,0.5638271563086533,0.10312254191678741
4591,SHW,0.9138938324207206,0.5613794469001657,0.5538141605788705,0.09467656799834402
4592,SHW,0.9138394640834933,0.5608698297197335,0.5456732414952435,0.0
4593,SHW,0.9133587386519215,0.5603365523894672,0.5390239239212574,0.0
4594,SHW,0.9131670250316697,0.563888198327745,0.5346141128726862,0.0
4595,SHW,0.912754978703636,0.5632245183874989,0.5309162831772284,0.0
4596,SHW,0.9113857715986642,0.5414421005384286,0.5223791344489068,0.08921651831918857
4597,SHW,0.9098205642802224,0.515420151964561,0.508884707312837,0.1085862140343614
4598,SHW,0.9086015905311222,0.5066550268722733,0.4958442529871404,0.05676671496584558
4599,SHW,0.9072452617186353,0.4983399322943797,0.4832822381489252,0.057212274891326846
4600,SHW,0.9055910510045266,0.4864274263583659,0.4701816105093395,0.07660267025460567
4601,SHW,0.903453542972775,0.48507273194396294,0.45935414579863937,0.13649813703167046
4602,SHW,0.9019169421671109,0.4971503950385268,0.45378548963909354,0.1850491616642517
4603,SHW,0.9014884393310667,0.5084928362441298,0.45223557623155886,0.0
4604,SHW,0.9006929549342702,0.5179593165492946,0.45342018832156417,0.0
4605,SHW,0.8999060510591828,0.5258481468007769,0.45638835509768283,0.0
4606,SHW,0.8993080070342532,0.5323524911954076,0.460428772877562,0.0
4607,SHW,0.8993137257519992,0.537756534911334,0.4650451838593106,0.0
4608,SHW,0.8992479081031259,0.5422369351471823,0.4698858270169574,0.0
4609,SHW,0.899355209160067,0.5461767605738743,0.4747674045872877,0.0
4610,SHW,0.8987428536702295,0.5352487780825971,0.4758738057587407,0.059421962326640446
4611,SHW,0.8979960094618513,0.5304154969670075,0.4755210329245215,0.04236959221693231
4612,SHW,0.8971776638167208,0.5270765779724567,0.47438365499900603,0.037004243427861724
4613,SHW,0.8960588371386016,0.5185650659192266,0.47129379508862135,0.02957927965224591
4614,SHW,0.8956639560455697,0.5311510500000807,0.47204541328954436,0.04305785551645622
4615,SHW,0.8954293195574503,0.5412165989878721,0.4752246833703358,0.03470813496170565
4616,SHW,0.895839946335709,0.541290609129958,0.47778705481780637,0.07908818050093148
4617,SHW,0.896681209815557,0.5412034927689884,0.47981463984494443,0.0
4618,SHW,0.8970004026383176,0.5417843525342795,0.48158547692607934,0.0
4619,SHW,0.8965139546467156,0.5239110517714112,0.47842445968239383,0.0
4620,SHW,0.8967002391178149,0.5179799595550966,0.4743765821424494,0.0
4621,SHW,0.896308221225941,0.5091222057198285,0.4688696435385916,0.0
4622,SHW,0.8955642412666167,0.5078475834689659,0.4641376380364852,0.04073949492858621
4623,SHW,0.8949919541759552,0.5121190842283657,0.46144604494058944,0.023853239494928586
4624,SHW,0.8942994821470895,0.513545820653149,0.4596581843703692,0.04201976816394121
4625,SHW,0.8934567854948181,0.5121130008535474,0.4578609239415266,0.03887652659904781
4626,SHW,0.8923036206621244,0.5051196329634986,0.45463198316790776,0.031150382943489957
4627,SHW,0.8912477442401356,0.5022490280476766,0.4513136148931444,0.049184433864624295
4628,SHW,0.8902176198622342,0.5011778703907779,0.44838457674562837,0.0954667770647899
4629,SHW,0.8892046649109182,0.5015873127816461,0.44614621208856464,0.0
4630,SHW,0.8890701768909741,0.5063714616594699,0.4455808304484617,0.0
4631,SHW,0.8885808695404989,0.5069191409931052,0.44526879606612824,0.0
4632,SHW,0.8880858074945164,0.5079461206322057,0.4452821972706085,0.0
4633,SHW,0.8880571908520767,0.5126148235327486,0.44648866044384256,0.0
4634,SHW,0.8869870071567645,0.5142886533179095,0.4478825301240379,0.0
4635,SHW,0.884895162240908,0.4950978097741875,0.4440824915893894,0.0475522666114676
4636,SHW,0.8832498258086852,0.4819095127627966,0.4376646910157987,0.0353498240529911
4637,SHW,0.8816044855341776,0.4721083289670054,0.4300201839113873,0.03382270751397226
4638,SHW,0.8795226355900443,0.45693659994265445,0.4200188144141712,0.02885686193334713
4639,SHW,0.8784181154866508,0.4476807565488564,0.4096471240564307,0.02642827571931277
4640,SHW,0.8766926551801282,0.4366679740367377,0.3985291920126568,0.03274218588283999
4641,SHW,0.8753220159506294,0.4320137071678183,0.3884428015059252,0.08213672117574
4642,SHW,0.8736709580062718,0.4291748866236149,0.37964661401723776,0.0
4643,SHW,0.8717909784492561,0.4284346000264595,0.372420062770797,0.0
4644,SHW,0.8700311838304438,0.42934690027211825,0.36687247894456465,0.0
4645,SHW,0.868538933476291,0.43394346157272545,0.36361167727901433,0.0
4646,SHW,0.8673600127572256,0.4389742738574114,0.36229152114808993,0.0
4647,SHW,0.8662240149060274,0.44715614830985584,0.3633309274530372,0.0
4648,SHW,0.8646330468110319,0.4460652878641708,0.3638830627162507,0.0
4649,SHW,0.8634712962171491,0.4558674497575384,0.3668352880814594,0.0
4650,SHW,0.8614224929307062,0.4503860011399972,0.36779316677147933,0.05422376319602566
4651,SHW,0.8588901048538182,0.4336366121171904,0.36426963765084697,0.05043210515421238
4652,SHW,0.856291900175953,0.42060053875303166,0.35811203193410973,0.03212430138687642
4653,SHW,0.8535849668575035,0.41302241345951113,0.35124504761264996,0.031224384185468846
4654,SHW,0.850938123737714,0.4074653139816522,0.34432818295184475,0.03769250672738563
4655,SHW,0.8495046544108256,0.4086474014388275,0.3390974459493318,0.04146967501552473
4656,SHW,0.8484602164722239,0.4203640359508696,0.3379137057779971,0.11610329124404885
4657,SHW,0.8481654904840417,0.4461127772851818,0.3435614483059284,0.0
4658,SHW,0.8475559992432586,0.4526509471184041,0.34975419001528374,0.0
4659,SHW,0.8470323516424174,0.4622091444561189,0.3571564166477545,0.0
4660,SHW,0.8458248209175872,0.45178159757454284,0.36040750799657995,0.0
4661,SHW,0.8444885240342468,0.4447795672834551,0.3612150300420317,0.0
4662,SHW,0.8431579476151447,0.440072869139512,0.3606555741756481,0.0
4663,SHW,0.8411263148031831,0.42340411098396524,0.35593882848438574,0.0
4664,SHW,0.8388485968900543,0.40686023908905833,0.34792823664240624,0.0
4665,SHW,0.836977205888616,0.4063484121057086,0.34138867469712786,0.06816497619540467
4666,SHW,0.8353604798114569,0.4129008365409038,0.337835223698323,0.03729041606292693
4667,SHW,0.8335448864773838,0.4185039528861959,0.3364275258840892,0.028982094804388323
4668,SHW,0.832411752875239,0.42967964568333206,0.3381636717639118,0.022821879528048022
4669,SHW,0.8305632573534045,0.4346456102932289,0.34082446496584184,0.023366797764438004
4670,SHW,0.8293929234434243,0.43948946703209935,0.34419370191386256,0.041419478368867724
4671,SHW,0.8289579854780724,0.44599717431766583,0.34855583713058447,0.09204616021527634
4672,SHW,0.8285860002139418,0.45232937489000946,0.35366734040757397,0.0
4673,SHW,0.8281625021291719,0.45851049243525815,0.3593396429413064,0.0
4674,SHW,0.827009333454193,0.44828886938436463,0.36125953595901583,0.0
4675,SHW,0.8269549651169656,0.46782829909526946,0.3677998640948398,0.0
4676,SHW,0.8259792118706804,0.4744051493138058,0.3747165810612743,0.0
4677,SHW,0.8254927663241687,0.5055204413312387,0.3882191633897054,0.05532136203684537
4678,SHW,0.8259649045973565,0.5351949970553019,0.40662143847281873,0.07915338439246532
4679,SHW,0.826698864924472,0.5672951632538316,0.42956471200894264,0.07663578969157524
4680,SHW,0.8279006758836607,0.5829015152282446,0.4519164097250606,0.03412957979714345
4681,SHW,0.8291468362464647,0.5957093835630468,0.47307810273823336,0.0212155868350238
4682,SHW,0.8303443578180456,0.6038083060545196,0.49208174280841593,0.051254398675222516
4683,SHW,0.8324418002450109,0.6137153322192928,0.5098220297221367,0.0918526185054854
4684,SHW,0.834805361798082,0.6212678997542816,0.5259486131807893,0.0
4685,SHW,0.836673891344855,0.6270652603626286,0.5403346925244884,0.0
4686,SHW,0.8382562799660378,0.6301921771048808,0.5526444179121508,0.0
4687,SHW,0.8399574151135214,0.6330643208256489,0.5632278079949017,0.0
4688,SHW,0.8410905487156657,0.6280361651042903,0.5704067152551847,0.0
4689,SHW,0.8426815133176744,0.6274117452065701,0.5759899154386381,0.0
4690,SHW,0.8446673635535977,0.6337567043127241,0.582081538388358,0.0
4691,SHW,0.8467447771951044,0.6410996424518041,0.5888355006633134,0.0
4692,SHW,0.8490940286804629,0.651423563403157,0.59688281989985,0.04731059821983026
4693,SHW,0.851652169500035,0.6627362671911066,0.6062180704998441,0.02917149658455806
4694,SHW,0.8551860618193983,0.6741677750794953,0.6166140941447064,0.0422065824880977
4695,SHW,0.8576440503285099,0.6860890531152508,0.6279841755285648,0.04438211550403643
4696,SHW,0.860555581847072,0.6934876601777902,0.6389751624042358,0.04125388118401987
4697,SHW,0.8624083754889811,0.7010925222839871,0.6497156994510747,0.035894742289381075
4698,SHW,0.8641424163172133,0.7076892709430331,0.6599976799094289,0.09751345477126888
4699,SHW,0.8652512327941877,0.7069531699596118,0.6680347350346524,0.0
4700,SHW,0.8670138888676644,0.7086165297871058,0.674890396724286,0.0
4701,SHW,0.8687350569921901,0.7082190723340034,0.6802731297819603,0.0
4702,SHW,0.8705334784545866,0.7062700779225944,0.6840801422747043,0.0
4703,SHW,0.8725136089248684,0.7108541966522101,0.6882998308889825,0.0
4704,SHW,0.8744737053702121,0.7127195825911972,0.692153342038886,0.0
4705,SHW,0.8762764218089951,0.7097996172178487,0.6944882931657541,0.0
4706,SHW,0.8781106142490906,0.7057977529842459,0.6953313017232365,0.0
4707,SHW,0.8786056420638042,0.6748290555254142,0.6880740454246063,0.08614158559304491
4708,SHW,0.8802795947891675,0.6669276099453811,0.6802445322597903,0.035442972469468016
4709,SHW,0.881407012118657,0.6524288769928541,0.6702675248065442,0.016763092527427033
4710,SHW,0.8819907513153535,0.6364970479085759,0.6582054791760509,0.021255951148830467
4711,SHW,0.8820808843429035,0.6162582029437089,0.6433722956106009,0.030806768784930653
4712,SHW,0.8818591233528799,0.5988754400193951,0.6270536977728334,0.05301749120264955
4713,SHW,0.8817675547078161,0.5917426874377875,0.6121719880433236,0.09737424963775615
4714,SHW,0.8812696657877361,0.5812199647362413,0.5975715539934054,0.0
4715,SHW,0.8805628875334426,0.5727268194333319,0.5837159532520761,0.0
4716,SHW,0.8798804291987086,0.5659205868536032,0.570888269084562,0.0
4717,SHW,0.8796500754615231,0.57309832893102,0.5624644758619138,0.048706271993376106
4718,SHW,0.8791521851442483,0.5753463223403749,0.556301194477743,0.049632581246118815
4719,SHW,0.8785412677170155,0.5703991710270874,0.5501035113097758,0.02842889670875595
4720,SHW,0.8779518098025734,0.5707584225866823,0.5452373758249035,0.02729817843096667
4721,SHW,0.8774739440791732,0.5731929953352577,0.5419680070924411,0.030688780790726556
4722,SHW,0.8771491700226219,0.5781332367520192,0.5406178004132501,0.039768681432415645
4723,SHW,0.8767943524385844,0.5889605820699683,0.5423107208907193,0.1284335541295798
4724,SHW,0.8764338091508277,0.5969893606192958,0.5457213777556804,0.0
4725,SHW,0.875964530585811,0.5979928332977816,0.5487069113853392,0.0
4726,SHW,0.8757813974872679,0.6041924437043903,0.5526831745691826,0.0
4727,SHW,0.877546918857695,0.6222360134613325,0.5604854811016212,0.0
4728,SHW,0.8784482753305931,0.6356564471646486,0.5701645506257805,0.0
4729,SHW,0.8789776402519851,0.6306097808779545,0.5766152605368953,0.0
4730,SHW,0.8779646828555778,0.590782252973444,0.5715752530091885,0.0
4731,SHW,0.8793138576821047,0.6006625561597002,0.570073777589553,0.030827468433036635
4732,SHW,0.8813411958669786,0.620927684813274,0.5740628760596012,0.03222158973297454
4733,SHW,0.883212589662806,0.6398498305002276,0.5821004705633768,0.053304181328917406
4734,SHW,0.8852041582671761,0.6516505613806676,0.5915529342512803,0.023302111364106808
4735,SHW,0.8875562729536925,0.6672200203821557,0.6031025351078296,0.0481975781411716
4736,SHW,0.8901487487841502,0.6831062483577506,0.6164109761633916,0.04834454564272407
4737,SHW,0.8920058387996406,0.6916844492488372,0.6292547668375849,0.11342579176154005
4738,SHW,0.8939916879876679,0.6963121628807736,0.6407150434675914,0.0
4739,SHW,0.8966256538628685,0.705108840790753,0.6521362586557082,0.0
4740,SHW,0.8987173754762967,0.7036087237367196,0.6608890227468893,0.0
4741,SHW,0.9009149754532024,0.7052384152319144,0.6683086285191254,0.0
4742,SHW,0.9029566223085945,0.7048530764877547,0.6741456206711008,0.0
4743,SHW,0.9044417144852028,0.698678950393261,0.6772339051219567,0.0
4744,SHW,0.9059325323655298,0.692254261284969,0.6780590495336134,0.0
4745,SHW,0.9076064833443995,0.684594331087996,0.6767573135477295,0.0
4746,SHW,0.9089914274021313,0.6771075248829781,0.6737984135389858,0.0
4747,SHW,0.915744460410906,0.7934070470164334,0.7012177782451008,0.0
4748,SHW,0.9184170580198723,0.7983884025510408,0.7244290884119969,0.10638946387911405
4749,SHW,0.9219023136438049,0.801499196635969,0.7437948691438646,0.0675470916994411
4750,SHW,0.9271616687147826,0.8024064418814871,0.7595198562201148,0.06032550196646656
4751,SHW,0.9302105483107588,0.7965721957945894,0.7706055862427952,0.030639101635272198
4752,SHW,0.9321792305172911,0.7801962006900555,0.7752799713605911,0.03409025046574208
4753,SHW,0.933650013674082,0.7584108420160927,0.7734398412825665,0.04870420202856551
4754,SHW,0.9354069510298135,0.7428206895723243,0.7679748073359768,0.11302784102670253
4755,SHW,0.9365973172182391,0.7243012736552605,0.758859611084026,0.0
4756,SHW,0.9377047022692837,0.7111317291483191,0.7481944872040246,0.0
4757,SHW,0.9391757733180346,0.7040656343862284,0.737852628956122,0.0
4758,SHW,0.9406780370170202,0.6969334033560741,0.7277524444775947,0.0
4759,SHW,0.9418512334295617,0.6897779545065925,0.7178396524964068,0.0
4760,SHW,0.9433534971285473,0.6826858586345542,0.708093000396564,0.0
4761,SHW,0.9446382902730135,0.675724219891535,0.6985126727146599,0.0
4762,SHW,0.945676998316312,0.6639101981471001,0.6878226184451832,0.0
4763,SHW,0.9469217310954723,0.653463012472571,0.6765948552099427,0.0
4764,SHW,0.948558487005986,0.6522250088440026,0.66729556871739,0.04759832332850341
4765,SHW,0.9501694901738156,0.6485580956692074,0.6589169744156873,0.03487890705858
4766,SHW,0.9516002175061828,0.6409226603407474,0.6502585210534793,0.03742703374042641
4767,SHW,0.9470648118625782,0.6354746133138423,0.6419364115341962,0.029559097495342575
4768,SHW,0.9466613457069544,0.6313926368657954,0.6342332533369603,0.040816601117780994
4769,SHW,0.946030390063199,0.6246520802544281,0.6263443440496541,0.04907317325605464
4770,SHW,0.9454609633793063,0.621115021723736,0.6191273097173462,0.096572655764852
4771,SHW,0.9450761019184832,0.6176402448628777,0.612463726850577,0.0
4772,SHW,0.9448815250970735,0.6090444184681454,0.6049313085059895,0.0
4773,SHW,0.9450017100352777,0.601743861967074,0.5970355646460065,0.0
4774,SHW,0.9453650858138536,0.6042623027322084,0.5913639893824821,0.0
4775,SHW,0.9450818018020448,0.5882814422141956,0.5827337316357322,0.0
4776,SHW,0.9446411377836759,0.5754315054313964,0.5725384160810121,0.0
4777,SHW,0.9442459708944755,0.5710929482015351,0.563270977914083,0.0
4778,SHW,0.9498086387627205,0.6894867712615487,0.5861799017656724,0.0
4779,SHW,0.9495568304029254,0.6618216201899157,0.5974214777735594,0.05042123783895673
4780,SHW,0.9495668475900438,0.6443351751896251,0.6019361326739041,0.04271889877872076
4781,SHW,0.9493880077213936,0.6258035920031543,0.6008015712340378,0.03279496998551024
4782,SHW,0.9494595405950257,0.6106153311124858,0.5960039241480218,0.026327882425998757
4783,SHW,0.9493350645227201,0.5941222918617204,0.5879416303819771,0.03996636307182778
4784,SHW,0.948837165472979,0.5811849986424595,0.5781783123931552,0.052184330366383765
4785,SHW,0.948668331963189,0.5758929276671361,0.5690122595592194,0.10363330573380251
4786,SHW,0.9486912236005067,0.5717342518879962,0.5606143025757783,0.0
4787,SHW,0.9486425788712065,0.5683352825254141,0.5530253973075063,0.0
4788,SHW,0.9488028224282234,0.57089685758132,0.5476103404166793,0.0
4789,SHW,0.9482405476344993,0.5552709053427217,0.5392761960222296,0.0
4790,SHW,0.9481289467109906,0.5547820281664231,0.5324836699101749,0.0
4791,SHW,0.9475938546886851,0.5457884061328281,0.5247462140596226,0.0
4792,SHW,0.948054548889707,0.5540573704166288,0.5206740859249753,0.0
4793,SHW,0.9478699882075197,0.547397239067883,0.5157105991030358,0.08374870627199336
4794,SHW,0.9475752845465082,0.5487836824273885,0.512094903743688,0.04551438625543366
4795,SHW,0.9483235549413362,0.5538832886234522,0.5105084520662323,0.026446387911405505
4796,SHW,0.9487313115324634,0.5509758230549276,0.5084946343652212,0.0657632995239081
4797,SHW,0.9491834231159855,0.5556129762073095,0.5080712419329557,0.05087973504450424
4798,SHW,0.9431543377880898,0.5486358048879715,0.5059455438015528,0.05312719933761126
4799,SHW,0.9430942496852213,0.5464527311655941,0.5036858592495962,0.13828037673359553
4800,SHW,0.9427837797583054,0.5451237999811113,0.5015377474544624,0.0
4801,SHW,0.9431314454521744,0.5538447034651142,0.5020528446534981,0.0
4802,SHW,0.9443504286323385,0.5786518599923195,0.5088184995824195,0.0
4803,SHW,0.9448898156310301,0.5799566677111242,0.5145652092079804,0.0
4804,SHW,0.9364113275552128,0.39665492936588526,0.4722155703606157,0.0
4805,SHW,0.9365400965081121,0.4360597856345717,0.44842818062109224,0.0
4806,SHW,0.9356587684713742,0.4478510204954807,0.4324182248059918,0.09933450631339266
4807,SHW,0.9342437819340521,0.4474436522519225,0.41950592552091587,0.05792537776857793
4808,SHW,0.9326985953671989,0.45106337906423527,0.41010316588976836,0.06492289381080521
4809,SHW,0.9318544627481158,0.45197287793150176,0.4028138978703233,0.042583316083626574
4810,SHW,0.930189094037448,0.4488170692715086,0.39617422178108197,0.0705211136410681
4811,SHW,0.9289128845583785,0.4469022076591657,0.3903720490050907,0.0736560753467191
4812,SHW,0.9264720598870748,0.4380206967088037,0.3834555895704934,0.17546832953839783
4813,SHW,0.9257524008952052,0.45445418128330806,0.38213134505261004,0.0
4814,SHW,0.9236892945270223,0.4475114735562189,0.3792937920238368,0.0
4815,SHW,0.9214416218878729,0.4434639948706054,0.37598711454175643,0.0
4816,SHW,0.9193141310432398,0.4371067935414409,0.37171357429065105,0.0
4817,SHW,0.9168532782850747,0.4335195487005937,0.36737598153379936,0.0
4818,SHW,0.9149132123716828,0.43214337797270974,0.3635534442433733,0.0
4819,SHW,0.9128186254613051,0.43251521312510355,0.3605906483542113,0.0
4820,SHW,0.9018420853673819,0.25279678991385607,0.3121911591795468,0.0
4821,SHW,0.8944023032390707,0.19743328860526127,0.25929193876532647,0.0
4822,SHW,0.8860840545286859,0.15812358244080632,0.20690461081845896,0.0
4823,SHW,0.8799862953367334,0.15940915960831004,0.1653240088392099,0.7919995860070378
4824,SHW,0.8824857770342756,0.15675046578462598,0.1313785859975557,0.2617910370523701
4825,SHW,0.8752505878665966,0.1412858610601604,0.10026147296119431,0.3547138273649348
4826,SHW,0.8697251196075908,0.14842157692626334,0.07719537294403189,0.16009211343407162
4827,SHW,0.8642239712681445,0.1482765130122663,0.05870533934637123,0.11009677085489546
4828,SHW,0.8578543703900556,0.1377459567827814,0.041216239888785644,0.15664613951562822
4829,SHW,0.851310224969001,0.1275691294370883,0.024618484332105728,0.38092372179672945
4830,SHW,0.8451065933516477,0.1263899271871768,0.011038264116220997,0.0
4831,SHW,0.8390803705263132,0.13332715445914622,0.0019508417108310416,0.0
4832,SHW,0.8339898465200353,0.15409524286460463,0.0,0.0
4833,SHW,0.8273112113325438,0.16450761435399797,0.001106129886469298,0.0
4834,SHW,0.8214824281804787,0.1735363562442369,0.0043034636092738054,0.0
4835,SHW,0.8158224708536328,0.18857785380732117,0.01071373968607725,0.0
4836,SHW,0.8103828455359721,0.20458820997588867,0.01994251247170792,0.0
4837,SHW,0.8052322271394488,0.22708712779858725,0.03308792472809424,0.0
4838,SHW,0.8002246814761627,0.2514280422999637,0.049838418392160355,0.0
4839,SHW,0.7945017721466927,0.25937451358851754,0.06527405337614595,0.0
4840,SHW,0.7988597707447722,0.2937792545209473,0.0864342595633179,0.140231836058787
4841,SHW,0.7987682020997089,0.3146884823583716,0.10871766917715386,0.08087714758849099
4842,SHW,0.7985521580809372,0.33125409704216424,0.13078716089244474,0.07114727799627406
4843,SHW,0.7969955260447241,0.3469205087837014,0.15245521558255892,0.03969416269923411
4844,SHW,0.7957078714455936,0.35889418369502174,0.17285634162330588,0.0804626371351687
4845,SHW,0.7953215733193608,0.37102824203803664,0.19228500194374948,0.07514231008072862
4846,SHW,0.7941941594828581,0.382008398920608,0.21064015392321606,0.14150745187331815
4847,SHW,0.7936504820486623,0.39415434150538176,0.2284350787714194,0.0
4848,SHW,0.7911095141486633,0.34959480092711004,0.23125848616567124,0.0
4849,SHW,0.7888976117886148,0.3170742360775825,0.225188086647173,0.0
4850,SHW,0.7893268299883252,0.35025653539650725,0.2288303750513721,0.0
4851,SHW,0.7907575573206929,0.40205089655541837,0.24500971124357457,0.0
4852,SHW,0.7916760842680728,0.444423490096803,0.2688055946064598,0.0
4853,SHW,0.7924915988475218,0.4663466585203658,0.29345723512566235,0.0
4854,SHW,0.7930982272364453,0.47668108454485536,0.31582538750347916,0.0
4855,SHW,0.7951727818683789,0.5193188785963887,0.3446402466299848,0.0
4856,SHW,0.7951298600484074,0.5098659425832228,0.3652710600618827,0.0
4857,SHW,0.7946877614604206,0.5007704611421466,0.3794461877454566,0.08035810391223348
4858,SHW,0.7941898711431463,0.49609775241311255,0.3895895217150014,0.07751552473607948
4859,SHW,0.7942628396342917,0.49020200721103807,0.39619417817767427,0.09201200579590146
4860,SHW,0.7931912175270761,0.4877173971341747,0.40084154819591783,0.07814220658248809
4861,SHW,0.792887904031212,0.493231146075493,0.40597161853023206,0.06486545228731111
4862,SHW,0.7924286461463002,0.49251009619012187,0.4098910004241864,0.08067946594907886
4863,SHW,0.7919565078731123,0.49253166785774777,0.4130320308472445,0.10363641068101842
4864,SHW,0.7916145629927804,0.4932518449169532,0.4157293060120679,0.0
4865,SHW,0.7912583146814103,0.4947453271452231,0.4182696349001588,0.0
4866,SHW,0.7909349703042956,0.49665205336956236,0.4207902462900698,0.0
4867,SHW,0.7906431019284925,0.5010265768690281,0.4239271327600758,0.0
4868,SHW,0.7930867842121758,0.5051189479670978,0.4274847747823459,0.0
4869,SHW,0.7955304664958596,0.5089436227837596,0.4313104592175587,0.0
4870,SHW,0.7952414595747217,0.5125149780088223,0.43528569769364467,0.0
4871,SHW,0.7942857337167002,0.5256223498702565,0.4418229317745852,0.0
4872,SHW,0.794065401707515,0.5513196521774327,0.45363427920656274,0.0
4873,SHW,0.7940711232196502,0.563584104872635,0.4662245130745319,0.08560235975988408
4874,SHW,0.7938450658560456,0.560501762852443,0.4755072546769501,0.06898468226040157
4875,SHW,0.7920609502697777,0.5598009134396493,0.482753947304562,0.0415602359759884
4876,SHW,0.7919665250602312,0.5504962485309766,0.48616820254279935,0.05240374663630718
4877,SHW,0.7919879894632031,0.5434245536153373,0.4870884132853306,0.06142620575450217
4878,SHW,0.791511554816434,0.5296663007008627,0.4843008357572878,0.07450993583109086
4879,SHW,0.7908405433482555,0.5122894318652307,0.47762023233589307,0.10427188987787207
4880,SHW,0.7904156215221261,0.5055919517170389,0.47056039955785833,0.0
4881,SHW,0.7894141137866635,0.49580665301050003,0.4624063351586138,0.0
4882,SHW,0.788684441449961,0.4886304964414331,0.4540451356062235,0.0
4883,SHW,0.7887988978900573,0.5009063965973226,0.4505002637956738,0.0
4884,SHW,0.7888904644393291,0.5106638681276402,0.45016343746330356,0.0
4885,SHW,0.7889705851699418,0.518805287925035,0.45197914641263603,0.0
4886,SHW,0.7882666673224166,0.5096079961771213,0.451076114984716,0.0
4887,SHW,0.7877229909361172,0.5084130509749171,0.4500476420070534,0.0
4888,SHW,0.7888561304763386,0.5423587240198526,0.45791898594529634,0.08077054440074519
4889,SHW,0.7895629073334378,0.5604266587999885,0.4688435974198011,0.06712171393086316
4890,SHW,0.7900751073691263,0.5705902897933108,0.48018638275714226,0.04459325191471745
4891,SHW,0.7899048515151721,0.5742403747345626,0.49019546610904535,0.0474404885116953
4892,SHW,0.7891551462014275,0.5801208259395058,0.49970882642456604,0.04535034154419375
4893,SHW,0.7889949054387997,0.5885891506038646,0.5094884111482091,0.050630304284827156
4894,SHW,0.7891494264357859,0.5886864571511724,0.5173370009554406,0.10364934796108466
4895,SHW,0.7900092921653443,0.6045841559234841,0.5276875710573173,0.0
4896,SHW,0.7912969439700861,0.6165245124455331,0.5390261759642712,0.0
4897,SHW,0.7918148676137013,0.6095997245469423,0.5463234920789002,0.0
4898,SHW,0.7933586220560276,0.6161868777595326,0.5538484382180253,0.0
4899,SHW,0.7949581741657186,0.6149055520449553,0.5595402236277608,0.0
4900,SHW,0.7962458287648491,0.6132689361499667,0.5636744839878479,0.0
4901,SHW,0.7971786629855524,0.5989633922394723,0.5633179746846338,0.0
4902,SHW,0.7975563750012973,0.5757145528053582,0.5570783042511731,0.0
4903,SHW,0.7978167684236843,0.5720056098305614,0.5511366381781775,0.07575501966466569
4904,SHW,0.7978739933253949,0.564273072008029,0.5444028576324714,0.04737942454978265
4905,SHW,0.7981315207522344,0.5621979594053397,0.5384843580128267,0.0497045125232871
4906,SHW,0.7990414622877244,0.5578475709542724,0.5326353423967297,0.043338335748292274
4907,SHW,0.7998312255216842,0.5574419456151851,0.5278522416613184,0.058935520596149864
4908,SHW,0.7987152512164646,0.5524634448487297,0.5227506738305493,0.06002225212171393
4909,SHW,0.7978911508758264,0.5458906655124401,0.516986007737308,0.09189194783688677
4910,SHW,0.7972730770175418,0.5411290330590373,0.5111547316549622,0.0
4911,SHW,0.7968595961198908,0.5376064391662322,0.5055875085511595,0.0
4912,SHW,0.796290170833192,0.5350947455005959,0.5004904383021406,0.0
4913,SHW,0.7964876119036561,0.5531881983677351,0.5010468540866089,0.0
4914,SHW,0.7926961844728821,0.47963351564373813,0.4826532555453498,0.0
4915,SHW,0.7921525038949988,0.5055054889364737,0.47456467338876185,0.09071983026288552
4916,SHW,0.7914070946055367,0.5222629780078457,0.4723857143102079,0.07673049058166011
4917,SHW,0.7913412769566639,0.5340882595480776,0.473671223015802,0.07607689919271372
4918,SHW,0.7907231989067958,0.5449291039744009,0.47747617317545343,0.05024373835644794
4919,SHW,0.7903783974619802,0.553382655264151,0.4826852460366103,0.06189091285448147
4920,SHW,0.7898475944779841,0.5562693395239136,0.487591838202388,0.061643552059614984
4921,SHW,0.7897417234497786,0.5548496870324207,0.4911535123564388,0.11915027944524942
4922,SHW,0.7901680801948237,0.5530866270708511,0.493551299019529,0.0
4923,SHW,0.7898762107711246,0.551777073232768,0.49513412709758414,0.0
4924,SHW,0.7909835979179611,0.5747781787801824,0.5022914032650244,0.0
4925,SHW,0.7908662817696941,0.5716098293937328,0.5072057506104869,0.0
4926,SHW,0.7910551388254623,0.5725587514762287,0.5113802651957418,0.0
4927,SHW,0.7909464018017092,0.5700497609291537,0.514077277417234,0.0
4928,SHW,0.7897732088821545,0.5415050878861659,0.5089240620797725,0.0
4929,SHW,0.7891608614261862,0.5280663448957401,0.5013595761604215,0.0
4930,SHW,0.7887201935655317,0.521640407886995,0.4936621846652461,0.04223556199544608
4931,SHW,0.788249486019676,0.5164214711193459,0.486167604065865,0.03749016766714965
4932,SHW,0.7879490353756715,0.5163049408835378,0.4801420940115561,0.028703167046160213
4933,SHW,0.7866084445638402,0.5152119209847366,0.4750417431109972,0.01985872490167667
4934,SHW,0.789238122099329,0.5082738677676804,0.46918449708323406,0.02827313185675843
4935,SHW,0.7879933963061427,0.5067570022179053,0.46411020259842467,0.041620264955495756
4936,SHW,0.7867586779197122,0.5022464490225278,0.45889552990093874,0.11332798592423927
4937,SHW,0.7855168107868007,0.4974906079971358,0.4535057318283248,0.0
4938,SHW,0.7840059665661063,0.49025540425769976,0.447340822251561,0.0
4939,SHW,0.7829486552252014,0.494447360677299,0.44348253310146846,0.0
4940,SHW,0.7818169530489869,0.49314507356715936,0.44006236167403484,0.0
4941,SHW,0.7808898389432231,0.49334789109106775,0.43737816989664857,0.0
4942,SHW,0.7806208622047381,0.5070197599018784,0.4387324380107726,0.0
4943,SHW,0.7803518854662532,0.5183280775198642,0.44271212433260093,0.0
4944,SHW,0.7789268810432151,0.5279484105265682,0.4483598207630406,0.0
4945,SHW,0.7788095614019612,0.5415802812789585,0.4563693551919114,0.0
4946,SHW,0.7789240178420571,0.5607752080329638,0.46769316280040285,0.06810391223349202
4947,SHW,0.7783946473318868,0.5595256525832721,0.4764321743451993,0.04690333264334506
4948,SHW,0.7788982609077895,0.5532184183060428,0.4818079828129652,0.022861208859449388
4949,SHW,0.7789497656945596,0.5478203270671944,0.4847260773701412,0.03450631339267232
4950,SHW,0.7785548922860981,0.5383377969092837,0.48463189953211194,0.03815255640654108
4951,SHW,0.7783274027979665,0.5339578228097608,0.48343476390290285,0.030506106396191262
4952,SHW,0.7775834228386422,0.5237334026939369,0.4798583900095701,0.08627147588490995
4953,SHW,0.7769124110211645,0.5161290806139739,0.4750496816594295,0.0
4954,SHW,0.7828384829332333,0.6390293698712173,0.502679779717355,0.0
4955,SHW,0.7860862311833179,0.6829597007189475,0.5360352382573832,0.0
4956,SHW,0.7896659120167975,0.7188379452494227,0.5719086951444267,0.0
4957,SHW,0.7940181845618595,0.7590616408691407,0.6109095020786741,0.0
4958,SHW,0.7987968138519665,0.7928075211584753,0.6507530992816709,0.0
4959,SHW,0.8031977311263292,0.8179327831106125,0.6890630269679314,0.0
4960,SHW,0.8064340363521447,0.8055214338542842,0.7165321902353856,0.0
4961,SHW,0.8102369096015769,0.8050504666666023,0.7383868973362087,0.0
4962,SHW,0.814543398872003,0.8249442673858434,0.7609658377874853,0.0
4963,SHW,0.8182146448575596,0.8245096814129664,0.7789176845455241,0.9999999999999999
4964,SHW,0.8212649565780628,0.8087386254782204,0.7892398992972829,0.331299420409853
4965,SHW,0.8237744523190353,0.7882141133520753,0.7922409593300213,0.24330469882012004
4966,SHW,0.8260693445489316,0.773447760216798,0.7908598678962409,0.18796211964396603
4967,SHW,0.8292512807389221,0.7613121567845675,0.7866468395350987,0.22761488304698818
4968,SHW,0.8330756208364178,0.757317449510283,0.7822532975334308,0.248024218588284
4969,SHW,0.8373048504815972,0.7596876911217245,0.7793455271790508,0.4225005174912026
4970,SHW,0.8417744391749267,0.7587938142535,0.7767903722964681,0.0
4971,SHW,0.8460237014478498,0.7541235155501602,0.7735500974657827,0.0
4972,SHW,0.8498065441653311,0.7316215229530167,0.7651946960660585,0.0
4973,SHW,0.855497977493489,0.7510711402930915,0.7634917860385033,0.0
4974,SHW,0.8542246301676819,0.7500182666772575,0.7618597973739427,0.0
4975,SHW,0.855466501492177,0.747020891433626,0.7597865225323687,0.0
4976,SHW,0.8562333713423254,0.735685721046861,0.7552247533318195,0.0
4977,SHW,0.855426441126871,0.7065331269266774,0.7441088128887414,0.0
4978,SHW,0.8556410502267258,0.7074196340619566,0.7354431116067912,0.0
4979,SHW,0.8565052095354759,0.721060682561806,0.7320042784586792,0.198335748292279
4980,SHW,0.8582034821803983,0.7178183457222229,0.7284227887799278,0.17498188780790724
4981,SHW,0.8597543937523731,0.722516118365436,0.7267607845518519,0.1283900848685572
4982,SHW,0.8605355740195337,0.7316544056943334,0.7277716676205208,0.11462481887807907
4983,SHW,0.8614712665512139,0.7270169776130564,0.7273926419324761,0.15406799834402815
4984,SHW,0.8630736829099588,0.7227026572748779,0.7259844431805551,0.1584713309873732
4985,SHW,0.8651739895859785,0.7223195536838549,0.7247597641777646,0.2854440074518733
4986,SHW,0.8671913112823311,0.722386897050763,0.7237972688724463,0.0
4987,SHW,0.8644042572332684,0.624176499068931,0.6978737512336896,0.0
4988,SHW,0.8658764721652883,0.6414348724006758,0.6815551296048962,0.0
4989,SHW,0.8690526885896372,0.6966341184641426,0.6826377925332604,0.0
4990,SHW,0.8716795039718637,0.7266104740099835,0.6911814286802862,0.0
4991,SHW,0.8731331229415491,0.7224940578703256,0.6969620463663745,0.0
4992,SHW,0.8767957849124102,0.7459747516728776,0.7076003857501407,0.0
4993,SHW,0.8785527180765573,0.7623034463724414,0.7202931416383388,0.0
4994,SHW,0.8808905265376454,0.7705598132040744,0.7325619564513708,0.0
4995,SHW,0.8815472289860078,0.7402331303740272,0.7346097771219473,0.34702442558476504
4996,SHW,0.8826918105026031,0.7175435389184874,0.7304368045437987,0.2474094390395363
4997,SHW,0.8848579348274952,0.7005985050835704,0.7227584861098335,0.19308424756779133
4998,SHW,0.8866062794360645,0.7025708503949988,0.7171209859186743,0.17303922583316084
4999,SHW,0.8880455907831273,0.7107962852832066,0.714717673618472,0.15330262885530946
5000,SHW,0.8897209756330176,0.7082570497250997,0.7121446780180951,0.23083730076588696
5001,SHW,0.8906452199009487,0.6982492802454303,0.707523104431387,0.4028606913682467
5002,SHW,0.8912175076902069,0.688943039016249,0.7014423429729777,0.0
5003,SHW,0.8922590806811574,0.6799412279236834,0.6942722014740426,0.0
5004,SHW,0.8923849818920164,0.6540129717756883,0.6818953765056437,0.0
5005,SHW,0.8926768513157155,0.6408737145706264,0.6686287067974652,0.0
5006,SHW,0.8934007993458937,0.6407136976434543,0.6579743877004012,0.0
5007,SHW,0.8994127155965019,0.6514268332632364,0.6521947670018976,0.0
5008,SHW,0.9016360658710005,0.6762145359962695,0.6539196651319306,0.0
5009,SHW,0.9012068476712902,0.6826554196446444,0.6569492145098574,0.0
5010,SHW,0.9022169408186431,0.7040326981733592,0.6648479752201157,0.642155868350238
5011,SHW,0.904331582013282,0.7160310946437352,0.6742399977310329,0.21150279445249429
5012,SHW,0.9056335463308272,0.7355868510697917,0.686762211038805,0.17630304284827156
5013,SHW,0.906738063639831,0.7449198481138541,0.6991703369391179,0.12322914510453321
5014,SHW,0.9074763224363194,0.7404011582933612,0.7079395166077223,0.16824415234941004
5015,SHW,0.9104050258265581,0.7452170496226348,0.71618830026418,0.25682105154212376
5016,SHW,0.9120560820244221,0.7238684086557188,0.7173195405970935,0.784029703995032
5017,SHW,0.9135640654890493,0.7049751964904186,0.7133856275522099,0.0
5018,SHW,0.9145341028119787,0.6943670639203516,0.7075215557838156,0.0
5019,SHW,0.9148145257184215,0.6787227059126791,0.6988234854253011,0.0
5020,SHW,0.917155193189084,0.6999920321733705,0.697312501749729,0.0
5021,SHW,0.9185258324185828,0.6888889411449117,0.6932600053501048,0.0
5022,SHW,0.9194615280939509,0.6699339875978324,0.6851632897955361,0.0
5023,SHW,0.9204086695879785,0.6538234076112528,0.6745596962317382,0.0
5024,SHW,0.9227836769597082,0.6518317308914499,0.6655667156891237,0.0
5025,SHW,0.9246951286757517,0.6479885460746198,0.6573880196800903,0.0
5026,SHW,0.9269356438359533,0.6617620326843643,0.6543727106294605,0.17911095011384806
5027,SHW,0.9283549256989607,0.6663526785089118,0.6531362137202372,0.07462585386048437
5028,SHW,0.9287927251189774,0.6660962145742043,0.6520813309782464,0.06828037673359552
5029,SHW,0.929668329547789,0.6619866676132296,0.6501848928783712,0.05706478989857172
5030,SHW,0.929719833635962,0.6584756468887133,0.6477685042655902,0.06556354791968536
5031,SHW,0.9301475935137455,0.6591905376629622,0.6460184902852072,0.06499844752639204
5032,SHW,0.9296353906836674,0.6513257767549666,0.6426041666062248,0.17233957772717862
5033,SHW,0.9292948817701476,0.6436478811536236,0.637906254871463,0.0
5034,SHW,0.9293521073704554,0.6350917405151468,0.631956537697565,0.0
5035,SHW,0.9284421616433818,0.6181599939762914,0.6228602267122562,0.0
5036,SHW,0.929303462990454,0.6174532590010693,0.6154021698669725,0.0
5037,SHW,0.9301790681178628,0.6162377873382706,0.609124419344611,0.0
5038,SHW,0.9307027143215092,0.6132913012818743,0.6033475686902787,0.0
5039,SHW,0.9315153674462939,0.6104855366946619,0.5980074793328944,0.0
5040,SHW,0.9306254550455613,0.6077634644504275,0.5930382341888027,0.0
5041,SHW,0.9316069318997733,0.6171959544080194,0.5914786753252591,0.07541295797971434
5042,SHW,0.933349556742701,0.630717222908884,0.5936940782118841,0.06018940178016973
5043,SHW,0.9353296872129828,0.6453563169473153,0.5992157465441983,0.036721175740012414
5044,SHW,0.9365343571817455,0.6516899012788961,0.6052552307203058,0.05757658869799213
5045,SHW,0.9378177178523859,0.6559806737219599,0.6111857652059282,0.03208807700269095
5046,SHW,0.9380409109669365,0.6543490051960086,0.6155122919405485,0.0581297867936245
5047,SHW,0.938424344844115,0.6502324562370037,0.6179191880791912,0.09156489339681224
5048,SHW,0.9387763069115653,0.6426940335262824,0.6179139738167116,0.0
5049,SHW,0.9394029661817398,0.6387651580857818,0.6169035438589595,0.0
5050,SHW,0.9399867053784363,0.6347823467526429,0.6150751273532196,0.0
5051,SHW,0.9391325625582079,0.6059842308042283,0.6062366575615119,0.0
5052,SHW,0.9386375309012083,0.5829490776461285,0.5932661477926913,0.0
5053,SHW,0.9381653908815273,0.5646330410976554,0.578198660146457,0.0
5054,SHW,0.9396361785792009,0.5883872455915479,0.5722285664724619,0.0
5055,SHW,0.9411241350048631,0.5976533212493407,0.5698257069675875,0.0
5056,SHW,0.941450340836643,0.5939408173281003,0.5669525776124167,0.0
5057,SHW,0.9415476285487507,0.5859555871683454,0.5626089072030775,0.07410629269302421
5058,SHW,0.9414989848673461,0.575065076406983,0.5563447072022866,0.05006209894431794
5059,SHW,0.9410468718866296,0.5582176011687279,0.5470183934130826,0.03797609190643759
5060,SHW,0.9403057519847757,0.5391778960592536,0.5346809174851949,0.04513403022148623
5061,SHW,0.9394244277903225,0.533739492415745,0.5234180597643775,0.051294762989029186
5062,SHW,0.9380580849344051,0.526639283101233,0.512589277068332,0.03984268267439453
5063,SHW,0.9359921143171674,0.5119964050315544,0.5001759357272431,0.14653591388946388
5064,SHW,0.9349305170816415,0.5174535515499107,0.491642940033989,0.0
5065,SHW,0.9268082797622852,0.3781546434786249,0.449139485485485,0.0
5066,SHW,0.9252659598895767,0.40178913387672843,0.42118995726872777,0.0
5067,SHW,0.9229539052190683,0.4046004540424686,0.3995503664169002,0.0
5068,SHW,0.9208564589498178,0.40967911324396533,0.3835394334280302,0.0
5069,SHW,0.9194858221654094,0.43315850419629237,0.37674419858749836,0.0
5070,SHW,0.9171937969789568,0.4341445389529578,0.37156055267455146,0.0
5071,SHW,0.9169047900578184,0.4524996962163376,0.3721147353227881,0.0
5072,SHW,0.9154540325427978,0.4443922797435812,0.3704816203141214,0.0
5073,SHW,0.9164727065611578,0.48986556094908257,0.380821686871103,0.07655661353756986
5074,SHW,0.9155484560058516,0.5247046495829907,0.3980166828938887,0.05723349203063548
5075,SHW,0.9148531246181126,0.5480639719230539,0.4177554394434296,0.057811012212792376
5076,SHW,0.914598454454354,0.5649724921303849,0.4378770332309587,0.04916062926930242
5077,SHW,0.9144668299848666,0.5759904866359535,0.4567962229076532,0.0531370316704616
5078,SHW,0.914873151657078,0.5911063551196535,0.4758030315325412,0.05585386048437176
5079,SHW,0.9154139707802966,0.5972027275585877,0.4925698735364605,0.08675429517698198
5080,SHW,0.9162781332327348,0.6023090222505892,0.5072911647986349,0.0
5081,SHW,0.9166901809579633,0.6058205024552773,0.5199675536227286,0.0
5082,SHW,0.9172581790103158,0.608101001307146,0.5306927431282717,0.0
5083,SHW,0.9184914624778302,0.6134884506767049,0.5406527213678053,0.0
5084,SHW,0.9187776079443037,0.6141075715459153,0.5487792724038075,0.0
5085,SHW,0.9264205533538106,0.620407748332394,0.5568941064451849,0.0
5086,SHW,0.9289329105494479,0.6504033329994037,0.5710684044205165,0.0
5087,SHW,0.9313565626504783,0.6535506508228006,0.5832139298122687,0.0
5088,SHW,0.9333324005894648,0.6468950100970708,0.5912257159440664,0.06253777685779341
5089,SHW,0.9344884282740176,0.6417074706539797,0.5963065188888322,0.033185675843510655
5090,SHW,0.9360321858600313,0.6257884535949432,0.5962940029762507,0.02786793624508383
5091,SHW,0.9369364065819834,0.6156325410004865,0.5936828709148838,0.050140757607120674
5092,SHW,0.9392627653821277,0.6124196485790948,0.5907710833722187,0.04245290830055889
5093,SHW,0.9390538847803809,0.6079518576060493,0.5872973684340844,0.06742755123162905
5094,SHW,0.9391111173666622,0.6077612361692926,0.5844695747652433,0.1779357275926309
5095,SHW,0.9393657847360317,0.6067678499781511,0.5819529150307057,0.0
5096,SHW,0.9396948527210736,0.605449565072373,0.5796019498007786,0.0
5097,SHW,0.9401297931315158,0.6038917530814021,0.5773221928041419,0.0
5098,SHW,0.9400840136991655,0.5990031918032476,0.5742463351509887,0.0
5099,SHW,0.9396404871782358,0.5812002531555731,0.567225983174733,0.0
5100,SHW,0.9398207588221137,0.5805248241156616,0.5614367115727633,0.0
5101,SHW,0.9394516311703631,0.5685161800144015,0.5537296557383746,0.0
5102,SHW,0.9386418398495415,0.5500479219303703,0.5428339444548849,0.13790053819085074
5103,SHW,0.9377347576729247,0.5378506101278268,0.5309934155451745,0.07590146967501551
5104,SHW,0.9364513994473751,0.5178573463426692,0.516400343293686,0.0521429310701718
5105,SHW,0.9348575688498189,0.5027540507454535,0.5008576487605523,0.07600289795073484
5106,SHW,0.9312092141522816,0.4752938784369661,0.4813904289590479,0.09116176774994825
5107,SHW,0.928387818804957,0.45233786911645063,0.4599371894007459,0.09588077002690953
5108,SHW,0.9257052050567682,0.4303628495036106,0.43714638386499616,0.12538915338439247
5109,SHW,0.9229839616706048,0.414850341039389,0.41494069562886216,0.0
5110,SHW,0.9207963767850256,0.40434376955428997,0.3944852154025229,0.0
5111,SHW,0.9187418512878502,0.4036738319836892,0.3779492476685755,0.0
5112,SHW,0.9151450066165641,0.3787587046223314,0.35833924295991415,0.0
5113,SHW,0.9118972538255963,0.3670915801393546,0.3396630702075669,0.0
5114,SHW,0.9091473930983964,0.3741902041970145,0.32654022251112536,0.0
5115,SHW,0.9063431675269564,0.3804574537694072,0.31764710429063203,0.0
5116,SHW,0.9034960201355449,0.3865287263279886,0.31208757626902506,0.0
5117,SHW,0.9008148371146882,0.39665025267595944,0.310232266221615,0.0
5118,SHW,0.8990707839895191,0.4224438680237882,0.3153542459235765,0.200896294762989
5119,SHW,0.8977402051253267,0.4391497919250477,0.3237305295265108,0.0831861933347133
5120,SHW,0.8949560104351373,0.43739479885093085,0.32998206982959427,0.03294762989029186
5121,SHW,0.8921746761517162,0.42622996648092615,0.33212377949954386,0.0391280273235355
5122,SHW,0.8893132214869812,0.40840536363495716,0.3292719327750395,0.05119333471330987
5123,SHW,0.8864975511447777,0.3992630664974386,0.3246489419572559,0.09543107017180708
5124,SHW,0.8843070992157549,0.3960321739772882,0.3201230572472086,0.11574104740219415
5125,SHW,0.8821095023825372,0.39530395491028814,0.31631583894405335,0.0
5126,SHW,0.880893384150025,0.40040797994358845,0.31457730065848755,0.0
5127,SHW,0.8796257607814435,0.4027650398172419,0.31379015718718317,0.0
5128,SHW,0.8779374990362632,0.3925825318668655,0.31055251151032953,0.0
5129,SHW,0.8770790626368425,0.4037146603088418,0.31081354145318724,0.0
5130,SHW,0.8749129414556385,0.38746036012777285,0.30685933485511974,0.0
5131,SHW,0.872898477371665,0.3855819242542239,0.30321486698565236,0.0
5132,SHW,0.8716165456818632,0.3749108589853889,0.29756623311535374,0.0
5133,SHW,0.871287478395419,0.39393929947084716,0.2979208658345581,0.0
5134,SHW,0.8684417578890549,0.373300426767428,0.292918570356615,0.1016751190229766
5135,SHW,0.8659251057170314,0.36457759592097394,0.2866826537055145,0.0795937694059201
5136,SHW,0.8639235223706332,0.3696217416242876,0.28298582052425836,0.17389929621196437
5137,SHW,0.8617945983535771,0.37652632464843505,0.2817967469436129,0.04847391844338646
5138,SHW,0.8595869783951633,0.3984190675961876,0.28645262937407945,0.08326381701511074
5139,SHW,0.8573732981049096,0.41221856891584296,0.2937116459292458,0.06461239908921548
5140,SHW,0.8560312751685517,0.42632403476201397,0.3031315330269838,0.1428612088594494
5141,SHW,0.855235791121054,0.4388916745602961,0.31388625052023833,0.0
5142,SHW,0.8551871460424549,0.4547939675684371,0.3265628994407324,0.0
5143,SHW,0.8494155919836843,0.3544791475721817,0.31101171531053623,0.0
5144,SHW,0.8470262815302148,0.34951447690665605,0.2972992229116831,0.0
5145,SHW,0.8459246214842917,0.3742982356086882,0.29267681354126596,0.0
5146,SHW,0.84632236368269,0.43030149869692574,0.3033223700873502,0.0
5147,SHW,0.8454925418299166,0.4470851065630054,0.3161374114831953,0.0
5148,SHW,0.8461077545828348,0.4772600706204891,0.3341178177619337,0.0
5149,SHW,0.8453094087313735,0.4901304963649874,0.35179849974888344,0.0
5150,SHW,0.8451706274815365,0.4877453973809911,0.36533217684025165,0.10940281515214241
5151,SHW,0.8441319187396408,0.4771813380288867,0.3734534651570172,0.08106033947422893
5152,SHW,0.8436282995749593,0.4696072456377914,0.3780106289641656,0.04460153177395984
5153,SHW,0.8418398921559933,0.4637012418557631,0.3801437218825575,0.039453529290002065
5154,SHW,0.8418785245883562,0.46010583752289336,0.38092934586265326,0.07442920720347754
5155,SHW,0.8420144454314245,0.4657370520738594,0.3830001045080036,0.054399192713723864
5156,SHW,0.8420444851166256,0.47870852068985525,0.38797894735912775,0.0913439246532809
5157,SHW,0.8424279217881936,0.49780991974248273,0.39685424751028653,0.0
5158,SHW,0.8428396320769393,0.5284547898391254,0.41180321252641505,0.0
5159,SHW,0.8435049244641024,0.5528167690920285,0.4300019434754671,0.0
5160,SHW,0.8430728448097278,0.5511475299953892,0.4441334048543675,0.0
5161,SHW,0.8423546196888787,0.5440801759504152,0.45362849228766644,0.0
5162,SHW,0.841682177842666,0.5443367421418803,0.4612902736387876,0.0
5163,SHW,0.8463577947648431,0.5401435747219002,0.4663457500484989,0.0
5164,SHW,0.8484847426316873,0.5562363681596918,0.4745117968283069,0.0
5165,SHW,0.8472543171258513,0.5264837540362072,0.47342443281446156,0.0
5166,SHW,0.8457820973036507,0.5330786263647542,0.47424361186090325,0.16337456013247773
5167,SHW,0.8472442992401357,0.5700073709626713,0.48435709788541864,0.09421858828399916
5168,SHW,0.8484232206577982,0.6087699392217655,0.5023757060606897,0.1417889670875595
5169,SHW,0.8509470205284067,0.6543807511641262,0.5284723753610684,0.08503311943696956
5170,SHW,0.854213373473292,0.6909648532766338,0.5587195841966085,0.10485148002483957
5171,SHW,0.858003368779539,0.7193279797873102,0.5901816789142703,0.08551645622024424
5172,SHW,0.8620237178229715,0.744205015376409,0.6217228291939603,0.23082177602980747
5173,SHW,0.8660927046097315,0.7615893010690247,0.6514081904125877,0.0
5174,SHW,0.8704964843866545,0.7796950793035593,0.6797937081284906,0.0
5175,SHW,0.8741190870401048,0.7827068077925662,0.7032734823459678,0.0
5176,SHW,0.8765456019929951,0.7655465576711984,0.7176622404287542,0.0
5177,SHW,0.878465638073032,0.7474111205970553,0.7245284219699535,0.0
5178,SHW,0.8803001738876866,0.744288375924715,0.7292215738354142,0.0
5179,SHW,0.8818600100545266,0.7341153363609829,0.7303705894590378,0.0
5180,SHW,0.884741494901915,0.7303583707592189,0.7303275727379729,0.0
5181,SHW,0.8877188384805721,0.7215739352972241,0.7280433009971137,0.0
5182,SHW,0.8917220142551336,0.7394469584958989,0.7307934994236338,0.10747412543986752
5183,SHW,0.8962531291139362,0.7576319259770254,0.7376511687543037,0.07708600703788035
5184,SHW,0.8998447969973697,0.7695615768033687,0.746192711115214,0.06945145932519146
5185,SHW,0.9056793020108684,0.7799957621391037,0.7556983351934736,0.0406359966880563
5186,SHW,0.9100916689461753,0.7860956723217857,0.7648651356424894,0.08212223142206582
5187,SHW,0.912855835200205,0.786037573527064,0.7721836958127806,0.08037673359552887
5188,SHW,0.9154254159003585,0.7893795121730465,0.7788944769964123,0.1335246325812461
5189,SHW,0.9172081053001766,0.789084205932186,0.7841874684869825,0.0
5190,SHW,0.9189106690792004,0.7865278407199958,0.7877671286941504,0.0
5191,SHW,0.9204715946946052,0.7802389653771765,0.7890201581585902,0.0
5192,SHW,0.9225232555934282,0.7873113574476402,0.7918339537326018,0.0
5193,SHW,0.9245749185880436,0.7902549386161212,0.7948388964320803,0.0
5194,SHW,0.9261916404736183,0.7878229257040263,0.7966199665582699,0.0
5195,SHW,0.9275966147140036,0.7703196477827189,0.7935619055270766,0.0
5196,SHW,0.9300030980870453,0.7577144670998824,0.7878870339637685,0.0
5197,SHW,0.9335226873246691,0.766006814934934,0.7854709622241256,0.0
5198,SHW,0.9376093570070525,0.7949779061339685,0.7909581436192594,0.1472547091699441
5199,SHW,0.9427499592643533,0.8309312435494988,0.8045562114839679,0.09756209894431794
5200,SHW,0.9470335565481625,0.844678929757374,0.8189557055664365,0.07001500724487683
5201,SHW,0.9518994584590508,0.8602178163814514,0.8344551005804766,0.05944266197474642
5202,SHW,0.9558568464180941,0.8769829838259322,0.8511484898135153,0.08804543572759263
5203,SHW,0.959425080734317,0.8847720665885787,0.8664981311049247,0.09654885116953012
5204,SHW,0.9629575468672309,0.8863762274295198,0.8791886997588622,0.2741099151314427
5205,SHW,0.9665086131540632,0.8877699059060209,0.8896981018291179,0.0
5206,SHW,0.9700382150379232,0.8851195257292768,0.897426811507678,0.0
5207,SHW,0.9736407868101233,0.8785699847013142,0.9019323191876771,0.0
5208,SHW,0.9761302558614293,0.8530018557342562,0.8989882488749446,0.0
5209,SHW,0.9796899054643595,0.8512228322503766,0.8961773514077118,0.0
5210,SHW,0.9830378074220998,0.8424643586444579,0.8916854243872581,0.0
5211,SHW,0.9857046831696326,0.8167477255322306,0.8815053716226291,0.0
5212,SHW,0.9892500254992389,0.8261528375999507,0.8757701546725531,0.0
5213,SHW,0.9910212638409179,0.7941902593333268,0.8629957664878278,0.10143086317532601
5214,SHW,0.9929641954005586,0.7678774330524774,0.8460370485607271,0.05137549161664251
5215,SHW,0.9956253457936715,0.7465833320466062,0.8270162563317902,0.0939976195404678
5216,SHW,0.9984410189302642,0.7344395568050904,0.8086893743811912,0.048792693024218584
5217,SHW,0.9999418505047228,0.7164621875354505,0.7894235280194006,0.06237424963775615
5218,SHW,1.0,0.695904633068578,0.768745676399296,0.06465483336783275
5219,SHW,0.9991887800476382,0.6763986555736826,0.7472075491202921,0.11584713309873731
5220,SHW,0.9988940505664692,0.6590217190647294,0.725526488565724,0.0
5221,SHW,0.9982473635587326,0.6450913101876837,0.7046138016352756,0.0
5222,SHW,0.9972315502964397,0.6336687190723342,0.6849581126785449,0.0
5223,SHW,0.995521829387767,0.6079515816673814,0.662646921206087,0.0
5224,SHW,0.9954216795223974,0.6193845375956056,0.6477261620630964,0.0
5225,SHW,0.9941912540165614,0.6084005099159719,0.6329763396420043,0.0
5226,SHW,0.993049533605332,0.6010507489433381,0.6192940703345564,0.0
5227,SHW,0.9919822110153858,0.5955784930662547,0.6069467077193678,0.0
5228,SHW,0.9915272397236929,0.5866056509379838,0.5947707047890559,0.0
5229,SHW,0.9910837184422432,0.6010987089232703,0.5887418459008558,0.29348219830262884
5230,SHW,0.9899505848400985,0.5938326937513401,0.5820577962869797,0.04380977023390602
5231,SHW,0.9897445559126536,0.5910836699643431,0.5760064801430678,0.04278565514386255
5232,SHW,0.9875641302525149,0.5806666693680701,0.5684974383718765,0.02379010556820534
5233,SHW,0.9870090073489588,0.5692187754418677,0.5595581850190305,0.029290519561167457
5234,SHW,0.9864481559472953,0.5614253027261896,0.5504107280826253,0.04670720347754088
5235,SHW,0.9855210474303102,0.5495012255408785,0.540038783150932,0.12945197681639412
5236,SHW,0.9813333067819774,0.4802449491932229,0.5140033983746976,0.0
5237,SHW,0.9803933203218067,0.48685432902412235,0.49486787645415686,0.0
5238,SHW,0.9812674926260909,0.5252870242696408,0.4894027916194752,0.0
5239,SHW,0.9808182428465333,0.5268708573238468,0.48543637304582665,0.0
5240,SHW,0.9804061933748112,0.5284822683243002,0.48267595070929,0.0
5241,SHW,0.9809384239424519,0.5502326339886022,0.48603828864748866,0.0
5242,SHW,0.9803518257361814,0.544959264407291,0.4873775503322609,0.0
5243,SHW,0.9805235130160654,0.5405823491883331,0.4873279497578671,0.0
5244,SHW,0.9795581971631928,0.5462440056411809,0.4887383255005616,0.07356447940385014
5245,SHW,0.9798443461226531,0.557171835506888,0.4926654478892628,0.09587507762368039
5246,SHW,0.9806226649351486,0.5776411355385682,0.5010497167179447,0.10464914096460359
5247,SHW,0.9861059920567001,0.5473593672345682,0.5027904085238324,0.0
5248,SHW,0.9857282807395524,0.5618794794245479,0.5051128300409778,0.0
5249,SHW,0.9857282807395524,0.5732271931997455,0.5098771291785704,0.0
5250,SHW,0.9855193945490273,0.5737653245890333,0.5138263940111112,0.0
5251,SHW,0.9845207468710342,0.5617894282551287,0.5139185546405798,0.0
5252,SHW,0.9853820447251196,0.5671297666956544,0.5153600437884248,0.0
5253,SHW,0.9846638196042714,0.5681232132926856,0.5167676753772446,0.0
5254,SHW,0.9842889725361776,0.5495443289493175,0.5131353805764125,0.047025978058373004
5255,SHW,0.9824190108648772,0.5220178999299311,0.503179510976781,0.050645311529703994
5256,SHW,0.9812973185405087,0.5138426995561999,0.4931209934438843,0.034805423307803764
5257,SHW,0.9796929310893967,0.510901535944125,0.4843208923587492,0.03994928586214034
5258,SHW,0.9796957953384511,0.5130533474178861,0.47783193069038404,0.033471848478575865
5259,SHW,0.9796557395140275,0.5174329513601992,0.4737624599102869,0.04283274684330366
5260,SHW,0.9797682748114651,0.5242104467013086,0.4722427267158965,0.09155557855516455
5261,SHW,0.9800537021198834,0.5305652089187944,0.47265451372366485,0.0
5262,SHW,0.9801266653715484,0.5313653050031942,0.47318886291467066,0.0
5263,SHW,0.979691721118821,0.530321300741544,0.47334895323259707,0.0
5264,SHW,0.9793397590513706,0.5315320308705282,0.4737871161375026,0.0
5265,SHW,0.9788876492143426,0.5298713037000178,0.4737123031447082,0.0
5266,SHW,0.978040658633581,0.5208287889294844,0.4713364954443757,0.0
5267,SHW,0.9771049629582125,0.513481160676155,0.46755398414287325,0.0
5268,SHW,0.9761063152802198,0.5199543862765326,0.4661858893549121,0.0
5269,SHW,0.9748272450450837,0.5197390016518734,0.4650362494902277,0.0
5270,SHW,0.9733392928110054,0.5075543779214916,0.46099582736835953,0.07498137031670461
5271,SHW,0.9729794627911228,0.5094419705979375,0.45824693749051315,0.06701511074311736
5272,SHW,0.9716488849748264,0.5063829085145314,0.45526434252388365,0.02731059821983026
5273,SHW,0.9703025716029647,0.5011660128598194,0.4515421219145716,0.03617936245083833
5274,SHW,0.9697216966553222,0.4941423636681672,0.44676545738837903,0.058802525357068924
5275,SHW,0.9700686462869279,0.4952801643879408,0.4432355378310722,0.06144069550817636
5276,SHW,0.9697710612891717,0.49668276798699773,0.4407708352232948,0.1154481473814945
5277,SHW,0.9693094784723453,0.4980863898461207,0.43915856697060535,0.0
5278,SHW,0.9686570650622923,0.4998846378587188,0.4383293173471832,0.0
5279,SHW,0.9678987792268385,0.5019715730512522,0.43820042081810007,0.0
5280,SHW,0.9681191136811145,0.527147716730769,0.44454538528157045,0.0
5281,SHW,0.967048929636503,0.5214849966477835,0.448171028234548,0.0
5282,SHW,0.9668629350832951,0.5310601846486397,0.45352392748880754,0.0
5283,SHW,0.9662505837850417,0.5281731567695056,0.4570668250080094,0.0
5284,SHW,0.965277689199032,0.5205891130598035,0.4579587274581257,0.0
5285,SHW,0.9644478673462591,0.5150893014590681,0.4572636447123258,0.0
5286,SHW,0.9632202994528027,0.4950711019434336,0.4515805428846005,0.05029910991513144
5287,SHW,0.9613603539207247,0.46648187991125867,0.4397118264776894,0.05157834816808114
5288,SHW,0.9586605721431445,0.4396687074445282,0.42334949794829435,0.068648830469882
5289,SHW,0.9566131985361377,0.42763486345858953,0.40717754240976445,0.07129683295383978
5290,SHW,0.9552511433213344,0.4212592867381617,0.3926070734318147,0.05301335127302836
5291,SHW,0.9530413839085972,0.41134087164691086,0.37841040647461166,0.05519819913061477
5292,SHW,0.9510068938335543,0.40373536708853086,0.3651051608185165,0.17398985717242807
5293,SHW,0.949134070707589,0.39943328280005796,0.3533591199735402,0.0
5294,SHW,0.947654694803636,0.40233408761227496,0.3447052377122279,0.0
5295,SHW,0.9456008885124119,0.40054313198458585,0.3373234346407352,0.0
5296,SHW,0.9429883762119249,0.3893018349117342,0.3285388855692268,0.0
5297,SHW,0.9409338517626451,0.39343720574811214,0.3225703921962092,0.0
5298,SHW,0.938590320392227,0.3926563576250184,0.3175956076762109,0.0
5299,SHW,0.9379665232753149,0.4291235695305765,0.32295571568529746,0.0
5300,SHW,0.9351079300652443,0.4363509145483079,0.32909486044549785,0.0
5301,SHW,0.93411214558841,0.4557661661426001,0.3389787856350702,0.15885220451252327
5302,SHW,0.9323909834019615,0.4708999110817491,0.35076196116514347,0.048104429724694676
5303,SHW,0.9311634190014915,0.4831505236678201,0.3633261128005577,0.05311633202235562
5304,SHW,0.9302613482128232,0.4945978451101239,0.376309307420939,0.05550455392258331
5305,SHW,0.9289336308032952,0.49559779756372535,0.3869519696594434,0.06982560546470709
5306,SHW,0.9284271564713253,0.49769351658041716,0.39600285232169924,0.07659646036017387
5307,SHW,0.9281324269901559,0.490731591337482,0.4014604790714825,0.1737052370109708
5308,SHW,0.9241879110362214,0.4059263356455675,0.38410636695779277,0.0
5309,SHW,0.9237858794502154,0.42130684711556166,0.37416231417320656,0.0
5310,SHW,0.9233080151240101,0.4349306302105261,0.3696963778295911,0.0
5311,SHW,0.9231592226251322,0.44725693856030413,0.36928062706814346,0.0
5312,SHW,0.9230819605547946,0.45813356588938736,0.37173373432540424,0.0
5313,SHW,0.9235827151211238,0.47951579623139495,0.3791726095912104,0.0
5314,SHW,0.9230104241881767,0.47967675125512466,0.3851649333984658,0.0
5315,SHW,0.9213765335746129,0.45314166089276486,0.383162659072953,0.0
5316,SHW,0.921662679041086,0.46119086460090786,0.38362239136105447,0.0
5317,SHW,0.9207312783421044,0.45471444822969087,0.38233144572215244,0.13995653073897743
5318,SHW,0.9191803674687273,0.4322484776159713,0.37554473358013124,0.09809252742703373
5319,SHW,0.9158825381732307,0.4155396869847395,0.3658359298019389,0.09069085075553715
5320,SHW,0.9134789152069578,0.39955164879361804,0.3539740509070074,0.07804491823638998
5321,SHW,0.9101038255876177,0.3813252090654619,0.3398164153827953,0.09114106810184226
5322,SHW,0.9069762490023874,0.3728790681774282,0.32632709217259015,0.11769405920099357
5323,SHW,0.9037428087242239,0.3656069054110487,0.3136730965870903,0.22519509418339886
5324,SHW,0.9004528484290559,0.3619419575372044,0.30261123836139325,0.0
5325,SHW,0.8975885347547465,0.3613206074092612,0.2936026123815677,0.0
5326,SHW,0.8945668393273838,0.36045689127330305,0.2861744977267624,0.0
5327,SHW,0.8928556890885737,0.37954884182718135,0.28512181193577457,0.0
5328,SHW,0.8949187979018474,0.3936296199928965,0.2878860141794779,0.0
5329,SHW,0.8929100567272035,0.4033311310094864,0.29258211455537914,0.0
5330,SHW,0.8909013155525596,0.4127104062404583,0.2987412028201777,0.0
5331,SHW,0.8882773616249975,0.40937964759852785,0.30281540379294203,0.0
5332,SHW,0.885759281520031,0.4105867518241213,0.3063839265599836,0.0
5333,SHW,0.8815228971902931,0.3897852803688715,0.30391109853616294,0.11759056096046366
5334,SHW,0.8790305726223999,0.3935954616281009,0.3029086948631293,0.06837818257089628
5335,SHW,0.8778859932015965,0.3984699704609286,0.3033552248862402,0.05390447112399089
5336,SHW,0.875250589962389,0.40125451451366856,0.3044256227625264,0.05243169116125025
5337,SHW,0.8731746032059293,0.40277984889931534,0.30567260775355526,0.04481215069343821
5338,SHW,0.8712030654828093,0.38931151764694527,0.3032207039892285,0.12943024218588284
5339,SHW,0.8692787442067487,0.3811073314173501,0.2991579353042817,0.23159749534257915
5340,SHW,0.8679624761088665,0.38461319954902146,0.29680563881372235,0.0
5341,SHW,0.8666161637849008,0.38121541604548764,0.294053565660457,0.0
5342,SHW,0.8650867201088852,0.3806422762246386,0.2917051153007071,0.0
5343,SHW,0.8636617125421595,0.38158629928746024,0.2900681369911452,0.0
5344,SHW,0.8624169797629992,0.3878641418656397,0.2903664273472357,0.0
5345,SHW,0.8611722469838394,0.39473731776901366,0.29236540864490496,0.0
5346,SHW,0.860056279664593,0.4019985961248549,0.29582434299908394,0.0
5347,SHW,0.8574838319209963,0.3971890441774856,0.29735967419523013,0.0
5348,SHW,0.8556267478435835,0.406976057385083,0.30109457644478,0.0
5349,SHW,0.853915595508981,0.416146597690551,0.30643124528661597,0.1139453529290002
5350,SHW,0.8522817080391056,0.426544358577421,0.3133636415664062,0.08382788242599876
5351,SHW,0.8513359955259174,0.43793124482504,0.3218259533175995,0.06701873318153591
5352,SHW,0.8505004476201266,0.4525974252565924,0.3323520860738963,0.05727282136203684
5353,SHW,0.8505233441476259,0.4594224379694362,0.34252100579703415,0.05543779755744152
5354,SHW,0.8497536121442146,0.4678696697738986,0.352819635770499,0.05124663630718278
5355,SHW,0.8487921588359812,0.4716089060434557,0.36201622815536816,0.11836214034361416
5356,SHW,0.8479737862948533,0.4755973660104873,0.37039502132368235,0.0
5357,SHW,0.8470066132209784,0.4741748569751283,0.37673372466540445,0.0
5358,SHW,0.8467834176613369,0.4728021810155243,0.38145311932941517,0.0
5359,SHW,0.8471697098494921,0.48559089607224265,0.38850406438784085,0.0
5360,SHW,0.8471439567575101,0.4959246812772699,0.3967914962711759,0.0
5361,SHW,0.8458963625236855,0.47161386108850084,0.3971949856357028,0.0
5362,SHW,0.8465773887338921,0.493077628456111,0.4030150497459291,0.0
5363,SHW,0.8458276876117319,0.48073869731383934,0.40451086978721273,0.0
5364,SHW,0.8446337428584818,0.46639225734779144,0.40203313398356577,0.07786690126267853
5365,SHW,0.8438582928359226,0.4647726470942196,0.39963613283605465,0.05961032912440488
5366,SHW,0.8427194324821632,0.45714797164168364,0.3957657098028459,0.04519250672738563
5367,SHW,0.8419768846473659,0.44815413920400654,0.39036588252694615,0.046703063547919685
5368,SHW,0.8404545886699348,0.4381315080339533,0.38347903724270577,0.08085955288760091
5369,SHW,0.8392069986276942,0.4370460208071927,0.3776915474165209,0.03973297453943283
5370,SHW,0.8376761186355681,0.4333752704449487,0.37212140767237567,0.13886565928379216
5371,SHW,0.8360522448598244,0.43175968864218073,0.3672515151341283,0.0
5372,SHW,0.8345442613951968,0.43867973878125344,0.36512795548556226,0.0
5373,SHW,0.8373298833197325,0.5274246374039117,0.38615833758381,0.0
5374,SHW,0.8357331898703171,0.5096343214223626,0.3984262103097628,0.0
5375,SHW,0.8340792711698923,0.49117052162463304,0.40351158372512574,0.0
5376,SHW,0.8324940252856292,0.4789452903407828,0.4044487718726901,0.0
5377,SHW,0.831847336531399,0.4839807608059199,0.4064882006394709,0.0
5378,SHW,0.8303851331977197,0.47087380422181724,0.40476280671312226,0.0
5379,SHW,0.8289114840453808,0.47425683419444165,0.40424894887741336,0.0
5380,SHW,0.8265650947132848,0.45949784356759327,0.40005780882510766,0.10495601324777477
5381,SHW,0.825918409102743,0.45071177774298954,0.39445462085287175,0.05175998758021113
5382,SHW,0.8227965582212318,0.43394492227387915,0.38567776491856937,0.04413371972676464
5383,SHW,0.8211097265047864,0.42168191764303764,0.3755154951251305,0.03160111778099772
5384,SHW,0.8197512516013008,0.4147848577546964,0.3656192131419309,0.028996067066859862
5385,SHW,0.8183491318296072,0.41869697351724894,0.3587041536358807,0.04055733802525357
5386,SHW,0.8173132866381678,0.4234238796570904,0.3543827551798232,0.08039950320844545
5387,SHW,0.8164820344073611,0.42867669524221275,0.3522709808175749,0.0
5388,SHW,0.8161014630327434,0.4392570808674203,0.3532913961482703,0.0
5389,SHW,0.8154576339866848,0.4489155205369638,0.35658143561550304,0.0
5390,SHW,0.8143502496342374,0.4440446035295168,0.3579659341614694,0.0
5391,SHW,0.8141213332610588,0.45933711294737184,0.36299023093168126,0.0
5392,SHW,0.8135375965094527,0.4719317488128391,0.37023539036108,0.0
5393,SHW,0.8088991784979176,0.48180086510488096,0.378559183334105,0.0
5394,SHW,0.808180953377069,0.48292485519606115,0.3855060926156584,0.0
5395,SHW,0.8081351701024331,0.4933398382531264,0.3937310921674037,0.0
5396,SHW,0.8082439050303947,0.5068765437496391,0.40377809548982163,0.13488097702339058
5397,SHW,0.8074226661444213,0.5127539766961736,0.41332101874927474,0.059908921548333674
5398,SHW,0.8077460098229388,0.5233924099408735,0.42368005925931856,0.04248706271993376
5399,SHW,0.8076716081593704,0.5366445785455191,0.4353614201239165,0.05056096046367212
5400,SHW,0.8083597876569404,0.5445062421865912,0.4467200280422318,0.049848892568826325
5401,SHW,0.8088920140329972,0.5492839704274617,0.45703058001711583,0.06243686607327675
5402,SHW,0.8094471369365528,0.5424890617077088,0.4635387182750916,0.11275046574208238
5403,SHW,0.8095344154954112,0.527231620624535,0.4648375126050147,0.0
5404,SHW,0.8098491776043244,0.5214390604221572,0.4643929649660071,0.0
5405,SHW,0.8097175534841359,0.5158697956173444,0.4626109338831992,0.0
5406,SHW,0.8091738770978361,0.5036319273794652,0.45805096187173977,0.0
5407,SHW,0.8095716192962343,0.5139369022273079,0.45704228122736995,0.0
5408,SHW,0.8086445079848601,0.5004026429094063,0.4527689595429865,0.0
5409,SHW,0.8077173966734859,0.49047102671706033,0.4468066293715251,0.0
5410,SHW,0.8084670977956465,0.5040791590147374,0.44552206265624567,0.0
5411,SHW,0.8080235723226123,0.5087567045923151,0.44569241626879297,0.0
5412,SHW,0.8074970632671068,0.5107740712148824,0.4463453845154128,0.08193386462430138
5413,SHW,0.8069304945448916,0.5110940433039193,0.44694970995449956,0.04870316704616021
5414,SHW,0.8067187437560137,0.5116608563977633,0.447578341749686,0.055597184847857584
5415,SHW,0.8061035299551995,0.5130585714223114,0.4484392281684587,0.04599875802111364
5416,SHW,0.8052370509540143,0.5141658586143765,0.4494115342814733,0.037225729662595734
5417,SHW,0.8045317034270529,0.5135181868981796,0.45002349832113236,0.058870834195818664
5418,SHW,0.803418602103354,0.5106946196687431,0.44978990112900713,0.10141896087766507
5419,SHW,0.8020479691612308,0.5082762626774404,0.4489836368788636,0.0
5420,SHW,0.8009477366989524,0.5097150590496802,0.4487071281635476,0.0
5421,SHW,0.7999805660701682,0.5125790259057216,0.44921943671579057,0.0
5422,SHW,0.7988302644386325,0.5009568854081256,0.4466526358129106,0.0
5423,SHW,0.7984611367868819,0.4983704564077071,0.44393676220636735,0.0
5424,SHW,0.7980033040405248,0.501019674068598,0.44244257755670524,0.0
5425,SHW,0.7973623381956236,0.49855085843357316,0.4406149199373032,0.0
5426,SHW,0.7977286043927099,0.509543467876956,0.44196820689882554,0.0
5427,SHW,0.7969445640680792,0.514450869406635,0.44430771386498696,0.05613434071620782
5428,SHW,0.7972249855773272,0.5184565641634286,0.4472052528506235,0.04164510453322293
5429,SHW,0.7975225751159662,0.5224125245222928,0.4505364795415163,0.03395622024425585
5430,SHW,0.796704195938164,0.5237089247207346,0.45353349325330294,0.030174394535292897
5431,SHW,0.7947598336511916,0.4954836640980792,0.4487020866082358,0.1106328917408404
5432,SHW,0.7918311389934192,0.4517381912473614,0.4336329267920194,0.15844286897122747
5433,SHW,0.787493172673785,0.38804873577484417,0.40526553714362906,0.3432896915752432
5434,SHW,0.7829806618111861,0.3362974471516246,0.3693171516387701,0.0
5435,SHW,0.7789517346911348,0.3085958506798451,0.3334635458122732,0.0
5436,SHW,0.7744959083652119,0.2805019221044031,0.29758528013237007,0.0
5437,SHW,0.7704226279992601,0.26746401926302055,0.26554341660485187,0.0
5438,SHW,0.7673236687550671,0.27766779886001675,0.2425233047495462,0.0
5439,SHW,0.7633920300457211,0.27107830027881524,0.22241952132507387,0.0
5440,SHW,0.7589710825887055,0.2619428971196135,0.20399674682421626,0.0
5441,SHW,0.7554057100764457,0.2768475287133126,0.1930758823852376,0.0
5442,SHW,0.7524641346810985,0.29010577821275507,0.1877348767216077,0.0
5443,SHW,0.747419388709976,0.2663928418191644,0.1773887452807263,0.19683398882219
5444,SHW,0.7427494905055445,0.26280147489234085,0.168192023828671,0.1233647277996274
5445,SHW,0.7372554965013571,0.24130030885990494,0.15532779555026743,0.10069706064996894
5446,SHW,0.7317818218991183,0.2407288174606323,0.1448900432820307,0.052428068722831705
5447,SHW,0.7265110272968576,0.24378956326262213,0.13732375576364164,0.05432156903332643
5448,SHW,0.7213861609444212,0.2524180221590664,0.1334806355946624,0.09325708962947629
5449,SHW,0.7154486425150965,0.24640393703035435,0.12886581967601357,0.17002690954253777
5450,SHW,0.7099804057944761,0.25263409281508353,0.12676962646434847,0.0
5451,SHW,0.7055952303630548,0.2535186326203609,0.12531921909748728,0.0
5452,SHW,0.7023031239768878,0.2576972893625819,0.1252291254189739,0.0
5453,SHW,0.7001141129048591,0.2563314886471796,0.12480724334553889,0.0
5454,SHW,0.6983800713780297,0.26421720302915913,0.12648941675839742,0.0
5455,SHW,0.6916413456425787,0.18168513582889,0.10669714810133513,0.0
5456,SHW,0.6900990215782863,0.21837696391119632,0.10026079720838799,0.0
5457,SHW,0.6881446469943766,0.24837618526197114,0.10279507865904991,0.5406277168288138
5458,SHW,0.6865622618661806,0.3001254676944319,0.11807646378271741,0.09693645208031462
5459,SHW,0.6865794264025851,0.35855039665649635,0.1452652898872686,0.07306768784930656
5460,SHW,0.6863419288091004,0.39414601004359745,0.1761330536993358,0.06175895259780583
5461,SHW,0.6852960674784383,0.4260537966603073,0.20899944620642652,0.06657731318567583
5462,SHW,0.6837365715424697,0.44042631740430316,0.23897363182423026,0.08466052577106188
5463,SHW,0.6840513333020839,0.4542132308378686,0.26648406693599713,0.14450683088387498
5464,SHW,0.6839483251257374,0.4693157642076389,0.29236045653663617,0.0
5465,SHW,0.6847724251170773,0.47907234361234957,0.3155604108431487,0.0
5466,SHW,0.6862457860980169,0.5135621980481889,0.34295387164986657,0.0
5467,SHW,0.6860311738544738,0.5064541905993202,0.36304814652766165,0.0
5468,SHW,0.6860111457676126,0.5081027707655,0.3795457986714189,0.0
5469,SHW,0.6864661188057986,0.503422977787032,0.39154533780021517,0.0
5470,SHW,0.6867007580883071,0.5032623700084586,0.4011038344446265,0.0
5471,SHW,0.6865948842657119,0.48931818720055775,0.4051792655118254,0.0
5472,SHW,0.6874790737571148,0.4994445042243295,0.41103314971721283,0.0
5473,SHW,0.6879111562058793,0.49073527525772676,0.41348566050883007,0.09675326019457668
5474,SHW,0.6881000139602451,0.485220907906226,0.41403533643598023,0.04975212171393086
5475,SHW,0.6929544683059814,0.4851112945208013,0.41444700313776106,0.04224901676671496
5476,SHW,0.6930517591617769,0.4856085205275842,0.4149036853874554,0.04814582902090664
5477,SHW,0.6931461920558943,0.48414631120220786,0.41489453200682985,0.04011954046781204
5478,SHW,0.6923249559643103,0.48982851951590456,0.41634252922082754,0.05514593251914717
5479,SHW,0.691048749628929,0.5006922615434053,0.42028333469150003,0.10809718484785757
5480,SHW,0.6904220879136644,0.5106921004371721,0.4259971250029366,0.0
5481,SHW,0.689473515343006,0.5146330340426285,0.43157750412162516,0.0
5482,SHW,0.6891186981082666,0.518230638617777,0.4369632212944292,0.0
5483,SHW,0.6889384261150897,0.5262595125586672,0.44332813994722325,0.0
5484,SHW,0.6887924919271884,0.5367321368699659,0.45110231000019857,0.0
5485,SHW,0.6886580035579459,0.542327153078727,0.45875463443079106,0.0
5486,SHW,0.68721010749759,0.5459685440925126,0.4658091223797232,0.0
5487,SHW,0.687281643864208,0.5454037876928376,0.4713080680528293,0.0
5488,SHW,0.6869668838510874,0.5438328803997733,0.4753048858266125,0.0
5489,SHW,0.6869239609832203,0.5417842291165736,0.47797764210182897,0.03990581660111778
5490,SHW,0.6866421063015491,0.5383602919331922,0.4792389127141857,0.041320120057959014
5491,SHW,0.6875949696570101,0.5467168410446508,0.4823881978637925,0.047087559511488304
5492,SHW,0.6956928751806526,0.5690586296061321,0.5221886746150992,0.0
5493,SHW,0.6962594463479581,0.5867365711150994,0.5269978094137896,0.0
5494,SHW,0.6952550757606362,0.5681399049833796,0.5260821629319871,0.0
5495,SHW,0.6941248011680661,0.5534700810357762,0.5215924292185365,0.0
5496,SHW,0.6934094375018822,0.5479559589263154,0.5165883723527099,0.0
5497,SHW,0.6926912123810336,0.5437074738401411,0.5114970102990192,0.0
5498,SHW,0.6923993440052305,0.5434257027743032,0.5073517538114296,0.0
5499,SHW,0.691708305847385,0.5352213638710466,0.5019342638452897,0.038072345270130405
5500,SHW,0.6918599622460189,0.5317320371850885,0.49670658998887823,0.05201511074311736
5501,SHW,0.6911145554016471,0.5198601611282785,0.48948384120737964,0.0427872076174705
5502,SHW,0.6904549873070367,0.5120042226050632,0.48169358926539957,0.03637135168702132
5503,SHW,0.6900900924565097,0.5137633179909831,0.4759119249699263,0.03481836058787
5504,SHW,0.689343256980598,0.5129408551915855,0.47107594541434694,0.04381339267232457
5505,SHW,0.6887509337692059,0.515401250420614,0.46783731504595255,0.08668702132063755
5506,SHW,0.6879783438041165,0.5174788944290893,0.465778534274726,0.0
5507,SHW,0.6873402425575688,0.5195842252700085,0.4646707242973123,0.0
5508,SHW,0.6871370820707619,0.5274821262087863,0.46580727659231297,0.0
5509,SHW,0.6873888865882722,0.5474963209411638,0.47184252835943835,0.0
5510,SHW,0.6863015338156726,0.534806345796264,0.4734205895857219,0.0
5511,SHW,0.6858923457986157,0.5360314732898316,0.47499681665189764,0.0
5512,SHW,0.6848107159353458,0.5278920053983109,0.47417312820924296,0.0
5513,SHW,0.6821495630971424,0.5056598779401147,0.46782011343382807,0.0
5514,SHW,0.6806186858994052,0.4798395596028896,0.45612463473814957,0.06556147795487476
5515,SHW,0.6795313306817152,0.46958915643368737,0.44414293164527563,0.03567894845787621
5516,SHW,0.6785155146250332,0.4699568597546541,0.43465174487478,0.04070948043883254
5517,SHW,0.6775254478180481,0.4717322488908745,0.4275135058509607,0.04162647484992755
5518,SHW,0.6762608032684829,0.471373493210973,0.4217110305864759,0.035475056924032286
5519,SHW,0.6753980704954812,0.472151471938352,0.4172683052905154,0.04595632374249638
5520,SHW,0.6740589118081772,0.46667252883359567,0.4123108651603267,0.11944628441316497
5521,SHW,0.673365006956187,0.4671825969209646,0.40847555104168376,0.0
5522,SHW,0.6724021302558927,0.46412582566122457,0.4046244034052416,0.0
5523,SHW,0.6711989496966382,0.46527490856994597,0.40183778693952404,0.0
5524,SHW,0.6693704791179766,0.45173612942295316,0.3961409589852223,0.0
5525,SHW,0.6685807158840162,0.4661789327348046,0.39528256891521,0.0
5526,SHW,0.667624990025995,0.4748105024816729,0.3968065634519599,0.0
5527,SHW,0.666783722354563,0.4848782867281728,0.4006043070930115,0.0
5528,SHW,0.6652900430195714,0.4860643239731859,0.4039462683465882,0.0
5529,SHW,0.6631382291116905,0.4878291033094634,0.4070718303736489,0.0
5530,SHW,0.6628434971854307,0.4995096741210602,0.41256389283718675,0.053965535085903536
5531,SHW,0.6615558446820919,0.4999195474119263,0.4170625190305219,0.031772407369074725
5532,SHW,0.6605872398329888,0.498079332704289,0.4201901065502562,0.0320342579176154
5533,SHW,0.6602767692074756,0.49458508645846255,0.4217972346911689,0.022589008486855723
5534,SHW,0.6604956659484449,0.4944004154349759,0.4230356394977939,0.03313185675843511
5535,SHW,0.6604241295818267,0.49812787271606607,0.4249810349297455,0.03255692403229145
5536,SHW,0.6602925051123394,0.5078924987290133,0.42903825478830765,0.11054336576278202
5537,SHW,0.6600464235041592,0.5142564938733633,0.43391396896384576,0.0
5538,SHW,0.6603009745570729,0.5272491573724676,0.4411422046454466,0.0
5539,SHW,0.6600777821411197,0.5280781480714453,0.447137113227211,0.0
5540,SHW,0.66040112512104,0.5331817832555722,0.45324017660190963,0.0
5541,SHW,0.6611021815139002,0.5489516275312525,0.46216157962777227,0.0
5542,SHW,0.6615743215335814,0.5522359569276979,0.4701398802886256,0.0
5543,SHW,0.662120859374546,0.5588709197653887,0.4782218590047011,0.0
5544,SHW,0.6636889365308203,0.5694602277446743,0.48739956197995893,0.0
5545,SHW,0.6646646925714954,0.5893486704268017,0.4998355268371775,0.0
5546,SHW,0.6633756093408238,0.5545134688308485,0.5008623514889365,0.1731256468640033
5547,SHW,0.6618948030588372,0.5256958990554527,0.49430309213396767,0.10256623887393913
5548,SHW,0.66087182882461,0.5053164781145257,0.4838361334499252,0.10350341544193747
5549,SHW,0.659137787297781,0.47542022085881774,0.46780557536987744,0.08027013040778307
5550,SHW,0.6567727995582604,0.4495298838315697,0.4483501289332474,0.08508642103084246
5551,SHW,0.6552905681377197,0.4391311339622659,0.4301224572807072,0.07911043262264542
5552,SHW,0.6537353682260332,0.428022723465749,0.4126952480841598,0.18411716000827985
5553,SHW,0.6523175202340465,0.4208751132380537,0.39692284394633215,0.0
5554,SHW,0.649906748171994,0.39835682018632274,0.37853756424933427,0.0
5555,SHW,0.647342887237482,0.38254934648426264,0.3597807505651239,0.0
5556,SHW,0.645385649452414,0.3907350718195053,0.3468718171106145,0.0
5557,SHW,0.6436601922895786,0.4019384787421916,0.3394140725845708,0.0
5558,SHW,0.6419032591254312,0.41935880705525896,0.337909549148417,0.0
5559,SHW,0.6401634946892729,0.42523748984835785,0.3382115711101145,0.0
5560,SHW,0.6380746327840163,0.42832825625830906,0.3392447918153493,0.0
5561,SHW,0.6357683003242398,0.43926739112093927,0.34287308559542107,0.0
5562,SHW,0.6343432997434872,0.45804550411047296,0.35058514687715436,0.0868034568412337
5563,SHW,0.6327666403190102,0.4747905265210115,0.3610435096040456,0.07545021734630511
5564,SHW,0.6312100082827969,0.4946686836213965,0.3745013679325434,0.08380304284827157
5565,SHW,0.6291798058488689,0.5129996625422976,0.38996256144781527,0.03237062719933761
5566,SHW,0.6297363608769517,0.5307291271630908,0.4068723640400682,0.053538087352515
5567,SHW,0.6304503011510751,0.5465852267479433,0.42446125003932866,0.08641792589525978
5568,SHW,0.6307521912548795,0.5525395720437044,0.4400573781326705,0.15731163320223554
5569,SHW,0.6318967731207732,0.5599751686597144,0.45443867609300626,0.0
5570,SHW,0.6332087476394637,0.5657940375922326,0.467434035722502,0.0
5571,SHW,0.6339698903886992,0.5676458955898686,0.4783046189255602,0.0
5572,SHW,0.6347567921679944,0.565197911881413,0.48637411103469663,0.0
5573,SHW,0.6359872176738306,0.5723450276400809,0.49466021485982126,0.0
5574,SHW,0.6385711112360863,0.5869867569041879,0.5050391188735613,0.0
5575,SHW,0.6410090706104405,0.595158395568533,0.5154351517172968,0.0
5576,SHW,0.6424798583081144,0.5999237722102028,0.5249724801567432,0.0
5577,SHW,0.6443140528440017,0.6134973686032238,0.5360787950385051,0.09398002483957772
5578,SHW,0.6453098383687321,0.6132132229406979,0.5448910719206138,0.061059821983026286
5579,SHW,0.6467605923907658,0.612318568062309,0.5517117555642547,0.05944731939557027
5580,SHW,0.6481970457761508,0.6076780758664118,0.5559797855590739,0.06428120471951976
5581,SHW,0.6494475011153413,0.6067112998340589,0.5591466001152652,0.07298333678327468
5582,SHW,0.6501828883275036,0.6037169704515584,0.5609131479523459,0.10907731318567583
5583,SHW,0.6507980993339284,0.5992854079466894,0.5611913801068951,0.1402727178637963
5584,SHW,0.6511586433202821,0.5959439984646735,0.5605581683119333,0.0
5585,SHW,0.6514719729553693,0.593963055726538,0.5595442423580298,0.0
5586,SHW,0.6515950113143689,0.590963354942708,0.5579648220706033,0.0
5587,SHW,0.6512344641843266,0.5799999789226113,0.5538933600105632,0.0
5588,SHW,0.6511972628285947,0.571175495387946,0.548376074937424,0.0
5589,SHW,0.6510284370033754,0.5641273462339959,0.5421570839411928,0.0
5590,SHW,0.6508739184514798,0.5588439030665148,0.5358287024444282,0.0
5591,SHW,0.651260214831219,0.5631395068142803,0.5318661817793275,0.0
5592,SHW,0.6515749748443398,0.5611941424411311,0.5281979210146031,0.0
5593,SHW,0.6518797180196407,0.5685757703937145,0.527153885503504,0.1594028151521424
5594,SHW,0.6517166126586602,0.5738738580433905,0.5276755965204349,0.04897950734837508
5595,SHW,0.6511385988163836,0.566387027930448,0.5261754479906763,0.042492755123162904
5596,SHW,0.6504289542172439,0.556519607619058,0.5224480981097565,0.048549472158973296
5597,SHW,0.6491899394572322,0.5482945764467418,0.5173596337514929,0.03815566135375698
5598,SHW,0.6477119956778061,0.526787242949755,0.507780431544998,0.06085903539639826
5599,SHW,0.646598894354107,0.5177128795207107,0.49779295543606245,0.13477282136203683
5600,SHW,0.6453770500685772,0.5055174603374416,0.4866794994012211,0.0
5601,SHW,0.6442696674626236,0.5021372387780005,0.476922996555167,0.0
5602,SHW,0.6433225287629858,0.501721717029453,0.46901137138006904,0.0
5603,SHW,0.6422580672784057,0.49807296675142043,0.4617475579901954,0.0
5604,SHW,0.6411649915964768,0.4959129565151897,0.4553832882220065,0.0
5605,SHW,0.6400490242772299,0.49552929400636325,0.45019360925688945,0.0
5606,SHW,0.6389616715046309,0.49548811632742945,0.44603131971038606,0.0
5607,SHW,0.6383006754770773,0.49665228120900484,0.4429996524921979,0.0
5608,SHW,0.6379601623719737,0.5048350766983973,0.4426700858221382,0.0
5609,SHW,0.6373392239153364,0.5061313413440421,0.4427384301275539,0.09477385634444213
5610,SHW,0.6371246123703909,0.5163583090617525,0.44541242345038545,0.06975936659076795
5611,SHW,0.6361116532274909,0.5169590760086871,0.44770548576995095,0.04823587249016766
5612,SHW,0.6356695546395039,0.5243227184262712,0.45142590229408613,0.03830055889049886
5613,SHW,0.6349956876547376,0.5346768501686449,0.4570541224790847,0.05034050921134341
5614,SHW,0.6346015215760727,0.5484117093726903,0.4650744531819867,0.06549161664251707
5615,SHW,0.6348762187787966,0.5615073498205245,0.4748447564097482,0.1570197681639412
5616,SHW,0.6353655313687518,0.5722115876559954,0.48540255468197885,0.0
5617,SHW,0.636012222917371,0.5831444775537602,0.49664891106324127,0.0
5618,SHW,0.636256880434894,0.5680257351523554,0.5017738032205955,0.0
5619,SHW,0.6377534201766544,0.5890952829946876,0.5112700225649801,0.0
5620,SHW,0.6391040267784096,0.5967181987411139,0.5208193694620118,0.0
5621,SHW,0.6394159253368654,0.5865779794793698,0.525861747004618,0.0
5622,SHW,0.6401942410056731,0.5894449250159176,0.5306299274590366,0.0
5623,SHW,0.6399195413578587,0.5658276849257886,0.5283956545273186,0.0
5624,SHW,0.6388879838075339,0.5317683935935614,0.5178850140912932,0.17115918029393498
5625,SHW,0.6378492761135339,0.5058375442050015,0.5028351257957688,0.09891533843924652
5626,SHW,0.6365473145903782,0.48027815914259664,0.4842489781802826,0.03552473607948665
5627,SHW,0.6357918881137974,0.472802704884673,0.4674654563140133,0.05368298488925688
5628,SHW,0.6347617630372981,0.4688691111064761,0.4530311718186194,0.050359138894638784
5629,SHW,0.6336543552818406,0.4595014487686847,0.43908451053756037,0.07962740633409232
5630,SHW,0.6320090188496177,0.4509009894761674,0.42572444288969186,0.1580314634651211
5631,SHW,0.6308043506273484,0.44651120441318515,0.41391208264121093,0.0
5632,SHW,0.6292892142246567,0.44441674384499336,0.4039257638831925,0.0
5633,SHW,0.6275666146742007,0.4440274148390883,0.3958369944302347,0.0
5634,SHW,0.6247273394268056,0.4275353063439983,0.38514204115458844,0.0
5635,SHW,0.6217342602925835,0.41518013921926455,0.3734216889481323,0.0
5636,SHW,0.6187182870759529,0.40714350982999875,0.3619870759529079,0.0
5637,SHW,0.6162288215176335,0.41604476617293046,0.355119163935198,0.0
5638,SHW,0.614938305463838,0.4257643233807098,0.352114194869352,0.0
5639,SHW,0.6118908562458953,0.4319753861720947,0.35130098906691815,0.0
5640,SHW,0.6096131386820649,0.44549324423470194,0.3541126009253508,0.0838889463879114
5641,SHW,0.6083235105454763,0.46190733267119016,0.3605658457278551,0.06251448975367419
5642,SHW,0.6065021956992684,0.4761234760600809,0.3693694620140068,0.03186917822397019
5643,SHW,0.6062618370004174,0.495029580355679,0.3812545622700487,0.029274477333885322
5644,SHW,0.6071360180371685,0.5178921906374138,0.396618184949745,0.06411974746429311
5645,SHW,0.6081926115693166,0.5404478443045271,0.41468600823321755,0.10687124818878078
5646,SHW,0.6100840289111222,0.5695592343019941,0.43659623879547693,0.15596253363692816
5647,SHW,0.6114174692299796,0.5924855570953828,0.4599962836870622,0.0
5648,SHW,0.6127051252263049,0.610070546099224,0.48322016447032096,0.0
5649,SHW,0.614350489253122,0.6232703306924076,0.5051799810275414,0.0
5650,SHW,0.6155093808374301,0.6205333053177187,0.5220468308385056,0.0
5651,SHW,0.6169830299897687,0.6252429419264401,0.5367465367858588,0.0
5652,SHW,0.619226410446921,0.6439864872168677,0.5533068743665785,0.0
5653,SHW,0.6201878592142718,0.6314256797013049,0.5633380864915929,0.0
5654,SHW,0.6227545840485391,0.6360995193359492,0.5725601140150158,0.0
5655,SHW,0.6259021841797476,0.6498329711036005,0.5834551301178499,0.0
5656,SHW,0.6297765962408894,0.6744297340809814,0.5984708344431913,0.1273214655350859
5657,SHW,0.632532174987237,0.6829655615200361,0.6126695830989236,0.06961395156282343
5658,SHW,0.6352820346665407,0.6892399921122963,0.6256355811537841,0.08271889877872075
5659,SHW,0.6386084729199057,0.7015438271956513,0.6391596220868931,0.04363589318981577
5660,SHW,0.6420937226057608,0.7200118735958612,0.6547088672331699,0.05718174291037052
5661,SHW,0.6450959271676093,0.7272947044688328,0.6690135326693292,0.057034775408818045
5662,SHW,0.6481533907782815,0.7324627527631806,0.6817808989308669,0.11663268474435934
5663,SHW,0.6472019536092704,0.6593523933704641,0.6732698602940137,0.0
5664,SHW,0.6495454814867019,0.6756516614715025,0.6706355770629759,0.0
5665,SHW,0.6516851324657638,0.6870967517348849,0.6714594523435068,0.0
5666,SHW,0.6539485469478545,0.7083637835387806,0.677565437525834,0.0
5667,SHW,0.6561175295837238,0.7216307213245844,0.6858481367920282,0.0
5668,SHW,0.6582865122195931,0.7301760763284206,0.6946629215881367,0.0
5669,SHW,0.6605241697674156,0.7363296196930803,0.7032907870733345,0.0
5670,SHW,0.6651511419602918,0.7756595380390343,0.7202662077950321,0.0
5671,SHW,0.6686650044463012,0.7887899637052015,0.7372094921834149,0.18705133512730282
5672,SHW,0.6708912158261664,0.7859269605314638,0.7500308509867033,0.08188936038087352
5673,SHW,0.6742591476172608,0.7781754744524172,0.758302637338825,0.06076122955909749
5674,SHW,0.6769346108724761,0.7707797710639596,0.7630258883372263,0.05015472986959221
5675,SHW,0.679418351425674,0.7696003222410492,0.766502410213446,0.07824104740219416
5676,SHW,0.6814800256693301,0.7725145112010499,0.7700300060598853,0.10843717656799834
5677,SHW,0.6837949414452047,0.7681251119294891,0.7717278754152554,0.15898571724280686
5678,SHW,0.6859124161506154,0.7592635977576738,0.7708165712350673,0.0
5679,SHW,0.6875906621058718,0.749925913747115,0.7676959722169632,0.0
5680,SHW,0.6888811799061607,0.7429556066021842,0.7634142668604504,0.0
5681,SHW,0.690868464362403,0.7442997265663602,0.760333156859618,0.0
5682,SHW,0.6920874437002815,0.7289046651345292,0.7539253054349888,0.0
5683,SHW,0.6974827164706392,0.7251546018699039,0.7478385628930728,0.0
5684,SHW,0.6987703710697697,0.7110204772181671,0.7393491549493449,0.0
5685,SHW,0.6985643463339091,0.6676639060467453,0.721453199094399,0.0
5686,SHW,0.697685879751835,0.632461119449083,0.6981203417763996,0.0
5687,SHW,0.6987446162312938,0.6419778227554216,0.6818914617887943,0.0704616021527634
5688,SHW,0.7003942437976176,0.6605799798985079,0.6736727184702662,0.047610743117367
5689,SHW,0.7024974154212886,0.6846836197787561,0.6732711172022149,0.04798230180086938
5690,SHW,0.7029495280527058,0.7048914253226782,0.6781254334720759,0.060726557648519974
5691,SHW,0.7044546560007459,0.7253871416606621,0.6872582231162359,0.10592889670875594
5692,SHW,0.7067409554834798,0.7449968847597408,0.6995868771281787,0.11350496791554543
5693,SHW,0.70929909665235,0.760879496563448,0.7135176345387413,0.17549886151935415
5694,SHW,0.7117799747029872,0.7706171438637579,0.7271562342268517,0.0
5695,SHW,0.7139232063426657,0.7759562035009561,0.7394345470961391,0.0
5696,SHW,0.7157588309072878,0.7776126301014837,0.7496814392518097,0.0
5697,SHW,0.7178047741362614,0.7764819943330422,0.7575893759908611,0.0
5698,SHW,0.7202885167852511,0.7790340519844916,0.7645693551204482,0.0
5699,SHW,0.7235877740136907,0.7950955237602779,0.7742669820121846,0.0
5700,SHW,0.7276053135920719,0.8222033028179784,0.788967893192341,0.0
5701,SHW,0.7307729439059334,0.8319578882109042,0.8032269540587218,0.0
5702,SHW,0.7340893719581532,0.8251970826013726,0.8129026338748233,0.3538537569861312
5703,SHW,0.7367219081539176,0.8131246775655653,0.8175512088059673,0.09606137445663424
5704,SHW,0.7402643858851716,0.8100814967380041,0.8204906531734448,0.12168909128544814
5705,SHW,0.7450859687814284,0.8004509438487803,0.8203756437912231,0.1298602773752846
5706,SHW,0.7494611305187173,0.7810264219101922,0.815308652595321,0.11899554957565721
5707,SHW,0.7512338037793129,0.7479753400637765,0.8027900588706659,0.0797014075760712
5708,SHW,0.752474241931385,0.7211312941076268,0.7858999212084922,0.18817843096667355
5709,SHW,0.7532468322457726,0.6993685744946376,0.7668139711938039,0.0
5710,SHW,0.7538820723869541,0.6806642068564887,0.7467546724893596,0.0
5711,SHW,0.75420827926663,0.664627673160286,0.7265999770467527,0.0
5712,SHW,0.7548177722539067,0.6621026120181288,0.709829505265718,0.0
5713,SHW,0.7547862959032958,0.6484761071479556,0.6929231248592548,0.0
5714,SHW,0.7551582850097116,0.644628334016966,0.6784125338059942,0.0
5715,SHW,0.7551096402804109,0.6321548109549442,0.6636093582063168,0.0
5716,SHW,0.755063857005775,0.6215528067232428,0.6490514459762636,0.0
5717,SHW,0.7557105457600053,0.6267616858029188,0.6387392076332947,0.0
5718,SHW,0.7569781659848989,0.6486886163000323,0.6361053143252753,0.1426888842889671
5719,SHW,0.757621996078853,0.6686549708044492,0.6391119568320481,0.08015938729041605
5720,SHW,0.757496037638901,0.6845162199661005,0.6455796336659414,0.0626681846408611
5721,SHW,0.7578494230984121,0.6968339855076174,0.6539085854733859,0.06534413164976195
5722,SHW,0.7586062747135465,0.7018745648665257,0.6618627336514027,0.03775150072448768
5723,SHW,0.7596220963590077,0.7057511465911187,0.6692189173420169,0.09139619126474849
5724,SHW,0.7605377653447092,0.7143785133233573,0.677313494416542,0.1547200372593666
5725,SHW,0.761258820134044,0.7110011473472231,0.6829241494263217,0.0
5726,SHW,0.7627782550061086,0.7138269157694997,0.68813640562469,0.0
5727,SHW,0.7640330025272961,0.693559747558459,0.687115409408781,0.0
5728,SHW,0.766267802113441,0.6973996982645553,0.687282095694695,0.0
5729,SHW,0.7685598272998937,0.7011182019716486,0.6883678231321688,0.0
5730,SHW,0.7711379979528199,0.7082112215183777,0.6910530601674197,0.0
5731,SHW,0.7731496005821286,0.7004826488467185,0.6912218176576761,0.0
5732,SHW,0.7751211428461313,0.7032385936281358,0.6920626726989225,0.0
5733,SHW,0.7772414807526995,0.6963246132648231,0.6909645569330845,0.0
5734,SHW,0.7782057930705069,0.6735429468796855,0.6842512530927171,0.09387859656385841
5735,SHW,0.7792015824375227,0.6465495616452801,0.6719670987532225,0.07962740633409232
5736,SHW,0.780257459907407,0.6256367192188457,0.656783604853619,0.05931121920927344
5737,SHW,0.780671656168725,0.6095945062378655,0.6405280986837385,0.049557027530531976
5738,SHW,0.7800864935799678,0.5946244284421639,0.6236895765886593,0.049113020078658656
5739,SHW,0.7793024490637532,0.5822306488983818,0.6070444799633248,0.04496998551024632
5740,SHW,0.7785126847818971,0.5736064054568988,0.591519572474253,0.097892775822811
5741,SHW,0.7776556833013935,0.5666289028424424,0.5773125774465236,0.0
5742,SHW,0.7769474743197673,0.5610796315324744,0.5645257091610406,0.0
5743,SHW,0.7758400882208272,0.5500982372748108,0.551483673894618,0.0
5744,SHW,0.7744894812697729,0.5438832252523426,0.5394582647592282,0.0
5745,SHW,0.773691135418312,0.5421172591348179,0.5293856404698233,0.0
5746,SHW,0.7726066441003776,0.5422767184835623,0.5213683815625475,0.0
5747,SHW,0.7725322462790949,0.5425380677642795,0.5150215108799044,0.0
5748,SHW,0.7714649236891487,0.5438713457742276,0.5102854917907315,0.0
5749,SHW,0.7703203418232545,0.5457951237515507,0.5069893920719746,0.0
5750,SHW,0.768571994420296,0.5409014276906741,0.5030991451271484,0.04958083212585386
5751,SHW,0.7681628025609535,0.55308204407216,0.5031066314443394,0.04567118608983647
5752,SHW,0.7675590335309028,0.5691358559461519,0.5072243022419181,0.031492444628441314
5753,SHW,0.7672299648472634,0.5797879514118801,0.5132466399330207,0.02895104533222935
5754,SHW,0.7677936717655149,0.590359591113719,0.5207721049117008,0.029562202442558475
5755,SHW,0.7688695727813779,0.6009231375060534,0.5294979988723743,0.03477799627406334
5756,SHW,0.7698424656208944,0.6078480608637318,0.5382523165454551,0.07936038087352515
5757,SHW,0.7707674301426728,0.6128383591668648,0.5465338794963496,0.0
5758,SHW,0.7717818151227238,0.6161389665664155,0.5540044771985432,0.0
5759,SHW,0.7733498954226867,0.6291410629107126,0.5633110356297026,0.0
5760,SHW,0.7748292674843542,0.6380646618955677,0.5730417831219444,0.0
5761,SHW,0.7763343926380051,0.6446277082593986,0.5825073001479188,0.0
5762,SHW,0.7778395177916559,0.6487982538934876,0.5911478685770437,0.0
5763,SHW,0.7796679873224215,0.651046805558299,0.5986362194939641,0.0
5764,SHW,0.7814220590319039,0.6525248395639347,0.6050054524047296,0.0
5765,SHW,0.7858573137622433,0.7103945083154345,0.6249223442047166,0.0
5766,SHW,0.787966207596646,0.707771210661737,0.6401839820081914,0.10517749948250879
5767,SHW,0.7898461857564678,0.6992836507475089,0.6502194692721746,0.06345063133926723
5768,SHW,0.7913699065231539,0.6846884785357205,0.6545097622623547,0.04753570689298282
5769,SHW,0.7924701361910431,0.6638649948482548,0.6526087126723116,0.03651159180293935
5770,SHW,0.7937320387460871,0.6431110324001532,0.6457723947089093,0.04319602566756365
5771,SHW,0.7939824160292517,0.6210089257902675,0.6346425770901027,0.06225522666114676
5772,SHW,0.7937864070833145,0.6002976620756139,0.620434180648634,0.2268495135582695
5773,SHW,0.7937234564778848,0.58451193825079,0.6050244441195589,0.0
5774,SHW,0.7876900768722006,0.4521849875263138,0.5588052456920198,0.0
5775,SHW,0.7815279370460835,0.349731663313242,0.4955896727212658,0.0
5776,SHW,0.7799312463910568,0.36436422027729054,0.4487648861005551,0.0
5777,SHW,0.779653685288578,0.40515218104336714,0.42175161709546827,0.0
5778,SHW,0.7790527798089837,0.43225183699330505,0.40708173107820567,0.0
5779,SHW,0.7778395230311359,0.45346920562325344,0.4007799875537693,0.0
5780,SHW,0.7775447932006685,0.4896206586074889,0.4049976565886354,0.0
5781,SHW,0.7775247630180151,0.5248270071417096,0.4173887967292021,0.0
5782,SHW,0.7767636150292998,0.537643797307203,0.4305843287297881,0.12498499275512315
5783,SHW,0.7762528443237482,0.5530549186199186,0.4450878309903512,0.0497629890291865
5784,SHW,0.7763186535894535,0.5777567697240134,0.4630172392783478,0.03750983233285034
5785,SHW,0.773239725575809,0.5903449070704684,0.48058482352960474,0.0480775201821569
5786,SHW,0.7724914492429038,0.6012886285385131,0.4974417828620009,0.05634754709169944
5787,SHW,0.7722711116449403,0.6154435148285706,0.514552681682339,0.07915338439246532
5788,SHW,0.7725844412800273,0.6304603150053685,0.5320874843742132,0.11048488925688263
5789,SHW,0.77324972914028,0.6406547526669112,0.5487263128498733,0.0
5790,SHW,0.7740766870932974,0.6477742153358321,0.5638608032942746,0.0
5791,SHW,0.7751397213435318,0.652286307994436,0.5771240270447846,0.0
5792,SHW,0.7764660069778313,0.6574552696728562,0.5890584738925619,0.0
5793,SHW,0.7773330277412462,0.6518999640751161,0.5971832136134259,0.0
5794,SHW,0.784050292566711,0.6464931997015275,0.6022982318209146,0.0
5795,SHW,0.7907704188468414,0.641322963373877,0.6050660520780071,0.0
5796,SHW,0.7935345840529751,0.6479281680876277,0.6089720248584691,0.0
5797,SHW,0.7946877502828635,0.6462407271352131,0.6116646178664998,0.0
5798,SHW,0.7951069551377401,0.6223005396695608,0.607687162109315,0.11662750983233285
5799,SHW,0.7954903918093086,0.6006319542401464,0.5989554671451971,0.09703581039122335
5800,SHW,0.7951012336256054,0.5857019972374023,0.5881462697008543,0.06810805216311322
5801,SHW,0.7947778857555039,0.5811385727712616,0.5783301333135636,0.030203374042641274
5802,SHW,0.7953158406296685,0.5797738293770894,0.5701276878728667,0.04401935417097909
5803,SHW,0.7961213408163887,0.589066867215985,0.5659458524739358,0.05785396398261229
5804,SHW,0.7963817342387758,0.5974142269686097,0.5647382992476929,0.1574855102463258
5805,SHW,0.7969339977834591,0.6029355081557114,0.5651863601355647,0.0
5806,SHW,0.7974161570860505,0.6067649807892709,0.5665256084739801,0.0
5807,SHW,0.7973102864071437,0.6032548490310548,0.5666979966927423,0.0
5808,SHW,0.7974104408133962,0.6087848959515147,0.5682522558050233,0.0
5809,SHW,0.7968495956991077,0.5982722695208905,0.5668031826725202,0.0
5810,SHW,0.7967980895151427,0.6000703002954105,0.5661044335065086,0.0
5811,SHW,0.7964318233180565,0.5945180692803548,0.5641234038745221,0.0
5812,SHW,0.7960222919264397,0.591575169821407,0.5617848485272363,0.0
5813,SHW,0.7963742518980981,0.59599228946967,0.5610453112785801,0.09386772924860276
5814,SHW,0.7965974429168567,0.5964016997733649,0.5605585391224785,0.058955702753053195
5815,SHW,0.7968263564956461,0.5964761997076738,0.5601882022253918,0.086159180293935
5816,SHW,0.7966661108428372,0.5997409437274365,0.5607280947662843,0.0498235354998965
5817,SHW,0.7955959247024342,0.5773716912605479,0.555430824496039,0.09499637756158144
5818,SHW,0.7956932131131396,0.561894549652443,0.5472290225862176,0.17071724280687228
5819,SHW,0.7957475814503665,0.5466669681005892,0.5367675123668362,0.17071827778927756
5820,SHW,0.7957132443436881,0.5355838046969261,0.5255596985699144,0.0
5821,SHW,0.795315505638277,0.5271716378757105,0.5144389341360386,0.0
5822,SHW,0.797157023053015,0.5692128299416126,0.5163098588764466,0.0
5823,SHW,0.7977207299712665,0.5864947712525865,0.5222328273516519,0.0
5824,SHW,0.7982186262266184,0.5997843291615423,0.5303749066891302,0.0
5825,SHW,0.7987451338849296,0.609735969357738,0.5394373715052972,0.0
5826,SHW,0.794693314079665,0.5233045499749167,0.5245506388821408,0.0
5827,SHW,0.7906443557290652,0.4500868451931714,0.4938888279739262,0.0
5828,SHW,0.7861661791787546,0.3939680942096823,0.45498631659306127,0.0
5829,SHW,0.7859329674798907,0.4244383745264677,0.4316683166726772,0.6148323328503416
5830,SHW,0.7866990318473182,0.48076776955842027,0.4274409292746727,0.2827623680397433
5831,SHW,0.7876461768343321,0.5230033081919591,0.4348763314378633,0.08953943282964189
5832,SHW,0.7887467533697676,0.561454554698971,0.4506727371955096,0.08522510867315256
5833,SHW,0.7891759977668777,0.5849134396928877,0.46931812139237605,0.0945208031463465
5834,SHW,0.7902004034270345,0.612542512330653,0.49131075146096187,0.15625232871041192
5835,SHW,0.7906467896561358,0.6219350261290024,0.5113104541248357,0.25807959014696746
5836,SHW,0.7909157705862047,0.6285810684950282,0.5290123921179399,0.0
5837,SHW,0.7923808374703407,0.6329995071765824,0.5443055873707136,0.0
5838,SHW,0.7938645010154084,0.6382563517883203,0.5578865198846686,0.0
5839,SHW,0.7959347610202538,0.6504025699785175,0.571862139748171,0.0
5840,SHW,0.7971050959781305,0.6411750363649434,0.5806792915436718,0.0
5841,SHW,0.7982897382093306,0.6333060618956978,0.5857176213134837,0.0
5842,SHW,0.797114939382177,0.6262984903114331,0.5879535148668105,0.0
5843,SHW,0.7968888844636628,0.6239089123992444,0.589130214073926,0.0
5844,SHW,0.7968888844636628,0.625984128992187,0.5906030752565489,0.0
5845,SHW,0.7959034022016578,0.6066919615681641,0.5868402789813424,0.12003260194576691
5846,SHW,0.7992169656555248,0.585324889509975,0.5783575348214245,0.07032032705444007
5847,SHW,0.8027623121767156,0.5671181055971347,0.5669082413074771,0.08263247774787828
5848,SHW,0.8057725593403284,0.5418193727955245,0.5512693274405799,0.0382581246118816
5849,SHW,0.80507722795259,0.5189499943412175,0.5329009204165054,0.08196336162285241
5850,SHW,0.8023682334227171,0.491220418966392,0.5111041314538087,0.08229662595735872
5851,SHW,0.8000418693830929,0.4753057779390918,0.48959066279890273,0.1631841233699027
5852,SHW,0.8014597163271837,0.5453330770596596,0.4903151900713327,0.0
5853,SHW,0.799247784626048,0.519463839644728,0.4842692159223779,0.0
5854,SHW,0.7965694606147653,0.49965084520844494,0.47435795783433266,0.0
5855,SHW,0.793965540362843,0.4746821697151429,0.460034006163396,0.0
5856,SHW,0.7905174874918375,0.43881753271980506,0.43938923991610374,0.0
5857,SHW,0.7877819368323511,0.4266674083406194,0.4197615526178089,0.0
5858,SHW,0.7843424683253395,0.4068951727718737,0.3989953631192626,0.0
5859,SHW,0.780458043617962,0.39296626330774304,0.3788149570613477,0.0
5860,SHW,0.7788098429366848,0.41198754514509595,0.3675423385666714,0.1328591388946388
5861,SHW,0.7779285152492452,0.4445498452699034,0.36686405839010205,0.12388118401987165
5862,SHW,0.7765822011787864,0.461858483819126,0.37075450059420556,0.05282084454564272
5863,SHW,0.774996959136808,0.4755065065297134,0.3773623684608619,0.05301542123783895
5864,SHW,0.7734818178439351,0.4932719744263263,0.3871987316471311,0.051258538604843716
5865,SHW,0.7722296432567148,0.49316438694042036,0.3950402670269981,0.06916735665493687
5866,SHW,0.7711279814642986,0.4912006267262238,0.4008105395789905,0.1215571310287725
5867,SHW,0.7706100539783973,0.5012094042088632,0.4079901928954212,0.0
5868,SHW,0.7706501174873921,0.5101822657226517,0.41603203335172073,0.0
5869,SHW,0.7685169040827278,0.47006773784206657,0.4121914241937294,0.0
5870,SHW,0.7672578664753353,0.4472662477578158,0.4032790484192024,0.0
5871,SHW,0.7662964156121923,0.4418009922992011,0.39474939356856636,0.0
5872,SHW,0.7613575448608598,0.4390346724422114,0.38721716338794354,0.0
5873,SHW,0.7612631168569237,0.4564429143120273,0.3856499558637547,0.0
5874,SHW,0.760979832845115,0.46739171704224103,0.38720038318215566,0.0
5875,SHW,0.7605634897942015,0.46416992837817733,0.38761556464902125,0.10237476712895881
5876,SHW,0.7610399244409702,0.46372594901092873,0.387833998395391,0.06213568619333471
5877,SHW,0.7605563351096434,0.4594049017708922,0.3869020443055101,0.0586038087352515
5878,SHW,0.7609283238667603,0.4628952256260531,0.3870504183108046,0.06474953425791762
5879,SHW,0.7618783236717643,0.47837761093051323,0.39113444621746235,0.06797764438004554
5880,SHW,0.7615750101758998,0.49383074793626386,0.3983595062083913,0.07605982198302629
5881,SHW,0.760501964676624,0.5069191343786069,0.40749173497997504,0.15676878493065616
5882,SHW,0.759856706300428,0.5170105046830155,0.41738210683984855,0.0
5883,SHW,0.7592615198878776,0.525399733787091,0.4274430429453384,0.0
5884,SHW,0.7590540654725806,0.5464079436619822,0.44087238764654013,0.0
5885,SHW,0.7587421662155269,0.5460988994882692,0.4515367114093925,0.0
5886,SHW,0.758699247189945,0.5488763322638431,0.46077952294626856,0.0
5887,SHW,0.7579180700664727,0.5468406057273202,0.46765238450153085,0.0
5888,SHW,0.7577292140586,0.5579734237542854,0.4760019968457059,0.0
5889,SHW,0.7604447345354335,0.5784185971460319,0.48791807835463585,0.0
5890,SHW,0.7626709462645973,0.591820077046873,0.5008833134363644,0.0
5891,SHW,0.7638326937147917,0.59129690552383,0.5111215074810704,0.07941626992341129
5892,SHW,0.7658915096474708,0.6090494049160609,0.5238588101330404,0.07304854067480852
5893,SHW,0.7672707346381586,0.6266944120149597,0.5385678688822731,0.057207099979300347
5894,SHW,0.768989040260124,0.6428247752317544,0.554466403857397,0.07448302628855309
5895,SHW,0.7719234634160044,0.6665403316670578,0.5732592297892026,0.06692610225626164
5896,SHW,0.7744143558593706,0.675822010195028,0.5906707021561026,0.08920151107431173
5897,SHW,0.7773359073594412,0.6855133123319275,0.6070820039453653,0.17898726971641482
5898,SHW,0.7805149838412606,0.7026731811998885,0.6246060090218362,0.0
5899,SHW,0.7826753852568236,0.7052947486254074,0.6392966455757019,0.0
5900,SHW,0.7847556648938778,0.7064468212690095,0.6513442221893008,0.0
5901,SHW,0.7867157609899222,0.7034492149810526,0.6602145403954773,0.0
5902,SHW,0.7891222443629644,0.7078292587408543,0.6684326061605058,0.0
5903,SHW,0.791491528825365,0.7088082865177452,0.6752578061133182,0.0
5904,SHW,0.7929165332484027,0.7026044221138181,0.679129040267105,0.0
5905,SHW,0.7947507256884978,0.687565728389594,0.6783743366071937,0.0
5906,SHW,0.7977266385398227,0.7005457640230786,0.6810950037876596,0.0
5907,SHW,0.8002418613817084,0.6953512075911981,0.6819411143891752,0.04647019250672738
5908,SHW,0.8024294403292105,0.695614432113731,0.682685419598098,0.043986752225212165
5909,SHW,0.8036512783273642,0.6862197433458421,0.6808747081058173,0.02961446905402608
5910,SHW,0.805036220289304,0.6783503728038704,0.6774106458037644,0.03506054647071
5911,SHW,0.8063181551227934,0.6580687863676711,0.6694449020101501,0.034998965017594696
5912,SHW,0.8069605502978314,0.6464976609717921,0.6601087251531224,0.03834402815152142
5913,SHW,0.807650153187462,0.6417072405494213,0.6514128673219921,0.11389515628234319
5914,SHW,0.8081866738413077,0.6369574461337397,0.6432396697924005,0.0
5915,SHW,0.8081351676573427,0.6323520653693543,0.6355215875435202,0.0
5916,SHW,0.8074525404297179,0.6069243448031111,0.6228346065075391,0.0
5917,SHW,0.8077930507404321,0.6111361794540097,0.6137637513772234,0.0
5918,SHW,0.8082709136694426,0.6276603122427353,0.6107392070073367,0.0
5919,SHW,0.8081249794815415,0.6178782214252521,0.6058141949350486,0.0
5920,SHW,0.808010521294952,0.6109524024501665,0.6001003533882923,0.0
5921,SHW,0.8101365821108502,0.648546376847579,0.605157800742817,0.0
5922,SHW,0.8094269413539958,0.6273473753171288,0.6037742974950716,0.0
5923,SHW,0.8080734774891605,0.5960329385000074,0.5946472814304562,0.08314841647691988
5924,SHW,0.806213392586915,0.5554496530054751,0.5769515294557889,0.0734920306354792
5925,SHW,0.8048012682028549,0.5243159933761476,0.5548210148315288,0.04047350445042434
5926,SHW,0.8025435822188727,0.5092495626415853,0.5332578081816033,0.04096408611053612
5927,SHW,0.8008696294935094,0.49620216652858246,0.5126655604734938,0.04104481473814945
5928,SHW,0.799052612767376,0.4896558624251616,0.4945151312811267,0.032836369281722205
5929,SHW,0.7977706866663534,0.4882190170258527,0.4796267849231234,0.08129217553301593
5930,SHW,0.796380021795084,0.4866164774018563,0.4673056674399189,0.0
5931,SHW,0.7957361944955186,0.4887071459027542,0.45798423279316863,0.0
5932,SHW,0.794826254007925,0.491150564292169,0.45115289026541067,0.0
5933,SHW,0.7941023098200324,0.5029152855131797,0.44870098158021665,0.0
5934,SHW,0.7933840846991838,0.5128347078615004,0.44928000438429594,0.0
5935,SHW,0.792202303922648,0.5116542919551506,0.44944089601688547,0.0
5936,SHW,0.7928391492728317,0.5274873196049916,0.4536247440939586,0.0
5937,SHW,0.7911165535646614,0.516666383937646,0.45420037836630156,0.0
5938,SHW,0.7893825120378319,0.5222551479075618,0.4560922728569797,0.0
5939,SHW,0.7883352178840455,0.5191547940965862,0.4568117298007696,0.04434640861105361
5940,SHW,0.7861762517366975,0.49584859517210156,0.45141814152567455,0.05775615814531153
5941,SHW,0.7820171263336091,0.48100531499870475,0.4433016289911121,0.05184640861105361
5942,SHW,0.7802001064637882,0.4685425105260096,0.43361646143776883,0.055605464707099976
5943,SHW,0.7791385004957956,0.46133519540439655,0.42402239907351313,0.06430500931484165
5944,SHW,0.7790442160536104,0.46096184569907017,0.41625152733357174,0.07450424342786172
5945,SHW,0.7792201927211027,0.46793695458114165,0.4118212858984169,0.12754139929621194
5946,SHW,0.7789512142361241,0.47426829463485554,0.4098986674589753,0.0
5947,SHW,0.7787251568725195,0.47926217707637503,0.40963959948478657,0.0
5948,SHW,0.7786378786629595,0.48988269876427093,0.41215245952292,0.0
5949,SHW,0.7776535358132,0.48354266592349854,0.4125389464592522,0.0
5950,SHW,0.7772042874308371,0.4890978059623148,0.4142709113629364,0.0
5951,SHW,0.7761655793875382,0.4847100525132193,0.41453269749004534,0.0
5952,SHW,0.7766777822176163,0.5138488378160564,0.4222051147777516,0.08364779548747671
5953,SHW,0.7767006752521288,0.5362607195362544,0.43408315106065626,0.06302163113227074
5954,SHW,0.7760940475618021,0.5412644250409753,0.4448671227347154,0.04449285862140343
5955,SHW,0.7757463825665303,0.541206031206287,0.4534793443197827,0.03550093148416476
5956,SHW,0.7746475825780772,0.5422161127564344,0.4606278223812752,0.04520958393707307
5957,SHW,0.7749466063370356,0.5482078538438228,0.46788120188667726,0.057036327882426
5958,SHW,0.774757749281267,0.5566293840276859,0.47584081701979075,0.11026029807493272
5959,SHW,0.774963775763621,0.5634344602069815,0.48395141652493395,0.0
5960,SHW,0.7764474386100915,0.5735197012554804,0.49302291515447855,0.0
5961,SHW,0.7777994769870751,0.5812601487878534,0.5022625875701815,0.0
5962,SHW,0.7791786942931918,0.5859046162438214,0.5108438605613572,0.0
5963,SHW,0.7799455662391326,0.5782368102274782,0.5157450102943147,0.0
5964,SHW,0.7810472220934717,0.5830188196372936,0.5208906922084217,0.0
5965,SHW,0.781525084323885,0.5798817143982032,0.5242037663622379,0.0
5966,SHW,0.7771871190521469,0.4785018714432665,0.5008889501020474,0.0
5967,SHW,0.7760425371862527,0.4643823993313603,0.478620835973442,0.0
5968,SHW,0.7744715985753134,0.4514760679155754,0.4575007915920381,0.10557286276133306
5969,SHW,0.7737476526409273,0.4444671181636981,0.43880963284986774,0.051365141792589525
5970,SHW,0.7732783698843266,0.4551528848281168,0.4265935307334713,0.03324466984061271
5971,SHW,0.7729121026393448,0.4572789797495098,0.41736518174962883,0.02565203891533844
5972,SHW,0.7706129227683345,0.4522940645571824,0.4087057724655729,0.04495032084454564
5973,SHW,0.768395295403165,0.45034057392833404,0.4012779195194784,0.06547764438004554
5974,SHW,0.7669788718511343,0.45362320850179055,0.39617638132687194,0.07844545642724073
5975,SHW,0.7657699055087903,0.45745891160191954,0.39307754614002577,0.0
5976,SHW,0.7645223126721605,0.4616841616209041,0.3916806436159168,0.0
5977,SHW,0.7630272008633434,0.4660493931288773,0.39168113910174224,0.0
5978,SHW,0.761069966920561,0.4646796800062227,0.39133072631904176,0.0
5979,SHW,0.7591928526604947,0.4665003458791962,0.391516702705309,0.0
5980,SHW,0.7573071540364342,0.4736094822926858,0.3934862667308754,0.0
5981,SHW,0.7555044375976512,0.4818542892292431,0.39717356734827525,0.0
5982,SHW,0.7537360586148449,0.48872914891950464,0.4018841881043338,0.0
5983,SHW,0.7524770185623613,0.49433527404718314,0.40708851829948345,0.0
5984,SHW,0.7510734726042183,0.5075172106051974,0.41462812317029935,0.06956427240736907
5985,SHW,0.7501177436025088,0.5209822259045486,0.4241084495464601,0.04965224591181949
5986,SHW,0.7542840208957657,0.5380569531378943,0.43606586792599683,0.03502535706892983
5987,SHW,0.7551081212364044,0.547697355490991,0.44810089013790705,0.03279496998551024
5988,SHW,0.7567792097127133,0.5697828796127852,0.4633854240699002,0.06189350031049472
5989,SHW,0.758593370922259,0.5917676777966249,0.48124376957968795,0.06078451666321672
5990,SHW,0.759675009168697,0.6085061822463338,0.4998174903172398,0.10204305526806044
5991,SHW,0.7613432382861336,0.6256261640081728,0.5190612147177889,0.0
5992,SHW,0.763407776429545,0.6385770249168922,0.537773152153468,0.0
5993,SHW,0.7648785627300243,0.6364070833304579,0.552186939441022,0.0
5994,SHW,0.7660288702996372,0.6308439904004873,0.5622931570321463,0.0
5995,SHW,0.7671763136201957,0.6256710789566274,0.5690532516488086,0.0
5996,SHW,0.7683208954860898,0.6208628158160573,0.5732298411424888,0.0
5997,SHW,0.7693224046187468,0.6134098044891352,0.5746622570183075,0.0
5998,SHW,0.771219549061466,0.6194226196318237,0.5773481842352334,0.0
5999,SHW,0.772882054221677,0.6204640735830591,0.579763661861414,0.0
6000,SHW,0.7746089449062339,0.6265252171171981,0.583248416284374,0.28407006830883874
6001,SHW,0.7755632417834168,0.6164021038207435,0.5834435010056523,0.040097805837300764
6002,SHW,0.7767164069654089,0.6114208933907544,0.5823237875446801,0.032514489753674186
6003,SHW,0.7775791372933196,0.600398729712739,0.5786050343261218,0.03207306975781411
6004,SHW,0.7778008982833433,0.5862324066656726,0.5720017712292911,0.03434433864624301
6005,SHW,0.7775777051687927,0.5682716823615965,0.5621190830377855,0.04136824673980542
6006,SHW,0.7770855346171595,0.5546839778809862,0.5507328670090451,0.09012419788863589
6007,SHW,0.776793664844162,0.5442089875128958,0.5389410530638765,0.0
6008,SHW,0.7757978796687302,0.5361750168555485,0.527449951628697,0.0
6009,SHW,0.7747019414842411,0.5328961813905418,0.5174172993390767,0.0
6010,SHW,0.7741897369076689,0.5424530219023372,0.5118388632638494,0.0
6011,SHW,0.7739236216238488,0.5597331001122426,0.511801865911486,0.0
6012,SHW,0.7725300932021226,0.5504978968717236,0.5094069595992603,0.0
6013,SHW,0.771952079359846,0.5486316650222078,0.5070130576374773,0.0
6014,SHW,0.7712341976135577,0.5414456668372035,0.5032574674129823,0.0
6015,SHW,0.769664687983457,0.5185990943785532,0.4944015603452392,0.17182156903332643
6016,SHW,0.7680307938769069,0.4998470876327729,0.48251409473109574,0.038147898985717243
6017,SHW,0.7665285301779208,0.48554122502560515,0.46934012302431327,0.03827002690954254
6018,SHW,0.7641349275424543,0.4694089194858732,0.4546691602178858,0.02156799834402815
6019,SHW,0.7614008083088972,0.44784414262365513,0.43740924693170025,0.039351066031877456
6020,SHW,0.758667860623063,0.4381849956931846,0.4211274279573123,0.042641792589525974
6021,SHW,0.7568780193330769,0.43718396974480067,0.40784559129349324,0.10195456427240736
6022,SHW,0.75512394867149,0.44212379133132124,0.3984853027428331,0.0
6023,SHW,0.7536889274106322,0.44733031660629696,0.3923305604899324,0.0
6024,SHW,0.7534714610476967,0.47252950558235796,0.3938607507061953,0.0
6025,SHW,0.751946308505782,0.45995637881196694,0.3918646897478697,0.0
6026,SHW,0.7504297385813685,0.45199965537402587,0.3882299751611011,0.0
6027,SHW,0.7485154254106607,0.43897034023241477,0.38198515197876126,0.0
6028,SHW,0.7462663220441792,0.423285935466334,0.37297222376459804,0.0
6029,SHW,0.7441717372295931,0.41846049386169965,0.3645259952673949,0.0
6030,SHW,0.7412959717985479,0.41212985042808675,0.3561476161783984,0.06805423307803767
6031,SHW,0.7377649349957718,0.40504337334926865,0.3476299334704345,0.07969364520803146
6032,SHW,0.7352625960351489,0.399523499411063,0.3394020442579829,0.04383719726764645
6033,SHW,0.7325871341771286,0.39874723426201836,0.3326209168518835,0.04847598840819706
6034,SHW,0.7310988308839197,0.41840785236376865,0.33223146726416886,0.05606292693024218
6035,SHW,0.730233242594331,0.4307353801413911,0.3350772182257402,0.04087559511488304
6036,SHW,0.7296380638663513,0.4460742352010468,0.3412823869148787,0.11006934382115503
6037,SHW,0.7290811675595008,0.45987364022685284,0.3497808078143254,0.0
6038,SHW,0.7288193402660932,0.4720895843883385,0.35970827651271875,0.0
6039,SHW,0.7290411023040133,0.4825967509336803,0.37034133351493304,0.0
6040,SHW,0.7281585992265653,0.47508025691730843,0.37692266429243265,0.0
6041,SHW,0.7271656741086034,0.47307869058616236,0.3816750903082604,0.0
6042,SHW,0.72596100169475,0.47249404413926,0.38532729222145196,0.0
6043,SHW,0.7254173253084502,0.4865475472682314,0.39184841898100753,0.0
6044,SHW,0.7235545183217078,0.4912470141441108,0.3982689418282785,0.0
6045,SHW,0.7234629517724365,0.4986321207943326,0.40529682416636104,0.0
6046,SHW,0.7228749186472494,0.4957156980800033,0.4101721795850647,0.07314789898571723
6047,SHW,0.7229063942992626,0.49880984743527823,0.41486493349152953,0.08608983647277996
6048,SHW,0.7232240115754642,0.5009291808991805,0.4191619375901402,0.08048695922169323
6049,SHW,0.7229793568523308,0.49766585239085726,0.42176374134944444,0.07004553922583316
6050,SHW,0.7232540627875212,0.5022805265981184,0.425027088806786,0.11864417304905815
6051,SHW,0.7234801201511263,0.5017469253280895,0.4275011014985374,0.08083471330987373
6052,SHW,0.7239765783438736,0.5057903676620965,0.43051591292579444,0.1471398261229559
6053,SHW,0.7243685993794355,0.5091593395874632,0.4337906188439046,0.0
6054,SHW,0.7216748866801339,0.46768748463021526,0.4257886651822428,0.0
6055,SHW,0.7192100868610245,0.43624026112247877,0.4113328796292979,0.0
6056,SHW,0.718574843576155,0.45464541583397367,0.4044821558479368,0.0
6057,SHW,0.7179242060144877,0.47043460908991763,0.4030454847850047,0.0
6058,SHW,0.7174949878147772,0.4886185156670406,0.4065533868067376,0.0
6059,SHW,0.7172574870776038,0.5075348534043131,0.4142045366272245,0.0
6060,SHW,0.7178355009198807,0.523004749457506,0.42428758645499143,0.0
6061,SHW,0.7182733034835849,0.5355981468003367,0.43557943112160213,0.0
6062,SHW,0.7180604932718553,0.5324268642685437,0.4438006820329709,0.14371713930863175
6063,SHW,0.7171176481514092,0.5288371785775589,0.44945829705868623,0.09746222314220658
6064,SHW,0.7162635070776737,0.5210462351255903,0.4519889826169132,0.05202287311115711
6065,SHW,0.7143119918526366,0.49585788041340545,0.4475623219027045,0.0644664665700683
6066,SHW,0.7122961019315122,0.4661357031289788,0.4364085873378976,0.11199492858621403
6067,SHW,0.7102201151750522,0.4473359433089537,0.42267062926986476,0.13602204512523286
6068,SHW,0.7085976752703287,0.44216630116081496,0.4103562206870359,0.3201133305733802
6069,SHW,0.7072856986558465,0.4402127502748599,0.4000043528689501,0.0
6070,SHW,0.7057805707078066,0.44255722735544506,0.3923233230827786,0.0
6071,SHW,0.7043956259514776,0.4433840617964002,0.38639026703228097,0.0
6072,SHW,0.7037661069731318,0.4646115001741891,0.3870805665321815,0.0
6073,SHW,0.7022066141808514,0.46288940546707497,0.3871917454404756,0.0
6074,SHW,0.7040991230670137,0.48857041765740994,0.39385807653046656,0.0
6075,SHW,0.7054794315681883,0.4990202630546982,0.40186754242690637,0.0
6076,SHW,0.7048212969952996,0.507836831666081,0.41053320340914745,0.0
6077,SHW,0.704632440987427,0.5251070134038988,0.4218889490309977,0.0
6078,SHW,0.7030986984927399,0.5163171326792836,0.4287222925307798,0.16258331608362656
6079,SHW,0.7018439506222536,0.5194916341250968,0.43500201657666304,0.09701511074311736
6080,SHW,0.7002558436326243,0.5156727138859121,0.4390476988509889,0.07150952183812875
6081,SHW,0.6986877629833628,0.5136470064535664,0.4417654230763457,0.05833367832746843
6082,SHW,0.6979562966487165,0.5163859849146369,0.4446411061134269,0.06986286483129786
6083,SHW,0.6970477795531833,0.5139878892874908,0.44632745536129603,0.08446284413164976
6084,SHW,0.6959790216950223,0.504021858204131,0.4451240476378109,0.1723861519354171
6085,SHW,0.6958645666521208,0.49684464638580017,0.4423231031569377,0.0
6086,SHW,0.6960248074147486,0.486841707969921,0.43752040779170537,0.0
6087,SHW,0.6964440122696254,0.4885529095439408,0.43411652225584385,0.0
6088,SHW,0.6958946122753993,0.4791695754916242,0.4289901663229508,0.0
6089,SHW,0.6958431060914343,0.48367794751985316,0.42604376004853717,0.0
6090,SHW,0.6955169002596544,0.4849705864625311,0.4240177040600678,0.0
6091,SHW,0.6954396409837065,0.4895824500333612,0.42357804386258624,0.0
6092,SHW,0.6948787958694185,0.5033566360175075,0.42675414258407424,0.0
6093,SHW,0.6957057538224358,0.5237425206167152,0.43451622822521574,0.1347329745394328
6094,SHW,0.6957028895733821,0.54907623606687,0.44721433550502593,0.15783999172014074
6095,SHW,0.697136478709713,0.5879486130555571,0.4673287647557705,0.14630045539225833
6096,SHW,0.6988619390162363,0.6239906481920152,0.4926513480516939,0.13806665286690126
6097,SHW,0.6993998924932063,0.6369759402188895,0.516235191057573,0.08982819292072035
6098,SHW,0.7019294173689359,0.6642937668724924,0.5420988722503866,0.09083833574829227
6099,SHW,0.703759314483346,0.6797598222279546,0.5667509635014292,0.14737010970813494
6100,SHW,0.7060570622298294,0.6933149923296841,0.5899443693143333,0.0
6101,SHW,0.7086180676477538,0.7082622612982986,0.6123273693562395,0.0
6102,SHW,0.7109930715264974,0.718276462214891,0.6327985937075619,0.0
6103,SHW,0.7137658221445216,0.7274139062408296,0.6515158436540752,0.0
6104,SHW,0.7167903811223406,0.7292044889571749,0.6669482453641528,0.0
6105,SHW,0.7196060525124399,0.7243991016141773,0.6780634170781575,0.0
6106,SHW,0.7228137431916077,0.7216803813126307,0.6862592392864468,0.0
6107,SHW,0.7258898069561979,0.7237298010878833,0.6933407918220891,0.0
6108,SHW,0.7280330365000847,0.6928492754205974,0.691096953152353,0.0
6109,SHW,0.733192243102887,0.7397749847171147,0.7013204348036384,0.2453886358931898
6110,SHW,0.7388750924163494,0.7820937543374501,0.7203378492200405,0.24024218588283996
6111,SHW,0.7442832448763861,0.809843367566243,0.7426589761661033,0.11890912854481472
6112,SHW,0.7483178956043637,0.8099993097093149,0.7605558174249879,0.08446284413164976
6113,SHW,0.7523267963840468,0.8156943845391551,0.7763319057062357,0.12043210515421238
6114,SHW,0.7556718375857194,0.8126111780879735,0.7881631094423185,0.08860898364727798
6115,SHW,0.757826512598966,0.8018661533392476,0.7948760704491589,0.20458859449389358
6116,SHW,0.7596206415300668,0.789221002147216,0.7970077793206362,0.0
6117,SHW,0.7624992649227904,0.7843625632940804,0.7974688092789048,0.0
6118,SHW,0.7644965641210604,0.777992231848952,0.7962060721115882,0.0
6119,SHW,0.7664108804354561,0.7640712205301063,0.7916304507815156,0.0
6120,SHW,0.7688173638084983,0.7637093134163061,0.7878772625308127,0.0
6121,SHW,0.7703110431434901,0.7482783143942724,0.7809225442166945,0.0
6122,SHW,0.7666254895353113,0.6280892321550638,0.7445760956977225,0.0
6123,SHW,0.7684739892487302,0.6494481756931177,0.7209693621561275,0.0
6124,SHW,0.7700764063060728,0.6566686277684446,0.7039332682641987,0.14061374456634237
6125,SHW,0.7719978696204555,0.6634704556855271,0.6920464686085488,0.0870239080935624
6126,SHW,0.7739250614329465,0.6706572334125959,0.6843776971944128,0.07932156903332643
6127,SHW,0.775358650219979,0.6709516656626078,0.678318089674022,0.07954564272407369
6128,SHW,0.7780670188066439,0.6653745630202901,0.6720420032692003,0.20648364727799626
6129,SHW,0.776252848864631,0.6399247417187164,0.6605029584964283,0.21409025046574207
6130,SHW,0.7739207650593656,0.6160824609842056,0.6451652682612334,0.15413630718277788
6131,SHW,0.771711718914502,0.5964052239664168,0.6278554073204137,0.0
6132,SHW,0.7710106628709408,0.5926832344286926,0.613054247372537,0.0
6133,SHW,0.7698975566570598,0.5893876633174696,0.6003692619604761,0.0
6134,SHW,0.7684239096005134,0.5744642577453827,0.5863991101018112,0.0
6135,SHW,0.767619840839723,0.5708535725189444,0.5742982245373646,0.0
6136,SHW,0.7665067349751409,0.560108948658054,0.5618656167786606,0.0
6137,SHW,0.7655252560251369,0.5620430566124922,0.5524148918247925,0.0
6138,SHW,0.7647784163576414,0.5683278684659592,0.5464639698273022,0.0
6139,SHW,0.7647183258096817,0.5807593638642496,0.5448871709149509,0.0
6140,SHW,0.7642089882765539,0.5939432150346424,0.5470023628678373,0.25524218588284
6141,SHW,0.7643692293884801,0.6047565769210713,0.55146402083239,0.13407369074725728
6142,SHW,0.7696972551798273,0.612477327507267,0.5570107759594621,0.1471951976816394
6143,SHW,0.7685855831862658,0.6024976929367949,0.5588922088316364,0.15454564272407367
6144,SHW,0.7680047082386232,0.5965581844992921,0.558876135832584,0.06888946387911404
6145,SHW,0.7681978616679728,0.6095680806944281,0.5621953553905574,0.0953876009107845
6146,SHW,0.7685684151568744,0.6258619052704293,0.5690238845267178,0.24233854274477332
6147,SHW,0.7689260969899663,0.6335386730843555,0.5764528717797525,0.0
6148,SHW,0.7705070489457393,0.6591950792175809,0.5889671474736915,0.0
6149,SHW,0.7722782932254955,0.6621790054957923,0.5997428074069633,0.0
6150,SHW,0.7736918497340826,0.6530433904166586,0.6060235333156393,0.0
6151,SHW,0.7761183632897777,0.6651883576185531,0.6141586674933959,0.0
6152,SHW,0.778127104464422,0.6770684704386426,0.6237094941212363,0.0
6153,SHW,0.7795349401594716,0.6727429640195111,0.6302423122572911,0.0
6154,SHW,0.7836754650593427,0.7119627246179172,0.645513481638405,0.0
6155,SHW,0.7849602561080169,0.690787944501613,0.6523071595695119,0.1004103705237011
6156,SHW,0.7862107149401942,0.6642132027984022,0.6509358130924261,0.14398261229559098
6157,SHW,0.7871549928837647,0.6462951734544495,0.6452495931752418,0.10160474021941626
6158,SHW,0.7871406838639476,0.6164572802870089,0.6330585742442454,0.06613434071620782
6159,SHW,0.7869060424856471,0.5955318990896179,0.617946377257476,0.09751655971848477
6160,SHW,0.7855425551463169,0.5593213734143513,0.5965824261916479,0.18701459325191472
6161,SHW,0.7845639338086925,0.5397028243756211,0.574466587676381,0.2342848271579383
6162,SHW,0.7835595660157595,0.5237955923625993,0.5526997769666705,0.0
6163,SHW,0.7833349386808903,0.5122650296201654,0.5323331354316347,0.0
6164,SHW,0.7829715311440792,0.503299804913604,0.513743660329741,0.0
6165,SHW,0.7822304126394197,0.5072754266641012,0.4998903114010625,0.0
6166,SHW,0.780731013189488,0.5021454150604671,0.4874937402540375,0.0
6167,SHW,0.7793775451330682,0.49743217973166043,0.4763693355382547,0.0
6168,SHW,0.7773487737757709,0.5011183548450692,0.46841391021634615,0.0
6169,SHW,0.7755861177022947,0.4941342475503619,0.4602608093400972,0.0
6170,SHW,0.7748965071280933,0.5010542266155116,0.4555106648177678,0.0
6171,SHW,0.7728548623684928,0.49985316104693894,0.4514029338241792,0.25624353135996686
6172,SHW,0.7698160006582322,0.48276202729627743,0.44373938973449006,0.22451614572552264
6173,SHW,0.7676699358570809,0.4762156630113488,0.43593190802324855,0.10980231836058786
6174,SHW,0.7636839316048971,0.47829717830355184,0.43021903768597636,0.08077209687435313
6175,SHW,0.762796878912336,0.4940806303095546,0.4296911789367308,0.05487838956737735
6176,SHW,0.762831214971118,0.5175514170805814,0.4352801997959996,0.12382063754916166
6177,SHW,0.7613117832427414,0.5087302628872337,0.4374921537649433,0.2512450838335748
6178,SHW,0.7589825608921403,0.4710221289394758,0.42960395795029005,0.0
6179,SHW,0.7586277426095052,0.48597648389695103,0.4271234915445455,0.0
6180,SHW,0.759928276549017,0.512987317017316,0.43205709841736434,0.0
6181,SHW,0.7596907800034276,0.5119671741264956,0.43574270622448896,0.0
6182,SHW,0.7603660833043051,0.5296196935148871,0.4432123331358126,0.0
6183,SHW,0.7605578007668425,0.5344237580740133,0.4504184455292171,0.0
6184,SHW,0.7604032822149467,0.53092117765689,0.45528625903178344,0.0
6185,SHW,0.7601114138391436,0.5360522412569888,0.46049467127390636,0.0
6186,SHW,0.759793792371358,0.5309727430447441,0.46336044648865404,0.0
6187,SHW,0.7606965778250951,0.5509352661506574,0.47076584252076104,0.1352359759884082
6188,SHW,0.7608382194817009,0.5577745868453443,0.47844183740653856,0.12603135996688056
6189,SHW,0.7622174385343108,0.5779311766634997,0.4897451132933496,0.06313651417925895
6190,SHW,0.762569393615788,0.5841465258255929,0.5003796012728193,0.06869126474849926
6191,SHW,0.7642390499675704,0.6084014355594307,0.5150993280844003,0.0764996895052784
6192,SHW,0.7666111895972598,0.6243874542139801,0.5309694281649213,0.07088904988615193
6193,SHW,0.7687028860611838,0.6364055148110448,0.5467435585230008,0.17938366797764438
6194,SHW,0.770491293130851,0.6450021805417153,0.5615646298302823,0.0
6195,SHW,0.771633017384366,0.650761750212129,0.574896620486244,0.0
6196,SHW,0.7722911502107617,0.6547011600667307,0.5865711696194345,0.0
6197,SHW,0.773080913095423,0.6317073154100814,0.5900216548710375,0.0
6198,SHW,0.7762828808652613,0.6308379456225575,0.5925593811953742,0.0
6199,SHW,0.7773845409111844,0.6298693278914419,0.5943414811216502,0.0
6200,SHW,0.7774102940031669,0.6207562918928735,0.5934331419499366,0.0
6201,SHW,0.778855328608858,0.6192387224685086,0.5923177926745078,0.0
6202,SHW,0.7786006591436965,0.6005098293702106,0.5866286931320172,0.0
6203,SHW,0.7796078939800726,0.6018156447306535,0.5824118572563347,0.103891016352722
6204,SHW,0.7818655806626524,0.6203835713805024,0.5837939821572414,0.1042972469468019
6205,SHW,0.7825795094099202,0.6102076464569947,0.58229343721457,0.0808543779755744
6206,SHW,0.7838943436367818,0.6045825671411634,0.5796523131477271,0.07890861105361208
6207,SHW,0.7839100882741121,0.5967045470942304,0.5755217054858874,0.09192661974746429
6208,SHW,0.7846125715520191,0.5952578457563696,0.5718466920619425,0.14486286483129784
6209,SHW,0.7843207063199045,0.5881549404019952,0.5670874942971172,0.21592786172635065
6210,SHW,0.7845353192620448,0.5832571654513129,0.5620257242354013,0.0
6211,SHW,0.7837884788959517,0.5791478145319564,0.5569238264896743,0.0
6212,SHW,0.7831618234680628,0.5757030049581627,0.5519600280753663,0.0
6213,SHW,0.7825036895937711,0.5724083662060472,0.5471451706847813,0.0
6214,SHW,0.7819285372061597,0.5714346880821846,0.5430439075778082,0.0
6215,SHW,0.7815508251904144,0.5745733502283787,0.5405667672227532,0.0
6216,SHW,0.780798262613589,0.5696596264145404,0.5373265582864409,0.0
6217,SHW,0.7803404298672314,0.5467277068989994,0.5288610972703012,0.0
6218,SHW,0.7792659557364154,0.5342612386026954,0.5188958325578841,0.08234785758642102
6219,SHW,0.7776005894708384,0.5132198481528961,0.5055345268047755,0.0776837093769406
6220,SHW,0.7771198671829551,0.5139427502061827,0.4950306309506609,0.1359858207410474
6221,SHW,0.7772543520592112,0.5339333538603134,0.4917474820817366,0.08356189194783688
6222,SHW,0.7789139957647571,0.5642264521990371,0.496879592549526,0.09298644173049057
6223,SHW,0.7797752876807653,0.5880221763100684,0.5070798113179347,0.0963961912647485
6224,SHW,0.7796465274603324,0.604115041250476,0.519361670297859,0.18510039329331401
6225,SHW,0.780686670422547,0.6160964979408211,0.5322558328297352,0.0
6226,SHW,0.7815837406515254,0.6248373788485975,0.5448098660825789,0.0
6227,SHW,0.7806737949244518,0.591019516863211,0.5461917051694188,0.0
6228,SHW,0.7796064765260899,0.5660951417541267,0.5409135773960794,0.0
6229,SHW,0.7791057209118653,0.552520019894515,0.5332142323466529,0.0
6230,SHW,0.7785963819815422,0.542781935305922,0.524560650549736,0.0
6231,SHW,0.7777551143101102,0.528551625901017,0.5139931364861692,0.0
6232,SHW,0.7787394515710906,0.5550985419434435,0.5123382873846715,0.16926309252742702
6233,SHW,0.7790313195975953,0.5613713207508598,0.5126209841807285,0.127974021941627
6234,SHW,0.7795778577878583,0.5732288052354977,0.515884065362904,0.1182405299109915
6235,SHW,0.7798597068807505,0.5809854346779636,0.5204811483108073,0.12030790726557648
6236,SHW,0.7790756679533146,0.5578128508530521,0.5182238821672411,0.13400020699648105
6237,SHW,0.7795707024047029,0.5468753453421904,0.5136167693439931,0.15368350238045952
6238,SHW,0.7796665586908809,0.5356389209329959,0.507053220451458,0.25509780583730074
6239,SHW,0.7801558670892521,0.523594014132462,0.49871745522850536,0.0
6240,SHW,0.7795406522405419,0.5086530418393163,0.4882221803550198,0.0
6241,SHW,0.7803819234049607,0.5462256043532878,0.48944899706398737,0.0
6242,SHW,0.779652252465453,0.5580183965988567,0.49345080528304497,0.0
6243,SHW,0.7782158053674442,0.5529324810281385,0.4953496536737041,0.0
6244,SHW,0.7769167007580706,0.5496066473938566,0.49601692413381054,0.0
6245,SHW,0.776267150549176,0.5602825163647838,0.49928503039465016,0.0
6246,SHW,0.7751111228646232,0.5582760316190779,0.5013856170991099,0.0
6247,SHW,0.7763043494598176,0.5648528541755015,0.504750533835668,0.0
6248,SHW,0.7769281465767297,0.5602266567079588,0.506257611452346,0.0
6249,SHW,0.7760325109173691,0.5315399574697317,0.5001160728637415,0.13687176567998344
6250,SHW,0.7751883835377655,0.5112550626768639,0.4900075007088116,0.13943593458911197
6251,SHW,0.7744501275356668,0.49128657315219776,0.47680633901302644,0.09105257710618919
6252,SHW,0.7709047897469428,0.45634064549061587,0.45729510340421375,0.1116751190229766
6253,SHW,0.7690863321638157,0.4508858558053355,0.4402890411666164,0.07952856551438625
6254,SHW,0.7670518333563066,0.4503948189744582,0.42655842765207774,0.08590923204305526
6255,SHW,0.7644951243119631,0.4391941423780387,0.4127052338905509,0.17026185054854065
6256,SHW,0.763347681340703,0.43161283382235116,0.3996809638402287,0.0
6257,SHW,0.7618482763019929,0.4271291398407093,0.38811318983776727,0.0
6258,SHW,0.7599110718432658,0.41335810493669634,0.37533195080693427,0.0
6259,SHW,0.7585003746935515,0.4114911630013174,0.3646288008039832,0.0
6260,SHW,0.7567377186200743,0.3986022174715509,0.35276518057397094,0.0
6261,SHW,0.7525943322655384,0.39033630781335954,0.3411572301909669,0.0
6262,SHW,0.7493208281290817,0.3857866332073561,0.3307056130493219,0.0
6263,SHW,0.7478815164327197,0.4073798689515933,0.32787475122947696,0.0
6264,SHW,0.7461417519965607,0.4204691487395373,0.32896247135497325,0.0
6265,SHW,0.7443132824657956,0.44366295855407556,0.33577301633054724,0.0
6266,SHW,0.7423474606660316,0.4499832909248873,0.34284020774603663,0.10752173463051128
6267,SHW,0.7392327648183774,0.4408166590645769,0.3461462148622019,0.06415959428689712
6268,SHW,0.7367719113616142,0.4386443936142641,0.3482346627091034,0.06051542123783895
6269,SHW,0.7358161865514892,0.44405482295319154,0.35129113322205757,0.038223452701304075
6270,SHW,0.7344956192856364,0.4440179505636011,0.35372686592320585,0.05996584558062513
6271,SHW,0.7334097021305506,0.4454795443894364,0.3560497936235511,0.0659232043055268
6272,SHW,0.7330377077846553,0.4424496226443626,0.3571321161056209,0.13417563651417924
6273,SHW,0.7312793473861623,0.43379898651772497,0.3557823842417408,0.0
6274,SHW,0.7297685035147659,0.4360620127800121,0.35528220213963113,0.0
6275,SHW,0.7288471186057079,0.4392404138385758,0.35569610446782607,0.0
6276,SHW,0.7279343145676576,0.443099767788148,0.3570156791229008,0.0
6277,SHW,0.7264263279593424,0.43527356912168597,0.3560669028642156,0.0
6278,SHW,0.725596506106569,0.4326635175272252,0.3546393987844857,0.0
6279,SHW,0.7248181904377615,0.4403745438526573,0.3554723337109146,0.0
6280,SHW,0.7240398747689536,0.43466054917280145,0.35467522065015433,0.0
6281,SHW,0.7239053863997111,0.44477527884272827,0.35662810181494264,0.0
6282,SHW,0.7238538802157457,0.4557034902217939,0.3609893262540318,0.0
6283,SHW,0.7229739797626515,0.47168083102150427,0.36857040187548823,0.1437585386048437
6284,SHW,0.7215346652719008,0.46819401986174214,0.37374222476250246,0.12287932105154212
6285,SHW,0.7190337542442209,0.4561409240675467,0.37479265960861696,0.06527841026702545
6286,SHW,0.7166329983213908,0.43675273775171686,0.37066733002856517,0.09053870834195818
6287,SHW,0.7150749428931176,0.4248331988919831,0.3643142493320912,0.09800248395777271
6288,SHW,0.7132779497129627,0.4157985237495302,0.3569178353443221,0.09436866073276753
6289,SHW,0.7105652875471058,0.3973618070432596,0.3462787158754182,0.21444007451873318
6290,SHW,0.7080944256356914,0.38411966426324495,0.33437585964510086,0.0
6291,SHW,0.7102254898056686,0.4700550573452753,0.3468632375158298,0.0
6292,SHW,0.7126241080206683,0.5384013464299636,0.3743579038705383,0.0
6293,SHW,0.7111876577789711,0.5061284429216711,0.38808794222604714,0.0
6294,SHW,0.709885695906517,0.4918108275710138,0.3954049635973707,0.0
6295,SHW,0.7087897587699235,0.48557783460221765,0.3996621945152248,0.0
6296,SHW,0.7071530067016949,0.47047259285871346,0.3991992440730693,0.0
6297,SHW,0.7067495415939675,0.47270432532858503,0.3994004721822906,0.0
6298,SHW,0.7058453219199108,0.46730439991590067,0.3981784326863762,0.0
6299,SHW,0.7039667758846166,0.45250399583001544,0.3934101405437984,0.1881463465121093
6300,SHW,0.7028064518264823,0.4437065943239606,0.3873423276191243,0.1150450217346305
6301,SHW,0.7002741175415892,0.42323655756463385,0.3772453176719225,0.09426723245704823
6302,SHW,0.6978819417911695,0.4133148899125192,0.3666265848975935,0.07808114262057544
6303,SHW,0.6951621364676108,0.40673791106507484,0.3564471112760836,0.0705097288346098
6304,SHW,0.6931977506346596,0.40177332204140204,0.3470320081941864,0.10368039743324363
6305,SHW,0.6918099433757698,0.40111387139643745,0.33933102807376037,0.1652758228110122
6306,SHW,0.6905365939541706,0.3936207737365709,0.33125112139802204,0.0
6307,SHW,0.6892804111647681,0.3918634425362151,0.32433711064026866,0.0
6308,SHW,0.6877237819229443,0.38502038855286724,0.3170532678088618,0.0
6309,SHW,0.6870885414324639,0.38749947174287963,0.3118611331564468,0.0
6310,SHW,0.6866307086861061,0.3943858037662582,0.3094711439759237,0.0
6311,SHW,0.6812361512794147,0.3949885142884992,0.3077135180788245,0.0
6312,SHW,0.6757500273234514,0.3954610827711248,0.30642845099589633,0.0
6313,SHW,0.6749459620556475,0.4074161151929252,0.30846230492766114,0.1615592009935831
6314,SHW,0.6738986682511596,0.4238994495028766,0.31431107855328877,0.06409232043055267
6315,SHW,0.6727168860774295,0.43982107339879595,0.32306792338191015,0.07464448354377975
6316,SHW,0.6722762241548523,0.45775527128304516,0.33466668304616354,0.06648364727799627
6317,SHW,0.67148503543304,0.4788471393437727,0.34934771302182666,0.07822914510453322
6318,SHW,0.6711588289026629,0.49766536651958626,0.36591223725406574,0.11907886565928379
6319,SHW,0.6709542359420302,0.50398103724809,0.3807814181410275,0.19944938936038087
6320,SHW,0.670672386849138,0.5095605811281293,0.39410578848578576,0.0
6321,SHW,0.6711187206834395,0.5144998029031926,0.40603031191904504,0.0
6322,SHW,0.6715479385338512,0.5230955116672915,0.4177714525894172,0.0
6323,SHW,0.6717882965341049,0.5259120619946701,0.42788573638959604,0.0
6324,SHW,0.672038673817269,0.5271539205213991,0.4362952266456808,0.0
6325,SHW,0.6722160854036776,0.52843564292403,0.4433510919513496,0.0
6326,SHW,0.6725422912354571,0.5240561887666932,0.44787412400402593,0.0
6327,SHW,0.6730430458017855,0.5268224551513213,0.4522010422510082,0.0
6328,SHW,0.6731617958210734,0.5141712336581575,0.45242236219684456,0.11087249016766715
6329,SHW,0.6725551660349549,0.4957895517726921,0.44789152532266974,0.08560908714551851
6330,SHW,0.6717296335697898,0.4806200214829701,0.440381655146741,0.054920823845994615
6331,SHW,0.6711115628551934,0.4672036187885599,0.43093756712462994,0.07011798799420409
6332,SHW,0.6706623148221289,0.45932303178626843,0.4213639308532557,0.07791761540053818
6333,SHW,0.6692230034750659,0.4437530179112523,0.4097172498164322,0.08518422686814324
6334,SHW,0.6675118591743332,0.4326964221029861,0.3975681038240758,0.13288708341958186
6335,SHW,0.6656976983140861,0.4248336158896676,0.3858349751694128,0.0
6336,SHW,0.6636832321343205,0.4202066313549878,0.37526341489048637,0.0
6337,SHW,0.6612295312663234,0.4150652594995392,0.3654893650901126,0.0
6338,SHW,0.6590748566023752,0.42017413101161055,0.3589786028807098,0.0
6339,SHW,0.6573036161649046,0.4244754923865133,0.3548716522815898,0.0
6340,SHW,0.655126049165041,0.4210710852948798,0.3507141594165717,0.0
6341,SHW,0.6530371872597844,0.4217945817586669,0.3475734661125859,0.0
6342,SHW,0.6512316093663368,0.4339387120975997,0.34817125058394277,0.0
6343,SHW,0.6494489231102072,0.44101966906674583,0.35046304379437304,0.0
6344,SHW,0.6472341599940916,0.43773143788965124,0.3514543008034896,0.08901262678534465
6345,SHW,0.6453198433303973,0.4426289505113265,0.35350165107326903,0.06093355412957979
6346,SHW,0.6434849365745321,0.4436846471258174,0.3554099149544109,0.04712119643966052
6347,SHW,0.6403487847070732,0.42500680889173353,0.3521527820436348,0.10800610639619125
6348,SHW,0.6380088329493756,0.41300204831588994,0.3464724318057588,0.12376164355205961
6349,SHW,0.6367040103208534,0.4174544261990137,0.34306848893860253,0.2362512937280066
6350,SHW,0.6359328549253822,0.43198425772467547,0.3440666964930075,0.19710204926516248
6351,SHW,0.6352518252221886,0.4442344547373381,0.34800276731175783,0.0
6352,SHW,0.634493539386735,0.45514442898258667,0.353945872602652,0.0
6353,SHW,0.6342503118979474,0.46488004095426644,0.3611938293092648,0.0
6354,SHW,0.6342789222530107,0.4789697535691385,0.3706008338307281,0.0
6355,SHW,0.634390518984935,0.4919787127005967,0.38145827540556465,0.0
6356,SHW,0.634607989539455,0.505104824268813,0.39350607155521455,0.0
6357,SHW,0.6333775640336192,0.48328684546985407,0.3975563156780217,0.0
6358,SHW,0.6327537669167069,0.48696176297639876,0.40173772614312786,0.0
6359,SHW,0.6320212345225347,0.4871542497675028,0.4051321539857138,0.0
6360,SHW,0.632006927249211,0.49450839654157375,0.40973123091620584,0.0
6361,SHW,0.6333632574588925,0.5308618890971208,0.4227213024313522,0.1102204512523287
6362,SHW,0.6342803508845507,0.5606932788174229,0.4407537369861634,0.123820120057959
6363,SHW,0.6352789957681539,0.5818554989992449,0.4605997253694572,0.047374249637756154
6364,SHW,0.6360945033616303,0.5842483651687675,0.4770893738958967,0.07788397847236596
6365,SHW,0.6364264331506353,0.5820350820554788,0.4897142294796903,0.05936710825915959
6366,SHW,0.6368563674126093,0.5779357524614199,0.49876419889937595,0.05933968122541916
6367,SHW,0.6383214308037588,0.5748637970092401,0.505217389137669,0.16968019043676255
6368,SHW,0.6396956419614073,0.5715196183464276,0.509523434570662,0.0
6369,SHW,0.6401792284983447,0.5627322270249111,0.5107176555020927,0.0
6370,SHW,0.6400590435601405,0.5528826560267405,0.509150372733374,0.0
6371,SHW,0.6398244042776324,0.5423131387975582,0.5051894952975806,0.0
6372,SHW,0.6393064809833151,0.528431843237854,0.49846553370211066,0.0
6373,SHW,0.6390747031554715,0.5237623160226259,0.49189041109366316,0.0
6374,SHW,0.6386168704091142,0.5212707382508625,0.48599217329791305,0.0
6375,SHW,0.6381361460254387,0.5203383230377217,0.48103477407067396,0.0
6376,SHW,0.6377469881910347,0.5240916084335586,0.47803014133921606,0.0
6377,SHW,0.6392292217073676,0.5329951394862951,0.4779067961282823,0.0
6378,SHW,0.63792797240419,0.5032340897382154,0.47018575800047213,0.6457281101221278
6379,SHW,0.6375037579078577,0.4949855297920372,0.461896316885258,0.07678379217553301
6380,SHW,0.6373535322365567,0.501241803253698,0.4568671127423185,0.05664769198923618
6381,SHW,0.6360100771756714,0.5122496505198416,0.45566306517666777,0.04486441730490581
6382,SHW,0.6342603004425755,0.5141237117880367,0.45517980929683804,0.05227178637963154
6383,SHW,0.6326078121201844,0.5159028855863939,0.4552488843083725,0.08868453736286483
6384,SHW,0.6318209120873823,0.5215677140908273,0.4567550129416007,0.20395001034982405
6385,SHW,0.6314031421514215,0.5301831855381108,0.46016649936506365,0.0
6386,SHW,0.6308022349253337,0.5314125630527041,0.4632105550989267,0.0
6387,SHW,0.6301841596698552,0.532694509391306,0.46597413014101235,0.0
6388,SHW,0.6303043407657738,0.5483438742149644,0.4721930854577799,0.0
6389,SHW,0.6307278360561543,0.5609061841299454,0.4803856924433708,0.0
6390,SHW,0.6317694055541179,0.5804477504792842,0.4919447389866002,0.0
6391,SHW,0.6334004347130171,0.6046493588633094,0.5073904611757153,0.0
6392,SHW,0.6350429096905752,0.6175341500936915,0.523047075160819,0.0
6393,SHW,0.6367511981254219,0.6341660758401996,0.5398321138776103,0.0
6394,SHW,0.6386097157245563,0.6501786026652533,0.5573612527209915,0.19473970192506726
6395,SHW,0.6406470672542639,0.6659329047481599,0.5754195354752853,0.08432312150693437
6396,SHW,0.6424712425072401,0.6767398880169858,0.59263403239759,0.08576226454150279
6397,SHW,0.6438418831339336,0.6801527142534749,0.6072797186217572,0.08039639826122956
6398,SHW,0.6468371104549462,0.6776454394659299,0.6183541075925135,0.07969261022562615
6399,SHW,0.6497650977829217,0.6873864941533647,0.629708485224407,0.09515007244876836
6400,SHW,0.6522359666803097,0.6961937562397601,0.6410476920197463,0.17494411095011383
6401,SHW,0.6544435803513473,0.7015934058677941,0.6515020088056975,0.0
6402,SHW,0.6566612077165168,0.6971206570822267,0.6587199075418606,0.0
6403,SHW,0.6588173148542906,0.6905833630836334,0.6628199031614245,0.0
6404,SHW,0.6607173249432585,0.6825030469836538,0.6640303794425991,0.0
6405,SHW,0.662288263554198,0.6717840086239453,0.6622534140861984,0.0
6406,SHW,0.6638076959811721,0.6551979685059276,0.6565838464407923,0.0
6407,SHW,0.6655875207826374,0.6464379048106457,0.6498045760261478,0.0
6408,SHW,0.666863729563109,0.6426213849082546,0.6434036775032381,0.0
6409,SHW,0.6686006325446034,0.6482822392836152,0.6397328094600607,0.0
6410,SHW,0.6694218700333825,0.6426900492509156,0.6353638504739013,0.0
6411,SHW,0.669872547396585,0.6389104595907492,0.6309006596201372,0.07492082384599462
6412,SHW,0.6708912245586331,0.6411012493438614,0.6278912092038731,0.05085386048437176
6413,SHW,0.6713662302245631,0.6379647443522664,0.6246803312280127,0.023565514386255433
6414,SHW,0.6714563667450995,0.6305729941679773,0.6202184632536188,0.029861312357689917
6415,SHW,0.6712660862972706,0.6224778155826506,0.6145756420989082,0.06454409025046574
6416,SHW,0.6710271572778561,0.614099365618491,0.6079155072970639,0.06901469675015524
6417,SHW,0.6712474861433524,0.6125893216148894,0.6022006489186619,0.12866849513558268
6418,SHW,0.6715736951188203,0.6091609387016707,0.5967506891734896,0.0
6419,SHW,0.6716194783934557,0.6132243768585909,0.5934314439557721,0.0
6420,SHW,0.6712761003407011,0.6104678145719223,0.5900700405779024,0.0
6421,SHW,0.6709355872355978,0.6078430271457186,0.5867086606804647,0.0
6422,SHW,0.6711129974248113,0.608746368880833,0.5842509194911836,0.0
6423,SHW,0.6710128465115455,0.6017504235921539,0.5804929339891765,0.0
6424,SHW,0.6708983883249562,0.5940304362763648,0.5755093123199803,0.0
6425,SHW,0.6710414610581927,0.5898700057724465,0.570456850850467,0.0
6426,SHW,0.6718054694536775,0.5920578568769237,0.5669752312986777,0.0
6427,SHW,0.6729242996247833,0.6059844779769301,0.5677568040234342,0.07817739598426826
6428,SHW,0.6734536715321486,0.608345449130137,0.5689867511122997,0.04670358103912233
6429,SHW,0.673928670561404,0.6181245730604602,0.5724753254844298,0.04433554129579797
6430,SHW,0.6743264110133089,0.614522219662556,0.5743435548418764,0.06729921341337197
6431,SHW,0.6754380889449476,0.6272269569788449,0.5790920593836867,0.06152245911819498
6432,SHW,0.6760704679807634,0.6326614032452849,0.5842827264372941,0.10333212585386048
6433,SHW,0.6768630877792068,0.6354402974243343,0.5891469868995611,0.18066652866901262
6434,SHW,0.6778560090548833,0.6368092639089837,0.5933890132127657,0.0
6435,SHW,0.6788875613657281,0.6362970642746134,0.5966514503487322,0.0
6436,SHW,0.6800006668810115,0.6353704663940547,0.5990240809946397,0.0
6437,SHW,0.6811652782309616,0.6405099680077717,0.6022385080846803,0.0
6438,SHW,0.6823499204621615,0.642382911661747,0.6052897456874806,0.0
6439,SHW,0.6832398328628941,0.6441922061303387,0.6081941299526167,0.0
6440,SHW,0.6845274874620251,0.6474528994474384,0.6113527619625075,0.0
6441,SHW,0.6855433038680057,0.6435602692938667,0.6128826921191359,0.0
6442,SHW,0.6863745564481114,0.639287806918361,0.6130123786507633,0.0
6443,SHW,0.6878167295991378,0.6403857125978253,0.6133973220730652,0.0
6444,SHW,0.6895550598149776,0.6446249755784984,0.6147910314180819,0.15275201821569032
6445,SHW,0.6908301281353075,0.6397812459163652,0.6146654290543498,0.10863020078658663
6446,SHW,0.6918001598694581,0.6346251174652441,0.6132443661457405,0.03439143034568412
6447,SHW,0.6919947366908679,0.6264500708079604,0.6100137333353214,0.043804595321879525
6448,SHW,0.6925841956532062,0.6193394212366343,0.6056080566223856,0.058839784723659694
6449,SHW,0.6931092788715612,0.6202555991481414,0.6023181655657699,0.06357379424549782
6450,SHW,0.6940564196669909,0.6183186857897883,0.5991901729509234,0.16260194576692194
6451,SHW,0.6937302127873148,0.6062373330599734,0.5935935182653751,0.0
6452,SHW,0.6937244930216735,0.599047574846361,0.5872747628481547,0.0
6453,SHW,0.6937502450657602,0.5929625628589518,0.5806612730346697,0.0
6454,SHW,0.6939534083469563,0.5915000825222164,0.5749959125924184,0.0
6455,SHW,0.6944398556399614,0.5950807273278966,0.5713806944020277,0.0
6456,SHW,0.6946544647398165,0.5922697414700259,0.5677685737506404,0.0
6457,SHW,0.6948089832917119,0.5951948321327146,0.5656280477051293,0.0
6458,SHW,0.6947603385624119,0.5916933330027476,0.5630188273944454,0.0
6459,SHW,0.6942295411671939,0.5800066040583438,0.5579382610909186,0.11279548747671289
6460,SHW,0.6928388783917168,0.5558355047496174,0.5476831370388711,0.11290778306768784
6461,SHW,0.691644078206036,0.5355013762122097,0.534271086829568,0.05851324777478782
6462,SHW,0.6901546931488334,0.5135527969810668,0.5179200046497268,0.049791451045332225
6463,SHW,0.6883290843741352,0.4953569632501913,0.5001788452664261,0.04625025874560132
6464,SHW,0.6862931621745654,0.48183061701530794,0.4825215672795897,0.05189143034568412
6465,SHW,0.6846575537101667,0.4731120049229123,0.46616274512326283,0.1358636928172221
6466,SHW,0.6828805917605612,0.46392783123129083,0.4507234485905981,0.0
6467,SHW,0.6809877401984363,0.45217153375723773,0.43536100350673995,0.0
6468,SHW,0.6788931532880584,0.44011443371736186,0.4199829984138794,0.0
